/*---------------------------------------------------------------------------*\
| =========                 |                                                 |
| \\      /  F ield         | OpenFOAM: The Open Source CFD Toolbox           |
|  \\    /   O peration     | Version:  2506                                  |
|   \\  /    A nd           | Website:  www.openfoam.com                      |
|    \\/     M anipulation  |                                                 |
\*---------------------------------------------------------------------------*/
Build  : b050cd9480-20250814 OPENFOAM=2506 version=v2506
Arch   : "LSB;label=32;scalar=64"
Exec   : /storage/home/greole/code/NeoFOAM/build/profilingnvidia_h200/bin/neoSimpleFoam -parallel
Date   : Jun 28 2026
Time   : 15:33:22
Host   : gpu-nvidia-h200-3.int.coma-cluster.de
PID    : 562508
I/O    : uncollated
Case   : /storage/home/greole/code/NeoFOAM/occDrivAerStaticMesh
nProcs : 4
Hosts  :
(
    (gpu-nvidia-h200-3.int.coma-cluster.de 4)
)
Pstream initialized with:
    node communication : off [type=host] (4 ranks, 1 nodes)
    topology controls  : none
    consensus exchange : 0 (tuning: 0)
    exchange algorithm : 0
    commsType          : nonBlocking
    polling iterations : 0
trapFpe: Floating point exception trapping enabled (FOAM_SIGFPE).
fileModificationChecking : Monitoring run-time modified files using timeStampMaster (fileModificationSkew 5, maxFileModificationPolls 20)
allowSystemOperations : Allowing user-supplied system call operations

// * * * * * * * * * * * * * * * * * * * * * * * * * * * * * * * * * * * * * //
Create time

Initializing NeoN
Creating Executor GPU
Creating NeoFOAM runTime

SIMPLE: no convergence criteria found. Calculations will run for 30 steps.

Reading field p

Reading field U

Reading/calculating face flux field phi

Selecting incompressible transport model Newtonian
NeoFOAM solver config (from fvSolution configFile) for 'config(Cg+Schwarz(Multigrid))':
{
    configFile: <NeoN::TokenList>
    l1ScaledResidual: true
    relTol: 0.010000
    reportName: config(Cg+Schwarz(Multigrid))
    solver: Ginkgo
    tolerance: 0.000000
}
    effective optimize: false
    effective checkFrequency: 1
Mapping OpenFOAM solver settings to NeoN settings.
Currently, it is advisable to specify a configFile
for fine grained Ginkgo solver control

Replacing solver PBiCGStab by solver::Bicgstab
Replacing preconditioner diagonal by preconditioner::Schwarz (Schwarz-wrapped for distributed run)
NeoFOAM solver config (mapped from fvSolution) for 'Schwarz(Jacobi)+Bicgstab':
{
    cacheSolver: true
    criteria: {
        absolute_residual_norm: 0.000000
        initial_residual_norm: 0.100000
        iteration: 1000
    }
    l1ScaledResidual: true
    optimize: true
    preconditioner: {
        local_solver: {
            max_block_size: 1
            type: preconditioner::Jacobi
        }
        type: preconditioner::Schwarz
    }
    reportName: Schwarz(Jacobi)+Bicgstab
    solver: Ginkgo
    type: solver::Bicgstab
}
    effective optimize: true
    effective checkFrequency: 1
Creating phi

[NF][/storage/home/greole/code/NeoFOAM/include/NeoFOAM/auxiliary/readers.hpp::434]: Internal: 49333487, Boundary: 1754396

[NF][/storage/home/greole/code/NeoFOAM/include/NeoFOAM/auxiliary/readers.hpp::434]: Internal: 49320882, Boundary: 1762558

[NF][/storage/home/greole/code/NeoFOAM/include/NeoFOAM/auxiliary/readers.hpp::434]: Internal: 49261542, Boundary: 1427829

[NF][/storage/home/greole/code/NeoFOAM/include/NeoFOAM/auxiliary/readers.hpp::434]: Internal: 49243125, Boundary: 1362247
Selecting patchDistMethod meshWave
Mapping OpenFOAM solver settings to NeoN settings.
Currently, it is advisable to specify a configFile
for fine grained Ginkgo solver control

Replacing solver PBiCGStab by solver::Bicgstab
Replacing preconditioner diagonal by preconditioner::Schwarz (Schwarz-wrapped for distributed run)
NeoFOAM solver config (mapped from fvSolution) for 'Schwarz(Jacobi)+Bicgstab':
{
    cacheSolver: true
    criteria: {
        absolute_residual_norm: 0.000000
        initial_residual_norm: 0.100000
        iteration: 1000
    }
    l1ScaledResidual: true
    optimize: true
    preconditioner: {
        local_solver: {
            max_block_size: 1
            type: preconditioner::Jacobi
        }
        type: preconditioner::Schwarz
    }
    reportName: Schwarz(Jacobi)+Bicgstab
    solver: Ginkgo
    type: solver::Bicgstab
}
    effective optimize: true
    effective checkFrequency: 1
Mapping OpenFOAM solver settings to NeoN settings.
Currently, it is advisable to specify a configFile
for fine grained Ginkgo solver control

Replacing solver PBiCGStab by solver::Bicgstab
Replacing preconditioner diagonal by preconditioner::Schwarz (Schwarz-wrapped for distributed run)
NeoFOAM solver config (mapped from fvSolution) for 'Schwarz(Jacobi)+Bicgstab':
{
    cacheSolver: true
    criteria: {
        absolute_residual_norm: 0.000000
        initial_residual_norm: 0.100000
        iteration: 1000
    }
    l1ScaledResidual: true
    optimize: true
    preconditioner: {
        local_solver: {
            max_block_size: 1
            type: preconditioner::Jacobi
        }
        type: preconditioner::Schwarz
    }
    reportName: Schwarz(Jacobi)+Bicgstab
    solver: Ginkgo
    type: solver::Bicgstab
}
    effective optimize: true
    effective checkFrequency: 1
Starting time loop
Time = 1
[mem] step-start: DEVICE_POOL current=16605 MB  actual(reserved)=38146 MB  highWater=19132 MB
Schwarz(Jacobi)+Bicgstab:  Solving for Ux, Initial residual = 0.0019488955966077406, Final residual = 0.000238941441799444, No Iterations 3, Solve time = 149.768 ms
Schwarz(Jacobi)+Bicgstab:  Solving for Uy, Initial residual = 0.16486889485444556, Final residual = 0.008211417173385839, No Iterations 3, Solve time = 149.768 ms
Schwarz(Jacobi)+Bicgstab:  Solving for Uz, Initial residual = 0.10478399166434317, Final residual = 0.004988129972801333, No Iterations 3, Solve time = 149.768 ms
[mem] after-UEqn: DEVICE_POOL current=19099 MB  actual(reserved)=38146 MB  highWater=24387 MB
config(Cg+Schwarz(Multigrid)):  Solving for p, Initial residual = 1, Final residual = 0.009936416561865415, No Iterations 81, Solve time = 2236.886 ms
time step continuity errors : sum local = 6.635664906262559e-05, global = 1.9012975952557012e-06, cumulative = 1.9012975952557012e-06
[mem] after-pEqn: DEVICE_POOL current=20567 MB  actual(reserved)=38146 MB  highWater=24387 MB
[GinkgoSolver] p-cache: rebuild(generate) solve=1 rebuildInterval=0
Schwarz(Jacobi)+Bicgstab:  Solving for omega, Initial residual = 0.9999999999999999, Final residual = 0.030747750404335455, No Iterations 1, Solve time = 35.753 ms
bounding omega, min: -52.867307354761124 max: 46109488.8196668 average: 2443.169412814182
[GinkgoSolver] p-cache: rebuild(generate) solve=1 rebuildInterval=0
Schwarz(Jacobi)+Bicgstab:  Solving for k, Initial residual = 0.9999999999999731, Final residual = 0.04385989861633406, No Iterations 1, Solve time = 35.068 ms
[mem] after-turb: DEVICE_POOL current=22752 MB  actual(reserved)=38146 MB  highWater=24811 MB
ExecutionTime = 55.37 s  ClockTime = 56 s

Time = 2
[mem] step-start: DEVICE_POOL current=22752 MB  actual(reserved)=38146 MB  highWater=24811 MB
Schwarz(Jacobi)+Bicgstab:  Solving for Ux, Initial residual = 0.0012916599616268922, Final residual = 5.914335005298477e-05, No Iterations 5, Solve time = 185.992 ms
Schwarz(Jacobi)+Bicgstab:  Solving for Uy, Initial residual = 0.06537907242232986, Final residual = 0.0029832641747476033, No Iterations 5, Solve time = 185.992 ms
Schwarz(Jacobi)+Bicgstab:  Solving for Uz, Initial residual = 0.040834689278947685, Final residual = 0.0009083028900035688, No Iterations 5, Solve time = 185.992 ms
[mem] after-UEqn: DEVICE_POOL current=22752 MB  actual(reserved)=38146 MB  highWater=28040 MB
config(Cg+Schwarz(Multigrid)):  Solving for p, Initial residual = 0.03888228719138647, Final residual = 0.00036415919052120235, No Iterations 102, Solve time = 2752.042 ms
time step continuity errors : sum local = 4.002824189991555e-05, global = -1.2574918951472585e-06, cumulative = 6.438057001084427e-07
[mem] after-pEqn: DEVICE_POOL current=22752 MB  actual(reserved)=38146 MB  highWater=28040 MB
[GinkgoSolver] p-cache: reuse(update_matrix_value) solve=2 rebuildInterval=0
Schwarz(Jacobi)+Bicgstab:  Solving for omega, Initial residual = 0.008194698905108478, Final residual = 0.00047800266220067146, No Iterations 1, Solve time = 32.958 ms
bounding omega, min: -1234.130870736244 max: 45305779.03789259 average: 2705.6088715570468
[GinkgoSolver] p-cache: reuse(update_matrix_value) solve=2 rebuildInterval=0
Schwarz(Jacobi)+Bicgstab:  Solving for k, Initial residual = 0.0750051909092443, Final residual = 0.004455198770785026, No Iterations 1, Solve time = 33.824 ms
[mem] after-turb: DEVICE_POOL current=22752 MB  actual(reserved)=38146 MB  highWater=28040 MB
ExecutionTime = 61.17 s  ClockTime = 61 s

Time = 3
[mem] step-start: DEVICE_POOL current=22752 MB  actual(reserved)=38146 MB  highWater=28040 MB
Schwarz(Jacobi)+Bicgstab:  Solving for Ux, Initial residual = 0.0008088607678431039, Final residual = 4.7564624516265234e-05, No Iterations 6, Solve time = 215.011 ms
Schwarz(Jacobi)+Bicgstab:  Solving for Uy, Initial residual = 0.03251584122984936, Final residual = 0.0006339057444722553, No Iterations 6, Solve time = 215.011 ms
Schwarz(Jacobi)+Bicgstab:  Solving for Uz, Initial residual = 0.018196050348660578, Final residual = 0.00026756566832663865, No Iterations 6, Solve time = 215.011 ms
[mem] after-UEqn: DEVICE_POOL current=22752 MB  actual(reserved)=38146 MB  highWater=28040 MB
config(Cg+Schwarz(Multigrid)):  Solving for p, Initial residual = 0.017387238505319112, Final residual = 0.00015756406398638616, No Iterations 106, Solve time = 2876.776 ms
time step continuity errors : sum local = 3.1520397344981966e-05, global = 7.801901942963737e-07, cumulative = 1.4239958944048165e-06
[mem] after-pEqn: DEVICE_POOL current=22752 MB  actual(reserved)=38146 MB  highWater=28040 MB
[GinkgoSolver] p-cache: reuse(update_matrix_value) solve=3 rebuildInterval=0
Schwarz(Jacobi)+Bicgstab:  Solving for omega, Initial residual = 0.003520745154974237, Final residual = 0.0002899369110994259, No Iterations 1, Solve time = 32.268 ms
bounding omega, min: -11.965392851217501 max: 45385837.053979196 average: 3322.243135389122
[GinkgoSolver] p-cache: reuse(update_matrix_value) solve=3 rebuildInterval=0
Schwarz(Jacobi)+Bicgstab:  Solving for k, Initial residual = 0.013997777058642892, Final residual = 0.0010053721443700483, No Iterations 1, Solve time = 33.403 ms
[mem] after-turb: DEVICE_POOL current=22752 MB  actual(reserved)=38146 MB  highWater=28040 MB
ExecutionTime = 67.17 s  ClockTime = 67 s

Time = 4
[mem] step-start: DEVICE_POOL current=22752 MB  actual(reserved)=38146 MB  highWater=28040 MB
Schwarz(Jacobi)+Bicgstab:  Solving for Ux, Initial residual = 0.0005590499586547986, Final residual = 4.7053316208459954e-05, No Iterations 4, Solve time = 156.66 ms
Schwarz(Jacobi)+Bicgstab:  Solving for Uy, Initial residual = 0.020265638369331693, Final residual = 0.0026992931310435447, No Iterations 4, Solve time = 156.66 ms
Schwarz(Jacobi)+Bicgstab:  Solving for Uz, Initial residual = 0.010483342389677654, Final residual = 0.000774571734571374, No Iterations 4, Solve time = 156.66 ms
[mem] after-UEqn: DEVICE_POOL current=22752 MB  actual(reserved)=38146 MB  highWater=28040 MB
config(Cg+Schwarz(Multigrid)):  Solving for p, Initial residual = 0.012535063507327103, Final residual = 0.00012402195184343722, No Iterations 80, Solve time = 2187.203 ms
time step continuity errors : sum local = 3.1762692022694504e-05, global = -5.716056563724812e-07, cumulative = 8.523902380323353e-07
[mem] after-pEqn: DEVICE_POOL current=22752 MB  actual(reserved)=38146 MB  highWater=28040 MB
[GinkgoSolver] p-cache: reuse(update_matrix_value) solve=4 rebuildInterval=0
Schwarz(Jacobi)+Bicgstab:  Solving for omega, Initial residual = 0.0017242466832072735, Final residual = 4.8310423503609755e-05, No Iterations 2, Solve time = 47.691 ms
[GinkgoSolver] p-cache: reuse(update_matrix_value) solve=4 rebuildInterval=0
Schwarz(Jacobi)+Bicgstab:  Solving for k, Initial residual = 0.004640959750941849, Final residual = 0.00039336856768978917, No Iterations 1, Solve time = 32.84 ms
[mem] after-turb: DEVICE_POOL current=22752 MB  actual(reserved)=38146 MB  highWater=28040 MB
ExecutionTime = 72.44 s  ClockTime = 73 s

Time = 5
[mem] step-start: DEVICE_POOL current=22752 MB  actual(reserved)=38146 MB  highWater=28040 MB
Schwarz(Jacobi)+Bicgstab:  Solving for Ux, Initial residual = 0.00048239134825053256, Final residual = 3.737634478049421e-05, No Iterations 4, Solve time = 156.687 ms
Schwarz(Jacobi)+Bicgstab:  Solving for Uy, Initial residual = 0.018513800213683148, Final residual = 0.0011824389479807747, No Iterations 4, Solve time = 156.687 ms
Schwarz(Jacobi)+Bicgstab:  Solving for Uz, Initial residual = 0.008307705796934003, Final residual = 0.0008039819596480534, No Iterations 4, Solve time = 156.687 ms
[mem] after-UEqn: DEVICE_POOL current=22752 MB  actual(reserved)=38146 MB  highWater=28040 MB
config(Cg+Schwarz(Multigrid)):  Solving for p, Initial residual = 0.010703651620081267, Final residual = 0.00010670273215578548, No Iterations 80, Solve time = 2171.874 ms
time step continuity errors : sum local = 2.9925877952057567e-05, global = -7.005971918660215e-07, cumulative = 1.517930461663138e-07
[mem] after-pEqn: DEVICE_POOL current=22752 MB  actual(reserved)=38146 MB  highWater=28040 MB
[GinkgoSolver] p-cache: reuse(update_matrix_value) solve=5 rebuildInterval=0
Schwarz(Jacobi)+Bicgstab:  Solving for omega, Initial residual = 0.000994433129547037, Final residual = 9.814385261514292e-05, No Iterations 1, Solve time = 33.959 ms
[GinkgoSolver] p-cache: reuse(update_matrix_value) solve=5 rebuildInterval=0
Schwarz(Jacobi)+Bicgstab:  Solving for k, Initial residual = 0.0023565100352120503, Final residual = 0.00022365318813500455, No Iterations 1, Solve time = 33.365 ms
[mem] after-turb: DEVICE_POOL current=22752 MB  actual(reserved)=38146 MB  highWater=28040 MB
ExecutionTime = 77.65000000000001 s  ClockTime = 78 s

Time = 6
[mem] step-start: DEVICE_POOL current=22752 MB  actual(reserved)=38146 MB  highWater=28040 MB
Schwarz(Jacobi)+Bicgstab:  Solving for Ux, Initial residual = 0.0004354170675428975, Final residual = 2.6360197537382602e-05, No Iterations 5, Solve time = 186.476 ms
Schwarz(Jacobi)+Bicgstab:  Solving for Uy, Initial residual = 0.017910584195774494, Final residual = 0.0016794828928293056, No Iterations 5, Solve time = 186.476 ms
Schwarz(Jacobi)+Bicgstab:  Solving for Uz, Initial residual = 0.006719606135656646, Final residual = 0.0005114370351193703, No Iterations 5, Solve time = 186.476 ms
[mem] after-UEqn: DEVICE_POOL current=22752 MB  actual(reserved)=38146 MB  highWater=28040 MB
config(Cg+Schwarz(Multigrid)):  Solving for p, Initial residual = 0.011320753862872053, Final residual = 0.00010898918891550665, No Iterations 76, Solve time = 2069.623 ms
time step continuity errors : sum local = 2.9751391561141763e-05, global = -1.0952002264199112e-06, cumulative = -9.434071802535974e-07
[mem] after-pEqn: DEVICE_POOL current=22752 MB  actual(reserved)=38146 MB  highWater=28040 MB
[GinkgoSolver] p-cache: reuse(update_matrix_value) solve=6 rebuildInterval=0
Schwarz(Jacobi)+Bicgstab:  Solving for omega, Initial residual = 0.0006247323628462892, Final residual = 2.4311650470226105e-05, No Iterations 2, Solve time = 47.516 ms
bounding omega, min: -498.99884991594206 max: 45360270.84022179 average: 4984.019903123238
[GinkgoSolver] p-cache: reuse(update_matrix_value) solve=6 rebuildInterval=0
Schwarz(Jacobi)+Bicgstab:  Solving for k, Initial residual = 0.0016242755649837322, Final residual = 0.00015488950190570218, No Iterations 1, Solve time = 32.596 ms
[mem] after-turb: DEVICE_POOL current=22752 MB  actual(reserved)=38146 MB  highWater=28040 MB
ExecutionTime = 82.84 s  ClockTime = 83 s

Time = 7
[mem] step-start: DEVICE_POOL current=22752 MB  actual(reserved)=38146 MB  highWater=28040 MB
Schwarz(Jacobi)+Bicgstab:  Solving for Ux, Initial residual = 0.0003761083738055259, Final residual = 2.3462825382377706e-05, No Iterations 5, Solve time = 186.153 ms
Schwarz(Jacobi)+Bicgstab:  Solving for Uy, Initial residual = 0.015189230472717837, Final residual = 0.0011877911513179418, No Iterations 5, Solve time = 186.153 ms
Schwarz(Jacobi)+Bicgstab:  Solving for Uz, Initial residual = 0.005127902806747793, Final residual = 0.0002777798159603746, No Iterations 5, Solve time = 186.153 ms
[mem] after-UEqn: DEVICE_POOL current=22752 MB  actual(reserved)=38146 MB  highWater=28040 MB
config(Cg+Schwarz(Multigrid)):  Solving for p, Initial residual = 0.01235335927085373, Final residual = 0.00011670594952471317, No Iterations 82, Solve time = 2237.487 ms
time step continuity errors : sum local = 2.8648554996695517e-05, global = -5.477162398703643e-07, cumulative = -1.4911234201239616e-06
[mem] after-pEqn: DEVICE_POOL current=22752 MB  actual(reserved)=38146 MB  highWater=28040 MB
[GinkgoSolver] p-cache: reuse(update_matrix_value) solve=7 rebuildInterval=0
Schwarz(Jacobi)+Bicgstab:  Solving for omega, Initial residual = 0.0004898406006251351, Final residual = 1.5230525612821215e-05, No Iterations 2, Solve time = 48.152 ms
bounding omega, min: -562.9187296923618 max: 45358179.677766874 average: 5415.608235934949
[GinkgoSolver] p-cache: reuse(update_matrix_value) solve=7 rebuildInterval=0
Schwarz(Jacobi)+Bicgstab:  Solving for k, Initial residual = 0.001159689664874095, Final residual = 2.410900322152891e-05, No Iterations 3, Solve time = 62.38 ms
[mem] after-turb: DEVICE_POOL current=22752 MB  actual(reserved)=38146 MB  highWater=28040 MB
ExecutionTime = 88.13 s  ClockTime = 89 s

Time = 8
[mem] step-start: DEVICE_POOL current=22752 MB  actual(reserved)=38146 MB  highWater=28040 MB
Schwarz(Jacobi)+Bicgstab:  Solving for Ux, Initial residual = 0.00031566872421323416, Final residual = 2.4957653312201157e-05, No Iterations 5, Solve time = 186.634 ms
Schwarz(Jacobi)+Bicgstab:  Solving for Uy, Initial residual = 0.011345006533020261, Final residual = 0.00028342726620448364, No Iterations 5, Solve time = 186.634 ms
Schwarz(Jacobi)+Bicgstab:  Solving for Uz, Initial residual = 0.003609160544433934, Final residual = 0.00019627787881706216, No Iterations 5, Solve time = 186.634 ms
[mem] after-UEqn: DEVICE_POOL current=22752 MB  actual(reserved)=38146 MB  highWater=28040 MB
config(Cg+Schwarz(Multigrid)):  Solving for p, Initial residual = 0.013376470086509782, Final residual = 0.00013057198046786435, No Iterations 93, Solve time = 2519.439 ms
time step continuity errors : sum local = 2.7706596857492804e-05, global = -4.532982982894853e-07, cumulative = -1.9444217184134467e-06
[mem] after-pEqn: DEVICE_POOL current=22752 MB  actual(reserved)=38146 MB  highWater=28040 MB
[GinkgoSolver] p-cache: reuse(update_matrix_value) solve=8 rebuildInterval=0
Schwarz(Jacobi)+Bicgstab:  Solving for omega, Initial residual = 0.00035962580924020704, Final residual = 1.2434926916359499e-05, No Iterations 2, Solve time = 47.309 ms
[GinkgoSolver] p-cache: reuse(update_matrix_value) solve=8 rebuildInterval=0
Schwarz(Jacobi)+Bicgstab:  Solving for k, Initial residual = 0.0008654319236238832, Final residual = 5.2435348575931766e-05, No Iterations 2, Solve time = 47.594 ms
[mem] after-turb: DEVICE_POOL current=22752 MB  actual(reserved)=38146 MB  highWater=28040 MB
ExecutionTime = 93.78 s  ClockTime = 94 s

Time = 9
[mem] step-start: DEVICE_POOL current=22752 MB  actual(reserved)=38146 MB  highWater=28040 MB
Schwarz(Jacobi)+Bicgstab:  Solving for Ux, Initial residual = 0.0002730419798322412, Final residual = 7.29804625742905e-06, No Iterations 5, Solve time = 190.526 ms
Schwarz(Jacobi)+Bicgstab:  Solving for Uy, Initial residual = 0.009234514405553208, Final residual = 0.00044066755867057416, No Iterations 5, Solve time = 190.526 ms
Schwarz(Jacobi)+Bicgstab:  Solving for Uz, Initial residual = 0.0026383403780347757, Final residual = 0.00015532657487641352, No Iterations 5, Solve time = 190.526 ms
[mem] after-UEqn: DEVICE_POOL current=22752 MB  actual(reserved)=38146 MB  highWater=28040 MB
config(Cg+Schwarz(Multigrid)):  Solving for p, Initial residual = 0.01385389902181122, Final residual = 0.00013410255466392626, No Iterations 95, Solve time = 2565.122 ms
time step continuity errors : sum local = 2.518170528927985e-05, global = -8.796228666620926e-07, cumulative = -2.824044585075539e-06
[mem] after-pEqn: DEVICE_POOL current=22752 MB  actual(reserved)=38146 MB  highWater=28040 MB
[GinkgoSolver] p-cache: reuse(update_matrix_value) solve=9 rebuildInterval=0
Schwarz(Jacobi)+Bicgstab:  Solving for omega, Initial residual = 0.0002780495440767015, Final residual = 1.0630585545332151e-05, No Iterations 2, Solve time = 47.977 ms
[GinkgoSolver] p-cache: reuse(update_matrix_value) solve=9 rebuildInterval=0
Schwarz(Jacobi)+Bicgstab:  Solving for k, Initial residual = 0.0006654241268615098, Final residual = 3.8840055488076354e-05, No Iterations 2, Solve time = 47.594 ms
[mem] after-turb: DEVICE_POOL current=22752 MB  actual(reserved)=38146 MB  highWater=28040 MB
ExecutionTime = 99.45 s  ClockTime = 100 s

Time = 10
[mem] step-start: DEVICE_POOL current=22752 MB  actual(reserved)=38146 MB  highWater=28040 MB
Schwarz(Jacobi)+Bicgstab:  Solving for Ux, Initial residual = 0.00025167514344035674, Final residual = 3.2117817192496394e-06, No Iterations 6, Solve time = 216.569 ms
Schwarz(Jacobi)+Bicgstab:  Solving for Uy, Initial residual = 0.01003041861853283, Final residual = 0.00039668330164260754, No Iterations 6, Solve time = 216.569 ms
Schwarz(Jacobi)+Bicgstab:  Solving for Uz, Initial residual = 0.002492148314956799, Final residual = 4.1616934187391394e-05, No Iterations 6, Solve time = 216.569 ms
[mem] after-UEqn: DEVICE_POOL current=22752 MB  actual(reserved)=38146 MB  highWater=28040 MB
config(Cg+Schwarz(Multigrid)):  Solving for p, Initial residual = 0.013451337092606796, Final residual = 0.00012544184670671706, No Iterations 92, Solve time = 2490.34 ms
time step continuity errors : sum local = 2.2488548253814505e-05, global = -7.95178084034102e-07, cumulative = -3.619222669109641e-06
[mem] after-pEqn: DEVICE_POOL current=22752 MB  actual(reserved)=38146 MB  highWater=28040 MB
[GinkgoSolver] p-cache: reuse(update_matrix_value) solve=10 rebuildInterval=0
Schwarz(Jacobi)+Bicgstab:  Solving for omega, Initial residual = 0.00022455905901493166, Final residual = 9.22320816978982e-06, No Iterations 2, Solve time = 47.777 ms
[GinkgoSolver] p-cache: reuse(update_matrix_value) solve=10 rebuildInterval=0
Schwarz(Jacobi)+Bicgstab:  Solving for k, Initial residual = 0.0005268133606288186, Final residual = 3.27481539038926e-05, No Iterations 2, Solve time = 47.842 ms
[mem] after-turb: DEVICE_POOL current=22752 MB  actual(reserved)=38146 MB  highWater=28040 MB
ExecutionTime = 105.07 s  ClockTime = 106 s

Time = 11
[mem] step-start: DEVICE_POOL current=22752 MB  actual(reserved)=38146 MB  highWater=28040 MB
Schwarz(Jacobi)+Bicgstab:  Solving for Ux, Initial residual = 0.00023965497998835802, Final residual = 1.06195863862395e-05, No Iterations 5, Solve time = 186.234 ms
Schwarz(Jacobi)+Bicgstab:  Solving for Uy, Initial residual = 0.011020590641383205, Final residual = 0.00032037880692793394, No Iterations 5, Solve time = 186.234 ms
Schwarz(Jacobi)+Bicgstab:  Solving for Uz, Initial residual = 0.0025440426947515725, Final residual = 7.257333713923135e-05, No Iterations 5, Solve time = 186.234 ms
[mem] after-UEqn: DEVICE_POOL current=22752 MB  actual(reserved)=38146 MB  highWater=28040 MB
config(Cg+Schwarz(Multigrid)):  Solving for p, Initial residual = 0.013009800988631056, Final residual = 0.00012869858694536314, No Iterations 76, Solve time = 2069.097 ms
time step continuity errors : sum local = 2.373089487098564e-05, global = 6.349012849219923e-08, cumulative = -3.555732540617442e-06
[mem] after-pEqn: DEVICE_POOL current=22752 MB  actual(reserved)=38146 MB  highWater=28040 MB
[GinkgoSolver] p-cache: reuse(update_matrix_value) solve=11 rebuildInterval=0
Schwarz(Jacobi)+Bicgstab:  Solving for omega, Initial residual = 0.00018509770160107304, Final residual = 8.097981232252e-06, No Iterations 2, Solve time = 48.295 ms
[GinkgoSolver] p-cache: reuse(update_matrix_value) solve=11 rebuildInterval=0
Schwarz(Jacobi)+Bicgstab:  Solving for k, Initial residual = 0.00043952029769906065, Final residual = 2.828052272517639e-05, No Iterations 2, Solve time = 48.505 ms
[mem] after-turb: DEVICE_POOL current=22752 MB  actual(reserved)=38146 MB  highWater=28040 MB
ExecutionTime = 110.25 s  ClockTime = 111 s

Time = 12
[mem] step-start: DEVICE_POOL current=22752 MB  actual(reserved)=38146 MB  highWater=28040 MB
Schwarz(Jacobi)+Bicgstab:  Solving for Ux, Initial residual = 0.00022761654173278982, Final residual = 1.4341588068034141e-05, No Iterations 4, Solve time = 156.477 ms
Schwarz(Jacobi)+Bicgstab:  Solving for Uy, Initial residual = 0.010998363260781211, Final residual = 0.0007941881914676057, No Iterations 4, Solve time = 156.477 ms
Schwarz(Jacobi)+Bicgstab:  Solving for Uz, Initial residual = 0.0024777473057094918, Final residual = 0.00012085512060347356, No Iterations 4, Solve time = 156.477 ms
[mem] after-UEqn: DEVICE_POOL current=22752 MB  actual(reserved)=38146 MB  highWater=28040 MB
config(Cg+Schwarz(Multigrid)):  Solving for p, Initial residual = 0.012086162092531029, Final residual = 0.00011783648864480648, No Iterations 74, Solve time = 2017.074 ms
time step continuity errors : sum local = 2.357644602590527e-05, global = 2.6965708875705827e-07, cumulative = -3.2860754518603836e-06
[mem] after-pEqn: DEVICE_POOL current=22752 MB  actual(reserved)=38146 MB  highWater=28040 MB
[GinkgoSolver] p-cache: reuse(update_matrix_value) solve=12 rebuildInterval=0
Schwarz(Jacobi)+Bicgstab:  Solving for omega, Initial residual = 0.00015606508605497003, Final residual = 7.1410647311767345e-06, No Iterations 2, Solve time = 48.618 ms
[GinkgoSolver] p-cache: reuse(update_matrix_value) solve=12 rebuildInterval=0
Schwarz(Jacobi)+Bicgstab:  Solving for k, Initial residual = 0.0003876340643786763, Final residual = 2.5724977634382743e-05, No Iterations 2, Solve time = 48.061 ms
[mem] after-turb: DEVICE_POOL current=22752 MB  actual(reserved)=38146 MB  highWater=28040 MB
ExecutionTime = 115.31 s  ClockTime = 116 s

Time = 13
[mem] step-start: DEVICE_POOL current=22752 MB  actual(reserved)=38146 MB  highWater=28040 MB
Schwarz(Jacobi)+Bicgstab:  Solving for Ux, Initial residual = 0.00021555193104170074, Final residual = 9.401242766127752e-06, No Iterations 4, Solve time = 155.881 ms
Schwarz(Jacobi)+Bicgstab:  Solving for Uy, Initial residual = 0.010249378033916514, Final residual = 0.0005801588650936307, No Iterations 4, Solve time = 155.881 ms
Schwarz(Jacobi)+Bicgstab:  Solving for Uz, Initial residual = 0.0022940970210222128, Final residual = 0.00010866255064260481, No Iterations 4, Solve time = 155.881 ms
[mem] after-UEqn: DEVICE_POOL current=22752 MB  actual(reserved)=38146 MB  highWater=28040 MB
config(Cg+Schwarz(Multigrid)):  Solving for p, Initial residual = 0.010653099623102895, Final residual = 0.00010548252040816336, No Iterations 74, Solve time = 2058.06 ms
time step continuity errors : sum local = 2.3541637212347538e-05, global = 2.2787607816062345e-07, cumulative = -3.05819937369976e-06
[mem] after-pEqn: DEVICE_POOL current=22752 MB  actual(reserved)=38146 MB  highWater=28040 MB
[GinkgoSolver] p-cache: reuse(update_matrix_value) solve=13 rebuildInterval=0
Schwarz(Jacobi)+Bicgstab:  Solving for omega, Initial residual = 0.00013495666480360535, Final residual = 6.422394292210743e-06, No Iterations 2, Solve time = 47.228 ms
[GinkgoSolver] p-cache: reuse(update_matrix_value) solve=13 rebuildInterval=0
Schwarz(Jacobi)+Bicgstab:  Solving for k, Initial residual = 0.00036773658044127953, Final residual = 2.5881171073945654e-05, No Iterations 2, Solve time = 47.485 ms
[mem] after-turb: DEVICE_POOL current=22752 MB  actual(reserved)=38146 MB  highWater=28040 MB
ExecutionTime = 120.32 s  ClockTime = 121 s

Time = 14
[mem] step-start: DEVICE_POOL current=22752 MB  actual(reserved)=38146 MB  highWater=28040 MB
Schwarz(Jacobi)+Bicgstab:  Solving for Ux, Initial residual = 0.00020536063359369872, Final residual = 1.346766552241912e-05, No Iterations 4, Solve time = 156.474 ms
Schwarz(Jacobi)+Bicgstab:  Solving for Uy, Initial residual = 0.009291187279857897, Final residual = 0.0014302203503737424, No Iterations 4, Solve time = 156.474 ms
Schwarz(Jacobi)+Bicgstab:  Solving for Uz, Initial residual = 0.0020955531040120472, Final residual = 0.00021865014384886267, No Iterations 4, Solve time = 156.474 ms
[mem] after-UEqn: DEVICE_POOL current=22752 MB  actual(reserved)=38146 MB  highWater=28040 MB
config(Cg+Schwarz(Multigrid)):  Solving for p, Initial residual = 0.009252989608845703, Final residual = 9.023507816579757e-05, No Iterations 73, Solve time = 1994.549 ms
time step continuity errors : sum local = 2.240678846514904e-05, global = 4.1897334518708947e-07, cumulative = -2.6392260285126705e-06
[mem] after-pEqn: DEVICE_POOL current=22752 MB  actual(reserved)=38146 MB  highWater=28040 MB
[GinkgoSolver] p-cache: reuse(update_matrix_value) solve=14 rebuildInterval=0
Schwarz(Jacobi)+Bicgstab:  Solving for omega, Initial residual = 0.00012044681655504293, Final residual = 5.875185046212043e-06, No Iterations 2, Solve time = 47.223 ms
[GinkgoSolver] p-cache: reuse(update_matrix_value) solve=14 rebuildInterval=0
Schwarz(Jacobi)+Bicgstab:  Solving for k, Initial residual = 0.00036021160630316364, Final residual = 2.908323757744598e-05, No Iterations 2, Solve time = 47.887 ms
[mem] after-turb: DEVICE_POOL current=22752 MB  actual(reserved)=38146 MB  highWater=28040 MB
ExecutionTime = 125.39 s  ClockTime = 126 s

Time = 15
[mem] step-start: DEVICE_POOL current=22752 MB  actual(reserved)=38146 MB  highWater=28040 MB
Schwarz(Jacobi)+Bicgstab:  Solving for Ux, Initial residual = 0.00019753214966351237, Final residual = 1.5198129061714267e-05, No Iterations 4, Solve time = 155.388 ms
Schwarz(Jacobi)+Bicgstab:  Solving for Uy, Initial residual = 0.008621896115414786, Final residual = 0.0005703865951909131, No Iterations 4, Solve time = 155.388 ms
Schwarz(Jacobi)+Bicgstab:  Solving for Uz, Initial residual = 0.0019506894445732617, Final residual = 0.0001042500447378318, No Iterations 4, Solve time = 155.388 ms
[mem] after-UEqn: DEVICE_POOL current=22752 MB  actual(reserved)=38146 MB  highWater=28040 MB
config(Cg+Schwarz(Multigrid)):  Solving for p, Initial residual = 0.008236529473118547, Final residual = 8.159653664383539e-05, No Iterations 68, Solve time = 1860.195 ms
time step continuity errors : sum local = 2.2044357682454714e-05, global = 1.2802501182431277e-07, cumulative = -2.511201016688358e-06
[mem] after-pEqn: DEVICE_POOL current=22752 MB  actual(reserved)=38146 MB  highWater=28040 MB
[GinkgoSolver] p-cache: reuse(update_matrix_value) solve=15 rebuildInterval=0
Schwarz(Jacobi)+Bicgstab:  Solving for omega, Initial residual = 0.00010973915832946233, Final residual = 5.4208238831756375e-06, No Iterations 2, Solve time = 47.495 ms
[GinkgoSolver] p-cache: reuse(update_matrix_value) solve=15 rebuildInterval=0
Schwarz(Jacobi)+Bicgstab:  Solving for k, Initial residual = 0.0003546304188202365, Final residual = 9.49392147004136e-06, No Iterations 3, Solve time = 62.243 ms
[mem] after-turb: DEVICE_POOL current=22752 MB  actual(reserved)=38146 MB  highWater=28040 MB
ExecutionTime = 130.34 s  ClockTime = 131 s

Time = 16
[mem] step-start: DEVICE_POOL current=22752 MB  actual(reserved)=38146 MB  highWater=28040 MB
Schwarz(Jacobi)+Bicgstab:  Solving for Ux, Initial residual = 0.0001901662155457368, Final residual = 5.428920584237179e-06, No Iterations 5, Solve time = 186.608 ms
Schwarz(Jacobi)+Bicgstab:  Solving for Uy, Initial residual = 0.008213033767397708, Final residual = 0.00021332290083274157, No Iterations 5, Solve time = 186.608 ms
Schwarz(Jacobi)+Bicgstab:  Solving for Uz, Initial residual = 0.0018892550377547237, Final residual = 7.522645200476447e-05, No Iterations 5, Solve time = 186.608 ms
[mem] after-UEqn: DEVICE_POOL current=22752 MB  actual(reserved)=38146 MB  highWater=28040 MB
config(Cg+Schwarz(Multigrid)):  Solving for p, Initial residual = 0.007621116094887784, Final residual = 7.53326361847052e-05, No Iterations 48, Solve time = 1367.639 ms
time step continuity errors : sum local = 2.15043256933697e-05, global = -4.614480786065834e-07, cumulative = -2.972649095294941e-06
[mem] after-pEqn: DEVICE_POOL current=22752 MB  actual(reserved)=38146 MB  highWater=28040 MB
[GinkgoSolver] p-cache: reuse(update_matrix_value) solve=16 rebuildInterval=0
Schwarz(Jacobi)+Bicgstab:  Solving for omega, Initial residual = 0.00010123647967710311, Final residual = 5.115788236561489e-06, No Iterations 2, Solve time = 47.874 ms
[GinkgoSolver] p-cache: reuse(update_matrix_value) solve=16 rebuildInterval=0
Schwarz(Jacobi)+Bicgstab:  Solving for k, Initial residual = 0.00035201899687990236, Final residual = 2.7339417802977935e-05, No Iterations 2, Solve time = 47.761 ms
[mem] after-turb: DEVICE_POOL current=22752 MB  actual(reserved)=38146 MB  highWater=28040 MB
ExecutionTime = 134.68 s  ClockTime = 135 s

Time = 17
[mem] step-start: DEVICE_POOL current=22752 MB  actual(reserved)=38146 MB  highWater=28040 MB
Schwarz(Jacobi)+Bicgstab:  Solving for Ux, Initial residual = 0.00018334429467957946, Final residual = 6.456888485379855e-06, No Iterations 4, Solve time = 157.33 ms
Schwarz(Jacobi)+Bicgstab:  Solving for Uy, Initial residual = 0.007896292578842582, Final residual = 0.0010689135494294235, No Iterations 4, Solve time = 157.33 ms
Schwarz(Jacobi)+Bicgstab:  Solving for Uz, Initial residual = 0.0018201549331733128, Final residual = 8.239483088777216e-05, No Iterations 4, Solve time = 157.33 ms
[mem] after-UEqn: DEVICE_POOL current=22752 MB  actual(reserved)=38146 MB  highWater=28040 MB
config(Cg+Schwarz(Multigrid)):  Solving for p, Initial residual = 0.007276046343782458, Final residual = 7.270534564146752e-05, No Iterations 46, Solve time = 1269.701 ms
time step continuity errors : sum local = 2.130310138160031e-05, global = -3.910983374759767e-07, cumulative = -3.363747432770918e-06
[mem] after-pEqn: DEVICE_POOL current=22752 MB  actual(reserved)=38146 MB  highWater=28040 MB
[GinkgoSolver] p-cache: reuse(update_matrix_value) solve=17 rebuildInterval=0
Schwarz(Jacobi)+Bicgstab:  Solving for omega, Initial residual = 9.42526847488791e-05, Final residual = 4.799704197427492e-06, No Iterations 2, Solve time = 46.894 ms
[GinkgoSolver] p-cache: reuse(update_matrix_value) solve=17 rebuildInterval=0
Schwarz(Jacobi)+Bicgstab:  Solving for k, Initial residual = 0.0003500915097148021, Final residual = 8.37889741949823e-06, No Iterations 3, Solve time = 61.887 ms
[mem] after-turb: DEVICE_POOL current=22752 MB  actual(reserved)=38146 MB  highWater=28040 MB
ExecutionTime = 138.96 s  ClockTime = 140 s

Time = 18
[mem] step-start: DEVICE_POOL current=22752 MB  actual(reserved)=38146 MB  highWater=28040 MB
Schwarz(Jacobi)+Bicgstab:  Solving for Ux, Initial residual = 0.00017545744987788542, Final residual = 6.130254930474706e-06, No Iterations 4, Solve time = 155.922 ms
Schwarz(Jacobi)+Bicgstab:  Solving for Uy, Initial residual = 0.0076170280928443, Final residual = 0.0003420558167841311, No Iterations 4, Solve time = 155.922 ms
Schwarz(Jacobi)+Bicgstab:  Solving for Uz, Initial residual = 0.001747279904847429, Final residual = 7.51186769378425e-05, No Iterations 4, Solve time = 155.922 ms
[mem] after-UEqn: DEVICE_POOL current=22752 MB  actual(reserved)=38146 MB  highWater=28040 MB
config(Cg+Schwarz(Multigrid)):  Solving for p, Initial residual = 0.007030293009011644, Final residual = 6.879618545811174e-05, No Iterations 50, Solve time = 1384.822 ms
time step continuity errors : sum local = 2.0472523934256023e-05, global = 1.3281132046568819e-07, cumulative = -3.2309361123052296e-06
[mem] after-pEqn: DEVICE_POOL current=22752 MB  actual(reserved)=38146 MB  highWater=28040 MB
[GinkgoSolver] p-cache: reuse(update_matrix_value) solve=18 rebuildInterval=0
Schwarz(Jacobi)+Bicgstab:  Solving for omega, Initial residual = 8.815593879121526e-05, Final residual = 4.595253014570817e-06, No Iterations 2, Solve time = 47.426 ms
[GinkgoSolver] p-cache: reuse(update_matrix_value) solve=18 rebuildInterval=0
Schwarz(Jacobi)+Bicgstab:  Solving for k, Initial residual = 0.0003502037201026488, Final residual = 3.170508142646422e-05, No Iterations 2, Solve time = 47.289 ms
[mem] after-turb: DEVICE_POOL current=22752 MB  actual(reserved)=38146 MB  highWater=28040 MB
ExecutionTime = 143.38 s  ClockTime = 144 s

Time = 19
[mem] step-start: DEVICE_POOL current=22752 MB  actual(reserved)=38146 MB  highWater=28040 MB
Schwarz(Jacobi)+Bicgstab:  Solving for Ux, Initial residual = 0.00016800327218738413, Final residual = 1.3060631315191417e-05, No Iterations 3, Solve time = 128.193 ms
Schwarz(Jacobi)+Bicgstab:  Solving for Uy, Initial residual = 0.007356565504241505, Final residual = 0.0006413302771158407, No Iterations 3, Solve time = 128.193 ms
Schwarz(Jacobi)+Bicgstab:  Solving for Uz, Initial residual = 0.00170183502458453, Final residual = 0.0001613252300477551, No Iterations 3, Solve time = 128.193 ms
[mem] after-UEqn: DEVICE_POOL current=22752 MB  actual(reserved)=38146 MB  highWater=28040 MB
config(Cg+Schwarz(Multigrid)):  Solving for p, Initial residual = 0.006776603013271068, Final residual = 6.562491034592716e-05, No Iterations 52, Solve time = 1458.846 ms
time step continuity errors : sum local = 1.983232931486357e-05, global = 1.0485297477745426e-06, cumulative = -2.1824063645306867e-06
[mem] after-pEqn: DEVICE_POOL current=22752 MB  actual(reserved)=38146 MB  highWater=28040 MB
[GinkgoSolver] p-cache: reuse(update_matrix_value) solve=19 rebuildInterval=0
Schwarz(Jacobi)+Bicgstab:  Solving for omega, Initial residual = 8.301768838202401e-05, Final residual = 4.379391855785271e-06, No Iterations 2, Solve time = 47.782 ms
[GinkgoSolver] p-cache: reuse(update_matrix_value) solve=19 rebuildInterval=0
Schwarz(Jacobi)+Bicgstab:  Solving for k, Initial residual = 0.0003496756994186175, Final residual = 8.586467038911518e-06, No Iterations 3, Solve time = 61.482 ms
[mem] after-turb: DEVICE_POOL current=22752 MB  actual(reserved)=38146 MB  highWater=28040 MB
ExecutionTime = 147.87 s  ClockTime = 149 s

Time = 20
[mem] step-start: DEVICE_POOL current=22752 MB  actual(reserved)=38146 MB  highWater=28040 MB
Schwarz(Jacobi)+Bicgstab:  Solving for Ux, Initial residual = 0.00016202136044135673, Final residual = 6.883317398099208e-06, No Iterations 4, Solve time = 156.354 ms
Schwarz(Jacobi)+Bicgstab:  Solving for Uy, Initial residual = 0.007247900282842957, Final residual = 0.0003302476379844615, No Iterations 4, Solve time = 156.354 ms
Schwarz(Jacobi)+Bicgstab:  Solving for Uz, Initial residual = 0.0016979217983261654, Final residual = 0.00022278837053139885, No Iterations 4, Solve time = 156.354 ms
[mem] after-UEqn: DEVICE_POOL current=22752 MB  actual(reserved)=38146 MB  highWater=28040 MB
config(Cg+Schwarz(Multigrid)):  Solving for p, Initial residual = 0.006533333956265001, Final residual = 6.257956974458545e-05, No Iterations 51, Solve time = 1405.657 ms
time step continuity errors : sum local = 1.9197746105128312e-05, global = 1.5704911693298328e-06, cumulative = -6.119151952008539e-07
[mem] after-pEqn: DEVICE_POOL current=22752 MB  actual(reserved)=38146 MB  highWater=28040 MB
[GinkgoSolver] p-cache: reuse(update_matrix_value) solve=20 rebuildInterval=0
Schwarz(Jacobi)+Bicgstab:  Solving for omega, Initial residual = 7.798772771952945e-05, Final residual = 4.190443027858664e-06, No Iterations 2, Solve time = 47.887 ms
[GinkgoSolver] p-cache: reuse(update_matrix_value) solve=20 rebuildInterval=0
Schwarz(Jacobi)+Bicgstab:  Solving for k, Initial residual = 0.0003502655881730761, Final residual = 8.26685986292002e-06, No Iterations 3, Solve time = 61.623 ms
[mem] after-turb: DEVICE_POOL current=22752 MB  actual(reserved)=38146 MB  highWater=28040 MB
ExecutionTime = 152.31 s  ClockTime = 153 s

Time = 21
[mem] step-start: DEVICE_POOL current=22752 MB  actual(reserved)=38146 MB  highWater=28040 MB
Schwarz(Jacobi)+Bicgstab:  Solving for Ux, Initial residual = 0.00015802191964930465, Final residual = 1.1529230659573604e-05, No Iterations 3, Solve time = 127.555 ms
Schwarz(Jacobi)+Bicgstab:  Solving for Uy, Initial residual = 0.007223717349452316, Final residual = 0.0006066516279934118, No Iterations 3, Solve time = 127.555 ms
Schwarz(Jacobi)+Bicgstab:  Solving for Uz, Initial residual = 0.0017222583430020956, Final residual = 0.00014693133155349602, No Iterations 3, Solve time = 127.555 ms
[mem] after-UEqn: DEVICE_POOL current=22752 MB  actual(reserved)=38146 MB  highWater=28040 MB
config(Cg+Schwarz(Multigrid)):  Solving for p, Initial residual = 0.006312864790293505, Final residual = 6.16807393539977e-05, No Iterations 48, Solve time = 1337.779 ms
time step continuity errors : sum local = 1.918316855376494e-05, global = 1.540110651632867e-06, cumulative = 9.281954564320132e-07
[mem] after-pEqn: DEVICE_POOL current=22752 MB  actual(reserved)=38146 MB  highWater=28040 MB
[GinkgoSolver] p-cache: reuse(update_matrix_value) solve=21 rebuildInterval=0
Schwarz(Jacobi)+Bicgstab:  Solving for omega, Initial residual = 7.370274851253489e-05, Final residual = 4.030377831551119e-06, No Iterations 2, Solve time = 48.017 ms
[GinkgoSolver] p-cache: reuse(update_matrix_value) solve=21 rebuildInterval=0
Schwarz(Jacobi)+Bicgstab:  Solving for k, Initial residual = 0.00035241714159935274, Final residual = 8.406622547970212e-06, No Iterations 3, Solve time = 62.233 ms
[mem] after-turb: DEVICE_POOL current=22752 MB  actual(reserved)=38146 MB  highWater=28040 MB
ExecutionTime = 156.68 s  ClockTime = 158 s

Time = 22
[mem] step-start: DEVICE_POOL current=22752 MB  actual(reserved)=38146 MB  highWater=28040 MB
Schwarz(Jacobi)+Bicgstab:  Solving for Ux, Initial residual = 0.00015570367578567529, Final residual = 1.5740754936381402e-05, No Iterations 3, Solve time = 125.571 ms
Schwarz(Jacobi)+Bicgstab:  Solving for Uy, Initial residual = 0.007204248211228706, Final residual = 0.0005875463940303904, No Iterations 3, Solve time = 125.571 ms
Schwarz(Jacobi)+Bicgstab:  Solving for Uz, Initial residual = 0.001746714807596978, Final residual = 0.00014669419343578023, No Iterations 3, Solve time = 125.571 ms
[mem] after-UEqn: DEVICE_POOL current=22752 MB  actual(reserved)=38146 MB  highWater=28040 MB
config(Cg+Schwarz(Multigrid)):  Solving for p, Initial residual = 0.006135939367060884, Final residual = 6.0931551227734705e-05, No Iterations 44, Solve time = 1247.244 ms
time step continuity errors : sum local = 1.9161566358816323e-05, global = 1.1182074953635293e-06, cumulative = 2.0464029517955425e-06
[mem] after-pEqn: DEVICE_POOL current=22752 MB  actual(reserved)=38146 MB  highWater=28040 MB
[GinkgoSolver] p-cache: reuse(update_matrix_value) solve=22 rebuildInterval=0
Schwarz(Jacobi)+Bicgstab:  Solving for omega, Initial residual = 6.962653085718178e-05, Final residual = 3.8549279359132095e-06, No Iterations 2, Solve time = 47.405 ms
[GinkgoSolver] p-cache: reuse(update_matrix_value) solve=22 rebuildInterval=0
Schwarz(Jacobi)+Bicgstab:  Solving for k, Initial residual = 0.00035364507806805347, Final residual = 8.543689147385285e-06, No Iterations 3, Solve time = 61.775 ms
[mem] after-turb: DEVICE_POOL current=22752 MB  actual(reserved)=38146 MB  highWater=28040 MB
ExecutionTime = 160.92 s  ClockTime = 162 s

Time = 23
[mem] step-start: DEVICE_POOL current=22752 MB  actual(reserved)=38146 MB  highWater=28040 MB
Schwarz(Jacobi)+Bicgstab:  Solving for Ux, Initial residual = 0.00015342599888986986, Final residual = 1.8210292424673743e-05, No Iterations 3, Solve time = 125.603 ms
Schwarz(Jacobi)+Bicgstab:  Solving for Uy, Initial residual = 0.007120685518305405, Final residual = 0.0005657559383187938, No Iterations 3, Solve time = 125.603 ms
Schwarz(Jacobi)+Bicgstab:  Solving for Uz, Initial residual = 0.001760626623113926, Final residual = 0.00014416784115675897, No Iterations 3, Solve time = 125.603 ms
[mem] after-UEqn: DEVICE_POOL current=22752 MB  actual(reserved)=38146 MB  highWater=28040 MB
config(Cg+Schwarz(Multigrid)):  Solving for p, Initial residual = 0.005999985887683269, Final residual = 5.539111675842337e-05, No Iterations 25, Solve time = 713.053 ms
time step continuity errors : sum local = 1.7559083330201086e-05, global = 4.298723595662159e-07, cumulative = 2.4762753113617583e-06
[mem] after-pEqn: DEVICE_POOL current=22752 MB  actual(reserved)=38146 MB  highWater=28040 MB
[GinkgoSolver] p-cache: reuse(update_matrix_value) solve=23 rebuildInterval=0
Schwarz(Jacobi)+Bicgstab:  Solving for omega, Initial residual = 6.614250414710829e-05, Final residual = 3.719423059356063e-06, No Iterations 2, Solve time = 47.129 ms
[GinkgoSolver] p-cache: reuse(update_matrix_value) solve=23 rebuildInterval=0
Schwarz(Jacobi)+Bicgstab:  Solving for k, Initial residual = 0.00035606477151582487, Final residual = 8.728979744356486e-06, No Iterations 3, Solve time = 62.204 ms
[mem] after-turb: DEVICE_POOL current=22752 MB  actual(reserved)=38146 MB  highWater=28040 MB
ExecutionTime = 164.72 s  ClockTime = 166 s

Time = 24
[mem] step-start: DEVICE_POOL current=22752 MB  actual(reserved)=38146 MB  highWater=28040 MB
Schwarz(Jacobi)+Bicgstab:  Solving for Ux, Initial residual = 0.00015147622553165121, Final residual = 1.067432123597104e-05, No Iterations 3, Solve time = 127.425 ms
Schwarz(Jacobi)+Bicgstab:  Solving for Uy, Initial residual = 0.006978179270606214, Final residual = 0.0005411433014189501, No Iterations 3, Solve time = 127.425 ms
Schwarz(Jacobi)+Bicgstab:  Solving for Uz, Initial residual = 0.0017588218929236016, Final residual = 0.00014137819067789288, No Iterations 3, Solve time = 127.425 ms
[mem] after-UEqn: DEVICE_POOL current=22752 MB  actual(reserved)=38146 MB  highWater=28040 MB
config(Cg+Schwarz(Multigrid)):  Solving for p, Initial residual = 0.0059453155600286195, Final residual = 5.788378641402541e-05, No Iterations 25, Solve time = 741.652 ms
time step continuity errors : sum local = 1.826827726058798e-05, global = 5.16526448031329e-07, cumulative = 2.9928017593930873e-06
[mem] after-pEqn: DEVICE_POOL current=22752 MB  actual(reserved)=38146 MB  highWater=28040 MB
[GinkgoSolver] p-cache: reuse(update_matrix_value) solve=24 rebuildInterval=0
Schwarz(Jacobi)+Bicgstab:  Solving for omega, Initial residual = 6.296946442290308e-05, Final residual = 3.583648571320244e-06, No Iterations 2, Solve time = 47.299 ms
[GinkgoSolver] p-cache: reuse(update_matrix_value) solve=24 rebuildInterval=0
Schwarz(Jacobi)+Bicgstab:  Solving for k, Initial residual = 0.0003597354360304688, Final residual = 8.851813185014956e-06, No Iterations 3, Solve time = 62.69 ms
[mem] after-turb: DEVICE_POOL current=22752 MB  actual(reserved)=38146 MB  highWater=28040 MB
ExecutionTime = 168.47 s  ClockTime = 169 s

Time = 25
[mem] step-start: DEVICE_POOL current=22752 MB  actual(reserved)=38146 MB  highWater=28040 MB
Schwarz(Jacobi)+Bicgstab:  Solving for Ux, Initial residual = 0.00014941528385131855, Final residual = 1.1902449395765588e-05, No Iterations 3, Solve time = 126.348 ms
Schwarz(Jacobi)+Bicgstab:  Solving for Uy, Initial residual = 0.006808923775962507, Final residual = 0.0005105043703070046, No Iterations 3, Solve time = 126.348 ms
Schwarz(Jacobi)+Bicgstab:  Solving for Uz, Initial residual = 0.0017515770250496896, Final residual = 0.00013865797733019478, No Iterations 3, Solve time = 126.348 ms
[mem] after-UEqn: DEVICE_POOL current=22752 MB  actual(reserved)=38146 MB  highWater=28040 MB
config(Cg+Schwarz(Multigrid)):  Solving for p, Initial residual = 0.005877290393161736, Final residual = 5.499729560005019e-05, No Iterations 24, Solve time = 710.987 ms
time step continuity errors : sum local = 1.7334244094651278e-05, global = 6.539978339217149e-07, cumulative = 3.6467995933148024e-06
[mem] after-pEqn: DEVICE_POOL current=22752 MB  actual(reserved)=38146 MB  highWater=28040 MB
[GinkgoSolver] p-cache: reuse(update_matrix_value) solve=25 rebuildInterval=0
Schwarz(Jacobi)+Bicgstab:  Solving for omega, Initial residual = 6.013915062953043e-05, Final residual = 3.4451907377914183e-06, No Iterations 2, Solve time = 47.582 ms
[GinkgoSolver] p-cache: reuse(update_matrix_value) solve=25 rebuildInterval=0
Schwarz(Jacobi)+Bicgstab:  Solving for k, Initial residual = 0.00036308754835585763, Final residual = 8.993203609249483e-06, No Iterations 3, Solve time = 61.337 ms
[mem] after-turb: DEVICE_POOL current=22752 MB  actual(reserved)=38146 MB  highWater=28040 MB
ExecutionTime = 172.22 s  ClockTime = 173 s

Time = 26
[mem] step-start: DEVICE_POOL current=22752 MB  actual(reserved)=38146 MB  highWater=28040 MB
Schwarz(Jacobi)+Bicgstab:  Solving for Ux, Initial residual = 0.00014709088653423613, Final residual = 1.1343283661081603e-05, No Iterations 3, Solve time = 126.813 ms
Schwarz(Jacobi)+Bicgstab:  Solving for Uy, Initial residual = 0.006652842779250271, Final residual = 0.00048519818708252606, No Iterations 3, Solve time = 126.813 ms
Schwarz(Jacobi)+Bicgstab:  Solving for Uz, Initial residual = 0.0017484107610374459, Final residual = 0.00013741111704744662, No Iterations 3, Solve time = 126.813 ms
[mem] after-UEqn: DEVICE_POOL current=22752 MB  actual(reserved)=38146 MB  highWater=28040 MB
config(Cg+Schwarz(Multigrid)):  Solving for p, Initial residual = 0.0057925617625946115, Final residual = 5.453951909676333e-05, No Iterations 24, Solve time = 714.01 ms
time step continuity errors : sum local = 1.7187637883007073e-05, global = 8.312050517054846e-07, cumulative = 4.478004645020287e-06
[mem] after-pEqn: DEVICE_POOL current=22752 MB  actual(reserved)=38146 MB  highWater=28040 MB
[GinkgoSolver] p-cache: reuse(update_matrix_value) solve=26 rebuildInterval=0
Schwarz(Jacobi)+Bicgstab:  Solving for omega, Initial residual = 5.7635204111476005e-05, Final residual = 3.340255509420778e-06, No Iterations 2, Solve time = 48.536 ms
bounding omega, min: -59791.608942179926 max: 45356133.70076067 average: 7143.960390570621
[GinkgoSolver] p-cache: reuse(update_matrix_value) solve=26 rebuildInterval=0
Schwarz(Jacobi)+Bicgstab:  Solving for k, Initial residual = 0.0003670477537359994, Final residual = 9.250367442299541e-06, No Iterations 3, Solve time = 62.27 ms
[mem] after-turb: DEVICE_POOL current=22752 MB  actual(reserved)=38146 MB  highWater=28040 MB
ExecutionTime = 175.93 s  ClockTime = 177 s

Time = 27
[mem] step-start: DEVICE_POOL current=22752 MB  actual(reserved)=38146 MB  highWater=28040 MB
Schwarz(Jacobi)+Bicgstab:  Solving for Ux, Initial residual = 0.00014463686361479766, Final residual = 1.6929385003094e-05, No Iterations 3, Solve time = 127.6 ms
Schwarz(Jacobi)+Bicgstab:  Solving for Uy, Initial residual = 0.0065106467935577665, Final residual = 0.00046512539332067094, No Iterations 3, Solve time = 127.6 ms
Schwarz(Jacobi)+Bicgstab:  Solving for Uz, Initial residual = 0.001749864979506594, Final residual = 0.00013855529946913528, No Iterations 3, Solve time = 127.6 ms
[mem] after-UEqn: DEVICE_POOL current=22752 MB  actual(reserved)=38146 MB  highWater=28040 MB
config(Cg+Schwarz(Multigrid)):  Solving for p, Initial residual = 0.005709693724422978, Final residual = 5.612758196457797e-05, No Iterations 25, Solve time = 715.285 ms
time step continuity errors : sum local = 1.7681844632690854e-05, global = 1.0253982055361546e-06, cumulative = 5.503402850556442e-06
[mem] after-pEqn: DEVICE_POOL current=22752 MB  actual(reserved)=38146 MB  highWater=28040 MB
[GinkgoSolver] p-cache: reuse(update_matrix_value) solve=27 rebuildInterval=0
Schwarz(Jacobi)+Bicgstab:  Solving for omega, Initial residual = 5.542212608750967e-05, Final residual = 3.2495287538868384e-06, No Iterations 2, Solve time = 47.19 ms
[GinkgoSolver] p-cache: reuse(update_matrix_value) solve=27 rebuildInterval=0
Schwarz(Jacobi)+Bicgstab:  Solving for k, Initial residual = 0.0003720389631247203, Final residual = 9.829837718232941e-06, No Iterations 3, Solve time = 62.262 ms
[mem] after-turb: DEVICE_POOL current=22752 MB  actual(reserved)=38146 MB  highWater=28040 MB
ExecutionTime = 179.67 s  ClockTime = 181 s

Time = 28
[mem] step-start: DEVICE_POOL current=22752 MB  actual(reserved)=38146 MB  highWater=28040 MB
Schwarz(Jacobi)+Bicgstab:  Solving for Ux, Initial residual = 0.0001423407676639565, Final residual = 7.808815577330696e-06, No Iterations 3, Solve time = 126.34 ms
Schwarz(Jacobi)+Bicgstab:  Solving for Uy, Initial residual = 0.006379398935697214, Final residual = 0.00045686834094052796, No Iterations 3, Solve time = 126.34 ms
Schwarz(Jacobi)+Bicgstab:  Solving for Uz, Initial residual = 0.001753654175582899, Final residual = 0.0001406197989728993, No Iterations 3, Solve time = 126.34 ms
[mem] after-UEqn: DEVICE_POOL current=22752 MB  actual(reserved)=38146 MB  highWater=28040 MB
config(Cg+Schwarz(Multigrid)):  Solving for p, Initial residual = 0.005625443251989599, Final residual = 5.5451715797451376e-05, No Iterations 29, Solve time = 846.195 ms
time step continuity errors : sum local = 1.7440031001517833e-05, global = 1.011617962368435e-06, cumulative = 6.515020812924877e-06
[mem] after-pEqn: DEVICE_POOL current=22752 MB  actual(reserved)=38146 MB  highWater=28040 MB
[GinkgoSolver] p-cache: reuse(update_matrix_value) solve=28 rebuildInterval=0
Schwarz(Jacobi)+Bicgstab:  Solving for omega, Initial residual = 5.342354933301036e-05, Final residual = 3.1638642807366166e-06, No Iterations 2, Solve time = 47.962 ms
bounding omega, min: -15.232760815930057 max: 45356031.81841787 average: 7191.516972839726
[GinkgoSolver] p-cache: reuse(update_matrix_value) solve=28 rebuildInterval=0
Schwarz(Jacobi)+Bicgstab:  Solving for k, Initial residual = 0.0003765597279927156, Final residual = 9.676762881567082e-06, No Iterations 3, Solve time = 62.313 ms
[mem] after-turb: DEVICE_POOL current=22752 MB  actual(reserved)=38146 MB  highWater=28040 MB
ExecutionTime = 183.55 s  ClockTime = 185 s

Time = 29
[mem] step-start: DEVICE_POOL current=22752 MB  actual(reserved)=38146 MB  highWater=28040 MB
Schwarz(Jacobi)+Bicgstab:  Solving for Ux, Initial residual = 0.00013981594983566417, Final residual = 1.199962992628836e-05, No Iterations 3, Solve time = 126.711 ms
Schwarz(Jacobi)+Bicgstab:  Solving for Uy, Initial residual = 0.006260812316880512, Final residual = 0.00044633353521448036, No Iterations 3, Solve time = 126.711 ms
Schwarz(Jacobi)+Bicgstab:  Solving for Uz, Initial residual = 0.0017566971953609752, Final residual = 0.00013853263270586044, No Iterations 3, Solve time = 126.711 ms
[mem] after-UEqn: DEVICE_POOL current=22752 MB  actual(reserved)=38146 MB  highWater=28040 MB
config(Cg+Schwarz(Multigrid)):  Solving for p, Initial residual = 0.0055625310789985906, Final residual = 5.290837436101711e-05, No Iterations 40, Solve time = 1138.313 ms
time step continuity errors : sum local = 1.6547778866155527e-05, global = -6.662246303269568e-07, cumulative = 5.84879618259792e-06
[mem] after-pEqn: DEVICE_POOL current=22752 MB  actual(reserved)=38146 MB  highWater=28040 MB
[GinkgoSolver] p-cache: reuse(update_matrix_value) solve=29 rebuildInterval=0
Schwarz(Jacobi)+Bicgstab:  Solving for omega, Initial residual = 5.1856464290972184e-05, Final residual = 3.1076547350474077e-06, No Iterations 2, Solve time = 47.692 ms
bounding omega, min: -420.7706772779533 max: 45356041.30299002 average: 7212.88674612965
[GinkgoSolver] p-cache: reuse(update_matrix_value) solve=29 rebuildInterval=0
Schwarz(Jacobi)+Bicgstab:  Solving for k, Initial residual = 0.00038295266812028326, Final residual = 9.878477633975148e-06, No Iterations 3, Solve time = 62.453 ms
[mem] after-turb: DEVICE_POOL current=22752 MB  actual(reserved)=38146 MB  highWater=28040 MB
ExecutionTime = 187.71 s  ClockTime = 189 s

Time = 30
[mem] step-start: DEVICE_POOL current=22752 MB  actual(reserved)=38146 MB  highWater=28040 MB
Schwarz(Jacobi)+Bicgstab:  Solving for Ux, Initial residual = 0.00013706207962100434, Final residual = 5.69340348303695e-06, No Iterations 4, Solve time = 157.856 ms
Schwarz(Jacobi)+Bicgstab:  Solving for Uy, Initial residual = 0.0061723204926387165, Final residual = 0.0005676618737258329, No Iterations 4, Solve time = 157.856 ms
Schwarz(Jacobi)+Bicgstab:  Solving for Uz, Initial residual = 0.0017598963931010016, Final residual = 6.370539012374506e-05, No Iterations 4, Solve time = 157.856 ms
[mem] after-UEqn: DEVICE_POOL current=22752 MB  actual(reserved)=38146 MB  highWater=28040 MB
config(Cg+Schwarz(Multigrid)):  Solving for p, Initial residual = 0.005578669438484302, Final residual = 5.1462567081952925e-05, No Iterations 42, Solve time = 1195.844 ms
time step continuity errors : sum local = 1.575743710733016e-05, global = -1.238882371973017e-06, cumulative = 4.609913810624903e-06
[mem] after-pEqn: DEVICE_POOL current=22752 MB  actual(reserved)=38146 MB  highWater=28040 MB
[GinkgoSolver] p-cache: reuse(update_matrix_value) solve=30 rebuildInterval=0
Schwarz(Jacobi)+Bicgstab:  Solving for omega, Initial residual = 5.0809357660766917e-05, Final residual = 3.05584246438237e-06, No Iterations 2, Solve time = 47.083 ms
bounding omega, min: -37.88498422930323 max: 45356086.22922165 average: 7232.796912085813
[GinkgoSolver] p-cache: reuse(update_matrix_value) solve=30 rebuildInterval=0
Schwarz(Jacobi)+Bicgstab:  Solving for k, Initial residual = 0.0003905805234103385, Final residual = 1.0219699868697508e-05, No Iterations 3, Solve time = 61.675 ms
[mem] after-turb: DEVICE_POOL current=22752 MB  actual(reserved)=38146 MB  highWater=28040 MB
Writing p
Writing U
Writing turbulence variables
ExecutionTime = 192.98 s  ClockTime = 196 s


BEGIN KOKKOS PROFILING REPORT:
TOTAL TIME: 197.761754318 seconds
TOP-DOWN TIME TREE:
<average time> <percent of total time> <percent time in Kokkos> <percent MPI imbalance> <remainder> <kernels per second> <number of calls> <name> [type]
===================
|-> 1.49e+02 sec 75.3% 5.0% 0.0% 0.0% 3.25e+02 30 neoSimpleFoam.timeStep [region]
|   |-> 1.06e+02 sec 53.7% 1.8% 0.0% 10.4% 2.29e+02 30 neoSimpleFoam.pressureCorrector [region]
|   |   |-> 9.39e+01 sec 47.5% 0.6% 0.0% 61.4% 4.40e+01 30 neoSimpleFoam.pressureCorrector.pEqn [region]
|   |   |   |-> 3.25e+01 sec 16.4% 0.0% 0.0% 100.0% 0.00e+00 30 ginkgo.solverSetup [region]
|   |   |   |-> 3.21e+00 sec 1.6% 0.0% 0.0% 100.0% 1.09e+01 30 ginkgo.createMtx [region]
|   |   |   |-> 4.80e-01 sec 0.2% 92.2% 0.0% 7.8% 3.69e+03 30 assemble.spatialImplicit [region]
|   |   |   |   |-> 2.39e-01 sec 0.1% 100.0% 0.0% ------ 30 computeGradInternal [for]
|   |   |-> 7.16e-01 sec 0.4% 100.0% 0.0% ------ 90 computeGradInternal [for]
|   |-> 2.07e+01 sec 10.5% 14.8% 0.0% 23.3% 2.79e+02 30 neoSimpleFoam.momentumPredictor [region]
|   |   |-> 9.37e+00 sec 4.7% 29.0% 0.0% 0.0% 5.51e+02 30 momentum.assemble [region]
|   |   |   |-> 8.94e+00 sec 4.5% 26.1% 0.0% 0.0% 4.64e+02 30 assemble.spatialImplicit [region]
|   |   |   |   |-> 7.78e+00 sec 3.9% 16.2% 0.0% 0.3% 2.93e+02 30 divlap.deferredCorr [region]
|   |   |   |   |   |-> 4.73e+00 sec 2.4% 1.0% 0.0% 99.0% 5.71e+01 30 luw.applyCorr [region]
|   |   |   |   |   |-> 1.77e+00 sec 0.9% 1.1% 0.0% 98.9% 1.69e+00 30 luw.gradOpCtor [region]
|   |   |   |   |   |-> 7.70e-01 sec 0.4% 96.2% 0.0% 0.0% 2.03e+03 30 luw.gradCompute [region]
|   |   |   |   |   |   |-> 5.61e-01 sec 0.3% 95.0% 0.0% 5.0% 2.19e+03 30 clg.baseGrad [region]
|   |   |   |   |   |   |   |-> 3.43e-01 sec 0.2% 100.0% 0.0% ------ 30 computeGradTensorInternal [for]
|   |   |   |   |   |   |-> 2.09e-01 sec 0.1% 99.4% 0.0% 0.6% 1.58e+03 30 clg.limiter [region]
|   |   |   |   |   |-> 2.89e-01 sec 0.1% 100.0% 0.0% ------ 30 addDivCorrectionToRhs [for]
|   |   |   |   |-> 1.01e+00 sec 0.5% 91.6% 0.0% 8.4% 1.66e+03 30 divlap.nonOrthCorr [region]
|   |   |   |   |   |-> 3.43e-01 sec 0.2% 100.0% 0.0% ------ 30 computeGradTensorInternal [for]
|   |   |   |   |   |-> 2.49e-01 sec 0.1% 100.0% 0.0% ------ 30 computeLaplacianImplicitCorrection [for]
|   |   |   |-> 3.70e-01 sec 0.2% 87.1% 0.0% 12.9% 2.27e+03 30 assemble.explicitSource [region]
|   |   |-> 3.72e+00 sec 1.9% 0.0% 0.0% 100.0% 9.42e+00 30 ginkgo.createMtx [region]
|   |   |-> 2.31e+00 sec 1.2% 1.1% 0.0% 98.9% 1.17e+01 30 momentum.construct [region]
|   |   |-> 3.35e-01 sec 0.2% 94.3% 0.0% 5.7% 1.52e+03 30 assemble.explicitSource [region]
|   |   |   |-> 2.39e-01 sec 0.1% 100.0% 0.0% ------ 30 computeGradInternal [for]
|   |-> 2.00e+01 sec 10.1% 12.5% 0.0% 50.8% 9.12e+02 30 neoSimpleFoam.turbulenceCorrect [region]
|   |   |-> 6.98e+00 sec 3.5% 0.0% 0.0% 100.0% 1.00e+01 60 ginkgo.createMtx [region]
|   |   |-> 1.10e+00 sec 0.6% 91.9% 0.0% 8.1% 3.44e+03 60 assemble.spatialImplicit [region]
|   |   |   |-> 4.78e-01 sec 0.2% 100.0% 0.0% ------ 60 computeGradInternal [for]
|   |   |-> 4.77e-01 sec 0.2% 100.0% 0.0% ------ 60 computeGradInternal [for]
|   |   |-> 3.43e-01 sec 0.2% 100.0% 0.0% ------ 30 computeGradTensorInternal [for]
|   |   |-> 2.57e-01 sec 0.1% 0.0% 0.0% 100.0% 0.00e+00 60 ginkgo.solverSetup [region]
|   |-> 1.96e+00 sec 1.0% 0.0% 0.0% 100.0% 0.00e+00 30 neoSimpleFoam.write [region]
|-> 4.56e+01 sec 23.0% 0.2% 0.0% 99.8% 1.96e+01 1 neoSimpleFoam.setup [region]

BOTTOM-UP TIME TREE:
<average time> <percent of total time> <percent time in Kokkos> <percent MPI imbalance> <number of calls> <name> [type]
===================
|-> 5.76e+01 sec 29.1% 0.0% 0.0% 0.0% 0.00e+00 30 neoSimpleFoam.pressureCorrector.pEqn [region]
|   |-> 5.76e+01 sec 29.1% 0.0% 0.0% 0.0% 0.00e+00 30 neoSimpleFoam.pressureCorrector [region]
|       |-> 5.76e+01 sec 29.1% 0.0% 0.0% 0.0% 0.00e+00 30 neoSimpleFoam.timeStep [region]
|-> 4.55e+01 sec 23.0% 0.0% 0.0% 0.0% 0.00e+00 1 neoSimpleFoam.setup [region]
|-> 3.28e+01 sec 16.6% 0.0% 0.0% 0.0% 0.00e+00 120 ginkgo.solverSetup [region]
|   |-> 3.25e+01 sec 16.4% 0.0% 0.0% 0.0% 0.00e+00 30 neoSimpleFoam.pressureCorrector.pEqn [region]
|   |   |-> 3.25e+01 sec 16.4% 0.0% 0.0% 0.0% 0.00e+00 30 neoSimpleFoam.pressureCorrector [region]
|   |       |-> 3.25e+01 sec 16.4% 0.0% 0.0% 0.0% 0.00e+00 30 neoSimpleFoam.timeStep [region]
|   |-> 2.57e-01 sec 0.1% 0.0% 0.0% 0.0% 0.00e+00 60 neoSimpleFoam.turbulenceCorrect [region]
|   |   |-> 2.57e-01 sec 0.1% 0.0% 0.0% 0.0% 0.00e+00 60 neoSimpleFoam.timeStep [region]
|-> 1.39e+01 sec 7.0% 0.0% 0.0% 0.0% 0.00e+00 120 ginkgo.createMtx [region]
|   |-> 6.98e+00 sec 3.5% 0.0% 0.0% 0.0% 0.00e+00 60 neoSimpleFoam.turbulenceCorrect [region]
|   |   |-> 6.98e+00 sec 3.5% 0.0% 0.0% 0.0% 0.00e+00 60 neoSimpleFoam.timeStep [region]
|   |-> 3.71e+00 sec 1.9% 0.0% 0.0% 0.0% 0.00e+00 30 neoSimpleFoam.momentumPredictor [region]
|   |   |-> 3.71e+00 sec 1.9% 0.0% 0.0% 0.0% 0.00e+00 30 neoSimpleFoam.timeStep [region]
|   |-> 3.21e+00 sec 1.6% 0.0% 0.0% 0.0% 0.00e+00 30 neoSimpleFoam.pressureCorrector.pEqn [region]
|       |-> 3.21e+00 sec 1.6% 0.0% 0.0% 0.0% 0.00e+00 30 neoSimpleFoam.pressureCorrector [region]
|           |-> 3.21e+00 sec 1.6% 0.0% 0.0% 0.0% 0.00e+00 30 neoSimpleFoam.timeStep [region]
|-> 1.10e+01 sec 5.6% 0.0% 0.0% 0.0% 0.00e+00 30 neoSimpleFoam.pressureCorrector [region]
|   |-> 1.10e+01 sec 5.6% 0.0% 0.0% 0.0% 0.00e+00 30 neoSimpleFoam.timeStep [region]
|-> 1.02e+01 sec 5.1% 0.0% 0.0% 0.0% 0.00e+00 30 neoSimpleFoam.turbulenceCorrect [region]
|   |-> 1.02e+01 sec 5.1% 0.0% 0.0% 0.0% 0.00e+00 30 neoSimpleFoam.timeStep [region]
|-> 4.82e+00 sec 2.4% 0.0% 0.0% 0.0% 0.00e+00 30 neoSimpleFoam.momentumPredictor [region]
|   |-> 4.82e+00 sec 2.4% 0.0% 0.0% 0.0% 0.00e+00 30 neoSimpleFoam.timeStep [region]
|-> 4.68e+00 sec 2.4% 0.0% 0.0% 0.0% 0.00e+00 30 luw.applyCorr [region]
|   |-> 4.68e+00 sec 2.4% 0.0% 0.0% 0.0% 0.00e+00 30 divlap.deferredCorr [region]
|       |-> 4.68e+00 sec 2.4% 0.0% 0.0% 0.0% 0.00e+00 30 assemble.spatialImplicit [region]
|           |-> 4.68e+00 sec 2.4% 0.0% 0.0% 0.0% 0.00e+00 30 momentum.assemble [region]
|               |-> 4.68e+00 sec 2.4% 0.0% 0.0% 0.0% 0.00e+00 30 neoSimpleFoam.momentumPredictor [region]
|                   |-> 4.68e+00 sec 2.4% 0.0% 0.0% 0.0% 0.00e+00 30 neoSimpleFoam.timeStep [region]
|-> 2.29e+00 sec 1.2% 0.0% 0.0% 0.0% 0.00e+00 30 momentum.construct [region]
|   |-> 2.29e+00 sec 1.2% 0.0% 0.0% 0.0% 0.00e+00 30 neoSimpleFoam.momentumPredictor [region]
|       |-> 2.29e+00 sec 1.2% 0.0% 0.0% 0.0% 0.00e+00 30 neoSimpleFoam.timeStep [region]
|-> 2.16e+00 sec 1.1% 100.0% 0.0% ------ 272 computeGradInternal [for]
|   |-> 7.16e-01 sec 0.4% 100.0% 0.0% 0.0% 0.00e+00 90 assemble.spatialImplicit [region]
|   |   |-> 4.78e-01 sec 0.2% 100.0% 0.0% 0.0% 0.00e+00 60 neoSimpleFoam.turbulenceCorrect [region]
|   |   |   |-> 4.78e-01 sec 0.2% 100.0% 0.0% 0.0% 0.00e+00 60 neoSimpleFoam.timeStep [region]
|   |   |-> 2.39e-01 sec 0.1% 100.0% 0.0% 0.0% 0.00e+00 30 neoSimpleFoam.pressureCorrector.pEqn [region]
|   |       |-> 2.39e-01 sec 0.1% 100.0% 0.0% 0.0% 0.00e+00 30 neoSimpleFoam.pressureCorrector [region]
|   |           |-> 2.39e-01 sec 0.1% 100.0% 0.0% 0.0% 0.00e+00 30 neoSimpleFoam.timeStep [region]
|   |-> 7.16e-01 sec 0.4% 100.0% 0.0% 0.0% 0.00e+00 90 neoSimpleFoam.pressureCorrector [region]
|   |   |-> 7.16e-01 sec 0.4% 100.0% 0.0% 0.0% 0.00e+00 90 neoSimpleFoam.timeStep [region]
|   |-> 4.77e-01 sec 0.2% 100.0% 0.0% 0.0% 0.00e+00 60 neoSimpleFoam.turbulenceCorrect [region]
|   |   |-> 4.77e-01 sec 0.2% 100.0% 0.0% 0.0% 0.00e+00 60 neoSimpleFoam.timeStep [region]
|   |-> 2.39e-01 sec 0.1% 100.0% 0.0% 0.0% 0.00e+00 30 assemble.explicitSource [region]
|   |   |-> 2.39e-01 sec 0.1% 100.0% 0.0% 0.0% 0.00e+00 30 neoSimpleFoam.momentumPredictor [region]
|   |       |-> 2.39e-01 sec 0.1% 100.0% 0.0% 0.0% 0.00e+00 30 neoSimpleFoam.timeStep [region]
|-> 1.96e+00 sec 1.0% 0.0% 0.0% 0.0% 0.00e+00 30 neoSimpleFoam.write [region]
|   |-> 1.96e+00 sec 1.0% 0.0% 0.0% 0.0% 0.00e+00 30 neoSimpleFoam.timeStep [region]
|-> 1.76e+00 sec 0.9% 0.0% 0.0% 0.0% 0.00e+00 30 luw.gradOpCtor [region]
|   |-> 1.76e+00 sec 0.9% 0.0% 0.0% 0.0% 0.00e+00 30 divlap.deferredCorr [region]
|       |-> 1.76e+00 sec 0.9% 0.0% 0.0% 0.0% 0.00e+00 30 assemble.spatialImplicit [region]
|           |-> 1.76e+00 sec 0.9% 0.0% 0.0% 0.0% 0.00e+00 30 momentum.assemble [region]
|               |-> 1.76e+00 sec 0.9% 0.0% 0.0% 0.0% 0.00e+00 30 neoSimpleFoam.momentumPredictor [region]
|                   |-> 1.76e+00 sec 0.9% 0.0% 0.0% 0.0% 0.00e+00 30 neoSimpleFoam.timeStep [region]
|-> 1.16e+00 sec 0.6% 100.0% 0.0% ------ 9370 fill [for]
|-> 1.04e+00 sec 0.5% 100.0% 0.0% ------ 91 computeGradTensorInternal [for]
|   |-> 3.43e-01 sec 0.2% 100.0% 0.0% 0.0% 0.00e+00 30 divlap.nonOrthCorr [region]
|   |   |-> 3.43e-01 sec 0.2% 100.0% 0.0% 0.0% 0.00e+00 30 assemble.spatialImplicit [region]
|   |       |-> 3.43e-01 sec 0.2% 100.0% 0.0% 0.0% 0.00e+00 30 momentum.assemble [region]
|   |           |-> 3.43e-01 sec 0.2% 100.0% 0.0% 0.0% 0.00e+00 30 neoSimpleFoam.momentumPredictor [region]
|   |               |-> 3.43e-01 sec 0.2% 100.0% 0.0% 0.0% 0.00e+00 30 neoSimpleFoam.timeStep [region]
|   |-> 3.43e-01 sec 0.2% 100.0% 0.0% 0.0% 0.00e+00 30 clg.baseGrad [region]
|   |   |-> 3.43e-01 sec 0.2% 100.0% 0.0% 0.0% 0.00e+00 30 luw.gradCompute [region]
|   |       |-> 3.43e-01 sec 0.2% 100.0% 0.0% 0.0% 0.00e+00 30 divlap.deferredCorr [region]
|   |           |-> 3.43e-01 sec 0.2% 100.0% 0.0% 0.0% 0.00e+00 30 assemble.spatialImplicit [region]
|   |               |-> 3.43e-01 sec 0.2% 100.0% 0.0% 0.0% 0.00e+00 30 momentum.assemble [region]
|   |                   |-> 3.43e-01 sec 0.2% 100.0% 0.0% 0.0% 0.00e+00 30 neoSimpleFoam.momentumPredictor [region]
|   |                       |-> 3.43e-01 sec 0.2% 100.0% 0.0% 0.0% 0.00e+00 30 neoSimpleFoam.timeStep [region]
|   |-> 3.43e-01 sec 0.2% 100.0% 0.0% 0.0% 0.00e+00 30 neoSimpleFoam.turbulenceCorrect [region]
|   |   |-> 3.43e-01 sec 0.2% 100.0% 0.0% 0.0% 0.00e+00 30 neoSimpleFoam.timeStep [region]
|-> 3.22e-01 sec 0.2% 100.0% 0.0% ------ 120 computeLaplacianImplicitCorrection [for]
|   |-> 2.49e-01 sec 0.1% 100.0% 0.0% 0.0% 0.00e+00 30 divlap.nonOrthCorr [region]
|   |   |-> 2.49e-01 sec 0.1% 100.0% 0.0% 0.0% 0.00e+00 30 assemble.spatialImplicit [region]
|   |       |-> 2.49e-01 sec 0.1% 100.0% 0.0% 0.0% 0.00e+00 30 momentum.assemble [region]
|   |           |-> 2.49e-01 sec 0.1% 100.0% 0.0% 0.0% 0.00e+00 30 neoSimpleFoam.momentumPredictor [region]
|   |               |-> 2.49e-01 sec 0.1% 100.0% 0.0% 0.0% 0.00e+00 30 neoSimpleFoam.timeStep [region]
|-> 2.89e-01 sec 0.1% 100.0% 0.0% ------ 30 addDivCorrectionToRhs [for]
|   |-> 2.89e-01 sec 0.1% 100.0% 0.0% 0.0% 0.00e+00 30 divlap.deferredCorr [region]
|       |-> 2.89e-01 sec 0.1% 100.0% 0.0% 0.0% 0.00e+00 30 assemble.spatialImplicit [region]
|           |-> 2.89e-01 sec 0.1% 100.0% 0.0% 0.0% 0.00e+00 30 momentum.assemble [region]
|               |-> 2.89e-01 sec 0.1% 100.0% 0.0% 0.0% 0.00e+00 30 neoSimpleFoam.momentumPredictor [region]
|                   |-> 2.89e-01 sec 0.1% 100.0% 0.0% 0.0% 0.00e+00 30 neoSimpleFoam.timeStep [region]
|-> 2.52e-01 sec 0.1% 100.0% 0.0% ------ 555 computeLinearInterpolationInternal [for]
|-> 2.42e-01 sec 0.1% 100.0% 0.0% ------ 90 computeLocalGaussGreenDivLaplacianCoefficients [for]

KOKKOS HOST SPACE:
===================
MAX MEMORY ALLOCATED: 1287770.6 kB
ALLOCATIONS AT TIME OF HIGH WATER MARK:
  29.9% neoSimpleFoam.timeStep/neoSimpleFoam.momentumPredictor/momentum.assemble/assemble.spatialImplicit/divlap.deferredCorr/luw.gradOpCtor/Vector
  29.9% neoSimpleFoam.timeStep/neoSimpleFoam.momentumPredictor/momentum.assemble/assemble.spatialImplicit/divlap.deferredCorr/luw.gradOpCtor/Vector
  15.4% neoSimpleFoam.timeStep/neoSimpleFoam.momentumPredictor/momentum.assemble/assemble.spatialImplicit/divlap.deferredCorr/luw.gradOpCtor/Vector
  14.9% neoSimpleFoam.timeStep/neoSimpleFoam.momentumPredictor/momentum.assemble/assemble.spatialImplicit/divlap.deferredCorr/luw.gradOpCtor/Vector
  5.0% neoSimpleFoam.timeStep/neoSimpleFoam.momentumPredictor/momentum.assemble/assemble.spatialImplicit/divlap.deferredCorr/luw.gradOpCtor/Vector
  5.0% neoSimpleFoam.timeStep/neoSimpleFoam.momentumPredictor/momentum.assemble/assemble.spatialImplicit/divlap.deferredCorr/luw.gradOpCtor/Vector

KOKKOS CUDA SPACE:
===================
MAX MEMORY ALLOCATED: 0.0 kB
ALLOCATIONS AT TIME OF HIGH WATER MARK:

KOKKOS HIP SPACE:
===================
MAX MEMORY ALLOCATED: 0.0 kB
ALLOCATIONS AT TIME OF HIGH WATER MARK:

KOKKOS SYCL SPACE:
===================
MAX MEMORY ALLOCATED: 0.0 kB
ALLOCATIONS AT TIME OF HIGH WATER MARK:

KOKKOS OpenMPTarget SPACE:
===================
MAX MEMORY ALLOCATED: 0.0 kB
ALLOCATIONS AT TIME OF HIGH WATER MARK:

Host process high water mark memory consumption: 14455016 kB

END KOKKOS PROFILING REPORT.

BEGIN KOKKOS PROFILING REPORT:
TOTAL TIME: 198.147934376 seconds
TOP-DOWN TIME TREE:
<average time> <percent of total time> <percent time in Kokkos> <percent MPI imbalance> <remainder> <kernels per second> <number of calls> <name> [type]
===================
|-> 1.49e+02 sec 75.3% 16.9% 0.0% 0.0% 3.32e+02 30 neoSimpleFoam.timeStep [region]
|   |-> 1.06e+02 sec 53.6% 8.4% 0.0% 5.0% 2.37e+02 30 neoSimpleFoam.pressureCorrector [region]
|   |   |-> 9.39e+01 sec 47.4% 2.0% 0.0% 54.6% 4.46e+01 30 neoSimpleFoam.pressureCorrector.pEqn [region]
|   |   |   |-> 3.85e+01 sec 19.4% 0.0% 0.0% 100.0% 0.00e+00 30 ginkgo.solverSetup [region]
|   |   |   |-> 1.94e+00 sec 1.0% 0.4% 0.0% 99.6% 1.80e+01 30 ginkgo.createMtx [region]
|   |   |   |-> 1.62e+00 sec 0.8% 86.3% 0.0% 13.7% 1.07e+03 30 assemble.spatialImplicit [region]
|   |   |   |   |-> 5.11e-01 sec 0.3% 100.0% 0.0% ------ 30 computeGradInternal [for]
|   |   |   |   |-> 2.55e-01 sec 0.1% 100.0% 0.0% ------ 601 fill [for]
|   |   |   |   |-> 2.28e-01 sec 0.1% 100.0% 0.0% ------ 750 computeGradBoundaryRefGrad [for]
|   |   |-> 1.39e+00 sec 0.7% 100.0% 0.0% ------ 3660 fill [for]
|   |   |-> 1.34e+00 sec 0.7% 100.0% 0.0% ------ 90 computeGradInternal [for]
|   |   |-> 1.10e+00 sec 0.6% 100.0% 0.0% ------ 8250 extrapolateValue [for]
|   |   |-> 7.69e-01 sec 0.4% 100.0% 0.0% ------ 2250 computeGradBoundaryRefGrad [for]
|   |   |-> 5.65e-01 sec 0.3% 100.0% 0.0% ------ 1530 parallelFor [for]
|   |   |-> 2.18e-01 sec 0.1% 100.0% 0.0% ------ 720 updateProcBoundaryOwnerValue [for]
|   |   |-> 2.12e-01 sec 0.1% 100.0% 0.0% ------ 660 setFixedValueVolume [for]
|   |   |-> 2.03e-01 sec 0.1% 100.0% 0.0% ------ 1590 setGradientValue [for]
|   |-> 2.07e+01 sec 10.5% 36.9% 0.0% 23.0% 2.78e+02 30 neoSimpleFoam.momentumPredictor [region]
|   |   |-> 1.05e+01 sec 5.3% 65.2% 0.0% 0.0% 4.91e+02 30 momentum.assemble [region]
|   |   |   |-> 9.11e+00 sec 4.6% 63.0% 0.0% 0.0% 4.55e+02 30 assemble.spatialImplicit [region]
|   |   |   |   |-> 6.17e+00 sec 3.1% 50.4% 0.0% 1.6% 3.75e+02 30 divlap.deferredCorr [region]
|   |   |   |   |   |-> 2.08e+00 sec 1.1% 94.6% 0.0% 0.0% 7.34e+02 30 luw.gradCompute [region]
|   |   |   |   |   |   |-> 1.75e+00 sec 0.9% 93.7% 0.0% 6.3% 6.85e+02 30 clg.baseGrad [region]
|   |   |   |   |   |   |   |-> 6.79e-01 sec 0.3% 100.0% 0.0% ------ 780 computeGradTensorBoundaryReconstruct [for]
|   |   |   |   |   |   |   |-> 5.31e-01 sec 0.3% 100.0% 0.0% ------ 30 computeGradTensorInternal [for]
|   |   |   |   |   |   |   |-> 2.44e-01 sec 0.1% 100.0% 0.0% ------ 210 fill [for]
|   |   |   |   |   |   |-> 3.32e-01 sec 0.2% 99.7% 0.0% 0.3% 9.94e+02 30 clg.limiter [region]
|   |   |   |   |   |-> 1.81e+00 sec 0.9% 1.1% 0.0% 98.9% 1.66e+00 30 luw.gradOpCtor [region]
|   |   |   |   |   |-> 1.09e+00 sec 0.6% 13.3% 0.0% 86.7% 3.02e+02 30 luw.applyCorr [region]
|   |   |   |   |   |-> 6.40e-01 sec 0.3% 82.3% 0.0% 17.7% 3.28e+02 30 luw.gradAlloc [region]
|   |   |   |   |   |   |-> 5.27e-01 sec 0.3% 100.0% 0.0% ------ 210 fill [for]
|   |   |   |   |   |-> 3.54e-01 sec 0.2% 100.0% 0.0% ------ 30 addDivCorrectionToRhs [for]
|   |   |   |   |-> 2.51e+00 sec 1.3% 87.5% 0.0% 12.5% 6.57e+02 30 divlap.nonOrthCorr [region]
|   |   |   |   |   |-> 7.31e-01 sec 0.4% 100.0% 0.0% ------ 30 computeGradTensorInternal [for]
|   |   |   |   |   |-> 6.05e-01 sec 0.3% 100.0% 0.0% ------ 601 fill [for]
|   |   |   |   |   |-> 3.02e-01 sec 0.2% 100.0% 0.0% ------ 30 computeLaplacianImplicitCorrection [for]
|   |   |   |   |   |-> 2.54e-01 sec 0.1% 100.0% 0.0% ------ 780 computeGradTensorBoundaryReconstruct [for]
|   |   |   |   |-> 2.36e-01 sec 0.1% 99.8% 0.0% 0.2% 3.81e+02 30 divlap.matrixCoeffs [region]
|   |   |   |-> 1.25e+00 sec 0.6% 77.4% 0.0% 22.6% 6.70e+02 30 assemble.explicitSource [region]
|   |   |   |   |-> 5.51e-01 sec 0.3% 100.0% 0.0% ------ 420 fill [for]
|   |   |-> 2.32e+00 sec 1.2% 1.3% 0.0% 98.7% 1.16e+01 30 momentum.construct [region]
|   |   |-> 1.98e+00 sec 1.0% 0.4% 0.0% 99.6% 1.77e+01 30 ginkgo.createMtx [region]
|   |   |-> 8.89e-01 sec 0.4% 82.7% 0.0% 17.3% 5.73e+02 30 assemble.explicitSource [region]
|   |   |   |-> 2.91e-01 sec 0.1% 100.0% 0.0% ------ 30 computeGradInternal [for]
|   |   |-> 2.47e-01 sec 0.1% 0.0% 0.0% 100.0% 0.00e+00 30 ginkgo.solverSetup [region]
|   |-> 2.01e+01 sec 10.1% 42.7% 0.0% 32.1% 9.26e+02 30 neoSimpleFoam.turbulenceCorrect [region]
|   |   |-> 4.07e+00 sec 2.1% 0.3% 0.0% 99.7% 1.72e+01 60 ginkgo.createMtx [region]
|   |   |-> 3.45e+00 sec 1.7% 86.0% 0.0% 14.0% 1.08e+03 60 assemble.spatialImplicit [region]
|   |   |   |-> 7.71e-01 sec 0.4% 100.0% 0.0% ------ 60 computeGradInternal [for]
|   |   |   |-> 5.44e-01 sec 0.3% 100.0% 0.0% ------ 1202 fill [for]
|   |   |   |-> 4.00e-01 sec 0.2% 100.0% 0.0% ------ 630 computeGradBoundaryFixedValue [for]
|   |   |   |-> 3.36e-01 sec 0.2% 100.0% 0.0% ------ 930 computeGradBoundaryRefGrad [for]
|   |   |   |-> 2.81e-01 sec 0.1% 100.0% 0.0% ------ 60 computeLocalGaussGreenDivLaplacianCoefficients [for]
|   |   |-> 7.28e-01 sec 0.4% 100.0% 0.0% ------ 1467 fill [for]
|   |   |-> 6.56e-01 sec 0.3% 100.0% 0.0% ------ 60 computeGradInternal [for]
|   |   |-> 5.15e-01 sec 0.3% 100.0% 0.0% ------ 780 computeGradTensorBoundaryReconstruct [for]
|   |   |-> 5.11e-01 sec 0.3% 100.0% 0.0% ------ 30 computeGradTensorInternal [for]
|   |   |-> 5.04e-01 sec 0.3% 0.0% 0.0% 100.0% 0.00e+00 60 ginkgo.solverSetup [region]
|   |   |-> 3.70e-01 sec 0.2% 100.0% 0.0% ------ 930 computeGradBoundaryRefGrad [for]
|   |   |-> 2.12e-01 sec 0.1% 100.0% 0.0% ------ 1650 extrapolateValue [for]
|   |   |-> 2.08e-01 sec 0.1% 100.0% 0.0% ------ 1590 setGradientValue [for]
|   |   |-> 2.06e-01 sec 0.1% 100.0% 0.0% ------ 1530 setNutUSpaldingWallFunction [for]
|   |   |-> 2.05e-01 sec 0.1% 100.0% 0.0% ------ 1530 kOmegaSST::omegaWFGFeedback [for]
|   |-> 2.19e+00 sec 1.1% 0.0% 0.0% 100.0% 0.00e+00 30 neoSimpleFoam.write [region]
|-> 4.56e+01 sec 23.0% 0.6% 0.0% 99.4% 2.06e+01 1 neoSimpleFoam.setup [region]

BOTTOM-UP TIME TREE:
<average time> <percent of total time> <percent time in Kokkos> <percent MPI imbalance> <number of calls> <name> [type]
===================
|-> 5.13e+01 sec 25.9% 0.0% 0.0% 0.0% 0.00e+00 30 neoSimpleFoam.pressureCorrector.pEqn [region]
|   |-> 5.13e+01 sec 25.9% 0.0% 0.0% 0.0% 0.00e+00 30 neoSimpleFoam.pressureCorrector [region]
|       |-> 5.13e+01 sec 25.9% 0.0% 0.0% 0.0% 0.00e+00 30 neoSimpleFoam.timeStep [region]
|-> 4.53e+01 sec 22.9% 0.0% 0.0% 0.0% 0.00e+00 1 neoSimpleFoam.setup [region]
|-> 3.93e+01 sec 19.8% 0.0% 0.0% 0.0% 0.00e+00 120 ginkgo.solverSetup [region]
|   |-> 3.85e+01 sec 19.4% 0.0% 0.0% 0.0% 0.00e+00 30 neoSimpleFoam.pressureCorrector.pEqn [region]
|   |   |-> 3.85e+01 sec 19.4% 0.0% 0.0% 0.0% 0.00e+00 30 neoSimpleFoam.pressureCorrector [region]
|   |       |-> 3.85e+01 sec 19.4% 0.0% 0.0% 0.0% 0.00e+00 30 neoSimpleFoam.timeStep [region]
|   |-> 5.04e-01 sec 0.3% 0.0% 0.0% 0.0% 0.00e+00 60 neoSimpleFoam.turbulenceCorrect [region]
|   |   |-> 5.04e-01 sec 0.3% 0.0% 0.0% 0.0% 0.00e+00 60 neoSimpleFoam.timeStep [region]
|   |-> 2.47e-01 sec 0.1% 0.0% 0.0% 0.0% 0.00e+00 30 neoSimpleFoam.momentumPredictor [region]
|       |-> 2.47e-01 sec 0.1% 0.0% 0.0% 0.0% 0.00e+00 30 neoSimpleFoam.timeStep [region]
|-> 7.96e+00 sec 4.0% 0.0% 0.0% 0.0% 0.00e+00 120 ginkgo.createMtx [region]
|   |-> 4.06e+00 sec 2.0% 0.0% 0.0% 0.0% 0.00e+00 60 neoSimpleFoam.turbulenceCorrect [region]
|   |   |-> 4.06e+00 sec 2.0% 0.0% 0.0% 0.0% 0.00e+00 60 neoSimpleFoam.timeStep [region]
|   |-> 1.97e+00 sec 1.0% 0.0% 0.0% 0.0% 0.00e+00 30 neoSimpleFoam.momentumPredictor [region]
|   |   |-> 1.97e+00 sec 1.0% 0.0% 0.0% 0.0% 0.00e+00 30 neoSimpleFoam.timeStep [region]
|   |-> 1.93e+00 sec 1.0% 0.0% 0.0% 0.0% 0.00e+00 30 neoSimpleFoam.pressureCorrector.pEqn [region]
|       |-> 1.93e+00 sec 1.0% 0.0% 0.0% 0.0% 0.00e+00 30 neoSimpleFoam.pressureCorrector [region]
|           |-> 1.93e+00 sec 1.0% 0.0% 0.0% 0.0% 0.00e+00 30 neoSimpleFoam.timeStep [region]
|-> 6.45e+00 sec 3.3% 0.0% 0.0% 0.0% 0.00e+00 30 neoSimpleFoam.turbulenceCorrect [region]
|   |-> 6.45e+00 sec 3.3% 0.0% 0.0% 0.0% 0.00e+00 30 neoSimpleFoam.timeStep [region]
|-> 5.55e+00 sec 2.8% 100.0% 0.0% ------ 9834 fill [for]
|   |-> 1.39e+00 sec 0.7% 100.0% 0.0% 0.0% 0.00e+00 3660 neoSimpleFoam.pressureCorrector [region]
|   |   |-> 1.39e+00 sec 0.7% 100.0% 0.0% 0.0% 0.00e+00 3660 neoSimpleFoam.timeStep [region]
|   |-> 7.99e-01 sec 0.4% 100.0% 0.0% 0.0% 0.00e+00 1803 assemble.spatialImplicit [region]
|   |   |-> 5.44e-01 sec 0.3% 100.0% 0.0% 0.0% 0.00e+00 1202 neoSimpleFoam.turbulenceCorrect [region]
|   |   |   |-> 5.44e-01 sec 0.3% 100.0% 0.0% 0.0% 0.00e+00 1202 neoSimpleFoam.timeStep [region]
|   |   |-> 2.55e-01 sec 0.1% 100.0% 0.0% 0.0% 0.00e+00 601 neoSimpleFoam.pressureCorrector.pEqn [region]
|   |       |-> 2.55e-01 sec 0.1% 100.0% 0.0% 0.0% 0.00e+00 601 neoSimpleFoam.pressureCorrector [region]
|   |           |-> 2.55e-01 sec 0.1% 100.0% 0.0% 0.0% 0.00e+00 601 neoSimpleFoam.timeStep [region]
|   |-> 7.88e-01 sec 0.4% 100.0% 0.0% 0.0% 0.00e+00 780 assemble.explicitSource [region]
|   |   |-> 5.51e-01 sec 0.3% 100.0% 0.0% 0.0% 0.00e+00 420 momentum.assemble [region]
|   |   |   |-> 5.51e-01 sec 0.3% 100.0% 0.0% 0.0% 0.00e+00 420 neoSimpleFoam.momentumPredictor [region]
|   |   |       |-> 5.51e-01 sec 0.3% 100.0% 0.0% 0.0% 0.00e+00 420 neoSimpleFoam.timeStep [region]
|   |-> 7.28e-01 sec 0.4% 100.0% 0.0% 0.0% 0.00e+00 1467 neoSimpleFoam.turbulenceCorrect [region]
|   |   |-> 7.28e-01 sec 0.4% 100.0% 0.0% 0.0% 0.00e+00 1467 neoSimpleFoam.timeStep [region]
|   |-> 6.05e-01 sec 0.3% 100.0% 0.0% 0.0% 0.00e+00 601 divlap.nonOrthCorr [region]
|   |   |-> 6.05e-01 sec 0.3% 100.0% 0.0% 0.0% 0.00e+00 601 assemble.spatialImplicit [region]
|   |       |-> 6.05e-01 sec 0.3% 100.0% 0.0% 0.0% 0.00e+00 601 momentum.assemble [region]
|   |           |-> 6.05e-01 sec 0.3% 100.0% 0.0% 0.0% 0.00e+00 601 neoSimpleFoam.momentumPredictor [region]
|   |               |-> 6.05e-01 sec 0.3% 100.0% 0.0% 0.0% 0.00e+00 601 neoSimpleFoam.timeStep [region]
|   |-> 5.27e-01 sec 0.3% 100.0% 0.0% 0.0% 0.00e+00 210 luw.gradAlloc [region]
|   |   |-> 5.27e-01 sec 0.3% 100.0% 0.0% 0.0% 0.00e+00 210 divlap.deferredCorr [region]
|   |       |-> 5.27e-01 sec 0.3% 100.0% 0.0% 0.0% 0.00e+00 210 assemble.spatialImplicit [region]
|   |           |-> 5.27e-01 sec 0.3% 100.0% 0.0% 0.0% 0.00e+00 210 momentum.assemble [region]
|   |               |-> 5.27e-01 sec 0.3% 100.0% 0.0% 0.0% 0.00e+00 210 neoSimpleFoam.momentumPredictor [region]
|   |                   |-> 5.27e-01 sec 0.3% 100.0% 0.0% 0.0% 0.00e+00 210 neoSimpleFoam.timeStep [region]
|   |-> 2.44e-01 sec 0.1% 100.0% 0.0% 0.0% 0.00e+00 210 clg.baseGrad [region]
|   |   |-> 2.44e-01 sec 0.1% 100.0% 0.0% 0.0% 0.00e+00 210 luw.gradCompute [region]
|   |       |-> 2.44e-01 sec 0.1% 100.0% 0.0% 0.0% 0.00e+00 210 divlap.deferredCorr [region]
|   |           |-> 2.44e-01 sec 0.1% 100.0% 0.0% 0.0% 0.00e+00 210 assemble.spatialImplicit [region]
|   |               |-> 2.44e-01 sec 0.1% 100.0% 0.0% 0.0% 0.00e+00 210 momentum.assemble [region]
|   |                   |-> 2.44e-01 sec 0.1% 100.0% 0.0% 0.0% 0.00e+00 210 neoSimpleFoam.momentumPredictor [region]
|   |                       |-> 2.44e-01 sec 0.1% 100.0% 0.0% 0.0% 0.00e+00 210 neoSimpleFoam.timeStep [region]
|-> 5.27e+00 sec 2.7% 0.0% 0.0% 0.0% 0.00e+00 30 neoSimpleFoam.pressureCorrector [region]
|   |-> 5.27e+00 sec 2.7% 0.0% 0.0% 0.0% 0.00e+00 30 neoSimpleFoam.timeStep [region]
|-> 4.76e+00 sec 2.4% 0.0% 0.0% 0.0% 0.00e+00 30 neoSimpleFoam.momentumPredictor [region]
|   |-> 4.76e+00 sec 2.4% 0.0% 0.0% 0.0% 0.00e+00 30 neoSimpleFoam.timeStep [region]
|-> 3.59e+00 sec 1.8% 100.0% 0.0% ------ 272 computeGradInternal [for]
|   |-> 1.34e+00 sec 0.7% 100.0% 0.0% 0.0% 0.00e+00 90 neoSimpleFoam.pressureCorrector [region]
|   |   |-> 1.34e+00 sec 0.7% 100.0% 0.0% 0.0% 0.00e+00 90 neoSimpleFoam.timeStep [region]
|   |-> 1.28e+00 sec 0.6% 100.0% 0.0% 0.0% 0.00e+00 90 assemble.spatialImplicit [region]
|   |   |-> 7.71e-01 sec 0.4% 100.0% 0.0% 0.0% 0.00e+00 60 neoSimpleFoam.turbulenceCorrect [region]
|   |   |   |-> 7.71e-01 sec 0.4% 100.0% 0.0% 0.0% 0.00e+00 60 neoSimpleFoam.timeStep [region]
|   |   |-> 5.11e-01 sec 0.3% 100.0% 0.0% 0.0% 0.00e+00 30 neoSimpleFoam.pressureCorrector.pEqn [region]
|   |       |-> 5.11e-01 sec 0.3% 100.0% 0.0% 0.0% 0.00e+00 30 neoSimpleFoam.pressureCorrector [region]
|   |           |-> 5.11e-01 sec 0.3% 100.0% 0.0% 0.0% 0.00e+00 30 neoSimpleFoam.timeStep [region]
|   |-> 6.56e-01 sec 0.3% 100.0% 0.0% 0.0% 0.00e+00 60 neoSimpleFoam.turbulenceCorrect [region]
|   |   |-> 6.56e-01 sec 0.3% 100.0% 0.0% 0.0% 0.00e+00 60 neoSimpleFoam.timeStep [region]
|   |-> 2.91e-01 sec 0.1% 100.0% 0.0% 0.0% 0.00e+00 30 assemble.explicitSource [region]
|   |   |-> 2.91e-01 sec 0.1% 100.0% 0.0% 0.0% 0.00e+00 30 neoSimpleFoam.momentumPredictor [region]
|   |       |-> 2.91e-01 sec 0.1% 100.0% 0.0% 0.0% 0.00e+00 30 neoSimpleFoam.timeStep [region]
|-> 2.29e+00 sec 1.2% 0.0% 0.0% 0.0% 0.00e+00 30 momentum.construct [region]
|   |-> 2.29e+00 sec 1.2% 0.0% 0.0% 0.0% 0.00e+00 30 neoSimpleFoam.momentumPredictor [region]
|       |-> 2.29e+00 sec 1.2% 0.0% 0.0% 0.0% 0.00e+00 30 neoSimpleFoam.timeStep [region]
|-> 2.19e+00 sec 1.1% 0.0% 0.0% 0.0% 0.00e+00 30 neoSimpleFoam.write [region]
|   |-> 2.19e+00 sec 1.1% 0.0% 0.0% 0.0% 0.00e+00 30 neoSimpleFoam.timeStep [region]
|-> 1.80e+00 sec 0.9% 100.0% 0.0% ------ 91 computeGradTensorInternal [for]
|   |-> 7.31e-01 sec 0.4% 100.0% 0.0% 0.0% 0.00e+00 30 divlap.nonOrthCorr [region]
|   |   |-> 7.31e-01 sec 0.4% 100.0% 0.0% 0.0% 0.00e+00 30 assemble.spatialImplicit [region]
|   |       |-> 7.31e-01 sec 0.4% 100.0% 0.0% 0.0% 0.00e+00 30 momentum.assemble [region]
|   |           |-> 7.31e-01 sec 0.4% 100.0% 0.0% 0.0% 0.00e+00 30 neoSimpleFoam.momentumPredictor [region]
|   |               |-> 7.31e-01 sec 0.4% 100.0% 0.0% 0.0% 0.00e+00 30 neoSimpleFoam.timeStep [region]
|   |-> 5.31e-01 sec 0.3% 100.0% 0.0% 0.0% 0.00e+00 30 clg.baseGrad [region]
|   |   |-> 5.31e-01 sec 0.3% 100.0% 0.0% 0.0% 0.00e+00 30 luw.gradCompute [region]
|   |       |-> 5.31e-01 sec 0.3% 100.0% 0.0% 0.0% 0.00e+00 30 divlap.deferredCorr [region]
|   |           |-> 5.31e-01 sec 0.3% 100.0% 0.0% 0.0% 0.00e+00 30 assemble.spatialImplicit [region]
|   |               |-> 5.31e-01 sec 0.3% 100.0% 0.0% 0.0% 0.00e+00 30 momentum.assemble [region]
|   |                   |-> 5.31e-01 sec 0.3% 100.0% 0.0% 0.0% 0.00e+00 30 neoSimpleFoam.momentumPredictor [region]
|   |                       |-> 5.31e-01 sec 0.3% 100.0% 0.0% 0.0% 0.00e+00 30 neoSimpleFoam.timeStep [region]
|   |-> 5.11e-01 sec 0.3% 100.0% 0.0% 0.0% 0.00e+00 30 neoSimpleFoam.turbulenceCorrect [region]
|   |   |-> 5.11e-01 sec 0.3% 100.0% 0.0% 0.0% 0.00e+00 30 neoSimpleFoam.timeStep [region]
|-> 1.79e+00 sec 0.9% 0.0% 0.0% 0.0% 0.00e+00 30 luw.gradOpCtor [region]
|   |-> 1.79e+00 sec 0.9% 0.0% 0.0% 0.0% 0.00e+00 30 divlap.deferredCorr [region]
|       |-> 1.79e+00 sec 0.9% 0.0% 0.0% 0.0% 0.00e+00 30 assemble.spatialImplicit [region]
|           |-> 1.79e+00 sec 0.9% 0.0% 0.0% 0.0% 0.00e+00 30 momentum.assemble [region]
|               |-> 1.79e+00 sec 0.9% 0.0% 0.0% 0.0% 0.00e+00 30 neoSimpleFoam.momentumPredictor [region]
|                   |-> 1.79e+00 sec 0.9% 0.0% 0.0% 0.0% 0.00e+00 30 neoSimpleFoam.timeStep [region]
|-> 1.72e+00 sec 0.9% 100.0% 0.0% ------ 4891 computeGradBoundaryRefGrad [for]
|   |-> 7.69e-01 sec 0.4% 100.0% 0.0% 0.0% 0.00e+00 2250 neoSimpleFoam.pressureCorrector [region]
|   |   |-> 7.69e-01 sec 0.4% 100.0% 0.0% 0.0% 0.00e+00 2250 neoSimpleFoam.timeStep [region]
|   |-> 5.64e-01 sec 0.3% 100.0% 0.0% 0.0% 0.00e+00 1680 assemble.spatialImplicit [region]
|   |   |-> 3.36e-01 sec 0.2% 100.0% 0.0% 0.0% 0.00e+00 930 neoSimpleFoam.turbulenceCorrect [region]
|   |   |   |-> 3.36e-01 sec 0.2% 100.0% 0.0% 0.0% 0.00e+00 930 neoSimpleFoam.timeStep [region]
|   |   |-> 2.28e-01 sec 0.1% 100.0% 0.0% 0.0% 0.00e+00 750 neoSimpleFoam.pressureCorrector.pEqn [region]
|   |       |-> 2.28e-01 sec 0.1% 100.0% 0.0% 0.0% 0.00e+00 750 neoSimpleFoam.pressureCorrector [region]
|   |           |-> 2.28e-01 sec 0.1% 100.0% 0.0% 0.0% 0.00e+00 750 neoSimpleFoam.timeStep [region]
|   |-> 3.70e-01 sec 0.2% 100.0% 0.0% 0.0% 0.00e+00 930 neoSimpleFoam.turbulenceCorrect [region]
|   |   |-> 3.70e-01 sec 0.2% 100.0% 0.0% 0.0% 0.00e+00 930 neoSimpleFoam.timeStep [region]
|-> 1.46e+00 sec 0.7% 100.0% 0.0% ------ 2366 computeGradTensorBoundaryReconstruct [for]
|   |-> 6.79e-01 sec 0.3% 100.0% 0.0% 0.0% 0.00e+00 780 clg.baseGrad [region]
|   |   |-> 6.79e-01 sec 0.3% 100.0% 0.0% 0.0% 0.00e+00 780 luw.gradCompute [region]
|   |       |-> 6.79e-01 sec 0.3% 100.0% 0.0% 0.0% 0.00e+00 780 divlap.deferredCorr [region]
|   |           |-> 6.79e-01 sec 0.3% 100.0% 0.0% 0.0% 0.00e+00 780 assemble.spatialImplicit [region]
|   |               |-> 6.79e-01 sec 0.3% 100.0% 0.0% 0.0% 0.00e+00 780 momentum.assemble [region]
|   |                   |-> 6.79e-01 sec 0.3% 100.0% 0.0% 0.0% 0.00e+00 780 neoSimpleFoam.momentumPredictor [region]
|   |                       |-> 6.79e-01 sec 0.3% 100.0% 0.0% 0.0% 0.00e+00 780 neoSimpleFoam.timeStep [region]
|   |-> 5.15e-01 sec 0.3% 100.0% 0.0% 0.0% 0.00e+00 780 neoSimpleFoam.turbulenceCorrect [region]
|   |   |-> 5.15e-01 sec 0.3% 100.0% 0.0% 0.0% 0.00e+00 780 neoSimpleFoam.timeStep [region]
|   |-> 2.54e-01 sec 0.1% 100.0% 0.0% 0.0% 0.00e+00 780 divlap.nonOrthCorr [region]
|   |   |-> 2.54e-01 sec 0.1% 100.0% 0.0% 0.0% 0.00e+00 780 assemble.spatialImplicit [region]
|   |       |-> 2.54e-01 sec 0.1% 100.0% 0.0% 0.0% 0.00e+00 780 momentum.assemble [region]
|   |           |-> 2.54e-01 sec 0.1% 100.0% 0.0% 0.0% 0.00e+00 780 neoSimpleFoam.momentumPredictor [region]
|   |               |-> 2.54e-01 sec 0.1% 100.0% 0.0% 0.0% 0.00e+00 780 neoSimpleFoam.timeStep [region]
|-> 1.33e+00 sec 0.7% 100.0% 0.0% ------ 9955 extrapolateValue [for]
|   |-> 1.10e+00 sec 0.6% 100.0% 0.0% 0.0% 0.00e+00 8250 neoSimpleFoam.pressureCorrector [region]
|   |   |-> 1.10e+00 sec 0.6% 100.0% 0.0% 0.0% 0.00e+00 8250 neoSimpleFoam.timeStep [region]
|   |-> 2.12e-01 sec 0.1% 100.0% 0.0% 0.0% 0.00e+00 1650 neoSimpleFoam.turbulenceCorrect [region]
|   |   |-> 2.12e-01 sec 0.1% 100.0% 0.0% 0.0% 0.00e+00 1650 neoSimpleFoam.timeStep [region]
|-> 1.17e+00 sec 0.6% 100.0% 0.0% ------ 2532 parallelFor [for]
|   |-> 5.65e-01 sec 0.3% 100.0% 0.0% 0.0% 0.00e+00 1530 neoSimpleFoam.pressureCorrector [region]
|   |   |-> 5.65e-01 sec 0.3% 100.0% 0.0% 0.0% 0.00e+00 1530 neoSimpleFoam.timeStep [region]
|   |-> 2.80e-01 sec 0.1% 100.0% 0.0% 0.0% 0.00e+00 240 assemble.explicitSource [region]
|-> 9.48e-01 sec 0.5% 0.0% 0.0% 0.0% 0.00e+00 30 luw.applyCorr [region]
|   |-> 9.48e-01 sec 0.5% 0.0% 0.0% 0.0% 0.00e+00 30 divlap.deferredCorr [region]
|       |-> 9.48e-01 sec 0.5% 0.0% 0.0% 0.0% 0.00e+00 30 assemble.spatialImplicit [region]
|           |-> 9.48e-01 sec 0.5% 0.0% 0.0% 0.0% 0.00e+00 30 momentum.assemble [region]
|               |-> 9.48e-01 sec 0.5% 0.0% 0.0% 0.0% 0.00e+00 30 neoSimpleFoam.momentumPredictor [region]
|                   |-> 9.48e-01 sec 0.5% 0.0% 0.0% 0.0% 0.00e+00 30 neoSimpleFoam.timeStep [region]
|-> 7.06e-01 sec 0.4% 0.0% 0.0% 0.0% 0.00e+00 120 assemble.spatialImplicit [region]
|   |-> 4.84e-01 sec 0.2% 0.0% 0.0% 0.0% 0.00e+00 60 neoSimpleFoam.turbulenceCorrect [region]
|   |   |-> 4.84e-01 sec 0.2% 0.0% 0.0% 0.0% 0.00e+00 60 neoSimpleFoam.timeStep [region]
|   |-> 2.22e-01 sec 0.1% 0.0% 0.0% 0.0% 0.00e+00 30 neoSimpleFoam.pressureCorrector.pEqn [region]
|   |   |-> 2.22e-01 sec 0.1% 0.0% 0.0% 0.0% 0.00e+00 30 neoSimpleFoam.pressureCorrector [region]
|   |       |-> 2.22e-01 sec 0.1% 0.0% 0.0% 0.0% 0.00e+00 30 neoSimpleFoam.timeStep [region]
|-> 6.60e-01 sec 0.3% 100.0% 0.0% ------ 1401 computeGradBoundaryFixedValue [for]
|   |-> 4.12e-01 sec 0.2% 100.0% 0.0% 0.0% 0.00e+00 660 assemble.spatialImplicit [region]
|   |   |-> 4.00e-01 sec 0.2% 100.0% 0.0% 0.0% 0.00e+00 630 neoSimpleFoam.turbulenceCorrect [region]
|   |   |   |-> 4.00e-01 sec 0.2% 100.0% 0.0% 0.0% 0.00e+00 630 neoSimpleFoam.timeStep [region]
|-> 5.62e-01 sec 0.3% 100.0% 0.0% ------ 4954 setGradientValue [for]
|   |-> 2.08e-01 sec 0.1% 100.0% 0.0% 0.0% 0.00e+00 1590 neoSimpleFoam.turbulenceCorrect [region]
|   |   |-> 2.08e-01 sec 0.1% 100.0% 0.0% 0.0% 0.00e+00 1590 neoSimpleFoam.timeStep [region]
|   |-> 2.03e-01 sec 0.1% 100.0% 0.0% 0.0% 0.00e+00 1590 neoSimpleFoam.pressureCorrector [region]
|   |   |-> 2.03e-01 sec 0.1% 100.0% 0.0% 0.0% 0.00e+00 1590 neoSimpleFoam.timeStep [region]
|-> 5.29e-01 sec 0.3% 100.0% 0.0% ------ 555 computeLinearInterpolationInternal [for]
|-> 4.76e-01 sec 0.2% 0.0% 0.0% 0.0% 0.00e+00 150 assemble.explicitSource [region]
|   |-> 2.83e-01 sec 0.1% 0.0% 0.0% 0.0% 0.00e+00 30 momentum.assemble [region]
|   |   |-> 2.83e-01 sec 0.1% 0.0% 0.0% 0.0% 0.00e+00 30 neoSimpleFoam.momentumPredictor [region]
|   |       |-> 2.83e-01 sec 0.1% 0.0% 0.0% 0.0% 0.00e+00 30 neoSimpleFoam.timeStep [region]
|-> 4.60e-01 sec 0.2% 100.0% 0.0% ------ 90 computeLocalGaussGreenDivLaplacianCoefficients [for]
|   |-> 2.81e-01 sec 0.1% 100.0% 0.0% 0.0% 0.00e+00 60 assemble.spatialImplicit [region]
|   |   |-> 2.81e-01 sec 0.1% 100.0% 0.0% 0.0% 0.00e+00 60 neoSimpleFoam.turbulenceCorrect [region]
|   |       |-> 2.81e-01 sec 0.1% 100.0% 0.0% 0.0% 0.00e+00 60 neoSimpleFoam.timeStep [region]
|-> 4.04e-01 sec 0.2% 100.0% 0.0% ------ 120 computeLaplacianImplicitCorrection [for]
|   |-> 3.02e-01 sec 0.2% 100.0% 0.0% 0.0% 0.00e+00 30 divlap.nonOrthCorr [region]
|   |   |-> 3.02e-01 sec 0.2% 100.0% 0.0% 0.0% 0.00e+00 30 assemble.spatialImplicit [region]
|   |       |-> 3.02e-01 sec 0.2% 100.0% 0.0% 0.0% 0.00e+00 30 momentum.assemble [region]
|   |           |-> 3.02e-01 sec 0.2% 100.0% 0.0% 0.0% 0.00e+00 30 neoSimpleFoam.momentumPredictor [region]
|   |               |-> 3.02e-01 sec 0.2% 100.0% 0.0% 0.0% 0.00e+00 30 neoSimpleFoam.timeStep [region]
|-> 3.73e-01 sec 0.2% 100.0% 0.0% ------ 1302 updateProcBoundaryOwnerValue [for]
|   |-> 2.18e-01 sec 0.1% 100.0% 0.0% 0.0% 0.00e+00 720 neoSimpleFoam.pressureCorrector [region]
|   |   |-> 2.18e-01 sec 0.1% 100.0% 0.0% 0.0% 0.00e+00 720 neoSimpleFoam.timeStep [region]
|-> 3.54e-01 sec 0.2% 100.0% 0.0% ------ 30 addDivCorrectionToRhs [for]
|   |-> 3.54e-01 sec 0.2% 100.0% 0.0% 0.0% 0.00e+00 30 divlap.deferredCorr [region]
|       |-> 3.54e-01 sec 0.2% 100.0% 0.0% 0.0% 0.00e+00 30 assemble.spatialImplicit [region]
|           |-> 3.54e-01 sec 0.2% 100.0% 0.0% 0.0% 0.00e+00 30 momentum.assemble [region]
|               |-> 3.54e-01 sec 0.2% 100.0% 0.0% 0.0% 0.00e+00 30 neoSimpleFoam.momentumPredictor [region]
|                   |-> 3.54e-01 sec 0.2% 100.0% 0.0% 0.0% 0.00e+00 30 neoSimpleFoam.timeStep [region]
|-> 3.16e-01 sec 0.2% 100.0% 0.0% ------ 555 computeLinearInterpolationBoundary [for]
|-> 3.14e-01 sec 0.2% 0.0% 0.0% 0.0% 0.00e+00 30 divlap.nonOrthCorr [region]
|   |-> 3.14e-01 sec 0.2% 0.0% 0.0% 0.0% 0.00e+00 30 assemble.spatialImplicit [region]
|       |-> 3.14e-01 sec 0.2% 0.0% 0.0% 0.0% 0.00e+00 30 momentum.assemble [region]
|           |-> 3.14e-01 sec 0.2% 0.0% 0.0% 0.0% 0.00e+00 30 neoSimpleFoam.momentumPredictor [region]
|               |-> 3.14e-01 sec 0.2% 0.0% 0.0% 0.0% 0.00e+00 30 neoSimpleFoam.timeStep [region]
|-> 3.09e-01 sec 0.2% 100.0% 0.0% ------ 555 computeLinearInterpolationProcBoundary [for]
|-> 2.84e-01 sec 0.1% 100.0% 0.0% ------ 272 computeGradBoundary [for]
|-> 2.84e-01 sec 0.1% 100.0% 0.0% ------ 91 computeGradTensorCells [for]
|-> 2.62e-01 sec 0.1% 100.0% 0.0% ------ 858 setProcBoundaryCoefficients [for]
|-> 2.25e-01 sec 0.1% 100.0% 0.0% ------ 755 setFixedValueVolume [for]
|   |-> 2.12e-01 sec 0.1% 100.0% 0.0% 0.0% 0.00e+00 660 neoSimpleFoam.pressureCorrector [region]
|   |   |-> 2.12e-01 sec 0.1% 100.0% 0.0% 0.0% 0.00e+00 660 neoSimpleFoam.timeStep [region]
|-> 2.13e-01 sec 0.1% 100.0% 0.0% ------ 1581 setNutUSpaldingWallFunction [for]
|   |-> 2.06e-01 sec 0.1% 100.0% 0.0% 0.0% 0.00e+00 1530 neoSimpleFoam.turbulenceCorrect [region]
|   |   |-> 2.06e-01 sec 0.1% 100.0% 0.0% 0.0% 0.00e+00 1530 neoSimpleFoam.timeStep [region]
|-> 2.05e-01 sec 0.1% 100.0% 0.0% ------ 1530 kOmegaSST::omegaWFGFeedback [for]
|   |-> 2.05e-01 sec 0.1% 100.0% 0.0% 0.0% 0.00e+00 1530 neoSimpleFoam.turbulenceCorrect [region]
|       |-> 2.05e-01 sec 0.1% 100.0% 0.0% 0.0% 0.00e+00 1530 neoSimpleFoam.timeStep [region]
|-> 2.04e-01 sec 0.1% 100.0% 0.0% ------ 272 computeGradCells [for]

KOKKOS HOST SPACE:
===================
MAX MEMORY ALLOCATED: 1287083.0 kB
ALLOCATIONS AT TIME OF HIGH WATER MARK:
  29.9% neoSimpleFoam.timeStep/neoSimpleFoam.momentumPredictor/momentum.assemble/assemble.spatialImplicit/divlap.deferredCorr/luw.gradOpCtor/Vector
  29.9% neoSimpleFoam.timeStep/neoSimpleFoam.momentumPredictor/momentum.assemble/assemble.spatialImplicit/divlap.deferredCorr/luw.gradOpCtor/Vector
  15.4% neoSimpleFoam.timeStep/neoSimpleFoam.momentumPredictor/momentum.assemble/assemble.spatialImplicit/divlap.deferredCorr/luw.gradOpCtor/Vector
  14.9% neoSimpleFoam.timeStep/neoSimpleFoam.momentumPredictor/momentum.assemble/assemble.spatialImplicit/divlap.deferredCorr/luw.gradOpCtor/Vector
  5.0% neoSimpleFoam.timeStep/neoSimpleFoam.momentumPredictor/momentum.assemble/assemble.spatialImplicit/divlap.deferredCorr/luw.gradOpCtor/Vector
  5.0% neoSimpleFoam.timeStep/neoSimpleFoam.momentumPredictor/momentum.assemble/assemble.spatialImplicit/divlap.deferredCorr/luw.gradOpCtor/Vector

KOKKOS CUDA SPACE:
===================
MAX MEMORY ALLOCATED: 0.0 kB
ALLOCATIONS AT TIME OF HIGH WATER MARK:

KOKKOS HIP SPACE:
===================
MAX MEMORY ALLOCATED: 0.0 kB
ALLOCATIONS AT TIME OF HIGH WATER MARK:

KOKKOS SYCL SPACE:
===================
MAX MEMORY ALLOCATED: 0.0 kB
ALLOCATIONS AT TIME OF HIGH WATER MARK:

KOKKOS OpenMPTarget SPACE:
===================
MAX MEMORY ALLOCATED: 0.0 kB
ALLOCATIONS AT TIME OF HIGH WATER MARK:

Host process high water mark memory consumption: 14423288 kB

END KOKKOS PROFILING REPORT.
Finalizing NeoN

BEGIN KOKKOS PROFILING REPORT:
TOTAL TIME: 198.622897935 seconds
TOP-DOWN TIME TREE:
<average time> <percent of total time> <percent time in Kokkos> <percent MPI imbalance> <remainder> <kernels per second> <number of calls> <name> [type]
===================
|-> 1.49e+02 sec 75.2% 5.2% 0.0% 0.0% 3.69e+02 30 neoSimpleFoam.timeStep [region]
|   |-> 1.06e+02 sec 53.5% 1.8% 0.0% 10.4% 2.59e+02 30 neoSimpleFoam.pressureCorrector [region]
|   |   |-> 9.38e+01 sec 47.2% 0.6% 0.0% 62.7% 4.94e+01 30 neoSimpleFoam.pressureCorrector.pEqn [region]
|   |   |   |-> 3.12e+01 sec 15.7% 0.0% 0.0% 100.0% 0.00e+00 30 ginkgo.solverSetup [region]
|   |   |   |-> 3.20e+00 sec 1.6% 0.0% 0.0% 100.0% 1.09e+01 30 ginkgo.createMtx [region]
|   |   |   |-> 4.96e-01 sec 0.2% 91.8% 0.0% 8.2% 4.60e+03 30 assemble.spatialImplicit [region]
|   |   |   |   |-> 2.43e-01 sec 0.1% 100.0% 0.0% ------ 30 computeGradInternal [for]
|   |   |-> 7.31e-01 sec 0.4% 100.0% 0.0% ------ 90 computeGradInternal [for]
|   |-> 2.07e+01 sec 10.4% 15.2% 0.0% 23.3% 3.28e+02 30 neoSimpleFoam.momentumPredictor [region]
|   |   |-> 9.57e+00 sec 4.8% 29.1% 0.0% 0.0% 6.46e+02 30 momentum.assemble [region]
|   |   |   |-> 9.13e+00 sec 4.6% 26.2% 0.0% 0.0% 5.66e+02 30 assemble.spatialImplicit [region]
|   |   |   |   |-> 7.94e+00 sec 4.0% 16.3% 0.0% 0.3% 3.52e+02 30 divlap.deferredCorr [region]
|   |   |   |   |   |-> 4.88e+00 sec 2.5% 1.0% 0.0% 99.0% 5.54e+01 30 luw.applyCorr [region]
|   |   |   |   |   |-> 1.75e+00 sec 0.9% 1.1% 0.0% 98.9% 1.71e+00 30 luw.gradOpCtor [region]
|   |   |   |   |   |-> 7.84e-01 sec 0.4% 96.1% 0.0% 0.0% 2.64e+03 30 luw.gradCompute [region]
|   |   |   |   |   |   |-> 5.73e-01 sec 0.3% 94.9% 0.0% 5.1% 3.04e+03 30 clg.baseGrad [region]
|   |   |   |   |   |   |   |-> 3.42e-01 sec 0.2% 100.0% 0.0% ------ 30 computeGradTensorInternal [for]
|   |   |   |   |   |   |-> 2.12e-01 sec 0.1% 99.5% 0.0% 0.5% 1.56e+03 30 clg.limiter [region]
|   |   |   |   |   |-> 2.95e-01 sec 0.1% 100.0% 0.0% ------ 30 addDivCorrectionToRhs [for]
|   |   |   |   |-> 1.04e+00 sec 0.5% 91.7% 0.0% 8.3% 2.10e+03 30 divlap.nonOrthCorr [region]
|   |   |   |   |   |-> 3.42e-01 sec 0.2% 100.0% 0.0% ------ 30 computeGradTensorInternal [for]
|   |   |   |   |   |-> 2.57e-01 sec 0.1% 100.0% 0.0% ------ 30 computeLaplacianImplicitCorrection [for]
|   |   |   |   |   |-> 2.05e-01 sec 0.1% 100.0% 0.0% ------ 601 fill [for]
|   |   |   |-> 3.79e-01 sec 0.2% 87.2% 0.0% 12.8% 2.22e+03 30 assemble.explicitSource [region]
|   |   |-> 3.51e+00 sec 1.8% 0.0% 0.0% 100.0% 9.97e+00 30 ginkgo.createMtx [region]
|   |   |-> 2.31e+00 sec 1.2% 1.0% 0.0% 99.0% 1.17e+01 30 momentum.construct [region]
|   |   |-> 3.41e-01 sec 0.2% 94.4% 0.0% 5.6% 1.49e+03 30 assemble.explicitSource [region]
|   |   |   |-> 2.44e-01 sec 0.1% 100.0% 0.0% ------ 30 computeGradInternal [for]
|   |-> 1.99e+01 sec 10.0% 13.1% 0.0% 50.5% 1.05e+03 30 neoSimpleFoam.turbulenceCorrect [region]
|   |   |-> 6.89e+00 sec 3.5% 0.0% 0.0% 100.0% 1.02e+01 60 ginkgo.createMtx [region]
|   |   |-> 1.14e+00 sec 0.6% 92.1% 0.0% 7.9% 4.23e+03 60 assemble.spatialImplicit [region]
|   |   |   |-> 4.87e-01 sec 0.2% 100.0% 0.0% ------ 60 computeGradInternal [for]
|   |   |-> 4.87e-01 sec 0.2% 100.0% 0.0% ------ 60 computeGradInternal [for]
|   |   |-> 3.42e-01 sec 0.2% 100.0% 0.0% ------ 30 computeGradTensorInternal [for]
|   |   |-> 2.63e-01 sec 0.1% 0.0% 0.0% 100.0% 0.00e+00 60 ginkgo.solverSetup [region]
|   |-> 2.49e+00 sec 1.3% 0.0% 0.0% 100.0% 0.00e+00 30 neoSimpleFoam.write [region]
|-> 4.56e+01 sec 22.9% 0.2% 0.0% 99.8% 2.19e+01 1 neoSimpleFoam.setup [region]

BOTTOM-UP TIME TREE:
<average time> <percent of total time> <percent time in Kokkos> <percent MPI imbalance> <number of calls> <name> [type]
===================
|-> 5.88e+01 sec 29.6% 0.0% 0.0% 0.0% 0.00e+00 30 neoSimpleFoam.pressureCorrector.pEqn [region]
|   |-> 5.88e+01 sec 29.6% 0.0% 0.0% 0.0% 0.00e+00 30 neoSimpleFoam.pressureCorrector [region]
|       |-> 5.88e+01 sec 29.6% 0.0% 0.0% 0.0% 0.00e+00 30 neoSimpleFoam.timeStep [region]
|-> 4.55e+01 sec 22.9% 0.0% 0.0% 0.0% 0.00e+00 1 neoSimpleFoam.setup [region]
|-> 3.16e+01 sec 15.9% 0.0% 0.0% 0.0% 0.00e+00 120 ginkgo.solverSetup [region]
|   |-> 3.12e+01 sec 15.7% 0.0% 0.0% 0.0% 0.00e+00 30 neoSimpleFoam.pressureCorrector.pEqn [region]
|   |   |-> 3.12e+01 sec 15.7% 0.0% 0.0% 0.0% 0.00e+00 30 neoSimpleFoam.pressureCorrector [region]
|   |       |-> 3.12e+01 sec 15.7% 0.0% 0.0% 0.0% 0.00e+00 30 neoSimpleFoam.timeStep [region]
|   |-> 2.63e-01 sec 0.1% 0.0% 0.0% 0.0% 0.00e+00 60 neoSimpleFoam.turbulenceCorrect [region]
|   |   |-> 2.63e-01 sec 0.1% 0.0% 0.0% 0.0% 0.00e+00 60 neoSimpleFoam.timeStep [region]
|-> 1.36e+01 sec 6.8% 0.0% 0.0% 0.0% 0.00e+00 120 ginkgo.createMtx [region]
|   |-> 6.89e+00 sec 3.5% 0.0% 0.0% 0.0% 0.00e+00 60 neoSimpleFoam.turbulenceCorrect [region]
|   |   |-> 6.89e+00 sec 3.5% 0.0% 0.0% 0.0% 0.00e+00 60 neoSimpleFoam.timeStep [region]
|   |-> 3.51e+00 sec 1.8% 0.0% 0.0% 0.0% 0.00e+00 30 neoSimpleFoam.momentumPredictor [region]
|   |   |-> 3.51e+00 sec 1.8% 0.0% 0.0% 0.0% 0.00e+00 30 neoSimpleFoam.timeStep [region]
|   |-> 3.20e+00 sec 1.6% 0.0% 0.0% 0.0% 0.00e+00 30 neoSimpleFoam.pressureCorrector.pEqn [region]
|       |-> 3.20e+00 sec 1.6% 0.0% 0.0% 0.0% 0.00e+00 30 neoSimpleFoam.pressureCorrector [region]
|           |-> 3.20e+00 sec 1.6% 0.0% 0.0% 0.0% 0.00e+00 30 neoSimpleFoam.timeStep [region]
|-> 1.11e+01 sec 5.6% 0.0% 0.0% 0.0% 0.00e+00 30 neoSimpleFoam.pressureCorrector [region]
|   |-> 1.11e+01 sec 5.6% 0.0% 0.0% 0.0% 0.00e+00 30 neoSimpleFoam.timeStep [region]
|-> 1.00e+01 sec 5.1% 0.0% 0.0% 0.0% 0.00e+00 30 neoSimpleFoam.turbulenceCorrect [region]
|   |-> 1.00e+01 sec 5.1% 0.0% 0.0% 0.0% 0.00e+00 30 neoSimpleFoam.timeStep [region]
|-> 4.83e+00 sec 2.4% 0.0% 0.0% 0.0% 0.00e+00 30 luw.applyCorr [region]
|   |-> 4.83e+00 sec 2.4% 0.0% 0.0% 0.0% 0.00e+00 30 divlap.deferredCorr [region]
|       |-> 4.83e+00 sec 2.4% 0.0% 0.0% 0.0% 0.00e+00 30 assemble.spatialImplicit [region]
|           |-> 4.83e+00 sec 2.4% 0.0% 0.0% 0.0% 0.00e+00 30 momentum.assemble [region]
|               |-> 4.83e+00 sec 2.4% 0.0% 0.0% 0.0% 0.00e+00 30 neoSimpleFoam.momentumPredictor [region]
|                   |-> 4.83e+00 sec 2.4% 0.0% 0.0% 0.0% 0.00e+00 30 neoSimpleFoam.timeStep [region]
|-> 4.82e+00 sec 2.4% 0.0% 0.0% 0.0% 0.00e+00 30 neoSimpleFoam.momentumPredictor [region]
|   |-> 4.82e+00 sec 2.4% 0.0% 0.0% 0.0% 0.00e+00 30 neoSimpleFoam.timeStep [region]
|-> 2.49e+00 sec 1.3% 0.0% 0.0% 0.0% 0.00e+00 30 neoSimpleFoam.write [region]
|   |-> 2.49e+00 sec 1.3% 0.0% 0.0% 0.0% 0.00e+00 30 neoSimpleFoam.timeStep [region]
|-> 2.29e+00 sec 1.2% 0.0% 0.0% 0.0% 0.00e+00 30 momentum.construct [region]
|   |-> 2.29e+00 sec 1.2% 0.0% 0.0% 0.0% 0.00e+00 30 neoSimpleFoam.momentumPredictor [region]
|       |-> 2.29e+00 sec 1.2% 0.0% 0.0% 0.0% 0.00e+00 30 neoSimpleFoam.timeStep [region]
|-> 2.21e+00 sec 1.1% 100.0% 0.0% ------ 272 computeGradInternal [for]
|   |-> 7.31e-01 sec 0.4% 100.0% 0.0% 0.0% 0.00e+00 90 neoSimpleFoam.pressureCorrector [region]
|   |   |-> 7.31e-01 sec 0.4% 100.0% 0.0% 0.0% 0.00e+00 90 neoSimpleFoam.timeStep [region]
|   |-> 7.31e-01 sec 0.4% 100.0% 0.0% 0.0% 0.00e+00 90 assemble.spatialImplicit [region]
|   |   |-> 4.87e-01 sec 0.2% 100.0% 0.0% 0.0% 0.00e+00 60 neoSimpleFoam.turbulenceCorrect [region]
|   |   |   |-> 4.87e-01 sec 0.2% 100.0% 0.0% 0.0% 0.00e+00 60 neoSimpleFoam.timeStep [region]
|   |   |-> 2.43e-01 sec 0.1% 100.0% 0.0% 0.0% 0.00e+00 30 neoSimpleFoam.pressureCorrector.pEqn [region]
|   |       |-> 2.43e-01 sec 0.1% 100.0% 0.0% 0.0% 0.00e+00 30 neoSimpleFoam.pressureCorrector [region]
|   |           |-> 2.43e-01 sec 0.1% 100.0% 0.0% 0.0% 0.00e+00 30 neoSimpleFoam.timeStep [region]
|   |-> 4.87e-01 sec 0.2% 100.0% 0.0% 0.0% 0.00e+00 60 neoSimpleFoam.turbulenceCorrect [region]
|   |   |-> 4.87e-01 sec 0.2% 100.0% 0.0% 0.0% 0.00e+00 60 neoSimpleFoam.timeStep [region]
|   |-> 2.44e-01 sec 0.1% 100.0% 0.0% 0.0% 0.00e+00 30 assemble.explicitSource [region]
|   |   |-> 2.44e-01 sec 0.1% 100.0% 0.0% 0.0% 0.00e+00 30 neoSimpleFoam.momentumPredictor [region]
|   |       |-> 2.44e-01 sec 0.1% 100.0% 0.0% 0.0% 0.00e+00 30 neoSimpleFoam.timeStep [region]
|-> 1.73e+00 sec 0.9% 0.0% 0.0% 0.0% 0.00e+00 30 luw.gradOpCtor [region]
|   |-> 1.73e+00 sec 0.9% 0.0% 0.0% 0.0% 0.00e+00 30 divlap.deferredCorr [region]
|       |-> 1.73e+00 sec 0.9% 0.0% 0.0% 0.0% 0.00e+00 30 assemble.spatialImplicit [region]
|           |-> 1.73e+00 sec 0.9% 0.0% 0.0% 0.0% 0.00e+00 30 momentum.assemble [region]
|               |-> 1.73e+00 sec 0.9% 0.0% 0.0% 0.0% 0.00e+00 30 neoSimpleFoam.momentumPredictor [region]
|                   |-> 1.73e+00 sec 0.9% 0.0% 0.0% 0.0% 0.00e+00 30 neoSimpleFoam.timeStep [region]
|-> 1.20e+00 sec 0.6% 100.0% 0.0% ------ 9370 fill [for]
|   |-> 2.05e-01 sec 0.1% 100.0% 0.0% 0.0% 0.00e+00 601 divlap.nonOrthCorr [region]
|   |   |-> 2.05e-01 sec 0.1% 100.0% 0.0% 0.0% 0.00e+00 601 assemble.spatialImplicit [region]
|   |       |-> 2.05e-01 sec 0.1% 100.0% 0.0% 0.0% 0.00e+00 601 momentum.assemble [region]
|   |           |-> 2.05e-01 sec 0.1% 100.0% 0.0% 0.0% 0.00e+00 601 neoSimpleFoam.momentumPredictor [region]
|   |               |-> 2.05e-01 sec 0.1% 100.0% 0.0% 0.0% 0.00e+00 601 neoSimpleFoam.timeStep [region]
|-> 1.04e+00 sec 0.5% 100.0% 0.0% ------ 91 computeGradTensorInternal [for]
|   |-> 3.42e-01 sec 0.2% 100.0% 0.0% 0.0% 0.00e+00 30 divlap.nonOrthCorr [region]
|   |   |-> 3.42e-01 sec 0.2% 100.0% 0.0% 0.0% 0.00e+00 30 assemble.spatialImplicit [region]
|   |       |-> 3.42e-01 sec 0.2% 100.0% 0.0% 0.0% 0.00e+00 30 momentum.assemble [region]
|   |           |-> 3.42e-01 sec 0.2% 100.0% 0.0% 0.0% 0.00e+00 30 neoSimpleFoam.momentumPredictor [region]
|   |               |-> 3.42e-01 sec 0.2% 100.0% 0.0% 0.0% 0.00e+00 30 neoSimpleFoam.timeStep [region]
|   |-> 3.42e-01 sec 0.2% 100.0% 0.0% 0.0% 0.00e+00 30 neoSimpleFoam.turbulenceCorrect [region]
|   |   |-> 3.42e-01 sec 0.2% 100.0% 0.0% 0.0% 0.00e+00 30 neoSimpleFoam.timeStep [region]
|   |-> 3.42e-01 sec 0.2% 100.0% 0.0% 0.0% 0.00e+00 30 clg.baseGrad [region]
|   |   |-> 3.42e-01 sec 0.2% 100.0% 0.0% 0.0% 0.00e+00 30 luw.gradCompute [region]
|   |       |-> 3.42e-01 sec 0.2% 100.0% 0.0% 0.0% 0.00e+00 30 divlap.deferredCorr [region]
|   |           |-> 3.42e-01 sec 0.2% 100.0% 0.0% 0.0% 0.00e+00 30 assemble.spatialImplicit [region]
|   |               |-> 3.42e-01 sec 0.2% 100.0% 0.0% 0.0% 0.00e+00 30 momentum.assemble [region]
|   |                   |-> 3.42e-01 sec 0.2% 100.0% 0.0% 0.0% 0.00e+00 30 neoSimpleFoam.momentumPredictor [region]
|   |                       |-> 3.42e-01 sec 0.2% 100.0% 0.0% 0.0% 0.00e+00 30 neoSimpleFoam.timeStep [region]
|-> 3.31e-01 sec 0.2% 100.0% 0.0% ------ 120 computeLaplacianImplicitCorrection [for]
|   |-> 2.57e-01 sec 0.1% 100.0% 0.0% 0.0% 0.00e+00 30 divlap.nonOrthCorr [region]
|   |   |-> 2.57e-01 sec 0.1% 100.0% 0.0% 0.0% 0.00e+00 30 assemble.spatialImplicit [region]
|   |       |-> 2.57e-01 sec 0.1% 100.0% 0.0% 0.0% 0.00e+00 30 momentum.assemble [region]
|   |           |-> 2.57e-01 sec 0.1% 100.0% 0.0% 0.0% 0.00e+00 30 neoSimpleFoam.momentumPredictor [region]
|   |               |-> 2.57e-01 sec 0.1% 100.0% 0.0% 0.0% 0.00e+00 30 neoSimpleFoam.timeStep [region]
|-> 2.95e-01 sec 0.1% 100.0% 0.0% ------ 30 addDivCorrectionToRhs [for]
|   |-> 2.95e-01 sec 0.1% 100.0% 0.0% 0.0% 0.00e+00 30 divlap.deferredCorr [region]
|       |-> 2.95e-01 sec 0.1% 100.0% 0.0% 0.0% 0.00e+00 30 assemble.spatialImplicit [region]
|           |-> 2.95e-01 sec 0.1% 100.0% 0.0% 0.0% 0.00e+00 30 momentum.assemble [region]
|               |-> 2.95e-01 sec 0.1% 100.0% 0.0% 0.0% 0.00e+00 30 neoSimpleFoam.momentumPredictor [region]
|                   |-> 2.95e-01 sec 0.1% 100.0% 0.0% 0.0% 0.00e+00 30 neoSimpleFoam.timeStep [region]
|-> 2.57e-01 sec 0.1% 100.0% 0.0% ------ 555 computeLinearInterpolationInternal [for]
|-> 2.48e-01 sec 0.1% 100.0% 0.0% ------ 90 computeLocalGaussGreenDivLaplacianCoefficients [for]
|-> 2.00e-01 sec 0.1% 100.0% 0.0% ------ 2668 parallelFor [for]

KOKKOS HOST SPACE:
===================
MAX MEMORY ALLOCATED: 1290732.5 kB
ALLOCATIONS AT TIME OF HIGH WATER MARK:
  29.9% neoSimpleFoam.timeStep/neoSimpleFoam.momentumPredictor/momentum.assemble/assemble.spatialImplicit/divlap.deferredCorr/luw.gradOpCtor/Vector
  29.9% neoSimpleFoam.timeStep/neoSimpleFoam.momentumPredictor/momentum.assemble/assemble.spatialImplicit/divlap.deferredCorr/luw.gradOpCtor/Vector
  15.5% neoSimpleFoam.timeStep/neoSimpleFoam.momentumPredictor/momentum.assemble/assemble.spatialImplicit/divlap.deferredCorr/luw.gradOpCtor/Vector
  14.9% neoSimpleFoam.timeStep/neoSimpleFoam.momentumPredictor/momentum.assemble/assemble.spatialImplicit/divlap.deferredCorr/luw.gradOpCtor/Vector
  4.9% neoSimpleFoam.timeStep/neoSimpleFoam.momentumPredictor/momentum.assemble/assemble.spatialImplicit/divlap.deferredCorr/luw.gradOpCtor/Vector
  4.9% neoSimpleFoam.timeStep/neoSimpleFoam.momentumPredictor/momentum.assemble/assemble.spatialImplicit/divlap.deferredCorr/luw.gradOpCtor/Vector

KOKKOS CUDA SPACE:
===================
MAX MEMORY ALLOCATED: 0.0 kB
ALLOCATIONS AT TIME OF HIGH WATER MARK:

KOKKOS HIP SPACE:
===================
MAX MEMORY ALLOCATED: 0.0 kB
ALLOCATIONS AT TIME OF HIGH WATER MARK:

KOKKOS SYCL SPACE:
===================
MAX MEMORY ALLOCATED: 0.0 kB
ALLOCATIONS AT TIME OF HIGH WATER MARK:

KOKKOS OpenMPTarget SPACE:
===================
MAX MEMORY ALLOCATED: 0.0 kB
ALLOCATIONS AT TIME OF HIGH WATER MARK:

Host process high water mark memory consumption: 14722564 kB

END KOKKOS PROFILING REPORT.

BEGIN KOKKOS PROFILING REPORT:
TOTAL TIME: 198.723675578 seconds
TOP-DOWN TIME TREE:
<average time> <percent of total time> <percent time in Kokkos> <percent MPI imbalance> <remainder> <kernels per second> <number of calls> <name> [type]
===================
|-> 1.50e+02 sec 75.2% 19.0% 0.0% 0.0% 3.79e+02 30 neoSimpleFoam.timeStep [region]
|   |-> 1.06e+02 sec 53.5% 10.1% 0.0% 3.4% 2.68e+02 30 neoSimpleFoam.pressureCorrector [region]
|   |   |-> 9.38e+01 sec 47.2% 2.1% 0.0% 55.1% 5.04e+01 30 neoSimpleFoam.pressureCorrector.pEqn [region]
|   |   |   |-> 3.81e+01 sec 19.2% 0.0% 0.0% 100.0% 0.00e+00 30 ginkgo.solverSetup [region]
|   |   |   |-> 1.84e+00 sec 0.9% 0.4% 0.0% 99.6% 1.91e+01 30 ginkgo.createMtx [region]
|   |   |   |-> 1.80e+00 sec 0.9% 87.5% 0.0% 12.5% 1.27e+03 30 assemble.spatialImplicit [region]
|   |   |   |   |-> 5.06e-01 sec 0.3% 100.0% 0.0% ------ 30 computeGradInternal [for]
|   |   |   |   |-> 4.46e-01 sec 0.2% 100.0% 0.0% ------ 1320 computeGradBoundaryRefGrad [for]
|   |   |   |   |-> 2.46e-01 sec 0.1% 100.0% 0.0% ------ 601 fill [for]
|   |   |-> 1.89e+00 sec 1.0% 100.0% 0.0% ------ 8250 extrapolateValue [for]
|   |   |-> 1.41e+00 sec 0.7% 100.0% 0.0% ------ 3660 fill [for]
|   |   |-> 1.31e+00 sec 0.7% 100.0% 0.0% ------ 90 computeGradInternal [for]
|   |   |-> 1.30e+00 sec 0.7% 100.0% 0.0% ------ 3960 computeGradBoundaryRefGrad [for]
|   |   |-> 7.38e-01 sec 0.4% 100.0% 0.0% ------ 2100 parallelFor [for]
|   |   |-> 3.60e-01 sec 0.2% 100.0% 0.0% ------ 1590 setGradientValue [for]
|   |   |-> 3.58e-01 sec 0.2% 100.0% 0.0% ------ 1230 setFixedValueVolume [for]
|   |-> 2.07e+01 sec 10.4% 38.2% 0.0% 22.9% 3.30e+02 30 neoSimpleFoam.momentumPredictor [region]
|   |   |-> 1.07e+01 sec 5.4% 68.0% 0.0% 0.0% 5.83e+02 30 momentum.assemble [region]
|   |   |   |-> 9.48e+00 sec 4.8% 66.7% 0.0% 0.0% 5.51e+02 30 assemble.spatialImplicit [region]
|   |   |   |   |-> 6.04e+00 sec 3.0% 53.0% 0.0% 3.7% 4.72e+02 30 divlap.deferredCorr [region]
|   |   |   |   |   |-> 2.18e+00 sec 1.1% 93.4% 0.0% 0.0% 9.50e+02 30 luw.gradCompute [region]
|   |   |   |   |   |   |-> 1.86e+00 sec 0.9% 92.3% 0.0% 7.7% 9.37e+02 30 clg.baseGrad [region]
|   |   |   |   |   |   |   |-> 6.78e-01 sec 0.3% 100.0% 0.0% ------ 1320 computeGradTensorBoundaryReconstruct [for]
|   |   |   |   |   |   |   |-> 4.83e-01 sec 0.2% 100.0% 0.0% ------ 210 fill [for]
|   |   |   |   |   |   |   |-> 4.09e-01 sec 0.2% 100.0% 0.0% ------ 30 computeGradTensorInternal [for]
|   |   |   |   |   |   |-> 3.22e-01 sec 0.2% 99.6% 0.0% 0.4% 1.02e+03 30 clg.limiter [region]
|   |   |   |   |   |-> 1.79e+00 sec 0.9% 1.1% 0.0% 98.9% 1.67e+00 30 luw.gradOpCtor [region]
|   |   |   |   |   |-> 8.99e-01 sec 0.5% 34.9% 0.0% 65.1% 3.67e+02 30 luw.applyCorr [region]
|   |   |   |   |   |-> 4.17e-01 sec 0.2% 100.0% 0.0% ------ 30 addDivCorrectionToRhs [for]
|   |   |   |   |   |-> 3.77e-01 sec 0.2% 69.7% 0.0% 30.3% 5.56e+02 30 luw.gradAlloc [region]
|   |   |   |   |   |   |-> 2.63e-01 sec 0.1% 100.0% 0.0% ------ 210 fill [for]
|   |   |   |   |-> 3.09e+00 sec 1.6% 89.8% 0.0% 10.2% 7.08e+02 30 divlap.nonOrthCorr [region]
|   |   |   |   |   |-> 8.06e-01 sec 0.4% 100.0% 0.0% ------ 1320 computeGradTensorBoundaryReconstruct [for]
|   |   |   |   |   |-> 7.01e-01 sec 0.4% 100.0% 0.0% ------ 30 computeGradTensorInternal [for]
|   |   |   |   |   |-> 6.27e-01 sec 0.3% 100.0% 0.0% ------ 601 fill [for]
|   |   |   |   |   |-> 3.59e-01 sec 0.2% 100.0% 0.0% ------ 30 computeLaplacianImplicitCorrection [for]
|   |   |   |   |-> 2.34e-01 sec 0.1% 99.8% 0.0% 0.2% 3.85e+02 30 divlap.matrixCoeffs [region]
|   |   |   |-> 1.09e+00 sec 0.5% 75.9% 0.0% 24.1% 7.70e+02 30 assemble.explicitSource [region]
|   |   |   |   |-> 2.97e-01 sec 0.1% 100.0% 0.0% ------ 420 fill [for]
|   |   |-> 2.32e+00 sec 1.2% 1.3% 0.0% 98.7% 1.16e+01 30 momentum.construct [region]
|   |   |-> 1.86e+00 sec 0.9% 0.4% 0.0% 99.6% 1.89e+01 30 ginkgo.createMtx [region]
|   |   |-> 8.47e-01 sec 0.4% 68.2% 0.0% 31.8% 6.02e+02 30 assemble.explicitSource [region]
|   |   |   |-> 3.11e-01 sec 0.2% 100.0% 0.0% ------ 30 computeGradInternal [for]
|   |   |-> 2.44e-01 sec 0.1% 0.0% 0.0% 100.0% 0.00e+00 30 ginkgo.solverSetup [region]
|   |-> 2.00e+01 sec 10.1% 48.9% 0.0% 27.2% 1.07e+03 30 neoSimpleFoam.turbulenceCorrect [region]
|   |   |-> 3.73e+00 sec 1.9% 0.4% 0.0% 99.6% 1.88e+01 60 ginkgo.createMtx [region]
|   |   |-> 3.53e+00 sec 1.8% 83.8% 0.0% 16.2% 1.36e+03 60 assemble.spatialImplicit [region]
|   |   |   |-> 7.92e-01 sec 0.4% 100.0% 0.0% ------ 60 computeGradInternal [for]
|   |   |   |-> 6.29e-01 sec 0.3% 100.0% 0.0% ------ 1202 fill [for]
|   |   |   |-> 4.73e-01 sec 0.2% 100.0% 0.0% ------ 1440 computeGradBoundaryRefGrad [for]
|   |   |   |-> 2.87e-01 sec 0.1% 100.0% 0.0% ------ 60 computeLocalGaussGreenDivLaplacianCoefficients [for]
|   |   |   |-> 2.59e-01 sec 0.1% 100.0% 0.0% ------ 1200 computeGradBoundaryFixedValue [for]
|   |   |-> 7.22e-01 sec 0.4% 100.0% 0.0% ------ 1467 fill [for]
|   |   |-> 6.47e-01 sec 0.3% 100.0% 0.0% ------ 60 computeGradInternal [for]
|   |   |-> 6.28e-01 sec 0.3% 100.0% 0.0% ------ 1440 computeGradBoundaryRefGrad [for]
|   |   |-> 5.48e-01 sec 0.3% 100.0% 0.0% ------ 30 computeGradTensorInternal [for]
|   |   |-> 4.96e-01 sec 0.2% 0.0% 0.0% 100.0% 0.00e+00 60 ginkgo.solverSetup [region]
|   |   |-> 4.85e-01 sec 0.2% 100.0% 0.0% ------ 1200 computeGradBoundaryFixedValue [for]
|   |   |-> 4.63e-01 sec 0.2% 100.0% 0.0% ------ 1530 kOmegaSST::omegaWFGFeedback [for]
|   |   |-> 4.18e-01 sec 0.2% 100.0% 0.0% ------ 1320 computeGradTensorBoundaryReconstruct [for]
|   |   |-> 3.95e-01 sec 0.2% 100.0% 0.0% ------ 1650 extrapolateValue [for]
|   |   |-> 3.69e-01 sec 0.2% 100.0% 0.0% ------ 1530 setNutUSpaldingWallFunction [for]
|   |   |-> 3.45e-01 sec 0.2% 100.0% 0.0% ------ 1530 setOmegaWallFunction [for]
|   |   |-> 3.42e-01 sec 0.2% 100.0% 0.0% ------ 1590 setGradientValue [for]
|   |   |-> 2.19e-01 sec 0.1% 100.0% 0.0% ------ 219 computeLinearInterpolationInternal [for]
|   |-> 2.49e+00 sec 1.3% 0.0% 0.0% 100.0% 0.00e+00 30 neoSimpleFoam.write [region]
|-> 4.56e+01 sec 22.9% 0.7% 0.0% 99.3% 2.31e+01 1 neoSimpleFoam.setup [region]

BOTTOM-UP TIME TREE:
<average time> <percent of total time> <percent time in Kokkos> <percent MPI imbalance> <number of calls> <name> [type]
===================
|-> 5.17e+01 sec 26.0% 0.0% 0.0% 0.0% 0.00e+00 30 neoSimpleFoam.pressureCorrector.pEqn [region]
|   |-> 5.17e+01 sec 26.0% 0.0% 0.0% 0.0% 0.00e+00 30 neoSimpleFoam.pressureCorrector [region]
|       |-> 5.17e+01 sec 26.0% 0.0% 0.0% 0.0% 0.00e+00 30 neoSimpleFoam.timeStep [region]
|-> 4.52e+01 sec 22.8% 0.0% 0.0% 0.0% 0.00e+00 1 neoSimpleFoam.setup [region]
|-> 3.89e+01 sec 19.6% 0.0% 0.0% 0.0% 0.00e+00 120 ginkgo.solverSetup [region]
|   |-> 3.81e+01 sec 19.2% 0.0% 0.0% 0.0% 0.00e+00 30 neoSimpleFoam.pressureCorrector.pEqn [region]
|   |   |-> 3.81e+01 sec 19.2% 0.0% 0.0% 0.0% 0.00e+00 30 neoSimpleFoam.pressureCorrector [region]
|   |       |-> 3.81e+01 sec 19.2% 0.0% 0.0% 0.0% 0.00e+00 30 neoSimpleFoam.timeStep [region]
|   |-> 4.96e-01 sec 0.2% 0.0% 0.0% 0.0% 0.00e+00 60 neoSimpleFoam.turbulenceCorrect [region]
|   |   |-> 4.96e-01 sec 0.2% 0.0% 0.0% 0.0% 0.00e+00 60 neoSimpleFoam.timeStep [region]
|   |-> 2.44e-01 sec 0.1% 0.0% 0.0% 0.0% 0.00e+00 30 neoSimpleFoam.momentumPredictor [region]
|       |-> 2.44e-01 sec 0.1% 0.0% 0.0% 0.0% 0.00e+00 30 neoSimpleFoam.timeStep [region]
|-> 7.40e+00 sec 3.7% 0.0% 0.0% 0.0% 0.00e+00 120 ginkgo.createMtx [region]
|   |-> 3.72e+00 sec 1.9% 0.0% 0.0% 0.0% 0.00e+00 60 neoSimpleFoam.turbulenceCorrect [region]
|   |   |-> 3.72e+00 sec 1.9% 0.0% 0.0% 0.0% 0.00e+00 60 neoSimpleFoam.timeStep [region]
|   |-> 1.85e+00 sec 0.9% 0.0% 0.0% 0.0% 0.00e+00 30 neoSimpleFoam.momentumPredictor [region]
|   |   |-> 1.85e+00 sec 0.9% 0.0% 0.0% 0.0% 0.00e+00 30 neoSimpleFoam.timeStep [region]
|   |-> 1.83e+00 sec 0.9% 0.0% 0.0% 0.0% 0.00e+00 30 neoSimpleFoam.pressureCorrector.pEqn [region]
|       |-> 1.83e+00 sec 0.9% 0.0% 0.0% 0.0% 0.00e+00 30 neoSimpleFoam.pressureCorrector [region]
|           |-> 1.83e+00 sec 0.9% 0.0% 0.0% 0.0% 0.00e+00 30 neoSimpleFoam.timeStep [region]
|-> 5.44e+00 sec 2.7% 0.0% 0.0% 0.0% 0.00e+00 30 neoSimpleFoam.turbulenceCorrect [region]
|   |-> 5.44e+00 sec 2.7% 0.0% 0.0% 0.0% 0.00e+00 30 neoSimpleFoam.timeStep [region]
|-> 5.30e+00 sec 2.7% 100.0% 0.0% ------ 9834 fill [for]
|   |-> 1.41e+00 sec 0.7% 100.0% 0.0% 0.0% 0.00e+00 3660 neoSimpleFoam.pressureCorrector [region]
|   |   |-> 1.41e+00 sec 0.7% 100.0% 0.0% 0.0% 0.00e+00 3660 neoSimpleFoam.timeStep [region]
|   |-> 8.75e-01 sec 0.4% 100.0% 0.0% 0.0% 0.00e+00 1803 assemble.spatialImplicit [region]
|   |   |-> 6.29e-01 sec 0.3% 100.0% 0.0% 0.0% 0.00e+00 1202 neoSimpleFoam.turbulenceCorrect [region]
|   |   |   |-> 6.29e-01 sec 0.3% 100.0% 0.0% 0.0% 0.00e+00 1202 neoSimpleFoam.timeStep [region]
|   |   |-> 2.46e-01 sec 0.1% 100.0% 0.0% 0.0% 0.00e+00 601 neoSimpleFoam.pressureCorrector.pEqn [region]
|   |       |-> 2.46e-01 sec 0.1% 100.0% 0.0% 0.0% 0.00e+00 601 neoSimpleFoam.pressureCorrector [region]
|   |           |-> 2.46e-01 sec 0.1% 100.0% 0.0% 0.0% 0.00e+00 601 neoSimpleFoam.timeStep [region]
|   |-> 7.22e-01 sec 0.4% 100.0% 0.0% 0.0% 0.00e+00 1467 neoSimpleFoam.turbulenceCorrect [region]
|   |   |-> 7.22e-01 sec 0.4% 100.0% 0.0% 0.0% 0.00e+00 1467 neoSimpleFoam.timeStep [region]
|   |-> 6.27e-01 sec 0.3% 100.0% 0.0% 0.0% 0.00e+00 601 divlap.nonOrthCorr [region]
|   |   |-> 6.27e-01 sec 0.3% 100.0% 0.0% 0.0% 0.00e+00 601 assemble.spatialImplicit [region]
|   |       |-> 6.27e-01 sec 0.3% 100.0% 0.0% 0.0% 0.00e+00 601 momentum.assemble [region]
|   |           |-> 6.27e-01 sec 0.3% 100.0% 0.0% 0.0% 0.00e+00 601 neoSimpleFoam.momentumPredictor [region]
|   |               |-> 6.27e-01 sec 0.3% 100.0% 0.0% 0.0% 0.00e+00 601 neoSimpleFoam.timeStep [region]
|   |-> 4.83e-01 sec 0.2% 100.0% 0.0% 0.0% 0.00e+00 210 clg.baseGrad [region]
|   |   |-> 4.83e-01 sec 0.2% 100.0% 0.0% 0.0% 0.00e+00 210 luw.gradCompute [region]
|   |       |-> 4.83e-01 sec 0.2% 100.0% 0.0% 0.0% 0.00e+00 210 divlap.deferredCorr [region]
|   |           |-> 4.83e-01 sec 0.2% 100.0% 0.0% 0.0% 0.00e+00 210 assemble.spatialImplicit [region]
|   |               |-> 4.83e-01 sec 0.2% 100.0% 0.0% 0.0% 0.00e+00 210 momentum.assemble [region]
|   |                   |-> 4.83e-01 sec 0.2% 100.0% 0.0% 0.0% 0.00e+00 210 neoSimpleFoam.momentumPredictor [region]
|   |                       |-> 4.83e-01 sec 0.2% 100.0% 0.0% 0.0% 0.00e+00 210 neoSimpleFoam.timeStep [region]
|   |-> 4.16e-01 sec 0.2% 100.0% 0.0% 0.0% 0.00e+00 780 assemble.explicitSource [region]
|   |   |-> 2.97e-01 sec 0.1% 100.0% 0.0% 0.0% 0.00e+00 420 momentum.assemble [region]
|   |   |   |-> 2.97e-01 sec 0.1% 100.0% 0.0% 0.0% 0.00e+00 420 neoSimpleFoam.momentumPredictor [region]
|   |   |       |-> 2.97e-01 sec 0.1% 100.0% 0.0% 0.0% 0.00e+00 420 neoSimpleFoam.timeStep [region]
|   |-> 2.63e-01 sec 0.1% 100.0% 0.0% 0.0% 0.00e+00 210 luw.gradAlloc [region]
|   |   |-> 2.63e-01 sec 0.1% 100.0% 0.0% 0.0% 0.00e+00 210 divlap.deferredCorr [region]
|   |       |-> 2.63e-01 sec 0.1% 100.0% 0.0% 0.0% 0.00e+00 210 assemble.spatialImplicit [region]
|   |           |-> 2.63e-01 sec 0.1% 100.0% 0.0% 0.0% 0.00e+00 210 momentum.assemble [region]
|   |               |-> 2.63e-01 sec 0.1% 100.0% 0.0% 0.0% 0.00e+00 210 neoSimpleFoam.momentumPredictor [region]
|   |                   |-> 2.63e-01 sec 0.1% 100.0% 0.0% 0.0% 0.00e+00 210 neoSimpleFoam.timeStep [region]
|-> 4.75e+00 sec 2.4% 0.0% 0.0% 0.0% 0.00e+00 30 neoSimpleFoam.momentumPredictor [region]
|   |-> 4.75e+00 sec 2.4% 0.0% 0.0% 0.0% 0.00e+00 30 neoSimpleFoam.timeStep [region]
|-> 3.66e+00 sec 1.8% 0.0% 0.0% 0.0% 0.00e+00 30 neoSimpleFoam.pressureCorrector [region]
|   |-> 3.66e+00 sec 1.8% 0.0% 0.0% 0.0% 0.00e+00 30 neoSimpleFoam.timeStep [region]
|-> 3.58e+00 sec 1.8% 100.0% 0.0% ------ 272 computeGradInternal [for]
|   |-> 1.31e+00 sec 0.7% 100.0% 0.0% 0.0% 0.00e+00 90 neoSimpleFoam.pressureCorrector [region]
|   |   |-> 1.31e+00 sec 0.7% 100.0% 0.0% 0.0% 0.00e+00 90 neoSimpleFoam.timeStep [region]
|   |-> 1.30e+00 sec 0.7% 100.0% 0.0% 0.0% 0.00e+00 90 assemble.spatialImplicit [region]
|   |   |-> 7.92e-01 sec 0.4% 100.0% 0.0% 0.0% 0.00e+00 60 neoSimpleFoam.turbulenceCorrect [region]
|   |   |   |-> 7.92e-01 sec 0.4% 100.0% 0.0% 0.0% 0.00e+00 60 neoSimpleFoam.timeStep [region]
|   |   |-> 5.06e-01 sec 0.3% 100.0% 0.0% 0.0% 0.00e+00 30 neoSimpleFoam.pressureCorrector.pEqn [region]
|   |       |-> 5.06e-01 sec 0.3% 100.0% 0.0% 0.0% 0.00e+00 30 neoSimpleFoam.pressureCorrector [region]
|   |           |-> 5.06e-01 sec 0.3% 100.0% 0.0% 0.0% 0.00e+00 30 neoSimpleFoam.timeStep [region]
|   |-> 6.47e-01 sec 0.3% 100.0% 0.0% 0.0% 0.00e+00 60 neoSimpleFoam.turbulenceCorrect [region]
|   |   |-> 6.47e-01 sec 0.3% 100.0% 0.0% 0.0% 0.00e+00 60 neoSimpleFoam.timeStep [region]
|   |-> 3.11e-01 sec 0.2% 100.0% 0.0% 0.0% 0.00e+00 30 assemble.explicitSource [region]
|   |   |-> 3.11e-01 sec 0.2% 100.0% 0.0% 0.0% 0.00e+00 30 neoSimpleFoam.momentumPredictor [region]
|   |       |-> 3.11e-01 sec 0.2% 100.0% 0.0% 0.0% 0.00e+00 30 neoSimpleFoam.timeStep [region]
|-> 2.87e+00 sec 1.4% 100.0% 0.0% ------ 8208 computeGradBoundaryRefGrad [for]
|   |-> 1.30e+00 sec 0.7% 100.0% 0.0% 0.0% 0.00e+00 3960 neoSimpleFoam.pressureCorrector [region]
|   |   |-> 1.30e+00 sec 0.7% 100.0% 0.0% 0.0% 0.00e+00 3960 neoSimpleFoam.timeStep [region]
|   |-> 9.18e-01 sec 0.5% 100.0% 0.0% 0.0% 0.00e+00 2760 assemble.spatialImplicit [region]
|   |   |-> 4.73e-01 sec 0.2% 100.0% 0.0% 0.0% 0.00e+00 1440 neoSimpleFoam.turbulenceCorrect [region]
|   |   |   |-> 4.73e-01 sec 0.2% 100.0% 0.0% 0.0% 0.00e+00 1440 neoSimpleFoam.timeStep [region]
|   |   |-> 4.46e-01 sec 0.2% 100.0% 0.0% 0.0% 0.00e+00 1320 neoSimpleFoam.pressureCorrector.pEqn [region]
|   |       |-> 4.46e-01 sec 0.2% 100.0% 0.0% 0.0% 0.00e+00 1320 neoSimpleFoam.pressureCorrector [region]
|   |           |-> 4.46e-01 sec 0.2% 100.0% 0.0% 0.0% 0.00e+00 1320 neoSimpleFoam.timeStep [region]
|   |-> 6.28e-01 sec 0.3% 100.0% 0.0% 0.0% 0.00e+00 1440 neoSimpleFoam.turbulenceCorrect [region]
|   |   |-> 6.28e-01 sec 0.3% 100.0% 0.0% 0.0% 0.00e+00 1440 neoSimpleFoam.timeStep [region]
|-> 2.49e+00 sec 1.3% 0.0% 0.0% 0.0% 0.00e+00 30 neoSimpleFoam.write [region]
|   |-> 2.49e+00 sec 1.3% 0.0% 0.0% 0.0% 0.00e+00 30 neoSimpleFoam.timeStep [region]
|-> 2.29e+00 sec 1.2% 0.0% 0.0% 0.0% 0.00e+00 30 momentum.construct [region]
|   |-> 2.29e+00 sec 1.2% 0.0% 0.0% 0.0% 0.00e+00 30 neoSimpleFoam.momentumPredictor [region]
|       |-> 2.29e+00 sec 1.2% 0.0% 0.0% 0.0% 0.00e+00 30 neoSimpleFoam.timeStep [region]
|-> 2.29e+00 sec 1.2% 100.0% 0.0% ------ 9955 extrapolateValue [for]
|   |-> 1.89e+00 sec 1.0% 100.0% 0.0% 0.0% 0.00e+00 8250 neoSimpleFoam.pressureCorrector [region]
|   |   |-> 1.89e+00 sec 1.0% 100.0% 0.0% 0.0% 0.00e+00 8250 neoSimpleFoam.timeStep [region]
|   |-> 3.95e-01 sec 0.2% 100.0% 0.0% 0.0% 0.00e+00 1650 neoSimpleFoam.turbulenceCorrect [region]
|   |   |-> 3.95e-01 sec 0.2% 100.0% 0.0% 0.0% 0.00e+00 1650 neoSimpleFoam.timeStep [region]
|-> 1.92e+00 sec 1.0% 100.0% 0.0% ------ 4004 computeGradTensorBoundaryReconstruct [for]
|   |-> 8.06e-01 sec 0.4% 100.0% 0.0% 0.0% 0.00e+00 1320 divlap.nonOrthCorr [region]
|   |   |-> 8.06e-01 sec 0.4% 100.0% 0.0% 0.0% 0.00e+00 1320 assemble.spatialImplicit [region]
|   |       |-> 8.06e-01 sec 0.4% 100.0% 0.0% 0.0% 0.00e+00 1320 momentum.assemble [region]
|   |           |-> 8.06e-01 sec 0.4% 100.0% 0.0% 0.0% 0.00e+00 1320 neoSimpleFoam.momentumPredictor [region]
|   |               |-> 8.06e-01 sec 0.4% 100.0% 0.0% 0.0% 0.00e+00 1320 neoSimpleFoam.timeStep [region]
|   |-> 6.78e-01 sec 0.3% 100.0% 0.0% 0.0% 0.00e+00 1320 clg.baseGrad [region]
|   |   |-> 6.78e-01 sec 0.3% 100.0% 0.0% 0.0% 0.00e+00 1320 luw.gradCompute [region]
|   |       |-> 6.78e-01 sec 0.3% 100.0% 0.0% 0.0% 0.00e+00 1320 divlap.deferredCorr [region]
|   |           |-> 6.78e-01 sec 0.3% 100.0% 0.0% 0.0% 0.00e+00 1320 assemble.spatialImplicit [region]
|   |               |-> 6.78e-01 sec 0.3% 100.0% 0.0% 0.0% 0.00e+00 1320 momentum.assemble [region]
|   |                   |-> 6.78e-01 sec 0.3% 100.0% 0.0% 0.0% 0.00e+00 1320 neoSimpleFoam.momentumPredictor [region]
|   |                       |-> 6.78e-01 sec 0.3% 100.0% 0.0% 0.0% 0.00e+00 1320 neoSimpleFoam.timeStep [region]
|   |-> 4.18e-01 sec 0.2% 100.0% 0.0% 0.0% 0.00e+00 1320 neoSimpleFoam.turbulenceCorrect [region]
|   |   |-> 4.18e-01 sec 0.2% 100.0% 0.0% 0.0% 0.00e+00 1320 neoSimpleFoam.timeStep [region]
|-> 1.77e+00 sec 0.9% 0.0% 0.0% 0.0% 0.00e+00 30 luw.gradOpCtor [region]
|   |-> 1.77e+00 sec 0.9% 0.0% 0.0% 0.0% 0.00e+00 30 divlap.deferredCorr [region]
|       |-> 1.77e+00 sec 0.9% 0.0% 0.0% 0.0% 0.00e+00 30 assemble.spatialImplicit [region]
|           |-> 1.77e+00 sec 0.9% 0.0% 0.0% 0.0% 0.00e+00 30 momentum.assemble [region]
|               |-> 1.77e+00 sec 0.9% 0.0% 0.0% 0.0% 0.00e+00 30 neoSimpleFoam.momentumPredictor [region]
|                   |-> 1.77e+00 sec 0.9% 0.0% 0.0% 0.0% 0.00e+00 30 neoSimpleFoam.timeStep [region]
|-> 1.68e+00 sec 0.8% 100.0% 0.0% ------ 91 computeGradTensorInternal [for]
|   |-> 7.01e-01 sec 0.4% 100.0% 0.0% 0.0% 0.00e+00 30 divlap.nonOrthCorr [region]
|   |   |-> 7.01e-01 sec 0.4% 100.0% 0.0% 0.0% 0.00e+00 30 assemble.spatialImplicit [region]
|   |       |-> 7.01e-01 sec 0.4% 100.0% 0.0% 0.0% 0.00e+00 30 momentum.assemble [region]
|   |           |-> 7.01e-01 sec 0.4% 100.0% 0.0% 0.0% 0.00e+00 30 neoSimpleFoam.momentumPredictor [region]
|   |               |-> 7.01e-01 sec 0.4% 100.0% 0.0% 0.0% 0.00e+00 30 neoSimpleFoam.timeStep [region]
|   |-> 5.48e-01 sec 0.3% 100.0% 0.0% 0.0% 0.00e+00 30 neoSimpleFoam.turbulenceCorrect [region]
|   |   |-> 5.48e-01 sec 0.3% 100.0% 0.0% 0.0% 0.00e+00 30 neoSimpleFoam.timeStep [region]
|   |-> 4.09e-01 sec 0.2% 100.0% 0.0% 0.0% 0.00e+00 30 clg.baseGrad [region]
|   |   |-> 4.09e-01 sec 0.2% 100.0% 0.0% 0.0% 0.00e+00 30 luw.gradCompute [region]
|   |       |-> 4.09e-01 sec 0.2% 100.0% 0.0% 0.0% 0.00e+00 30 divlap.deferredCorr [region]
|   |           |-> 4.09e-01 sec 0.2% 100.0% 0.0% 0.0% 0.00e+00 30 assemble.spatialImplicit [region]
|   |               |-> 4.09e-01 sec 0.2% 100.0% 0.0% 0.0% 0.00e+00 30 momentum.assemble [region]
|   |                   |-> 4.09e-01 sec 0.2% 100.0% 0.0% 0.0% 0.00e+00 30 neoSimpleFoam.momentumPredictor [region]
|   |                       |-> 4.09e-01 sec 0.2% 100.0% 0.0% 0.0% 0.00e+00 30 neoSimpleFoam.timeStep [region]
|-> 1.22e+00 sec 0.6% 100.0% 0.0% ------ 3102 parallelFor [for]
|   |-> 7.38e-01 sec 0.4% 100.0% 0.0% 0.0% 0.00e+00 2100 neoSimpleFoam.pressureCorrector [region]
|   |   |-> 7.38e-01 sec 0.4% 100.0% 0.0% 0.0% 0.00e+00 2100 neoSimpleFoam.timeStep [region]
|-> 8.76e-01 sec 0.4% 100.0% 0.0% ------ 4954 setGradientValue [for]
|   |-> 3.60e-01 sec 0.2% 100.0% 0.0% 0.0% 0.00e+00 1590 neoSimpleFoam.pressureCorrector [region]
|   |   |-> 3.60e-01 sec 0.2% 100.0% 0.0% 0.0% 0.00e+00 1590 neoSimpleFoam.timeStep [region]
|   |-> 3.42e-01 sec 0.2% 100.0% 0.0% 0.0% 0.00e+00 1590 neoSimpleFoam.turbulenceCorrect [region]
|   |   |-> 3.42e-01 sec 0.2% 100.0% 0.0% 0.0% 0.00e+00 1590 neoSimpleFoam.timeStep [region]
|-> 7.98e-01 sec 0.4% 0.0% 0.0% 0.0% 0.00e+00 120 assemble.spatialImplicit [region]
|   |-> 5.72e-01 sec 0.3% 0.0% 0.0% 0.0% 0.00e+00 60 neoSimpleFoam.turbulenceCorrect [region]
|   |   |-> 5.72e-01 sec 0.3% 0.0% 0.0% 0.0% 0.00e+00 60 neoSimpleFoam.timeStep [region]
|   |-> 2.25e-01 sec 0.1% 0.0% 0.0% 0.0% 0.00e+00 30 neoSimpleFoam.pressureCorrector.pEqn [region]
|   |   |-> 2.25e-01 sec 0.1% 0.0% 0.0% 0.0% 0.00e+00 30 neoSimpleFoam.pressureCorrector [region]
|   |       |-> 2.25e-01 sec 0.1% 0.0% 0.0% 0.0% 0.00e+00 30 neoSimpleFoam.timeStep [region]
|-> 7.56e-01 sec 0.4% 100.0% 0.0% ------ 2440 computeGradBoundaryFixedValue [for]
|   |-> 4.85e-01 sec 0.2% 100.0% 0.0% 0.0% 0.00e+00 1200 neoSimpleFoam.turbulenceCorrect [region]
|   |   |-> 4.85e-01 sec 0.2% 100.0% 0.0% 0.0% 0.00e+00 1200 neoSimpleFoam.timeStep [region]
|   |-> 2.59e-01 sec 0.1% 100.0% 0.0% 0.0% 0.00e+00 1200 assemble.spatialImplicit [region]
|   |   |-> 2.59e-01 sec 0.1% 100.0% 0.0% 0.0% 0.00e+00 1200 neoSimpleFoam.turbulenceCorrect [region]
|   |       |-> 2.59e-01 sec 0.1% 100.0% 0.0% 0.0% 0.00e+00 1200 neoSimpleFoam.timeStep [region]
|-> 5.85e-01 sec 0.3% 0.0% 0.0% 0.0% 0.00e+00 30 luw.applyCorr [region]
|   |-> 5.85e-01 sec 0.3% 0.0% 0.0% 0.0% 0.00e+00 30 divlap.deferredCorr [region]
|       |-> 5.85e-01 sec 0.3% 0.0% 0.0% 0.0% 0.00e+00 30 assemble.spatialImplicit [region]
|           |-> 5.85e-01 sec 0.3% 0.0% 0.0% 0.0% 0.00e+00 30 momentum.assemble [region]
|               |-> 5.85e-01 sec 0.3% 0.0% 0.0% 0.0% 0.00e+00 30 neoSimpleFoam.momentumPredictor [region]
|                   |-> 5.85e-01 sec 0.3% 0.0% 0.0% 0.0% 0.00e+00 30 neoSimpleFoam.timeStep [region]
|-> 5.52e-01 sec 0.3% 100.0% 0.0% ------ 555 computeLinearInterpolationInternal [for]
|   |-> 2.19e-01 sec 0.1% 100.0% 0.0% 0.0% 0.00e+00 219 neoSimpleFoam.turbulenceCorrect [region]
|   |   |-> 2.19e-01 sec 0.1% 100.0% 0.0% 0.0% 0.00e+00 219 neoSimpleFoam.timeStep [region]
|-> 5.41e-01 sec 0.3% 0.0% 0.0% 0.0% 0.00e+00 150 assemble.explicitSource [region]
|   |-> 2.69e-01 sec 0.1% 0.0% 0.0% 0.0% 0.00e+00 30 neoSimpleFoam.momentumPredictor [region]
|   |   |-> 2.69e-01 sec 0.1% 0.0% 0.0% 0.0% 0.00e+00 30 neoSimpleFoam.timeStep [region]
|   |-> 2.63e-01 sec 0.1% 0.0% 0.0% 0.0% 0.00e+00 30 momentum.assemble [region]
|   |   |-> 2.63e-01 sec 0.1% 0.0% 0.0% 0.0% 0.00e+00 30 neoSimpleFoam.momentumPredictor [region]
|   |       |-> 2.63e-01 sec 0.1% 0.0% 0.0% 0.0% 0.00e+00 30 neoSimpleFoam.timeStep [region]
|-> 4.63e-01 sec 0.2% 100.0% 0.0% ------ 1530 kOmegaSST::omegaWFGFeedback [for]
|   |-> 4.63e-01 sec 0.2% 100.0% 0.0% 0.0% 0.00e+00 1530 neoSimpleFoam.turbulenceCorrect [region]
|       |-> 4.63e-01 sec 0.2% 100.0% 0.0% 0.0% 0.00e+00 1530 neoSimpleFoam.timeStep [region]
|-> 4.63e-01 sec 0.2% 100.0% 0.0% ------ 90 computeLocalGaussGreenDivLaplacianCoefficients [for]
|   |-> 2.87e-01 sec 0.1% 100.0% 0.0% 0.0% 0.00e+00 60 assemble.spatialImplicit [region]
|   |   |-> 2.87e-01 sec 0.1% 100.0% 0.0% 0.0% 0.00e+00 60 neoSimpleFoam.turbulenceCorrect [region]
|   |       |-> 2.87e-01 sec 0.1% 100.0% 0.0% 0.0% 0.00e+00 60 neoSimpleFoam.timeStep [region]
|-> 4.32e-01 sec 0.2% 100.0% 0.0% ------ 120 computeLaplacianImplicitCorrection [for]
|   |-> 3.59e-01 sec 0.2% 100.0% 0.0% 0.0% 0.00e+00 30 divlap.nonOrthCorr [region]
|   |   |-> 3.59e-01 sec 0.2% 100.0% 0.0% 0.0% 0.00e+00 30 assemble.spatialImplicit [region]
|   |       |-> 3.59e-01 sec 0.2% 100.0% 0.0% 0.0% 0.00e+00 30 momentum.assemble [region]
|   |           |-> 3.59e-01 sec 0.2% 100.0% 0.0% 0.0% 0.00e+00 30 neoSimpleFoam.momentumPredictor [region]
|   |               |-> 3.59e-01 sec 0.2% 100.0% 0.0% 0.0% 0.00e+00 30 neoSimpleFoam.timeStep [region]
|-> 4.17e-01 sec 0.2% 100.0% 0.0% ------ 30 addDivCorrectionToRhs [for]
|   |-> 4.17e-01 sec 0.2% 100.0% 0.0% 0.0% 0.00e+00 30 divlap.deferredCorr [region]
|       |-> 4.17e-01 sec 0.2% 100.0% 0.0% 0.0% 0.00e+00 30 assemble.spatialImplicit [region]
|           |-> 4.17e-01 sec 0.2% 100.0% 0.0% 0.0% 0.00e+00 30 momentum.assemble [region]
|               |-> 4.17e-01 sec 0.2% 100.0% 0.0% 0.0% 0.00e+00 30 neoSimpleFoam.momentumPredictor [region]
|                   |-> 4.17e-01 sec 0.2% 100.0% 0.0% 0.0% 0.00e+00 30 neoSimpleFoam.timeStep [region]
|-> 3.82e-01 sec 0.2% 100.0% 0.0% ------ 1581 setNutUSpaldingWallFunction [for]
|   |-> 3.69e-01 sec 0.2% 100.0% 0.0% 0.0% 0.00e+00 1530 neoSimpleFoam.turbulenceCorrect [region]
|   |   |-> 3.69e-01 sec 0.2% 100.0% 0.0% 0.0% 0.00e+00 1530 neoSimpleFoam.timeStep [region]
|-> 3.81e-01 sec 0.2% 100.0% 0.0% ------ 1445 setFixedValueVolume [for]
|   |-> 3.58e-01 sec 0.2% 100.0% 0.0% 0.0% 0.00e+00 1230 neoSimpleFoam.pressureCorrector [region]
|   |   |-> 3.58e-01 sec 0.2% 100.0% 0.0% 0.0% 0.00e+00 1230 neoSimpleFoam.timeStep [region]
|-> 3.45e-01 sec 0.2% 100.0% 0.0% ------ 1530 setOmegaWallFunction [for]
|   |-> 3.45e-01 sec 0.2% 100.0% 0.0% 0.0% 0.00e+00 1530 neoSimpleFoam.turbulenceCorrect [region]
|       |-> 3.45e-01 sec 0.2% 100.0% 0.0% 0.0% 0.00e+00 1530 neoSimpleFoam.timeStep [region]
|-> 3.26e-01 sec 0.2% 100.0% 0.0% ------ 272 computeGradBoundary [for]
|-> 3.26e-01 sec 0.2% 100.0% 0.0% ------ 1302 updateProcBoundaryOwnerValue [for]
|-> 3.16e-01 sec 0.2% 0.0% 0.0% 0.0% 0.00e+00 30 divlap.nonOrthCorr [region]
|   |-> 3.16e-01 sec 0.2% 0.0% 0.0% 0.0% 0.00e+00 30 assemble.spatialImplicit [region]
|       |-> 3.16e-01 sec 0.2% 0.0% 0.0% 0.0% 0.00e+00 30 momentum.assemble [region]
|           |-> 3.16e-01 sec 0.2% 0.0% 0.0% 0.0% 0.00e+00 30 neoSimpleFoam.momentumPredictor [region]
|               |-> 3.16e-01 sec 0.2% 0.0% 0.0% 0.0% 0.00e+00 30 neoSimpleFoam.timeStep [region]
|-> 3.07e-01 sec 0.2% 100.0% 0.0% ------ 555 computeLinearInterpolationBoundary [for]
|-> 2.64e-01 sec 0.1% 100.0% 0.0% ------ 432 setContainer [for]
|-> 2.57e-01 sec 0.1% 100.0% 0.0% ------ 858 setProcBoundaryCoefficients [for]
|-> 2.33e-01 sec 0.1% 100.0% 0.0% ------ 272 computeGradCells [for]
|-> 2.22e-01 sec 0.1% 100.0% 0.0% ------ 91 computeGradTensorCells [for]
|-> 2.22e-01 sec 0.1% 0.0% 0.0% 0.0% 0.00e+00 30 divlap.deferredCorr [region]
|   |-> 2.22e-01 sec 0.1% 0.0% 0.0% 0.0% 0.00e+00 30 assemble.spatialImplicit [region]
|       |-> 2.22e-01 sec 0.1% 0.0% 0.0% 0.0% 0.00e+00 30 momentum.assemble [region]
|           |-> 2.22e-01 sec 0.1% 0.0% 0.0% 0.0% 0.00e+00 30 neoSimpleFoam.momentumPredictor [region]
|               |-> 2.22e-01 sec 0.1% 0.0% 0.0% 0.0% 0.00e+00 30 neoSimpleFoam.timeStep [region]
|-> 2.13e-01 sec 0.1% 100.0% 0.0% ------ 555 computeLinearInterpolationProcBoundary [for]

KOKKOS HOST SPACE:
===================
MAX MEMORY ALLOCATED: 1290469.1 kB
ALLOCATIONS AT TIME OF HIGH WATER MARK:
  29.9% neoSimpleFoam.timeStep/neoSimpleFoam.momentumPredictor/momentum.assemble/assemble.spatialImplicit/divlap.deferredCorr/luw.gradOpCtor/Vector
  29.9% neoSimpleFoam.timeStep/neoSimpleFoam.momentumPredictor/momentum.assemble/assemble.spatialImplicit/divlap.deferredCorr/luw.gradOpCtor/Vector
  15.5% neoSimpleFoam.timeStep/neoSimpleFoam.momentumPredictor/momentum.assemble/assemble.spatialImplicit/divlap.deferredCorr/luw.gradOpCtor/Vector
  14.9% neoSimpleFoam.timeStep/neoSimpleFoam.momentumPredictor/momentum.assemble/assemble.spatialImplicit/divlap.deferredCorr/luw.gradOpCtor/Vector
  4.9% neoSimpleFoam.timeStep/neoSimpleFoam.momentumPredictor/momentum.assemble/assemble.spatialImplicit/divlap.deferredCorr/luw.gradOpCtor/Vector
  4.9% neoSimpleFoam.timeStep/neoSimpleFoam.momentumPredictor/momentum.assemble/assemble.spatialImplicit/divlap.deferredCorr/luw.gradOpCtor/Vector

KOKKOS CUDA SPACE:
===================
MAX MEMORY ALLOCATED: 0.0 kB
ALLOCATIONS AT TIME OF HIGH WATER MARK:

KOKKOS HIP SPACE:
===================
MAX MEMORY ALLOCATED: 0.0 kB
ALLOCATIONS AT TIME OF HIGH WATER MARK:

KOKKOS SYCL SPACE:
===================
MAX MEMORY ALLOCATED: 0.0 kB
ALLOCATIONS AT TIME OF HIGH WATER MARK:

KOKKOS OpenMPTarget SPACE:
===================
MAX MEMORY ALLOCATED: 0.0 kB
ALLOCATIONS AT TIME OF HIGH WATER MARK:

Host process high water mark memory consumption: 14745204 kB

END KOKKOS PROFILING REPORT.
Finalising parallel run
