/*---------------------------------------------------------------------------*\
| =========                 |                                                 |
| \\      /  F ield         | OpenFOAM: The Open Source CFD Toolbox           |
|  \\    /   O peration     | Version:  2506                                  |
|   \\  /    A nd           | Website:  www.openfoam.com                      |
|    \\/     M anipulation  |                                                 |
\*---------------------------------------------------------------------------*/
Build  : b050cd9480-20250814 OPENFOAM=2506 version=v2506
Arch   : "LSB;label=32;scalar=64"
Exec   : /storage/home/greole/code/NeoFOAM/build/profilingnvidia_h200/bin/neoSimpleFoam -parallel
Date   : Jun 28 2026
Time   : 15:40:00
Host   : gpu-nvidia-h200-3.int.coma-cluster.de
PID    : 568830
I/O    : uncollated
Case   : /storage/home/greole/code/NeoFOAM/occDrivAerStaticMesh
nProcs : 4
Hosts  :
(
    (gpu-nvidia-h200-3.int.coma-cluster.de 4)
)
Pstream initialized with:
    node communication : off [type=host] (4 ranks, 1 nodes)
    topology controls  : none
    consensus exchange : 0 (tuning: 0)
    exchange algorithm : 0
    commsType          : nonBlocking
    polling iterations : 0
trapFpe: Floating point exception trapping enabled (FOAM_SIGFPE).
fileModificationChecking : Monitoring run-time modified files using timeStampMaster (fileModificationSkew 5, maxFileModificationPolls 20)
allowSystemOperations : Allowing user-supplied system call operations

// * * * * * * * * * * * * * * * * * * * * * * * * * * * * * * * * * * * * * //
Create time

Initializing NeoN
Creating Executor GPU
Creating NeoFOAM runTime

SIMPLE: no convergence criteria found. Calculations will run for 30 steps.

Reading field p

Reading field U

Reading/calculating face flux field phi

Selecting incompressible transport model Newtonian
NeoFOAM solver config (from fvSolution configFile) for 'config(Cg+Schwarz(Multigrid))':
{
    configFile: <NeoN::TokenList>
    l1ScaledResidual: true
    relTol: 0.010000
    reportName: config(Cg+Schwarz(Multigrid))
    solver: Ginkgo
    tolerance: 0.000000
}
    effective optimize: false
    effective checkFrequency: 1
Mapping OpenFOAM solver settings to NeoN settings.
Currently, it is advisable to specify a configFile
for fine grained Ginkgo solver control

Replacing solver PBiCGStab by solver::Bicgstab
Replacing preconditioner diagonal by preconditioner::Schwarz (Schwarz-wrapped for distributed run)
NeoFOAM solver config (mapped from fvSolution) for 'Schwarz(Jacobi)+Bicgstab':
{
    cacheSolver: true
    criteria: {
        absolute_residual_norm: 0.000000
        initial_residual_norm: 0.100000
        iteration: 1000
    }
    l1ScaledResidual: true
    optimize: true
    preconditioner: {
        local_solver: {
            max_block_size: 1
            type: preconditioner::Jacobi
        }
        type: preconditioner::Schwarz
    }
    reportName: Schwarz(Jacobi)+Bicgstab
    solver: Ginkgo
    type: solver::Bicgstab
}
    effective optimize: true
    effective checkFrequency: 1
Creating phi

[NF][/storage/home/greole/code/NeoFOAM/include/NeoFOAM/auxiliary/readers.hpp::434]: Internal: 49333487, Boundary: 1754396

[NF][/storage/home/greole/code/NeoFOAM/include/NeoFOAM/auxiliary/readers.hpp::434]: Internal: 49320882, Boundary: 1762558

[NF][/storage/home/greole/code/NeoFOAM/include/NeoFOAM/auxiliary/readers.hpp::434]: Internal: 49261542, Boundary: 1427829

[NF][/storage/home/greole/code/NeoFOAM/include/NeoFOAM/auxiliary/readers.hpp::434]: Internal: 49243125, Boundary: 1362247
Selecting patchDistMethod meshWave
Mapping OpenFOAM solver settings to NeoN settings.
Currently, it is advisable to specify a configFile
for fine grained Ginkgo solver control

Replacing solver PBiCGStab by solver::Bicgstab
Replacing preconditioner diagonal by preconditioner::Schwarz (Schwarz-wrapped for distributed run)
NeoFOAM solver config (mapped from fvSolution) for 'Schwarz(Jacobi)+Bicgstab':
{
    cacheSolver: true
    criteria: {
        absolute_residual_norm: 0.000000
        initial_residual_norm: 0.100000
        iteration: 1000
    }
    l1ScaledResidual: true
    optimize: true
    preconditioner: {
        local_solver: {
            max_block_size: 1
            type: preconditioner::Jacobi
        }
        type: preconditioner::Schwarz
    }
    reportName: Schwarz(Jacobi)+Bicgstab
    solver: Ginkgo
    type: solver::Bicgstab
}
    effective optimize: true
    effective checkFrequency: 1
Mapping OpenFOAM solver settings to NeoN settings.
Currently, it is advisable to specify a configFile
for fine grained Ginkgo solver control

Replacing solver PBiCGStab by solver::Bicgstab
Replacing preconditioner diagonal by preconditioner::Schwarz (Schwarz-wrapped for distributed run)
NeoFOAM solver config (mapped from fvSolution) for 'Schwarz(Jacobi)+Bicgstab':
{
    cacheSolver: true
    criteria: {
        absolute_residual_norm: 0.000000
        initial_residual_norm: 0.100000
        iteration: 1000
    }
    l1ScaledResidual: true
    optimize: true
    preconditioner: {
        local_solver: {
            max_block_size: 1
            type: preconditioner::Jacobi
        }
        type: preconditioner::Schwarz
    }
    reportName: Schwarz(Jacobi)+Bicgstab
    solver: Ginkgo
    type: solver::Bicgstab
}
    effective optimize: true
    effective checkFrequency: 1
Starting time loop
Time = 1
[mem] step-start: DEVICE_POOL current=16605 MB  actual(reserved)=38146 MB  highWater=19132 MB
Schwarz(Jacobi)+Bicgstab:  Solving for Ux, Initial residual = 0.0019488955966077404, Final residual = 0.0002389414417994434, No Iterations 3, Solve time = 148.022 ms
Schwarz(Jacobi)+Bicgstab:  Solving for Uy, Initial residual = 0.16486889485444559, Final residual = 0.008211417173385843, No Iterations 3, Solve time = 148.022 ms
Schwarz(Jacobi)+Bicgstab:  Solving for Uz, Initial residual = 0.10478399166434318, Final residual = 0.004988129972801333, No Iterations 3, Solve time = 148.022 ms
[mem] after-UEqn: DEVICE_POOL current=19099 MB  actual(reserved)=38146 MB  highWater=24387 MB
config(Cg+Schwarz(Multigrid)):  Solving for p, Initial residual = 1, Final residual = 0.00993329616515893, No Iterations 77, Solve time = 2056.14 ms
time step continuity errors : sum local = 6.633581065797195e-05, global = 3.04577317614481e-07, cumulative = 3.04577317614481e-07
[mem] after-pEqn: DEVICE_POOL current=20567 MB  actual(reserved)=38146 MB  highWater=24387 MB
[GinkgoSolver] p-cache: rebuild(generate) solve=1 rebuildInterval=0
Schwarz(Jacobi)+Bicgstab:  Solving for omega, Initial residual = 0.9999999999999999, Final residual = 0.030747677180371275, No Iterations 1, Solve time = 34.684 ms
bounding omega, min: -52.867226882993464 max: 46109494.7459321 average: 2443.102465092075
[GinkgoSolver] p-cache: rebuild(generate) solve=1 rebuildInterval=0
Schwarz(Jacobi)+Bicgstab:  Solving for k, Initial residual = 0.999999999999973, Final residual = 0.043859887718270006, No Iterations 1, Solve time = 34.98 ms
[mem] after-turb: DEVICE_POOL current=22752 MB  actual(reserved)=38146 MB  highWater=24811 MB
ExecutionTime = 55.22 s  ClockTime = 55 s

Time = 2
[mem] step-start: DEVICE_POOL current=22752 MB  actual(reserved)=38146 MB  highWater=24811 MB
Schwarz(Jacobi)+Bicgstab:  Solving for Ux, Initial residual = 0.00129117966456598, Final residual = 5.9114174989862116e-05, No Iterations 5, Solve time = 184.548 ms
Schwarz(Jacobi)+Bicgstab:  Solving for Uy, Initial residual = 0.06538300268677741, Final residual = 0.0029854274323647726, No Iterations 5, Solve time = 184.548 ms
Schwarz(Jacobi)+Bicgstab:  Solving for Uz, Initial residual = 0.04082114130283566, Final residual = 0.000907868950305478, No Iterations 5, Solve time = 184.548 ms
[mem] after-UEqn: DEVICE_POOL current=22752 MB  actual(reserved)=38146 MB  highWater=28040 MB
config(Cg+Schwarz(Multigrid)):  Solving for p, Initial residual = 0.03796011483355025, Final residual = 0.0003679751390839742, No Iterations 98, Solve time = 2562.95 ms
time step continuity errors : sum local = 4.1426940517589875e-05, global = -1.9077366177368705e-06, cumulative = -1.6031593001223894e-06
[mem] after-pEqn: DEVICE_POOL current=22752 MB  actual(reserved)=38146 MB  highWater=28040 MB
[GinkgoSolver] p-cache: reuse(update_matrix_value) solve=2 rebuildInterval=0
Schwarz(Jacobi)+Bicgstab:  Solving for omega, Initial residual = 0.008194928460775259, Final residual = 0.0004780157727594149, No Iterations 1, Solve time = 33.136 ms
bounding omega, min: -1371.1333911019785 max: 45305778.79341555 average: 2705.630563452841
[GinkgoSolver] p-cache: reuse(update_matrix_value) solve=2 rebuildInterval=0
Schwarz(Jacobi)+Bicgstab:  Solving for k, Initial residual = 0.07500612376035778, Final residual = 0.004455249957413194, No Iterations 1, Solve time = 33.049 ms
[mem] after-turb: DEVICE_POOL current=22752 MB  actual(reserved)=38146 MB  highWater=28040 MB
ExecutionTime = 60.93 s  ClockTime = 61 s

Time = 3
[mem] step-start: DEVICE_POOL current=22752 MB  actual(reserved)=38146 MB  highWater=28040 MB
Schwarz(Jacobi)+Bicgstab:  Solving for Ux, Initial residual = 0.0008080745777768778, Final residual = 4.747861272311303e-05, No Iterations 6, Solve time = 212.809 ms
Schwarz(Jacobi)+Bicgstab:  Solving for Uy, Initial residual = 0.032499998322162514, Final residual = 0.0006309726073822014, No Iterations 6, Solve time = 212.809 ms
Schwarz(Jacobi)+Bicgstab:  Solving for Uz, Initial residual = 0.018184168894331287, Final residual = 0.0002673869838739506, No Iterations 6, Solve time = 212.809 ms
[mem] after-UEqn: DEVICE_POOL current=22752 MB  actual(reserved)=38146 MB  highWater=28040 MB
config(Cg+Schwarz(Multigrid)):  Solving for p, Initial residual = 0.017414005579330726, Final residual = 0.0001649366435019458, No Iterations 90, Solve time = 2373.881 ms
time step continuity errors : sum local = 3.293917694247168e-05, global = 6.236599863945453e-07, cumulative = -9.79499313727844e-07
[mem] after-pEqn: DEVICE_POOL current=22752 MB  actual(reserved)=38146 MB  highWater=28040 MB
[GinkgoSolver] p-cache: reuse(update_matrix_value) solve=3 rebuildInterval=0
Schwarz(Jacobi)+Bicgstab:  Solving for omega, Initial residual = 0.003520714188514395, Final residual = 0.000289934862026705, No Iterations 1, Solve time = 33.916 ms
bounding omega, min: -11.96539824232769 max: 45385839.70970447 average: 3322.2015855676896
[GinkgoSolver] p-cache: reuse(update_matrix_value) solve=3 rebuildInterval=0
Schwarz(Jacobi)+Bicgstab:  Solving for k, Initial residual = 0.01399766518753393, Final residual = 0.0010053738954406682, No Iterations 1, Solve time = 33.125 ms
[mem] after-turb: DEVICE_POOL current=22752 MB  actual(reserved)=38146 MB  highWater=28040 MB
ExecutionTime = 66.48 s  ClockTime = 67 s

Time = 4
[mem] step-start: DEVICE_POOL current=22752 MB  actual(reserved)=38146 MB  highWater=28040 MB
Schwarz(Jacobi)+Bicgstab:  Solving for Ux, Initial residual = 0.0005588594034527141, Final residual = 4.704342284588401e-05, No Iterations 4, Solve time = 153.458 ms
Schwarz(Jacobi)+Bicgstab:  Solving for Uy, Initial residual = 0.020272444652665342, Final residual = 0.002708629479453383, No Iterations 4, Solve time = 153.458 ms
Schwarz(Jacobi)+Bicgstab:  Solving for Uz, Initial residual = 0.010479771197203756, Final residual = 0.0007742690685342765, No Iterations 4, Solve time = 153.458 ms
[mem] after-UEqn: DEVICE_POOL current=22752 MB  actual(reserved)=38146 MB  highWater=28040 MB
config(Cg+Schwarz(Multigrid)):  Solving for p, Initial residual = 0.012452957234128596, Final residual = 0.0001228676243960842, No Iterations 63, Solve time = 1670.091 ms
time step continuity errors : sum local = 3.166369363185618e-05, global = -5.990359879465676e-07, cumulative = -1.5785353016744117e-06
[mem] after-pEqn: DEVICE_POOL current=22752 MB  actual(reserved)=38146 MB  highWater=28040 MB
[GinkgoSolver] p-cache: reuse(update_matrix_value) solve=4 rebuildInterval=0
Schwarz(Jacobi)+Bicgstab:  Solving for omega, Initial residual = 0.0017242619328871787, Final residual = 4.831142361217183e-05, No Iterations 2, Solve time = 47.437 ms
[GinkgoSolver] p-cache: reuse(update_matrix_value) solve=4 rebuildInterval=0
Schwarz(Jacobi)+Bicgstab:  Solving for k, Initial residual = 0.004641010368223499, Final residual = 0.0003933745606344845, No Iterations 1, Solve time = 32.974 ms
[mem] after-turb: DEVICE_POOL current=22752 MB  actual(reserved)=38146 MB  highWater=28040 MB
ExecutionTime = 71.23999999999999 s  ClockTime = 71 s

Time = 5
[mem] step-start: DEVICE_POOL current=22752 MB  actual(reserved)=38146 MB  highWater=28040 MB
Schwarz(Jacobi)+Bicgstab:  Solving for Ux, Initial residual = 0.0004827393283950083, Final residual = 3.741801378393115e-05, No Iterations 4, Solve time = 153.891 ms
Schwarz(Jacobi)+Bicgstab:  Solving for Uy, Initial residual = 0.018515917226735713, Final residual = 0.0011827717477010664, No Iterations 4, Solve time = 153.891 ms
Schwarz(Jacobi)+Bicgstab:  Solving for Uz, Initial residual = 0.008307694897898343, Final residual = 0.0008066158730600782, No Iterations 4, Solve time = 153.891 ms
[mem] after-UEqn: DEVICE_POOL current=22752 MB  actual(reserved)=38146 MB  highWater=28040 MB
config(Cg+Schwarz(Multigrid)):  Solving for p, Initial residual = 0.010719879764809955, Final residual = 0.00010685613508551632, No Iterations 66, Solve time = 1748.896 ms
time step continuity errors : sum local = 2.9915913567238227e-05, global = -1.2119528788560909e-06, cumulative = -2.7904881805305024e-06
[mem] after-pEqn: DEVICE_POOL current=22752 MB  actual(reserved)=38146 MB  highWater=28040 MB
[GinkgoSolver] p-cache: reuse(update_matrix_value) solve=5 rebuildInterval=0
Schwarz(Jacobi)+Bicgstab:  Solving for omega, Initial residual = 0.0009944382421521786, Final residual = 9.814420017274904e-05, No Iterations 1, Solve time = 33.07 ms
[GinkgoSolver] p-cache: reuse(update_matrix_value) solve=5 rebuildInterval=0
Schwarz(Jacobi)+Bicgstab:  Solving for k, Initial residual = 0.0023565599351422777, Final residual = 0.00022365795097483454, No Iterations 1, Solve time = 32.741 ms
[mem] after-turb: DEVICE_POOL current=22752 MB  actual(reserved)=38146 MB  highWater=28040 MB
ExecutionTime = 76.09999999999999 s  ClockTime = 76 s

Time = 6
[mem] step-start: DEVICE_POOL current=22752 MB  actual(reserved)=38146 MB  highWater=28040 MB
Schwarz(Jacobi)+Bicgstab:  Solving for Ux, Initial residual = 0.00043540245868545723, Final residual = 2.6335227826837776e-05, No Iterations 5, Solve time = 185.389 ms
Schwarz(Jacobi)+Bicgstab:  Solving for Uy, Initial residual = 0.017900784550725055, Final residual = 0.0017844616692976737, No Iterations 5, Solve time = 185.389 ms
Schwarz(Jacobi)+Bicgstab:  Solving for Uz, Initial residual = 0.006721893816964024, Final residual = 0.0005121919329669367, No Iterations 5, Solve time = 185.389 ms
[mem] after-UEqn: DEVICE_POOL current=22752 MB  actual(reserved)=38146 MB  highWater=28040 MB
config(Cg+Schwarz(Multigrid)):  Solving for p, Initial residual = 0.01139767845613538, Final residual = 0.00010906125480442936, No Iterations 69, Solve time = 1839.95 ms
time step continuity errors : sum local = 2.957074729422423e-05, global = -1.0696011835717306e-06, cumulative = -3.860089364102233e-06
[mem] after-pEqn: DEVICE_POOL current=22752 MB  actual(reserved)=38146 MB  highWater=28040 MB
[GinkgoSolver] p-cache: reuse(update_matrix_value) solve=6 rebuildInterval=0
Schwarz(Jacobi)+Bicgstab:  Solving for omega, Initial residual = 0.0006247440014194184, Final residual = 2.4312839178569608e-05, No Iterations 2, Solve time = 47.636 ms
[GinkgoSolver] p-cache: reuse(update_matrix_value) solve=6 rebuildInterval=0
Schwarz(Jacobi)+Bicgstab:  Solving for k, Initial residual = 0.0016243051018057816, Final residual = 0.00015489686628052292, No Iterations 1, Solve time = 33.717 ms
[mem] after-turb: DEVICE_POOL current=22752 MB  actual(reserved)=38146 MB  highWater=28040 MB
ExecutionTime = 81.06999999999999 s  ClockTime = 81 s

Time = 7
[mem] step-start: DEVICE_POOL current=22752 MB  actual(reserved)=38146 MB  highWater=28040 MB
Schwarz(Jacobi)+Bicgstab:  Solving for Ux, Initial residual = 0.00037562863790910876, Final residual = 2.3408701726718268e-05, No Iterations 5, Solve time = 185.91 ms
Schwarz(Jacobi)+Bicgstab:  Solving for Uy, Initial residual = 0.01515504271107622, Final residual = 0.001269482080189123, No Iterations 5, Solve time = 185.91 ms
Schwarz(Jacobi)+Bicgstab:  Solving for Uz, Initial residual = 0.005125808893792247, Final residual = 0.00027720217967092635, No Iterations 5, Solve time = 185.91 ms
[mem] after-UEqn: DEVICE_POOL current=22752 MB  actual(reserved)=38146 MB  highWater=28040 MB
config(Cg+Schwarz(Multigrid)):  Solving for p, Initial residual = 0.0124992078632354, Final residual = 0.00012095946273815496, No Iterations 86, Solve time = 2281.487 ms
time step continuity errors : sum local = 2.9351250086475286e-05, global = 9.497248727266128e-07, cumulative = -2.9103644913756203e-06
[mem] after-pEqn: DEVICE_POOL current=22752 MB  actual(reserved)=38146 MB  highWater=28040 MB
[GinkgoSolver] p-cache: reuse(update_matrix_value) solve=7 rebuildInterval=0
Schwarz(Jacobi)+Bicgstab:  Solving for omega, Initial residual = 0.0004898567149929594, Final residual = 1.5232764742416593e-05, No Iterations 2, Solve time = 47.787 ms
bounding omega, min: -642.6737430293479 max: 45358163.163968995 average: 5415.641660602005
[GinkgoSolver] p-cache: reuse(update_matrix_value) solve=7 rebuildInterval=0
Schwarz(Jacobi)+Bicgstab:  Solving for k, Initial residual = 0.0011597071248414434, Final residual = 2.41099610514333e-05, No Iterations 3, Solve time = 62.871 ms
[mem] after-turb: DEVICE_POOL current=22752 MB  actual(reserved)=38146 MB  highWater=28040 MB
ExecutionTime = 86.52 s  ClockTime = 87 s

Time = 8
[mem] step-start: DEVICE_POOL current=22752 MB  actual(reserved)=38146 MB  highWater=28040 MB
Schwarz(Jacobi)+Bicgstab:  Solving for Ux, Initial residual = 0.000314720222799527, Final residual = 2.5074049632407153e-05, No Iterations 5, Solve time = 185.654 ms
Schwarz(Jacobi)+Bicgstab:  Solving for Uy, Initial residual = 0.011307763598423542, Final residual = 0.0002853343849731754, No Iterations 5, Solve time = 185.654 ms
Schwarz(Jacobi)+Bicgstab:  Solving for Uz, Initial residual = 0.0036059402351062424, Final residual = 0.00019541641057945822, No Iterations 5, Solve time = 185.654 ms
[mem] after-UEqn: DEVICE_POOL current=22752 MB  actual(reserved)=38146 MB  highWater=28040 MB
config(Cg+Schwarz(Multigrid)):  Solving for p, Initial residual = 0.013495228164143806, Final residual = 0.00013085036040504252, No Iterations 79, Solve time = 2085.219 ms
time step continuity errors : sum local = 2.7510871787133598e-05, global = -1.6619607391767045e-06, cumulative = -4.5723252305523244e-06
[mem] after-pEqn: DEVICE_POOL current=22752 MB  actual(reserved)=38146 MB  highWater=28040 MB
[GinkgoSolver] p-cache: reuse(update_matrix_value) solve=8 rebuildInterval=0
Schwarz(Jacobi)+Bicgstab:  Solving for omega, Initial residual = 0.000359628725266444, Final residual = 1.2435238646534799e-05, No Iterations 2, Solve time = 47.538 ms
[GinkgoSolver] p-cache: reuse(update_matrix_value) solve=8 rebuildInterval=0
Schwarz(Jacobi)+Bicgstab:  Solving for k, Initial residual = 0.0008654230564862943, Final residual = 5.243162961379737e-05, No Iterations 2, Solve time = 46.389 ms
[mem] after-turb: DEVICE_POOL current=22752 MB  actual(reserved)=38146 MB  highWater=28040 MB
ExecutionTime = 91.78 s  ClockTime = 92 s

Time = 9
[mem] step-start: DEVICE_POOL current=22752 MB  actual(reserved)=38146 MB  highWater=28040 MB
Schwarz(Jacobi)+Bicgstab:  Solving for Ux, Initial residual = 0.0002729240706543651, Final residual = 7.2934478604850685e-06, No Iterations 5, Solve time = 183.713 ms
Schwarz(Jacobi)+Bicgstab:  Solving for Uy, Initial residual = 0.009228201068752346, Final residual = 0.00043438499222258096, No Iterations 5, Solve time = 183.713 ms
Schwarz(Jacobi)+Bicgstab:  Solving for Uz, Initial residual = 0.002638543249014138, Final residual = 0.0001549591737020591, No Iterations 5, Solve time = 183.713 ms
[mem] after-UEqn: DEVICE_POOL current=22752 MB  actual(reserved)=38146 MB  highWater=28040 MB
config(Cg+Schwarz(Multigrid)):  Solving for p, Initial residual = 0.013948450737953191, Final residual = 0.0001370771663213795, No Iterations 78, Solve time = 2051.665 ms
time step continuity errors : sum local = 2.555208384445832e-05, global = -3.096966983388949e-07, cumulative = -4.882021928891219e-06
[mem] after-pEqn: DEVICE_POOL current=22752 MB  actual(reserved)=38146 MB  highWater=28040 MB
[GinkgoSolver] p-cache: reuse(update_matrix_value) solve=9 rebuildInterval=0
Schwarz(Jacobi)+Bicgstab:  Solving for omega, Initial residual = 0.0002780515647225631, Final residual = 1.0630640348110545e-05, No Iterations 2, Solve time = 47.08 ms
[GinkgoSolver] p-cache: reuse(update_matrix_value) solve=9 rebuildInterval=0
Schwarz(Jacobi)+Bicgstab:  Solving for k, Initial residual = 0.0006654177136559018, Final residual = 3.884120925420302e-05, No Iterations 2, Solve time = 47.612 ms
[mem] after-turb: DEVICE_POOL current=22752 MB  actual(reserved)=38146 MB  highWater=28040 MB
ExecutionTime = 96.95 s  ClockTime = 97 s

Time = 10
[mem] step-start: DEVICE_POOL current=22752 MB  actual(reserved)=38146 MB  highWater=28040 MB
Schwarz(Jacobi)+Bicgstab:  Solving for Ux, Initial residual = 0.0002515313285045813, Final residual = 3.2136591287634484e-06, No Iterations 6, Solve time = 214.14 ms
Schwarz(Jacobi)+Bicgstab:  Solving for Uy, Initial residual = 0.010022899976964178, Final residual = 0.00039768110950643413, No Iterations 6, Solve time = 214.14 ms
Schwarz(Jacobi)+Bicgstab:  Solving for Uz, Initial residual = 0.002492596968039209, Final residual = 4.162488301068373e-05, No Iterations 6, Solve time = 214.14 ms
[mem] after-UEqn: DEVICE_POOL current=22752 MB  actual(reserved)=38146 MB  highWater=28040 MB
config(Cg+Schwarz(Multigrid)):  Solving for p, Initial residual = 0.013370860819276626, Final residual = 0.0001311616950636086, No Iterations 78, Solve time = 2052.459 ms
time step continuity errors : sum local = 2.364148679256714e-05, global = 4.867094433423915e-08, cumulative = -4.83335098455698e-06
[mem] after-pEqn: DEVICE_POOL current=22752 MB  actual(reserved)=38146 MB  highWater=28040 MB
[GinkgoSolver] p-cache: reuse(update_matrix_value) solve=10 rebuildInterval=0
Schwarz(Jacobi)+Bicgstab:  Solving for omega, Initial residual = 0.00022455595664209378, Final residual = 9.223106178479798e-06, No Iterations 2, Solve time = 47.772 ms
[GinkgoSolver] p-cache: reuse(update_matrix_value) solve=10 rebuildInterval=0
Schwarz(Jacobi)+Bicgstab:  Solving for k, Initial residual = 0.000526804812048645, Final residual = 3.2747492163100574e-05, No Iterations 2, Solve time = 46.859 ms
[mem] after-turb: DEVICE_POOL current=22752 MB  actual(reserved)=38146 MB  highWater=28040 MB
ExecutionTime = 102.2 s  ClockTime = 103 s

Time = 11
[mem] step-start: DEVICE_POOL current=22752 MB  actual(reserved)=38146 MB  highWater=28040 MB
Schwarz(Jacobi)+Bicgstab:  Solving for Ux, Initial residual = 0.00023939552781638933, Final residual = 1.0748602155415158e-05, No Iterations 5, Solve time = 183.011 ms
Schwarz(Jacobi)+Bicgstab:  Solving for Uy, Initial residual = 0.01100621696548283, Final residual = 0.0003201635568448533, No Iterations 5, Solve time = 183.011 ms
Schwarz(Jacobi)+Bicgstab:  Solving for Uz, Initial residual = 0.0025419816008321527, Final residual = 7.254151945262388e-05, No Iterations 5, Solve time = 183.011 ms
[mem] after-UEqn: DEVICE_POOL current=22752 MB  actual(reserved)=38146 MB  highWater=28040 MB
config(Cg+Schwarz(Multigrid)):  Solving for p, Initial residual = 0.012851856721239324, Final residual = 0.00012576314139148645, No Iterations 78, Solve time = 2052.574 ms
time step continuity errors : sum local = 2.3459221959695944e-05, global = -2.2071997290909465e-08, cumulative = -4.85542298184789e-06
[mem] after-pEqn: DEVICE_POOL current=22752 MB  actual(reserved)=38146 MB  highWater=28040 MB
[GinkgoSolver] p-cache: reuse(update_matrix_value) solve=11 rebuildInterval=0
Schwarz(Jacobi)+Bicgstab:  Solving for omega, Initial residual = 0.0001851010615571786, Final residual = 8.09994735129777e-06, No Iterations 2, Solve time = 47.444 ms
[GinkgoSolver] p-cache: reuse(update_matrix_value) solve=11 rebuildInterval=0
Schwarz(Jacobi)+Bicgstab:  Solving for k, Initial residual = 0.00043951525720140207, Final residual = 2.8280800446822648e-05, No Iterations 2, Solve time = 47.801 ms
[mem] after-turb: DEVICE_POOL current=22752 MB  actual(reserved)=38146 MB  highWater=28040 MB
ExecutionTime = 107.4 s  ClockTime = 108 s

Time = 12
[mem] step-start: DEVICE_POOL current=22752 MB  actual(reserved)=38146 MB  highWater=28040 MB
Schwarz(Jacobi)+Bicgstab:  Solving for Ux, Initial residual = 0.00022777017237286834, Final residual = 1.4494012752207634e-05, No Iterations 4, Solve time = 153.354 ms
Schwarz(Jacobi)+Bicgstab:  Solving for Uy, Initial residual = 0.010987938867728178, Final residual = 0.0007953785488981704, No Iterations 4, Solve time = 153.354 ms
Schwarz(Jacobi)+Bicgstab:  Solving for Uz, Initial residual = 0.00247444292224038, Final residual = 0.00012081602460768413, No Iterations 4, Solve time = 153.354 ms
[mem] after-UEqn: DEVICE_POOL current=22752 MB  actual(reserved)=38146 MB  highWater=28040 MB
config(Cg+Schwarz(Multigrid)):  Solving for p, Initial residual = 0.01188110945966229, Final residual = 0.00011840467672778023, No Iterations 63, Solve time = 1669.747 ms
time step continuity errors : sum local = 2.4088268733760946e-05, global = 1.2111942772818426e-06, cumulative = -3.6442287045660473e-06
[mem] after-pEqn: DEVICE_POOL current=22752 MB  actual(reserved)=38146 MB  highWater=28040 MB
[GinkgoSolver] p-cache: reuse(update_matrix_value) solve=12 rebuildInterval=0
Schwarz(Jacobi)+Bicgstab:  Solving for omega, Initial residual = 0.0001560660181987287, Final residual = 7.141576714916071e-06, No Iterations 2, Solve time = 48.009 ms
[GinkgoSolver] p-cache: reuse(update_matrix_value) solve=12 rebuildInterval=0
Schwarz(Jacobi)+Bicgstab:  Solving for k, Initial residual = 0.0003876319769593593, Final residual = 2.5726266414525177e-05, No Iterations 2, Solve time = 48.192 ms
[mem] after-turb: DEVICE_POOL current=22752 MB  actual(reserved)=38146 MB  highWater=28040 MB
ExecutionTime = 112.21 s  ClockTime = 113 s

Time = 13
[mem] step-start: DEVICE_POOL current=22752 MB  actual(reserved)=38146 MB  highWater=28040 MB
Schwarz(Jacobi)+Bicgstab:  Solving for Ux, Initial residual = 0.00021554069138760544, Final residual = 9.344963326194277e-06, No Iterations 4, Solve time = 154.796 ms
Schwarz(Jacobi)+Bicgstab:  Solving for Uy, Initial residual = 0.01024690606371075, Final residual = 0.0005807186903368744, No Iterations 4, Solve time = 154.796 ms
Schwarz(Jacobi)+Bicgstab:  Solving for Uz, Initial residual = 0.0022910899380984783, Final residual = 0.00010827680656572165, No Iterations 4, Solve time = 154.796 ms
[mem] after-UEqn: DEVICE_POOL current=22752 MB  actual(reserved)=38146 MB  highWater=28040 MB
config(Cg+Schwarz(Multigrid)):  Solving for p, Initial residual = 0.010548731726545335, Final residual = 0.00010525096594373828, No Iterations 66, Solve time = 1752.812 ms
time step continuity errors : sum local = 2.3710242833031893e-05, global = 8.22756279507922e-07, cumulative = -2.8214724250581253e-06
[mem] after-pEqn: DEVICE_POOL current=22752 MB  actual(reserved)=38146 MB  highWater=28040 MB
[GinkgoSolver] p-cache: reuse(update_matrix_value) solve=13 rebuildInterval=0
Schwarz(Jacobi)+Bicgstab:  Solving for omega, Initial residual = 0.0001349611672558024, Final residual = 6.423105481982818e-06, No Iterations 2, Solve time = 47.916 ms
[GinkgoSolver] p-cache: reuse(update_matrix_value) solve=13 rebuildInterval=0
Schwarz(Jacobi)+Bicgstab:  Solving for k, Initial residual = 0.0003677388094866586, Final residual = 2.5882251118744828e-05, No Iterations 2, Solve time = 48.163 ms
[mem] after-turb: DEVICE_POOL current=22752 MB  actual(reserved)=38146 MB  highWater=28040 MB
ExecutionTime = 117.03 s  ClockTime = 117 s

Time = 14
[mem] step-start: DEVICE_POOL current=22752 MB  actual(reserved)=38146 MB  highWater=28040 MB
Schwarz(Jacobi)+Bicgstab:  Solving for Ux, Initial residual = 0.00020527228478801958, Final residual = 1.2700221357056581e-05, No Iterations 4, Solve time = 154.686 ms
Schwarz(Jacobi)+Bicgstab:  Solving for Uy, Initial residual = 0.009292095232615774, Final residual = 0.0012488746585387212, No Iterations 4, Solve time = 154.686 ms
Schwarz(Jacobi)+Bicgstab:  Solving for Uz, Initial residual = 0.0020925645928543627, Final residual = 0.0002094666177415424, No Iterations 4, Solve time = 154.686 ms
[mem] after-UEqn: DEVICE_POOL current=22752 MB  actual(reserved)=38146 MB  highWater=28040 MB
config(Cg+Schwarz(Multigrid)):  Solving for p, Initial residual = 0.009216572333780124, Final residual = 9.132928250641513e-05, No Iterations 64, Solve time = 1696.295 ms
time step continuity errors : sum local = 2.275384984504306e-05, global = 1.862010971717462e-07, cumulative = -2.635271327886379e-06
[mem] after-pEqn: DEVICE_POOL current=22752 MB  actual(reserved)=38146 MB  highWater=28040 MB
[GinkgoSolver] p-cache: reuse(update_matrix_value) solve=14 rebuildInterval=0
Schwarz(Jacobi)+Bicgstab:  Solving for omega, Initial residual = 0.00012045096114243275, Final residual = 5.875496565253092e-06, No Iterations 2, Solve time = 47.633 ms
[GinkgoSolver] p-cache: reuse(update_matrix_value) solve=14 rebuildInterval=0
Schwarz(Jacobi)+Bicgstab:  Solving for k, Initial residual = 0.0003602163466769702, Final residual = 2.9075263646974578e-05, No Iterations 2, Solve time = 48.329 ms
[mem] after-turb: DEVICE_POOL current=22752 MB  actual(reserved)=38146 MB  highWater=28040 MB
ExecutionTime = 121.84 s  ClockTime = 122 s

Time = 15
[mem] step-start: DEVICE_POOL current=22752 MB  actual(reserved)=38146 MB  highWater=28040 MB
Schwarz(Jacobi)+Bicgstab:  Solving for Ux, Initial residual = 0.00019730899043649298, Final residual = 1.5084674450482042e-05, No Iterations 4, Solve time = 154.14 ms
Schwarz(Jacobi)+Bicgstab:  Solving for Uy, Initial residual = 0.008603115264204769, Final residual = 0.0005108652800439266, No Iterations 4, Solve time = 154.14 ms
Schwarz(Jacobi)+Bicgstab:  Solving for Uz, Initial residual = 0.001949958880606258, Final residual = 0.00010408868269503388, No Iterations 4, Solve time = 154.14 ms
[mem] after-UEqn: DEVICE_POOL current=22752 MB  actual(reserved)=38146 MB  highWater=28040 MB
config(Cg+Schwarz(Multigrid)):  Solving for p, Initial residual = 0.008239661606536133, Final residual = 8.042194713345654e-05, No Iterations 45, Solve time = 1210.366 ms
time step continuity errors : sum local = 2.171704515469828e-05, global = 3.5847901173629305e-07, cumulative = -2.2767923161500862e-06
[mem] after-pEqn: DEVICE_POOL current=22752 MB  actual(reserved)=38146 MB  highWater=28040 MB
[GinkgoSolver] p-cache: reuse(update_matrix_value) solve=15 rebuildInterval=0
Schwarz(Jacobi)+Bicgstab:  Solving for omega, Initial residual = 0.00010975796842179089, Final residual = 5.424341289629568e-06, No Iterations 2, Solve time = 47.863 ms
[GinkgoSolver] p-cache: reuse(update_matrix_value) solve=15 rebuildInterval=0
Schwarz(Jacobi)+Bicgstab:  Solving for k, Initial residual = 0.0003546332295742838, Final residual = 9.494197949618503e-06, No Iterations 3, Solve time = 62.588 ms
[mem] after-turb: DEVICE_POOL current=22752 MB  actual(reserved)=38146 MB  highWater=28040 MB
ExecutionTime = 126.2 s  ClockTime = 127 s

Time = 16
[mem] step-start: DEVICE_POOL current=22752 MB  actual(reserved)=38146 MB  highWater=28040 MB
Schwarz(Jacobi)+Bicgstab:  Solving for Ux, Initial residual = 0.0001900579789546018, Final residual = 6.510103738094128e-06, No Iterations 5, Solve time = 184.235 ms
Schwarz(Jacobi)+Bicgstab:  Solving for Uy, Initial residual = 0.008175868343830031, Final residual = 0.00021424583025163752, No Iterations 5, Solve time = 184.235 ms
Schwarz(Jacobi)+Bicgstab:  Solving for Uz, Initial residual = 0.0018870029588675273, Final residual = 7.382075200347965e-05, No Iterations 5, Solve time = 184.235 ms
[mem] after-UEqn: DEVICE_POOL current=22752 MB  actual(reserved)=38146 MB  highWater=28040 MB
config(Cg+Schwarz(Multigrid)):  Solving for p, Initial residual = 0.00769978881029571, Final residual = 7.325463691689437e-05, No Iterations 36, Solve time = 977.837 ms
time step continuity errors : sum local = 2.0701512034874296e-05, global = 1.0137409116368366e-06, cumulative = -1.2630514045132496e-06
[mem] after-pEqn: DEVICE_POOL current=22752 MB  actual(reserved)=38146 MB  highWater=28040 MB
[GinkgoSolver] p-cache: reuse(update_matrix_value) solve=16 rebuildInterval=0
Schwarz(Jacobi)+Bicgstab:  Solving for omega, Initial residual = 0.00010123661770832609, Final residual = 5.11481999562143e-06, No Iterations 2, Solve time = 47.333 ms
[GinkgoSolver] p-cache: reuse(update_matrix_value) solve=16 rebuildInterval=0
Schwarz(Jacobi)+Bicgstab:  Solving for k, Initial residual = 0.0003519703873266494, Final residual = 2.7325864606932422e-05, No Iterations 2, Solve time = 46.268 ms
[mem] after-turb: DEVICE_POOL current=22752 MB  actual(reserved)=38146 MB  highWater=28040 MB
ExecutionTime = 130.33 s  ClockTime = 131 s

Time = 17
[mem] step-start: DEVICE_POOL current=22752 MB  actual(reserved)=38146 MB  highWater=28040 MB
Schwarz(Jacobi)+Bicgstab:  Solving for Ux, Initial residual = 0.0001831677283765227, Final residual = 3.1534292583708164e-06, No Iterations 5, Solve time = 182.925 ms
Schwarz(Jacobi)+Bicgstab:  Solving for Uy, Initial residual = 0.007878766231842842, Final residual = 0.00027742276246236705, No Iterations 5, Solve time = 182.925 ms
Schwarz(Jacobi)+Bicgstab:  Solving for Uz, Initial residual = 0.0018187202461059189, Final residual = 4.527755300563807e-05, No Iterations 5, Solve time = 182.925 ms
[mem] after-UEqn: DEVICE_POOL current=22752 MB  actual(reserved)=38146 MB  highWater=28040 MB
config(Cg+Schwarz(Multigrid)):  Solving for p, Initial residual = 0.007325056841611556, Final residual = 6.87165702263341e-05, No Iterations 62, Solve time = 1661.439 ms
time step continuity errors : sum local = 2.0003567364514895e-05, global = -1.4374048002654557e-06, cumulative = -2.700456204778705e-06
[mem] after-pEqn: DEVICE_POOL current=22752 MB  actual(reserved)=38146 MB  highWater=28040 MB
[GinkgoSolver] p-cache: reuse(update_matrix_value) solve=17 rebuildInterval=0
Schwarz(Jacobi)+Bicgstab:  Solving for omega, Initial residual = 9.433250245740482e-05, Final residual = 4.81164898412477e-06, No Iterations 2, Solve time = 47.064 ms
[GinkgoSolver] p-cache: reuse(update_matrix_value) solve=17 rebuildInterval=0
Schwarz(Jacobi)+Bicgstab:  Solving for k, Initial residual = 0.00035040313505789244, Final residual = 8.386151541239151e-06, No Iterations 3, Solve time = 61.712 ms
[mem] after-turb: DEVICE_POOL current=22752 MB  actual(reserved)=38146 MB  highWater=28040 MB
ExecutionTime = 135.09 s  ClockTime = 136 s

Time = 18
[mem] step-start: DEVICE_POOL current=22752 MB  actual(reserved)=38146 MB  highWater=28040 MB
Schwarz(Jacobi)+Bicgstab:  Solving for Ux, Initial residual = 0.00017556545911198612, Final residual = 3.284684558362388e-06, No Iterations 5, Solve time = 186.186 ms
Schwarz(Jacobi)+Bicgstab:  Solving for Uy, Initial residual = 0.007577012241745447, Final residual = 0.0001787344760511881, No Iterations 5, Solve time = 186.186 ms
Schwarz(Jacobi)+Bicgstab:  Solving for Uz, Initial residual = 0.001746623219931043, Final residual = 3.7924290718350257e-05, No Iterations 5, Solve time = 186.186 ms
[mem] after-UEqn: DEVICE_POOL current=22752 MB  actual(reserved)=38146 MB  highWater=28040 MB
config(Cg+Schwarz(Multigrid)):  Solving for p, Initial residual = 0.006962468870181183, Final residual = 6.732660397427421e-05, No Iterations 44, Solve time = 1186.706 ms
time step continuity errors : sum local = 2.02247100856327e-05, global = 4.477639764940813e-07, cumulative = -2.2526922282846236e-06
[mem] after-pEqn: DEVICE_POOL current=22752 MB  actual(reserved)=38146 MB  highWater=28040 MB
[GinkgoSolver] p-cache: reuse(update_matrix_value) solve=18 rebuildInterval=0
Schwarz(Jacobi)+Bicgstab:  Solving for omega, Initial residual = 8.825081176449139e-05, Final residual = 4.6062298862778965e-06, No Iterations 2, Solve time = 48.04 ms
[GinkgoSolver] p-cache: reuse(update_matrix_value) solve=18 rebuildInterval=0
Schwarz(Jacobi)+Bicgstab:  Solving for k, Initial residual = 0.0003505457645539745, Final residual = 3.2047737043895344e-05, No Iterations 2, Solve time = 47.065 ms
[mem] after-turb: DEVICE_POOL current=22752 MB  actual(reserved)=38146 MB  highWater=28040 MB
ExecutionTime = 139.45 s  ClockTime = 140 s

Time = 19
[mem] step-start: DEVICE_POOL current=22752 MB  actual(reserved)=38146 MB  highWater=28040 MB
Schwarz(Jacobi)+Bicgstab:  Solving for Ux, Initial residual = 0.00016793945202885137, Final residual = 1.3683626198484937e-05, No Iterations 3, Solve time = 125.776 ms
Schwarz(Jacobi)+Bicgstab:  Solving for Uy, Initial residual = 0.007316936210010611, Final residual = 0.000639404842900052, No Iterations 3, Solve time = 125.776 ms
Schwarz(Jacobi)+Bicgstab:  Solving for Uz, Initial residual = 0.0017020223878021253, Final residual = 0.00016063565847413607, No Iterations 3, Solve time = 125.776 ms
[mem] after-UEqn: DEVICE_POOL current=22752 MB  actual(reserved)=38146 MB  highWater=28040 MB
config(Cg+Schwarz(Multigrid)):  Solving for p, Initial residual = 0.006699624882668743, Final residual = 6.628886275991727e-05, No Iterations 41, Solve time = 1110.369 ms
time step continuity errors : sum local = 2.0262263513242975e-05, global = 8.521937936807991e-07, cumulative = -1.4004984346038244e-06
[mem] after-pEqn: DEVICE_POOL current=22752 MB  actual(reserved)=38146 MB  highWater=28040 MB
[GinkgoSolver] p-cache: reuse(update_matrix_value) solve=19 rebuildInterval=0
Schwarz(Jacobi)+Bicgstab:  Solving for omega, Initial residual = 8.309127567051047e-05, Final residual = 4.385222939102044e-06, No Iterations 2, Solve time = 47.325 ms
[GinkgoSolver] p-cache: reuse(update_matrix_value) solve=19 rebuildInterval=0
Schwarz(Jacobi)+Bicgstab:  Solving for k, Initial residual = 0.0003498031749287687, Final residual = 8.595296167474e-06, No Iterations 3, Solve time = 61.769 ms
[mem] after-turb: DEVICE_POOL current=22752 MB  actual(reserved)=38146 MB  highWater=28040 MB
ExecutionTime = 143.66 s  ClockTime = 144 s

Time = 20
[mem] step-start: DEVICE_POOL current=22752 MB  actual(reserved)=38146 MB  highWater=28040 MB
Schwarz(Jacobi)+Bicgstab:  Solving for Ux, Initial residual = 0.00016211922526688036, Final residual = 7.1038172044251e-06, No Iterations 4, Solve time = 153.805 ms
Schwarz(Jacobi)+Bicgstab:  Solving for Uy, Initial residual = 0.007211651641078602, Final residual = 0.0005159475573136282, No Iterations 4, Solve time = 153.805 ms
Schwarz(Jacobi)+Bicgstab:  Solving for Uz, Initial residual = 0.0016989734283427544, Final residual = 0.0001621396222036119, No Iterations 4, Solve time = 153.805 ms
[mem] after-UEqn: DEVICE_POOL current=22752 MB  actual(reserved)=38146 MB  highWater=28040 MB
config(Cg+Schwarz(Multigrid)):  Solving for p, Initial residual = 0.006490498654895955, Final residual = 6.34319577921588e-05, No Iterations 35, Solve time = 963.836 ms
time step continuity errors : sum local = 1.9582796441599442e-05, global = 6.532627044072955e-07, cumulative = -7.472357301965289e-07
[mem] after-pEqn: DEVICE_POOL current=22752 MB  actual(reserved)=38146 MB  highWater=28040 MB
[GinkgoSolver] p-cache: reuse(update_matrix_value) solve=20 rebuildInterval=0
Schwarz(Jacobi)+Bicgstab:  Solving for omega, Initial residual = 7.805387164860821e-05, Final residual = 4.198103296630373e-06, No Iterations 2, Solve time = 47.378 ms
[GinkgoSolver] p-cache: reuse(update_matrix_value) solve=20 rebuildInterval=0
Schwarz(Jacobi)+Bicgstab:  Solving for k, Initial residual = 0.00035032443585852603, Final residual = 8.268214188396648e-06, No Iterations 3, Solve time = 61.998 ms
[mem] after-turb: DEVICE_POOL current=22752 MB  actual(reserved)=38146 MB  highWater=28040 MB
ExecutionTime = 147.72 s  ClockTime = 148 s

Time = 21
[mem] step-start: DEVICE_POOL current=22752 MB  actual(reserved)=38146 MB  highWater=28040 MB
Schwarz(Jacobi)+Bicgstab:  Solving for Ux, Initial residual = 0.00015814535654929445, Final residual = 1.1579673214027826e-05, No Iterations 3, Solve time = 124.358 ms
Schwarz(Jacobi)+Bicgstab:  Solving for Uy, Initial residual = 0.00719441592446403, Final residual = 0.00059799183430674, No Iterations 3, Solve time = 124.358 ms
Schwarz(Jacobi)+Bicgstab:  Solving for Uz, Initial residual = 0.0017176589277728047, Final residual = 0.0001475339656860133, No Iterations 3, Solve time = 124.358 ms
[mem] after-UEqn: DEVICE_POOL current=22752 MB  actual(reserved)=38146 MB  highWater=28040 MB
config(Cg+Schwarz(Multigrid)):  Solving for p, Initial residual = 0.006333741970623705, Final residual = 6.112007512705403e-05, No Iterations 36, Solve time = 999.05 ms
time step continuity errors : sum local = 1.8938234949109038e-05, global = 7.361330757455297e-07, cumulative = -1.1102654450999284e-08
[mem] after-pEqn: DEVICE_POOL current=22752 MB  actual(reserved)=38146 MB  highWater=28040 MB
[GinkgoSolver] p-cache: reuse(update_matrix_value) solve=21 rebuildInterval=0
Schwarz(Jacobi)+Bicgstab:  Solving for omega, Initial residual = 7.376164183307947e-05, Final residual = 4.0445238903065e-06, No Iterations 2, Solve time = 47.091 ms
[GinkgoSolver] p-cache: reuse(update_matrix_value) solve=21 rebuildInterval=0
Schwarz(Jacobi)+Bicgstab:  Solving for k, Initial residual = 0.00035244752188391313, Final residual = 8.408201937930861e-06, No Iterations 3, Solve time = 60.881 ms
[mem] after-turb: DEVICE_POOL current=22752 MB  actual(reserved)=38146 MB  highWater=28040 MB
ExecutionTime = 151.78 s  ClockTime = 152 s

Time = 22
[mem] step-start: DEVICE_POOL current=22752 MB  actual(reserved)=38146 MB  highWater=28040 MB
Schwarz(Jacobi)+Bicgstab:  Solving for Ux, Initial residual = 0.00015571064854401288, Final residual = 1.6052015007335928e-05, No Iterations 3, Solve time = 126.451 ms
Schwarz(Jacobi)+Bicgstab:  Solving for Uy, Initial residual = 0.0071750727532887, Final residual = 0.0005876377785345079, No Iterations 3, Solve time = 126.451 ms
Schwarz(Jacobi)+Bicgstab:  Solving for Uz, Initial residual = 0.0017413311839594937, Final residual = 0.00014628639361306307, No Iterations 3, Solve time = 126.451 ms
[mem] after-UEqn: DEVICE_POOL current=22752 MB  actual(reserved)=38146 MB  highWater=28040 MB
config(Cg+Schwarz(Multigrid)):  Solving for p, Initial residual = 0.0061734290686154105, Final residual = 5.76052818926885e-05, No Iterations 35, Solve time = 965.005 ms
time step continuity errors : sum local = 1.7998151670263394e-05, global = 6.540110917643265e-07, cumulative = 6.429084373133273e-07
[mem] after-pEqn: DEVICE_POOL current=22752 MB  actual(reserved)=38146 MB  highWater=28040 MB
[GinkgoSolver] p-cache: reuse(update_matrix_value) solve=22 rebuildInterval=0
Schwarz(Jacobi)+Bicgstab:  Solving for omega, Initial residual = 6.965662525141984e-05, Final residual = 3.857916020148388e-06, No Iterations 2, Solve time = 47.925 ms
[GinkgoSolver] p-cache: reuse(update_matrix_value) solve=22 rebuildInterval=0
Schwarz(Jacobi)+Bicgstab:  Solving for k, Initial residual = 0.0003536555365217458, Final residual = 8.546505620617045e-06, No Iterations 3, Solve time = 62.075 ms
[mem] after-turb: DEVICE_POOL current=22752 MB  actual(reserved)=38146 MB  highWater=28040 MB
ExecutionTime = 155.84 s  ClockTime = 157 s

Time = 23
[mem] step-start: DEVICE_POOL current=22752 MB  actual(reserved)=38146 MB  highWater=28040 MB
Schwarz(Jacobi)+Bicgstab:  Solving for Ux, Initial residual = 0.00015327587512595946, Final residual = 7.317440268623671e-06, No Iterations 4, Solve time = 155.406 ms
Schwarz(Jacobi)+Bicgstab:  Solving for Uy, Initial residual = 0.007101820417526674, Final residual = 0.000294744720509248, No Iterations 4, Solve time = 155.406 ms
Schwarz(Jacobi)+Bicgstab:  Solving for Uz, Initial residual = 0.0017560009429888293, Final residual = 6.656339816846892e-05, No Iterations 4, Solve time = 155.406 ms
[mem] after-UEqn: DEVICE_POOL current=22752 MB  actual(reserved)=38146 MB  highWater=28040 MB
config(Cg+Schwarz(Multigrid)):  Solving for p, Initial residual = 0.006022646650974529, Final residual = 5.964346209264229e-05, No Iterations 26, Solve time = 738.498 ms
time step continuity errors : sum local = 1.881138939971396e-05, global = 2.5648171071237137e-07, cumulative = 8.993901480256986e-07
[mem] after-pEqn: DEVICE_POOL current=22752 MB  actual(reserved)=38146 MB  highWater=28040 MB
[GinkgoSolver] p-cache: reuse(update_matrix_value) solve=23 rebuildInterval=0
Schwarz(Jacobi)+Bicgstab:  Solving for omega, Initial residual = 6.621619001418087e-05, Final residual = 3.726838057860541e-06, No Iterations 2, Solve time = 47.582 ms
[GinkgoSolver] p-cache: reuse(update_matrix_value) solve=23 rebuildInterval=0
Schwarz(Jacobi)+Bicgstab:  Solving for k, Initial residual = 0.00035649752131387607, Final residual = 8.745704958474857e-06, No Iterations 3, Solve time = 61.555 ms
[mem] after-turb: DEVICE_POOL current=22752 MB  actual(reserved)=38146 MB  highWater=28040 MB
ExecutionTime = 159.68 s  ClockTime = 160 s

Time = 24
[mem] step-start: DEVICE_POOL current=22752 MB  actual(reserved)=38146 MB  highWater=28040 MB
Schwarz(Jacobi)+Bicgstab:  Solving for Ux, Initial residual = 0.00015152034331636943, Final residual = 7.465276349329368e-06, No Iterations 4, Solve time = 154.773 ms
Schwarz(Jacobi)+Bicgstab:  Solving for Uy, Initial residual = 0.006951720520272494, Final residual = 0.001070214328182362, No Iterations 4, Solve time = 154.773 ms
Schwarz(Jacobi)+Bicgstab:  Solving for Uz, Initial residual = 0.0017525512456699037, Final residual = 9.262253752018107e-05, No Iterations 4, Solve time = 154.773 ms
[mem] after-UEqn: DEVICE_POOL current=22752 MB  actual(reserved)=38146 MB  highWater=28040 MB
config(Cg+Schwarz(Multigrid)):  Solving for p, Initial residual = 0.005918788474525545, Final residual = 5.61324548242294e-05, No Iterations 22, Solve time = 640.893 ms
time step continuity errors : sum local = 1.774272408969597e-05, global = 3.0923006578417616e-07, cumulative = 1.2086202138098748e-06
[mem] after-pEqn: DEVICE_POOL current=22752 MB  actual(reserved)=38146 MB  highWater=28040 MB
[GinkgoSolver] p-cache: reuse(update_matrix_value) solve=24 rebuildInterval=0
Schwarz(Jacobi)+Bicgstab:  Solving for omega, Initial residual = 6.300339321974612e-05, Final residual = 3.5853143656876685e-06, No Iterations 2, Solve time = 47.735 ms
[GinkgoSolver] p-cache: reuse(update_matrix_value) solve=24 rebuildInterval=0
Schwarz(Jacobi)+Bicgstab:  Solving for k, Initial residual = 0.00035986693720771413, Final residual = 8.860975845379612e-06, No Iterations 3, Solve time = 62.359 ms
[mem] after-turb: DEVICE_POOL current=22752 MB  actual(reserved)=38146 MB  highWater=28040 MB
ExecutionTime = 163.44 s  ClockTime = 164 s

Time = 25
[mem] step-start: DEVICE_POOL current=22752 MB  actual(reserved)=38146 MB  highWater=28040 MB
Schwarz(Jacobi)+Bicgstab:  Solving for Ux, Initial residual = 0.00014930899135585555, Final residual = 1.1019661278599682e-05, No Iterations 3, Solve time = 124.552 ms
Schwarz(Jacobi)+Bicgstab:  Solving for Uy, Initial residual = 0.006829943375133962, Final residual = 0.0005096754972523618, No Iterations 3, Solve time = 124.552 ms
Schwarz(Jacobi)+Bicgstab:  Solving for Uz, Initial residual = 0.0017433556842521864, Final residual = 0.00014162870282024187, No Iterations 3, Solve time = 124.552 ms
[mem] after-UEqn: DEVICE_POOL current=22752 MB  actual(reserved)=38146 MB  highWater=28040 MB
config(Cg+Schwarz(Multigrid)):  Solving for p, Initial residual = 0.00584221532842567, Final residual = 5.661015942805414e-05, No Iterations 20, Solve time = 575.856 ms
time step continuity errors : sum local = 1.789378315633321e-05, global = 4.5147112609679216e-07, cumulative = 1.660091339906667e-06
[mem] after-pEqn: DEVICE_POOL current=22752 MB  actual(reserved)=38146 MB  highWater=28040 MB
[GinkgoSolver] p-cache: reuse(update_matrix_value) solve=25 rebuildInterval=0
Schwarz(Jacobi)+Bicgstab:  Solving for omega, Initial residual = 6.016706532710918e-05, Final residual = 3.445093638986747e-06, No Iterations 2, Solve time = 47.14 ms
[GinkgoSolver] p-cache: reuse(update_matrix_value) solve=25 rebuildInterval=0
Schwarz(Jacobi)+Bicgstab:  Solving for k, Initial residual = 0.0003632281386605919, Final residual = 9.01607392727031e-06, No Iterations 3, Solve time = 61.883 ms
[mem] after-turb: DEVICE_POOL current=22752 MB  actual(reserved)=38146 MB  highWater=28040 MB
ExecutionTime = 167.13 s  ClockTime = 168 s

Time = 26
[mem] step-start: DEVICE_POOL current=22752 MB  actual(reserved)=38146 MB  highWater=28040 MB
Schwarz(Jacobi)+Bicgstab:  Solving for Ux, Initial residual = 0.00014685643009401168, Final residual = 8.430869899826379e-06, No Iterations 5, Solve time = 186.106 ms
Schwarz(Jacobi)+Bicgstab:  Solving for Uy, Initial residual = 0.006673625069894258, Final residual = 0.00011698410343298659, No Iterations 5, Solve time = 186.106 ms
Schwarz(Jacobi)+Bicgstab:  Solving for Uz, Initial residual = 0.001741903890827058, Final residual = 4.7120879566537994e-05, No Iterations 5, Solve time = 186.106 ms
[mem] after-UEqn: DEVICE_POOL current=22752 MB  actual(reserved)=38146 MB  highWater=28040 MB
config(Cg+Schwarz(Multigrid)):  Solving for p, Initial residual = 0.005765018960951986, Final residual = 5.433094026844355e-05, No Iterations 24, Solve time = 686.161 ms
time step continuity errors : sum local = 1.7166315136869472e-05, global = 6.257489205294034e-07, cumulative = 2.2858402604360705e-06
[mem] after-pEqn: DEVICE_POOL current=22752 MB  actual(reserved)=38146 MB  highWater=28040 MB
[GinkgoSolver] p-cache: reuse(update_matrix_value) solve=26 rebuildInterval=0
Schwarz(Jacobi)+Bicgstab:  Solving for omega, Initial residual = 5.7677029543645705e-05, Final residual = 3.3430361258375933e-06, No Iterations 2, Solve time = 47.852 ms
bounding omega, min: -58726.312988377416 max: 45356131.4388744 average: 7144.841205083586
[GinkgoSolver] p-cache: reuse(update_matrix_value) solve=26 rebuildInterval=0
Schwarz(Jacobi)+Bicgstab:  Solving for k, Initial residual = 0.0003673187120818861, Final residual = 9.26071785411785e-06, No Iterations 3, Solve time = 62.134 ms
[mem] after-turb: DEVICE_POOL current=22752 MB  actual(reserved)=38146 MB  highWater=28040 MB
ExecutionTime = 170.96 s  ClockTime = 172 s

Time = 27
[mem] step-start: DEVICE_POOL current=22752 MB  actual(reserved)=38146 MB  highWater=28040 MB
Schwarz(Jacobi)+Bicgstab:  Solving for Ux, Initial residual = 0.00014459152150684526, Final residual = 8.11952137453225e-06, No Iterations 3, Solve time = 124.51 ms
Schwarz(Jacobi)+Bicgstab:  Solving for Uy, Initial residual = 0.006504150575382248, Final residual = 0.0004906711147956122, No Iterations 3, Solve time = 124.51 ms
Schwarz(Jacobi)+Bicgstab:  Solving for Uz, Initial residual = 0.0017409202576489109, Final residual = 0.000140220143215358, No Iterations 3, Solve time = 124.51 ms
[mem] after-UEqn: DEVICE_POOL current=22752 MB  actual(reserved)=38146 MB  highWater=28040 MB
config(Cg+Schwarz(Multigrid)):  Solving for p, Initial residual = 0.0056672909185004686, Final residual = 5.4487321481447476e-05, No Iterations 24, Solve time = 692.633 ms
time step continuity errors : sum local = 1.722240475862852e-05, global = 7.600441897787131e-07, cumulative = 3.0458844502147835e-06
[mem] after-pEqn: DEVICE_POOL current=22752 MB  actual(reserved)=38146 MB  highWater=28040 MB
[GinkgoSolver] p-cache: reuse(update_matrix_value) solve=27 rebuildInterval=0
Schwarz(Jacobi)+Bicgstab:  Solving for omega, Initial residual = 5.543174122050115e-05, Final residual = 3.2452327292225354e-06, No Iterations 2, Solve time = 47.745 ms
[GinkgoSolver] p-cache: reuse(update_matrix_value) solve=27 rebuildInterval=0
Schwarz(Jacobi)+Bicgstab:  Solving for k, Initial residual = 0.00037238458836838983, Final residual = 9.768447035056821e-06, No Iterations 3, Solve time = 62.254 ms
[mem] after-turb: DEVICE_POOL current=22752 MB  actual(reserved)=38146 MB  highWater=28040 MB
ExecutionTime = 174.71 s  ClockTime = 176 s

Time = 28
[mem] step-start: DEVICE_POOL current=22752 MB  actual(reserved)=38146 MB  highWater=28040 MB
Schwarz(Jacobi)+Bicgstab:  Solving for Ux, Initial residual = 0.00014224414195996868, Final residual = 1.0413879642565128e-05, No Iterations 3, Solve time = 124.958 ms
Schwarz(Jacobi)+Bicgstab:  Solving for Uy, Initial residual = 0.0063639609867146745, Final residual = 0.0004571636899245541, No Iterations 3, Solve time = 124.958 ms
Schwarz(Jacobi)+Bicgstab:  Solving for Uz, Initial residual = 0.0017451147135321742, Final residual = 0.0001382686477598942, No Iterations 3, Solve time = 124.958 ms
[mem] after-UEqn: DEVICE_POOL current=22752 MB  actual(reserved)=38146 MB  highWater=28040 MB
config(Cg+Schwarz(Multigrid)):  Solving for p, Initial residual = 0.005608136077209185, Final residual = 5.138279161928011e-05, No Iterations 33, Solve time = 919.507 ms
time step continuity errors : sum local = 1.617509884342279e-05, global = 2.1726417549941495e-07, cumulative = 3.2631486257141985e-06
[mem] after-pEqn: DEVICE_POOL current=22752 MB  actual(reserved)=38146 MB  highWater=28040 MB
[GinkgoSolver] p-cache: reuse(update_matrix_value) solve=28 rebuildInterval=0
Schwarz(Jacobi)+Bicgstab:  Solving for omega, Initial residual = 5.3458935767106634e-05, Final residual = 3.163239770792381e-06, No Iterations 2, Solve time = 47.354 ms
bounding omega, min: -78.7315195497986 max: 45356031.24654437 average: 7192.31322884079
[GinkgoSolver] p-cache: reuse(update_matrix_value) solve=28 rebuildInterval=0
Schwarz(Jacobi)+Bicgstab:  Solving for k, Initial residual = 0.000377135452090313, Final residual = 9.690158807907243e-06, No Iterations 3, Solve time = 61.22 ms
[mem] after-turb: DEVICE_POOL current=22752 MB  actual(reserved)=38146 MB  highWater=28040 MB
ExecutionTime = 178.72 s  ClockTime = 180 s

Time = 29
[mem] step-start: DEVICE_POOL current=22752 MB  actual(reserved)=38146 MB  highWater=28040 MB
Schwarz(Jacobi)+Bicgstab:  Solving for Ux, Initial residual = 0.00013928823863194225, Final residual = 7.310487806975237e-06, No Iterations 3, Solve time = 126.142 ms
Schwarz(Jacobi)+Bicgstab:  Solving for Uy, Initial residual = 0.0062397072140648584, Final residual = 0.00044183575080319497, No Iterations 3, Solve time = 126.142 ms
Schwarz(Jacobi)+Bicgstab:  Solving for Uz, Initial residual = 0.0017491186565628965, Final residual = 0.0001373086818051829, No Iterations 3, Solve time = 126.142 ms
[mem] after-UEqn: DEVICE_POOL current=22752 MB  actual(reserved)=38146 MB  highWater=28040 MB
config(Cg+Schwarz(Multigrid)):  Solving for p, Initial residual = 0.005615500098669219, Final residual = 5.555782735525968e-05, No Iterations 32, Solve time = 895.416 ms
time step continuity errors : sum local = 1.7180796096196765e-05, global = -5.8198586093197895e-08, cumulative = 3.2049500396210005e-06
[mem] after-pEqn: DEVICE_POOL current=22752 MB  actual(reserved)=38146 MB  highWater=28040 MB
[GinkgoSolver] p-cache: reuse(update_matrix_value) solve=29 rebuildInterval=0
Schwarz(Jacobi)+Bicgstab:  Solving for omega, Initial residual = 5.188927141041256e-05, Final residual = 3.1071061779976622e-06, No Iterations 2, Solve time = 48.102 ms
bounding omega, min: -496.07684088220003 max: 45356042.49187859 average: 7213.593625980936
[GinkgoSolver] p-cache: reuse(update_matrix_value) solve=29 rebuildInterval=0
Schwarz(Jacobi)+Bicgstab:  Solving for k, Initial residual = 0.00038365126792739044, Final residual = 9.871205413812408e-06, No Iterations 3, Solve time = 62.255 ms
[mem] after-turb: DEVICE_POOL current=22752 MB  actual(reserved)=38146 MB  highWater=28040 MB
ExecutionTime = 182.7 s  ClockTime = 184 s

Time = 30
[mem] step-start: DEVICE_POOL current=22752 MB  actual(reserved)=38146 MB  highWater=28040 MB
Schwarz(Jacobi)+Bicgstab:  Solving for Ux, Initial residual = 0.00013649668056883978, Final residual = 9.801806582452446e-06, No Iterations 3, Solve time = 123.485 ms
Schwarz(Jacobi)+Bicgstab:  Solving for Uy, Initial residual = 0.006141034949825177, Final residual = 0.00044219522065699906, No Iterations 3, Solve time = 123.485 ms
Schwarz(Jacobi)+Bicgstab:  Solving for Uz, Initial residual = 0.0017539192295230647, Final residual = 0.00013627592863795003, No Iterations 3, Solve time = 123.485 ms
[mem] after-UEqn: DEVICE_POOL current=22752 MB  actual(reserved)=38146 MB  highWater=28040 MB
config(Cg+Schwarz(Multigrid)):  Solving for p, Initial residual = 0.005640379362164663, Final residual = 5.588735045569314e-05, No Iterations 18, Solve time = 535.034 ms
time step continuity errors : sum local = 1.6886772984420555e-05, global = 5.649024854106803e-07, cumulative = 3.769852525031681e-06
[mem] after-pEqn: DEVICE_POOL current=22752 MB  actual(reserved)=38146 MB  highWater=28040 MB
[GinkgoSolver] p-cache: reuse(update_matrix_value) solve=30 rebuildInterval=0
Schwarz(Jacobi)+Bicgstab:  Solving for omega, Initial residual = 5.079442758110291e-05, Final residual = 3.0500798284877566e-06, No Iterations 2, Solve time = 47.832 ms
bounding omega, min: -37.49679511021873 max: 45356086.97384815 average: 7233.352024162
[GinkgoSolver] p-cache: reuse(update_matrix_value) solve=30 rebuildInterval=0
Schwarz(Jacobi)+Bicgstab:  Solving for k, Initial residual = 0.0003911817115117776, Final residual = 1.0251880115970045e-05, No Iterations 3, Solve time = 61.959 ms
[mem] after-turb: DEVICE_POOL current=22752 MB  actual(reserved)=38146 MB  highWater=28040 MB
Writing p
Writing U
Writing turbulence variables
ExecutionTime = 187.45 s  ClockTime = 190 s


BEGIN KOKKOS PROFILING REPORT:
TOTAL TIME: 192.937338913 seconds
TOP-DOWN TIME TREE:
<average time> <percent of total time> <percent time in Kokkos> <percent MPI imbalance> <remainder> <kernels per second> <number of calls> <name> [type]
===================
|-> 1.44e+02 sec 74.6% 17.5% 0.0% 0.0% 3.44e+02 30 neoSimpleFoam.timeStep [region]
|   |-> 1.00e+02 sec 52.0% 8.8% 0.0% 5.2% 2.50e+02 30 neoSimpleFoam.pressureCorrector [region]
|   |   |-> 8.81e+01 sec 45.7% 2.1% 0.0% 49.6% 4.75e+01 30 neoSimpleFoam.pressureCorrector.pEqn [region]
|   |   |   |-> 4.04e+01 sec 21.0% 0.0% 0.0% 100.0% 0.00e+00 30 ginkgo.solverSetup [region]
|   |   |   |-> 1.94e+00 sec 1.0% 0.4% 0.0% 99.6% 1.81e+01 30 ginkgo.createMtx [region]
|   |   |   |-> 1.63e+00 sec 0.8% 86.2% 0.0% 13.8% 1.07e+03 30 assemble.spatialImplicit [region]
|   |   |   |   |-> 4.91e-01 sec 0.3% 100.0% 0.0% ------ 30 computeGradInternal [for]
|   |   |   |   |-> 2.56e-01 sec 0.1% 100.0% 0.0% ------ 601 fill [for]
|   |   |   |   |-> 2.32e-01 sec 0.1% 100.0% 0.0% ------ 750 computeGradBoundaryRefGrad [for]
|   |   |-> 1.40e+00 sec 0.7% 100.0% 0.0% ------ 3660 fill [for]
|   |   |-> 1.24e+00 sec 0.6% 100.0% 0.0% ------ 90 computeGradInternal [for]
|   |   |-> 1.10e+00 sec 0.6% 100.0% 0.0% ------ 8250 extrapolateValue [for]
|   |   |-> 7.31e-01 sec 0.4% 100.0% 0.0% ------ 2250 computeGradBoundaryRefGrad [for]
|   |   |-> 5.46e-01 sec 0.3% 100.0% 0.0% ------ 1530 parallelFor [for]
|   |   |-> 2.19e-01 sec 0.1% 100.0% 0.0% ------ 660 setFixedValueVolume [for]
|   |   |-> 2.19e-01 sec 0.1% 100.0% 0.0% ------ 720 updateProcBoundaryOwnerValue [for]
|   |   |-> 2.03e-01 sec 0.1% 100.0% 0.0% ------ 1590 setGradientValue [for]
|   |-> 2.08e+01 sec 10.8% 37.1% 0.0% 23.2% 2.77e+02 30 neoSimpleFoam.momentumPredictor [region]
|   |   |-> 1.05e+01 sec 5.4% 65.6% 0.0% 0.0% 4.92e+02 30 momentum.assemble [region]
|   |   |   |-> 9.19e+00 sec 4.8% 63.4% 0.0% 0.0% 4.51e+02 30 assemble.spatialImplicit [region]
|   |   |   |   |-> 6.22e+00 sec 3.2% 50.9% 0.0% 1.5% 3.72e+02 30 divlap.deferredCorr [region]
|   |   |   |   |   |-> 2.08e+00 sec 1.1% 94.7% 0.0% 0.0% 7.37e+02 30 luw.gradCompute [region]
|   |   |   |   |   |   |-> 1.75e+00 sec 0.9% 93.8% 0.0% 6.2% 6.84e+02 30 clg.baseGrad [region]
|   |   |   |   |   |   |   |-> 6.83e-01 sec 0.4% 100.0% 0.0% ------ 780 computeGradTensorBoundaryReconstruct [for]
|   |   |   |   |   |   |   |-> 5.36e-01 sec 0.3% 100.0% 0.0% ------ 30 computeGradTensorInternal [for]
|   |   |   |   |   |   |   |-> 2.44e-01 sec 0.1% 100.0% 0.0% ------ 210 fill [for]
|   |   |   |   |   |   |-> 3.21e-01 sec 0.2% 99.7% 0.0% 0.3% 1.03e+03 30 clg.limiter [region]
|   |   |   |   |   |-> 1.83e+00 sec 0.9% 1.1% 0.0% 98.9% 1.64e+00 30 luw.gradOpCtor [region]
|   |   |   |   |   |-> 1.06e+00 sec 0.5% 11.5% 0.0% 88.5% 3.12e+02 30 luw.applyCorr [region]
|   |   |   |   |   |-> 6.43e-01 sec 0.3% 83.2% 0.0% 16.8% 3.26e+02 30 luw.gradAlloc [region]
|   |   |   |   |   |   |-> 5.35e-01 sec 0.3% 100.0% 0.0% ------ 210 fill [for]
|   |   |   |   |   |-> 3.82e-01 sec 0.2% 100.0% 0.0% ------ 30 addDivCorrectionToRhs [for]
|   |   |   |   |-> 2.51e+00 sec 1.3% 87.6% 0.0% 12.4% 6.59e+02 30 divlap.nonOrthCorr [region]
|   |   |   |   |   |-> 7.38e-01 sec 0.4% 100.0% 0.0% ------ 30 computeGradTensorInternal [for]
|   |   |   |   |   |-> 6.08e-01 sec 0.3% 100.0% 0.0% ------ 601 fill [for]
|   |   |   |   |   |-> 2.95e-01 sec 0.2% 100.0% 0.0% ------ 30 computeLaplacianImplicitCorrection [for]
|   |   |   |   |   |-> 2.60e-01 sec 0.1% 100.0% 0.0% ------ 780 computeGradTensorBoundaryReconstruct [for]
|   |   |   |   |-> 2.33e-01 sec 0.1% 99.8% 0.0% 0.2% 3.86e+02 30 divlap.matrixCoeffs [region]
|   |   |   |   |-> 2.24e-01 sec 0.1% 99.9% 0.0% 0.1% 4.01e+02 30 divlap.bounded [region]
|   |   |   |-> 1.17e+00 sec 0.6% 78.8% 0.0% 21.2% 7.18e+02 30 assemble.explicitSource [region]
|   |   |   |   |-> 4.71e-01 sec 0.2% 100.0% 0.0% ------ 420 fill [for]
|   |   |-> 2.34e+00 sec 1.2% 1.3% 0.0% 98.7% 1.15e+01 30 momentum.construct [region]
|   |   |-> 1.95e+00 sec 1.0% 0.3% 0.0% 99.7% 1.79e+01 30 ginkgo.createMtx [region]
|   |   |-> 9.35e-01 sec 0.5% 84.6% 0.0% 15.4% 5.45e+02 30 assemble.explicitSource [region]
|   |   |   |-> 3.13e-01 sec 0.2% 100.0% 0.0% ------ 30 computeGradInternal [for]
|   |   |-> 2.53e-01 sec 0.1% 0.0% 0.0% 100.0% 0.00e+00 30 ginkgo.solverSetup [region]
|   |-> 2.02e+01 sec 10.5% 42.8% 0.0% 32.2% 9.21e+02 30 neoSimpleFoam.turbulenceCorrect [region]
|   |   |-> 4.07e+00 sec 2.1% 0.3% 0.0% 99.7% 1.72e+01 60 ginkgo.createMtx [region]
|   |   |-> 3.50e+00 sec 1.8% 86.4% 0.0% 13.6% 1.06e+03 60 assemble.spatialImplicit [region]
|   |   |   |-> 7.62e-01 sec 0.4% 100.0% 0.0% ------ 60 computeGradInternal [for]
|   |   |   |-> 5.68e-01 sec 0.3% 100.0% 0.0% ------ 1202 fill [for]
|   |   |   |-> 4.56e-01 sec 0.2% 100.0% 0.0% ------ 630 computeGradBoundaryFixedValue [for]
|   |   |   |-> 3.16e-01 sec 0.2% 100.0% 0.0% ------ 930 computeGradBoundaryRefGrad [for]
|   |   |   |-> 2.73e-01 sec 0.1% 100.0% 0.0% ------ 60 computeLocalGaussGreenDivLaplacianCoefficients [for]
|   |   |-> 7.54e-01 sec 0.4% 100.0% 0.0% ------ 1466 fill [for]
|   |   |-> 6.28e-01 sec 0.3% 100.0% 0.0% ------ 60 computeGradInternal [for]
|   |   |-> 6.16e-01 sec 0.3% 100.0% 0.0% ------ 30 computeGradTensorInternal [for]
|   |   |-> 4.98e-01 sec 0.3% 0.0% 0.0% 100.0% 0.00e+00 60 ginkgo.solverSetup [region]
|   |   |-> 4.11e-01 sec 0.2% 100.0% 0.0% ------ 930 computeGradBoundaryRefGrad [for]
|   |   |-> 3.66e-01 sec 0.2% 100.0% 0.0% ------ 780 computeGradTensorBoundaryReconstruct [for]
|   |   |-> 2.16e-01 sec 0.1% 100.0% 0.0% ------ 1530 setNutUSpaldingWallFunction [for]
|   |   |-> 2.14e-01 sec 0.1% 100.0% 0.0% ------ 1650 extrapolateValue [for]
|   |   |-> 2.07e-01 sec 0.1% 100.0% 0.0% ------ 630 computeGradBoundaryFixedValue [for]
|   |   |-> 2.07e-01 sec 0.1% 100.0% 0.0% ------ 1590 setGradientValue [for]
|   |   |-> 2.03e-01 sec 0.1% 100.0% 0.0% ------ 1530 kOmegaSST::omegaWFGFeedback [for]
|   |   |-> 2.01e-01 sec 0.1% 100.0% 0.0% ------ 218 computeLinearInterpolationInternal [for]
|   |   |-> 1.94e-01 sec 0.1% 100.0% 0.0% ------ 1530 setOmegaWallFunction [for]
|   |-> 2.54e+00 sec 1.3% 0.0% 0.0% 100.0% 0.00e+00 30 neoSimpleFoam.write [region]
|-> 4.55e+01 sec 23.6% 0.6% 0.0% 99.4% 2.07e+01 1 neoSimpleFoam.setup [region]

BOTTOM-UP TIME TREE:
<average time> <percent of total time> <percent time in Kokkos> <percent MPI imbalance> <number of calls> <name> [type]
===================
|-> 4.52e+01 sec 23.4% 0.0% 0.0% 0.0% 0.00e+00 1 neoSimpleFoam.setup [region]
|-> 4.37e+01 sec 22.6% 0.0% 0.0% 0.0% 0.00e+00 30 neoSimpleFoam.pressureCorrector.pEqn [region]
|   |-> 4.37e+01 sec 22.6% 0.0% 0.0% 0.0% 0.00e+00 30 neoSimpleFoam.pressureCorrector [region]
|       |-> 4.37e+01 sec 22.6% 0.0% 0.0% 0.0% 0.00e+00 30 neoSimpleFoam.timeStep [region]
|-> 4.12e+01 sec 21.3% 0.0% 0.0% 0.0% 0.00e+00 120 ginkgo.solverSetup [region]
|   |-> 4.04e+01 sec 21.0% 0.0% 0.0% 0.0% 0.00e+00 30 neoSimpleFoam.pressureCorrector.pEqn [region]
|   |   |-> 4.04e+01 sec 21.0% 0.0% 0.0% 0.0% 0.00e+00 30 neoSimpleFoam.pressureCorrector [region]
|   |       |-> 4.04e+01 sec 21.0% 0.0% 0.0% 0.0% 0.00e+00 30 neoSimpleFoam.timeStep [region]
|   |-> 4.98e-01 sec 0.3% 0.0% 0.0% 0.0% 0.00e+00 60 neoSimpleFoam.turbulenceCorrect [region]
|   |   |-> 4.98e-01 sec 0.3% 0.0% 0.0% 0.0% 0.00e+00 60 neoSimpleFoam.timeStep [region]
|   |-> 2.53e-01 sec 0.1% 0.0% 0.0% 0.0% 0.00e+00 30 neoSimpleFoam.momentumPredictor [region]
|       |-> 2.53e-01 sec 0.1% 0.0% 0.0% 0.0% 0.00e+00 30 neoSimpleFoam.timeStep [region]
|-> 7.93e+00 sec 4.1% 0.0% 0.0% 0.0% 0.00e+00 120 ginkgo.createMtx [region]
|   |-> 4.06e+00 sec 2.1% 0.0% 0.0% 0.0% 0.00e+00 60 neoSimpleFoam.turbulenceCorrect [region]
|   |   |-> 4.06e+00 sec 2.1% 0.0% 0.0% 0.0% 0.00e+00 60 neoSimpleFoam.timeStep [region]
|   |-> 1.95e+00 sec 1.0% 0.0% 0.0% 0.0% 0.00e+00 30 neoSimpleFoam.momentumPredictor [region]
|   |   |-> 1.95e+00 sec 1.0% 0.0% 0.0% 0.0% 0.00e+00 30 neoSimpleFoam.timeStep [region]
|   |-> 1.93e+00 sec 1.0% 0.0% 0.0% 0.0% 0.00e+00 30 neoSimpleFoam.pressureCorrector.pEqn [region]
|       |-> 1.93e+00 sec 1.0% 0.0% 0.0% 0.0% 0.00e+00 30 neoSimpleFoam.pressureCorrector [region]
|           |-> 1.93e+00 sec 1.0% 0.0% 0.0% 0.0% 0.00e+00 30 neoSimpleFoam.timeStep [region]
|-> 6.51e+00 sec 3.4% 0.0% 0.0% 0.0% 0.00e+00 30 neoSimpleFoam.turbulenceCorrect [region]
|   |-> 6.51e+00 sec 3.4% 0.0% 0.0% 0.0% 0.00e+00 30 neoSimpleFoam.timeStep [region]
|-> 5.54e+00 sec 2.9% 100.0% 0.0% ------ 9833 fill [for]
|   |-> 1.40e+00 sec 0.7% 100.0% 0.0% 0.0% 0.00e+00 3660 neoSimpleFoam.pressureCorrector [region]
|   |   |-> 1.40e+00 sec 0.7% 100.0% 0.0% 0.0% 0.00e+00 3660 neoSimpleFoam.timeStep [region]
|   |-> 8.25e-01 sec 0.4% 100.0% 0.0% 0.0% 0.00e+00 1803 assemble.spatialImplicit [region]
|   |   |-> 5.68e-01 sec 0.3% 100.0% 0.0% 0.0% 0.00e+00 1202 neoSimpleFoam.turbulenceCorrect [region]
|   |   |   |-> 5.68e-01 sec 0.3% 100.0% 0.0% 0.0% 0.00e+00 1202 neoSimpleFoam.timeStep [region]
|   |   |-> 2.56e-01 sec 0.1% 100.0% 0.0% 0.0% 0.00e+00 601 neoSimpleFoam.pressureCorrector.pEqn [region]
|   |       |-> 2.56e-01 sec 0.1% 100.0% 0.0% 0.0% 0.00e+00 601 neoSimpleFoam.pressureCorrector [region]
|   |           |-> 2.56e-01 sec 0.1% 100.0% 0.0% 0.0% 0.00e+00 601 neoSimpleFoam.timeStep [region]
|   |-> 7.54e-01 sec 0.4% 100.0% 0.0% 0.0% 0.00e+00 1466 neoSimpleFoam.turbulenceCorrect [region]
|   |   |-> 7.54e-01 sec 0.4% 100.0% 0.0% 0.0% 0.00e+00 1466 neoSimpleFoam.timeStep [region]
|   |-> 6.94e-01 sec 0.4% 100.0% 0.0% -0.0% 0.00e+00 780 assemble.explicitSource [region]
|   |   |-> 4.71e-01 sec 0.2% 100.0% 0.0% 0.0% 0.00e+00 420 momentum.assemble [region]
|   |   |   |-> 4.71e-01 sec 0.2% 100.0% 0.0% 0.0% 0.00e+00 420 neoSimpleFoam.momentumPredictor [region]
|   |   |       |-> 4.71e-01 sec 0.2% 100.0% 0.0% 0.0% 0.00e+00 420 neoSimpleFoam.timeStep [region]
|   |-> 6.08e-01 sec 0.3% 100.0% 0.0% 0.0% 0.00e+00 601 divlap.nonOrthCorr [region]
|   |   |-> 6.08e-01 sec 0.3% 100.0% 0.0% 0.0% 0.00e+00 601 assemble.spatialImplicit [region]
|   |       |-> 6.08e-01 sec 0.3% 100.0% 0.0% 0.0% 0.00e+00 601 momentum.assemble [region]
|   |           |-> 6.08e-01 sec 0.3% 100.0% 0.0% 0.0% 0.00e+00 601 neoSimpleFoam.momentumPredictor [region]
|   |               |-> 6.08e-01 sec 0.3% 100.0% 0.0% 0.0% 0.00e+00 601 neoSimpleFoam.timeStep [region]
|   |-> 5.35e-01 sec 0.3% 100.0% 0.0% 0.0% 0.00e+00 210 luw.gradAlloc [region]
|   |   |-> 5.35e-01 sec 0.3% 100.0% 0.0% 0.0% 0.00e+00 210 divlap.deferredCorr [region]
|   |       |-> 5.35e-01 sec 0.3% 100.0% 0.0% 0.0% 0.00e+00 210 assemble.spatialImplicit [region]
|   |           |-> 5.35e-01 sec 0.3% 100.0% 0.0% 0.0% 0.00e+00 210 momentum.assemble [region]
|   |               |-> 5.35e-01 sec 0.3% 100.0% 0.0% 0.0% 0.00e+00 210 neoSimpleFoam.momentumPredictor [region]
|   |                   |-> 5.35e-01 sec 0.3% 100.0% 0.0% 0.0% 0.00e+00 210 neoSimpleFoam.timeStep [region]
|   |-> 2.44e-01 sec 0.1% 100.0% 0.0% 0.0% 0.00e+00 210 clg.baseGrad [region]
|   |   |-> 2.44e-01 sec 0.1% 100.0% 0.0% 0.0% 0.00e+00 210 luw.gradCompute [region]
|   |       |-> 2.44e-01 sec 0.1% 100.0% 0.0% 0.0% 0.00e+00 210 divlap.deferredCorr [region]
|   |           |-> 2.44e-01 sec 0.1% 100.0% 0.0% 0.0% 0.00e+00 210 assemble.spatialImplicit [region]
|   |               |-> 2.44e-01 sec 0.1% 100.0% 0.0% 0.0% 0.00e+00 210 momentum.assemble [region]
|   |                   |-> 2.44e-01 sec 0.1% 100.0% 0.0% 0.0% 0.00e+00 210 neoSimpleFoam.momentumPredictor [region]
|   |                       |-> 2.44e-01 sec 0.1% 100.0% 0.0% 0.0% 0.00e+00 210 neoSimpleFoam.timeStep [region]
|-> 5.26e+00 sec 2.7% 0.0% 0.0% 0.0% 0.00e+00 30 neoSimpleFoam.pressureCorrector [region]
|   |-> 5.26e+00 sec 2.7% 0.0% 0.0% 0.0% 0.00e+00 30 neoSimpleFoam.timeStep [region]
|-> 4.84e+00 sec 2.5% 0.0% 0.0% 0.0% 0.00e+00 30 neoSimpleFoam.momentumPredictor [region]
|   |-> 4.84e+00 sec 2.5% 0.0% 0.0% 0.0% 0.00e+00 30 neoSimpleFoam.timeStep [region]
|-> 3.46e+00 sec 1.8% 100.0% 0.0% ------ 272 computeGradInternal [for]
|   |-> 1.25e+00 sec 0.6% 100.0% 0.0% 0.0% 0.00e+00 90 assemble.spatialImplicit [region]
|   |   |-> 7.62e-01 sec 0.4% 100.0% 0.0% 0.0% 0.00e+00 60 neoSimpleFoam.turbulenceCorrect [region]
|   |   |   |-> 7.62e-01 sec 0.4% 100.0% 0.0% 0.0% 0.00e+00 60 neoSimpleFoam.timeStep [region]
|   |   |-> 4.91e-01 sec 0.3% 100.0% 0.0% 0.0% 0.00e+00 30 neoSimpleFoam.pressureCorrector.pEqn [region]
|   |       |-> 4.91e-01 sec 0.3% 100.0% 0.0% 0.0% 0.00e+00 30 neoSimpleFoam.pressureCorrector [region]
|   |           |-> 4.91e-01 sec 0.3% 100.0% 0.0% 0.0% 0.00e+00 30 neoSimpleFoam.timeStep [region]
|   |-> 1.24e+00 sec 0.6% 100.0% 0.0% 0.0% 0.00e+00 90 neoSimpleFoam.pressureCorrector [region]
|   |   |-> 1.24e+00 sec 0.6% 100.0% 0.0% 0.0% 0.00e+00 90 neoSimpleFoam.timeStep [region]
|   |-> 6.28e-01 sec 0.3% 100.0% 0.0% 0.0% 0.00e+00 60 neoSimpleFoam.turbulenceCorrect [region]
|   |   |-> 6.28e-01 sec 0.3% 100.0% 0.0% 0.0% 0.00e+00 60 neoSimpleFoam.timeStep [region]
|   |-> 3.13e-01 sec 0.2% 100.0% 0.0% 0.0% 0.00e+00 30 assemble.explicitSource [region]
|   |   |-> 3.13e-01 sec 0.2% 100.0% 0.0% 0.0% 0.00e+00 30 neoSimpleFoam.momentumPredictor [region]
|   |       |-> 3.13e-01 sec 0.2% 100.0% 0.0% 0.0% 0.00e+00 30 neoSimpleFoam.timeStep [region]
|-> 2.54e+00 sec 1.3% 0.0% 0.0% 0.0% 0.00e+00 30 neoSimpleFoam.write [region]
|   |-> 2.54e+00 sec 1.3% 0.0% 0.0% 0.0% 0.00e+00 30 neoSimpleFoam.timeStep [region]
|-> 2.31e+00 sec 1.2% 0.0% 0.0% 0.0% 0.00e+00 30 momentum.construct [region]
|   |-> 2.31e+00 sec 1.2% 0.0% 0.0% 0.0% 0.00e+00 30 neoSimpleFoam.momentumPredictor [region]
|       |-> 2.31e+00 sec 1.2% 0.0% 0.0% 0.0% 0.00e+00 30 neoSimpleFoam.timeStep [region]
|-> 1.92e+00 sec 1.0% 100.0% 0.0% ------ 91 computeGradTensorInternal [for]
|   |-> 7.38e-01 sec 0.4% 100.0% 0.0% 0.0% 0.00e+00 30 divlap.nonOrthCorr [region]
|   |   |-> 7.38e-01 sec 0.4% 100.0% 0.0% 0.0% 0.00e+00 30 assemble.spatialImplicit [region]
|   |       |-> 7.38e-01 sec 0.4% 100.0% 0.0% 0.0% 0.00e+00 30 momentum.assemble [region]
|   |           |-> 7.38e-01 sec 0.4% 100.0% 0.0% 0.0% 0.00e+00 30 neoSimpleFoam.momentumPredictor [region]
|   |               |-> 7.38e-01 sec 0.4% 100.0% 0.0% 0.0% 0.00e+00 30 neoSimpleFoam.timeStep [region]
|   |-> 6.16e-01 sec 0.3% 100.0% 0.0% 0.0% 0.00e+00 30 neoSimpleFoam.turbulenceCorrect [region]
|   |   |-> 6.16e-01 sec 0.3% 100.0% 0.0% 0.0% 0.00e+00 30 neoSimpleFoam.timeStep [region]
|   |-> 5.36e-01 sec 0.3% 100.0% 0.0% 0.0% 0.00e+00 30 clg.baseGrad [region]
|   |   |-> 5.36e-01 sec 0.3% 100.0% 0.0% 0.0% 0.00e+00 30 luw.gradCompute [region]
|   |       |-> 5.36e-01 sec 0.3% 100.0% 0.0% 0.0% 0.00e+00 30 divlap.deferredCorr [region]
|   |           |-> 5.36e-01 sec 0.3% 100.0% 0.0% 0.0% 0.00e+00 30 assemble.spatialImplicit [region]
|   |               |-> 5.36e-01 sec 0.3% 100.0% 0.0% 0.0% 0.00e+00 30 momentum.assemble [region]
|   |                   |-> 5.36e-01 sec 0.3% 100.0% 0.0% 0.0% 0.00e+00 30 neoSimpleFoam.momentumPredictor [region]
|   |                       |-> 5.36e-01 sec 0.3% 100.0% 0.0% 0.0% 0.00e+00 30 neoSimpleFoam.timeStep [region]
|-> 1.81e+00 sec 0.9% 0.0% 0.0% 0.0% 0.00e+00 30 luw.gradOpCtor [region]
|   |-> 1.81e+00 sec 0.9% 0.0% 0.0% 0.0% 0.00e+00 30 divlap.deferredCorr [region]
|       |-> 1.81e+00 sec 0.9% 0.0% 0.0% 0.0% 0.00e+00 30 assemble.spatialImplicit [region]
|           |-> 1.81e+00 sec 0.9% 0.0% 0.0% 0.0% 0.00e+00 30 momentum.assemble [region]
|               |-> 1.81e+00 sec 0.9% 0.0% 0.0% 0.0% 0.00e+00 30 neoSimpleFoam.momentumPredictor [region]
|                   |-> 1.81e+00 sec 0.9% 0.0% 0.0% 0.0% 0.00e+00 30 neoSimpleFoam.timeStep [region]
|-> 1.71e+00 sec 0.9% 100.0% 0.0% ------ 4891 computeGradBoundaryRefGrad [for]
|   |-> 7.31e-01 sec 0.4% 100.0% 0.0% 0.0% 0.00e+00 2250 neoSimpleFoam.pressureCorrector [region]
|   |   |-> 7.31e-01 sec 0.4% 100.0% 0.0% 0.0% 0.00e+00 2250 neoSimpleFoam.timeStep [region]
|   |-> 5.48e-01 sec 0.3% 100.0% 0.0% 0.0% 0.00e+00 1680 assemble.spatialImplicit [region]
|   |   |-> 3.16e-01 sec 0.2% 100.0% 0.0% 0.0% 0.00e+00 930 neoSimpleFoam.turbulenceCorrect [region]
|   |   |   |-> 3.16e-01 sec 0.2% 100.0% 0.0% 0.0% 0.00e+00 930 neoSimpleFoam.timeStep [region]
|   |   |-> 2.32e-01 sec 0.1% 100.0% 0.0% 0.0% 0.00e+00 750 neoSimpleFoam.pressureCorrector.pEqn [region]
|   |       |-> 2.32e-01 sec 0.1% 100.0% 0.0% 0.0% 0.00e+00 750 neoSimpleFoam.pressureCorrector [region]
|   |           |-> 2.32e-01 sec 0.1% 100.0% 0.0% 0.0% 0.00e+00 750 neoSimpleFoam.timeStep [region]
|   |-> 4.11e-01 sec 0.2% 100.0% 0.0% 0.0% 0.00e+00 930 neoSimpleFoam.turbulenceCorrect [region]
|   |   |-> 4.11e-01 sec 0.2% 100.0% 0.0% 0.0% 0.00e+00 930 neoSimpleFoam.timeStep [region]
|-> 1.33e+00 sec 0.7% 100.0% 0.0% ------ 9955 extrapolateValue [for]
|   |-> 1.10e+00 sec 0.6% 100.0% 0.0% 0.0% 0.00e+00 8250 neoSimpleFoam.pressureCorrector [region]
|   |   |-> 1.10e+00 sec 0.6% 100.0% 0.0% 0.0% 0.00e+00 8250 neoSimpleFoam.timeStep [region]
|   |-> 2.14e-01 sec 0.1% 100.0% 0.0% 0.0% 0.00e+00 1650 neoSimpleFoam.turbulenceCorrect [region]
|   |   |-> 2.14e-01 sec 0.1% 100.0% 0.0% 0.0% 0.00e+00 1650 neoSimpleFoam.timeStep [region]
|-> 1.32e+00 sec 0.7% 100.0% 0.0% ------ 2366 computeGradTensorBoundaryReconstruct [for]
|   |-> 6.83e-01 sec 0.4% 100.0% 0.0% 0.0% 0.00e+00 780 clg.baseGrad [region]
|   |   |-> 6.83e-01 sec 0.4% 100.0% 0.0% 0.0% 0.00e+00 780 luw.gradCompute [region]
|   |       |-> 6.83e-01 sec 0.4% 100.0% 0.0% 0.0% 0.00e+00 780 divlap.deferredCorr [region]
|   |           |-> 6.83e-01 sec 0.4% 100.0% 0.0% 0.0% 0.00e+00 780 assemble.spatialImplicit [region]
|   |               |-> 6.83e-01 sec 0.4% 100.0% 0.0% 0.0% 0.00e+00 780 momentum.assemble [region]
|   |                   |-> 6.83e-01 sec 0.4% 100.0% 0.0% 0.0% 0.00e+00 780 neoSimpleFoam.momentumPredictor [region]
|   |                       |-> 6.83e-01 sec 0.4% 100.0% 0.0% 0.0% 0.00e+00 780 neoSimpleFoam.timeStep [region]
|   |-> 3.66e-01 sec 0.2% 100.0% 0.0% 0.0% 0.00e+00 780 neoSimpleFoam.turbulenceCorrect [region]
|   |   |-> 3.66e-01 sec 0.2% 100.0% 0.0% 0.0% 0.00e+00 780 neoSimpleFoam.timeStep [region]
|   |-> 2.60e-01 sec 0.1% 100.0% 0.0% 0.0% 0.00e+00 780 divlap.nonOrthCorr [region]
|   |   |-> 2.60e-01 sec 0.1% 100.0% 0.0% 0.0% 0.00e+00 780 assemble.spatialImplicit [region]
|   |       |-> 2.60e-01 sec 0.1% 100.0% 0.0% 0.0% 0.00e+00 780 momentum.assemble [region]
|   |           |-> 2.60e-01 sec 0.1% 100.0% 0.0% 0.0% 0.00e+00 780 neoSimpleFoam.momentumPredictor [region]
|   |               |-> 2.60e-01 sec 0.1% 100.0% 0.0% 0.0% 0.00e+00 780 neoSimpleFoam.timeStep [region]
|-> 1.07e+00 sec 0.6% 100.0% 0.0% ------ 2532 parallelFor [for]
|   |-> 5.46e-01 sec 0.3% 100.0% 0.0% 0.0% 0.00e+00 1530 neoSimpleFoam.pressureCorrector [region]
|   |   |-> 5.46e-01 sec 0.3% 100.0% 0.0% 0.0% 0.00e+00 1530 neoSimpleFoam.timeStep [region]
|   |-> 2.50e-01 sec 0.1% 100.0% 0.0% 0.0% 0.00e+00 240 assemble.explicitSource [region]
|-> 9.34e-01 sec 0.5% 0.0% 0.0% 0.0% 0.00e+00 30 luw.applyCorr [region]
|   |-> 9.34e-01 sec 0.5% 0.0% 0.0% 0.0% 0.00e+00 30 divlap.deferredCorr [region]
|       |-> 9.34e-01 sec 0.5% 0.0% 0.0% 0.0% 0.00e+00 30 assemble.spatialImplicit [region]
|           |-> 9.34e-01 sec 0.5% 0.0% 0.0% 0.0% 0.00e+00 30 momentum.assemble [region]
|               |-> 9.34e-01 sec 0.5% 0.0% 0.0% 0.0% 0.00e+00 30 neoSimpleFoam.momentumPredictor [region]
|                   |-> 9.34e-01 sec 0.5% 0.0% 0.0% 0.0% 0.00e+00 30 neoSimpleFoam.timeStep [region]
|-> 7.49e-01 sec 0.4% 100.0% 0.0% ------ 1401 computeGradBoundaryFixedValue [for]
|   |-> 4.70e-01 sec 0.2% 100.0% 0.0% 0.0% 0.00e+00 660 assemble.spatialImplicit [region]
|   |   |-> 4.56e-01 sec 0.2% 100.0% 0.0% 0.0% 0.00e+00 630 neoSimpleFoam.turbulenceCorrect [region]
|   |   |   |-> 4.56e-01 sec 0.2% 100.0% 0.0% 0.0% 0.00e+00 630 neoSimpleFoam.timeStep [region]
|   |-> 2.07e-01 sec 0.1% 100.0% 0.0% 0.0% 0.00e+00 630 neoSimpleFoam.turbulenceCorrect [region]
|   |   |-> 2.07e-01 sec 0.1% 100.0% 0.0% 0.0% 0.00e+00 630 neoSimpleFoam.timeStep [region]
|-> 7.01e-01 sec 0.4% 0.0% 0.0% 0.0% 0.00e+00 120 assemble.spatialImplicit [region]
|   |-> 4.76e-01 sec 0.2% 0.0% 0.0% 0.0% 0.00e+00 60 neoSimpleFoam.turbulenceCorrect [region]
|   |   |-> 4.76e-01 sec 0.2% 0.0% 0.0% 0.0% 0.00e+00 60 neoSimpleFoam.timeStep [region]
|   |-> 2.24e-01 sec 0.1% 0.0% 0.0% 0.0% 0.00e+00 30 neoSimpleFoam.pressureCorrector.pEqn [region]
|   |   |-> 2.24e-01 sec 0.1% 0.0% 0.0% 0.0% 0.00e+00 30 neoSimpleFoam.pressureCorrector [region]
|   |       |-> 2.24e-01 sec 0.1% 0.0% 0.0% 0.0% 0.00e+00 30 neoSimpleFoam.timeStep [region]
|-> 5.58e-01 sec 0.3% 100.0% 0.0% ------ 554 computeLinearInterpolationInternal [for]
|   |-> 2.01e-01 sec 0.1% 100.0% 0.0% 0.0% 0.00e+00 218 neoSimpleFoam.turbulenceCorrect [region]
|   |   |-> 2.01e-01 sec 0.1% 100.0% 0.0% 0.0% 0.00e+00 218 neoSimpleFoam.timeStep [region]
|-> 5.22e-01 sec 0.3% 100.0% 0.0% ------ 4954 setGradientValue [for]
|   |-> 2.07e-01 sec 0.1% 100.0% 0.0% 0.0% 0.00e+00 1590 neoSimpleFoam.turbulenceCorrect [region]
|   |   |-> 2.07e-01 sec 0.1% 100.0% 0.0% 0.0% 0.00e+00 1590 neoSimpleFoam.timeStep [region]
|   |-> 2.03e-01 sec 0.1% 100.0% 0.0% 0.0% 0.00e+00 1590 neoSimpleFoam.pressureCorrector [region]
|   |   |-> 2.03e-01 sec 0.1% 100.0% 0.0% 0.0% 0.00e+00 1590 neoSimpleFoam.timeStep [region]
|-> 4.45e-01 sec 0.2% 100.0% 0.0% ------ 90 computeLocalGaussGreenDivLaplacianCoefficients [for]
|   |-> 2.73e-01 sec 0.1% 100.0% 0.0% 0.0% 0.00e+00 60 assemble.spatialImplicit [region]
|   |   |-> 2.73e-01 sec 0.1% 100.0% 0.0% 0.0% 0.00e+00 60 neoSimpleFoam.turbulenceCorrect [region]
|   |       |-> 2.73e-01 sec 0.1% 100.0% 0.0% 0.0% 0.00e+00 60 neoSimpleFoam.timeStep [region]
|-> 4.27e-01 sec 0.2% 0.0% 0.0% 0.0% 0.00e+00 150 assemble.explicitSource [region]
|   |-> 2.48e-01 sec 0.1% 0.0% 0.0% 0.0% 0.00e+00 30 momentum.assemble [region]
|   |   |-> 2.48e-01 sec 0.1% 0.0% 0.0% 0.0% 0.00e+00 30 neoSimpleFoam.momentumPredictor [region]
|   |       |-> 2.48e-01 sec 0.1% 0.0% 0.0% 0.0% 0.00e+00 30 neoSimpleFoam.timeStep [region]
|-> 3.91e-01 sec 0.2% 100.0% 0.0% ------ 120 computeLaplacianImplicitCorrection [for]
|   |-> 2.95e-01 sec 0.2% 100.0% 0.0% 0.0% 0.00e+00 30 divlap.nonOrthCorr [region]
|   |   |-> 2.95e-01 sec 0.2% 100.0% 0.0% 0.0% 0.00e+00 30 assemble.spatialImplicit [region]
|   |       |-> 2.95e-01 sec 0.2% 100.0% 0.0% 0.0% 0.00e+00 30 momentum.assemble [region]
|   |           |-> 2.95e-01 sec 0.2% 100.0% 0.0% 0.0% 0.00e+00 30 neoSimpleFoam.momentumPredictor [region]
|   |               |-> 2.95e-01 sec 0.2% 100.0% 0.0% 0.0% 0.00e+00 30 neoSimpleFoam.timeStep [region]
|-> 3.82e-01 sec 0.2% 100.0% 0.0% ------ 30 addDivCorrectionToRhs [for]
|   |-> 3.82e-01 sec 0.2% 100.0% 0.0% 0.0% 0.00e+00 30 divlap.deferredCorr [region]
|       |-> 3.82e-01 sec 0.2% 100.0% 0.0% 0.0% 0.00e+00 30 assemble.spatialImplicit [region]
|           |-> 3.82e-01 sec 0.2% 100.0% 0.0% 0.0% 0.00e+00 30 momentum.assemble [region]
|               |-> 3.82e-01 sec 0.2% 100.0% 0.0% 0.0% 0.00e+00 30 neoSimpleFoam.momentumPredictor [region]
|                   |-> 3.82e-01 sec 0.2% 100.0% 0.0% 0.0% 0.00e+00 30 neoSimpleFoam.timeStep [region]
|-> 3.73e-01 sec 0.2% 100.0% 0.0% ------ 1302 updateProcBoundaryOwnerValue [for]
|   |-> 2.19e-01 sec 0.1% 100.0% 0.0% 0.0% 0.00e+00 720 neoSimpleFoam.pressureCorrector [region]
|   |   |-> 2.19e-01 sec 0.1% 100.0% 0.0% 0.0% 0.00e+00 720 neoSimpleFoam.timeStep [region]
|-> 3.18e-01 sec 0.2% 100.0% 0.0% ------ 272 computeGradBoundary [for]
|-> 3.11e-01 sec 0.2% 0.0% 0.0% 0.0% 0.00e+00 30 divlap.nonOrthCorr [region]
|   |-> 3.11e-01 sec 0.2% 0.0% 0.0% 0.0% 0.00e+00 30 assemble.spatialImplicit [region]
|       |-> 3.11e-01 sec 0.2% 0.0% 0.0% 0.0% 0.00e+00 30 momentum.assemble [region]
|           |-> 3.11e-01 sec 0.2% 0.0% 0.0% 0.0% 0.00e+00 30 neoSimpleFoam.momentumPredictor [region]
|               |-> 3.11e-01 sec 0.2% 0.0% 0.0% 0.0% 0.00e+00 30 neoSimpleFoam.timeStep [region]
|-> 3.08e-01 sec 0.2% 100.0% 0.0% ------ 554 computeLinearInterpolationBoundary [for]
|-> 2.99e-01 sec 0.2% 100.0% 0.0% ------ 554 computeLinearInterpolationProcBoundary [for]
|-> 2.72e-01 sec 0.1% 100.0% 0.0% ------ 91 computeGradTensorCells [for]
|-> 2.70e-01 sec 0.1% 100.0% 0.0% ------ 858 setProcBoundaryCoefficients [for]
|-> 2.65e-01 sec 0.1% 100.0% 0.0% ------ 272 computeGradCells [for]
|-> 2.31e-01 sec 0.1% 100.0% 0.0% ------ 755 setFixedValueVolume [for]
|   |-> 2.19e-01 sec 0.1% 100.0% 0.0% 0.0% 0.00e+00 660 neoSimpleFoam.pressureCorrector [region]
|   |   |-> 2.19e-01 sec 0.1% 100.0% 0.0% 0.0% 0.00e+00 660 neoSimpleFoam.timeStep [region]
|-> 2.23e-01 sec 0.1% 100.0% 0.0% ------ 1581 setNutUSpaldingWallFunction [for]
|   |-> 2.16e-01 sec 0.1% 100.0% 0.0% 0.0% 0.00e+00 1530 neoSimpleFoam.turbulenceCorrect [region]
|   |   |-> 2.16e-01 sec 0.1% 100.0% 0.0% 0.0% 0.00e+00 1530 neoSimpleFoam.timeStep [region]
|-> 2.07e-01 sec 0.1% 100.0% 0.0% ------ 90 BoundedDiv::applyBoundedDiagInternal [for]
|-> 2.07e-01 sec 0.1% 100.0% 0.0% ------ 272 computeProcGradBoundary [for]
|-> 2.03e-01 sec 0.1% 100.0% 0.0% ------ 1530 kOmegaSST::omegaWFGFeedback [for]
|   |-> 2.03e-01 sec 0.1% 100.0% 0.0% 0.0% 0.00e+00 1530 neoSimpleFoam.turbulenceCorrect [region]
|       |-> 2.03e-01 sec 0.1% 100.0% 0.0% 0.0% 0.00e+00 1530 neoSimpleFoam.timeStep [region]
|-> 1.94e-01 sec 0.1% 100.0% 0.0% ------ 1530 setOmegaWallFunction [for]
|   |-> 1.94e-01 sec 0.1% 100.0% 0.0% 0.0% 0.00e+00 1530 neoSimpleFoam.turbulenceCorrect [region]
|       |-> 1.94e-01 sec 0.1% 100.0% 0.0% 0.0% 0.00e+00 1530 neoSimpleFoam.timeStep [region]

KOKKOS HOST SPACE:
===================
MAX MEMORY ALLOCATED: 1287083.0 kB
ALLOCATIONS AT TIME OF HIGH WATER MARK:
  29.9% neoSimpleFoam.timeStep/neoSimpleFoam.momentumPredictor/momentum.assemble/assemble.spatialImplicit/divlap.deferredCorr/luw.gradOpCtor/Vector
  29.9% neoSimpleFoam.timeStep/neoSimpleFoam.momentumPredictor/momentum.assemble/assemble.spatialImplicit/divlap.deferredCorr/luw.gradOpCtor/Vector
  15.4% neoSimpleFoam.timeStep/neoSimpleFoam.momentumPredictor/momentum.assemble/assemble.spatialImplicit/divlap.deferredCorr/luw.gradOpCtor/Vector
  14.9% neoSimpleFoam.timeStep/neoSimpleFoam.momentumPredictor/momentum.assemble/assemble.spatialImplicit/divlap.deferredCorr/luw.gradOpCtor/Vector
  5.0% neoSimpleFoam.timeStep/neoSimpleFoam.momentumPredictor/momentum.assemble/assemble.spatialImplicit/divlap.deferredCorr/luw.gradOpCtor/Vector
  5.0% neoSimpleFoam.timeStep/neoSimpleFoam.momentumPredictor/momentum.assemble/assemble.spatialImplicit/divlap.deferredCorr/luw.gradOpCtor/Vector

KOKKOS CUDA SPACE:
===================
MAX MEMORY ALLOCATED: 0.0 kB
ALLOCATIONS AT TIME OF HIGH WATER MARK:

KOKKOS HIP SPACE:
===================
MAX MEMORY ALLOCATED: 0.0 kB
ALLOCATIONS AT TIME OF HIGH WATER MARK:

KOKKOS SYCL SPACE:
===================
MAX MEMORY ALLOCATED: 0.0 kB
ALLOCATIONS AT TIME OF HIGH WATER MARK:

KOKKOS OpenMPTarget SPACE:
===================
MAX MEMORY ALLOCATED: 0.0 kB
ALLOCATIONS AT TIME OF HIGH WATER MARK:

Host process high water mark memory consumption: 14418600 kB

END KOKKOS PROFILING REPORT.

BEGIN KOKKOS PROFILING REPORT:
TOTAL TIME: 193.054311041 seconds
TOP-DOWN TIME TREE:
<average time> <percent of total time> <percent time in Kokkos> <percent MPI imbalance> <remainder> <kernels per second> <number of calls> <name> [type]
===================
|-> 1.44e+02 sec 74.7% 5.2% 0.0% 0.0% 3.35e+02 30 neoSimpleFoam.timeStep [region]
|   |-> 1.00e+02 sec 52.0% 1.9% 0.0% 11.0% 2.43e+02 30 neoSimpleFoam.pressureCorrector [region]
|   |   |-> 8.81e+01 sec 45.6% 0.6% 0.0% 57.8% 4.68e+01 30 neoSimpleFoam.pressureCorrector.pEqn [region]
|   |   |   |-> 3.33e+01 sec 17.3% 0.0% 0.0% 100.0% 0.00e+00 30 ginkgo.solverSetup [region]
|   |   |   |-> 3.21e+00 sec 1.7% 0.0% 0.0% 100.0% 1.09e+01 30 ginkgo.createMtx [region]
|   |   |   |-> 4.80e-01 sec 0.2% 92.1% 0.0% 7.9% 3.69e+03 30 assemble.spatialImplicit [region]
|   |   |   |   |-> 2.39e-01 sec 0.1% 100.0% 0.0% ------ 30 computeGradInternal [for]
|   |   |-> 7.16e-01 sec 0.4% 100.0% 0.0% ------ 90 computeGradInternal [for]
|   |-> 2.08e+01 sec 10.8% 14.7% 0.0% 23.6% 2.77e+02 30 neoSimpleFoam.momentumPredictor [region]
|   |   |-> 9.46e+00 sec 4.9% 28.6% 0.0% 0.0% 5.46e+02 30 momentum.assemble [region]
|   |   |   |-> 9.03e+00 sec 4.7% 25.8% 0.0% 0.0% 4.59e+02 30 assemble.spatialImplicit [region]
|   |   |   |   |-> 7.88e+00 sec 4.1% 16.0% 0.0% 0.3% 2.90e+02 30 divlap.deferredCorr [region]
|   |   |   |   |   |-> 4.76e+00 sec 2.5% 1.0% 0.0% 99.0% 5.67e+01 30 luw.applyCorr [region]
|   |   |   |   |   |-> 1.84e+00 sec 1.0% 1.1% 0.0% 98.9% 1.63e+00 30 luw.gradOpCtor [region]
|   |   |   |   |   |-> 7.69e-01 sec 0.4% 96.2% 0.0% 0.0% 2.03e+03 30 luw.gradCompute [region]
|   |   |   |   |   |   |-> 5.60e-01 sec 0.3% 95.1% 0.0% 4.9% 2.20e+03 30 clg.baseGrad [region]
|   |   |   |   |   |   |   |-> 3.43e-01 sec 0.2% 100.0% 0.0% ------ 30 computeGradTensorInternal [for]
|   |   |   |   |   |   |-> 2.08e-01 sec 0.1% 99.4% 0.0% 0.6% 1.58e+03 30 clg.limiter [region]
|   |   |   |   |   |-> 2.88e-01 sec 0.1% 100.0% 0.0% ------ 30 addDivCorrectionToRhs [for]
|   |   |   |   |-> 1.01e+00 sec 0.5% 91.7% 0.0% 8.3% 1.67e+03 30 divlap.nonOrthCorr [region]
|   |   |   |   |   |-> 3.43e-01 sec 0.2% 100.0% 0.0% ------ 30 computeGradTensorInternal [for]
|   |   |   |   |   |-> 2.49e-01 sec 0.1% 100.0% 0.0% ------ 30 computeLaplacianImplicitCorrection [for]
|   |   |   |-> 3.67e-01 sec 0.2% 87.4% 0.0% 12.6% 2.29e+03 30 assemble.explicitSource [region]
|   |   |-> 3.61e+00 sec 1.9% 0.0% 0.0% 100.0% 9.69e+00 30 ginkgo.createMtx [region]
|   |   |-> 2.33e+00 sec 1.2% 1.1% 0.0% 98.9% 1.16e+01 30 momentum.construct [region]
|   |   |-> 3.34e-01 sec 0.2% 94.5% 0.0% 5.5% 1.53e+03 30 assemble.explicitSource [region]
|   |   |   |-> 2.39e-01 sec 0.1% 100.0% 0.0% ------ 30 computeGradInternal [for]
|   |-> 2.00e+01 sec 10.4% 12.4% 0.0% 50.8% 9.09e+02 30 neoSimpleFoam.turbulenceCorrect [region]
|   |   |-> 7.02e+00 sec 3.6% 0.0% 0.0% 100.0% 9.97e+00 60 ginkgo.createMtx [region]
|   |   |-> 1.09e+00 sec 0.6% 92.2% 0.0% 7.8% 3.46e+03 60 assemble.spatialImplicit [region]
|   |   |   |-> 4.78e-01 sec 0.2% 100.0% 0.0% ------ 60 computeGradInternal [for]
|   |   |-> 4.77e-01 sec 0.2% 100.0% 0.0% ------ 60 computeGradInternal [for]
|   |   |-> 3.43e-01 sec 0.2% 100.0% 0.0% ------ 30 computeGradTensorInternal [for]
|   |   |-> 2.57e-01 sec 0.1% 0.0% 0.0% 100.0% 0.00e+00 60 ginkgo.solverSetup [region]
|   |-> 2.85e+00 sec 1.5% 0.0% 0.0% 100.0% 0.00e+00 30 neoSimpleFoam.write [region]
|-> 4.55e+01 sec 23.6% 0.2% 0.0% 99.8% 1.96e+01 1 neoSimpleFoam.setup [region]

BOTTOM-UP TIME TREE:
<average time> <percent of total time> <percent time in Kokkos> <percent MPI imbalance> <number of calls> <name> [type]
===================
|-> 5.10e+01 sec 26.4% 0.0% 0.0% 0.0% 0.00e+00 30 neoSimpleFoam.pressureCorrector.pEqn [region]
|   |-> 5.10e+01 sec 26.4% 0.0% 0.0% 0.0% 0.00e+00 30 neoSimpleFoam.pressureCorrector [region]
|       |-> 5.10e+01 sec 26.4% 0.0% 0.0% 0.0% 0.00e+00 30 neoSimpleFoam.timeStep [region]
|-> 4.54e+01 sec 23.5% 0.0% 0.0% 0.0% 0.00e+00 1 neoSimpleFoam.setup [region]
|-> 3.37e+01 sec 17.5% 0.0% 0.0% 0.0% 0.00e+00 120 ginkgo.solverSetup [region]
|   |-> 3.33e+01 sec 17.3% 0.0% 0.0% 0.0% 0.00e+00 30 neoSimpleFoam.pressureCorrector.pEqn [region]
|   |   |-> 3.33e+01 sec 17.3% 0.0% 0.0% 0.0% 0.00e+00 30 neoSimpleFoam.pressureCorrector [region]
|   |       |-> 3.33e+01 sec 17.3% 0.0% 0.0% 0.0% 0.00e+00 30 neoSimpleFoam.timeStep [region]
|   |-> 2.57e-01 sec 0.1% 0.0% 0.0% 0.0% 0.00e+00 60 neoSimpleFoam.turbulenceCorrect [region]
|   |   |-> 2.57e-01 sec 0.1% 0.0% 0.0% 0.0% 0.00e+00 60 neoSimpleFoam.timeStep [region]
|-> 1.38e+01 sec 7.2% 0.0% 0.0% 0.0% 0.00e+00 120 ginkgo.createMtx [region]
|   |-> 7.02e+00 sec 3.6% 0.0% 0.0% 0.0% 0.00e+00 60 neoSimpleFoam.turbulenceCorrect [region]
|   |   |-> 7.02e+00 sec 3.6% 0.0% 0.0% 0.0% 0.00e+00 60 neoSimpleFoam.timeStep [region]
|   |-> 3.61e+00 sec 1.9% 0.0% 0.0% 0.0% 0.00e+00 30 neoSimpleFoam.momentumPredictor [region]
|   |   |-> 3.61e+00 sec 1.9% 0.0% 0.0% 0.0% 0.00e+00 30 neoSimpleFoam.timeStep [region]
|   |-> 3.21e+00 sec 1.7% 0.0% 0.0% 0.0% 0.00e+00 30 neoSimpleFoam.pressureCorrector.pEqn [region]
|       |-> 3.21e+00 sec 1.7% 0.0% 0.0% 0.0% 0.00e+00 30 neoSimpleFoam.pressureCorrector [region]
|           |-> 3.21e+00 sec 1.7% 0.0% 0.0% 0.0% 0.00e+00 30 neoSimpleFoam.timeStep [region]
|-> 1.10e+01 sec 5.7% 0.0% 0.0% 0.0% 0.00e+00 30 neoSimpleFoam.pressureCorrector [region]
|   |-> 1.10e+01 sec 5.7% 0.0% 0.0% 0.0% 0.00e+00 30 neoSimpleFoam.timeStep [region]
|-> 1.02e+01 sec 5.3% 0.0% 0.0% 0.0% 0.00e+00 30 neoSimpleFoam.turbulenceCorrect [region]
|   |-> 1.02e+01 sec 5.3% 0.0% 0.0% 0.0% 0.00e+00 30 neoSimpleFoam.timeStep [region]
|-> 4.91e+00 sec 2.5% 0.0% 0.0% 0.0% 0.00e+00 30 neoSimpleFoam.momentumPredictor [region]
|   |-> 4.91e+00 sec 2.5% 0.0% 0.0% 0.0% 0.00e+00 30 neoSimpleFoam.timeStep [region]
|-> 4.72e+00 sec 2.4% 0.0% 0.0% 0.0% 0.00e+00 30 luw.applyCorr [region]
|   |-> 4.72e+00 sec 2.4% 0.0% 0.0% 0.0% 0.00e+00 30 divlap.deferredCorr [region]
|       |-> 4.72e+00 sec 2.4% 0.0% 0.0% 0.0% 0.00e+00 30 assemble.spatialImplicit [region]
|           |-> 4.72e+00 sec 2.4% 0.0% 0.0% 0.0% 0.00e+00 30 momentum.assemble [region]
|               |-> 4.72e+00 sec 2.4% 0.0% 0.0% 0.0% 0.00e+00 30 neoSimpleFoam.momentumPredictor [region]
|                   |-> 4.72e+00 sec 2.4% 0.0% 0.0% 0.0% 0.00e+00 30 neoSimpleFoam.timeStep [region]
|-> 2.85e+00 sec 1.5% 0.0% 0.0% 0.0% 0.00e+00 30 neoSimpleFoam.write [region]
|   |-> 2.85e+00 sec 1.5% 0.0% 0.0% 0.0% 0.00e+00 30 neoSimpleFoam.timeStep [region]
|-> 2.30e+00 sec 1.2% 0.0% 0.0% 0.0% 0.00e+00 30 momentum.construct [region]
|   |-> 2.30e+00 sec 1.2% 0.0% 0.0% 0.0% 0.00e+00 30 neoSimpleFoam.momentumPredictor [region]
|       |-> 2.30e+00 sec 1.2% 0.0% 0.0% 0.0% 0.00e+00 30 neoSimpleFoam.timeStep [region]
|-> 2.16e+00 sec 1.1% 100.0% 0.0% ------ 272 computeGradInternal [for]
|   |-> 7.16e-01 sec 0.4% 100.0% 0.0% 0.0% 0.00e+00 90 assemble.spatialImplicit [region]
|   |   |-> 4.78e-01 sec 0.2% 100.0% 0.0% 0.0% 0.00e+00 60 neoSimpleFoam.turbulenceCorrect [region]
|   |   |   |-> 4.78e-01 sec 0.2% 100.0% 0.0% 0.0% 0.00e+00 60 neoSimpleFoam.timeStep [region]
|   |   |-> 2.39e-01 sec 0.1% 100.0% 0.0% 0.0% 0.00e+00 30 neoSimpleFoam.pressureCorrector.pEqn [region]
|   |       |-> 2.39e-01 sec 0.1% 100.0% 0.0% 0.0% 0.00e+00 30 neoSimpleFoam.pressureCorrector [region]
|   |           |-> 2.39e-01 sec 0.1% 100.0% 0.0% 0.0% 0.00e+00 30 neoSimpleFoam.timeStep [region]
|   |-> 7.16e-01 sec 0.4% 100.0% 0.0% 0.0% 0.00e+00 90 neoSimpleFoam.pressureCorrector [region]
|   |   |-> 7.16e-01 sec 0.4% 100.0% 0.0% 0.0% 0.00e+00 90 neoSimpleFoam.timeStep [region]
|   |-> 4.77e-01 sec 0.2% 100.0% 0.0% 0.0% 0.00e+00 60 neoSimpleFoam.turbulenceCorrect [region]
|   |   |-> 4.77e-01 sec 0.2% 100.0% 0.0% 0.0% 0.00e+00 60 neoSimpleFoam.timeStep [region]
|   |-> 2.39e-01 sec 0.1% 100.0% 0.0% 0.0% 0.00e+00 30 assemble.explicitSource [region]
|   |   |-> 2.39e-01 sec 0.1% 100.0% 0.0% 0.0% 0.00e+00 30 neoSimpleFoam.momentumPredictor [region]
|   |       |-> 2.39e-01 sec 0.1% 100.0% 0.0% 0.0% 0.00e+00 30 neoSimpleFoam.timeStep [region]
|-> 1.82e+00 sec 0.9% 0.0% 0.0% 0.0% 0.00e+00 30 luw.gradOpCtor [region]
|   |-> 1.82e+00 sec 0.9% 0.0% 0.0% 0.0% 0.00e+00 30 divlap.deferredCorr [region]
|       |-> 1.82e+00 sec 0.9% 0.0% 0.0% 0.0% 0.00e+00 30 assemble.spatialImplicit [region]
|           |-> 1.82e+00 sec 0.9% 0.0% 0.0% 0.0% 0.00e+00 30 momentum.assemble [region]
|               |-> 1.82e+00 sec 0.9% 0.0% 0.0% 0.0% 0.00e+00 30 neoSimpleFoam.momentumPredictor [region]
|                   |-> 1.82e+00 sec 0.9% 0.0% 0.0% 0.0% 0.00e+00 30 neoSimpleFoam.timeStep [region]
|-> 1.15e+00 sec 0.6% 100.0% 0.0% ------ 9369 fill [for]
|-> 1.04e+00 sec 0.5% 100.0% 0.0% ------ 91 computeGradTensorInternal [for]
|   |-> 3.43e-01 sec 0.2% 100.0% 0.0% 0.0% 0.00e+00 30 divlap.nonOrthCorr [region]
|   |   |-> 3.43e-01 sec 0.2% 100.0% 0.0% 0.0% 0.00e+00 30 assemble.spatialImplicit [region]
|   |       |-> 3.43e-01 sec 0.2% 100.0% 0.0% 0.0% 0.00e+00 30 momentum.assemble [region]
|   |           |-> 3.43e-01 sec 0.2% 100.0% 0.0% 0.0% 0.00e+00 30 neoSimpleFoam.momentumPredictor [region]
|   |               |-> 3.43e-01 sec 0.2% 100.0% 0.0% 0.0% 0.00e+00 30 neoSimpleFoam.timeStep [region]
|   |-> 3.43e-01 sec 0.2% 100.0% 0.0% 0.0% 0.00e+00 30 clg.baseGrad [region]
|   |   |-> 3.43e-01 sec 0.2% 100.0% 0.0% 0.0% 0.00e+00 30 luw.gradCompute [region]
|   |       |-> 3.43e-01 sec 0.2% 100.0% 0.0% 0.0% 0.00e+00 30 divlap.deferredCorr [region]
|   |           |-> 3.43e-01 sec 0.2% 100.0% 0.0% 0.0% 0.00e+00 30 assemble.spatialImplicit [region]
|   |               |-> 3.43e-01 sec 0.2% 100.0% 0.0% 0.0% 0.00e+00 30 momentum.assemble [region]
|   |                   |-> 3.43e-01 sec 0.2% 100.0% 0.0% 0.0% 0.00e+00 30 neoSimpleFoam.momentumPredictor [region]
|   |                       |-> 3.43e-01 sec 0.2% 100.0% 0.0% 0.0% 0.00e+00 30 neoSimpleFoam.timeStep [region]
|   |-> 3.43e-01 sec 0.2% 100.0% 0.0% 0.0% 0.00e+00 30 neoSimpleFoam.turbulenceCorrect [region]
|   |   |-> 3.43e-01 sec 0.2% 100.0% 0.0% 0.0% 0.00e+00 30 neoSimpleFoam.timeStep [region]
|-> 3.21e-01 sec 0.2% 100.0% 0.0% ------ 120 computeLaplacianImplicitCorrection [for]
|   |-> 2.49e-01 sec 0.1% 100.0% 0.0% 0.0% 0.00e+00 30 divlap.nonOrthCorr [region]
|   |   |-> 2.49e-01 sec 0.1% 100.0% 0.0% 0.0% 0.00e+00 30 assemble.spatialImplicit [region]
|   |       |-> 2.49e-01 sec 0.1% 100.0% 0.0% 0.0% 0.00e+00 30 momentum.assemble [region]
|   |           |-> 2.49e-01 sec 0.1% 100.0% 0.0% 0.0% 0.00e+00 30 neoSimpleFoam.momentumPredictor [region]
|   |               |-> 2.49e-01 sec 0.1% 100.0% 0.0% 0.0% 0.00e+00 30 neoSimpleFoam.timeStep [region]
|-> 2.88e-01 sec 0.1% 100.0% 0.0% ------ 30 addDivCorrectionToRhs [for]
|   |-> 2.88e-01 sec 0.1% 100.0% 0.0% 0.0% 0.00e+00 30 divlap.deferredCorr [region]
|       |-> 2.88e-01 sec 0.1% 100.0% 0.0% 0.0% 0.00e+00 30 assemble.spatialImplicit [region]
|           |-> 2.88e-01 sec 0.1% 100.0% 0.0% 0.0% 0.00e+00 30 momentum.assemble [region]
|               |-> 2.88e-01 sec 0.1% 100.0% 0.0% 0.0% 0.00e+00 30 neoSimpleFoam.momentumPredictor [region]
|                   |-> 2.88e-01 sec 0.1% 100.0% 0.0% 0.0% 0.00e+00 30 neoSimpleFoam.timeStep [region]
|-> 2.50e-01 sec 0.1% 100.0% 0.0% ------ 554 computeLinearInterpolationInternal [for]
|-> 2.41e-01 sec 0.1% 100.0% 0.0% ------ 90 computeLocalGaussGreenDivLaplacianCoefficients [for]
|-> 1.95e-01 sec 0.1% 100.0% 0.0% ------ 2128 parallelFor [for]

KOKKOS HOST SPACE:
===================
MAX MEMORY ALLOCATED: 1287770.6 kB
ALLOCATIONS AT TIME OF HIGH WATER MARK:
  29.9% neoSimpleFoam.timeStep/neoSimpleFoam.momentumPredictor/momentum.assemble/assemble.spatialImplicit/divlap.deferredCorr/luw.gradOpCtor/Vector
  29.9% neoSimpleFoam.timeStep/neoSimpleFoam.momentumPredictor/momentum.assemble/assemble.spatialImplicit/divlap.deferredCorr/luw.gradOpCtor/Vector
  15.4% neoSimpleFoam.timeStep/neoSimpleFoam.momentumPredictor/momentum.assemble/assemble.spatialImplicit/divlap.deferredCorr/luw.gradOpCtor/Vector
  14.9% neoSimpleFoam.timeStep/neoSimpleFoam.momentumPredictor/momentum.assemble/assemble.spatialImplicit/divlap.deferredCorr/luw.gradOpCtor/Vector
  5.0% neoSimpleFoam.timeStep/neoSimpleFoam.momentumPredictor/momentum.assemble/assemble.spatialImplicit/divlap.deferredCorr/luw.gradOpCtor/Vector
  5.0% neoSimpleFoam.timeStep/neoSimpleFoam.momentumPredictor/momentum.assemble/assemble.spatialImplicit/divlap.deferredCorr/luw.gradOpCtor/Vector

KOKKOS CUDA SPACE:
===================
MAX MEMORY ALLOCATED: 0.0 kB
ALLOCATIONS AT TIME OF HIGH WATER MARK:

KOKKOS HIP SPACE:
===================
MAX MEMORY ALLOCATED: 0.0 kB
ALLOCATIONS AT TIME OF HIGH WATER MARK:

KOKKOS SYCL SPACE:
===================
MAX MEMORY ALLOCATED: 0.0 kB
ALLOCATIONS AT TIME OF HIGH WATER MARK:

KOKKOS OpenMPTarget SPACE:
===================
MAX MEMORY ALLOCATED: 0.0 kB
ALLOCATIONS AT TIME OF HIGH WATER MARK:

Host process high water mark memory consumption: 14450096 kB

END KOKKOS PROFILING REPORT.

BEGIN KOKKOS PROFILING REPORT:
TOTAL TIME: 193.363477177 seconds
TOP-DOWN TIME TREE:
<average time> <percent of total time> <percent time in Kokkos> <percent MPI imbalance> <remainder> <kernels per second> <number of calls> <name> [type]
===================
|-> 1.44e+02 sec 74.6% 5.3% 0.0% 0.0% 3.82e+02 30 neoSimpleFoam.timeStep [region]
|   |-> 1.00e+02 sec 52.0% 2.0% 0.0% 10.9% 2.74e+02 30 neoSimpleFoam.pressureCorrector [region]
|   |   |-> 8.81e+01 sec 45.6% 0.6% 0.0% 59.3% 5.26e+01 30 neoSimpleFoam.pressureCorrector.pEqn [region]
|   |   |   |-> 3.20e+01 sec 16.6% 0.0% 0.0% 100.0% 0.00e+00 30 ginkgo.solverSetup [region]
|   |   |   |-> 3.19e+00 sec 1.7% 0.0% 0.0% 100.0% 1.10e+01 30 ginkgo.createMtx [region]
|   |   |   |-> 4.97e-01 sec 0.3% 91.7% 0.0% 8.3% 4.59e+03 30 assemble.spatialImplicit [region]
|   |   |   |   |-> 2.43e-01 sec 0.1% 100.0% 0.0% ------ 30 computeGradInternal [for]
|   |   |-> 7.31e-01 sec 0.4% 100.0% 0.0% ------ 90 computeGradInternal [for]
|   |-> 2.08e+01 sec 10.7% 15.1% 0.0% 23.6% 3.27e+02 30 neoSimpleFoam.momentumPredictor [region]
|   |   |-> 9.45e+00 sec 4.9% 29.5% 0.0% 0.0% 6.54e+02 30 momentum.assemble [region]
|   |   |   |-> 9.01e+00 sec 4.7% 26.6% 0.0% 0.0% 5.73e+02 30 assemble.spatialImplicit [region]
|   |   |   |   |-> 7.82e+00 sec 4.0% 16.5% 0.0% 0.3% 3.57e+02 30 divlap.deferredCorr [region]
|   |   |   |   |   |-> 4.72e+00 sec 2.4% 1.0% 0.0% 99.0% 5.72e+01 30 luw.applyCorr [region]
|   |   |   |   |   |-> 1.80e+00 sec 0.9% 1.1% 0.0% 98.9% 1.67e+00 30 luw.gradOpCtor [region]
|   |   |   |   |   |-> 7.84e-01 sec 0.4% 96.1% 0.0% 0.0% 2.64e+03 30 luw.gradCompute [region]
|   |   |   |   |   |   |-> 5.72e-01 sec 0.3% 94.9% 0.0% 5.1% 3.04e+03 30 clg.baseGrad [region]
|   |   |   |   |   |   |   |-> 3.42e-01 sec 0.2% 100.0% 0.0% ------ 30 computeGradTensorInternal [for]
|   |   |   |   |   |   |-> 2.12e-01 sec 0.1% 99.5% 0.0% 0.5% 1.56e+03 30 clg.limiter [region]
|   |   |   |   |   |-> 2.95e-01 sec 0.2% 100.0% 0.0% ------ 30 addDivCorrectionToRhs [for]
|   |   |   |   |-> 1.04e+00 sec 0.5% 91.7% 0.0% 8.3% 2.11e+03 30 divlap.nonOrthCorr [region]
|   |   |   |   |   |-> 3.42e-01 sec 0.2% 100.0% 0.0% ------ 30 computeGradTensorInternal [for]
|   |   |   |   |   |-> 2.57e-01 sec 0.1% 100.0% 0.0% ------ 30 computeLaplacianImplicitCorrection [for]
|   |   |   |   |   |-> 2.05e-01 sec 0.1% 100.0% 0.0% ------ 601 fill [for]
|   |   |   |-> 3.79e-01 sec 0.2% 87.3% 0.0% 12.7% 2.22e+03 30 assemble.explicitSource [region]
|   |   |-> 3.61e+00 sec 1.9% 0.0% 0.0% 100.0% 9.69e+00 30 ginkgo.createMtx [region]
|   |   |-> 2.33e+00 sec 1.2% 1.0% 0.0% 99.0% 1.16e+01 30 momentum.construct [region]
|   |   |-> 3.41e-01 sec 0.2% 94.5% 0.0% 5.5% 1.50e+03 30 assemble.explicitSource [region]
|   |   |   |-> 2.44e-01 sec 0.1% 100.0% 0.0% ------ 30 computeGradInternal [for]
|   |-> 2.00e+01 sec 10.4% 13.0% 0.0% 50.4% 1.04e+03 30 neoSimpleFoam.turbulenceCorrect [region]
|   |   |-> 6.98e+00 sec 3.6% 0.0% 0.0% 100.0% 1.00e+01 60 ginkgo.createMtx [region]
|   |   |-> 1.14e+00 sec 0.6% 92.0% 0.0% 8.0% 4.22e+03 60 assemble.spatialImplicit [region]
|   |   |   |-> 4.87e-01 sec 0.3% 100.0% 0.0% ------ 60 computeGradInternal [for]
|   |   |-> 4.87e-01 sec 0.3% 100.0% 0.0% ------ 60 computeGradInternal [for]
|   |   |-> 3.42e-01 sec 0.2% 100.0% 0.0% ------ 30 computeGradTensorInternal [for]
|   |   |-> 2.65e-01 sec 0.1% 0.0% 0.0% 100.0% 0.00e+00 60 ginkgo.solverSetup [region]
|   |-> 2.86e+00 sec 1.5% 0.0% 0.0% 100.0% 0.00e+00 30 neoSimpleFoam.write [region]
|-> 4.55e+01 sec 23.5% 0.2% 0.0% 99.8% 2.20e+01 1 neoSimpleFoam.setup [region]

BOTTOM-UP TIME TREE:
<average time> <percent of total time> <percent time in Kokkos> <percent MPI imbalance> <number of calls> <name> [type]
===================
|-> 5.23e+01 sec 27.0% 0.0% 0.0% 0.0% 0.00e+00 30 neoSimpleFoam.pressureCorrector.pEqn [region]
|   |-> 5.23e+01 sec 27.0% 0.0% 0.0% 0.0% 0.00e+00 30 neoSimpleFoam.pressureCorrector [region]
|       |-> 5.23e+01 sec 27.0% 0.0% 0.0% 0.0% 0.00e+00 30 neoSimpleFoam.timeStep [region]
|-> 4.54e+01 sec 23.5% 0.0% 0.0% 0.0% 0.00e+00 1 neoSimpleFoam.setup [region]
|-> 3.24e+01 sec 16.8% 0.0% 0.0% -0.0% 0.00e+00 120 ginkgo.solverSetup [region]
|   |-> 3.20e+01 sec 16.6% 0.0% 0.0% 0.0% 0.00e+00 30 neoSimpleFoam.pressureCorrector.pEqn [region]
|   |   |-> 3.20e+01 sec 16.6% 0.0% 0.0% 0.0% 0.00e+00 30 neoSimpleFoam.pressureCorrector [region]
|   |       |-> 3.20e+01 sec 16.6% 0.0% 0.0% 0.0% 0.00e+00 30 neoSimpleFoam.timeStep [region]
|   |-> 2.65e-01 sec 0.1% 0.0% 0.0% 0.0% 0.00e+00 60 neoSimpleFoam.turbulenceCorrect [region]
|   |   |-> 2.65e-01 sec 0.1% 0.0% 0.0% 0.0% 0.00e+00 60 neoSimpleFoam.timeStep [region]
|-> 1.38e+01 sec 7.1% 0.0% 0.0% 0.0% 0.00e+00 120 ginkgo.createMtx [region]
|   |-> 6.97e+00 sec 3.6% 0.0% 0.0% 0.0% 0.00e+00 60 neoSimpleFoam.turbulenceCorrect [region]
|   |   |-> 6.97e+00 sec 3.6% 0.0% 0.0% 0.0% 0.00e+00 60 neoSimpleFoam.timeStep [region]
|   |-> 3.61e+00 sec 1.9% 0.0% 0.0% 0.0% 0.00e+00 30 neoSimpleFoam.momentumPredictor [region]
|   |   |-> 3.61e+00 sec 1.9% 0.0% 0.0% 0.0% 0.00e+00 30 neoSimpleFoam.timeStep [region]
|   |-> 3.19e+00 sec 1.7% 0.0% 0.0% 0.0% 0.00e+00 30 neoSimpleFoam.pressureCorrector.pEqn [region]
|       |-> 3.19e+00 sec 1.7% 0.0% 0.0% 0.0% 0.00e+00 30 neoSimpleFoam.pressureCorrector [region]
|           |-> 3.19e+00 sec 1.7% 0.0% 0.0% 0.0% 0.00e+00 30 neoSimpleFoam.timeStep [region]
|-> 1.10e+01 sec 5.7% 0.0% 0.0% 0.0% 0.00e+00 30 neoSimpleFoam.pressureCorrector [region]
|   |-> 1.10e+01 sec 5.7% 0.0% 0.0% 0.0% 0.00e+00 30 neoSimpleFoam.timeStep [region]
|-> 1.01e+01 sec 5.2% 0.0% 0.0% 0.0% 0.00e+00 30 neoSimpleFoam.turbulenceCorrect [region]
|   |-> 1.01e+01 sec 5.2% 0.0% 0.0% 0.0% 0.00e+00 30 neoSimpleFoam.timeStep [region]
|-> 4.90e+00 sec 2.5% 0.0% 0.0% 0.0% 0.00e+00 30 neoSimpleFoam.momentumPredictor [region]
|   |-> 4.90e+00 sec 2.5% 0.0% 0.0% 0.0% 0.00e+00 30 neoSimpleFoam.timeStep [region]
|-> 4.67e+00 sec 2.4% 0.0% 0.0% 0.0% 0.00e+00 30 luw.applyCorr [region]
|   |-> 4.67e+00 sec 2.4% 0.0% 0.0% 0.0% 0.00e+00 30 divlap.deferredCorr [region]
|       |-> 4.67e+00 sec 2.4% 0.0% 0.0% 0.0% 0.00e+00 30 assemble.spatialImplicit [region]
|           |-> 4.67e+00 sec 2.4% 0.0% 0.0% 0.0% 0.00e+00 30 momentum.assemble [region]
|               |-> 4.67e+00 sec 2.4% 0.0% 0.0% 0.0% 0.00e+00 30 neoSimpleFoam.momentumPredictor [region]
|                   |-> 4.67e+00 sec 2.4% 0.0% 0.0% 0.0% 0.00e+00 30 neoSimpleFoam.timeStep [region]
|-> 2.86e+00 sec 1.5% 0.0% 0.0% 0.0% 0.00e+00 30 neoSimpleFoam.write [region]
|   |-> 2.86e+00 sec 1.5% 0.0% 0.0% 0.0% 0.00e+00 30 neoSimpleFoam.timeStep [region]
|-> 2.30e+00 sec 1.2% 0.0% 0.0% 0.0% 0.00e+00 30 momentum.construct [region]
|   |-> 2.30e+00 sec 1.2% 0.0% 0.0% 0.0% 0.00e+00 30 neoSimpleFoam.momentumPredictor [region]
|       |-> 2.30e+00 sec 1.2% 0.0% 0.0% 0.0% 0.00e+00 30 neoSimpleFoam.timeStep [region]
|-> 2.21e+00 sec 1.1% 100.0% 0.0% ------ 272 computeGradInternal [for]
|   |-> 7.31e-01 sec 0.4% 100.0% 0.0% 0.0% 0.00e+00 90 neoSimpleFoam.pressureCorrector [region]
|   |   |-> 7.31e-01 sec 0.4% 100.0% 0.0% 0.0% 0.00e+00 90 neoSimpleFoam.timeStep [region]
|   |-> 7.31e-01 sec 0.4% 100.0% 0.0% 0.0% 0.00e+00 90 assemble.spatialImplicit [region]
|   |   |-> 4.87e-01 sec 0.3% 100.0% 0.0% 0.0% 0.00e+00 60 neoSimpleFoam.turbulenceCorrect [region]
|   |   |   |-> 4.87e-01 sec 0.3% 100.0% 0.0% 0.0% 0.00e+00 60 neoSimpleFoam.timeStep [region]
|   |   |-> 2.43e-01 sec 0.1% 100.0% 0.0% 0.0% 0.00e+00 30 neoSimpleFoam.pressureCorrector.pEqn [region]
|   |       |-> 2.43e-01 sec 0.1% 100.0% 0.0% 0.0% 0.00e+00 30 neoSimpleFoam.pressureCorrector [region]
|   |           |-> 2.43e-01 sec 0.1% 100.0% 0.0% 0.0% 0.00e+00 30 neoSimpleFoam.timeStep [region]
|   |-> 4.87e-01 sec 0.3% 100.0% 0.0% 0.0% 0.00e+00 60 neoSimpleFoam.turbulenceCorrect [region]
|   |   |-> 4.87e-01 sec 0.3% 100.0% 0.0% 0.0% 0.00e+00 60 neoSimpleFoam.timeStep [region]
|   |-> 2.44e-01 sec 0.1% 100.0% 0.0% 0.0% 0.00e+00 30 assemble.explicitSource [region]
|   |   |-> 2.44e-01 sec 0.1% 100.0% 0.0% 0.0% 0.00e+00 30 neoSimpleFoam.momentumPredictor [region]
|   |       |-> 2.44e-01 sec 0.1% 100.0% 0.0% 0.0% 0.00e+00 30 neoSimpleFoam.timeStep [region]
|-> 1.78e+00 sec 0.9% 0.0% 0.0% 0.0% 0.00e+00 30 luw.gradOpCtor [region]
|   |-> 1.78e+00 sec 0.9% 0.0% 0.0% 0.0% 0.00e+00 30 divlap.deferredCorr [region]
|       |-> 1.78e+00 sec 0.9% 0.0% 0.0% 0.0% 0.00e+00 30 assemble.spatialImplicit [region]
|           |-> 1.78e+00 sec 0.9% 0.0% 0.0% 0.0% 0.00e+00 30 momentum.assemble [region]
|               |-> 1.78e+00 sec 0.9% 0.0% 0.0% 0.0% 0.00e+00 30 neoSimpleFoam.momentumPredictor [region]
|                   |-> 1.78e+00 sec 0.9% 0.0% 0.0% 0.0% 0.00e+00 30 neoSimpleFoam.timeStep [region]
|-> 1.20e+00 sec 0.6% 100.0% 0.0% ------ 9369 fill [for]
|   |-> 2.05e-01 sec 0.1% 100.0% 0.0% 0.0% 0.00e+00 601 divlap.nonOrthCorr [region]
|   |   |-> 2.05e-01 sec 0.1% 100.0% 0.0% 0.0% 0.00e+00 601 assemble.spatialImplicit [region]
|   |       |-> 2.05e-01 sec 0.1% 100.0% 0.0% 0.0% 0.00e+00 601 momentum.assemble [region]
|   |           |-> 2.05e-01 sec 0.1% 100.0% 0.0% 0.0% 0.00e+00 601 neoSimpleFoam.momentumPredictor [region]
|   |               |-> 2.05e-01 sec 0.1% 100.0% 0.0% 0.0% 0.00e+00 601 neoSimpleFoam.timeStep [region]
|-> 1.04e+00 sec 0.5% 100.0% 0.0% ------ 91 computeGradTensorInternal [for]
|   |-> 3.42e-01 sec 0.2% 100.0% 0.0% 0.0% 0.00e+00 30 divlap.nonOrthCorr [region]
|   |   |-> 3.42e-01 sec 0.2% 100.0% 0.0% 0.0% 0.00e+00 30 assemble.spatialImplicit [region]
|   |       |-> 3.42e-01 sec 0.2% 100.0% 0.0% 0.0% 0.00e+00 30 momentum.assemble [region]
|   |           |-> 3.42e-01 sec 0.2% 100.0% 0.0% 0.0% 0.00e+00 30 neoSimpleFoam.momentumPredictor [region]
|   |               |-> 3.42e-01 sec 0.2% 100.0% 0.0% 0.0% 0.00e+00 30 neoSimpleFoam.timeStep [region]
|   |-> 3.42e-01 sec 0.2% 100.0% 0.0% 0.0% 0.00e+00 30 neoSimpleFoam.turbulenceCorrect [region]
|   |   |-> 3.42e-01 sec 0.2% 100.0% 0.0% 0.0% 0.00e+00 30 neoSimpleFoam.timeStep [region]
|   |-> 3.42e-01 sec 0.2% 100.0% 0.0% 0.0% 0.00e+00 30 clg.baseGrad [region]
|   |   |-> 3.42e-01 sec 0.2% 100.0% 0.0% 0.0% 0.00e+00 30 luw.gradCompute [region]
|   |       |-> 3.42e-01 sec 0.2% 100.0% 0.0% 0.0% 0.00e+00 30 divlap.deferredCorr [region]
|   |           |-> 3.42e-01 sec 0.2% 100.0% 0.0% 0.0% 0.00e+00 30 assemble.spatialImplicit [region]
|   |               |-> 3.42e-01 sec 0.2% 100.0% 0.0% 0.0% 0.00e+00 30 momentum.assemble [region]
|   |                   |-> 3.42e-01 sec 0.2% 100.0% 0.0% 0.0% 0.00e+00 30 neoSimpleFoam.momentumPredictor [region]
|   |                       |-> 3.42e-01 sec 0.2% 100.0% 0.0% 0.0% 0.00e+00 30 neoSimpleFoam.timeStep [region]
|-> 3.31e-01 sec 0.2% 100.0% 0.0% ------ 120 computeLaplacianImplicitCorrection [for]
|   |-> 2.57e-01 sec 0.1% 100.0% 0.0% 0.0% 0.00e+00 30 divlap.nonOrthCorr [region]
|   |   |-> 2.57e-01 sec 0.1% 100.0% 0.0% 0.0% 0.00e+00 30 assemble.spatialImplicit [region]
|   |       |-> 2.57e-01 sec 0.1% 100.0% 0.0% 0.0% 0.00e+00 30 momentum.assemble [region]
|   |           |-> 2.57e-01 sec 0.1% 100.0% 0.0% 0.0% 0.00e+00 30 neoSimpleFoam.momentumPredictor [region]
|   |               |-> 2.57e-01 sec 0.1% 100.0% 0.0% 0.0% 0.00e+00 30 neoSimpleFoam.timeStep [region]
|-> 2.95e-01 sec 0.2% 100.0% 0.0% ------ 30 addDivCorrectionToRhs [for]
|   |-> 2.95e-01 sec 0.2% 100.0% 0.0% 0.0% 0.00e+00 30 divlap.deferredCorr [region]
|       |-> 2.95e-01 sec 0.2% 100.0% 0.0% 0.0% 0.00e+00 30 assemble.spatialImplicit [region]
|           |-> 2.95e-01 sec 0.2% 100.0% 0.0% 0.0% 0.00e+00 30 momentum.assemble [region]
|               |-> 2.95e-01 sec 0.2% 100.0% 0.0% 0.0% 0.00e+00 30 neoSimpleFoam.momentumPredictor [region]
|                   |-> 2.95e-01 sec 0.2% 100.0% 0.0% 0.0% 0.00e+00 30 neoSimpleFoam.timeStep [region]
|-> 2.56e-01 sec 0.1% 100.0% 0.0% ------ 554 computeLinearInterpolationInternal [for]
|-> 2.48e-01 sec 0.1% 100.0% 0.0% ------ 90 computeLocalGaussGreenDivLaplacianCoefficients [for]
|-> 2.00e-01 sec 0.1% 100.0% 0.0% ------ 2668 parallelFor [for]

KOKKOS HOST SPACE:
===================
MAX MEMORY ALLOCATED: 1290732.5 kB
ALLOCATIONS AT TIME OF HIGH WATER MARK:
  29.9% neoSimpleFoam.timeStep/neoSimpleFoam.momentumPredictor/momentum.assemble/assemble.spatialImplicit/divlap.deferredCorr/luw.gradOpCtor/Vector
  29.9% neoSimpleFoam.timeStep/neoSimpleFoam.momentumPredictor/momentum.assemble/assemble.spatialImplicit/divlap.deferredCorr/luw.gradOpCtor/Vector
  15.5% neoSimpleFoam.timeStep/neoSimpleFoam.momentumPredictor/momentum.assemble/assemble.spatialImplicit/divlap.deferredCorr/luw.gradOpCtor/Vector
  14.9% neoSimpleFoam.timeStep/neoSimpleFoam.momentumPredictor/momentum.assemble/assemble.spatialImplicit/divlap.deferredCorr/luw.gradOpCtor/Vector
  4.9% neoSimpleFoam.timeStep/neoSimpleFoam.momentumPredictor/momentum.assemble/assemble.spatialImplicit/divlap.deferredCorr/luw.gradOpCtor/Vector
  4.9% neoSimpleFoam.timeStep/neoSimpleFoam.momentumPredictor/momentum.assemble/assemble.spatialImplicit/divlap.deferredCorr/luw.gradOpCtor/Vector

KOKKOS CUDA SPACE:
===================
MAX MEMORY ALLOCATED: 0.0 kB
ALLOCATIONS AT TIME OF HIGH WATER MARK:

KOKKOS HIP SPACE:
===================
MAX MEMORY ALLOCATED: 0.0 kB
ALLOCATIONS AT TIME OF HIGH WATER MARK:

KOKKOS SYCL SPACE:
===================
MAX MEMORY ALLOCATED: 0.0 kB
ALLOCATIONS AT TIME OF HIGH WATER MARK:

KOKKOS OpenMPTarget SPACE:
===================
MAX MEMORY ALLOCATED: 0.0 kB
ALLOCATIONS AT TIME OF HIGH WATER MARK:

Host process high water mark memory consumption: 14719248 kB

END KOKKOS PROFILING REPORT.
Finalizing NeoN

BEGIN KOKKOS PROFILING REPORT:
TOTAL TIME: 193.519132789 seconds
TOP-DOWN TIME TREE:
<average time> <percent of total time> <percent time in Kokkos> <percent MPI imbalance> <remainder> <kernels per second> <number of calls> <name> [type]
===================
|-> 1.44e+02 sec 74.6% 20.0% 0.0% 0.0% 3.93e+02 30 neoSimpleFoam.timeStep [region]
|   |-> 1.00e+02 sec 51.9% 10.7% 0.0% 3.5% 2.83e+02 30 neoSimpleFoam.pressureCorrector [region]
|   |   |-> 8.81e+01 sec 45.5% 2.2% 0.0% 50.1% 5.37e+01 30 neoSimpleFoam.pressureCorrector.pEqn [region]
|   |   |   |-> 4.00e+01 sec 20.7% 0.0% 0.0% 100.0% 0.00e+00 30 ginkgo.solverSetup [region]
|   |   |   |-> 1.83e+00 sec 0.9% 0.4% 0.0% 99.6% 1.91e+01 30 ginkgo.createMtx [region]
|   |   |   |-> 1.80e+00 sec 0.9% 87.5% 0.0% 12.5% 1.27e+03 30 assemble.spatialImplicit [region]
|   |   |   |   |-> 5.11e-01 sec 0.3% 100.0% 0.0% ------ 30 computeGradInternal [for]
|   |   |   |   |-> 4.51e-01 sec 0.2% 100.0% 0.0% ------ 1320 computeGradBoundaryRefGrad [for]
|   |   |   |   |-> 2.45e-01 sec 0.1% 100.0% 0.0% ------ 601 fill [for]
|   |   |-> 1.88e+00 sec 1.0% 100.0% 0.0% ------ 8250 extrapolateValue [for]
|   |   |-> 1.40e+00 sec 0.7% 100.0% 0.0% ------ 3660 fill [for]
|   |   |-> 1.38e+00 sec 0.7% 100.0% 0.0% ------ 3960 computeGradBoundaryRefGrad [for]
|   |   |-> 1.23e+00 sec 0.6% 100.0% 0.0% ------ 90 computeGradInternal [for]
|   |   |-> 7.94e-01 sec 0.4% 100.0% 0.0% ------ 2100 parallelFor [for]
|   |   |-> 3.70e-01 sec 0.2% 100.0% 0.0% ------ 1230 setFixedValueVolume [for]
|   |   |-> 3.60e-01 sec 0.2% 100.0% 0.0% ------ 1590 setGradientValue [for]
|   |-> 2.08e+01 sec 10.8% 38.8% 0.0% 23.2% 3.29e+02 30 neoSimpleFoam.momentumPredictor [region]
|   |   |-> 1.07e+01 sec 5.5% 68.6% 0.0% 0.0% 5.84e+02 30 momentum.assemble [region]
|   |   |   |-> 9.45e+00 sec 4.9% 67.1% 0.0% 0.0% 5.53e+02 30 assemble.spatialImplicit [region]
|   |   |   |   |-> 5.98e+00 sec 3.1% 53.4% 0.0% 3.8% 4.77e+02 30 divlap.deferredCorr [region]
|   |   |   |   |   |-> 2.13e+00 sec 1.1% 93.5% 0.0% 0.0% 9.71e+02 30 luw.gradCompute [region]
|   |   |   |   |   |   |-> 1.82e+00 sec 0.9% 92.4% 0.0% 7.6% 9.57e+02 30 clg.baseGrad [region]
|   |   |   |   |   |   |   |-> 6.49e-01 sec 0.3% 100.0% 0.0% ------ 1320 computeGradTensorBoundaryReconstruct [for]
|   |   |   |   |   |   |   |-> 4.78e-01 sec 0.2% 100.0% 0.0% ------ 210 fill [for]
|   |   |   |   |   |   |   |-> 4.09e-01 sec 0.2% 100.0% 0.0% ------ 30 computeGradTensorInternal [for]
|   |   |   |   |   |   |-> 3.14e-01 sec 0.2% 99.6% 0.0% 0.4% 1.05e+03 30 clg.limiter [region]
|   |   |   |   |   |-> 1.79e+00 sec 0.9% 1.1% 0.0% 98.9% 1.67e+00 30 luw.gradOpCtor [region]
|   |   |   |   |   |-> 8.60e-01 sec 0.4% 37.9% 0.0% 62.1% 3.84e+02 30 luw.applyCorr [region]
|   |   |   |   |   |-> 4.64e-01 sec 0.2% 100.0% 0.0% ------ 30 addDivCorrectionToRhs [for]
|   |   |   |   |   |-> 3.85e-01 sec 0.2% 70.2% 0.0% 29.8% 5.46e+02 30 luw.gradAlloc [region]
|   |   |   |   |   |   |-> 2.70e-01 sec 0.1% 100.0% 0.0% ------ 210 fill [for]
|   |   |   |   |-> 3.10e+00 sec 1.6% 89.8% 0.0% 10.2% 7.07e+02 30 divlap.nonOrthCorr [region]
|   |   |   |   |   |-> 7.98e-01 sec 0.4% 100.0% 0.0% ------ 1320 computeGradTensorBoundaryReconstruct [for]
|   |   |   |   |   |-> 7.15e-01 sec 0.4% 100.0% 0.0% ------ 30 computeGradTensorInternal [for]
|   |   |   |   |   |-> 6.28e-01 sec 0.3% 100.0% 0.0% ------ 601 fill [for]
|   |   |   |   |   |-> 3.54e-01 sec 0.2% 100.0% 0.0% ------ 30 computeLaplacianImplicitCorrection [for]
|   |   |   |   |-> 2.34e-01 sec 0.1% 99.8% 0.0% 0.2% 3.85e+02 30 divlap.matrixCoeffs [region]
|   |   |   |-> 1.08e+00 sec 0.6% 76.9% 0.0% 23.1% 7.75e+02 30 assemble.explicitSource [region]
|   |   |   |   |-> 3.08e-01 sec 0.2% 100.0% 0.0% ------ 420 fill [for]
|   |   |-> 2.34e+00 sec 1.2% 1.3% 0.0% 98.7% 1.15e+01 30 momentum.construct [region]
|   |   |-> 1.86e+00 sec 1.0% 0.4% 0.0% 99.6% 1.88e+01 30 ginkgo.createMtx [region]
|   |   |-> 8.37e-01 sec 0.4% 82.8% 0.0% 17.2% 6.09e+02 30 assemble.explicitSource [region]
|   |   |   |-> 3.28e-01 sec 0.2% 100.0% 0.0% ------ 30 computeGradInternal [for]
|   |   |-> 2.51e-01 sec 0.1% 0.0% 0.0% 100.0% 0.00e+00 30 ginkgo.solverSetup [region]
|   |-> 2.01e+01 sec 10.4% 50.0% 0.0% 26.3% 1.06e+03 30 neoSimpleFoam.turbulenceCorrect [region]
|   |   |-> 3.76e+00 sec 1.9% 0.3% 0.0% 99.7% 1.86e+01 60 ginkgo.createMtx [region]
|   |   |-> 3.59e+00 sec 1.9% 85.5% 0.0% 14.5% 1.34e+03 60 assemble.spatialImplicit [region]
|   |   |   |-> 8.05e-01 sec 0.4% 100.0% 0.0% ------ 60 computeGradInternal [for]
|   |   |   |-> 6.64e-01 sec 0.3% 100.0% 0.0% ------ 1202 fill [for]
|   |   |   |-> 4.64e-01 sec 0.2% 100.0% 0.0% ------ 1440 computeGradBoundaryRefGrad [for]
|   |   |   |-> 3.40e-01 sec 0.2% 100.0% 0.0% ------ 1200 computeGradBoundaryFixedValue [for]
|   |   |   |-> 2.84e-01 sec 0.1% 100.0% 0.0% ------ 60 computeLocalGaussGreenDivLaplacianCoefficients [for]
|   |   |-> 7.20e-01 sec 0.4% 100.0% 0.0% ------ 1466 fill [for]
|   |   |-> 6.37e-01 sec 0.3% 100.0% 0.0% ------ 30 computeGradTensorInternal [for]
|   |   |-> 6.22e-01 sec 0.3% 100.0% 0.0% ------ 60 computeGradInternal [for]
|   |   |-> 5.62e-01 sec 0.3% 100.0% 0.0% ------ 1440 computeGradBoundaryRefGrad [for]
|   |   |-> 5.25e-01 sec 0.3% 100.0% 0.0% ------ 1200 computeGradBoundaryFixedValue [for]
|   |   |-> 4.94e-01 sec 0.3% 0.0% 0.0% 100.0% 0.00e+00 60 ginkgo.solverSetup [region]
|   |   |-> 4.69e-01 sec 0.2% 100.0% 0.0% ------ 1530 kOmegaSST::omegaWFGFeedback [for]
|   |   |-> 4.17e-01 sec 0.2% 100.0% 0.0% ------ 1650 extrapolateValue [for]
|   |   |-> 4.06e-01 sec 0.2% 100.0% 0.0% ------ 1320 computeGradTensorBoundaryReconstruct [for]
|   |   |-> 3.68e-01 sec 0.2% 100.0% 0.0% ------ 1530 setNutUSpaldingWallFunction [for]
|   |   |-> 3.50e-01 sec 0.2% 100.0% 0.0% ------ 1590 setGradientValue [for]
|   |   |-> 3.49e-01 sec 0.2% 100.0% 0.0% ------ 1530 setOmegaWallFunction [for]
|   |   |-> 1.95e-01 sec 0.1% 100.0% 0.0% ------ 218 computeLinearInterpolationInternal [for]
|   |-> 2.85e+00 sec 1.5% 0.0% 0.0% 100.0% 0.00e+00 30 neoSimpleFoam.write [region]
|-> 4.55e+01 sec 23.5% 0.7% 0.0% 99.3% 2.32e+01 1 neoSimpleFoam.setup [region]

BOTTOM-UP TIME TREE:
<average time> <percent of total time> <percent time in Kokkos> <percent MPI imbalance> <number of calls> <name> [type]
===================
|-> 4.52e+01 sec 23.3% 0.0% 0.0% 0.0% 0.00e+00 1 neoSimpleFoam.setup [region]
|-> 4.41e+01 sec 22.8% 0.0% 0.0% 0.0% 0.00e+00 30 neoSimpleFoam.pressureCorrector.pEqn [region]
|   |-> 4.41e+01 sec 22.8% 0.0% 0.0% 0.0% 0.00e+00 30 neoSimpleFoam.pressureCorrector [region]
|       |-> 4.41e+01 sec 22.8% 0.0% 0.0% 0.0% 0.00e+00 30 neoSimpleFoam.timeStep [region]
|-> 4.08e+01 sec 21.1% 0.0% 0.0% 0.0% 0.00e+00 120 ginkgo.solverSetup [region]
|   |-> 4.00e+01 sec 20.7% 0.0% 0.0% 0.0% 0.00e+00 30 neoSimpleFoam.pressureCorrector.pEqn [region]
|   |   |-> 4.00e+01 sec 20.7% 0.0% 0.0% 0.0% 0.00e+00 30 neoSimpleFoam.pressureCorrector [region]
|   |       |-> 4.00e+01 sec 20.7% 0.0% 0.0% 0.0% 0.00e+00 30 neoSimpleFoam.timeStep [region]
|   |-> 4.94e-01 sec 0.3% 0.0% 0.0% 0.0% 0.00e+00 60 neoSimpleFoam.turbulenceCorrect [region]
|   |   |-> 4.94e-01 sec 0.3% 0.0% 0.0% 0.0% 0.00e+00 60 neoSimpleFoam.timeStep [region]
|   |-> 2.51e-01 sec 0.1% 0.0% 0.0% 0.0% 0.00e+00 30 neoSimpleFoam.momentumPredictor [region]
|       |-> 2.51e-01 sec 0.1% 0.0% 0.0% 0.0% 0.00e+00 30 neoSimpleFoam.timeStep [region]
|-> 7.43e+00 sec 3.8% 0.0% 0.0% 0.0% 0.00e+00 120 ginkgo.createMtx [region]
|   |-> 3.75e+00 sec 1.9% 0.0% 0.0% 0.0% 0.00e+00 60 neoSimpleFoam.turbulenceCorrect [region]
|   |   |-> 3.75e+00 sec 1.9% 0.0% 0.0% 0.0% 0.00e+00 60 neoSimpleFoam.timeStep [region]
|   |-> 1.86e+00 sec 1.0% 0.0% 0.0% 0.0% 0.00e+00 30 neoSimpleFoam.momentumPredictor [region]
|   |   |-> 1.86e+00 sec 1.0% 0.0% 0.0% 0.0% 0.00e+00 30 neoSimpleFoam.timeStep [region]
|   |-> 1.83e+00 sec 0.9% 0.0% 0.0% 0.0% 0.00e+00 30 neoSimpleFoam.pressureCorrector.pEqn [region]
|       |-> 1.83e+00 sec 0.9% 0.0% 0.0% 0.0% 0.00e+00 30 neoSimpleFoam.pressureCorrector [region]
|           |-> 1.83e+00 sec 0.9% 0.0% 0.0% 0.0% 0.00e+00 30 neoSimpleFoam.timeStep [region]
|-> 5.32e+00 sec 2.8% 100.0% 0.0% ------ 9833 fill [for]
|   |-> 1.40e+00 sec 0.7% 100.0% 0.0% 0.0% 0.00e+00 3660 neoSimpleFoam.pressureCorrector [region]
|   |   |-> 1.40e+00 sec 0.7% 100.0% 0.0% 0.0% 0.00e+00 3660 neoSimpleFoam.timeStep [region]
|   |-> 9.09e-01 sec 0.5% 100.0% 0.0% 0.0% 0.00e+00 1803 assemble.spatialImplicit [region]
|   |   |-> 6.64e-01 sec 0.3% 100.0% 0.0% 0.0% 0.00e+00 1202 neoSimpleFoam.turbulenceCorrect [region]
|   |   |   |-> 6.64e-01 sec 0.3% 100.0% 0.0% 0.0% 0.00e+00 1202 neoSimpleFoam.timeStep [region]
|   |   |-> 2.45e-01 sec 0.1% 100.0% 0.0% 0.0% 0.00e+00 601 neoSimpleFoam.pressureCorrector.pEqn [region]
|   |       |-> 2.45e-01 sec 0.1% 100.0% 0.0% 0.0% 0.00e+00 601 neoSimpleFoam.pressureCorrector [region]
|   |           |-> 2.45e-01 sec 0.1% 100.0% 0.0% 0.0% 0.00e+00 601 neoSimpleFoam.timeStep [region]
|   |-> 7.20e-01 sec 0.4% 100.0% 0.0% 0.0% 0.00e+00 1466 neoSimpleFoam.turbulenceCorrect [region]
|   |   |-> 7.20e-01 sec 0.4% 100.0% 0.0% 0.0% 0.00e+00 1466 neoSimpleFoam.timeStep [region]
|   |-> 6.28e-01 sec 0.3% 100.0% 0.0% 0.0% 0.00e+00 601 divlap.nonOrthCorr [region]
|   |   |-> 6.28e-01 sec 0.3% 100.0% 0.0% 0.0% 0.00e+00 601 assemble.spatialImplicit [region]
|   |       |-> 6.28e-01 sec 0.3% 100.0% 0.0% 0.0% 0.00e+00 601 momentum.assemble [region]
|   |           |-> 6.28e-01 sec 0.3% 100.0% 0.0% 0.0% 0.00e+00 601 neoSimpleFoam.momentumPredictor [region]
|   |               |-> 6.28e-01 sec 0.3% 100.0% 0.0% 0.0% 0.00e+00 601 neoSimpleFoam.timeStep [region]
|   |-> 4.78e-01 sec 0.2% 100.0% 0.0% 0.0% 0.00e+00 210 clg.baseGrad [region]
|   |   |-> 4.78e-01 sec 0.2% 100.0% 0.0% 0.0% 0.00e+00 210 luw.gradCompute [region]
|   |       |-> 4.78e-01 sec 0.2% 100.0% 0.0% 0.0% 0.00e+00 210 divlap.deferredCorr [region]
|   |           |-> 4.78e-01 sec 0.2% 100.0% 0.0% 0.0% 0.00e+00 210 assemble.spatialImplicit [region]
|   |               |-> 4.78e-01 sec 0.2% 100.0% 0.0% 0.0% 0.00e+00 210 momentum.assemble [region]
|   |                   |-> 4.78e-01 sec 0.2% 100.0% 0.0% 0.0% 0.00e+00 210 neoSimpleFoam.momentumPredictor [region]
|   |                       |-> 4.78e-01 sec 0.2% 100.0% 0.0% 0.0% 0.00e+00 210 neoSimpleFoam.timeStep [region]
|   |-> 4.33e-01 sec 0.2% 100.0% 0.0% 0.0% 0.00e+00 780 assemble.explicitSource [region]
|   |   |-> 3.08e-01 sec 0.2% 100.0% 0.0% 0.0% 0.00e+00 420 momentum.assemble [region]
|   |   |   |-> 3.08e-01 sec 0.2% 100.0% 0.0% 0.0% 0.00e+00 420 neoSimpleFoam.momentumPredictor [region]
|   |   |       |-> 3.08e-01 sec 0.2% 100.0% 0.0% 0.0% 0.00e+00 420 neoSimpleFoam.timeStep [region]
|   |-> 2.70e-01 sec 0.1% 100.0% 0.0% 0.0% 0.00e+00 210 luw.gradAlloc [region]
|   |   |-> 2.70e-01 sec 0.1% 100.0% 0.0% 0.0% 0.00e+00 210 divlap.deferredCorr [region]
|   |       |-> 2.70e-01 sec 0.1% 100.0% 0.0% 0.0% 0.00e+00 210 assemble.spatialImplicit [region]
|   |           |-> 2.70e-01 sec 0.1% 100.0% 0.0% 0.0% 0.00e+00 210 momentum.assemble [region]
|   |               |-> 2.70e-01 sec 0.1% 100.0% 0.0% 0.0% 0.00e+00 210 neoSimpleFoam.momentumPredictor [region]
|   |                   |-> 2.70e-01 sec 0.1% 100.0% 0.0% 0.0% 0.00e+00 210 neoSimpleFoam.timeStep [region]
|-> 5.29e+00 sec 2.7% 0.0% 0.0% 0.0% 0.00e+00 30 neoSimpleFoam.turbulenceCorrect [region]
|   |-> 5.29e+00 sec 2.7% 0.0% 0.0% 0.0% 0.00e+00 30 neoSimpleFoam.timeStep [region]
|-> 4.84e+00 sec 2.5% 0.0% 0.0% 0.0% 0.00e+00 30 neoSimpleFoam.momentumPredictor [region]
|   |-> 4.84e+00 sec 2.5% 0.0% 0.0% 0.0% 0.00e+00 30 neoSimpleFoam.timeStep [region]
|-> 3.54e+00 sec 1.8% 0.0% 0.0% 0.0% 0.00e+00 30 neoSimpleFoam.pressureCorrector [region]
|   |-> 3.54e+00 sec 1.8% 0.0% 0.0% 0.0% 0.00e+00 30 neoSimpleFoam.timeStep [region]
|-> 3.52e+00 sec 1.8% 100.0% 0.0% ------ 272 computeGradInternal [for]
|   |-> 1.32e+00 sec 0.7% 100.0% 0.0% 0.0% 0.00e+00 90 assemble.spatialImplicit [region]
|   |   |-> 8.05e-01 sec 0.4% 100.0% 0.0% 0.0% 0.00e+00 60 neoSimpleFoam.turbulenceCorrect [region]
|   |   |   |-> 8.05e-01 sec 0.4% 100.0% 0.0% 0.0% 0.00e+00 60 neoSimpleFoam.timeStep [region]
|   |   |-> 5.11e-01 sec 0.3% 100.0% 0.0% 0.0% 0.00e+00 30 neoSimpleFoam.pressureCorrector.pEqn [region]
|   |       |-> 5.11e-01 sec 0.3% 100.0% 0.0% 0.0% 0.00e+00 30 neoSimpleFoam.pressureCorrector [region]
|   |           |-> 5.11e-01 sec 0.3% 100.0% 0.0% 0.0% 0.00e+00 30 neoSimpleFoam.timeStep [region]
|   |-> 1.23e+00 sec 0.6% 100.0% 0.0% 0.0% 0.00e+00 90 neoSimpleFoam.pressureCorrector [region]
|   |   |-> 1.23e+00 sec 0.6% 100.0% 0.0% 0.0% 0.00e+00 90 neoSimpleFoam.timeStep [region]
|   |-> 6.22e-01 sec 0.3% 100.0% 0.0% 0.0% 0.00e+00 60 neoSimpleFoam.turbulenceCorrect [region]
|   |   |-> 6.22e-01 sec 0.3% 100.0% 0.0% 0.0% 0.00e+00 60 neoSimpleFoam.timeStep [region]
|   |-> 3.28e-01 sec 0.2% 100.0% 0.0% 0.0% 0.00e+00 30 assemble.explicitSource [region]
|   |   |-> 3.28e-01 sec 0.2% 100.0% 0.0% 0.0% 0.00e+00 30 neoSimpleFoam.momentumPredictor [region]
|   |       |-> 3.28e-01 sec 0.2% 100.0% 0.0% 0.0% 0.00e+00 30 neoSimpleFoam.timeStep [region]
|-> 2.88e+00 sec 1.5% 100.0% 0.0% ------ 8208 computeGradBoundaryRefGrad [for]
|   |-> 1.38e+00 sec 0.7% 100.0% 0.0% 0.0% 0.00e+00 3960 neoSimpleFoam.pressureCorrector [region]
|   |   |-> 1.38e+00 sec 0.7% 100.0% 0.0% 0.0% 0.00e+00 3960 neoSimpleFoam.timeStep [region]
|   |-> 9.15e-01 sec 0.5% 100.0% 0.0% 0.0% 0.00e+00 2760 assemble.spatialImplicit [region]
|   |   |-> 4.64e-01 sec 0.2% 100.0% 0.0% 0.0% 0.00e+00 1440 neoSimpleFoam.turbulenceCorrect [region]
|   |   |   |-> 4.64e-01 sec 0.2% 100.0% 0.0% 0.0% 0.00e+00 1440 neoSimpleFoam.timeStep [region]
|   |   |-> 4.51e-01 sec 0.2% 100.0% 0.0% 0.0% 0.00e+00 1320 neoSimpleFoam.pressureCorrector.pEqn [region]
|   |       |-> 4.51e-01 sec 0.2% 100.0% 0.0% 0.0% 0.00e+00 1320 neoSimpleFoam.pressureCorrector [region]
|   |           |-> 4.51e-01 sec 0.2% 100.0% 0.0% 0.0% 0.00e+00 1320 neoSimpleFoam.timeStep [region]
|   |-> 5.62e-01 sec 0.3% 100.0% 0.0% 0.0% 0.00e+00 1440 neoSimpleFoam.turbulenceCorrect [region]
|   |   |-> 5.62e-01 sec 0.3% 100.0% 0.0% 0.0% 0.00e+00 1440 neoSimpleFoam.timeStep [region]
|-> 2.85e+00 sec 1.5% 0.0% 0.0% 0.0% 0.00e+00 30 neoSimpleFoam.write [region]
|   |-> 2.85e+00 sec 1.5% 0.0% 0.0% 0.0% 0.00e+00 30 neoSimpleFoam.timeStep [region]
|-> 2.31e+00 sec 1.2% 0.0% 0.0% 0.0% 0.00e+00 30 momentum.construct [region]
|   |-> 2.31e+00 sec 1.2% 0.0% 0.0% 0.0% 0.00e+00 30 neoSimpleFoam.momentumPredictor [region]
|       |-> 2.31e+00 sec 1.2% 0.0% 0.0% 0.0% 0.00e+00 30 neoSimpleFoam.timeStep [region]
|-> 2.30e+00 sec 1.2% 100.0% 0.0% ------ 9955 extrapolateValue [for]
|   |-> 1.88e+00 sec 1.0% 100.0% 0.0% 0.0% 0.00e+00 8250 neoSimpleFoam.pressureCorrector [region]
|   |   |-> 1.88e+00 sec 1.0% 100.0% 0.0% 0.0% 0.00e+00 8250 neoSimpleFoam.timeStep [region]
|   |-> 4.17e-01 sec 0.2% 100.0% 0.0% 0.0% 0.00e+00 1650 neoSimpleFoam.turbulenceCorrect [region]
|   |   |-> 4.17e-01 sec 0.2% 100.0% 0.0% 0.0% 0.00e+00 1650 neoSimpleFoam.timeStep [region]
|-> 1.87e+00 sec 1.0% 100.0% 0.0% ------ 4004 computeGradTensorBoundaryReconstruct [for]
|   |-> 7.98e-01 sec 0.4% 100.0% 0.0% 0.0% 0.00e+00 1320 divlap.nonOrthCorr [region]
|   |   |-> 7.98e-01 sec 0.4% 100.0% 0.0% 0.0% 0.00e+00 1320 assemble.spatialImplicit [region]
|   |       |-> 7.98e-01 sec 0.4% 100.0% 0.0% 0.0% 0.00e+00 1320 momentum.assemble [region]
|   |           |-> 7.98e-01 sec 0.4% 100.0% 0.0% 0.0% 0.00e+00 1320 neoSimpleFoam.momentumPredictor [region]
|   |               |-> 7.98e-01 sec 0.4% 100.0% 0.0% 0.0% 0.00e+00 1320 neoSimpleFoam.timeStep [region]
|   |-> 6.49e-01 sec 0.3% 100.0% 0.0% 0.0% 0.00e+00 1320 clg.baseGrad [region]
|   |   |-> 6.49e-01 sec 0.3% 100.0% 0.0% 0.0% 0.00e+00 1320 luw.gradCompute [region]
|   |       |-> 6.49e-01 sec 0.3% 100.0% 0.0% 0.0% 0.00e+00 1320 divlap.deferredCorr [region]
|   |           |-> 6.49e-01 sec 0.3% 100.0% 0.0% 0.0% 0.00e+00 1320 assemble.spatialImplicit [region]
|   |               |-> 6.49e-01 sec 0.3% 100.0% 0.0% 0.0% 0.00e+00 1320 momentum.assemble [region]
|   |                   |-> 6.49e-01 sec 0.3% 100.0% 0.0% 0.0% 0.00e+00 1320 neoSimpleFoam.momentumPredictor [region]
|   |                       |-> 6.49e-01 sec 0.3% 100.0% 0.0% 0.0% 0.00e+00 1320 neoSimpleFoam.timeStep [region]
|   |-> 4.06e-01 sec 0.2% 100.0% 0.0% 0.0% 0.00e+00 1320 neoSimpleFoam.turbulenceCorrect [region]
|   |   |-> 4.06e-01 sec 0.2% 100.0% 0.0% 0.0% 0.00e+00 1320 neoSimpleFoam.timeStep [region]
|-> 1.79e+00 sec 0.9% 100.0% 0.0% ------ 91 computeGradTensorInternal [for]
|   |-> 7.15e-01 sec 0.4% 100.0% 0.0% 0.0% 0.00e+00 30 divlap.nonOrthCorr [region]
|   |   |-> 7.15e-01 sec 0.4% 100.0% 0.0% 0.0% 0.00e+00 30 assemble.spatialImplicit [region]
|   |       |-> 7.15e-01 sec 0.4% 100.0% 0.0% 0.0% 0.00e+00 30 momentum.assemble [region]
|   |           |-> 7.15e-01 sec 0.4% 100.0% 0.0% 0.0% 0.00e+00 30 neoSimpleFoam.momentumPredictor [region]
|   |               |-> 7.15e-01 sec 0.4% 100.0% 0.0% 0.0% 0.00e+00 30 neoSimpleFoam.timeStep [region]
|   |-> 6.37e-01 sec 0.3% 100.0% 0.0% 0.0% 0.00e+00 30 neoSimpleFoam.turbulenceCorrect [region]
|   |   |-> 6.37e-01 sec 0.3% 100.0% 0.0% 0.0% 0.00e+00 30 neoSimpleFoam.timeStep [region]
|   |-> 4.09e-01 sec 0.2% 100.0% 0.0% 0.0% 0.00e+00 30 clg.baseGrad [region]
|   |   |-> 4.09e-01 sec 0.2% 100.0% 0.0% 0.0% 0.00e+00 30 luw.gradCompute [region]
|   |       |-> 4.09e-01 sec 0.2% 100.0% 0.0% 0.0% 0.00e+00 30 divlap.deferredCorr [region]
|   |           |-> 4.09e-01 sec 0.2% 100.0% 0.0% 0.0% 0.00e+00 30 assemble.spatialImplicit [region]
|   |               |-> 4.09e-01 sec 0.2% 100.0% 0.0% 0.0% 0.00e+00 30 momentum.assemble [region]
|   |                   |-> 4.09e-01 sec 0.2% 100.0% 0.0% 0.0% 0.00e+00 30 neoSimpleFoam.momentumPredictor [region]
|   |                       |-> 4.09e-01 sec 0.2% 100.0% 0.0% 0.0% 0.00e+00 30 neoSimpleFoam.timeStep [region]
|-> 1.77e+00 sec 0.9% 0.0% 0.0% 0.0% 0.00e+00 30 luw.gradOpCtor [region]
|   |-> 1.77e+00 sec 0.9% 0.0% 0.0% 0.0% 0.00e+00 30 divlap.deferredCorr [region]
|       |-> 1.77e+00 sec 0.9% 0.0% 0.0% 0.0% 0.00e+00 30 assemble.spatialImplicit [region]
|           |-> 1.77e+00 sec 0.9% 0.0% 0.0% 0.0% 0.00e+00 30 momentum.assemble [region]
|               |-> 1.77e+00 sec 0.9% 0.0% 0.0% 0.0% 0.00e+00 30 neoSimpleFoam.momentumPredictor [region]
|                   |-> 1.77e+00 sec 0.9% 0.0% 0.0% 0.0% 0.00e+00 30 neoSimpleFoam.timeStep [region]
|-> 1.28e+00 sec 0.7% 100.0% 0.0% ------ 3102 parallelFor [for]
|   |-> 7.94e-01 sec 0.4% 100.0% 0.0% 0.0% 0.00e+00 2100 neoSimpleFoam.pressureCorrector [region]
|   |   |-> 7.94e-01 sec 0.4% 100.0% 0.0% 0.0% 0.00e+00 2100 neoSimpleFoam.timeStep [region]
|-> 8.77e-01 sec 0.5% 100.0% 0.0% ------ 2440 computeGradBoundaryFixedValue [for]
|   |-> 5.25e-01 sec 0.3% 100.0% 0.0% 0.0% 0.00e+00 1200 neoSimpleFoam.turbulenceCorrect [region]
|   |   |-> 5.25e-01 sec 0.3% 100.0% 0.0% 0.0% 0.00e+00 1200 neoSimpleFoam.timeStep [region]
|   |-> 3.40e-01 sec 0.2% 100.0% 0.0% 0.0% 0.00e+00 1200 assemble.spatialImplicit [region]
|   |   |-> 3.40e-01 sec 0.2% 100.0% 0.0% 0.0% 0.00e+00 1200 neoSimpleFoam.turbulenceCorrect [region]
|   |       |-> 3.40e-01 sec 0.2% 100.0% 0.0% 0.0% 0.00e+00 1200 neoSimpleFoam.timeStep [region]
|-> 8.41e-01 sec 0.4% 100.0% 0.0% ------ 4954 setGradientValue [for]
|   |-> 3.60e-01 sec 0.2% 100.0% 0.0% 0.0% 0.00e+00 1590 neoSimpleFoam.pressureCorrector [region]
|   |   |-> 3.60e-01 sec 0.2% 100.0% 0.0% 0.0% 0.00e+00 1590 neoSimpleFoam.timeStep [region]
|   |-> 3.50e-01 sec 0.2% 100.0% 0.0% 0.0% 0.00e+00 1590 neoSimpleFoam.turbulenceCorrect [region]
|   |   |-> 3.50e-01 sec 0.2% 100.0% 0.0% 0.0% 0.00e+00 1590 neoSimpleFoam.timeStep [region]
|-> 7.47e-01 sec 0.4% 0.0% 0.0% 0.0% 0.00e+00 120 assemble.spatialImplicit [region]
|   |-> 5.22e-01 sec 0.3% 0.0% 0.0% 0.0% 0.00e+00 60 neoSimpleFoam.turbulenceCorrect [region]
|   |   |-> 5.22e-01 sec 0.3% 0.0% 0.0% 0.0% 0.00e+00 60 neoSimpleFoam.timeStep [region]
|   |-> 2.25e-01 sec 0.1% 0.0% 0.0% 0.0% 0.00e+00 30 neoSimpleFoam.pressureCorrector.pEqn [region]
|   |   |-> 2.25e-01 sec 0.1% 0.0% 0.0% 0.0% 0.00e+00 30 neoSimpleFoam.pressureCorrector [region]
|   |       |-> 2.25e-01 sec 0.1% 0.0% 0.0% 0.0% 0.00e+00 30 neoSimpleFoam.timeStep [region]
|-> 5.61e-01 sec 0.3% 100.0% 0.0% ------ 554 computeLinearInterpolationInternal [for]
|   |-> 1.95e-01 sec 0.1% 100.0% 0.0% 0.0% 0.00e+00 218 neoSimpleFoam.turbulenceCorrect [region]
|   |   |-> 1.95e-01 sec 0.1% 100.0% 0.0% 0.0% 0.00e+00 218 neoSimpleFoam.timeStep [region]
|-> 5.34e-01 sec 0.3% 0.0% 0.0% 0.0% 0.00e+00 30 luw.applyCorr [region]
|   |-> 5.34e-01 sec 0.3% 0.0% 0.0% 0.0% 0.00e+00 30 divlap.deferredCorr [region]
|       |-> 5.34e-01 sec 0.3% 0.0% 0.0% 0.0% 0.00e+00 30 assemble.spatialImplicit [region]
|           |-> 5.34e-01 sec 0.3% 0.0% 0.0% 0.0% 0.00e+00 30 momentum.assemble [region]
|               |-> 5.34e-01 sec 0.3% 0.0% 0.0% 0.0% 0.00e+00 30 neoSimpleFoam.momentumPredictor [region]
|                   |-> 5.34e-01 sec 0.3% 0.0% 0.0% 0.0% 0.00e+00 30 neoSimpleFoam.timeStep [region]
|-> 4.69e-01 sec 0.2% 100.0% 0.0% ------ 1530 kOmegaSST::omegaWFGFeedback [for]
|   |-> 4.69e-01 sec 0.2% 100.0% 0.0% 0.0% 0.00e+00 1530 neoSimpleFoam.turbulenceCorrect [region]
|       |-> 4.69e-01 sec 0.2% 100.0% 0.0% 0.0% 0.00e+00 1530 neoSimpleFoam.timeStep [region]
|-> 4.64e-01 sec 0.2% 100.0% 0.0% ------ 30 addDivCorrectionToRhs [for]
|   |-> 4.64e-01 sec 0.2% 100.0% 0.0% 0.0% 0.00e+00 30 divlap.deferredCorr [region]
|       |-> 4.64e-01 sec 0.2% 100.0% 0.0% 0.0% 0.00e+00 30 assemble.spatialImplicit [region]
|           |-> 4.64e-01 sec 0.2% 100.0% 0.0% 0.0% 0.00e+00 30 momentum.assemble [region]
|               |-> 4.64e-01 sec 0.2% 100.0% 0.0% 0.0% 0.00e+00 30 neoSimpleFoam.momentumPredictor [region]
|                   |-> 4.64e-01 sec 0.2% 100.0% 0.0% 0.0% 0.00e+00 30 neoSimpleFoam.timeStep [region]
|-> 4.62e-01 sec 0.2% 100.0% 0.0% ------ 90 computeLocalGaussGreenDivLaplacianCoefficients [for]
|   |-> 2.84e-01 sec 0.1% 100.0% 0.0% 0.0% 0.00e+00 60 assemble.spatialImplicit [region]
|   |   |-> 2.84e-01 sec 0.1% 100.0% 0.0% 0.0% 0.00e+00 60 neoSimpleFoam.turbulenceCorrect [region]
|   |       |-> 2.84e-01 sec 0.1% 100.0% 0.0% 0.0% 0.00e+00 60 neoSimpleFoam.timeStep [region]
|-> 4.29e-01 sec 0.2% 100.0% 0.0% ------ 120 computeLaplacianImplicitCorrection [for]
|   |-> 3.54e-01 sec 0.2% 100.0% 0.0% 0.0% 0.00e+00 30 divlap.nonOrthCorr [region]
|   |   |-> 3.54e-01 sec 0.2% 100.0% 0.0% 0.0% 0.00e+00 30 assemble.spatialImplicit [region]
|   |       |-> 3.54e-01 sec 0.2% 100.0% 0.0% 0.0% 0.00e+00 30 momentum.assemble [region]
|   |           |-> 3.54e-01 sec 0.2% 100.0% 0.0% 0.0% 0.00e+00 30 neoSimpleFoam.momentumPredictor [region]
|   |               |-> 3.54e-01 sec 0.2% 100.0% 0.0% 0.0% 0.00e+00 30 neoSimpleFoam.timeStep [region]
|-> 4.04e-01 sec 0.2% 0.0% 0.0% 0.0% 0.00e+00 150 assemble.explicitSource [region]
|   |-> 2.51e-01 sec 0.1% 0.0% 0.0% 0.0% 0.00e+00 30 momentum.assemble [region]
|   |   |-> 2.51e-01 sec 0.1% 0.0% 0.0% 0.0% 0.00e+00 30 neoSimpleFoam.momentumPredictor [region]
|   |       |-> 2.51e-01 sec 0.1% 0.0% 0.0% 0.0% 0.00e+00 30 neoSimpleFoam.timeStep [region]
|-> 3.91e-01 sec 0.2% 100.0% 0.0% ------ 1445 setFixedValueVolume [for]
|   |-> 3.70e-01 sec 0.2% 100.0% 0.0% 0.0% 0.00e+00 1230 neoSimpleFoam.pressureCorrector [region]
|   |   |-> 3.70e-01 sec 0.2% 100.0% 0.0% 0.0% 0.00e+00 1230 neoSimpleFoam.timeStep [region]
|-> 3.81e-01 sec 0.2% 100.0% 0.0% ------ 554 computeLinearInterpolationBoundary [for]
|-> 3.80e-01 sec 0.2% 100.0% 0.0% ------ 1581 setNutUSpaldingWallFunction [for]
|   |-> 3.68e-01 sec 0.2% 100.0% 0.0% 0.0% 0.00e+00 1530 neoSimpleFoam.turbulenceCorrect [region]
|   |   |-> 3.68e-01 sec 0.2% 100.0% 0.0% 0.0% 0.00e+00 1530 neoSimpleFoam.timeStep [region]
|-> 3.49e-01 sec 0.2% 100.0% 0.0% ------ 1530 setOmegaWallFunction [for]
|   |-> 3.49e-01 sec 0.2% 100.0% 0.0% 0.0% 0.00e+00 1530 neoSimpleFoam.turbulenceCorrect [region]
|       |-> 3.49e-01 sec 0.2% 100.0% 0.0% 0.0% 0.00e+00 1530 neoSimpleFoam.timeStep [region]
|-> 3.32e-01 sec 0.2% 100.0% 0.0% ------ 1302 updateProcBoundaryOwnerValue [for]
|-> 3.15e-01 sec 0.2% 0.0% 0.0% 0.0% 0.00e+00 30 divlap.nonOrthCorr [region]
|   |-> 3.15e-01 sec 0.2% 0.0% 0.0% 0.0% 0.00e+00 30 assemble.spatialImplicit [region]
|       |-> 3.15e-01 sec 0.2% 0.0% 0.0% 0.0% 0.00e+00 30 momentum.assemble [region]
|           |-> 3.15e-01 sec 0.2% 0.0% 0.0% 0.0% 0.00e+00 30 neoSimpleFoam.momentumPredictor [region]
|               |-> 3.15e-01 sec 0.2% 0.0% 0.0% 0.0% 0.00e+00 30 neoSimpleFoam.timeStep [region]
|-> 3.10e-01 sec 0.2% 100.0% 0.0% ------ 554 computeLinearInterpolationProcBoundary [for]
|-> 2.85e-01 sec 0.1% 100.0% 0.0% ------ 272 computeGradBoundary [for]
|-> 2.57e-01 sec 0.1% 100.0% 0.0% ------ 858 setProcBoundaryCoefficients [for]
|-> 2.55e-01 sec 0.1% 100.0% 0.0% ------ 432 setContainer [for]
|-> 2.43e-01 sec 0.1% 100.0% 0.0% ------ 272 computeGradCells [for]
|-> 2.32e-01 sec 0.1% 100.0% 0.0% ------ 91 computeGradTensorCells [for]
|-> 2.29e-01 sec 0.1% 0.0% 0.0% 0.0% 0.00e+00 30 divlap.deferredCorr [region]
|   |-> 2.29e-01 sec 0.1% 0.0% 0.0% 0.0% 0.00e+00 30 assemble.spatialImplicit [region]
|       |-> 2.29e-01 sec 0.1% 0.0% 0.0% 0.0% 0.00e+00 30 momentum.assemble [region]
|           |-> 2.29e-01 sec 0.1% 0.0% 0.0% 0.0% 0.00e+00 30 neoSimpleFoam.momentumPredictor [region]
|               |-> 2.29e-01 sec 0.1% 0.0% 0.0% 0.0% 0.00e+00 30 neoSimpleFoam.timeStep [region]

KOKKOS HOST SPACE:
===================
MAX MEMORY ALLOCATED: 1290469.1 kB
ALLOCATIONS AT TIME OF HIGH WATER MARK:
  29.9% neoSimpleFoam.timeStep/neoSimpleFoam.momentumPredictor/momentum.assemble/assemble.spatialImplicit/divlap.deferredCorr/luw.gradOpCtor/Vector
  29.9% neoSimpleFoam.timeStep/neoSimpleFoam.momentumPredictor/momentum.assemble/assemble.spatialImplicit/divlap.deferredCorr/luw.gradOpCtor/Vector
  15.5% neoSimpleFoam.timeStep/neoSimpleFoam.momentumPredictor/momentum.assemble/assemble.spatialImplicit/divlap.deferredCorr/luw.gradOpCtor/Vector
  14.9% neoSimpleFoam.timeStep/neoSimpleFoam.momentumPredictor/momentum.assemble/assemble.spatialImplicit/divlap.deferredCorr/luw.gradOpCtor/Vector
  4.9% neoSimpleFoam.timeStep/neoSimpleFoam.momentumPredictor/momentum.assemble/assemble.spatialImplicit/divlap.deferredCorr/luw.gradOpCtor/Vector
  4.9% neoSimpleFoam.timeStep/neoSimpleFoam.momentumPredictor/momentum.assemble/assemble.spatialImplicit/divlap.deferredCorr/luw.gradOpCtor/Vector

KOKKOS CUDA SPACE:
===================
MAX MEMORY ALLOCATED: 0.0 kB
ALLOCATIONS AT TIME OF HIGH WATER MARK:

KOKKOS HIP SPACE:
===================
MAX MEMORY ALLOCATED: 0.0 kB
ALLOCATIONS AT TIME OF HIGH WATER MARK:

KOKKOS SYCL SPACE:
===================
MAX MEMORY ALLOCATED: 0.0 kB
ALLOCATIONS AT TIME OF HIGH WATER MARK:

KOKKOS OpenMPTarget SPACE:
===================
MAX MEMORY ALLOCATED: 0.0 kB
ALLOCATIONS AT TIME OF HIGH WATER MARK:

Host process high water mark memory consumption: 14743508 kB

END KOKKOS PROFILING REPORT.
Finalising parallel run
