/*---------------------------------------------------------------------------*\
| =========                 |                                                 |
| \\      /  F ield         | OpenFOAM: The Open Source CFD Toolbox           |
|  \\    /   O peration     | Version:  2506                                  |
|   \\  /    A nd           | Website:  www.openfoam.com                      |
|    \\/     M anipulation  |                                                 |
\*---------------------------------------------------------------------------*/
Build  : b050cd9480-20250814 OPENFOAM=2506 version=v2506
Arch   : "LSB;label=32;scalar=64"
Exec   : /storage/home/greole/code/NeoFOAM/build/profilingnvidia_h200/bin/neoSimpleFoam -parallel
Date   : Jun 28 2026
Time   : 15:55:04
Host   : gpu-nvidia-h200-3.int.coma-cluster.de
PID    : 585603
I/O    : uncollated
Case   : /storage/home/greole/code/NeoFOAM/occDrivAerStaticMesh
nProcs : 4
Hosts  :
(
    (gpu-nvidia-h200-3.int.coma-cluster.de 4)
)
Pstream initialized with:
    node communication : off [type=host] (4 ranks, 1 nodes)
    topology controls  : none
    consensus exchange : 0 (tuning: 0)
    exchange algorithm : 0
    commsType          : nonBlocking
    polling iterations : 0
trapFpe: Floating point exception trapping enabled (FOAM_SIGFPE).
fileModificationChecking : Monitoring run-time modified files using timeStampMaster (fileModificationSkew 5, maxFileModificationPolls 20)
allowSystemOperations : Allowing user-supplied system call operations

// * * * * * * * * * * * * * * * * * * * * * * * * * * * * * * * * * * * * * //
Create time

Initializing NeoN
Creating Executor GPU
Creating NeoFOAM runTime

SIMPLE: no convergence criteria found. Calculations will run for 30 steps.

Reading field p

Reading field U

Reading/calculating face flux field phi

Selecting incompressible transport model Newtonian
NeoFOAM solver config (from fvSolution configFile) for 'config(Cg+Multigrid)':
{
    configFile: <NeoN::TokenList>
    l1ScaledResidual: true
    relTol: 0.010000
    reportName: config(Cg+Multigrid)
    solver: Ginkgo
    tolerance: 0.000000
}
    effective optimize: false
    effective checkFrequency: 1
Mapping OpenFOAM solver settings to NeoN settings.
Currently, it is advisable to specify a configFile
for fine grained Ginkgo solver control

Replacing solver PBiCGStab by solver::Bicgstab
Replacing preconditioner diagonal by preconditioner::Schwarz (Schwarz-wrapped for distributed run)
NeoFOAM solver config (mapped from fvSolution) for 'Schwarz(Jacobi)+Bicgstab':
{
    cacheSolver: true
    criteria: {
        absolute_residual_norm: 0.000000
        initial_residual_norm: 0.100000
        iteration: 1000
    }
    l1ScaledResidual: true
    optimize: true
    preconditioner: {
        local_solver: {
            max_block_size: 1
            type: preconditioner::Jacobi
        }
        type: preconditioner::Schwarz
    }
    reportName: Schwarz(Jacobi)+Bicgstab
    solver: Ginkgo
    type: solver::Bicgstab
}
    effective optimize: true
    effective checkFrequency: 1
Creating phi

[NF][/storage/home/greole/code/NeoFOAM/include/NeoFOAM/auxiliary/readers.hpp::434]: Internal: 49333487, Boundary: 1754396

[NF][/storage/home/greole/code/NeoFOAM/include/NeoFOAM/auxiliary/readers.hpp::434]: Internal: 49320882, Boundary: 1762558

[NF][/storage/home/greole/code/NeoFOAM/include/NeoFOAM/auxiliary/readers.hpp::434]: Internal: 49261542, Boundary: 1427829

[NF][/storage/home/greole/code/NeoFOAM/include/NeoFOAM/auxiliary/readers.hpp::434]: Internal: 49243125, Boundary: 1362247
Selecting patchDistMethod meshWave
Mapping OpenFOAM solver settings to NeoN settings.
Currently, it is advisable to specify a configFile
for fine grained Ginkgo solver control

Replacing solver PBiCGStab by solver::Bicgstab
Replacing preconditioner diagonal by preconditioner::Schwarz (Schwarz-wrapped for distributed run)
NeoFOAM solver config (mapped from fvSolution) for 'Schwarz(Jacobi)+Bicgstab':
{
    cacheSolver: true
    criteria: {
        absolute_residual_norm: 0.000000
        initial_residual_norm: 0.100000
        iteration: 1000
    }
    l1ScaledResidual: true
    optimize: true
    preconditioner: {
        local_solver: {
            max_block_size: 1
            type: preconditioner::Jacobi
        }
        type: preconditioner::Schwarz
    }
    reportName: Schwarz(Jacobi)+Bicgstab
    solver: Ginkgo
    type: solver::Bicgstab
}
    effective optimize: true
    effective checkFrequency: 1
Mapping OpenFOAM solver settings to NeoN settings.
Currently, it is advisable to specify a configFile
for fine grained Ginkgo solver control

Replacing solver PBiCGStab by solver::Bicgstab
Replacing preconditioner diagonal by preconditioner::Schwarz (Schwarz-wrapped for distributed run)
NeoFOAM solver config (mapped from fvSolution) for 'Schwarz(Jacobi)+Bicgstab':
{
    cacheSolver: true
    criteria: {
        absolute_residual_norm: 0.000000
        initial_residual_norm: 0.100000
        iteration: 1000
    }
    l1ScaledResidual: true
    optimize: true
    preconditioner: {
        local_solver: {
            max_block_size: 1
            type: preconditioner::Jacobi
        }
        type: preconditioner::Schwarz
    }
    reportName: Schwarz(Jacobi)+Bicgstab
    solver: Ginkgo
    type: solver::Bicgstab
}
    effective optimize: true
    effective checkFrequency: 1
Starting time loop
Time = 1
[mem] step-start: DEVICE_POOL current=16605 MB  actual(reserved)=38146 MB  highWater=19132 MB
Schwarz(Jacobi)+Bicgstab:  Solving for Ux, Initial residual = 0.001948895596607741, Final residual = 0.00023894144179944428, No Iterations 3, Solve time = 146.749 ms
Schwarz(Jacobi)+Bicgstab:  Solving for Uy, Initial residual = 0.16486889485444556, Final residual = 0.00821141717338584, No Iterations 3, Solve time = 146.749 ms
Schwarz(Jacobi)+Bicgstab:  Solving for Uz, Initial residual = 0.10478399166434318, Final residual = 0.004988129972801335, No Iterations 3, Solve time = 146.749 ms
[mem] after-UEqn: DEVICE_POOL current=19099 MB  actual(reserved)=38146 MB  highWater=24387 MB
config(Cg+Multigrid):  Solving for p, Initial residual = 1, Final residual = 0.00885853107541011, No Iterations 32, Solve time = 4427.853 ms
time step continuity errors : sum local = 5.915839318142377e-05, global = -5.663425764178492e-07, cumulative = -5.663425764178492e-07
[mem] after-pEqn: DEVICE_POOL current=20567 MB  actual(reserved)=38146 MB  highWater=24387 MB
[GinkgoSolver] p-cache: rebuild(generate) solve=1 rebuildInterval=0
Schwarz(Jacobi)+Bicgstab:  Solving for omega, Initial residual = 1, Final residual = 0.030747653390182733, No Iterations 1, Solve time = 34.961 ms
bounding omega, min: -52.86738649001228 max: 46109493.06988644 average: 2443.282768890215
[GinkgoSolver] p-cache: rebuild(generate) solve=1 rebuildInterval=0
Schwarz(Jacobi)+Bicgstab:  Solving for k, Initial residual = 0.9999999999999735, Final residual = 0.04385992348970365, No Iterations 1, Solve time = 34.128 ms
[mem] after-turb: DEVICE_POOL current=22752 MB  actual(reserved)=38146 MB  highWater=24811 MB
ExecutionTime = 57.55 s  ClockTime = 58 s

Time = 2
[mem] step-start: DEVICE_POOL current=22752 MB  actual(reserved)=38146 MB  highWater=24811 MB
Schwarz(Jacobi)+Bicgstab:  Solving for Ux, Initial residual = 0.0012912351634560306, Final residual = 5.9115168826219185e-05, No Iterations 5, Solve time = 183.282 ms
Schwarz(Jacobi)+Bicgstab:  Solving for Uy, Initial residual = 0.06544070757961944, Final residual = 0.0029846590559885326, No Iterations 5, Solve time = 183.282 ms
Schwarz(Jacobi)+Bicgstab:  Solving for Uz, Initial residual = 0.040808732545384065, Final residual = 0.0009080990943556927, No Iterations 5, Solve time = 183.282 ms
[mem] after-UEqn: DEVICE_POOL current=22752 MB  actual(reserved)=38146 MB  highWater=28040 MB
config(Cg+Multigrid):  Solving for p, Initial residual = 0.04014310826837064, Final residual = 0.0003721593768137826, No Iterations 31, Solve time = 4297.168 ms
time step continuity errors : sum local = 3.9622172437611615e-05, global = 1.1743310581176043e-06, cumulative = 6.079884816997551e-07
[mem] after-pEqn: DEVICE_POOL current=22752 MB  actual(reserved)=38146 MB  highWater=28040 MB
[GinkgoSolver] p-cache: reuse(update_matrix_value) solve=2 rebuildInterval=0
Schwarz(Jacobi)+Bicgstab:  Solving for omega, Initial residual = 0.008194294544219511, Final residual = 0.00047798164689939884, No Iterations 1, Solve time = 32.328 ms
bounding omega, min: -1261.5604081429963 max: 45305779.37168804 average: 2705.701570144609
[GinkgoSolver] p-cache: reuse(update_matrix_value) solve=2 rebuildInterval=0
Schwarz(Jacobi)+Bicgstab:  Solving for k, Initial residual = 0.07500361789112496, Final residual = 0.004455112138373877, No Iterations 1, Solve time = 32.755 ms
[mem] after-turb: DEVICE_POOL current=22752 MB  actual(reserved)=38146 MB  highWater=28040 MB
ExecutionTime = 65.42 s  ClockTime = 66 s

Time = 3
[mem] step-start: DEVICE_POOL current=22752 MB  actual(reserved)=38146 MB  highWater=28040 MB
Schwarz(Jacobi)+Bicgstab:  Solving for Ux, Initial residual = 0.000809519483344928, Final residual = 4.772646102553449e-05, No Iterations 6, Solve time = 213.318 ms
Schwarz(Jacobi)+Bicgstab:  Solving for Uy, Initial residual = 0.03252106369061219, Final residual = 0.0006350202019244195, No Iterations 6, Solve time = 213.318 ms
Schwarz(Jacobi)+Bicgstab:  Solving for Uz, Initial residual = 0.018174158965602132, Final residual = 0.00026724221213593826, No Iterations 6, Solve time = 213.318 ms
[mem] after-UEqn: DEVICE_POOL current=22752 MB  actual(reserved)=38146 MB  highWater=28040 MB
config(Cg+Multigrid):  Solving for p, Initial residual = 0.017869308546994235, Final residual = 0.000157185304004516, No Iterations 31, Solve time = 4298.29 ms
time step continuity errors : sum local = 3.059796465893767e-05, global = 1.4222193470077962e-06, cumulative = 2.0302078287075513e-06
[mem] after-pEqn: DEVICE_POOL current=22752 MB  actual(reserved)=38146 MB  highWater=28040 MB
[GinkgoSolver] p-cache: reuse(update_matrix_value) solve=3 rebuildInterval=0
Schwarz(Jacobi)+Bicgstab:  Solving for omega, Initial residual = 0.003520631510191735, Final residual = 0.0002899284497751066, No Iterations 1, Solve time = 32.836 ms
bounding omega, min: -11.965378952211104 max: 45385818.975582674 average: 3322.25138361096
[GinkgoSolver] p-cache: reuse(update_matrix_value) solve=3 rebuildInterval=0
Schwarz(Jacobi)+Bicgstab:  Solving for k, Initial residual = 0.013997274916978856, Final residual = 0.0010053493800931898, No Iterations 1, Solve time = 33.03 ms
[mem] after-turb: DEVICE_POOL current=22752 MB  actual(reserved)=38146 MB  highWater=28040 MB
ExecutionTime = 73.29000000000001 s  ClockTime = 74 s

Time = 4
[mem] step-start: DEVICE_POOL current=22752 MB  actual(reserved)=38146 MB  highWater=28040 MB
Schwarz(Jacobi)+Bicgstab:  Solving for Ux, Initial residual = 0.0005597302314384812, Final residual = 4.706603846684918e-05, No Iterations 4, Solve time = 153.615 ms
Schwarz(Jacobi)+Bicgstab:  Solving for Uy, Initial residual = 0.020244223172181577, Final residual = 0.0026834795929180596, No Iterations 4, Solve time = 153.615 ms
Schwarz(Jacobi)+Bicgstab:  Solving for Uz, Initial residual = 0.010470877898464515, Final residual = 0.0007735323378059317, No Iterations 4, Solve time = 153.615 ms
[mem] after-UEqn: DEVICE_POOL current=22752 MB  actual(reserved)=38146 MB  highWater=28040 MB
config(Cg+Multigrid):  Solving for p, Initial residual = 0.012438372808551272, Final residual = 0.00011094645273565552, No Iterations 35, Solve time = 4836.343 ms
time step continuity errors : sum local = 2.8632352089138826e-05, global = 3.036438440804894e-07, cumulative = 2.3338516727880407e-06
[mem] after-pEqn: DEVICE_POOL current=22752 MB  actual(reserved)=38146 MB  highWater=28040 MB
[GinkgoSolver] p-cache: reuse(update_matrix_value) solve=4 rebuildInterval=0
Schwarz(Jacobi)+Bicgstab:  Solving for omega, Initial residual = 0.0017242388209858144, Final residual = 4.830996235640545e-05, No Iterations 2, Solve time = 47.269 ms
[GinkgoSolver] p-cache: reuse(update_matrix_value) solve=4 rebuildInterval=0
Schwarz(Jacobi)+Bicgstab:  Solving for k, Initial residual = 0.004640989619527504, Final residual = 0.0003933798996439797, No Iterations 1, Solve time = 32.679 ms
[mem] after-turb: DEVICE_POOL current=22752 MB  actual(reserved)=38146 MB  highWater=28040 MB
ExecutionTime = 81.66 s  ClockTime = 83 s

Time = 5
[mem] step-start: DEVICE_POOL current=22752 MB  actual(reserved)=38146 MB  highWater=28040 MB
Schwarz(Jacobi)+Bicgstab:  Solving for Ux, Initial residual = 0.00048333698779891976, Final residual = 3.747363283191773e-05, No Iterations 4, Solve time = 154.28 ms
Schwarz(Jacobi)+Bicgstab:  Solving for Uy, Initial residual = 0.018523166028622584, Final residual = 0.0011830600709725938, No Iterations 4, Solve time = 154.28 ms
Schwarz(Jacobi)+Bicgstab:  Solving for Uz, Initial residual = 0.00830763989589141, Final residual = 0.0007998419050671993, No Iterations 4, Solve time = 154.28 ms
[mem] after-UEqn: DEVICE_POOL current=22752 MB  actual(reserved)=38146 MB  highWater=28040 MB
config(Cg+Multigrid):  Solving for p, Initial residual = 0.010624548900854694, Final residual = 9.179185379665358e-05, No Iterations 33, Solve time = 4546.908 ms
time step continuity errors : sum local = 2.593766751066606e-05, global = 1.0620310498140978e-06, cumulative = 3.3958827226021385e-06
[mem] after-pEqn: DEVICE_POOL current=22752 MB  actual(reserved)=38146 MB  highWater=28040 MB
[GinkgoSolver] p-cache: reuse(update_matrix_value) solve=5 rebuildInterval=0
Schwarz(Jacobi)+Bicgstab:  Solving for omega, Initial residual = 0.0009944154592975121, Final residual = 9.813383706358497e-05, No Iterations 1, Solve time = 32.598 ms
[GinkgoSolver] p-cache: reuse(update_matrix_value) solve=5 rebuildInterval=0
Schwarz(Jacobi)+Bicgstab:  Solving for k, Initial residual = 0.0023565682562827366, Final residual = 0.00022366280326258965, No Iterations 1, Solve time = 32.457 ms
[mem] after-turb: DEVICE_POOL current=22752 MB  actual(reserved)=38146 MB  highWater=28040 MB
ExecutionTime = 89.73999999999999 s  ClockTime = 91 s

Time = 6
[mem] step-start: DEVICE_POOL current=22752 MB  actual(reserved)=38146 MB  highWater=28040 MB
Schwarz(Jacobi)+Bicgstab:  Solving for Ux, Initial residual = 0.00043588700173401406, Final residual = 2.6330164642035838e-05, No Iterations 5, Solve time = 182.526 ms
Schwarz(Jacobi)+Bicgstab:  Solving for Uy, Initial residual = 0.01794329017694895, Final residual = 0.0017065400982697752, No Iterations 5, Solve time = 182.526 ms
Schwarz(Jacobi)+Bicgstab:  Solving for Uz, Initial residual = 0.006728737427931723, Final residual = 0.0005142762808400888, No Iterations 5, Solve time = 182.526 ms
[mem] after-UEqn: DEVICE_POOL current=22752 MB  actual(reserved)=38146 MB  highWater=28040 MB
config(Cg+Multigrid):  Solving for p, Initial residual = 0.011198432988672657, Final residual = 0.00010296887357099372, No Iterations 31, Solve time = 4300.167 ms
time step continuity errors : sum local = 2.8429489205740484e-05, global = 1.5590984450095442e-06, cumulative = 4.954981167611683e-06
[mem] after-pEqn: DEVICE_POOL current=22752 MB  actual(reserved)=38146 MB  highWater=28040 MB
[GinkgoSolver] p-cache: reuse(update_matrix_value) solve=6 rebuildInterval=0
Schwarz(Jacobi)+Bicgstab:  Solving for omega, Initial residual = 0.0006247430380904515, Final residual = 2.43087377149377e-05, No Iterations 2, Solve time = 47.161 ms
[GinkgoSolver] p-cache: reuse(update_matrix_value) solve=6 rebuildInterval=0
Schwarz(Jacobi)+Bicgstab:  Solving for k, Initial residual = 0.0016242811392694994, Final residual = 0.00015489488104106021, No Iterations 1, Solve time = 32.793 ms
[mem] after-turb: DEVICE_POOL current=22752 MB  actual(reserved)=38146 MB  highWater=28040 MB
ExecutionTime = 97.59 s  ClockTime = 99 s

Time = 7
[mem] step-start: DEVICE_POOL current=22752 MB  actual(reserved)=38146 MB  highWater=28040 MB
Schwarz(Jacobi)+Bicgstab:  Solving for Ux, Initial residual = 0.0003754118524400525, Final residual = 2.3454250363931138e-05, No Iterations 5, Solve time = 186.825 ms
Schwarz(Jacobi)+Bicgstab:  Solving for Uy, Initial residual = 0.015223013965932883, Final residual = 0.0012191115180554511, No Iterations 5, Solve time = 186.825 ms
Schwarz(Jacobi)+Bicgstab:  Solving for Uz, Initial residual = 0.005139882031597938, Final residual = 0.0002786375165819208, No Iterations 5, Solve time = 186.825 ms
[mem] after-UEqn: DEVICE_POOL current=22752 MB  actual(reserved)=38146 MB  highWater=28040 MB
config(Cg+Multigrid):  Solving for p, Initial residual = 0.012154524846405506, Final residual = 0.00011703368599085532, No Iterations 28, Solve time = 3899.453 ms
time step continuity errors : sum local = 2.9213543972928923e-05, global = 9.769510819245384e-07, cumulative = 5.931932249536221e-06
[mem] after-pEqn: DEVICE_POOL current=22752 MB  actual(reserved)=38146 MB  highWater=28040 MB
[GinkgoSolver] p-cache: reuse(update_matrix_value) solve=7 rebuildInterval=0
Schwarz(Jacobi)+Bicgstab:  Solving for omega, Initial residual = 0.0004898463086379203, Final residual = 1.5230491326911076e-05, No Iterations 2, Solve time = 47.318 ms
[GinkgoSolver] p-cache: reuse(update_matrix_value) solve=7 rebuildInterval=0
Schwarz(Jacobi)+Bicgstab:  Solving for k, Initial residual = 0.001159678559915979, Final residual = 2.410925011477824e-05, No Iterations 3, Solve time = 62.443 ms
[mem] after-turb: DEVICE_POOL current=22752 MB  actual(reserved)=38146 MB  highWater=28040 MB
ExecutionTime = 105.07 s  ClockTime = 106 s

Time = 8
[mem] step-start: DEVICE_POOL current=22752 MB  actual(reserved)=38146 MB  highWater=28040 MB
Schwarz(Jacobi)+Bicgstab:  Solving for Ux, Initial residual = 0.0003153876670762192, Final residual = 2.5015369016138833e-05, No Iterations 5, Solve time = 183.589 ms
Schwarz(Jacobi)+Bicgstab:  Solving for Uy, Initial residual = 0.011364019232809766, Final residual = 0.00028125431494614933, No Iterations 5, Solve time = 183.589 ms
Schwarz(Jacobi)+Bicgstab:  Solving for Uz, Initial residual = 0.0036187046428705814, Final residual = 0.00019741888087733726, No Iterations 5, Solve time = 183.589 ms
[mem] after-UEqn: DEVICE_POOL current=22752 MB  actual(reserved)=38146 MB  highWater=28040 MB
config(Cg+Multigrid):  Solving for p, Initial residual = 0.013073298906300063, Final residual = 0.00012283540027476755, No Iterations 24, Solve time = 3344.254 ms
time step continuity errors : sum local = 2.667451444413229e-05, global = 1.0576042405498232e-06, cumulative = 6.989536490086045e-06
[mem] after-pEqn: DEVICE_POOL current=22752 MB  actual(reserved)=38146 MB  highWater=28040 MB
[GinkgoSolver] p-cache: reuse(update_matrix_value) solve=8 rebuildInterval=0
Schwarz(Jacobi)+Bicgstab:  Solving for omega, Initial residual = 0.0003596312092907946, Final residual = 1.2435840809525691e-05, No Iterations 2, Solve time = 47.425 ms
[GinkgoSolver] p-cache: reuse(update_matrix_value) solve=8 rebuildInterval=0
Schwarz(Jacobi)+Bicgstab:  Solving for k, Initial residual = 0.0008654561008770655, Final residual = 5.243866349016157e-05, No Iterations 2, Solve time = 47.249 ms
[mem] after-turb: DEVICE_POOL current=22752 MB  actual(reserved)=38146 MB  highWater=28040 MB
ExecutionTime = 111.99 s  ClockTime = 113 s

Time = 9
[mem] step-start: DEVICE_POOL current=22752 MB  actual(reserved)=38146 MB  highWater=28040 MB
Schwarz(Jacobi)+Bicgstab:  Solving for Ux, Initial residual = 0.00027290251537217196, Final residual = 7.3002217954589965e-06, No Iterations 5, Solve time = 183.545 ms
Schwarz(Jacobi)+Bicgstab:  Solving for Uy, Initial residual = 0.00919755616053302, Final residual = 0.0004376994112581397, No Iterations 5, Solve time = 183.545 ms
Schwarz(Jacobi)+Bicgstab:  Solving for Uz, Initial residual = 0.0026365399751213455, Final residual = 0.00015499789206687464, No Iterations 5, Solve time = 183.545 ms
[mem] after-UEqn: DEVICE_POOL current=22752 MB  actual(reserved)=38146 MB  highWater=28040 MB
config(Cg+Multigrid):  Solving for p, Initial residual = 0.01384610441512964, Final residual = 0.00013710789269350926, No Iterations 26, Solve time = 3624.065 ms
time step continuity errors : sum local = 2.575439987250585e-05, global = 4.1176398840687e-07, cumulative = 7.401300478492915e-06
[mem] after-pEqn: DEVICE_POOL current=22752 MB  actual(reserved)=38146 MB  highWater=28040 MB
[GinkgoSolver] p-cache: reuse(update_matrix_value) solve=9 rebuildInterval=0
Schwarz(Jacobi)+Bicgstab:  Solving for omega, Initial residual = 0.00027806570253697714, Final residual = 1.0632689629937638e-05, No Iterations 2, Solve time = 47.745 ms
[GinkgoSolver] p-cache: reuse(update_matrix_value) solve=9 rebuildInterval=0
Schwarz(Jacobi)+Bicgstab:  Solving for k, Initial residual = 0.0006654438769990112, Final residual = 3.8846116926949894e-05, No Iterations 2, Solve time = 47.888 ms
[mem] after-turb: DEVICE_POOL current=22752 MB  actual(reserved)=38146 MB  highWater=28040 MB
ExecutionTime = 119.2 s  ClockTime = 120 s

Time = 10
[mem] step-start: DEVICE_POOL current=22752 MB  actual(reserved)=38146 MB  highWater=28040 MB
Schwarz(Jacobi)+Bicgstab:  Solving for Ux, Initial residual = 0.0002521158712300442, Final residual = 3.208028447726796e-06, No Iterations 6, Solve time = 212.997 ms
Schwarz(Jacobi)+Bicgstab:  Solving for Uy, Initial residual = 0.010086793610398522, Final residual = 0.00040607720534462886, No Iterations 6, Solve time = 212.997 ms
Schwarz(Jacobi)+Bicgstab:  Solving for Uz, Initial residual = 0.002499098194533777, Final residual = 4.16881420579626e-05, No Iterations 6, Solve time = 212.997 ms
[mem] after-UEqn: DEVICE_POOL current=22752 MB  actual(reserved)=38146 MB  highWater=28040 MB
config(Cg+Multigrid):  Solving for p, Initial residual = 0.01402721826619362, Final residual = 0.00013997081528027336, No Iterations 29, Solve time = 4018.044 ms
time step continuity errors : sum local = 2.404432055846669e-05, global = -2.148528039931644e-06, cumulative = 5.252772438561271e-06
[mem] after-pEqn: DEVICE_POOL current=22752 MB  actual(reserved)=38146 MB  highWater=28040 MB
[GinkgoSolver] p-cache: reuse(update_matrix_value) solve=10 rebuildInterval=0
Schwarz(Jacobi)+Bicgstab:  Solving for omega, Initial residual = 0.00022456402202973547, Final residual = 9.224142553828219e-06, No Iterations 2, Solve time = 47.293 ms
[GinkgoSolver] p-cache: reuse(update_matrix_value) solve=10 rebuildInterval=0
Schwarz(Jacobi)+Bicgstab:  Solving for k, Initial residual = 0.0005268112128234992, Final residual = 3.2752051132683266e-05, No Iterations 2, Solve time = 47.489 ms
[mem] after-turb: DEVICE_POOL current=22752 MB  actual(reserved)=38146 MB  highWater=28040 MB
ExecutionTime = 126.82 s  ClockTime = 128 s

Time = 11
[mem] step-start: DEVICE_POOL current=22752 MB  actual(reserved)=38146 MB  highWater=28040 MB
Schwarz(Jacobi)+Bicgstab:  Solving for Ux, Initial residual = 0.00024163714121003575, Final residual = 1.0864389381149561e-05, No Iterations 5, Solve time = 183.855 ms
Schwarz(Jacobi)+Bicgstab:  Solving for Uy, Initial residual = 0.011093653713500065, Final residual = 0.00032344356583775873, No Iterations 5, Solve time = 183.855 ms
Schwarz(Jacobi)+Bicgstab:  Solving for Uz, Initial residual = 0.002552278188036713, Final residual = 7.281741885486094e-05, No Iterations 5, Solve time = 183.855 ms
[mem] after-UEqn: DEVICE_POOL current=22752 MB  actual(reserved)=38146 MB  highWater=28040 MB
config(Cg+Multigrid):  Solving for p, Initial residual = 0.01356008454180151, Final residual = 0.00012653556814864496, No Iterations 30, Solve time = 4146.779 ms
time step continuity errors : sum local = 2.2378479810745434e-05, global = -1.974666879650304e-06, cumulative = 3.278105558910967e-06
[mem] after-pEqn: DEVICE_POOL current=22752 MB  actual(reserved)=38146 MB  highWater=28040 MB
[GinkgoSolver] p-cache: reuse(update_matrix_value) solve=11 rebuildInterval=0
Schwarz(Jacobi)+Bicgstab:  Solving for omega, Initial residual = 0.00018510159609427584, Final residual = 8.098614751357602e-06, No Iterations 2, Solve time = 47.69 ms
[GinkgoSolver] p-cache: reuse(update_matrix_value) solve=11 rebuildInterval=0
Schwarz(Jacobi)+Bicgstab:  Solving for k, Initial residual = 0.0004395158201339532, Final residual = 2.8284266173480872e-05, No Iterations 2, Solve time = 47.837 ms
[mem] after-turb: DEVICE_POOL current=22752 MB  actual(reserved)=38146 MB  highWater=28040 MB
ExecutionTime = 134.54 s  ClockTime = 136 s

Time = 12
[mem] step-start: DEVICE_POOL current=22752 MB  actual(reserved)=38146 MB  highWater=28040 MB
Schwarz(Jacobi)+Bicgstab:  Solving for Ux, Initial residual = 0.00022968849826079726, Final residual = 1.4672871777877307e-05, No Iterations 4, Solve time = 157.157 ms
Schwarz(Jacobi)+Bicgstab:  Solving for Uy, Initial residual = 0.01103510810837512, Final residual = 0.0008051011875289036, No Iterations 4, Solve time = 157.157 ms
Schwarz(Jacobi)+Bicgstab:  Solving for Uz, Initial residual = 0.0024819054215805846, Final residual = 0.00012110238445255655, No Iterations 4, Solve time = 157.157 ms
[mem] after-UEqn: DEVICE_POOL current=22752 MB  actual(reserved)=38146 MB  highWater=28040 MB
config(Cg+Multigrid):  Solving for p, Initial residual = 0.012286003999192855, Final residual = 0.00011822937583816934, No Iterations 28, Solve time = 3882.493 ms
time step continuity errors : sum local = 2.3275831616800224e-05, global = -1.68528812877549e-06, cumulative = 1.5928174301354771e-06
[mem] after-pEqn: DEVICE_POOL current=22752 MB  actual(reserved)=38146 MB  highWater=28040 MB
[GinkgoSolver] p-cache: reuse(update_matrix_value) solve=12 rebuildInterval=0
Schwarz(Jacobi)+Bicgstab:  Solving for omega, Initial residual = 0.00015606774286271074, Final residual = 7.141506233736895e-06, No Iterations 2, Solve time = 47.083 ms
[GinkgoSolver] p-cache: reuse(update_matrix_value) solve=12 rebuildInterval=0
Schwarz(Jacobi)+Bicgstab:  Solving for k, Initial residual = 0.00038762363786360154, Final residual = 2.572549531488241e-05, No Iterations 2, Solve time = 46.797 ms
[mem] after-turb: DEVICE_POOL current=22752 MB  actual(reserved)=38146 MB  highWater=28040 MB
ExecutionTime = 142 s  ClockTime = 143 s

Time = 13
[mem] step-start: DEVICE_POOL current=22752 MB  actual(reserved)=38146 MB  highWater=28040 MB
Schwarz(Jacobi)+Bicgstab:  Solving for Ux, Initial residual = 0.0002166744887467397, Final residual = 9.427508403999724e-06, No Iterations 4, Solve time = 153.896 ms
Schwarz(Jacobi)+Bicgstab:  Solving for Uy, Initial residual = 0.010261385296963502, Final residual = 0.0005834478700256116, No Iterations 4, Solve time = 153.896 ms
Schwarz(Jacobi)+Bicgstab:  Solving for Uz, Initial residual = 0.00229390426769456, Final residual = 0.00010883171536938583, No Iterations 4, Solve time = 153.896 ms
[mem] after-UEqn: DEVICE_POOL current=22752 MB  actual(reserved)=38146 MB  highWater=28040 MB
config(Cg+Multigrid):  Solving for p, Initial residual = 0.0106531070532569, Final residual = 0.00010528839242963367, No Iterations 26, Solve time = 3627.119 ms
time step continuity errors : sum local = 2.3505191198990217e-05, global = 2.1848291266553488e-08, cumulative = 1.6146657214020307e-06
[mem] after-pEqn: DEVICE_POOL current=22752 MB  actual(reserved)=38146 MB  highWater=28040 MB
[GinkgoSolver] p-cache: reuse(update_matrix_value) solve=13 rebuildInterval=0
Schwarz(Jacobi)+Bicgstab:  Solving for omega, Initial residual = 0.00013496184385635056, Final residual = 6.422875474608474e-06, No Iterations 2, Solve time = 47.018 ms
[GinkgoSolver] p-cache: reuse(update_matrix_value) solve=13 rebuildInterval=0
Schwarz(Jacobi)+Bicgstab:  Solving for k, Initial residual = 0.000367736762512137, Final residual = 2.58792309170011e-05, No Iterations 2, Solve time = 47.209 ms
[mem] after-turb: DEVICE_POOL current=22752 MB  actual(reserved)=38146 MB  highWater=28040 MB
ExecutionTime = 149.14 s  ClockTime = 150 s

Time = 14
[mem] step-start: DEVICE_POOL current=22752 MB  actual(reserved)=38146 MB  highWater=28040 MB
Schwarz(Jacobi)+Bicgstab:  Solving for Ux, Initial residual = 0.0002054311536523925, Final residual = 1.2912714263461381e-05, No Iterations 4, Solve time = 153.701 ms
Schwarz(Jacobi)+Bicgstab:  Solving for Uy, Initial residual = 0.009266667242656394, Final residual = 0.0012565029387373815, No Iterations 4, Solve time = 153.701 ms
Schwarz(Jacobi)+Bicgstab:  Solving for Uz, Initial residual = 0.0020900353387864994, Final residual = 0.00023453908074191077, No Iterations 4, Solve time = 153.701 ms
[mem] after-UEqn: DEVICE_POOL current=22752 MB  actual(reserved)=38146 MB  highWater=28040 MB
config(Cg+Multigrid):  Solving for p, Initial residual = 0.009184672286344273, Final residual = 9.167656504539804e-05, No Iterations 25, Solve time = 3488.879 ms
time step continuity errors : sum local = 2.2940343583052367e-05, global = 5.106404134866786e-07, cumulative = 2.1253061348887093e-06
[mem] after-pEqn: DEVICE_POOL current=22752 MB  actual(reserved)=38146 MB  highWater=28040 MB
[GinkgoSolver] p-cache: reuse(update_matrix_value) solve=14 rebuildInterval=0
Schwarz(Jacobi)+Bicgstab:  Solving for omega, Initial residual = 0.00012045238259960001, Final residual = 5.875868782368455e-06, No Iterations 2, Solve time = 48.665 ms
[GinkgoSolver] p-cache: reuse(update_matrix_value) solve=14 rebuildInterval=0
Schwarz(Jacobi)+Bicgstab:  Solving for k, Initial residual = 0.0003602181180830149, Final residual = 2.9063585588641318e-05, No Iterations 2, Solve time = 48.229 ms
[mem] after-turb: DEVICE_POOL current=22752 MB  actual(reserved)=38146 MB  highWater=28040 MB
ExecutionTime = 156.19 s  ClockTime = 157 s

Time = 15
[mem] step-start: DEVICE_POOL current=22752 MB  actual(reserved)=38146 MB  highWater=28040 MB
Schwarz(Jacobi)+Bicgstab:  Solving for Ux, Initial residual = 0.00019753683962548118, Final residual = 1.544461431287065e-05, No Iterations 4, Solve time = 154.164 ms
Schwarz(Jacobi)+Bicgstab:  Solving for Uy, Initial residual = 0.008548035897179545, Final residual = 0.0005096195620431884, No Iterations 4, Solve time = 154.164 ms
Schwarz(Jacobi)+Bicgstab:  Solving for Uz, Initial residual = 0.0019418756561501473, Final residual = 0.0001040847631608159, No Iterations 4, Solve time = 154.164 ms
[mem] after-UEqn: DEVICE_POOL current=22752 MB  actual(reserved)=38146 MB  highWater=28040 MB
config(Cg+Multigrid):  Solving for p, Initial residual = 0.008178295518214106, Final residual = 7.908255043652322e-05, No Iterations 22, Solve time = 3088.658 ms
time step continuity errors : sum local = 2.1517433296213048e-05, global = 7.342095921492646e-08, cumulative = 2.198727094103636e-06
[mem] after-pEqn: DEVICE_POOL current=22752 MB  actual(reserved)=38146 MB  highWater=28040 MB
[GinkgoSolver] p-cache: reuse(update_matrix_value) solve=15 rebuildInterval=0
Schwarz(Jacobi)+Bicgstab:  Solving for omega, Initial residual = 0.0001097508306448924, Final residual = 5.422371403732107e-06, No Iterations 2, Solve time = 47.569 ms
[GinkgoSolver] p-cache: reuse(update_matrix_value) solve=15 rebuildInterval=0
Schwarz(Jacobi)+Bicgstab:  Solving for k, Initial residual = 0.00035465699830171225, Final residual = 9.492208116243133e-06, No Iterations 3, Solve time = 61.449 ms
[mem] after-turb: DEVICE_POOL current=22752 MB  actual(reserved)=38146 MB  highWater=28040 MB
ExecutionTime = 162.82 s  ClockTime = 164 s

Time = 16
[mem] step-start: DEVICE_POOL current=22752 MB  actual(reserved)=38146 MB  highWater=28040 MB
Schwarz(Jacobi)+Bicgstab:  Solving for Ux, Initial residual = 0.00018969949273228243, Final residual = 7.902071612501314e-06, No Iterations 4, Solve time = 154.213 ms
Schwarz(Jacobi)+Bicgstab:  Solving for Uy, Initial residual = 0.008148377807063917, Final residual = 0.00042639161047727336, No Iterations 4, Solve time = 154.213 ms
Schwarz(Jacobi)+Bicgstab:  Solving for Uz, Initial residual = 0.0018817219938523195, Final residual = 0.00018129607108710255, No Iterations 4, Solve time = 154.213 ms
[mem] after-UEqn: DEVICE_POOL current=22752 MB  actual(reserved)=38146 MB  highWater=28040 MB
config(Cg+Multigrid):  Solving for p, Initial residual = 0.007625362789255534, Final residual = 7.497119226838914e-05, No Iterations 20, Solve time = 2825.323 ms
time step continuity errors : sum local = 2.141131464377214e-05, global = -4.081804372642305e-07, cumulative = 1.7905466568394053e-06
[mem] after-pEqn: DEVICE_POOL current=22752 MB  actual(reserved)=38146 MB  highWater=28040 MB
[GinkgoSolver] p-cache: reuse(update_matrix_value) solve=16 rebuildInterval=0
Schwarz(Jacobi)+Bicgstab:  Solving for omega, Initial residual = 0.00010126546787134465, Final residual = 5.119013898782025e-06, No Iterations 2, Solve time = 47.432 ms
[GinkgoSolver] p-cache: reuse(update_matrix_value) solve=16 rebuildInterval=0
Schwarz(Jacobi)+Bicgstab:  Solving for k, Initial residual = 0.00035203172173513405, Final residual = 2.7404426974588644e-05, No Iterations 2, Solve time = 46.532 ms
[mem] after-turb: DEVICE_POOL current=22752 MB  actual(reserved)=38146 MB  highWater=28040 MB
ExecutionTime = 169.18 s  ClockTime = 170 s

Time = 17
[mem] step-start: DEVICE_POOL current=22752 MB  actual(reserved)=38146 MB  highWater=28040 MB
Schwarz(Jacobi)+Bicgstab:  Solving for Ux, Initial residual = 0.00018284171718685883, Final residual = 6.854206352288606e-06, No Iterations 4, Solve time = 154.232 ms
Schwarz(Jacobi)+Bicgstab:  Solving for Uy, Initial residual = 0.007893742565219578, Final residual = 0.0006051323420007907, No Iterations 4, Solve time = 154.232 ms
Schwarz(Jacobi)+Bicgstab:  Solving for Uz, Initial residual = 0.001811568288524435, Final residual = 9.29403275623148e-05, No Iterations 4, Solve time = 154.232 ms
[mem] after-UEqn: DEVICE_POOL current=22752 MB  actual(reserved)=38146 MB  highWater=28040 MB
config(Cg+Multigrid):  Solving for p, Initial residual = 0.0072489967933437125, Final residual = 6.740921669912347e-05, No Iterations 20, Solve time = 2821.29 ms
time step continuity errors : sum local = 1.9827452198867705e-05, global = -3.5304330733098556e-07, cumulative = 1.4375033495084196e-06
[mem] after-pEqn: DEVICE_POOL current=22752 MB  actual(reserved)=38146 MB  highWater=28040 MB
[GinkgoSolver] p-cache: reuse(update_matrix_value) solve=17 rebuildInterval=0
Schwarz(Jacobi)+Bicgstab:  Solving for omega, Initial residual = 9.430170897062397e-05, Final residual = 4.805113729235244e-06, No Iterations 2, Solve time = 47.212 ms
[GinkgoSolver] p-cache: reuse(update_matrix_value) solve=17 rebuildInterval=0
Schwarz(Jacobi)+Bicgstab:  Solving for k, Initial residual = 0.0003501877290115478, Final residual = 8.387250856431122e-06, No Iterations 3, Solve time = 61.815 ms
[mem] after-turb: DEVICE_POOL current=22752 MB  actual(reserved)=38146 MB  highWater=28040 MB
ExecutionTime = 175.56 s  ClockTime = 177 s

Time = 18
[mem] step-start: DEVICE_POOL current=22752 MB  actual(reserved)=38146 MB  highWater=28040 MB
Schwarz(Jacobi)+Bicgstab:  Solving for Ux, Initial residual = 0.0001753344046931157, Final residual = 6.645280568616115e-06, No Iterations 4, Solve time = 155.933 ms
Schwarz(Jacobi)+Bicgstab:  Solving for Uy, Initial residual = 0.007609210984665047, Final residual = 0.0003182041292977149, No Iterations 4, Solve time = 155.933 ms
Schwarz(Jacobi)+Bicgstab:  Solving for Uz, Initial residual = 0.0017401430087409483, Final residual = 7.27785691273495e-05, No Iterations 4, Solve time = 155.933 ms
[mem] after-UEqn: DEVICE_POOL current=22752 MB  actual(reserved)=38146 MB  highWater=28040 MB
config(Cg+Multigrid):  Solving for p, Initial residual = 0.006978686859733125, Final residual = 6.945437817990549e-05, No Iterations 20, Solve time = 2836.716 ms
time step continuity errors : sum local = 2.0821463836898716e-05, global = 2.53076658136037e-07, cumulative = 1.6905800076444567e-06
[mem] after-pEqn: DEVICE_POOL current=22752 MB  actual(reserved)=38146 MB  highWater=28040 MB
[GinkgoSolver] p-cache: reuse(update_matrix_value) solve=18 rebuildInterval=0
Schwarz(Jacobi)+Bicgstab:  Solving for omega, Initial residual = 8.819220417841442e-05, Final residual = 4.598463857815688e-06, No Iterations 2, Solve time = 47.997 ms
[GinkgoSolver] p-cache: reuse(update_matrix_value) solve=18 rebuildInterval=0
Schwarz(Jacobi)+Bicgstab:  Solving for k, Initial residual = 0.00035020037783323524, Final residual = 3.2083946557362837e-05, No Iterations 2, Solve time = 48.095 ms
[mem] after-turb: DEVICE_POOL current=22752 MB  actual(reserved)=38146 MB  highWater=28040 MB
ExecutionTime = 181.95 s  ClockTime = 183 s

Time = 19
[mem] step-start: DEVICE_POOL current=22752 MB  actual(reserved)=38146 MB  highWater=28040 MB
Schwarz(Jacobi)+Bicgstab:  Solving for Ux, Initial residual = 0.00016819625177964058, Final residual = 1.4571201391975086e-05, No Iterations 3, Solve time = 126.307 ms
Schwarz(Jacobi)+Bicgstab:  Solving for Uy, Initial residual = 0.00738121631653685, Final residual = 0.0006449662876859073, No Iterations 3, Solve time = 126.307 ms
Schwarz(Jacobi)+Bicgstab:  Solving for Uz, Initial residual = 0.0017000919035742663, Final residual = 0.0001615127297300168, No Iterations 3, Solve time = 126.307 ms
[mem] after-UEqn: DEVICE_POOL current=22752 MB  actual(reserved)=38146 MB  highWater=28040 MB
config(Cg+Multigrid):  Solving for p, Initial residual = 0.006747933722632622, Final residual = 5.957724598159872e-05, No Iterations 21, Solve time = 2957.827 ms
time step continuity errors : sum local = 1.8097273930492e-05, global = 8.092782379082892e-07, cumulative = 2.4998582455527458e-06
[mem] after-pEqn: DEVICE_POOL current=22752 MB  actual(reserved)=38146 MB  highWater=28040 MB
[GinkgoSolver] p-cache: reuse(update_matrix_value) solve=19 rebuildInterval=0
Schwarz(Jacobi)+Bicgstab:  Solving for omega, Initial residual = 8.320778351811424e-05, Final residual = 4.40398029968537e-06, No Iterations 2, Solve time = 47.4 ms
[GinkgoSolver] p-cache: reuse(update_matrix_value) solve=19 rebuildInterval=0
Schwarz(Jacobi)+Bicgstab:  Solving for k, Initial residual = 0.000350593237227909, Final residual = 8.624550857494841e-06, No Iterations 3, Solve time = 60.926 ms
[mem] after-turb: DEVICE_POOL current=22752 MB  actual(reserved)=38146 MB  highWater=28040 MB
ExecutionTime = 188.44 s  ClockTime = 190 s

Time = 20
[mem] step-start: DEVICE_POOL current=22752 MB  actual(reserved)=38146 MB  highWater=28040 MB
Schwarz(Jacobi)+Bicgstab:  Solving for Ux, Initial residual = 0.0001630441373580446, Final residual = 6.512822957096938e-06, No Iterations 4, Solve time = 154.327 ms
Schwarz(Jacobi)+Bicgstab:  Solving for Uy, Initial residual = 0.007281379066821131, Final residual = 0.0004282003290773019, No Iterations 4, Solve time = 154.327 ms
Schwarz(Jacobi)+Bicgstab:  Solving for Uz, Initial residual = 0.001702217189402688, Final residual = 0.0001794623698010292, No Iterations 4, Solve time = 154.327 ms
[mem] after-UEqn: DEVICE_POOL current=22752 MB  actual(reserved)=38146 MB  highWater=28040 MB
config(Cg+Multigrid):  Solving for p, Initial residual = 0.0065166160451046165, Final residual = 5.6255123685588114e-05, No Iterations 21, Solve time = 2957.584 ms
time step continuity errors : sum local = 1.7316297170892062e-05, global = 1.0950695125275735e-06, cumulative = 3.5949277580803192e-06
[mem] after-pEqn: DEVICE_POOL current=22752 MB  actual(reserved)=38146 MB  highWater=28040 MB
[GinkgoSolver] p-cache: reuse(update_matrix_value) solve=20 rebuildInterval=0
Schwarz(Jacobi)+Bicgstab:  Solving for omega, Initial residual = 7.808525832524392e-05, Final residual = 4.19973153201465e-06, No Iterations 2, Solve time = 47.112 ms
[GinkgoSolver] p-cache: reuse(update_matrix_value) solve=20 rebuildInterval=0
Schwarz(Jacobi)+Bicgstab:  Solving for k, Initial residual = 0.0003507254234090903, Final residual = 8.273138742785917e-06, No Iterations 3, Solve time = 61.789 ms
[mem] after-turb: DEVICE_POOL current=22752 MB  actual(reserved)=38146 MB  highWater=28040 MB
ExecutionTime = 194.96 s  ClockTime = 196 s

Time = 21
[mem] step-start: DEVICE_POOL current=22752 MB  actual(reserved)=38146 MB  highWater=28040 MB
Schwarz(Jacobi)+Bicgstab:  Solving for Ux, Initial residual = 0.00015875802938120336, Final residual = 1.5574169709891065e-05, No Iterations 3, Solve time = 124.649 ms
Schwarz(Jacobi)+Bicgstab:  Solving for Uy, Initial residual = 0.0072526626972461185, Final residual = 0.0006039368864638952, No Iterations 3, Solve time = 124.649 ms
Schwarz(Jacobi)+Bicgstab:  Solving for Uz, Initial residual = 0.0017260859584260699, Final residual = 0.00014867604915599504, No Iterations 3, Solve time = 124.649 ms
[mem] after-UEqn: DEVICE_POOL current=22752 MB  actual(reserved)=38146 MB  highWater=28040 MB
config(Cg+Multigrid):  Solving for p, Initial residual = 0.00628735859467114, Final residual = 5.963122905400135e-05, No Iterations 20, Solve time = 2837.469 ms
time step continuity errors : sum local = 1.8601548571947125e-05, global = 1.3140775787297096e-06, cumulative = 4.909005336810029e-06
[mem] after-pEqn: DEVICE_POOL current=22752 MB  actual(reserved)=38146 MB  highWater=28040 MB
[GinkgoSolver] p-cache: reuse(update_matrix_value) solve=21 rebuildInterval=0
Schwarz(Jacobi)+Bicgstab:  Solving for omega, Initial residual = 7.357981811273578e-05, Final residual = 4.009004723393208e-06, No Iterations 2, Solve time = 46.372 ms
[GinkgoSolver] p-cache: reuse(update_matrix_value) solve=21 rebuildInterval=0
Schwarz(Jacobi)+Bicgstab:  Solving for k, Initial residual = 0.00035135200947146493, Final residual = 8.364952831715399e-06, No Iterations 3, Solve time = 62.374 ms
[mem] after-turb: DEVICE_POOL current=22752 MB  actual(reserved)=38146 MB  highWater=28040 MB
ExecutionTime = 201.31 s  ClockTime = 203 s

Time = 22
[mem] step-start: DEVICE_POOL current=22752 MB  actual(reserved)=38146 MB  highWater=28040 MB
Schwarz(Jacobi)+Bicgstab:  Solving for Ux, Initial residual = 0.00015591444211776305, Final residual = 9.461679107991158e-06, No Iterations 3, Solve time = 125.018 ms
Schwarz(Jacobi)+Bicgstab:  Solving for Uy, Initial residual = 0.007221319834172107, Final residual = 0.0005925946637113059, No Iterations 3, Solve time = 125.018 ms
Schwarz(Jacobi)+Bicgstab:  Solving for Uz, Initial residual = 0.0017500359482535432, Final residual = 0.000147396346300825, No Iterations 3, Solve time = 125.018 ms
[mem] after-UEqn: DEVICE_POOL current=22752 MB  actual(reserved)=38146 MB  highWater=28040 MB
config(Cg+Multigrid):  Solving for p, Initial residual = 0.006106161719129225, Final residual = 5.8530485415883816e-05, No Iterations 19, Solve time = 2698.55 ms
time step continuity errors : sum local = 1.8470104706543492e-05, global = 1.2149550940065416e-06, cumulative = 6.123960430816571e-06
[mem] after-pEqn: DEVICE_POOL current=22752 MB  actual(reserved)=38146 MB  highWater=28040 MB
[GinkgoSolver] p-cache: reuse(update_matrix_value) solve=22 rebuildInterval=0
Schwarz(Jacobi)+Bicgstab:  Solving for omega, Initial residual = 6.973595542371468e-05, Final residual = 3.870181491036341e-06, No Iterations 2, Solve time = 47.724 ms
[GinkgoSolver] p-cache: reuse(update_matrix_value) solve=22 rebuildInterval=0
Schwarz(Jacobi)+Bicgstab:  Solving for k, Initial residual = 0.0003543382038483895, Final residual = 8.579877666784603e-06, No Iterations 3, Solve time = 61.25 ms
[mem] after-turb: DEVICE_POOL current=22752 MB  actual(reserved)=38146 MB  highWater=28040 MB
ExecutionTime = 207.53 s  ClockTime = 209 s

Time = 23
[mem] step-start: DEVICE_POOL current=22752 MB  actual(reserved)=38146 MB  highWater=28040 MB
Schwarz(Jacobi)+Bicgstab:  Solving for Ux, Initial residual = 0.00015376661124374508, Final residual = 9.08213968954081e-06, No Iterations 4, Solve time = 154.961 ms
Schwarz(Jacobi)+Bicgstab:  Solving for Uy, Initial residual = 0.00712533108914065, Final residual = 0.0002940660177695021, No Iterations 4, Solve time = 154.961 ms
Schwarz(Jacobi)+Bicgstab:  Solving for Uz, Initial residual = 0.0017614080399720638, Final residual = 6.240500291102665e-05, No Iterations 4, Solve time = 154.961 ms
[mem] after-UEqn: DEVICE_POOL current=22752 MB  actual(reserved)=38146 MB  highWater=28040 MB
config(Cg+Multigrid):  Solving for p, Initial residual = 0.005974902736919911, Final residual = 5.648387097356712e-05, No Iterations 12, Solve time = 1758.682 ms
time step continuity errors : sum local = 1.7962030385020802e-05, global = 5.368019592714918e-07, cumulative = 6.660762390088063e-06
[mem] after-pEqn: DEVICE_POOL current=22752 MB  actual(reserved)=38146 MB  highWater=28040 MB
[GinkgoSolver] p-cache: reuse(update_matrix_value) solve=23 rebuildInterval=0
Schwarz(Jacobi)+Bicgstab:  Solving for omega, Initial residual = 6.62122240287344e-05, Final residual = 3.7278224998714145e-06, No Iterations 2, Solve time = 47.783 ms
[GinkgoSolver] p-cache: reuse(update_matrix_value) solve=23 rebuildInterval=0
Schwarz(Jacobi)+Bicgstab:  Solving for k, Initial residual = 0.00035661932042134134, Final residual = 8.754175918572183e-06, No Iterations 3, Solve time = 61.826 ms
[mem] after-turb: DEVICE_POOL current=22752 MB  actual(reserved)=38146 MB  highWater=28040 MB
ExecutionTime = 212.84 s  ClockTime = 214 s

Time = 24
[mem] step-start: DEVICE_POOL current=22752 MB  actual(reserved)=38146 MB  highWater=28040 MB
Schwarz(Jacobi)+Bicgstab:  Solving for Ux, Initial residual = 0.00015148309293836962, Final residual = 1.622975094609424e-05, No Iterations 3, Solve time = 123.117 ms
Schwarz(Jacobi)+Bicgstab:  Solving for Uy, Initial residual = 0.006953182126425074, Final residual = 0.0005475011978645575, No Iterations 3, Solve time = 123.117 ms
Schwarz(Jacobi)+Bicgstab:  Solving for Uz, Initial residual = 0.0017530723823034593, Final residual = 0.0001461696403098953, No Iterations 3, Solve time = 123.117 ms
[mem] after-UEqn: DEVICE_POOL current=22752 MB  actual(reserved)=38146 MB  highWater=28040 MB
config(Cg+Multigrid):  Solving for p, Initial residual = 0.005921779240962786, Final residual = 5.526404130097198e-05, No Iterations 12, Solve time = 1752.617 ms
time step continuity errors : sum local = 1.7488755667880185e-05, global = 6.007671223805327e-07, cumulative = 7.261529512468595e-06
[mem] after-pEqn: DEVICE_POOL current=22752 MB  actual(reserved)=38146 MB  highWater=28040 MB
[GinkgoSolver] p-cache: reuse(update_matrix_value) solve=24 rebuildInterval=0
Schwarz(Jacobi)+Bicgstab:  Solving for omega, Initial residual = 6.300161732744554e-05, Final residual = 3.5833548783025393e-06, No Iterations 2, Solve time = 47.898 ms
[GinkgoSolver] p-cache: reuse(update_matrix_value) solve=24 rebuildInterval=0
Schwarz(Jacobi)+Bicgstab:  Solving for k, Initial residual = 0.0003597354193336244, Final residual = 8.856224505784604e-06, No Iterations 3, Solve time = 61.866 ms
[mem] after-turb: DEVICE_POOL current=22752 MB  actual(reserved)=38146 MB  highWater=28040 MB
ExecutionTime = 218.13 s  ClockTime = 220 s

Time = 25
[mem] step-start: DEVICE_POOL current=22752 MB  actual(reserved)=38146 MB  highWater=28040 MB
Schwarz(Jacobi)+Bicgstab:  Solving for Ux, Initial residual = 0.0001492596302330836, Final residual = 8.955302568751325e-06, No Iterations 3, Solve time = 125 ms
Schwarz(Jacobi)+Bicgstab:  Solving for Uy, Initial residual = 0.006777103854656495, Final residual = 0.000504529429827535, No Iterations 3, Solve time = 125 ms
Schwarz(Jacobi)+Bicgstab:  Solving for Uz, Initial residual = 0.0017450864314584626, Final residual = 0.000138361796877286, No Iterations 3, Solve time = 125 ms
[mem] after-UEqn: DEVICE_POOL current=22752 MB  actual(reserved)=38146 MB  highWater=28040 MB
config(Cg+Multigrid):  Solving for p, Initial residual = 0.005858399081804836, Final residual = 5.4847664463914356e-05, No Iterations 12, Solve time = 1762.426 ms
time step continuity errors : sum local = 1.7311556144146263e-05, global = 6.802126681515418e-07, cumulative = 7.941742180620137e-06
[mem] after-pEqn: DEVICE_POOL current=22752 MB  actual(reserved)=38146 MB  highWater=28040 MB
[GinkgoSolver] p-cache: reuse(update_matrix_value) solve=25 rebuildInterval=0
Schwarz(Jacobi)+Bicgstab:  Solving for omega, Initial residual = 6.016396322800353e-05, Final residual = 3.4460540641000475e-06, No Iterations 2, Solve time = 47.987 ms
[GinkgoSolver] p-cache: reuse(update_matrix_value) solve=25 rebuildInterval=0
Schwarz(Jacobi)+Bicgstab:  Solving for k, Initial residual = 0.0003631801647069361, Final residual = 9.00589240757209e-06, No Iterations 3, Solve time = 62.075 ms
[mem] after-turb: DEVICE_POOL current=22752 MB  actual(reserved)=38146 MB  highWater=28040 MB
ExecutionTime = 223.43 s  ClockTime = 225 s

Time = 26
[mem] step-start: DEVICE_POOL current=22752 MB  actual(reserved)=38146 MB  highWater=28040 MB
Schwarz(Jacobi)+Bicgstab:  Solving for Ux, Initial residual = 0.00014706800062788878, Final residual = 6.805671649426226e-06, No Iterations 4, Solve time = 154.598 ms
Schwarz(Jacobi)+Bicgstab:  Solving for Uy, Initial residual = 0.006620671510844184, Final residual = 0.00019705707722620074, No Iterations 4, Solve time = 154.598 ms
Schwarz(Jacobi)+Bicgstab:  Solving for Uz, Initial residual = 0.001742511682011241, Final residual = 6.377891380244306e-05, No Iterations 4, Solve time = 154.598 ms
[mem] after-UEqn: DEVICE_POOL current=22752 MB  actual(reserved)=38146 MB  highWater=28040 MB
config(Cg+Multigrid):  Solving for p, Initial residual = 0.0057847487519754335, Final residual = 5.5968895838701394e-05, No Iterations 12, Solve time = 1761.397 ms
time step continuity errors : sum local = 1.7640923113903148e-05, global = 6.640888699808956e-07, cumulative = 8.605831050601033e-06
[mem] after-pEqn: DEVICE_POOL current=22752 MB  actual(reserved)=38146 MB  highWater=28040 MB
[GinkgoSolver] p-cache: reuse(update_matrix_value) solve=26 rebuildInterval=0
Schwarz(Jacobi)+Bicgstab:  Solving for omega, Initial residual = 5.766500930510188e-05, Final residual = 3.3416755402817455e-06, No Iterations 2, Solve time = 47.003 ms
bounding omega, min: -22952.494822919205 max: 45356130.64306758 average: 7144.552942482215
[GinkgoSolver] p-cache: reuse(update_matrix_value) solve=26 rebuildInterval=0
Schwarz(Jacobi)+Bicgstab:  Solving for k, Initial residual = 0.0003671968986800872, Final residual = 9.25017677018711e-06, No Iterations 3, Solve time = 62.331 ms
[mem] after-turb: DEVICE_POOL current=22752 MB  actual(reserved)=38146 MB  highWater=28040 MB
ExecutionTime = 228.95 s  ClockTime = 231 s

Time = 27
[mem] step-start: DEVICE_POOL current=22752 MB  actual(reserved)=38146 MB  highWater=28040 MB
Schwarz(Jacobi)+Bicgstab:  Solving for Ux, Initial residual = 0.00014469443763072819, Final residual = 9.853361680192554e-06, No Iterations 4, Solve time = 154.253 ms
Schwarz(Jacobi)+Bicgstab:  Solving for Uy, Initial residual = 0.006461512958923625, Final residual = 0.0004495807149729133, No Iterations 4, Solve time = 154.253 ms
Schwarz(Jacobi)+Bicgstab:  Solving for Uz, Initial residual = 0.0017422344157510682, Final residual = 9.726338163756577e-05, No Iterations 4, Solve time = 154.253 ms
[mem] after-UEqn: DEVICE_POOL current=22752 MB  actual(reserved)=38146 MB  highWater=28040 MB
config(Cg+Multigrid):  Solving for p, Initial residual = 0.005701005342944367, Final residual = 5.000737520292704e-05, No Iterations 13, Solve time = 1891.771 ms
time step continuity errors : sum local = 1.5739257579711e-05, global = 4.6976042110759456e-07, cumulative = 9.075591471708627e-06
[mem] after-pEqn: DEVICE_POOL current=22752 MB  actual(reserved)=38146 MB  highWater=28040 MB
[GinkgoSolver] p-cache: reuse(update_matrix_value) solve=27 rebuildInterval=0
Schwarz(Jacobi)+Bicgstab:  Solving for omega, Initial residual = 5.543029130579933e-05, Final residual = 3.2459825849016884e-06, No Iterations 2, Solve time = 47.655 ms
[GinkgoSolver] p-cache: reuse(update_matrix_value) solve=27 rebuildInterval=0
Schwarz(Jacobi)+Bicgstab:  Solving for k, Initial residual = 0.00037210349877004256, Final residual = 9.768409016727765e-06, No Iterations 3, Solve time = 61.707 ms
[mem] after-turb: DEVICE_POOL current=22752 MB  actual(reserved)=38146 MB  highWater=28040 MB
ExecutionTime = 234.44 s  ClockTime = 236 s

Time = 28
[mem] step-start: DEVICE_POOL current=22752 MB  actual(reserved)=38146 MB  highWater=28040 MB
Schwarz(Jacobi)+Bicgstab:  Solving for Ux, Initial residual = 0.00014218489608612995, Final residual = 1.1081497603322668e-05, No Iterations 3, Solve time = 124.802 ms
Schwarz(Jacobi)+Bicgstab:  Solving for Uy, Initial residual = 0.006332409213487105, Final residual = 0.00045847201102610665, No Iterations 3, Solve time = 124.802 ms
Schwarz(Jacobi)+Bicgstab:  Solving for Uz, Initial residual = 0.0017462769157743315, Final residual = 0.0001443409059763696, No Iterations 3, Solve time = 124.802 ms
[mem] after-UEqn: DEVICE_POOL current=22752 MB  actual(reserved)=38146 MB  highWater=28040 MB
config(Cg+Multigrid):  Solving for p, Initial residual = 0.005629084758683853, Final residual = 5.482119542466791e-05, No Iterations 13, Solve time = 1897.246 ms
time step continuity errors : sum local = 1.720401805323441e-05, global = 1.0136047081669171e-07, cumulative = 9.176951942525319e-06
[mem] after-pEqn: DEVICE_POOL current=22752 MB  actual(reserved)=38146 MB  highWater=28040 MB
[GinkgoSolver] p-cache: reuse(update_matrix_value) solve=28 rebuildInterval=0
Schwarz(Jacobi)+Bicgstab:  Solving for omega, Initial residual = 5.344877556375672e-05, Final residual = 3.1615673466304274e-06, No Iterations 2, Solve time = 47.181 ms
bounding omega, min: -6.856299778638345 max: 45356031.06111386 average: 7192.085609707892
[GinkgoSolver] p-cache: reuse(update_matrix_value) solve=28 rebuildInterval=0
Schwarz(Jacobi)+Bicgstab:  Solving for k, Initial residual = 0.00037681389587008773, Final residual = 9.660444595786987e-06, No Iterations 3, Solve time = 62.203 ms
[mem] after-turb: DEVICE_POOL current=22752 MB  actual(reserved)=38146 MB  highWater=28040 MB
ExecutionTime = 239.96 s  ClockTime = 242 s

Time = 29
[mem] step-start: DEVICE_POOL current=22752 MB  actual(reserved)=38146 MB  highWater=28040 MB
Schwarz(Jacobi)+Bicgstab:  Solving for Ux, Initial residual = 0.00013942727065339815, Final residual = 5.536582952917416e-06, No Iterations 5, Solve time = 183.678 ms
Schwarz(Jacobi)+Bicgstab:  Solving for Uy, Initial residual = 0.0062225093101020024, Final residual = 0.0001075939558649789, No Iterations 5, Solve time = 183.678 ms
Schwarz(Jacobi)+Bicgstab:  Solving for Uz, Initial residual = 0.0017527350331596463, Final residual = 4.24577498112688e-05, No Iterations 5, Solve time = 183.678 ms
[mem] after-UEqn: DEVICE_POOL current=22752 MB  actual(reserved)=38146 MB  highWater=28040 MB
config(Cg+Multigrid):  Solving for p, Initial residual = 0.005570937442306742, Final residual = 5.3880150184519164e-05, No Iterations 17, Solve time = 2420.14 ms
time step continuity errors : sum local = 1.6799243978188695e-05, global = -7.922405255754129e-07, cumulative = 8.384711416949906e-06
[mem] after-pEqn: DEVICE_POOL current=22752 MB  actual(reserved)=38146 MB  highWater=28040 MB
[GinkgoSolver] p-cache: reuse(update_matrix_value) solve=29 rebuildInterval=0
Schwarz(Jacobi)+Bicgstab:  Solving for omega, Initial residual = 5.188589814342547e-05, Final residual = 3.10702210652015e-06, No Iterations 2, Solve time = 47.154 ms
bounding omega, min: -521.2765469229885 max: 45356042.7677528 average: 7213.432941061569
[GinkgoSolver] p-cache: reuse(update_matrix_value) solve=29 rebuildInterval=0
Schwarz(Jacobi)+Bicgstab:  Solving for k, Initial residual = 0.0003832518925447897, Final residual = 9.851199664179266e-06, No Iterations 3, Solve time = 61.49 ms
[mem] after-turb: DEVICE_POOL current=22752 MB  actual(reserved)=38146 MB  highWater=28040 MB
ExecutionTime = 246.04 s  ClockTime = 248 s

Time = 30
[mem] step-start: DEVICE_POOL current=22752 MB  actual(reserved)=38146 MB  highWater=28040 MB
Schwarz(Jacobi)+Bicgstab:  Solving for Ux, Initial residual = 0.00013689576543912186, Final residual = 7.018999862811241e-06, No Iterations 3, Solve time = 124.647 ms
Schwarz(Jacobi)+Bicgstab:  Solving for Uy, Initial residual = 0.006122623210984514, Final residual = 0.0004519195043027652, No Iterations 3, Solve time = 124.647 ms
Schwarz(Jacobi)+Bicgstab:  Solving for Uz, Initial residual = 0.0017550801142578736, Final residual = 0.000139739650219865, No Iterations 3, Solve time = 124.647 ms
[mem] after-UEqn: DEVICE_POOL current=22752 MB  actual(reserved)=38146 MB  highWater=28040 MB
config(Cg+Multigrid):  Solving for p, Initial residual = 0.005553004762065158, Final residual = 5.164664856080471e-05, No Iterations 20, Solve time = 2813.918 ms
time step continuity errors : sum local = 1.5835873880974894e-05, global = -7.607094702370356e-07, cumulative = 7.624001946712871e-06
[mem] after-pEqn: DEVICE_POOL current=22752 MB  actual(reserved)=38146 MB  highWater=28040 MB
[GinkgoSolver] p-cache: reuse(update_matrix_value) solve=30 rebuildInterval=0
Schwarz(Jacobi)+Bicgstab:  Solving for omega, Initial residual = 5.07968059278132e-05, Final residual = 3.04796482961097e-06, No Iterations 2, Solve time = 47.571 ms
bounding omega, min: -146.81649635939823 max: 45356086.367396295 average: 7233.3047576641775
[GinkgoSolver] p-cache: reuse(update_matrix_value) solve=30 rebuildInterval=0
Schwarz(Jacobi)+Bicgstab:  Solving for k, Initial residual = 0.0003908995462267274, Final residual = 1.0197372011717581e-05, No Iterations 3, Solve time = 62.713 ms
[mem] after-turb: DEVICE_POOL current=22752 MB  actual(reserved)=38146 MB  highWater=28040 MB
Writing p
Writing U
Writing turbulence variables
ExecutionTime = 253.85 s  ClockTime = 257 s


BEGIN KOKKOS PROFILING REPORT:
TOTAL TIME: 259.405285747 seconds
TOP-DOWN TIME TREE:
<average time> <percent of total time> <percent time in Kokkos> <percent MPI imbalance> <remainder> <kernels per second> <number of calls> <name> [type]
===================
|-> 2.11e+02 sec 81.4% 11.9% 0.0% 0.0% 2.34e+02 30 neoSimpleFoam.timeStep [region]
|   |-> 1.67e+02 sec 64.5% 5.2% 0.0% 3.2% 1.50e+02 30 neoSimpleFoam.pressureCorrector [region]
|   |   |-> 1.55e+02 sec 59.7% 1.2% 0.0% 63.0% 2.70e+01 30 neoSimpleFoam.pressureCorrector.pEqn [region]
|   |   |   |-> 5.34e+01 sec 20.6% 0.0% 0.0% 100.0% 0.00e+00 30 ginkgo.solverSetup [region]
|   |   |   |-> 1.94e+00 sec 0.7% 0.4% 0.0% 99.6% 1.81e+01 30 ginkgo.createMtx [region]
|   |   |   |-> 1.63e+00 sec 0.6% 86.4% 0.0% 13.6% 1.07e+03 30 assemble.spatialImplicit [region]
|   |   |   |   |-> 4.98e-01 sec 0.2% 100.0% 0.0% ------ 30 computeGradInternal [for]
|   |   |-> 1.45e+00 sec 0.6% 100.0% 0.0% ------ 3660 fill [for]
|   |   |-> 1.16e+00 sec 0.4% 100.0% 0.0% ------ 90 computeGradInternal [for]
|   |   |-> 1.10e+00 sec 0.4% 100.0% 0.0% ------ 8250 extrapolateValue [for]
|   |   |-> 7.07e-01 sec 0.3% 100.0% 0.0% ------ 2250 computeGradBoundaryRefGrad [for]
|   |   |-> 5.54e-01 sec 0.2% 100.0% 0.0% ------ 1530 parallelFor [for]
|   |-> 2.08e+01 sec 8.0% 37.1% 0.0% 22.9% 2.77e+02 30 neoSimpleFoam.momentumPredictor [region]
|   |   |-> 1.06e+01 sec 4.1% 65.3% 0.0% 0.0% 4.89e+02 30 momentum.assemble [region]
|   |   |   |-> 9.24e+00 sec 3.6% 63.1% 0.0% 0.0% 4.49e+02 30 assemble.spatialImplicit [region]
|   |   |   |   |-> 6.27e+00 sec 2.4% 50.5% 0.0% 1.6% 3.69e+02 30 divlap.deferredCorr [region]
|   |   |   |   |   |-> 2.08e+00 sec 0.8% 94.7% 0.0% 0.0% 7.36e+02 30 luw.gradCompute [region]
|   |   |   |   |   |   |-> 1.75e+00 sec 0.7% 93.8% 0.0% 6.2% 6.84e+02 30 clg.baseGrad [region]
|   |   |   |   |   |   |   |-> 6.66e-01 sec 0.3% 100.0% 0.0% ------ 780 computeGradTensorBoundaryReconstruct [for]
|   |   |   |   |   |   |   |-> 5.26e-01 sec 0.2% 100.0% 0.0% ------ 30 computeGradTensorInternal [for]
|   |   |   |   |   |   |-> 3.23e-01 sec 0.1% 99.7% 0.0% 0.3% 1.02e+03 30 clg.limiter [region]
|   |   |   |   |   |-> 1.84e+00 sec 0.7% 1.1% 0.0% 98.9% 1.63e+00 30 luw.gradOpCtor [region]
|   |   |   |   |   |-> 1.10e+00 sec 0.4% 12.5% 0.0% 87.5% 3.00e+02 30 luw.applyCorr [region]
|   |   |   |   |   |-> 6.34e-01 sec 0.2% 83.6% 0.0% 16.4% 3.31e+02 30 luw.gradAlloc [region]
|   |   |   |   |   |   |-> 5.30e-01 sec 0.2% 100.0% 0.0% ------ 210 fill [for]
|   |   |   |   |   |-> 3.67e-01 sec 0.1% 100.0% 0.0% ------ 30 addDivCorrectionToRhs [for]
|   |   |   |   |-> 2.50e+00 sec 1.0% 87.6% 0.0% 12.4% 6.60e+02 30 divlap.nonOrthCorr [region]
|   |   |   |   |   |-> 7.32e-01 sec 0.3% 100.0% 0.0% ------ 30 computeGradTensorInternal [for]
|   |   |   |   |   |-> 6.10e-01 sec 0.2% 100.0% 0.0% ------ 601 fill [for]
|   |   |   |   |   |-> 2.95e-01 sec 0.1% 100.0% 0.0% ------ 30 computeLaplacianImplicitCorrection [for]
|   |   |   |-> 1.18e+00 sec 0.5% 78.8% 0.0% 21.2% 7.12e+02 30 assemble.explicitSource [region]
|   |   |   |   |-> 4.80e-01 sec 0.2% 100.0% 0.0% ------ 420 fill [for]
|   |   |-> 2.36e+00 sec 0.9% 1.3% 0.0% 98.7% 1.15e+01 30 momentum.construct [region]
|   |   |-> 1.93e+00 sec 0.7% 0.3% 0.0% 99.7% 1.81e+01 30 ginkgo.createMtx [region]
|   |   |-> 9.10e-01 sec 0.4% 85.1% 0.0% 14.9% 5.61e+02 30 assemble.explicitSource [region]
|   |   |   |-> 2.99e-01 sec 0.1% 100.0% 0.0% ------ 30 computeGradInternal [for]
|   |-> 2.03e+01 sec 7.8% 42.6% 0.0% 32.0% 9.17e+02 30 neoSimpleFoam.turbulenceCorrect [region]
|   |   |-> 4.17e+00 sec 1.6% 0.3% 0.0% 99.7% 1.68e+01 60 ginkgo.createMtx [region]
|   |   |-> 3.47e+00 sec 1.3% 86.2% 0.0% 13.8% 1.07e+03 60 assemble.spatialImplicit [region]
|   |   |   |-> 7.68e-01 sec 0.3% 100.0% 0.0% ------ 60 computeGradInternal [for]
|   |   |   |-> 5.58e-01 sec 0.2% 100.0% 0.0% ------ 1202 fill [for]
|   |   |   |-> 4.37e-01 sec 0.2% 100.0% 0.0% ------ 630 computeGradBoundaryFixedValue [for]
|   |   |   |-> 3.11e-01 sec 0.1% 100.0% 0.0% ------ 930 computeGradBoundaryRefGrad [for]
|   |   |   |-> 2.69e-01 sec 0.1% 100.0% 0.0% ------ 60 computeLocalGaussGreenDivLaplacianCoefficients [for]
|   |   |-> 7.79e-01 sec 0.3% 100.0% 0.0% ------ 1465 fill [for]
|   |   |-> 6.58e-01 sec 0.3% 100.0% 0.0% ------ 30 computeGradTensorInternal [for]
|   |   |-> 6.03e-01 sec 0.2% 100.0% 0.0% ------ 60 computeGradInternal [for]
|   |   |-> 4.90e-01 sec 0.2% 0.0% 0.0% 100.0% 0.00e+00 60 ginkgo.solverSetup [region]
|   |   |-> 4.62e-01 sec 0.2% 100.0% 0.0% ------ 930 computeGradBoundaryRefGrad [for]
|   |   |-> 3.34e-01 sec 0.1% 100.0% 0.0% ------ 780 computeGradTensorBoundaryReconstruct [for]
|   |-> 2.82e+00 sec 1.1% 0.0% 0.0% 100.0% 0.00e+00 30 neoSimpleFoam.write [region]
|-> 4.50e+01 sec 17.4% 0.6% 0.0% 99.4% 2.09e+01 1 neoSimpleFoam.setup [region]

BOTTOM-UP TIME TREE:
<average time> <percent of total time> <percent time in Kokkos> <percent MPI imbalance> <number of calls> <name> [type]
===================
|-> 9.76e+01 sec 37.6% 0.0% 0.0% 0.0% 0.00e+00 30 neoSimpleFoam.pressureCorrector.pEqn [region]
|   |-> 9.76e+01 sec 37.6% 0.0% 0.0% 0.0% 0.00e+00 30 neoSimpleFoam.pressureCorrector [region]
|       |-> 9.76e+01 sec 37.6% 0.0% 0.0% 0.0% 0.00e+00 30 neoSimpleFoam.timeStep [region]
|-> 5.42e+01 sec 20.9% 0.0% 0.0% 0.0% 0.00e+00 120 ginkgo.solverSetup [region]
|   |-> 5.34e+01 sec 20.6% 0.0% 0.0% 0.0% 0.00e+00 30 neoSimpleFoam.pressureCorrector.pEqn [region]
|   |   |-> 5.34e+01 sec 20.6% 0.0% 0.0% 0.0% 0.00e+00 30 neoSimpleFoam.pressureCorrector [region]
|   |       |-> 5.34e+01 sec 20.6% 0.0% 0.0% 0.0% 0.00e+00 30 neoSimpleFoam.timeStep [region]
|   |-> 4.90e-01 sec 0.2% 0.0% 0.0% 0.0% 0.00e+00 60 neoSimpleFoam.turbulenceCorrect [region]
|   |   |-> 4.90e-01 sec 0.2% 0.0% 0.0% 0.0% 0.00e+00 60 neoSimpleFoam.timeStep [region]
|-> 4.47e+01 sec 17.2% 0.0% 0.0% 0.0% 0.00e+00 1 neoSimpleFoam.setup [region]
|-> 8.00e+00 sec 3.1% 0.0% 0.0% 0.0% 0.00e+00 120 ginkgo.createMtx [region]
|   |-> 4.15e+00 sec 1.6% 0.0% 0.0% 0.0% 0.00e+00 60 neoSimpleFoam.turbulenceCorrect [region]
|   |   |-> 4.15e+00 sec 1.6% 0.0% 0.0% 0.0% 0.00e+00 60 neoSimpleFoam.timeStep [region]
|   |-> 1.93e+00 sec 0.7% 0.0% 0.0% 0.0% 0.00e+00 30 neoSimpleFoam.pressureCorrector.pEqn [region]
|   |   |-> 1.93e+00 sec 0.7% 0.0% 0.0% 0.0% 0.00e+00 30 neoSimpleFoam.pressureCorrector [region]
|   |       |-> 1.93e+00 sec 0.7% 0.0% 0.0% 0.0% 0.00e+00 30 neoSimpleFoam.timeStep [region]
|   |-> 1.92e+00 sec 0.7% 0.0% 0.0% 0.0% 0.00e+00 30 neoSimpleFoam.momentumPredictor [region]
|       |-> 1.92e+00 sec 0.7% 0.0% 0.0% 0.0% 0.00e+00 30 neoSimpleFoam.timeStep [region]
|-> 6.51e+00 sec 2.5% 0.0% 0.0% 0.0% 0.00e+00 30 neoSimpleFoam.turbulenceCorrect [region]
|   |-> 6.51e+00 sec 2.5% 0.0% 0.0% 0.0% 0.00e+00 30 neoSimpleFoam.timeStep [region]
|-> 5.61e+00 sec 2.2% 100.0% 0.0% ------ 9832 fill [for]
|   |-> 1.45e+00 sec 0.6% 100.0% 0.0% 0.0% 0.00e+00 3660 neoSimpleFoam.pressureCorrector [region]
|   |   |-> 1.45e+00 sec 0.6% 100.0% 0.0% 0.0% 0.00e+00 3660 neoSimpleFoam.timeStep [region]
|   |-> 8.13e-01 sec 0.3% 100.0% 0.0% 0.0% 0.00e+00 1803 assemble.spatialImplicit [region]
|   |   |-> 5.58e-01 sec 0.2% 100.0% 0.0% 0.0% 0.00e+00 1202 neoSimpleFoam.turbulenceCorrect [region]
|   |   |   |-> 5.58e-01 sec 0.2% 100.0% 0.0% 0.0% 0.00e+00 1202 neoSimpleFoam.timeStep [region]
|   |-> 7.79e-01 sec 0.3% 100.0% 0.0% 0.0% 0.00e+00 1465 neoSimpleFoam.turbulenceCorrect [region]
|   |   |-> 7.79e-01 sec 0.3% 100.0% 0.0% 0.0% 0.00e+00 1465 neoSimpleFoam.timeStep [region]
|   |-> 7.05e-01 sec 0.3% 100.0% 0.0% 0.0% 0.00e+00 780 assemble.explicitSource [region]
|   |   |-> 4.80e-01 sec 0.2% 100.0% 0.0% 0.0% 0.00e+00 420 momentum.assemble [region]
|   |   |   |-> 4.80e-01 sec 0.2% 100.0% 0.0% 0.0% 0.00e+00 420 neoSimpleFoam.momentumPredictor [region]
|   |   |       |-> 4.80e-01 sec 0.2% 100.0% 0.0% 0.0% 0.00e+00 420 neoSimpleFoam.timeStep [region]
|   |-> 6.10e-01 sec 0.2% 100.0% 0.0% 0.0% 0.00e+00 601 divlap.nonOrthCorr [region]
|   |   |-> 6.10e-01 sec 0.2% 100.0% 0.0% 0.0% 0.00e+00 601 assemble.spatialImplicit [region]
|   |       |-> 6.10e-01 sec 0.2% 100.0% 0.0% 0.0% 0.00e+00 601 momentum.assemble [region]
|   |           |-> 6.10e-01 sec 0.2% 100.0% 0.0% 0.0% 0.00e+00 601 neoSimpleFoam.momentumPredictor [region]
|   |               |-> 6.10e-01 sec 0.2% 100.0% 0.0% 0.0% 0.00e+00 601 neoSimpleFoam.timeStep [region]
|   |-> 5.30e-01 sec 0.2% 100.0% 0.0% 0.0% 0.00e+00 210 luw.gradAlloc [region]
|   |   |-> 5.30e-01 sec 0.2% 100.0% 0.0% 0.0% 0.00e+00 210 divlap.deferredCorr [region]
|   |       |-> 5.30e-01 sec 0.2% 100.0% 0.0% 0.0% 0.00e+00 210 assemble.spatialImplicit [region]
|   |           |-> 5.30e-01 sec 0.2% 100.0% 0.0% 0.0% 0.00e+00 210 momentum.assemble [region]
|   |               |-> 5.30e-01 sec 0.2% 100.0% 0.0% 0.0% 0.00e+00 210 neoSimpleFoam.momentumPredictor [region]
|   |                   |-> 5.30e-01 sec 0.2% 100.0% 0.0% 0.0% 0.00e+00 210 neoSimpleFoam.timeStep [region]
|-> 5.36e+00 sec 2.1% 0.0% 0.0% 0.0% 0.00e+00 30 neoSimpleFoam.pressureCorrector [region]
|   |-> 5.36e+00 sec 2.1% 0.0% 0.0% 0.0% 0.00e+00 30 neoSimpleFoam.timeStep [region]
|-> 4.77e+00 sec 1.8% 0.0% 0.0% 0.0% 0.00e+00 30 neoSimpleFoam.momentumPredictor [region]
|   |-> 4.77e+00 sec 1.8% 0.0% 0.0% 0.0% 0.00e+00 30 neoSimpleFoam.timeStep [region]
|-> 3.35e+00 sec 1.3% 100.0% 0.0% ------ 272 computeGradInternal [for]
|   |-> 1.27e+00 sec 0.5% 100.0% 0.0% 0.0% 0.00e+00 90 assemble.spatialImplicit [region]
|   |   |-> 7.68e-01 sec 0.3% 100.0% 0.0% 0.0% 0.00e+00 60 neoSimpleFoam.turbulenceCorrect [region]
|   |   |   |-> 7.68e-01 sec 0.3% 100.0% 0.0% 0.0% 0.00e+00 60 neoSimpleFoam.timeStep [region]
|   |   |-> 4.98e-01 sec 0.2% 100.0% 0.0% 0.0% 0.00e+00 30 neoSimpleFoam.pressureCorrector.pEqn [region]
|   |       |-> 4.98e-01 sec 0.2% 100.0% 0.0% 0.0% 0.00e+00 30 neoSimpleFoam.pressureCorrector [region]
|   |           |-> 4.98e-01 sec 0.2% 100.0% 0.0% 0.0% 0.00e+00 30 neoSimpleFoam.timeStep [region]
|   |-> 1.16e+00 sec 0.4% 100.0% 0.0% 0.0% 0.00e+00 90 neoSimpleFoam.pressureCorrector [region]
|   |   |-> 1.16e+00 sec 0.4% 100.0% 0.0% 0.0% 0.00e+00 90 neoSimpleFoam.timeStep [region]
|   |-> 6.03e-01 sec 0.2% 100.0% 0.0% 0.0% 0.00e+00 60 neoSimpleFoam.turbulenceCorrect [region]
|   |   |-> 6.03e-01 sec 0.2% 100.0% 0.0% 0.0% 0.00e+00 60 neoSimpleFoam.timeStep [region]
|   |-> 2.99e-01 sec 0.1% 100.0% 0.0% 0.0% 0.00e+00 30 assemble.explicitSource [region]
|   |   |-> 2.99e-01 sec 0.1% 100.0% 0.0% 0.0% 0.00e+00 30 neoSimpleFoam.momentumPredictor [region]
|   |       |-> 2.99e-01 sec 0.1% 100.0% 0.0% 0.0% 0.00e+00 30 neoSimpleFoam.timeStep [region]
|-> 2.82e+00 sec 1.1% 0.0% 0.0% 0.0% 0.00e+00 30 neoSimpleFoam.write [region]
|   |-> 2.82e+00 sec 1.1% 0.0% 0.0% 0.0% 0.00e+00 30 neoSimpleFoam.timeStep [region]
|-> 2.33e+00 sec 0.9% 0.0% 0.0% 0.0% 0.00e+00 30 momentum.construct [region]
|   |-> 2.33e+00 sec 0.9% 0.0% 0.0% 0.0% 0.00e+00 30 neoSimpleFoam.momentumPredictor [region]
|       |-> 2.33e+00 sec 0.9% 0.0% 0.0% 0.0% 0.00e+00 30 neoSimpleFoam.timeStep [region]
|-> 1.94e+00 sec 0.7% 100.0% 0.0% ------ 91 computeGradTensorInternal [for]
|   |-> 7.32e-01 sec 0.3% 100.0% 0.0% 0.0% 0.00e+00 30 divlap.nonOrthCorr [region]
|   |   |-> 7.32e-01 sec 0.3% 100.0% 0.0% 0.0% 0.00e+00 30 assemble.spatialImplicit [region]
|   |       |-> 7.32e-01 sec 0.3% 100.0% 0.0% 0.0% 0.00e+00 30 momentum.assemble [region]
|   |           |-> 7.32e-01 sec 0.3% 100.0% 0.0% 0.0% 0.00e+00 30 neoSimpleFoam.momentumPredictor [region]
|   |               |-> 7.32e-01 sec 0.3% 100.0% 0.0% 0.0% 0.00e+00 30 neoSimpleFoam.timeStep [region]
|   |-> 6.58e-01 sec 0.3% 100.0% 0.0% 0.0% 0.00e+00 30 neoSimpleFoam.turbulenceCorrect [region]
|   |   |-> 6.58e-01 sec 0.3% 100.0% 0.0% 0.0% 0.00e+00 30 neoSimpleFoam.timeStep [region]
|   |-> 5.26e-01 sec 0.2% 100.0% 0.0% 0.0% 0.00e+00 30 clg.baseGrad [region]
|   |   |-> 5.26e-01 sec 0.2% 100.0% 0.0% 0.0% 0.00e+00 30 luw.gradCompute [region]
|   |       |-> 5.26e-01 sec 0.2% 100.0% 0.0% 0.0% 0.00e+00 30 divlap.deferredCorr [region]
|   |           |-> 5.26e-01 sec 0.2% 100.0% 0.0% 0.0% 0.00e+00 30 assemble.spatialImplicit [region]
|   |               |-> 5.26e-01 sec 0.2% 100.0% 0.0% 0.0% 0.00e+00 30 momentum.assemble [region]
|   |                   |-> 5.26e-01 sec 0.2% 100.0% 0.0% 0.0% 0.00e+00 30 neoSimpleFoam.momentumPredictor [region]
|   |                       |-> 5.26e-01 sec 0.2% 100.0% 0.0% 0.0% 0.00e+00 30 neoSimpleFoam.timeStep [region]
|-> 1.82e+00 sec 0.7% 0.0% 0.0% 0.0% 0.00e+00 30 luw.gradOpCtor [region]
|   |-> 1.82e+00 sec 0.7% 0.0% 0.0% 0.0% 0.00e+00 30 divlap.deferredCorr [region]
|       |-> 1.82e+00 sec 0.7% 0.0% 0.0% 0.0% 0.00e+00 30 assemble.spatialImplicit [region]
|           |-> 1.82e+00 sec 0.7% 0.0% 0.0% 0.0% 0.00e+00 30 momentum.assemble [region]
|               |-> 1.82e+00 sec 0.7% 0.0% 0.0% 0.0% 0.00e+00 30 neoSimpleFoam.momentumPredictor [region]
|                   |-> 1.82e+00 sec 0.7% 0.0% 0.0% 0.0% 0.00e+00 30 neoSimpleFoam.timeStep [region]
|-> 1.73e+00 sec 0.7% 100.0% 0.0% ------ 4891 computeGradBoundaryRefGrad [for]
|   |-> 7.07e-01 sec 0.3% 100.0% 0.0% 0.0% 0.00e+00 2250 neoSimpleFoam.pressureCorrector [region]
|   |   |-> 7.07e-01 sec 0.3% 100.0% 0.0% 0.0% 0.00e+00 2250 neoSimpleFoam.timeStep [region]
|   |-> 5.42e-01 sec 0.2% 100.0% 0.0% 0.0% 0.00e+00 1680 assemble.spatialImplicit [region]
|   |   |-> 3.11e-01 sec 0.1% 100.0% 0.0% 0.0% 0.00e+00 930 neoSimpleFoam.turbulenceCorrect [region]
|   |   |   |-> 3.11e-01 sec 0.1% 100.0% 0.0% 0.0% 0.00e+00 930 neoSimpleFoam.timeStep [region]
|   |-> 4.62e-01 sec 0.2% 100.0% 0.0% 0.0% 0.00e+00 930 neoSimpleFoam.turbulenceCorrect [region]
|   |   |-> 4.62e-01 sec 0.2% 100.0% 0.0% 0.0% 0.00e+00 930 neoSimpleFoam.timeStep [region]
|-> 1.33e+00 sec 0.5% 100.0% 0.0% ------ 9955 extrapolateValue [for]
|   |-> 1.10e+00 sec 0.4% 100.0% 0.0% 0.0% 0.00e+00 8250 neoSimpleFoam.pressureCorrector [region]
|   |   |-> 1.10e+00 sec 0.4% 100.0% 0.0% 0.0% 0.00e+00 8250 neoSimpleFoam.timeStep [region]
|-> 1.26e+00 sec 0.5% 100.0% 0.0% ------ 2366 computeGradTensorBoundaryReconstruct [for]
|   |-> 6.66e-01 sec 0.3% 100.0% 0.0% 0.0% 0.00e+00 780 clg.baseGrad [region]
|   |   |-> 6.66e-01 sec 0.3% 100.0% 0.0% 0.0% 0.00e+00 780 luw.gradCompute [region]
|   |       |-> 6.66e-01 sec 0.3% 100.0% 0.0% 0.0% 0.00e+00 780 divlap.deferredCorr [region]
|   |           |-> 6.66e-01 sec 0.3% 100.0% 0.0% 0.0% 0.00e+00 780 assemble.spatialImplicit [region]
|   |               |-> 6.66e-01 sec 0.3% 100.0% 0.0% 0.0% 0.00e+00 780 momentum.assemble [region]
|   |                   |-> 6.66e-01 sec 0.3% 100.0% 0.0% 0.0% 0.00e+00 780 neoSimpleFoam.momentumPredictor [region]
|   |                       |-> 6.66e-01 sec 0.3% 100.0% 0.0% 0.0% 0.00e+00 780 neoSimpleFoam.timeStep [region]
|   |-> 3.34e-01 sec 0.1% 100.0% 0.0% 0.0% 0.00e+00 780 neoSimpleFoam.turbulenceCorrect [region]
|   |   |-> 3.34e-01 sec 0.1% 100.0% 0.0% 0.0% 0.00e+00 780 neoSimpleFoam.timeStep [region]
|-> 1.07e+00 sec 0.4% 100.0% 0.0% ------ 2532 parallelFor [for]
|   |-> 5.54e-01 sec 0.2% 100.0% 0.0% 0.0% 0.00e+00 1530 neoSimpleFoam.pressureCorrector [region]
|   |   |-> 5.54e-01 sec 0.2% 100.0% 0.0% 0.0% 0.00e+00 1530 neoSimpleFoam.timeStep [region]
|-> 9.62e-01 sec 0.4% 0.0% 0.0% 0.0% 0.00e+00 30 luw.applyCorr [region]
|   |-> 9.62e-01 sec 0.4% 0.0% 0.0% 0.0% 0.00e+00 30 divlap.deferredCorr [region]
|       |-> 9.62e-01 sec 0.4% 0.0% 0.0% 0.0% 0.00e+00 30 assemble.spatialImplicit [region]
|           |-> 9.62e-01 sec 0.4% 0.0% 0.0% 0.0% 0.00e+00 30 momentum.assemble [region]
|               |-> 9.62e-01 sec 0.4% 0.0% 0.0% 0.0% 0.00e+00 30 neoSimpleFoam.momentumPredictor [region]
|                   |-> 9.62e-01 sec 0.4% 0.0% 0.0% 0.0% 0.00e+00 30 neoSimpleFoam.timeStep [region]
|-> 7.14e-01 sec 0.3% 100.0% 0.0% ------ 1401 computeGradBoundaryFixedValue [for]
|   |-> 4.51e-01 sec 0.2% 100.0% 0.0% 0.0% 0.00e+00 660 assemble.spatialImplicit [region]
|   |   |-> 4.37e-01 sec 0.2% 100.0% 0.0% 0.0% 0.00e+00 630 neoSimpleFoam.turbulenceCorrect [region]
|   |   |   |-> 4.37e-01 sec 0.2% 100.0% 0.0% 0.0% 0.00e+00 630 neoSimpleFoam.timeStep [region]
|-> 6.99e-01 sec 0.3% 0.0% 0.0% 0.0% 0.00e+00 120 assemble.spatialImplicit [region]
|   |-> 4.78e-01 sec 0.2% 0.0% 0.0% 0.0% 0.00e+00 60 neoSimpleFoam.turbulenceCorrect [region]
|   |   |-> 4.78e-01 sec 0.2% 0.0% 0.0% 0.0% 0.00e+00 60 neoSimpleFoam.timeStep [region]
|-> 5.76e-01 sec 0.2% 100.0% 0.0% ------ 553 computeLinearInterpolationInternal [for]
|-> 4.93e-01 sec 0.2% 100.0% 0.0% ------ 4954 setGradientValue [for]
|-> 4.48e-01 sec 0.2% 100.0% 0.0% ------ 90 computeLocalGaussGreenDivLaplacianCoefficients [for]
|   |-> 2.69e-01 sec 0.1% 100.0% 0.0% 0.0% 0.00e+00 60 assemble.spatialImplicit [region]
|   |   |-> 2.69e-01 sec 0.1% 100.0% 0.0% 0.0% 0.00e+00 60 neoSimpleFoam.turbulenceCorrect [region]
|   |       |-> 2.69e-01 sec 0.1% 100.0% 0.0% 0.0% 0.00e+00 60 neoSimpleFoam.timeStep [region]
|-> 4.23e-01 sec 0.2% 0.0% 0.0% 0.0% 0.00e+00 150 assemble.explicitSource [region]
|-> 3.96e-01 sec 0.2% 100.0% 0.0% ------ 120 computeLaplacianImplicitCorrection [for]
|   |-> 2.95e-01 sec 0.1% 100.0% 0.0% 0.0% 0.00e+00 30 divlap.nonOrthCorr [region]
|   |   |-> 2.95e-01 sec 0.1% 100.0% 0.0% 0.0% 0.00e+00 30 assemble.spatialImplicit [region]
|   |       |-> 2.95e-01 sec 0.1% 100.0% 0.0% 0.0% 0.00e+00 30 momentum.assemble [region]
|   |           |-> 2.95e-01 sec 0.1% 100.0% 0.0% 0.0% 0.00e+00 30 neoSimpleFoam.momentumPredictor [region]
|   |               |-> 2.95e-01 sec 0.1% 100.0% 0.0% 0.0% 0.00e+00 30 neoSimpleFoam.timeStep [region]
|-> 3.73e-01 sec 0.1% 100.0% 0.0% ------ 1302 updateProcBoundaryOwnerValue [for]
|-> 3.67e-01 sec 0.1% 100.0% 0.0% ------ 30 addDivCorrectionToRhs [for]
|   |-> 3.67e-01 sec 0.1% 100.0% 0.0% 0.0% 0.00e+00 30 divlap.deferredCorr [region]
|       |-> 3.67e-01 sec 0.1% 100.0% 0.0% 0.0% 0.00e+00 30 assemble.spatialImplicit [region]
|           |-> 3.67e-01 sec 0.1% 100.0% 0.0% 0.0% 0.00e+00 30 momentum.assemble [region]
|               |-> 3.67e-01 sec 0.1% 100.0% 0.0% 0.0% 0.00e+00 30 neoSimpleFoam.momentumPredictor [region]
|                   |-> 3.67e-01 sec 0.1% 100.0% 0.0% 0.0% 0.00e+00 30 neoSimpleFoam.timeStep [region]
|-> 3.19e-01 sec 0.1% 100.0% 0.0% ------ 553 computeLinearInterpolationProcBoundary [for]
|-> 3.13e-01 sec 0.1% 100.0% 0.0% ------ 553 computeLinearInterpolationBoundary [for]
|-> 3.11e-01 sec 0.1% 0.0% 0.0% 0.0% 0.00e+00 30 divlap.nonOrthCorr [region]
|   |-> 3.11e-01 sec 0.1% 0.0% 0.0% 0.0% 0.00e+00 30 assemble.spatialImplicit [region]
|       |-> 3.11e-01 sec 0.1% 0.0% 0.0% 0.0% 0.00e+00 30 momentum.assemble [region]
|           |-> 3.11e-01 sec 0.1% 0.0% 0.0% 0.0% 0.00e+00 30 neoSimpleFoam.momentumPredictor [region]
|               |-> 3.11e-01 sec 0.1% 0.0% 0.0% 0.0% 0.00e+00 30 neoSimpleFoam.timeStep [region]
|-> 2.80e-01 sec 0.1% 100.0% 0.0% ------ 91 computeGradTensorCells [for]
|-> 2.76e-01 sec 0.1% 100.0% 0.0% ------ 272 computeGradBoundary [for]
|-> 2.62e-01 sec 0.1% 100.0% 0.0% ------ 858 setProcBoundaryCoefficients [for]

KOKKOS HOST SPACE:
===================
MAX MEMORY ALLOCATED: 1287083.0 kB
ALLOCATIONS AT TIME OF HIGH WATER MARK:
  29.9% neoSimpleFoam.timeStep/neoSimpleFoam.momentumPredictor/momentum.assemble/assemble.spatialImplicit/divlap.deferredCorr/luw.gradOpCtor/Vector
  29.9% neoSimpleFoam.timeStep/neoSimpleFoam.momentumPredictor/momentum.assemble/assemble.spatialImplicit/divlap.deferredCorr/luw.gradOpCtor/Vector
  15.4% neoSimpleFoam.timeStep/neoSimpleFoam.momentumPredictor/momentum.assemble/assemble.spatialImplicit/divlap.deferredCorr/luw.gradOpCtor/Vector
  14.9% neoSimpleFoam.timeStep/neoSimpleFoam.momentumPredictor/momentum.assemble/assemble.spatialImplicit/divlap.deferredCorr/luw.gradOpCtor/Vector
  5.0% neoSimpleFoam.timeStep/neoSimpleFoam.momentumPredictor/momentum.assemble/assemble.spatialImplicit/divlap.deferredCorr/luw.gradOpCtor/Vector
  5.0% neoSimpleFoam.timeStep/neoSimpleFoam.momentumPredictor/momentum.assemble/assemble.spatialImplicit/divlap.deferredCorr/luw.gradOpCtor/Vector

KOKKOS CUDA SPACE:
===================
MAX MEMORY ALLOCATED: 0.0 kB
ALLOCATIONS AT TIME OF HIGH WATER MARK:

KOKKOS HIP SPACE:
===================
MAX MEMORY ALLOCATED: 0.0 kB
ALLOCATIONS AT TIME OF HIGH WATER MARK:

KOKKOS SYCL SPACE:
===================
MAX MEMORY ALLOCATED: 0.0 kB
ALLOCATIONS AT TIME OF HIGH WATER MARK:

KOKKOS OpenMPTarget SPACE:
===================
MAX MEMORY ALLOCATED: 0.0 kB
ALLOCATIONS AT TIME OF HIGH WATER MARK:

Host process high water mark memory consumption: 14411768 kB

END KOKKOS PROFILING REPORT.

BEGIN KOKKOS PROFILING REPORT:
TOTAL TIME: 259.810789447 seconds
TOP-DOWN TIME TREE:
<average time> <percent of total time> <percent time in Kokkos> <percent MPI imbalance> <remainder> <kernels per second> <number of calls> <name> [type]
===================
|-> 2.11e+02 sec 81.3% 3.5% 0.0% 0.0% 2.29e+02 30 neoSimpleFoam.timeStep [region]
|   |-> 1.67e+02 sec 64.4% 1.1% 0.0% 6.6% 1.46e+02 30 neoSimpleFoam.pressureCorrector [region]
|   |   |-> 1.55e+02 sec 59.6% 0.4% 0.0% 63.2% 2.66e+01 30 neoSimpleFoam.pressureCorrector.pEqn [region]
|   |   |   |-> 5.33e+01 sec 20.5% 0.0% 0.0% 100.0% 0.00e+00 30 ginkgo.solverSetup [region]
|   |   |   |-> 3.21e+00 sec 1.2% 0.0% 0.0% 100.0% 1.09e+01 30 ginkgo.createMtx [region]
|   |   |   |-> 4.81e-01 sec 0.2% 92.1% 0.0% 7.9% 3.68e+03 30 assemble.spatialImplicit [region]
|   |   |-> 7.16e-01 sec 0.3% 100.0% 0.0% ------ 90 computeGradInternal [for]
|   |-> 2.07e+01 sec 8.0% 14.8% 0.0% 23.3% 2.78e+02 30 neoSimpleFoam.momentumPredictor [region]
|   |   |-> 9.45e+00 sec 3.6% 28.7% 0.0% 0.0% 5.47e+02 30 momentum.assemble [region]
|   |   |   |-> 9.02e+00 sec 3.5% 25.8% 0.0% 0.0% 4.59e+02 30 assemble.spatialImplicit [region]
|   |   |   |   |-> 7.87e+00 sec 3.0% 16.0% 0.0% 0.3% 2.90e+02 30 divlap.deferredCorr [region]
|   |   |   |   |   |-> 4.78e+00 sec 1.8% 1.0% 0.0% 99.0% 5.65e+01 30 luw.applyCorr [region]
|   |   |   |   |   |-> 1.82e+00 sec 0.7% 1.1% 0.0% 98.9% 1.65e+00 30 luw.gradOpCtor [region]
|   |   |   |   |   |-> 7.70e-01 sec 0.3% 96.3% 0.0% 0.0% 2.03e+03 30 luw.gradCompute [region]
|   |   |   |   |   |   |-> 5.61e-01 sec 0.2% 95.1% 0.0% 4.9% 2.19e+03 30 clg.baseGrad [region]
|   |   |   |   |   |   |   |-> 3.43e-01 sec 0.1% 100.0% 0.0% ------ 30 computeGradTensorInternal [for]
|   |   |   |   |   |-> 2.88e-01 sec 0.1% 100.0% 0.0% ------ 30 addDivCorrectionToRhs [for]
|   |   |   |   |-> 1.01e+00 sec 0.4% 91.8% 0.0% 8.2% 1.66e+03 30 divlap.nonOrthCorr [region]
|   |   |   |   |   |-> 3.43e-01 sec 0.1% 100.0% 0.0% ------ 30 computeGradTensorInternal [for]
|   |   |   |-> 3.67e-01 sec 0.1% 87.5% 0.0% 12.5% 2.29e+03 30 assemble.explicitSource [region]
|   |   |-> 3.64e+00 sec 1.4% 0.0% 0.0% 100.0% 9.62e+00 30 ginkgo.createMtx [region]
|   |   |-> 2.35e+00 sec 0.9% 1.0% 0.0% 99.0% 1.15e+01 30 momentum.construct [region]
|   |   |-> 3.34e-01 sec 0.1% 94.6% 0.0% 5.4% 1.53e+03 30 assemble.explicitSource [region]
|   |-> 2.02e+01 sec 7.8% 12.4% 0.0% 50.8% 9.03e+02 30 neoSimpleFoam.turbulenceCorrect [region]
|   |   |-> 7.09e+00 sec 2.7% 0.0% 0.0% 100.0% 9.88e+00 60 ginkgo.createMtx [region]
|   |   |-> 1.09e+00 sec 0.4% 92.2% 0.0% 7.8% 3.45e+03 60 assemble.spatialImplicit [region]
|   |   |   |-> 4.78e-01 sec 0.2% 100.0% 0.0% ------ 60 computeGradInternal [for]
|   |   |-> 4.77e-01 sec 0.2% 100.0% 0.0% ------ 60 computeGradInternal [for]
|   |   |-> 3.43e-01 sec 0.1% 100.0% 0.0% ------ 30 computeGradTensorInternal [for]
|   |-> 3.14e+00 sec 1.2% 0.0% 0.0% 100.0% 0.00e+00 30 neoSimpleFoam.write [region]
|-> 4.50e+01 sec 17.3% 0.2% 0.0% 99.8% 1.98e+01 1 neoSimpleFoam.setup [region]

BOTTOM-UP TIME TREE:
<average time> <percent of total time> <percent time in Kokkos> <percent MPI imbalance> <number of calls> <name> [type]
===================
|-> 9.78e+01 sec 37.7% 0.0% 0.0% 0.0% 0.00e+00 30 neoSimpleFoam.pressureCorrector.pEqn [region]
|   |-> 9.78e+01 sec 37.7% 0.0% 0.0% 0.0% 0.00e+00 30 neoSimpleFoam.pressureCorrector [region]
|       |-> 9.78e+01 sec 37.7% 0.0% 0.0% 0.0% 0.00e+00 30 neoSimpleFoam.timeStep [region]
|-> 5.37e+01 sec 20.7% 0.0% 0.0% 0.0% 0.00e+00 120 ginkgo.solverSetup [region]
|   |-> 5.33e+01 sec 20.5% 0.0% 0.0% 0.0% 0.00e+00 30 neoSimpleFoam.pressureCorrector.pEqn [region]
|   |   |-> 5.33e+01 sec 20.5% 0.0% 0.0% 0.0% 0.00e+00 30 neoSimpleFoam.pressureCorrector [region]
|   |       |-> 5.33e+01 sec 20.5% 0.0% 0.0% 0.0% 0.00e+00 30 neoSimpleFoam.timeStep [region]
|-> 4.50e+01 sec 17.3% 0.0% 0.0% 0.0% 0.00e+00 1 neoSimpleFoam.setup [region]
|-> 1.39e+01 sec 5.4% 0.0% 0.0% 0.0% 0.00e+00 120 ginkgo.createMtx [region]
|   |-> 7.09e+00 sec 2.7% 0.0% 0.0% 0.0% 0.00e+00 60 neoSimpleFoam.turbulenceCorrect [region]
|   |   |-> 7.09e+00 sec 2.7% 0.0% 0.0% 0.0% 0.00e+00 60 neoSimpleFoam.timeStep [region]
|   |-> 3.64e+00 sec 1.4% 0.0% 0.0% 0.0% 0.00e+00 30 neoSimpleFoam.momentumPredictor [region]
|   |   |-> 3.64e+00 sec 1.4% 0.0% 0.0% 0.0% 0.00e+00 30 neoSimpleFoam.timeStep [region]
|   |-> 3.21e+00 sec 1.2% 0.0% 0.0% 0.0% 0.00e+00 30 neoSimpleFoam.pressureCorrector.pEqn [region]
|       |-> 3.21e+00 sec 1.2% 0.0% 0.0% 0.0% 0.00e+00 30 neoSimpleFoam.pressureCorrector [region]
|           |-> 3.21e+00 sec 1.2% 0.0% 0.0% 0.0% 0.00e+00 30 neoSimpleFoam.timeStep [region]
|-> 1.10e+01 sec 4.2% 0.0% 0.0% 0.0% 0.00e+00 30 neoSimpleFoam.pressureCorrector [region]
|   |-> 1.10e+01 sec 4.2% 0.0% 0.0% 0.0% 0.00e+00 30 neoSimpleFoam.timeStep [region]
|-> 1.02e+01 sec 3.9% 0.0% 0.0% 0.0% 0.00e+00 30 neoSimpleFoam.turbulenceCorrect [region]
|   |-> 1.02e+01 sec 3.9% 0.0% 0.0% 0.0% 0.00e+00 30 neoSimpleFoam.timeStep [region]
|-> 4.84e+00 sec 1.9% 0.0% 0.0% 0.0% 0.00e+00 30 neoSimpleFoam.momentumPredictor [region]
|   |-> 4.84e+00 sec 1.9% 0.0% 0.0% 0.0% 0.00e+00 30 neoSimpleFoam.timeStep [region]
|-> 4.73e+00 sec 1.8% 0.0% 0.0% 0.0% 0.00e+00 30 luw.applyCorr [region]
|   |-> 4.73e+00 sec 1.8% 0.0% 0.0% 0.0% 0.00e+00 30 divlap.deferredCorr [region]
|       |-> 4.73e+00 sec 1.8% 0.0% 0.0% 0.0% 0.00e+00 30 assemble.spatialImplicit [region]
|           |-> 4.73e+00 sec 1.8% 0.0% 0.0% 0.0% 0.00e+00 30 momentum.assemble [region]
|               |-> 4.73e+00 sec 1.8% 0.0% 0.0% 0.0% 0.00e+00 30 neoSimpleFoam.momentumPredictor [region]
|                   |-> 4.73e+00 sec 1.8% 0.0% 0.0% 0.0% 0.00e+00 30 neoSimpleFoam.timeStep [region]
|-> 3.14e+00 sec 1.2% 0.0% 0.0% 0.0% 0.00e+00 30 neoSimpleFoam.write [region]
|   |-> 3.14e+00 sec 1.2% 0.0% 0.0% 0.0% 0.00e+00 30 neoSimpleFoam.timeStep [region]
|-> 2.32e+00 sec 0.9% 0.0% 0.0% 0.0% 0.00e+00 30 momentum.construct [region]
|   |-> 2.32e+00 sec 0.9% 0.0% 0.0% 0.0% 0.00e+00 30 neoSimpleFoam.momentumPredictor [region]
|       |-> 2.32e+00 sec 0.9% 0.0% 0.0% 0.0% 0.00e+00 30 neoSimpleFoam.timeStep [region]
|-> 2.16e+00 sec 0.8% 100.0% 0.0% ------ 272 computeGradInternal [for]
|   |-> 7.16e-01 sec 0.3% 100.0% 0.0% 0.0% 0.00e+00 90 assemble.spatialImplicit [region]
|   |   |-> 4.78e-01 sec 0.2% 100.0% 0.0% 0.0% 0.00e+00 60 neoSimpleFoam.turbulenceCorrect [region]
|   |   |   |-> 4.78e-01 sec 0.2% 100.0% 0.0% 0.0% 0.00e+00 60 neoSimpleFoam.timeStep [region]
|   |-> 7.16e-01 sec 0.3% 100.0% 0.0% 0.0% 0.00e+00 90 neoSimpleFoam.pressureCorrector [region]
|   |   |-> 7.16e-01 sec 0.3% 100.0% 0.0% 0.0% 0.00e+00 90 neoSimpleFoam.timeStep [region]
|   |-> 4.77e-01 sec 0.2% 100.0% 0.0% 0.0% 0.00e+00 60 neoSimpleFoam.turbulenceCorrect [region]
|   |   |-> 4.77e-01 sec 0.2% 100.0% 0.0% 0.0% 0.00e+00 60 neoSimpleFoam.timeStep [region]
|-> 1.80e+00 sec 0.7% 0.0% 0.0% 0.0% 0.00e+00 30 luw.gradOpCtor [region]
|   |-> 1.80e+00 sec 0.7% 0.0% 0.0% 0.0% 0.00e+00 30 divlap.deferredCorr [region]
|       |-> 1.80e+00 sec 0.7% 0.0% 0.0% 0.0% 0.00e+00 30 assemble.spatialImplicit [region]
|           |-> 1.80e+00 sec 0.7% 0.0% 0.0% 0.0% 0.00e+00 30 momentum.assemble [region]
|               |-> 1.80e+00 sec 0.7% 0.0% 0.0% 0.0% 0.00e+00 30 neoSimpleFoam.momentumPredictor [region]
|                   |-> 1.80e+00 sec 0.7% 0.0% 0.0% 0.0% 0.00e+00 30 neoSimpleFoam.timeStep [region]
|-> 1.16e+00 sec 0.4% 100.0% 0.0% ------ 9368 fill [for]
|-> 1.04e+00 sec 0.4% 100.0% 0.0% ------ 91 computeGradTensorInternal [for]
|   |-> 3.43e-01 sec 0.1% 100.0% 0.0% 0.0% 0.00e+00 30 divlap.nonOrthCorr [region]
|   |   |-> 3.43e-01 sec 0.1% 100.0% 0.0% 0.0% 0.00e+00 30 assemble.spatialImplicit [region]
|   |       |-> 3.43e-01 sec 0.1% 100.0% 0.0% 0.0% 0.00e+00 30 momentum.assemble [region]
|   |           |-> 3.43e-01 sec 0.1% 100.0% 0.0% 0.0% 0.00e+00 30 neoSimpleFoam.momentumPredictor [region]
|   |               |-> 3.43e-01 sec 0.1% 100.0% 0.0% 0.0% 0.00e+00 30 neoSimpleFoam.timeStep [region]
|   |-> 3.43e-01 sec 0.1% 100.0% 0.0% 0.0% 0.00e+00 30 clg.baseGrad [region]
|   |   |-> 3.43e-01 sec 0.1% 100.0% 0.0% 0.0% 0.00e+00 30 luw.gradCompute [region]
|   |       |-> 3.43e-01 sec 0.1% 100.0% 0.0% 0.0% 0.00e+00 30 divlap.deferredCorr [region]
|   |           |-> 3.43e-01 sec 0.1% 100.0% 0.0% 0.0% 0.00e+00 30 assemble.spatialImplicit [region]
|   |               |-> 3.43e-01 sec 0.1% 100.0% 0.0% 0.0% 0.00e+00 30 momentum.assemble [region]
|   |                   |-> 3.43e-01 sec 0.1% 100.0% 0.0% 0.0% 0.00e+00 30 neoSimpleFoam.momentumPredictor [region]
|   |                       |-> 3.43e-01 sec 0.1% 100.0% 0.0% 0.0% 0.00e+00 30 neoSimpleFoam.timeStep [region]
|   |-> 3.43e-01 sec 0.1% 100.0% 0.0% 0.0% 0.00e+00 30 neoSimpleFoam.turbulenceCorrect [region]
|   |   |-> 3.43e-01 sec 0.1% 100.0% 0.0% 0.0% 0.00e+00 30 neoSimpleFoam.timeStep [region]
|-> 3.21e-01 sec 0.1% 100.0% 0.0% ------ 120 computeLaplacianImplicitCorrection [for]
|-> 2.88e-01 sec 0.1% 100.0% 0.0% ------ 30 addDivCorrectionToRhs [for]
|   |-> 2.88e-01 sec 0.1% 100.0% 0.0% 0.0% 0.00e+00 30 divlap.deferredCorr [region]
|       |-> 2.88e-01 sec 0.1% 100.0% 0.0% 0.0% 0.00e+00 30 assemble.spatialImplicit [region]
|           |-> 2.88e-01 sec 0.1% 100.0% 0.0% 0.0% 0.00e+00 30 momentum.assemble [region]
|               |-> 2.88e-01 sec 0.1% 100.0% 0.0% 0.0% 0.00e+00 30 neoSimpleFoam.momentumPredictor [region]
|                   |-> 2.88e-01 sec 0.1% 100.0% 0.0% 0.0% 0.00e+00 30 neoSimpleFoam.timeStep [region]

KOKKOS HOST SPACE:
===================
MAX MEMORY ALLOCATED: 1287770.6 kB
ALLOCATIONS AT TIME OF HIGH WATER MARK:
  29.9% neoSimpleFoam.timeStep/neoSimpleFoam.momentumPredictor/momentum.assemble/assemble.spatialImplicit/divlap.deferredCorr/luw.gradOpCtor/Vector
  29.9% neoSimpleFoam.timeStep/neoSimpleFoam.momentumPredictor/momentum.assemble/assemble.spatialImplicit/divlap.deferredCorr/luw.gradOpCtor/Vector
  15.4% neoSimpleFoam.timeStep/neoSimpleFoam.momentumPredictor/momentum.assemble/assemble.spatialImplicit/divlap.deferredCorr/luw.gradOpCtor/Vector
  14.9% neoSimpleFoam.timeStep/neoSimpleFoam.momentumPredictor/momentum.assemble/assemble.spatialImplicit/divlap.deferredCorr/luw.gradOpCtor/Vector
  5.0% neoSimpleFoam.timeStep/neoSimpleFoam.momentumPredictor/momentum.assemble/assemble.spatialImplicit/divlap.deferredCorr/luw.gradOpCtor/Vector
  5.0% neoSimpleFoam.timeStep/neoSimpleFoam.momentumPredictor/momentum.assemble/assemble.spatialImplicit/divlap.deferredCorr/luw.gradOpCtor/Vector

KOKKOS CUDA SPACE:
===================
MAX MEMORY ALLOCATED: 0.0 kB
ALLOCATIONS AT TIME OF HIGH WATER MARK:

KOKKOS HIP SPACE:
===================
MAX MEMORY ALLOCATED: 0.0 kB
ALLOCATIONS AT TIME OF HIGH WATER MARK:

KOKKOS SYCL SPACE:
===================
MAX MEMORY ALLOCATED: 0.0 kB
ALLOCATIONS AT TIME OF HIGH WATER MARK:

KOKKOS OpenMPTarget SPACE:
===================
MAX MEMORY ALLOCATED: 0.0 kB
ALLOCATIONS AT TIME OF HIGH WATER MARK:

Host process high water mark memory consumption: 14451292 kB

END KOKKOS PROFILING REPORT.

BEGIN KOKKOS PROFILING REPORT:
TOTAL TIME: 260.084333496 seconds
TOP-DOWN TIME TREE:
<average time> <percent of total time> <percent time in Kokkos> <percent MPI imbalance> <remainder> <kernels per second> <number of calls> <name> [type]
===================
|-> 2.11e+02 sec 81.2% 3.6% 0.0% 0.0% 2.61e+02 30 neoSimpleFoam.timeStep [region]
|   |-> 1.67e+02 sec 64.3% 1.2% 0.0% 6.5% 1.64e+02 30 neoSimpleFoam.pressureCorrector [region]
|   |   |-> 1.55e+02 sec 59.6% 0.4% 0.0% 63.2% 2.99e+01 30 neoSimpleFoam.pressureCorrector.pEqn [region]
|   |   |   |-> 5.33e+01 sec 20.5% 0.0% 0.0% 100.0% 0.00e+00 30 ginkgo.solverSetup [region]
|   |   |   |-> 3.19e+00 sec 1.2% 0.0% 0.0% 100.0% 1.10e+01 30 ginkgo.createMtx [region]
|   |   |   |-> 4.97e-01 sec 0.2% 91.7% 0.0% 8.3% 4.59e+03 30 assemble.spatialImplicit [region]
|   |   |-> 7.31e-01 sec 0.3% 100.0% 0.0% ------ 90 computeGradInternal [for]
|   |-> 2.07e+01 sec 8.0% 15.2% 0.0% 23.3% 3.27e+02 30 neoSimpleFoam.momentumPredictor [region]
|   |   |-> 9.44e+00 sec 3.6% 29.5% 0.0% 0.0% 6.55e+02 30 momentum.assemble [region]
|   |   |   |-> 9.00e+00 sec 3.5% 26.6% 0.0% 0.0% 5.74e+02 30 assemble.spatialImplicit [region]
|   |   |   |   |-> 7.81e+00 sec 3.0% 16.6% 0.0% 0.3% 3.58e+02 30 divlap.deferredCorr [region]
|   |   |   |   |   |-> 4.71e+00 sec 1.8% 1.0% 0.0% 99.0% 5.74e+01 30 luw.applyCorr [region]
|   |   |   |   |   |-> 1.79e+00 sec 0.7% 1.1% 0.0% 98.9% 1.67e+00 30 luw.gradOpCtor [region]
|   |   |   |   |   |-> 7.84e-01 sec 0.3% 96.1% 0.0% 0.0% 2.64e+03 30 luw.gradCompute [region]
|   |   |   |   |   |   |-> 5.72e-01 sec 0.2% 94.9% 0.0% 5.1% 3.04e+03 30 clg.baseGrad [region]
|   |   |   |   |   |   |   |-> 3.42e-01 sec 0.1% 100.0% 0.0% ------ 30 computeGradTensorInternal [for]
|   |   |   |   |   |-> 2.95e-01 sec 0.1% 100.0% 0.0% ------ 30 addDivCorrectionToRhs [for]
|   |   |   |   |-> 1.04e+00 sec 0.4% 91.8% 0.0% 8.2% 2.11e+03 30 divlap.nonOrthCorr [region]
|   |   |   |   |   |-> 3.42e-01 sec 0.1% 100.0% 0.0% ------ 30 computeGradTensorInternal [for]
|   |   |   |-> 3.79e-01 sec 0.1% 87.2% 0.0% 12.8% 2.22e+03 30 assemble.explicitSource [region]
|   |   |-> 3.64e+00 sec 1.4% 0.0% 0.0% 100.0% 9.61e+00 30 ginkgo.createMtx [region]
|   |   |-> 2.35e+00 sec 0.9% 1.1% 0.0% 98.9% 1.15e+01 30 momentum.construct [region]
|   |   |-> 3.42e-01 sec 0.1% 94.5% 0.0% 5.5% 1.49e+03 30 assemble.explicitSource [region]
|   |-> 2.02e+01 sec 7.8% 12.9% 0.0% 50.3% 1.03e+03 30 neoSimpleFoam.turbulenceCorrect [region]
|   |   |-> 7.06e+00 sec 2.7% 0.0% 0.0% 100.0% 9.91e+00 60 ginkgo.createMtx [region]
|   |   |-> 1.14e+00 sec 0.4% 92.0% 0.0% 8.0% 4.22e+03 60 assemble.spatialImplicit [region]
|   |   |   |-> 4.87e-01 sec 0.2% 100.0% 0.0% ------ 60 computeGradInternal [for]
|   |   |-> 4.87e-01 sec 0.2% 100.0% 0.0% ------ 60 computeGradInternal [for]
|   |   |-> 3.42e-01 sec 0.1% 100.0% 0.0% ------ 30 computeGradTensorInternal [for]
|   |-> 3.15e+00 sec 1.2% 0.0% 0.0% 100.0% 0.00e+00 30 neoSimpleFoam.write [region]
|-> 4.50e+01 sec 17.3% 0.2% 0.0% 99.8% 2.22e+01 1 neoSimpleFoam.setup [region]

BOTTOM-UP TIME TREE:
<average time> <percent of total time> <percent time in Kokkos> <percent MPI imbalance> <number of calls> <name> [type]
===================
|-> 9.78e+01 sec 37.6% 0.0% 0.0% 0.0% 0.00e+00 30 neoSimpleFoam.pressureCorrector.pEqn [region]
|   |-> 9.78e+01 sec 37.6% 0.0% 0.0% 0.0% 0.00e+00 30 neoSimpleFoam.pressureCorrector [region]
|       |-> 9.78e+01 sec 37.6% 0.0% 0.0% 0.0% 0.00e+00 30 neoSimpleFoam.timeStep [region]
|-> 5.37e+01 sec 20.6% 0.0% 0.0% 0.0% 0.00e+00 120 ginkgo.solverSetup [region]
|   |-> 5.33e+01 sec 20.5% 0.0% 0.0% 0.0% 0.00e+00 30 neoSimpleFoam.pressureCorrector.pEqn [region]
|   |   |-> 5.33e+01 sec 20.5% 0.0% 0.0% 0.0% 0.00e+00 30 neoSimpleFoam.pressureCorrector [region]
|   |       |-> 5.33e+01 sec 20.5% 0.0% 0.0% 0.0% 0.00e+00 30 neoSimpleFoam.timeStep [region]
|-> 4.50e+01 sec 17.3% 0.0% 0.0% 0.0% 0.00e+00 1 neoSimpleFoam.setup [region]
|-> 1.39e+01 sec 5.3% 0.0% 0.0% -0.0% 0.00e+00 120 ginkgo.createMtx [region]
|   |-> 7.06e+00 sec 2.7% 0.0% 0.0% 0.0% 0.00e+00 60 neoSimpleFoam.turbulenceCorrect [region]
|   |   |-> 7.06e+00 sec 2.7% 0.0% 0.0% 0.0% 0.00e+00 60 neoSimpleFoam.timeStep [region]
|   |-> 3.64e+00 sec 1.4% 0.0% 0.0% 0.0% 0.00e+00 30 neoSimpleFoam.momentumPredictor [region]
|   |   |-> 3.64e+00 sec 1.4% 0.0% 0.0% 0.0% 0.00e+00 30 neoSimpleFoam.timeStep [region]
|   |-> 3.19e+00 sec 1.2% 0.0% 0.0% 0.0% 0.00e+00 30 neoSimpleFoam.pressureCorrector.pEqn [region]
|       |-> 3.19e+00 sec 1.2% 0.0% 0.0% 0.0% 0.00e+00 30 neoSimpleFoam.pressureCorrector [region]
|           |-> 3.19e+00 sec 1.2% 0.0% 0.0% 0.0% 0.00e+00 30 neoSimpleFoam.timeStep [region]
|-> 1.09e+01 sec 4.2% 0.0% 0.0% 0.0% 0.00e+00 30 neoSimpleFoam.pressureCorrector [region]
|   |-> 1.09e+01 sec 4.2% 0.0% 0.0% 0.0% 0.00e+00 30 neoSimpleFoam.timeStep [region]
|-> 1.02e+01 sec 3.9% 0.0% 0.0% 0.0% 0.00e+00 30 neoSimpleFoam.turbulenceCorrect [region]
|   |-> 1.02e+01 sec 3.9% 0.0% 0.0% 0.0% 0.00e+00 30 neoSimpleFoam.timeStep [region]
|-> 4.83e+00 sec 1.9% 0.0% 0.0% 0.0% 0.00e+00 30 neoSimpleFoam.momentumPredictor [region]
|   |-> 4.83e+00 sec 1.9% 0.0% 0.0% 0.0% 0.00e+00 30 neoSimpleFoam.timeStep [region]
|-> 4.66e+00 sec 1.8% 0.0% 0.0% 0.0% 0.00e+00 30 luw.applyCorr [region]
|   |-> 4.66e+00 sec 1.8% 0.0% 0.0% 0.0% 0.00e+00 30 divlap.deferredCorr [region]
|       |-> 4.66e+00 sec 1.8% 0.0% 0.0% 0.0% 0.00e+00 30 assemble.spatialImplicit [region]
|           |-> 4.66e+00 sec 1.8% 0.0% 0.0% 0.0% 0.00e+00 30 momentum.assemble [region]
|               |-> 4.66e+00 sec 1.8% 0.0% 0.0% 0.0% 0.00e+00 30 neoSimpleFoam.momentumPredictor [region]
|                   |-> 4.66e+00 sec 1.8% 0.0% 0.0% 0.0% 0.00e+00 30 neoSimpleFoam.timeStep [region]
|-> 3.15e+00 sec 1.2% 0.0% 0.0% 0.0% 0.00e+00 30 neoSimpleFoam.write [region]
|   |-> 3.15e+00 sec 1.2% 0.0% 0.0% 0.0% 0.00e+00 30 neoSimpleFoam.timeStep [region]
|-> 2.32e+00 sec 0.9% 0.0% 0.0% 0.0% 0.00e+00 30 momentum.construct [region]
|   |-> 2.32e+00 sec 0.9% 0.0% 0.0% 0.0% 0.00e+00 30 neoSimpleFoam.momentumPredictor [region]
|       |-> 2.32e+00 sec 0.9% 0.0% 0.0% 0.0% 0.00e+00 30 neoSimpleFoam.timeStep [region]
|-> 2.21e+00 sec 0.8% 100.0% 0.0% ------ 272 computeGradInternal [for]
|   |-> 7.31e-01 sec 0.3% 100.0% 0.0% 0.0% 0.00e+00 90 neoSimpleFoam.pressureCorrector [region]
|   |   |-> 7.31e-01 sec 0.3% 100.0% 0.0% 0.0% 0.00e+00 90 neoSimpleFoam.timeStep [region]
|   |-> 7.31e-01 sec 0.3% 100.0% 0.0% 0.0% 0.00e+00 90 assemble.spatialImplicit [region]
|   |   |-> 4.87e-01 sec 0.2% 100.0% 0.0% 0.0% 0.00e+00 60 neoSimpleFoam.turbulenceCorrect [region]
|   |   |   |-> 4.87e-01 sec 0.2% 100.0% 0.0% 0.0% 0.00e+00 60 neoSimpleFoam.timeStep [region]
|   |-> 4.87e-01 sec 0.2% 100.0% 0.0% 0.0% 0.00e+00 60 neoSimpleFoam.turbulenceCorrect [region]
|   |   |-> 4.87e-01 sec 0.2% 100.0% 0.0% 0.0% 0.00e+00 60 neoSimpleFoam.timeStep [region]
|-> 1.77e+00 sec 0.7% 0.0% 0.0% 0.0% 0.00e+00 30 luw.gradOpCtor [region]
|   |-> 1.77e+00 sec 0.7% 0.0% 0.0% 0.0% 0.00e+00 30 divlap.deferredCorr [region]
|       |-> 1.77e+00 sec 0.7% 0.0% 0.0% 0.0% 0.00e+00 30 assemble.spatialImplicit [region]
|           |-> 1.77e+00 sec 0.7% 0.0% 0.0% 0.0% 0.00e+00 30 momentum.assemble [region]
|               |-> 1.77e+00 sec 0.7% 0.0% 0.0% 0.0% 0.00e+00 30 neoSimpleFoam.momentumPredictor [region]
|                   |-> 1.77e+00 sec 0.7% 0.0% 0.0% 0.0% 0.00e+00 30 neoSimpleFoam.timeStep [region]
|-> 1.20e+00 sec 0.5% 100.0% 0.0% ------ 9368 fill [for]
|-> 1.04e+00 sec 0.4% 100.0% 0.0% ------ 91 computeGradTensorInternal [for]
|   |-> 3.42e-01 sec 0.1% 100.0% 0.0% 0.0% 0.00e+00 30 divlap.nonOrthCorr [region]
|   |   |-> 3.42e-01 sec 0.1% 100.0% 0.0% 0.0% 0.00e+00 30 assemble.spatialImplicit [region]
|   |       |-> 3.42e-01 sec 0.1% 100.0% 0.0% 0.0% 0.00e+00 30 momentum.assemble [region]
|   |           |-> 3.42e-01 sec 0.1% 100.0% 0.0% 0.0% 0.00e+00 30 neoSimpleFoam.momentumPredictor [region]
|   |               |-> 3.42e-01 sec 0.1% 100.0% 0.0% 0.0% 0.00e+00 30 neoSimpleFoam.timeStep [region]
|   |-> 3.42e-01 sec 0.1% 100.0% 0.0% 0.0% 0.00e+00 30 neoSimpleFoam.turbulenceCorrect [region]
|   |   |-> 3.42e-01 sec 0.1% 100.0% 0.0% 0.0% 0.00e+00 30 neoSimpleFoam.timeStep [region]
|   |-> 3.42e-01 sec 0.1% 100.0% 0.0% 0.0% 0.00e+00 30 clg.baseGrad [region]
|   |   |-> 3.42e-01 sec 0.1% 100.0% 0.0% 0.0% 0.00e+00 30 luw.gradCompute [region]
|   |       |-> 3.42e-01 sec 0.1% 100.0% 0.0% 0.0% 0.00e+00 30 divlap.deferredCorr [region]
|   |           |-> 3.42e-01 sec 0.1% 100.0% 0.0% 0.0% 0.00e+00 30 assemble.spatialImplicit [region]
|   |               |-> 3.42e-01 sec 0.1% 100.0% 0.0% 0.0% 0.00e+00 30 momentum.assemble [region]
|   |                   |-> 3.42e-01 sec 0.1% 100.0% 0.0% 0.0% 0.00e+00 30 neoSimpleFoam.momentumPredictor [region]
|   |                       |-> 3.42e-01 sec 0.1% 100.0% 0.0% 0.0% 0.00e+00 30 neoSimpleFoam.timeStep [region]
|-> 3.31e-01 sec 0.1% 100.0% 0.0% ------ 120 computeLaplacianImplicitCorrection [for]
|-> 2.95e-01 sec 0.1% 100.0% 0.0% ------ 30 addDivCorrectionToRhs [for]
|   |-> 2.95e-01 sec 0.1% 100.0% 0.0% 0.0% 0.00e+00 30 divlap.deferredCorr [region]
|       |-> 2.95e-01 sec 0.1% 100.0% 0.0% 0.0% 0.00e+00 30 assemble.spatialImplicit [region]
|           |-> 2.95e-01 sec 0.1% 100.0% 0.0% 0.0% 0.00e+00 30 momentum.assemble [region]
|               |-> 2.95e-01 sec 0.1% 100.0% 0.0% 0.0% 0.00e+00 30 neoSimpleFoam.momentumPredictor [region]
|                   |-> 2.95e-01 sec 0.1% 100.0% 0.0% 0.0% 0.00e+00 30 neoSimpleFoam.timeStep [region]

KOKKOS HOST SPACE:
===================
MAX MEMORY ALLOCATED: 1290732.5 kB
ALLOCATIONS AT TIME OF HIGH WATER MARK:
  29.9% neoSimpleFoam.timeStep/neoSimpleFoam.momentumPredictor/momentum.assemble/assemble.spatialImplicit/divlap.deferredCorr/luw.gradOpCtor/Vector
  29.9% neoSimpleFoam.timeStep/neoSimpleFoam.momentumPredictor/momentum.assemble/assemble.spatialImplicit/divlap.deferredCorr/luw.gradOpCtor/Vector
  15.5% neoSimpleFoam.timeStep/neoSimpleFoam.momentumPredictor/momentum.assemble/assemble.spatialImplicit/divlap.deferredCorr/luw.gradOpCtor/Vector
  14.9% neoSimpleFoam.timeStep/neoSimpleFoam.momentumPredictor/momentum.assemble/assemble.spatialImplicit/divlap.deferredCorr/luw.gradOpCtor/Vector
  4.9% neoSimpleFoam.timeStep/neoSimpleFoam.momentumPredictor/momentum.assemble/assemble.spatialImplicit/divlap.deferredCorr/luw.gradOpCtor/Vector
  4.9% neoSimpleFoam.timeStep/neoSimpleFoam.momentumPredictor/momentum.assemble/assemble.spatialImplicit/divlap.deferredCorr/luw.gradOpCtor/Vector

KOKKOS CUDA SPACE:
===================
MAX MEMORY ALLOCATED: 0.0 kB
ALLOCATIONS AT TIME OF HIGH WATER MARK:

KOKKOS HIP SPACE:
===================
MAX MEMORY ALLOCATED: 0.0 kB
ALLOCATIONS AT TIME OF HIGH WATER MARK:

KOKKOS SYCL SPACE:
===================
MAX MEMORY ALLOCATED: 0.0 kB
ALLOCATIONS AT TIME OF HIGH WATER MARK:

KOKKOS OpenMPTarget SPACE:
===================
MAX MEMORY ALLOCATED: 0.0 kB
ALLOCATIONS AT TIME OF HIGH WATER MARK:

Host process high water mark memory consumption: 14716940 kB

END KOKKOS PROFILING REPORT.
Finalizing NeoN

BEGIN KOKKOS PROFILING REPORT:
TOTAL TIME: 260.132181062 seconds
TOP-DOWN TIME TREE:
<average time> <percent of total time> <percent time in Kokkos> <percent MPI imbalance> <remainder> <kernels per second> <number of calls> <name> [type]
===================
|-> 2.11e+02 sec 81.3% 13.7% 0.0% 0.0% 2.68e+02 30 neoSimpleFoam.timeStep [region]
|   |-> 1.67e+02 sec 64.3% 6.4% 0.0% 2.1% 1.70e+02 30 neoSimpleFoam.pressureCorrector [region]
|   |   |-> 1.55e+02 sec 59.6% 1.3% 0.0% 62.9% 3.05e+01 30 neoSimpleFoam.pressureCorrector.pEqn [region]
|   |   |   |-> 5.34e+01 sec 20.5% 0.0% 0.0% 100.0% 0.00e+00 30 ginkgo.solverSetup [region]
|   |   |   |-> 1.84e+00 sec 0.7% 0.4% 0.0% 99.6% 1.91e+01 30 ginkgo.createMtx [region]
|   |   |   |-> 1.80e+00 sec 0.7% 87.5% 0.0% 12.5% 1.27e+03 30 assemble.spatialImplicit [region]
|   |   |   |   |-> 5.19e-01 sec 0.2% 100.0% 0.0% ------ 30 computeGradInternal [for]
|   |   |   |   |-> 4.43e-01 sec 0.2% 100.0% 0.0% ------ 1320 computeGradBoundaryRefGrad [for]
|   |   |-> 1.86e+00 sec 0.7% 100.0% 0.0% ------ 8250 extrapolateValue [for]
|   |   |-> 1.56e+00 sec 0.6% 100.0% 0.0% ------ 3960 computeGradBoundaryRefGrad [for]
|   |   |-> 1.34e+00 sec 0.5% 100.0% 0.0% ------ 3660 fill [for]
|   |   |-> 1.14e+00 sec 0.4% 100.0% 0.0% ------ 90 computeGradInternal [for]
|   |   |-> 7.87e-01 sec 0.3% 100.0% 0.0% ------ 2100 parallelFor [for]
|   |   |-> 3.70e-01 sec 0.1% 100.0% 0.0% ------ 1230 setFixedValueVolume [for]
|   |   |-> 3.59e-01 sec 0.1% 100.0% 0.0% ------ 1590 setGradientValue [for]
|   |-> 2.08e+01 sec 8.0% 38.9% 0.0% 23.0% 3.29e+02 30 neoSimpleFoam.momentumPredictor [region]
|   |   |-> 1.07e+01 sec 4.1% 68.7% 0.0% 0.0% 5.85e+02 30 momentum.assemble [region]
|   |   |   |-> 9.43e+00 sec 3.6% 67.4% 0.0% 0.0% 5.54e+02 30 assemble.spatialImplicit [region]
|   |   |   |   |-> 5.96e+00 sec 2.3% 53.6% 0.0% 3.8% 4.79e+02 30 divlap.deferredCorr [region]
|   |   |   |   |   |-> 2.15e+00 sec 0.8% 93.3% 0.0% 0.0% 9.61e+02 30 luw.gradCompute [region]
|   |   |   |   |   |   |-> 1.84e+00 sec 0.7% 92.2% 0.0% 7.8% 9.45e+02 30 clg.baseGrad [region]
|   |   |   |   |   |   |   |-> 6.46e-01 sec 0.2% 100.0% 0.0% ------ 1320 computeGradTensorBoundaryReconstruct [for]
|   |   |   |   |   |   |   |-> 4.84e-01 sec 0.2% 100.0% 0.0% ------ 210 fill [for]
|   |   |   |   |   |   |   |-> 4.17e-01 sec 0.2% 100.0% 0.0% ------ 30 computeGradTensorInternal [for]
|   |   |   |   |   |   |-> 3.14e-01 sec 0.1% 99.6% 0.0% 0.4% 1.05e+03 30 clg.limiter [region]
|   |   |   |   |   |-> 1.81e+00 sec 0.7% 1.1% 0.0% 98.9% 1.66e+00 30 luw.gradOpCtor [region]
|   |   |   |   |   |-> 8.49e-01 sec 0.3% 41.3% 0.0% 58.7% 3.89e+02 30 luw.applyCorr [region]
|   |   |   |   |   |-> 4.36e-01 sec 0.2% 100.0% 0.0% ------ 30 addDivCorrectionToRhs [for]
|   |   |   |   |   |-> 3.60e-01 sec 0.1% 70.6% 0.0% 29.4% 5.84e+02 30 luw.gradAlloc [region]
|   |   |   |   |-> 3.09e+00 sec 1.2% 90.0% 0.0% 10.0% 7.08e+02 30 divlap.nonOrthCorr [region]
|   |   |   |   |   |-> 8.04e-01 sec 0.3% 100.0% 0.0% ------ 1320 computeGradTensorBoundaryReconstruct [for]
|   |   |   |   |   |-> 6.98e-01 sec 0.3% 100.0% 0.0% ------ 30 computeGradTensorInternal [for]
|   |   |   |   |   |-> 6.22e-01 sec 0.2% 100.0% 0.0% ------ 601 fill [for]
|   |   |   |   |   |-> 3.68e-01 sec 0.1% 100.0% 0.0% ------ 30 computeLaplacianImplicitCorrection [for]
|   |   |   |-> 1.10e+00 sec 0.4% 76.4% 0.0% 23.6% 7.65e+02 30 assemble.explicitSource [region]
|   |   |   |   |-> 3.11e-01 sec 0.1% 100.0% 0.0% ------ 420 fill [for]
|   |   |-> 2.36e+00 sec 0.9% 1.3% 0.0% 98.7% 1.15e+01 30 momentum.construct [region]
|   |   |-> 1.86e+00 sec 0.7% 0.4% 0.0% 99.6% 1.88e+01 30 ginkgo.createMtx [region]
|   |   |-> 8.61e-01 sec 0.3% 82.1% 0.0% 17.9% 5.93e+02 30 assemble.explicitSource [region]
|   |   |   |-> 3.16e-01 sec 0.1% 100.0% 0.0% ------ 30 computeGradInternal [for]
|   |-> 2.02e+01 sec 7.8% 49.8% 0.0% 26.1% 1.06e+03 30 neoSimpleFoam.turbulenceCorrect [region]
|   |   |-> 3.85e+00 sec 1.5% 0.3% 0.0% 99.7% 1.82e+01 60 ginkgo.createMtx [region]
|   |   |-> 3.58e+00 sec 1.4% 84.6% 0.0% 15.4% 1.34e+03 60 assemble.spatialImplicit [region]
|   |   |   |-> 7.79e-01 sec 0.3% 100.0% 0.0% ------ 60 computeGradInternal [for]
|   |   |   |-> 6.39e-01 sec 0.2% 100.0% 0.0% ------ 1202 fill [for]
|   |   |   |-> 4.88e-01 sec 0.2% 100.0% 0.0% ------ 1440 computeGradBoundaryRefGrad [for]
|   |   |   |-> 3.04e-01 sec 0.1% 100.0% 0.0% ------ 1200 computeGradBoundaryFixedValue [for]
|   |   |   |-> 2.76e-01 sec 0.1% 100.0% 0.0% ------ 60 computeLocalGaussGreenDivLaplacianCoefficients [for]
|   |   |-> 7.46e-01 sec 0.3% 100.0% 0.0% ------ 1465 fill [for]
|   |   |-> 6.73e-01 sec 0.3% 100.0% 0.0% ------ 30 computeGradTensorInternal [for]
|   |   |-> 6.15e-01 sec 0.2% 100.0% 0.0% ------ 60 computeGradInternal [for]
|   |   |-> 6.12e-01 sec 0.2% 100.0% 0.0% ------ 1440 computeGradBoundaryRefGrad [for]
|   |   |-> 5.74e-01 sec 0.2% 100.0% 0.0% ------ 1200 computeGradBoundaryFixedValue [for]
|   |   |-> 4.89e-01 sec 0.2% 0.0% 0.0% 100.0% 0.00e+00 60 ginkgo.solverSetup [region]
|   |   |-> 4.81e-01 sec 0.2% 100.0% 0.0% ------ 1530 kOmegaSST::omegaWFGFeedback [for]
|   |   |-> 4.27e-01 sec 0.2% 100.0% 0.0% ------ 1320 computeGradTensorBoundaryReconstruct [for]
|   |   |-> 3.82e-01 sec 0.1% 100.0% 0.0% ------ 1650 extrapolateValue [for]
|   |   |-> 3.67e-01 sec 0.1% 100.0% 0.0% ------ 1530 setNutUSpaldingWallFunction [for]
|   |   |-> 3.48e-01 sec 0.1% 100.0% 0.0% ------ 1530 setOmegaWallFunction [for]
|   |   |-> 3.38e-01 sec 0.1% 100.0% 0.0% ------ 1590 setGradientValue [for]
|   |-> 3.14e+00 sec 1.2% 0.0% 0.0% 100.0% 0.00e+00 30 neoSimpleFoam.write [region]
|-> 4.50e+01 sec 17.3% 0.7% 0.0% 99.3% 2.34e+01 1 neoSimpleFoam.setup [region]

BOTTOM-UP TIME TREE:
<average time> <percent of total time> <percent time in Kokkos> <percent MPI imbalance> <number of calls> <name> [type]
===================
|-> 9.75e+01 sec 37.5% 0.0% 0.0% 0.0% 0.00e+00 30 neoSimpleFoam.pressureCorrector.pEqn [region]
|   |-> 9.75e+01 sec 37.5% 0.0% 0.0% 0.0% 0.00e+00 30 neoSimpleFoam.pressureCorrector [region]
|       |-> 9.75e+01 sec 37.5% 0.0% 0.0% 0.0% 0.00e+00 30 neoSimpleFoam.timeStep [region]
|-> 5.42e+01 sec 20.8% 0.0% 0.0% 0.0% 0.00e+00 120 ginkgo.solverSetup [region]
|   |-> 5.34e+01 sec 20.5% 0.0% 0.0% 0.0% 0.00e+00 30 neoSimpleFoam.pressureCorrector.pEqn [region]
|   |   |-> 5.34e+01 sec 20.5% 0.0% 0.0% 0.0% 0.00e+00 30 neoSimpleFoam.pressureCorrector [region]
|   |       |-> 5.34e+01 sec 20.5% 0.0% 0.0% 0.0% 0.00e+00 30 neoSimpleFoam.timeStep [region]
|   |-> 4.89e-01 sec 0.2% 0.0% 0.0% 0.0% 0.00e+00 60 neoSimpleFoam.turbulenceCorrect [region]
|   |   |-> 4.89e-01 sec 0.2% 0.0% 0.0% 0.0% 0.00e+00 60 neoSimpleFoam.timeStep [region]
|-> 4.47e+01 sec 17.2% 0.0% 0.0% 0.0% 0.00e+00 1 neoSimpleFoam.setup [region]
|-> 7.52e+00 sec 2.9% 0.0% 0.0% 0.0% 0.00e+00 120 ginkgo.createMtx [region]
|   |-> 3.84e+00 sec 1.5% 0.0% 0.0% 0.0% 0.00e+00 60 neoSimpleFoam.turbulenceCorrect [region]
|   |   |-> 3.84e+00 sec 1.5% 0.0% 0.0% 0.0% 0.00e+00 60 neoSimpleFoam.timeStep [region]
|   |-> 1.86e+00 sec 0.7% 0.0% 0.0% 0.0% 0.00e+00 30 neoSimpleFoam.momentumPredictor [region]
|   |   |-> 1.86e+00 sec 0.7% 0.0% 0.0% 0.0% 0.00e+00 30 neoSimpleFoam.timeStep [region]
|   |-> 1.83e+00 sec 0.7% 0.0% 0.0% 0.0% 0.00e+00 30 neoSimpleFoam.pressureCorrector.pEqn [region]
|       |-> 1.83e+00 sec 0.7% 0.0% 0.0% 0.0% 0.00e+00 30 neoSimpleFoam.pressureCorrector [region]
|           |-> 1.83e+00 sec 0.7% 0.0% 0.0% 0.0% 0.00e+00 30 neoSimpleFoam.timeStep [region]
|-> 5.28e+00 sec 2.0% 0.0% 0.0% 0.0% 0.00e+00 30 neoSimpleFoam.turbulenceCorrect [region]
|   |-> 5.28e+00 sec 2.0% 0.0% 0.0% 0.0% 0.00e+00 30 neoSimpleFoam.timeStep [region]
|-> 5.26e+00 sec 2.0% 100.0% 0.0% ------ 9832 fill [for]
|   |-> 1.34e+00 sec 0.5% 100.0% 0.0% 0.0% 0.00e+00 3660 neoSimpleFoam.pressureCorrector [region]
|   |   |-> 1.34e+00 sec 0.5% 100.0% 0.0% 0.0% 0.00e+00 3660 neoSimpleFoam.timeStep [region]
|   |-> 8.83e-01 sec 0.3% 100.0% 0.0% 0.0% 0.00e+00 1803 assemble.spatialImplicit [region]
|   |   |-> 6.39e-01 sec 0.2% 100.0% 0.0% 0.0% 0.00e+00 1202 neoSimpleFoam.turbulenceCorrect [region]
|   |   |   |-> 6.39e-01 sec 0.2% 100.0% 0.0% 0.0% 0.00e+00 1202 neoSimpleFoam.timeStep [region]
|   |-> 7.46e-01 sec 0.3% 100.0% 0.0% 0.0% 0.00e+00 1465 neoSimpleFoam.turbulenceCorrect [region]
|   |   |-> 7.46e-01 sec 0.3% 100.0% 0.0% 0.0% 0.00e+00 1465 neoSimpleFoam.timeStep [region]
|   |-> 6.22e-01 sec 0.2% 100.0% 0.0% 0.0% 0.00e+00 601 divlap.nonOrthCorr [region]
|   |   |-> 6.22e-01 sec 0.2% 100.0% 0.0% 0.0% 0.00e+00 601 assemble.spatialImplicit [region]
|   |       |-> 6.22e-01 sec 0.2% 100.0% 0.0% 0.0% 0.00e+00 601 momentum.assemble [region]
|   |           |-> 6.22e-01 sec 0.2% 100.0% 0.0% 0.0% 0.00e+00 601 neoSimpleFoam.momentumPredictor [region]
|   |               |-> 6.22e-01 sec 0.2% 100.0% 0.0% 0.0% 0.00e+00 601 neoSimpleFoam.timeStep [region]
|   |-> 4.84e-01 sec 0.2% 100.0% 0.0% 0.0% 0.00e+00 210 clg.baseGrad [region]
|   |   |-> 4.84e-01 sec 0.2% 100.0% 0.0% 0.0% 0.00e+00 210 luw.gradCompute [region]
|   |       |-> 4.84e-01 sec 0.2% 100.0% 0.0% 0.0% 0.00e+00 210 divlap.deferredCorr [region]
|   |           |-> 4.84e-01 sec 0.2% 100.0% 0.0% 0.0% 0.00e+00 210 assemble.spatialImplicit [region]
|   |               |-> 4.84e-01 sec 0.2% 100.0% 0.0% 0.0% 0.00e+00 210 momentum.assemble [region]
|   |                   |-> 4.84e-01 sec 0.2% 100.0% 0.0% 0.0% 0.00e+00 210 neoSimpleFoam.momentumPredictor [region]
|   |                       |-> 4.84e-01 sec 0.2% 100.0% 0.0% 0.0% 0.00e+00 210 neoSimpleFoam.timeStep [region]
|   |-> 4.49e-01 sec 0.2% 100.0% 0.0% 0.0% 0.00e+00 780 assemble.explicitSource [region]
|   |   |-> 3.11e-01 sec 0.1% 100.0% 0.0% 0.0% 0.00e+00 420 momentum.assemble [region]
|   |   |   |-> 3.11e-01 sec 0.1% 100.0% 0.0% 0.0% 0.00e+00 420 neoSimpleFoam.momentumPredictor [region]
|   |   |       |-> 3.11e-01 sec 0.1% 100.0% 0.0% 0.0% 0.00e+00 420 neoSimpleFoam.timeStep [region]
|-> 4.78e+00 sec 1.8% 0.0% 0.0% 0.0% 0.00e+00 30 neoSimpleFoam.momentumPredictor [region]
|   |-> 4.78e+00 sec 1.8% 0.0% 0.0% 0.0% 0.00e+00 30 neoSimpleFoam.timeStep [region]
|-> 3.50e+00 sec 1.3% 0.0% 0.0% 0.0% 0.00e+00 30 neoSimpleFoam.pressureCorrector [region]
|   |-> 3.50e+00 sec 1.3% 0.0% 0.0% 0.0% 0.00e+00 30 neoSimpleFoam.timeStep [region]
|-> 3.39e+00 sec 1.3% 100.0% 0.0% ------ 272 computeGradInternal [for]
|   |-> 1.30e+00 sec 0.5% 100.0% 0.0% 0.0% 0.00e+00 90 assemble.spatialImplicit [region]
|   |   |-> 7.79e-01 sec 0.3% 100.0% 0.0% 0.0% 0.00e+00 60 neoSimpleFoam.turbulenceCorrect [region]
|   |   |   |-> 7.79e-01 sec 0.3% 100.0% 0.0% 0.0% 0.00e+00 60 neoSimpleFoam.timeStep [region]
|   |   |-> 5.19e-01 sec 0.2% 100.0% 0.0% 0.0% 0.00e+00 30 neoSimpleFoam.pressureCorrector.pEqn [region]
|   |       |-> 5.19e-01 sec 0.2% 100.0% 0.0% 0.0% 0.00e+00 30 neoSimpleFoam.pressureCorrector [region]
|   |           |-> 5.19e-01 sec 0.2% 100.0% 0.0% 0.0% 0.00e+00 30 neoSimpleFoam.timeStep [region]
|   |-> 1.14e+00 sec 0.4% 100.0% 0.0% 0.0% 0.00e+00 90 neoSimpleFoam.pressureCorrector [region]
|   |   |-> 1.14e+00 sec 0.4% 100.0% 0.0% 0.0% 0.00e+00 90 neoSimpleFoam.timeStep [region]
|   |-> 6.15e-01 sec 0.2% 100.0% 0.0% 0.0% 0.00e+00 60 neoSimpleFoam.turbulenceCorrect [region]
|   |   |-> 6.15e-01 sec 0.2% 100.0% 0.0% 0.0% 0.00e+00 60 neoSimpleFoam.timeStep [region]
|   |-> 3.16e-01 sec 0.1% 100.0% 0.0% 0.0% 0.00e+00 30 assemble.explicitSource [region]
|   |   |-> 3.16e-01 sec 0.1% 100.0% 0.0% 0.0% 0.00e+00 30 neoSimpleFoam.momentumPredictor [region]
|   |       |-> 3.16e-01 sec 0.1% 100.0% 0.0% 0.0% 0.00e+00 30 neoSimpleFoam.timeStep [region]
|-> 3.14e+00 sec 1.2% 0.0% 0.0% 0.0% 0.00e+00 30 neoSimpleFoam.write [region]
|   |-> 3.14e+00 sec 1.2% 0.0% 0.0% 0.0% 0.00e+00 30 neoSimpleFoam.timeStep [region]
|-> 3.13e+00 sec 1.2% 100.0% 0.0% ------ 8208 computeGradBoundaryRefGrad [for]
|   |-> 1.56e+00 sec 0.6% 100.0% 0.0% 0.0% 0.00e+00 3960 neoSimpleFoam.pressureCorrector [region]
|   |   |-> 1.56e+00 sec 0.6% 100.0% 0.0% 0.0% 0.00e+00 3960 neoSimpleFoam.timeStep [region]
|   |-> 9.31e-01 sec 0.4% 100.0% 0.0% 0.0% 0.00e+00 2760 assemble.spatialImplicit [region]
|   |   |-> 4.88e-01 sec 0.2% 100.0% 0.0% 0.0% 0.00e+00 1440 neoSimpleFoam.turbulenceCorrect [region]
|   |   |   |-> 4.88e-01 sec 0.2% 100.0% 0.0% 0.0% 0.00e+00 1440 neoSimpleFoam.timeStep [region]
|   |   |-> 4.43e-01 sec 0.2% 100.0% 0.0% 0.0% 0.00e+00 1320 neoSimpleFoam.pressureCorrector.pEqn [region]
|   |       |-> 4.43e-01 sec 0.2% 100.0% 0.0% 0.0% 0.00e+00 1320 neoSimpleFoam.pressureCorrector [region]
|   |           |-> 4.43e-01 sec 0.2% 100.0% 0.0% 0.0% 0.00e+00 1320 neoSimpleFoam.timeStep [region]
|   |-> 6.12e-01 sec 0.2% 100.0% 0.0% 0.0% 0.00e+00 1440 neoSimpleFoam.turbulenceCorrect [region]
|   |   |-> 6.12e-01 sec 0.2% 100.0% 0.0% 0.0% 0.00e+00 1440 neoSimpleFoam.timeStep [region]
|-> 2.33e+00 sec 0.9% 0.0% 0.0% 0.0% 0.00e+00 30 momentum.construct [region]
|   |-> 2.33e+00 sec 0.9% 0.0% 0.0% 0.0% 0.00e+00 30 neoSimpleFoam.momentumPredictor [region]
|       |-> 2.33e+00 sec 0.9% 0.0% 0.0% 0.0% 0.00e+00 30 neoSimpleFoam.timeStep [region]
|-> 2.24e+00 sec 0.9% 100.0% 0.0% ------ 9955 extrapolateValue [for]
|   |-> 1.86e+00 sec 0.7% 100.0% 0.0% 0.0% 0.00e+00 8250 neoSimpleFoam.pressureCorrector [region]
|   |   |-> 1.86e+00 sec 0.7% 100.0% 0.0% 0.0% 0.00e+00 8250 neoSimpleFoam.timeStep [region]
|   |-> 3.82e-01 sec 0.1% 100.0% 0.0% 0.0% 0.00e+00 1650 neoSimpleFoam.turbulenceCorrect [region]
|   |   |-> 3.82e-01 sec 0.1% 100.0% 0.0% 0.0% 0.00e+00 1650 neoSimpleFoam.timeStep [region]
|-> 1.90e+00 sec 0.7% 100.0% 0.0% ------ 4004 computeGradTensorBoundaryReconstruct [for]
|   |-> 8.04e-01 sec 0.3% 100.0% 0.0% 0.0% 0.00e+00 1320 divlap.nonOrthCorr [region]
|   |   |-> 8.04e-01 sec 0.3% 100.0% 0.0% 0.0% 0.00e+00 1320 assemble.spatialImplicit [region]
|   |       |-> 8.04e-01 sec 0.3% 100.0% 0.0% 0.0% 0.00e+00 1320 momentum.assemble [region]
|   |           |-> 8.04e-01 sec 0.3% 100.0% 0.0% 0.0% 0.00e+00 1320 neoSimpleFoam.momentumPredictor [region]
|   |               |-> 8.04e-01 sec 0.3% 100.0% 0.0% 0.0% 0.00e+00 1320 neoSimpleFoam.timeStep [region]
|   |-> 6.46e-01 sec 0.2% 100.0% 0.0% 0.0% 0.00e+00 1320 clg.baseGrad [region]
|   |   |-> 6.46e-01 sec 0.2% 100.0% 0.0% 0.0% 0.00e+00 1320 luw.gradCompute [region]
|   |       |-> 6.46e-01 sec 0.2% 100.0% 0.0% 0.0% 0.00e+00 1320 divlap.deferredCorr [region]
|   |           |-> 6.46e-01 sec 0.2% 100.0% 0.0% 0.0% 0.00e+00 1320 assemble.spatialImplicit [region]
|   |               |-> 6.46e-01 sec 0.2% 100.0% 0.0% 0.0% 0.00e+00 1320 momentum.assemble [region]
|   |                   |-> 6.46e-01 sec 0.2% 100.0% 0.0% 0.0% 0.00e+00 1320 neoSimpleFoam.momentumPredictor [region]
|   |                       |-> 6.46e-01 sec 0.2% 100.0% 0.0% 0.0% 0.00e+00 1320 neoSimpleFoam.timeStep [region]
|   |-> 4.27e-01 sec 0.2% 100.0% 0.0% 0.0% 0.00e+00 1320 neoSimpleFoam.turbulenceCorrect [region]
|   |   |-> 4.27e-01 sec 0.2% 100.0% 0.0% 0.0% 0.00e+00 1320 neoSimpleFoam.timeStep [region]
|-> 1.81e+00 sec 0.7% 100.0% 0.0% ------ 91 computeGradTensorInternal [for]
|   |-> 6.98e-01 sec 0.3% 100.0% 0.0% 0.0% 0.00e+00 30 divlap.nonOrthCorr [region]
|   |   |-> 6.98e-01 sec 0.3% 100.0% 0.0% 0.0% 0.00e+00 30 assemble.spatialImplicit [region]
|   |       |-> 6.98e-01 sec 0.3% 100.0% 0.0% 0.0% 0.00e+00 30 momentum.assemble [region]
|   |           |-> 6.98e-01 sec 0.3% 100.0% 0.0% 0.0% 0.00e+00 30 neoSimpleFoam.momentumPredictor [region]
|   |               |-> 6.98e-01 sec 0.3% 100.0% 0.0% 0.0% 0.00e+00 30 neoSimpleFoam.timeStep [region]
|   |-> 6.73e-01 sec 0.3% 100.0% 0.0% 0.0% 0.00e+00 30 neoSimpleFoam.turbulenceCorrect [region]
|   |   |-> 6.73e-01 sec 0.3% 100.0% 0.0% 0.0% 0.00e+00 30 neoSimpleFoam.timeStep [region]
|   |-> 4.17e-01 sec 0.2% 100.0% 0.0% 0.0% 0.00e+00 30 clg.baseGrad [region]
|   |   |-> 4.17e-01 sec 0.2% 100.0% 0.0% 0.0% 0.00e+00 30 luw.gradCompute [region]
|   |       |-> 4.17e-01 sec 0.2% 100.0% 0.0% 0.0% 0.00e+00 30 divlap.deferredCorr [region]
|   |           |-> 4.17e-01 sec 0.2% 100.0% 0.0% 0.0% 0.00e+00 30 assemble.spatialImplicit [region]
|   |               |-> 4.17e-01 sec 0.2% 100.0% 0.0% 0.0% 0.00e+00 30 momentum.assemble [region]
|   |                   |-> 4.17e-01 sec 0.2% 100.0% 0.0% 0.0% 0.00e+00 30 neoSimpleFoam.momentumPredictor [region]
|   |                       |-> 4.17e-01 sec 0.2% 100.0% 0.0% 0.0% 0.00e+00 30 neoSimpleFoam.timeStep [region]
|-> 1.79e+00 sec 0.7% 0.0% 0.0% 0.0% 0.00e+00 30 luw.gradOpCtor [region]
|   |-> 1.79e+00 sec 0.7% 0.0% 0.0% 0.0% 0.00e+00 30 divlap.deferredCorr [region]
|       |-> 1.79e+00 sec 0.7% 0.0% 0.0% 0.0% 0.00e+00 30 assemble.spatialImplicit [region]
|           |-> 1.79e+00 sec 0.7% 0.0% 0.0% 0.0% 0.00e+00 30 momentum.assemble [region]
|               |-> 1.79e+00 sec 0.7% 0.0% 0.0% 0.0% 0.00e+00 30 neoSimpleFoam.momentumPredictor [region]
|                   |-> 1.79e+00 sec 0.7% 0.0% 0.0% 0.0% 0.00e+00 30 neoSimpleFoam.timeStep [region]
|-> 1.28e+00 sec 0.5% 100.0% 0.0% ------ 3102 parallelFor [for]
|   |-> 7.87e-01 sec 0.3% 100.0% 0.0% 0.0% 0.00e+00 2100 neoSimpleFoam.pressureCorrector [region]
|   |   |-> 7.87e-01 sec 0.3% 100.0% 0.0% 0.0% 0.00e+00 2100 neoSimpleFoam.timeStep [region]
|-> 8.91e-01 sec 0.3% 100.0% 0.0% ------ 2440 computeGradBoundaryFixedValue [for]
|   |-> 5.74e-01 sec 0.2% 100.0% 0.0% 0.0% 0.00e+00 1200 neoSimpleFoam.turbulenceCorrect [region]
|   |   |-> 5.74e-01 sec 0.2% 100.0% 0.0% 0.0% 0.00e+00 1200 neoSimpleFoam.timeStep [region]
|   |-> 3.04e-01 sec 0.1% 100.0% 0.0% 0.0% 0.00e+00 1200 assemble.spatialImplicit [region]
|   |   |-> 3.04e-01 sec 0.1% 100.0% 0.0% 0.0% 0.00e+00 1200 neoSimpleFoam.turbulenceCorrect [region]
|   |       |-> 3.04e-01 sec 0.1% 100.0% 0.0% 0.0% 0.00e+00 1200 neoSimpleFoam.timeStep [region]
|-> 8.69e-01 sec 0.3% 100.0% 0.0% ------ 4954 setGradientValue [for]
|   |-> 3.59e-01 sec 0.1% 100.0% 0.0% 0.0% 0.00e+00 1590 neoSimpleFoam.pressureCorrector [region]
|   |   |-> 3.59e-01 sec 0.1% 100.0% 0.0% 0.0% 0.00e+00 1590 neoSimpleFoam.timeStep [region]
|   |-> 3.38e-01 sec 0.1% 100.0% 0.0% 0.0% 0.00e+00 1590 neoSimpleFoam.turbulenceCorrect [region]
|   |   |-> 3.38e-01 sec 0.1% 100.0% 0.0% 0.0% 0.00e+00 1590 neoSimpleFoam.timeStep [region]
|-> 7.76e-01 sec 0.3% 0.0% 0.0% 0.0% 0.00e+00 120 assemble.spatialImplicit [region]
|   |-> 5.52e-01 sec 0.2% 0.0% 0.0% 0.0% 0.00e+00 60 neoSimpleFoam.turbulenceCorrect [region]
|   |   |-> 5.52e-01 sec 0.2% 0.0% 0.0% 0.0% 0.00e+00 60 neoSimpleFoam.timeStep [region]
|-> 5.24e-01 sec 0.2% 100.0% 0.0% ------ 553 computeLinearInterpolationInternal [for]
|-> 4.98e-01 sec 0.2% 0.0% 0.0% 0.0% 0.00e+00 30 luw.applyCorr [region]
|   |-> 4.98e-01 sec 0.2% 0.0% 0.0% 0.0% 0.00e+00 30 divlap.deferredCorr [region]
|       |-> 4.98e-01 sec 0.2% 0.0% 0.0% 0.0% 0.00e+00 30 assemble.spatialImplicit [region]
|           |-> 4.98e-01 sec 0.2% 0.0% 0.0% 0.0% 0.00e+00 30 momentum.assemble [region]
|               |-> 4.98e-01 sec 0.2% 0.0% 0.0% 0.0% 0.00e+00 30 neoSimpleFoam.momentumPredictor [region]
|                   |-> 4.98e-01 sec 0.2% 0.0% 0.0% 0.0% 0.00e+00 30 neoSimpleFoam.timeStep [region]
|-> 4.81e-01 sec 0.2% 100.0% 0.0% ------ 1530 kOmegaSST::omegaWFGFeedback [for]
|   |-> 4.81e-01 sec 0.2% 100.0% 0.0% 0.0% 0.00e+00 1530 neoSimpleFoam.turbulenceCorrect [region]
|       |-> 4.81e-01 sec 0.2% 100.0% 0.0% 0.0% 0.00e+00 1530 neoSimpleFoam.timeStep [region]
|-> 4.54e-01 sec 0.2% 100.0% 0.0% ------ 90 computeLocalGaussGreenDivLaplacianCoefficients [for]
|   |-> 2.76e-01 sec 0.1% 100.0% 0.0% 0.0% 0.00e+00 60 assemble.spatialImplicit [region]
|   |   |-> 2.76e-01 sec 0.1% 100.0% 0.0% 0.0% 0.00e+00 60 neoSimpleFoam.turbulenceCorrect [region]
|   |       |-> 2.76e-01 sec 0.1% 100.0% 0.0% 0.0% 0.00e+00 60 neoSimpleFoam.timeStep [region]
|-> 4.42e-01 sec 0.2% 100.0% 0.0% ------ 120 computeLaplacianImplicitCorrection [for]
|   |-> 3.68e-01 sec 0.1% 100.0% 0.0% 0.0% 0.00e+00 30 divlap.nonOrthCorr [region]
|   |   |-> 3.68e-01 sec 0.1% 100.0% 0.0% 0.0% 0.00e+00 30 assemble.spatialImplicit [region]
|   |       |-> 3.68e-01 sec 0.1% 100.0% 0.0% 0.0% 0.00e+00 30 momentum.assemble [region]
|   |           |-> 3.68e-01 sec 0.1% 100.0% 0.0% 0.0% 0.00e+00 30 neoSimpleFoam.momentumPredictor [region]
|   |               |-> 3.68e-01 sec 0.1% 100.0% 0.0% 0.0% 0.00e+00 30 neoSimpleFoam.timeStep [region]
|-> 4.36e-01 sec 0.2% 100.0% 0.0% ------ 30 addDivCorrectionToRhs [for]
|   |-> 4.36e-01 sec 0.2% 100.0% 0.0% 0.0% 0.00e+00 30 divlap.deferredCorr [region]
|       |-> 4.36e-01 sec 0.2% 100.0% 0.0% 0.0% 0.00e+00 30 assemble.spatialImplicit [region]
|           |-> 4.36e-01 sec 0.2% 100.0% 0.0% 0.0% 0.00e+00 30 momentum.assemble [region]
|               |-> 4.36e-01 sec 0.2% 100.0% 0.0% 0.0% 0.00e+00 30 neoSimpleFoam.momentumPredictor [region]
|                   |-> 4.36e-01 sec 0.2% 100.0% 0.0% 0.0% 0.00e+00 30 neoSimpleFoam.timeStep [region]
|-> 4.23e-01 sec 0.2% 0.0% 0.0% 0.0% 0.00e+00 150 assemble.explicitSource [region]
|-> 3.94e-01 sec 0.2% 100.0% 0.0% ------ 1445 setFixedValueVolume [for]
|   |-> 3.70e-01 sec 0.1% 100.0% 0.0% 0.0% 0.00e+00 1230 neoSimpleFoam.pressureCorrector [region]
|   |   |-> 3.70e-01 sec 0.1% 100.0% 0.0% 0.0% 0.00e+00 1230 neoSimpleFoam.timeStep [region]
|-> 3.79e-01 sec 0.1% 100.0% 0.0% ------ 1581 setNutUSpaldingWallFunction [for]
|   |-> 3.67e-01 sec 0.1% 100.0% 0.0% 0.0% 0.00e+00 1530 neoSimpleFoam.turbulenceCorrect [region]
|   |   |-> 3.67e-01 sec 0.1% 100.0% 0.0% 0.0% 0.00e+00 1530 neoSimpleFoam.timeStep [region]
|-> 3.57e-01 sec 0.1% 100.0% 0.0% ------ 553 computeLinearInterpolationBoundary [for]
|-> 3.48e-01 sec 0.1% 100.0% 0.0% ------ 1530 setOmegaWallFunction [for]
|   |-> 3.48e-01 sec 0.1% 100.0% 0.0% 0.0% 0.00e+00 1530 neoSimpleFoam.turbulenceCorrect [region]
|       |-> 3.48e-01 sec 0.1% 100.0% 0.0% 0.0% 0.00e+00 1530 neoSimpleFoam.timeStep [region]
|-> 3.31e-01 sec 0.1% 100.0% 0.0% ------ 1302 updateProcBoundaryOwnerValue [for]
|-> 3.10e-01 sec 0.1% 0.0% 0.0% 0.0% 0.00e+00 30 divlap.nonOrthCorr [region]
|   |-> 3.10e-01 sec 0.1% 0.0% 0.0% 0.0% 0.00e+00 30 assemble.spatialImplicit [region]
|       |-> 3.10e-01 sec 0.1% 0.0% 0.0% 0.0% 0.00e+00 30 momentum.assemble [region]
|           |-> 3.10e-01 sec 0.1% 0.0% 0.0% 0.0% 0.00e+00 30 neoSimpleFoam.momentumPredictor [region]
|               |-> 3.10e-01 sec 0.1% 0.0% 0.0% 0.0% 0.00e+00 30 neoSimpleFoam.timeStep [region]
|-> 2.98e-01 sec 0.1% 100.0% 0.0% ------ 553 computeLinearInterpolationProcBoundary [for]
|-> 2.72e-01 sec 0.1% 100.0% 0.0% ------ 272 computeGradBoundary [for]
|-> 2.62e-01 sec 0.1% 100.0% 0.0% ------ 432 setContainer [for]

KOKKOS HOST SPACE:
===================
MAX MEMORY ALLOCATED: 1290469.1 kB
ALLOCATIONS AT TIME OF HIGH WATER MARK:
  29.9% neoSimpleFoam.timeStep/neoSimpleFoam.momentumPredictor/momentum.assemble/assemble.spatialImplicit/divlap.deferredCorr/luw.gradOpCtor/Vector
  29.9% neoSimpleFoam.timeStep/neoSimpleFoam.momentumPredictor/momentum.assemble/assemble.spatialImplicit/divlap.deferredCorr/luw.gradOpCtor/Vector
  15.5% neoSimpleFoam.timeStep/neoSimpleFoam.momentumPredictor/momentum.assemble/assemble.spatialImplicit/divlap.deferredCorr/luw.gradOpCtor/Vector
  14.9% neoSimpleFoam.timeStep/neoSimpleFoam.momentumPredictor/momentum.assemble/assemble.spatialImplicit/divlap.deferredCorr/luw.gradOpCtor/Vector
  4.9% neoSimpleFoam.timeStep/neoSimpleFoam.momentumPredictor/momentum.assemble/assemble.spatialImplicit/divlap.deferredCorr/luw.gradOpCtor/Vector
  4.9% neoSimpleFoam.timeStep/neoSimpleFoam.momentumPredictor/momentum.assemble/assemble.spatialImplicit/divlap.deferredCorr/luw.gradOpCtor/Vector

KOKKOS CUDA SPACE:
===================
MAX MEMORY ALLOCATED: 0.0 kB
ALLOCATIONS AT TIME OF HIGH WATER MARK:

KOKKOS HIP SPACE:
===================
MAX MEMORY ALLOCATED: 0.0 kB
ALLOCATIONS AT TIME OF HIGH WATER MARK:

KOKKOS SYCL SPACE:
===================
MAX MEMORY ALLOCATED: 0.0 kB
ALLOCATIONS AT TIME OF HIGH WATER MARK:

KOKKOS OpenMPTarget SPACE:
===================
MAX MEMORY ALLOCATED: 0.0 kB
ALLOCATIONS AT TIME OF HIGH WATER MARK:

Host process high water mark memory consumption: 14747696 kB

END KOKKOS PROFILING REPORT.
Finalising parallel run
