/*---------------------------------------------------------------------------*\
| =========                 |                                                 |
| \\      /  F ield         | OpenFOAM: The Open Source CFD Toolbox           |
|  \\    /   O peration     | Version:  2506                                  |
|   \\  /    A nd           | Website:  www.openfoam.com                      |
|    \\/     M anipulation  |                                                 |
\*---------------------------------------------------------------------------*/
Build  : b050cd9480-20250814 OPENFOAM=2506 version=v2506
Arch   : "LSB;label=32;scalar=64"
Exec   : /storage/home/greole/code/NeoFOAM/build/profilingnvidia_h200/bin/neoSimpleFoam -parallel
Date   : Jul 09 2026
Time   : 18:49:07
Host   : gpu-nvidia-h200-2.int.coma-cluster.de
PID    : 563257
I/O    : uncollated
Case   : /storage/home/greole/code/NeoFOAM/occDrivAerStaticMesh
nProcs : 4
Hosts  :
(
    (gpu-nvidia-h200-2.int.coma-cluster.de 4)
)
Pstream initialized with:
    node communication : off [type=host] (4 ranks, 1 nodes)
    topology controls  : none
    consensus exchange : 0 (tuning: 0)
    exchange algorithm : 0
    commsType          : nonBlocking
    polling iterations : 0
trapFpe: Floating point exception trapping enabled (FOAM_SIGFPE).
fileModificationChecking : Monitoring run-time modified files using timeStampMaster (fileModificationSkew 5, maxFileModificationPolls 20)
allowSystemOperations : Allowing user-supplied system call operations

// * * * * * * * * * * * * * * * * * * * * * * * * * * * * * * * * * * * * * //
Create time

Initializing NeoN
Creating Executor GPU
Creating NeoFOAM runTime
GPU-aware MPI: library-available=yes, NeoN-flag=on, executor=GPUExecutor, ranks=4 -> used=yes

SIMPLE: no convergence criteria found. Calculations will run for 250 steps.

Reading field p

Reading field U

Reading/calculating face flux field phi

Selecting incompressible transport model Newtonian
NeoFOAM solver config (from fvSolution configFile) for 'config(Cg+Multigrid)':
{
    cacheSolver: false
    configFile: <NeoN::TokenList>
    l1ScaledResidual: true
    preconditionerRebuildInterval: 0
    relTol: 0.010000
    reportName: config(Cg+Multigrid)
    solver: Ginkgo
    tolerance: 0.000000
}
    effective optimize: false
    effective checkFrequency: 1
Mapping OpenFOAM solver settings to NeoN settings.
Currently, it is advisable to specify a configFile
for fine grained Ginkgo solver control

Replacing solver PBiCGStab by solver::Bicgstab
Replacing preconditioner diagonal by preconditioner::Schwarz (Schwarz-wrapped for distributed run)
NeoFOAM solver config (mapped from fvSolution) for 'Schwarz(Jacobi)+Bicgstab':
{
    cacheSolver: true
    criteria: {
        absolute_residual_norm: 0.000000
        initial_residual_norm: 0.100000
        iteration: 1000
    }
    l1ScaledResidual: true
    optimize: true
    preconditioner: {
        local_solver: {
            max_block_size: 1
            type: preconditioner::Jacobi
        }
        type: preconditioner::Schwarz
    }
    reportName: Schwarz(Jacobi)+Bicgstab
    solver: Ginkgo
    type: solver::Bicgstab
}
    effective optimize: true
    effective checkFrequency: 1
Creating phi

[NF][/storage/home/greole/code/NeoFOAM/include/NeoFOAM/auxiliary/readers.hpp::434]: Internal: 49333487, Boundary: 1754396

[NF][/storage/home/greole/code/NeoFOAM/include/NeoFOAM/auxiliary/readers.hpp::434]: Internal: 49320882, Boundary: 1762558

[NF][/storage/home/greole/code/NeoFOAM/include/NeoFOAM/auxiliary/readers.hpp::434]: Internal: 49261542, Boundary: 1427829

[NF][/storage/home/greole/code/NeoFOAM/include/NeoFOAM/auxiliary/readers.hpp::434]: Internal: 49243125, Boundary: 1362247
Selecting patchDistMethod meshWave
Mapping OpenFOAM solver settings to NeoN settings.
Currently, it is advisable to specify a configFile
for fine grained Ginkgo solver control

Replacing solver PBiCGStab by solver::Bicgstab
Replacing preconditioner diagonal by preconditioner::Schwarz (Schwarz-wrapped for distributed run)
NeoFOAM solver config (mapped from fvSolution) for 'Schwarz(Jacobi)+Bicgstab':
{
    cacheSolver: true
    criteria: {
        absolute_residual_norm: 0.000000
        initial_residual_norm: 0.100000
        iteration: 1000
    }
    l1ScaledResidual: true
    optimize: true
    preconditioner: {
        local_solver: {
            max_block_size: 1
            type: preconditioner::Jacobi
        }
        type: preconditioner::Schwarz
    }
    reportName: Schwarz(Jacobi)+Bicgstab
    solver: Ginkgo
    type: solver::Bicgstab
}
    effective optimize: true
    effective checkFrequency: 1
Mapping OpenFOAM solver settings to NeoN settings.
Currently, it is advisable to specify a configFile
for fine grained Ginkgo solver control

Replacing solver PBiCGStab by solver::Bicgstab
Replacing preconditioner diagonal by preconditioner::Schwarz (Schwarz-wrapped for distributed run)
NeoFOAM solver config (mapped from fvSolution) for 'Schwarz(Jacobi)+Bicgstab':
{
    cacheSolver: true
    criteria: {
        absolute_residual_norm: 0.000000
        initial_residual_norm: 0.100000
        iteration: 1000
    }
    l1ScaledResidual: true
    optimize: true
    preconditioner: {
        local_solver: {
            max_block_size: 1
            type: preconditioner::Jacobi
        }
        type: preconditioner::Schwarz
    }
    reportName: Schwarz(Jacobi)+Bicgstab
    solver: Ginkgo
    type: solver::Bicgstab
}
    effective optimize: true
    effective checkFrequency: 1
[mem] setup.end: DEVICE_POOL current=12979 MB  actual(reserved)=38146 MB  highWater=19132 MB
Starting time loop
Time = 1001
[mem] step-start: DEVICE_POOL current=12979 MB  actual(reserved)=38146 MB  highWater=19132 MB
Schwarz(Jacobi)+Bicgstab:  Solving for Ux, Initial residual = 7.915653595473963e-05, Final residual = 3.117924029466918e-06, No Iterations 3, Solve time = 235.014 ms
Schwarz(Jacobi)+Bicgstab:  Solving for Uy, Initial residual = 0.004031496388501875, Final residual = 0.00014160852369410662, No Iterations 3, Solve time = 235.014 ms
Schwarz(Jacobi)+Bicgstab:  Solving for Uz, Initial residual = 0.0011224948656558267, Final residual = 4.897539672892245e-05, No Iterations 3, Solve time = 235.014 ms
[mem] after-UEqn: DEVICE_POOL current=15473 MB  actual(reserved)=38146 MB  highWater=20761 MB
config(Cg+Multigrid):  Solving for p, Initial residual = 0.0013092178421721386, Final residual = 1.2924815755839315e-05, No Iterations 16, Solve time = 1875.885 ms
time step continuity errors : sum local = 3.2639455893267102e-06, global = 1.7893438450976108e-08, cumulative = 1.7893438450976108e-08
[mem] after-pEqn: DEVICE_POOL current=16941 MB  actual(reserved)=38146 MB  highWater=20761 MB
[GinkgoSolver] p-cache: rebuild(generate) solve=1 rebuildInterval=0
Schwarz(Jacobi)+Bicgstab:  Solving for omega, Initial residual = 1.30087877955678e-05, Final residual = 9.26993524730148e-07, No Iterations 2, Solve time = 74.635 ms
bounding omega, min: -36054.834896658176 max: 45355982.77769653 average: 6373.866867569566
[GinkgoSolver] p-cache: rebuild(generate) solve=1 rebuildInterval=0
Schwarz(Jacobi)+Bicgstab:  Solving for k, Initial residual = 0.00024224158740073344, Final residual = 9.449390167676373e-06, No Iterations 3, Solve time = 98.294 ms
bounding k, min: -2.4063416717437267e-05 max: 942.8722562744124 average: 9.152756754249689
[mem] after-turb: DEVICE_POOL current=19126 MB  actual(reserved)=38146 MB  highWater=21935 MB
ExecutionTime = 48.98 s  ClockTime = 50 s

Time = 1002
[mem] step-start: DEVICE_POOL current=19126 MB  actual(reserved)=38146 MB  highWater=21935 MB
Schwarz(Jacobi)+Bicgstab:  Solving for Ux, Initial residual = 7.875388075573669e-05, Final residual = 2.991935965500805e-06, No Iterations 3, Solve time = 224.031 ms
Schwarz(Jacobi)+Bicgstab:  Solving for Uy, Initial residual = 0.004033509278427703, Final residual = 0.0001404766132834788, No Iterations 3, Solve time = 224.031 ms
Schwarz(Jacobi)+Bicgstab:  Solving for Uz, Initial residual = 0.001119136698061683, Final residual = 4.124997318774736e-05, No Iterations 3, Solve time = 224.031 ms
[mem] after-UEqn: DEVICE_POOL current=19126 MB  actual(reserved)=38146 MB  highWater=24414 MB
config(Cg+Multigrid):  Solving for p, Initial residual = 0.0012781017206515391, Final residual = 1.2155901916278368e-05, No Iterations 18, Solve time = 2079.39 ms
time step continuity errors : sum local = 3.0705270756069336e-06, global = -1.859821492565555e-09, cumulative = 1.6033616958410553e-08
[mem] after-pEqn: DEVICE_POOL current=19126 MB  actual(reserved)=38146 MB  highWater=24414 MB
[GinkgoSolver] p-cache: reuse(update_matrix_value) solve=2 rebuildInterval=0
Schwarz(Jacobi)+Bicgstab:  Solving for omega, Initial residual = 1.3120330452229834e-05, Final residual = 8.757506235682428e-07, No Iterations 2, Solve time = 72.777 ms
bounding omega, min: -94853.88002898917 max: 45355982.85232817 average: 6373.591157013715
[GinkgoSolver] p-cache: reuse(update_matrix_value) solve=2 rebuildInterval=0
Schwarz(Jacobi)+Bicgstab:  Solving for k, Initial residual = 0.0002414923791959308, Final residual = 1.141120300859451e-05, No Iterations 2, Solve time = 72.377 ms
bounding k, min: -0.00029733678462933686 max: 934.338813977466 average: 9.15248856938291
[mem] after-turb: DEVICE_POOL current=19126 MB  actual(reserved)=38146 MB  highWater=24414 MB
ExecutionTime = 54.24 s  ClockTime = 55 s

Time = 1003
[mem] step-start: DEVICE_POOL current=19126 MB  actual(reserved)=38146 MB  highWater=24414 MB
Schwarz(Jacobi)+Bicgstab:  Solving for Ux, Initial residual = 7.857937007738702e-05, Final residual = 2.4110290410466644e-06, No Iterations 3, Solve time = 220.246 ms
Schwarz(Jacobi)+Bicgstab:  Solving for Uy, Initial residual = 0.004029976303852133, Final residual = 0.0001365912221202441, No Iterations 3, Solve time = 220.246 ms
Schwarz(Jacobi)+Bicgstab:  Solving for Uz, Initial residual = 0.0011176954682556584, Final residual = 3.907361793369036e-05, No Iterations 3, Solve time = 220.246 ms
[mem] after-UEqn: DEVICE_POOL current=19126 MB  actual(reserved)=38146 MB  highWater=24414 MB
config(Cg+Multigrid):  Solving for p, Initial residual = 0.00126910644443475, Final residual = 1.2443643269791412e-05, No Iterations 17, Solve time = 1978.325 ms
time step continuity errors : sum local = 3.1434564796529686e-06, global = -4.6856554617059465e-09, cumulative = 1.1347961496704608e-08
[mem] after-pEqn: DEVICE_POOL current=19126 MB  actual(reserved)=38146 MB  highWater=24414 MB
[GinkgoSolver] p-cache: reuse(update_matrix_value) solve=3 rebuildInterval=0
Schwarz(Jacobi)+Bicgstab:  Solving for omega, Initial residual = 1.2976860428291142e-05, Final residual = 8.49565106805002e-07, No Iterations 2, Solve time = 77.87 ms
bounding omega, min: -36305.92914933256 max: 45355982.94077153 average: 6373.460578923964
[GinkgoSolver] p-cache: reuse(update_matrix_value) solve=3 rebuildInterval=0
Schwarz(Jacobi)+Bicgstab:  Solving for k, Initial residual = 0.00024127533863275546, Final residual = 1.3112217300074943e-05, No Iterations 2, Solve time = 73.909 ms
bounding k, min: -0.0006910583396953062 max: 922.3277870569849 average: 9.152314771387987
[mem] after-turb: DEVICE_POOL current=19126 MB  actual(reserved)=38146 MB  highWater=24414 MB
ExecutionTime = 59.39 s  ClockTime = 60 s

Time = 1004
[mem] step-start: DEVICE_POOL current=19126 MB  actual(reserved)=38146 MB  highWater=24414 MB
Schwarz(Jacobi)+Bicgstab:  Solving for Ux, Initial residual = 7.84740250041967e-05, Final residual = 2.051068033732825e-06, No Iterations 3, Solve time = 223.197 ms
Schwarz(Jacobi)+Bicgstab:  Solving for Uy, Initial residual = 0.004024516631675615, Final residual = 0.0001330082198242799, No Iterations 3, Solve time = 223.197 ms
Schwarz(Jacobi)+Bicgstab:  Solving for Uz, Initial residual = 0.0011173355168195393, Final residual = 4.1239275094683384e-05, No Iterations 3, Solve time = 223.197 ms
[mem] after-UEqn: DEVICE_POOL current=19126 MB  actual(reserved)=38146 MB  highWater=24414 MB
config(Cg+Multigrid):  Solving for p, Initial residual = 0.001267191357235651, Final residual = 1.2378992581014477e-05, No Iterations 14, Solve time = 1656.865 ms
time step continuity errors : sum local = 3.1269031422016915e-06, global = -8.66108784061424e-09, cumulative = 2.6868736560903685e-09
[mem] after-pEqn: DEVICE_POOL current=19126 MB  actual(reserved)=38146 MB  highWater=24414 MB
[GinkgoSolver] p-cache: reuse(update_matrix_value) solve=4 rebuildInterval=0
Schwarz(Jacobi)+Bicgstab:  Solving for omega, Initial residual = 1.2895341189233946e-05, Final residual = 9.012696687112155e-07, No Iterations 2, Solve time = 77.648 ms
bounding omega, min: -35059.032405047765 max: 45355983.02729898 average: 6373.609537572282
[GinkgoSolver] p-cache: reuse(update_matrix_value) solve=4 rebuildInterval=0
Schwarz(Jacobi)+Bicgstab:  Solving for k, Initial residual = 0.00024130755740699332, Final residual = 1.5935368886731714e-05, No Iterations 2, Solve time = 76.703 ms
bounding k, min: -0.007555586933386378 max: 907.72304570458 average: 9.152095182202743
[mem] after-turb: DEVICE_POOL current=19126 MB  actual(reserved)=38146 MB  highWater=24414 MB
ExecutionTime = 64.22 s  ClockTime = 65 s

Time = 1005
[mem] step-start: DEVICE_POOL current=19126 MB  actual(reserved)=38146 MB  highWater=24414 MB
Schwarz(Jacobi)+Bicgstab:  Solving for Ux, Initial residual = 7.841798507728716e-05, Final residual = 4.3300965941224416e-06, No Iterations 2, Solve time = 165.956 ms
Schwarz(Jacobi)+Bicgstab:  Solving for Uy, Initial residual = 0.004019211761249909, Final residual = 0.0002483274841230178, No Iterations 2, Solve time = 165.956 ms
Schwarz(Jacobi)+Bicgstab:  Solving for Uz, Initial residual = 0.0011176441366045156, Final residual = 6.39265651983395e-05, No Iterations 2, Solve time = 165.956 ms
[mem] after-UEqn: DEVICE_POOL current=19126 MB  actual(reserved)=38146 MB  highWater=24414 MB
config(Cg+Multigrid):  Solving for p, Initial residual = 0.0013104969069049266, Final residual = 1.2763200650041803e-05, No Iterations 21, Solve time = 2419.581 ms
time step continuity errors : sum local = 3.2236011456645327e-06, global = -2.4660055469957803e-08, cumulative = -2.1973181813867434e-08
[mem] after-pEqn: DEVICE_POOL current=19126 MB  actual(reserved)=38146 MB  highWater=24414 MB
[GinkgoSolver] p-cache: reuse(update_matrix_value) solve=5 rebuildInterval=0
Schwarz(Jacobi)+Bicgstab:  Solving for omega, Initial residual = 1.2931611629688311e-05, Final residual = 9.146002539075452e-07, No Iterations 2, Solve time = 85.633 ms
bounding omega, min: -35375.46465286068 max: 45355983.094950646 average: 6373.794983326075
[GinkgoSolver] p-cache: reuse(update_matrix_value) solve=5 rebuildInterval=0
Schwarz(Jacobi)+Bicgstab:  Solving for k, Initial residual = 0.00024210709688675736, Final residual = 1.3380412759654818e-05, No Iterations 2, Solve time = 72.996 ms
bounding k, min: -1.8743326568376138e-05 max: 900.6174164019488 average: 9.152041954435235
[mem] after-turb: DEVICE_POOL current=19126 MB  actual(reserved)=38146 MB  highWater=24414 MB
ExecutionTime = 69.73999999999999 s  ClockTime = 71 s

Time = 1006
[mem] step-start: DEVICE_POOL current=19126 MB  actual(reserved)=38146 MB  highWater=24414 MB
Schwarz(Jacobi)+Bicgstab:  Solving for Ux, Initial residual = 8.002419213435993e-05, Final residual = 2.5996078146353254e-06, No Iterations 3, Solve time = 237.312 ms
Schwarz(Jacobi)+Bicgstab:  Solving for Uy, Initial residual = 0.004015937766089174, Final residual = 0.00015563637847563266, No Iterations 3, Solve time = 237.312 ms
Schwarz(Jacobi)+Bicgstab:  Solving for Uz, Initial residual = 0.001120771495132091, Final residual = 6.739294820259708e-05, No Iterations 3, Solve time = 237.312 ms
[mem] after-UEqn: DEVICE_POOL current=19126 MB  actual(reserved)=38146 MB  highWater=24414 MB
config(Cg+Multigrid):  Solving for p, Initial residual = 0.0012894422942842693, Final residual = 1.1983108119200523e-05, No Iterations 21, Solve time = 2403.552 ms
time step continuity errors : sum local = 3.0239959964463415e-06, global = -3.672505406335851e-08, cumulative = -5.8698235877225946e-08
[mem] after-pEqn: DEVICE_POOL current=19126 MB  actual(reserved)=38146 MB  highWater=24414 MB
[GinkgoSolver] p-cache: reuse(update_matrix_value) solve=6 rebuildInterval=0
Schwarz(Jacobi)+Bicgstab:  Solving for omega, Initial residual = 1.282638809142179e-05, Final residual = 8.263645430132311e-07, No Iterations 2, Solve time = 86.175 ms
bounding omega, min: -134480.48361778332 max: 45355983.131084375 average: 6373.965822204372
[GinkgoSolver] p-cache: reuse(update_matrix_value) solve=6 rebuildInterval=0
Schwarz(Jacobi)+Bicgstab:  Solving for k, Initial residual = 0.00024202995843489647, Final residual = 1.2120790680626786e-05, No Iterations 2, Solve time = 72.624 ms
bounding k, min: -1.5215883636505393e-05 max: 894.6460891850754 average: 9.151863710160868
[mem] after-turb: DEVICE_POOL current=19126 MB  actual(reserved)=38146 MB  highWater=24414 MB
ExecutionTime = 75.3 s  ClockTime = 76 s

Time = 1007
[mem] step-start: DEVICE_POOL current=19126 MB  actual(reserved)=38146 MB  highWater=24414 MB
Schwarz(Jacobi)+Bicgstab:  Solving for Ux, Initial residual = 7.890375727841909e-05, Final residual = 5.017771343337345e-06, No Iterations 2, Solve time = 170.252 ms
Schwarz(Jacobi)+Bicgstab:  Solving for Uy, Initial residual = 0.004011677455928313, Final residual = 0.0004824794396188673, No Iterations 2, Solve time = 170.252 ms
Schwarz(Jacobi)+Bicgstab:  Solving for Uz, Initial residual = 0.0011220223673417621, Final residual = 6.950294257340703e-05, No Iterations 2, Solve time = 170.252 ms
[mem] after-UEqn: DEVICE_POOL current=19126 MB  actual(reserved)=38146 MB  highWater=24414 MB
config(Cg+Multigrid):  Solving for p, Initial residual = 0.0013026879915561144, Final residual = 1.1679253402584858e-05, No Iterations 13, Solve time = 1551.345 ms
time step continuity errors : sum local = 2.9442127557809465e-06, global = -2.7756389118742067e-08, cumulative = -8.645462499596801e-08
[mem] after-pEqn: DEVICE_POOL current=19126 MB  actual(reserved)=38146 MB  highWater=24414 MB
[GinkgoSolver] p-cache: reuse(update_matrix_value) solve=7 rebuildInterval=0
Schwarz(Jacobi)+Bicgstab:  Solving for omega, Initial residual = 1.2813288307832541e-05, Final residual = 7.808746403109951e-07, No Iterations 2, Solve time = 78.433 ms
bounding omega, min: -32505.518545540526 max: 45355983.1248939 average: 6374.135557831776
[GinkgoSolver] p-cache: reuse(update_matrix_value) solve=7 rebuildInterval=0
Schwarz(Jacobi)+Bicgstab:  Solving for k, Initial residual = 0.0002423370976912, Final residual = 1.231641262329316e-05, No Iterations 2, Solve time = 72.677 ms
bounding k, min: -0.0006945508638694087 max: 892.8566970141669 average: 9.151621133169595
[mem] after-turb: DEVICE_POOL current=19126 MB  actual(reserved)=38146 MB  highWater=24414 MB
ExecutionTime = 79.97 s  ClockTime = 81 s

Time = 1008
[mem] step-start: DEVICE_POOL current=19126 MB  actual(reserved)=38146 MB  highWater=24414 MB
Schwarz(Jacobi)+Bicgstab:  Solving for Ux, Initial residual = 7.888693917366145e-05, Final residual = 4.604874554871243e-06, No Iterations 2, Solve time = 175.29 ms
Schwarz(Jacobi)+Bicgstab:  Solving for Uy, Initial residual = 0.00399160334855276, Final residual = 0.000734253054837337, No Iterations 2, Solve time = 175.29 ms
Schwarz(Jacobi)+Bicgstab:  Solving for Uz, Initial residual = 0.0011246216820621536, Final residual = 5.9684341013862425e-05, No Iterations 2, Solve time = 175.29 ms
[mem] after-UEqn: DEVICE_POOL current=19126 MB  actual(reserved)=38146 MB  highWater=24414 MB
config(Cg+Multigrid):  Solving for p, Initial residual = 0.0012949213378612853, Final residual = 1.2630973584815275e-05, No Iterations 17, Solve time = 1989.848 ms
time step continuity errors : sum local = 3.1831159487910313e-06, global = -4.2340301101707416e-08, cumulative = -1.2879492609767542e-07
[mem] after-pEqn: DEVICE_POOL current=19126 MB  actual(reserved)=38146 MB  highWater=24414 MB
[GinkgoSolver] p-cache: reuse(update_matrix_value) solve=8 rebuildInterval=0
Schwarz(Jacobi)+Bicgstab:  Solving for omega, Initial residual = 1.2744103434413985e-05, Final residual = 7.853908361018345e-07, No Iterations 2, Solve time = 84.946 ms
bounding omega, min: -38766.85954656701 max: 45355983.0574437 average: 6374.161319482932
[GinkgoSolver] p-cache: reuse(update_matrix_value) solve=8 rebuildInterval=0
Schwarz(Jacobi)+Bicgstab:  Solving for k, Initial residual = 0.00024178096087404752, Final residual = 1.2242892899629503e-05, No Iterations 2, Solve time = 72.047 ms
bounding k, min: -0.0017969453509329575 max: 891.4534521061234 average: 9.151104404998405
[mem] after-turb: DEVICE_POOL current=19126 MB  actual(reserved)=38146 MB  highWater=24414 MB
ExecutionTime = 85.06 s  ClockTime = 86 s

Time = 1009
[mem] step-start: DEVICE_POOL current=19126 MB  actual(reserved)=38146 MB  highWater=24414 MB
Schwarz(Jacobi)+Bicgstab:  Solving for Ux, Initial residual = 7.849509934076387e-05, Final residual = 2.352423916908794e-06, No Iterations 3, Solve time = 232.678 ms
Schwarz(Jacobi)+Bicgstab:  Solving for Uy, Initial residual = 0.004043130557838708, Final residual = 0.00013509643543806448, No Iterations 3, Solve time = 232.678 ms
Schwarz(Jacobi)+Bicgstab:  Solving for Uz, Initial residual = 0.0011163622286565773, Final residual = 7.783790028001168e-05, No Iterations 3, Solve time = 232.678 ms
[mem] after-UEqn: DEVICE_POOL current=19126 MB  actual(reserved)=38146 MB  highWater=24414 MB
config(Cg+Multigrid):  Solving for p, Initial residual = 0.0012770118583814776, Final residual = 1.2639384094825206e-05, No Iterations 18, Solve time = 2078.004 ms
time step continuity errors : sum local = 3.1831001951698543e-06, global = -4.771944287557459e-08, cumulative = -1.7651436897325001e-07
[mem] after-pEqn: DEVICE_POOL current=19126 MB  actual(reserved)=38146 MB  highWater=24414 MB
[GinkgoSolver] p-cache: reuse(update_matrix_value) solve=9 rebuildInterval=0
Schwarz(Jacobi)+Bicgstab:  Solving for omega, Initial residual = 1.2711183522826822e-05, Final residual = 7.995585336005893e-07, No Iterations 2, Solve time = 77.515 ms
bounding omega, min: -36024.90079948675 max: 45355982.89873695 average: 6374.193550006617
[GinkgoSolver] p-cache: reuse(update_matrix_value) solve=9 rebuildInterval=0
Schwarz(Jacobi)+Bicgstab:  Solving for k, Initial residual = 0.0002416206026928731, Final residual = 1.2347121460646574e-05, No Iterations 2, Solve time = 72.382 ms
bounding k, min: -0.0006911256448690149 max: 891.9457866719717 average: 9.150581244825755
[mem] after-turb: DEVICE_POOL current=19126 MB  actual(reserved)=38146 MB  highWater=24414 MB
ExecutionTime = 90.3 s  ClockTime = 91 s

Time = 1010
[mem] step-start: DEVICE_POOL current=19126 MB  actual(reserved)=38146 MB  highWater=24414 MB
Schwarz(Jacobi)+Bicgstab:  Solving for Ux, Initial residual = 7.820789830462679e-05, Final residual = 2.0161388850085025e-06, No Iterations 3, Solve time = 229.076 ms
Schwarz(Jacobi)+Bicgstab:  Solving for Uy, Initial residual = 0.004057907581608717, Final residual = 0.00013668119889599176, No Iterations 3, Solve time = 229.076 ms
Schwarz(Jacobi)+Bicgstab:  Solving for Uz, Initial residual = 0.0011126489288949871, Final residual = 6.144342481365118e-05, No Iterations 3, Solve time = 229.076 ms
[mem] after-UEqn: DEVICE_POOL current=19126 MB  actual(reserved)=38146 MB  highWater=24414 MB
config(Cg+Multigrid):  Solving for p, Initial residual = 0.0012693754026970308, Final residual = 1.2424045773854293e-05, No Iterations 18, Solve time = 2088.033 ms
time step continuity errors : sum local = 3.126403690139522e-06, global = -4.966398661564833e-08, cumulative = -2.2617835558889835e-07
[mem] after-pEqn: DEVICE_POOL current=19126 MB  actual(reserved)=38146 MB  highWater=24414 MB
[GinkgoSolver] p-cache: reuse(update_matrix_value) solve=10 rebuildInterval=0
Schwarz(Jacobi)+Bicgstab:  Solving for omega, Initial residual = 1.2679299519309691e-05, Final residual = 8.060252775877863e-07, No Iterations 2, Solve time = 85.691 ms
bounding omega, min: -171328.56945804245 max: 45355982.67539215 average: 6374.176506037333
[GinkgoSolver] p-cache: reuse(update_matrix_value) solve=10 rebuildInterval=0
Schwarz(Jacobi)+Bicgstab:  Solving for k, Initial residual = 0.0002415117602048828, Final residual = 1.2498126592774821e-05, No Iterations 2, Solve time = 73.387 ms
bounding k, min: -0.0022259785751653285 max: 892.061495788187 average: 9.14991200934294
[mem] after-turb: DEVICE_POOL current=19126 MB  actual(reserved)=38146 MB  highWater=24414 MB
ExecutionTime = 95.56 s  ClockTime = 97 s

Time = 1011
[mem] step-start: DEVICE_POOL current=19126 MB  actual(reserved)=38146 MB  highWater=24414 MB
Schwarz(Jacobi)+Bicgstab:  Solving for Ux, Initial residual = 7.805240463069057e-05, Final residual = 2.5213107059581523e-06, No Iterations 3, Solve time = 233.426 ms
Schwarz(Jacobi)+Bicgstab:  Solving for Uy, Initial residual = 0.004066664289822654, Final residual = 0.00013766885157149938, No Iterations 3, Solve time = 233.426 ms
Schwarz(Jacobi)+Bicgstab:  Solving for Uz, Initial residual = 0.0011088027186899106, Final residual = 3.866018432467977e-05, No Iterations 3, Solve time = 233.426 ms
[mem] after-UEqn: DEVICE_POOL current=19126 MB  actual(reserved)=38146 MB  highWater=24414 MB
config(Cg+Multigrid):  Solving for p, Initial residual = 0.001268404516143754, Final residual = 1.2441887507589235e-05, No Iterations 16, Solve time = 1869.359 ms
time step continuity errors : sum local = 3.1284158063932693e-06, global = -4.745441205129779e-08, cumulative = -2.7363276764019616e-07
[mem] after-pEqn: DEVICE_POOL current=19126 MB  actual(reserved)=38146 MB  highWater=24414 MB
[GinkgoSolver] p-cache: reuse(update_matrix_value) solve=11 rebuildInterval=0
Schwarz(Jacobi)+Bicgstab:  Solving for omega, Initial residual = 1.26551477883035e-05, Final residual = 8.073443972050583e-07, No Iterations 2, Solve time = 81.775 ms
bounding omega, min: -39242.59595442978 max: 45355982.66888526 average: 6374.113650126783
[GinkgoSolver] p-cache: reuse(update_matrix_value) solve=11 rebuildInterval=0
Schwarz(Jacobi)+Bicgstab:  Solving for k, Initial residual = 0.00024145606289005278, Final residual = 1.3018447346440378e-05, No Iterations 2, Solve time = 73.583 ms
bounding k, min: -0.0007079700035035972 max: 892.8090676089187 average: 9.149118985548899
[mem] after-turb: DEVICE_POOL current=19126 MB  actual(reserved)=38146 MB  highWater=24414 MB
ExecutionTime = 100.62 s  ClockTime = 102 s

Time = 1012
[mem] step-start: DEVICE_POOL current=19126 MB  actual(reserved)=38146 MB  highWater=24414 MB
Schwarz(Jacobi)+Bicgstab:  Solving for Ux, Initial residual = 7.799787840742886e-05, Final residual = 4.247587872845174e-06, No Iterations 2, Solve time = 174.17 ms
Schwarz(Jacobi)+Bicgstab:  Solving for Uy, Initial residual = 0.0040683530659074265, Final residual = 0.000456500863238278, No Iterations 2, Solve time = 174.17 ms
Schwarz(Jacobi)+Bicgstab:  Solving for Uz, Initial residual = 0.0011042534963479726, Final residual = 7.465700608640718e-05, No Iterations 2, Solve time = 174.17 ms
[mem] after-UEqn: DEVICE_POOL current=19126 MB  actual(reserved)=38146 MB  highWater=24414 MB
config(Cg+Multigrid):  Solving for p, Initial residual = 0.0012840159615584883, Final residual = 1.282704652533541e-05, No Iterations 13, Solve time = 1541.429 ms
time step continuity errors : sum local = 3.22325658855004e-06, global = -4.3688817225291434e-08, cumulative = -3.173215848654876e-07
[mem] after-pEqn: DEVICE_POOL current=19126 MB  actual(reserved)=38146 MB  highWater=24414 MB
[GinkgoSolver] p-cache: reuse(update_matrix_value) solve=12 rebuildInterval=0
Schwarz(Jacobi)+Bicgstab:  Solving for omega, Initial residual = 1.267640077232332e-05, Final residual = 8.159855112100196e-07, No Iterations 2, Solve time = 86.378 ms
bounding omega, min: -38108.377294821934 max: 45355982.71161527 average: 6373.960533893011
[GinkgoSolver] p-cache: reuse(update_matrix_value) solve=12 rebuildInterval=0
Schwarz(Jacobi)+Bicgstab:  Solving for k, Initial residual = 0.00024180830877552155, Final residual = 1.3480953520674861e-05, No Iterations 2, Solve time = 73.274 ms
bounding k, min: -5.3037804572476054e-05 max: 892.9923176105526 average: 9.148288580941179
[mem] after-turb: DEVICE_POOL current=19126 MB  actual(reserved)=38146 MB  highWater=24414 MB
ExecutionTime = 105.28 s  ClockTime = 106 s

Time = 1013
[mem] step-start: DEVICE_POOL current=19126 MB  actual(reserved)=38146 MB  highWater=24414 MB
Schwarz(Jacobi)+Bicgstab:  Solving for Ux, Initial residual = 7.823937899000804e-05, Final residual = 4.292521869407965e-06, No Iterations 2, Solve time = 177.094 ms
Schwarz(Jacobi)+Bicgstab:  Solving for Uy, Initial residual = 0.004041377726331895, Final residual = 0.0007587234283388844, No Iterations 2, Solve time = 177.094 ms
Schwarz(Jacobi)+Bicgstab:  Solving for Uz, Initial residual = 0.0011066974359896838, Final residual = 7.143734375536155e-05, No Iterations 2, Solve time = 177.094 ms
[mem] after-UEqn: DEVICE_POOL current=19126 MB  actual(reserved)=38146 MB  highWater=24414 MB
config(Cg+Multigrid):  Solving for p, Initial residual = 0.001279182244047485, Final residual = 1.2591007116331484e-05, No Iterations 15, Solve time = 1772.617 ms
time step continuity errors : sum local = 3.1627722539030393e-06, global = -4.223516427413492e-08, cumulative = -3.595567491396225e-07
[mem] after-pEqn: DEVICE_POOL current=19126 MB  actual(reserved)=38146 MB  highWater=24414 MB
[GinkgoSolver] p-cache: reuse(update_matrix_value) solve=13 rebuildInterval=0
Schwarz(Jacobi)+Bicgstab:  Solving for omega, Initial residual = 1.2677220759441798e-05, Final residual = 8.241057868080564e-07, No Iterations 2, Solve time = 79.087 ms
bounding omega, min: -34580.22040549445 max: 45355982.768111736 average: 6373.845362622658
[GinkgoSolver] p-cache: reuse(update_matrix_value) solve=13 rebuildInterval=0
Schwarz(Jacobi)+Bicgstab:  Solving for k, Initial residual = 0.0002416818868767106, Final residual = 1.2744699059352767e-05, No Iterations 2, Solve time = 73.086 ms
bounding k, min: -0.0011025671488939064 max: 893.2407775991794 average: 9.147642834649595
[mem] after-turb: DEVICE_POOL current=19126 MB  actual(reserved)=38146 MB  highWater=24414 MB
ExecutionTime = 110.17 s  ClockTime = 111 s

Time = 1014
[mem] step-start: DEVICE_POOL current=19126 MB  actual(reserved)=38146 MB  highWater=24414 MB
Schwarz(Jacobi)+Bicgstab:  Solving for Ux, Initial residual = 7.817988023503293e-05, Final residual = 2.789404460387142e-06, No Iterations 3, Solve time = 228.533 ms
Schwarz(Jacobi)+Bicgstab:  Solving for Uy, Initial residual = 0.004084210252686811, Final residual = 0.00013535237326533212, No Iterations 3, Solve time = 228.533 ms
Schwarz(Jacobi)+Bicgstab:  Solving for Uz, Initial residual = 0.001102511147865421, Final residual = 4.774974832090417e-05, No Iterations 3, Solve time = 228.533 ms
[mem] after-UEqn: DEVICE_POOL current=19126 MB  actual(reserved)=38146 MB  highWater=24414 MB
config(Cg+Multigrid):  Solving for p, Initial residual = 0.0012788889125935547, Final residual = 1.275984208068563e-05, No Iterations 16, Solve time = 1874.503 ms
time step continuity errors : sum local = 3.2037182543425624e-06, global = -3.2600603719466236e-08, cumulative = -3.9215735285908873e-07
[mem] after-pEqn: DEVICE_POOL current=19126 MB  actual(reserved)=38146 MB  highWater=24414 MB
[GinkgoSolver] p-cache: reuse(update_matrix_value) solve=14 rebuildInterval=0
Schwarz(Jacobi)+Bicgstab:  Solving for omega, Initial residual = 1.265174613988133e-05, Final residual = 8.257446940181692e-07, No Iterations 2, Solve time = 85.172 ms
bounding omega, min: -285546.6703723816 max: 45355982.80291621 average: 6373.665417625903
[GinkgoSolver] p-cache: reuse(update_matrix_value) solve=14 rebuildInterval=0
Schwarz(Jacobi)+Bicgstab:  Solving for k, Initial residual = 0.00024163124850139756, Final residual = 1.386480770057335e-05, No Iterations 2, Solve time = 73.262 ms
bounding k, min: -0.000489220717277891 max: 892.8849093510014 average: 9.146772854534063
[mem] after-turb: DEVICE_POOL current=19126 MB  actual(reserved)=38146 MB  highWater=24414 MB
ExecutionTime = 115.22 s  ClockTime = 117 s

Time = 1015
[mem] step-start: DEVICE_POOL current=19126 MB  actual(reserved)=38146 MB  highWater=24414 MB
Schwarz(Jacobi)+Bicgstab:  Solving for Ux, Initial residual = 7.81564921604306e-05, Final residual = 3.330100289142441e-06, No Iterations 3, Solve time = 226.347 ms
Schwarz(Jacobi)+Bicgstab:  Solving for Uy, Initial residual = 0.0040885688580986025, Final residual = 0.0001356116548304747, No Iterations 3, Solve time = 226.347 ms
Schwarz(Jacobi)+Bicgstab:  Solving for Uz, Initial residual = 0.0010974267797173119, Final residual = 3.913919727491293e-05, No Iterations 3, Solve time = 226.347 ms
[mem] after-UEqn: DEVICE_POOL current=19126 MB  actual(reserved)=38146 MB  highWater=24414 MB
config(Cg+Multigrid):  Solving for p, Initial residual = 0.0012809371623105211, Final residual = 1.214934558796415e-05, No Iterations 18, Solve time = 2095.776 ms
time step continuity errors : sum local = 3.0492500206978274e-06, global = -2.208562509846209e-08, cumulative = -4.142429779575508e-07
[mem] after-pEqn: DEVICE_POOL current=19126 MB  actual(reserved)=38146 MB  highWater=24414 MB
[GinkgoSolver] p-cache: reuse(update_matrix_value) solve=15 rebuildInterval=0
Schwarz(Jacobi)+Bicgstab:  Solving for omega, Initial residual = 1.2671942548314278e-05, Final residual = 8.246174825418846e-07, No Iterations 2, Solve time = 85.218 ms
bounding omega, min: -50967.037603435485 max: 45355982.79119164 average: 6373.451419173603
[GinkgoSolver] p-cache: reuse(update_matrix_value) solve=15 rebuildInterval=0
Schwarz(Jacobi)+Bicgstab:  Solving for k, Initial residual = 0.00024177744417432998, Final residual = 1.3282389558715405e-05, No Iterations 2, Solve time = 73.627 ms
bounding k, min: -0.0009640984850158123 max: 892.3734877100694 average: 9.145867021966875
[mem] after-turb: DEVICE_POOL current=19126 MB  actual(reserved)=38146 MB  highWater=24414 MB
ExecutionTime = 120.48 s  ClockTime = 122 s

Time = 1016
[mem] step-start: DEVICE_POOL current=19126 MB  actual(reserved)=38146 MB  highWater=24414 MB
Schwarz(Jacobi)+Bicgstab:  Solving for Ux, Initial residual = 7.820628727956005e-05, Final residual = 4.267775990738487e-06, No Iterations 2, Solve time = 173.631 ms
Schwarz(Jacobi)+Bicgstab:  Solving for Uy, Initial residual = 0.004090202840755614, Final residual = 0.0006166873643526373, No Iterations 2, Solve time = 173.631 ms
Schwarz(Jacobi)+Bicgstab:  Solving for Uz, Initial residual = 0.0010940264763379549, Final residual = 7.586675669538138e-05, No Iterations 2, Solve time = 173.631 ms
[mem] after-UEqn: DEVICE_POOL current=19126 MB  actual(reserved)=38146 MB  highWater=24414 MB
config(Cg+Multigrid):  Solving for p, Initial residual = 0.0012988564068352997, Final residual = 1.2762712316891682e-05, No Iterations 15, Solve time = 1747.466 ms
time step continuity errors : sum local = 3.2021601169825233e-06, global = -9.101593784226275e-09, cumulative = -4.233445717417771e-07
[mem] after-pEqn: DEVICE_POOL current=19126 MB  actual(reserved)=38146 MB  highWater=24414 MB
[GinkgoSolver] p-cache: reuse(update_matrix_value) solve=16 rebuildInterval=0
Schwarz(Jacobi)+Bicgstab:  Solving for omega, Initial residual = 1.26936502969694e-05, Final residual = 8.313087923200435e-07, No Iterations 2, Solve time = 86.034 ms
bounding omega, min: -49889.16105560174 max: 45355982.72817798 average: 6373.147478770518
[GinkgoSolver] p-cache: reuse(update_matrix_value) solve=16 rebuildInterval=0
Schwarz(Jacobi)+Bicgstab:  Solving for k, Initial residual = 0.00024218713995760542, Final residual = 1.4358808936194404e-05, No Iterations 2, Solve time = 71.919 ms
bounding k, min: -0.0007690301184829912 max: 891.4491167563244 average: 9.144911365379444
[mem] after-turb: DEVICE_POOL current=19126 MB  actual(reserved)=38146 MB  highWater=24414 MB
ExecutionTime = 125.37 s  ClockTime = 127 s

Time = 1017
[mem] step-start: DEVICE_POOL current=19126 MB  actual(reserved)=38146 MB  highWater=24414 MB
Schwarz(Jacobi)+Bicgstab:  Solving for Ux, Initial residual = 7.851096310951829e-05, Final residual = 1.4150169885913027e-06, No Iterations 4, Solve time = 287.588 ms
Schwarz(Jacobi)+Bicgstab:  Solving for Uy, Initial residual = 0.00405696673832666, Final residual = 9.070388851071551e-05, No Iterations 4, Solve time = 287.588 ms
Schwarz(Jacobi)+Bicgstab:  Solving for Uz, Initial residual = 0.001099466467253023, Final residual = 2.1125108117809893e-05, No Iterations 4, Solve time = 287.588 ms
[mem] after-UEqn: DEVICE_POOL current=19126 MB  actual(reserved)=38146 MB  highWater=24414 MB
config(Cg+Multigrid):  Solving for p, Initial residual = 0.0012882863690170505, Final residual = 1.2671976262379205e-05, No Iterations 15, Solve time = 1762.097 ms
time step continuity errors : sum local = 3.1788016966749482e-06, global = -1.7231847460794273e-09, cumulative = -4.250677564878565e-07
[mem] after-pEqn: DEVICE_POOL current=19126 MB  actual(reserved)=38146 MB  highWater=24414 MB
[GinkgoSolver] p-cache: reuse(update_matrix_value) solve=17 rebuildInterval=0
Schwarz(Jacobi)+Bicgstab:  Solving for omega, Initial residual = 1.2688092560878693e-05, Final residual = 8.305042896993696e-07, No Iterations 2, Solve time = 86.034 ms
bounding omega, min: -59582.538628096234 max: 45355982.651772484 average: 6372.78522850681
[GinkgoSolver] p-cache: reuse(update_matrix_value) solve=17 rebuildInterval=0
Schwarz(Jacobi)+Bicgstab:  Solving for k, Initial residual = 0.00024212724633117615, Final residual = 1.229927492506979e-05, No Iterations 2, Solve time = 72.495 ms
bounding k, min: -0.004386452216788336 max: 890.3527172759791 average: 9.14389071206077
[mem] after-turb: DEVICE_POOL current=19126 MB  actual(reserved)=38146 MB  highWater=24414 MB
ExecutionTime = 130.4 s  ClockTime = 132 s

Time = 1018
[mem] step-start: DEVICE_POOL current=19126 MB  actual(reserved)=38146 MB  highWater=24414 MB
Schwarz(Jacobi)+Bicgstab:  Solving for Ux, Initial residual = 7.847839204977766e-05, Final residual = 3.2413849844759374e-06, No Iterations 3, Solve time = 220.651 ms
Schwarz(Jacobi)+Bicgstab:  Solving for Uy, Initial residual = 0.004045060218532565, Final residual = 0.0001476408419323024, No Iterations 3, Solve time = 220.651 ms
Schwarz(Jacobi)+Bicgstab:  Solving for Uz, Initial residual = 0.0010987059939052966, Final residual = 3.978896849014831e-05, No Iterations 3, Solve time = 220.651 ms
[mem] after-UEqn: DEVICE_POOL current=19126 MB  actual(reserved)=38146 MB  highWater=24414 MB
config(Cg+Multigrid):  Solving for p, Initial residual = 0.0012915091430943512, Final residual = 1.2892427510340403e-05, No Iterations 16, Solve time = 1859.772 ms
time step continuity errors : sum local = 3.2337196788395304e-06, global = -3.1003891453698627e-09, cumulative = -4.2816814563322637e-07
[mem] after-pEqn: DEVICE_POOL current=19126 MB  actual(reserved)=38146 MB  highWater=24414 MB
[GinkgoSolver] p-cache: reuse(update_matrix_value) solve=18 rebuildInterval=0
Schwarz(Jacobi)+Bicgstab:  Solving for omega, Initial residual = 1.2640333730152733e-05, Final residual = 8.298262699487294e-07, No Iterations 2, Solve time = 86.223 ms
bounding omega, min: -407582.0438303575 max: 45355982.589202784 average: 6372.404971367576
[GinkgoSolver] p-cache: reuse(update_matrix_value) solve=18 rebuildInterval=0
Schwarz(Jacobi)+Bicgstab:  Solving for k, Initial residual = 0.00024197870054982546, Final residual = 1.3938786758833093e-05, No Iterations 2, Solve time = 72.505 ms
bounding k, min: -0.0024453556775397567 max: 888.9841383377764 average: 9.142825877969768
[mem] after-turb: DEVICE_POOL current=19126 MB  actual(reserved)=38146 MB  highWater=24414 MB
ExecutionTime = 135.46 s  ClockTime = 137 s

Time = 1019
[mem] step-start: DEVICE_POOL current=19126 MB  actual(reserved)=38146 MB  highWater=24414 MB
Schwarz(Jacobi)+Bicgstab:  Solving for Ux, Initial residual = 7.848325894226988e-05, Final residual = 2.9818094512232356e-06, No Iterations 3, Solve time = 232.406 ms
Schwarz(Jacobi)+Bicgstab:  Solving for Uy, Initial residual = 0.004051483813746458, Final residual = 0.00014006412807310748, No Iterations 3, Solve time = 232.406 ms
Schwarz(Jacobi)+Bicgstab:  Solving for Uz, Initial residual = 0.001094680467863406, Final residual = 4.006469051548346e-05, No Iterations 3, Solve time = 232.406 ms
[mem] after-UEqn: DEVICE_POOL current=19126 MB  actual(reserved)=38146 MB  highWater=24414 MB
config(Cg+Multigrid):  Solving for p, Initial residual = 0.001283281751027895, Final residual = 1.2638327416703596e-05, No Iterations 15, Solve time = 1758.767 ms
time step continuity errors : sum local = 3.169685317109989e-06, global = -1.4250870833277882e-09, cumulative = -4.2959323271655413e-07
[mem] after-pEqn: DEVICE_POOL current=19126 MB  actual(reserved)=38146 MB  highWater=24414 MB
[GinkgoSolver] p-cache: reuse(update_matrix_value) solve=19 rebuildInterval=0
Schwarz(Jacobi)+Bicgstab:  Solving for omega, Initial residual = 1.267988740322002e-05, Final residual = 8.274475645093292e-07, No Iterations 2, Solve time = 76.502 ms
bounding omega, min: -51846.08066458581 max: 45355982.57346778 average: 6372.067483947129
[GinkgoSolver] p-cache: reuse(update_matrix_value) solve=19 rebuildInterval=0
Schwarz(Jacobi)+Bicgstab:  Solving for k, Initial residual = 0.0002420581174836048, Final residual = 1.4841984433964362e-05, No Iterations 2, Solve time = 72.352 ms
bounding k, min: -0.0006308319761542391 max: 887.4996250032683 average: 9.141835010636408
[mem] after-turb: DEVICE_POOL current=19126 MB  actual(reserved)=38146 MB  highWater=24414 MB
ExecutionTime = 140.41 s  ClockTime = 142 s

Time = 1020
[mem] step-start: DEVICE_POOL current=19126 MB  actual(reserved)=38146 MB  highWater=24414 MB
Schwarz(Jacobi)+Bicgstab:  Solving for Ux, Initial residual = 7.844522637117057e-05, Final residual = 3.3260966741256262e-06, No Iterations 3, Solve time = 236.933 ms
Schwarz(Jacobi)+Bicgstab:  Solving for Uy, Initial residual = 0.004066733655058696, Final residual = 0.0001356607338903037, No Iterations 3, Solve time = 236.933 ms
Schwarz(Jacobi)+Bicgstab:  Solving for Uz, Initial residual = 0.0010931200169488732, Final residual = 0.00014523879244168316, No Iterations 3, Solve time = 236.933 ms
[mem] after-UEqn: DEVICE_POOL current=19126 MB  actual(reserved)=38146 MB  highWater=24414 MB
config(Cg+Multigrid):  Solving for p, Initial residual = 0.001297477447864611, Final residual = 1.2767263291356482e-05, No Iterations 15, Solve time = 1758.701 ms
time step continuity errors : sum local = 3.201716944268628e-06, global = -7.945197440767523e-09, cumulative = -4.3753843015732166e-07
[mem] after-pEqn: DEVICE_POOL current=19126 MB  actual(reserved)=38146 MB  highWater=24414 MB
[GinkgoSolver] p-cache: reuse(update_matrix_value) solve=20 rebuildInterval=0
Schwarz(Jacobi)+Bicgstab:  Solving for omega, Initial residual = 1.2636691927958534e-05, Final residual = 8.203910243665378e-07, No Iterations 2, Solve time = 76.174 ms
bounding omega, min: -60719.86954187414 max: 45355982.575315 average: 6371.680654582284
[GinkgoSolver] p-cache: reuse(update_matrix_value) solve=20 rebuildInterval=0
Schwarz(Jacobi)+Bicgstab:  Solving for k, Initial residual = 0.0002419733422296822, Final residual = 1.1909319210397473e-05, No Iterations 2, Solve time = 73.077 ms
bounding k, min: -0.009809945195486197 max: 885.8579179854829 average: 9.140804304766796
[mem] after-turb: DEVICE_POOL current=19126 MB  actual(reserved)=38146 MB  highWater=24414 MB
ExecutionTime = 145.36 s  ClockTime = 147 s

Time = 1021
[mem] step-start: DEVICE_POOL current=19126 MB  actual(reserved)=38146 MB  highWater=24414 MB
Schwarz(Jacobi)+Bicgstab:  Solving for Ux, Initial residual = 7.830069851839843e-05, Final residual = 3.430700933955811e-06, No Iterations 3, Solve time = 223.852 ms
Schwarz(Jacobi)+Bicgstab:  Solving for Uy, Initial residual = 0.004079533958703828, Final residual = 0.00013621160254138366, No Iterations 3, Solve time = 223.852 ms
Schwarz(Jacobi)+Bicgstab:  Solving for Uz, Initial residual = 0.0010930163163548423, Final residual = 4.67347765306825e-05, No Iterations 3, Solve time = 223.852 ms
[mem] after-UEqn: DEVICE_POOL current=19126 MB  actual(reserved)=38146 MB  highWater=24414 MB
config(Cg+Multigrid):  Solving for p, Initial residual = 0.0012713103691938065, Final residual = 1.2661262853865303e-05, No Iterations 15, Solve time = 1760.625 ms
time step continuity errors : sum local = 3.1746406734822045e-06, global = -1.4446462216089881e-08, cumulative = -4.519848923734115e-07
[mem] after-pEqn: DEVICE_POOL current=19126 MB  actual(reserved)=38146 MB  highWater=24414 MB
[GinkgoSolver] p-cache: reuse(update_matrix_value) solve=21 rebuildInterval=0
Schwarz(Jacobi)+Bicgstab:  Solving for omega, Initial residual = 1.2592688918705044e-05, Final residual = 8.264056088197085e-07, No Iterations 2, Solve time = 85.168 ms
bounding omega, min: -59492.311728418405 max: 45355982.58424802 average: 6371.354061137799
[GinkgoSolver] p-cache: reuse(update_matrix_value) solve=21 rebuildInterval=0
Schwarz(Jacobi)+Bicgstab:  Solving for k, Initial residual = 0.00024179947146212938, Final residual = 1.3085843808208247e-05, No Iterations 2, Solve time = 72.721 ms
bounding k, min: -0.005306170983174929 max: 884.2604996392995 average: 9.139828825944189
[mem] after-turb: DEVICE_POOL current=19126 MB  actual(reserved)=38146 MB  highWater=24414 MB
ExecutionTime = 150.31 s  ClockTime = 152 s

Time = 1022
[mem] step-start: DEVICE_POOL current=19126 MB  actual(reserved)=38146 MB  highWater=24414 MB
Schwarz(Jacobi)+Bicgstab:  Solving for Ux, Initial residual = 7.826410342503802e-05, Final residual = 3.1919980108008102e-06, No Iterations 3, Solve time = 225.526 ms
Schwarz(Jacobi)+Bicgstab:  Solving for Uy, Initial residual = 0.00409522145793022, Final residual = 0.00013857657838867247, No Iterations 3, Solve time = 225.526 ms
Schwarz(Jacobi)+Bicgstab:  Solving for Uz, Initial residual = 0.0010905925151433072, Final residual = 4.499224125477089e-05, No Iterations 3, Solve time = 225.526 ms
[mem] after-UEqn: DEVICE_POOL current=19126 MB  actual(reserved)=38146 MB  highWater=24414 MB
config(Cg+Multigrid):  Solving for p, Initial residual = 0.0012640445192636527, Final residual = 1.2021346759586391e-05, No Iterations 16, Solve time = 1870.281 ms
time step continuity errors : sum local = 3.0135696561983957e-06, global = -2.3514441319476402e-08, cumulative = -4.7549933369288794e-07
[mem] after-pEqn: DEVICE_POOL current=19126 MB  actual(reserved)=38146 MB  highWater=24414 MB
[GinkgoSolver] p-cache: reuse(update_matrix_value) solve=22 rebuildInterval=0
Schwarz(Jacobi)+Bicgstab:  Solving for omega, Initial residual = 1.2661398263658222e-05, Final residual = 8.294712010586075e-07, No Iterations 2, Solve time = 76.937 ms
bounding omega, min: -318430.659556675 max: 45355982.59755561 average: 6371.038418622997
[GinkgoSolver] p-cache: reuse(update_matrix_value) solve=22 rebuildInterval=0
Schwarz(Jacobi)+Bicgstab:  Solving for k, Initial residual = 0.00024173054808623564, Final residual = 1.3878601581281199e-05, No Iterations 2, Solve time = 73.3 ms
bounding k, min: -0.005830529723078293 max: 882.6230966182587 average: 9.13888840387664
[mem] after-turb: DEVICE_POOL current=19126 MB  actual(reserved)=38146 MB  highWater=24414 MB
ExecutionTime = 155.36 s  ClockTime = 157 s

Time = 1023
[mem] step-start: DEVICE_POOL current=19126 MB  actual(reserved)=38146 MB  highWater=24414 MB
Schwarz(Jacobi)+Bicgstab:  Solving for Ux, Initial residual = 7.828170968764717e-05, Final residual = 4.315229056379825e-06, No Iterations 2, Solve time = 177.386 ms
Schwarz(Jacobi)+Bicgstab:  Solving for Uy, Initial residual = 0.004109432063661226, Final residual = 0.00022068405387548214, No Iterations 2, Solve time = 177.386 ms
Schwarz(Jacobi)+Bicgstab:  Solving for Uz, Initial residual = 0.0010878876011795667, Final residual = 6.472961407870257e-05, No Iterations 2, Solve time = 177.386 ms
[mem] after-UEqn: DEVICE_POOL current=19126 MB  actual(reserved)=38146 MB  highWater=24414 MB
config(Cg+Multigrid):  Solving for p, Initial residual = 0.0012700844671068776, Final residual = 1.2130418966499363e-05, No Iterations 15, Solve time = 1758.502 ms
time step continuity errors : sum local = 3.040045786583663e-06, global = -3.003831039817112e-08, cumulative = -5.05537644091059e-07
[mem] after-pEqn: DEVICE_POOL current=19126 MB  actual(reserved)=38146 MB  highWater=24414 MB
[GinkgoSolver] p-cache: reuse(update_matrix_value) solve=23 rebuildInterval=0
Schwarz(Jacobi)+Bicgstab:  Solving for omega, Initial residual = 1.2713323706684479e-05, Final residual = 8.318127589708906e-07, No Iterations 2, Solve time = 73.914 ms
bounding omega, min: -59512.01755453252 max: 45355982.61313193 average: 6370.813482769981
[GinkgoSolver] p-cache: reuse(update_matrix_value) solve=23 rebuildInterval=0
Schwarz(Jacobi)+Bicgstab:  Solving for k, Initial residual = 0.0002421563373270715, Final residual = 1.5464628726586933e-05, No Iterations 2, Solve time = 73.236 ms
bounding k, min: -0.0035156779016454753 max: 881.0443727599602 average: 9.138024508749833
[mem] after-turb: DEVICE_POOL current=19126 MB  actual(reserved)=38146 MB  highWater=24414 MB
ExecutionTime = 160.26 s  ClockTime = 162 s

Time = 1024
[mem] step-start: DEVICE_POOL current=19126 MB  actual(reserved)=38146 MB  highWater=24414 MB
Schwarz(Jacobi)+Bicgstab:  Solving for Ux, Initial residual = 7.84997901776483e-05, Final residual = 1.8222943079538702e-06, No Iterations 3, Solve time = 236.283 ms
Schwarz(Jacobi)+Bicgstab:  Solving for Uy, Initial residual = 0.004121133151704345, Final residual = 0.0001515240888009236, No Iterations 3, Solve time = 236.283 ms
Schwarz(Jacobi)+Bicgstab:  Solving for Uz, Initial residual = 0.001085178088991934, Final residual = 0.00012321177965550305, No Iterations 3, Solve time = 236.283 ms
[mem] after-UEqn: DEVICE_POOL current=19126 MB  actual(reserved)=38146 MB  highWater=24414 MB
config(Cg+Multigrid):  Solving for p, Initial residual = 0.0012711348219291573, Final residual = 1.2125102783505726e-05, No Iterations 15, Solve time = 1756.977 ms
time step continuity errors : sum local = 3.0377267864899e-06, global = -4.226820569480836e-08, cumulative = -5.478058497858674e-07
[mem] after-pEqn: DEVICE_POOL current=19126 MB  actual(reserved)=38146 MB  highWater=24414 MB
[GinkgoSolver] p-cache: reuse(update_matrix_value) solve=24 rebuildInterval=0
Schwarz(Jacobi)+Bicgstab:  Solving for omega, Initial residual = 1.2706219091795431e-05, Final residual = 8.264696539633855e-07, No Iterations 2, Solve time = 78.214 ms
bounding omega, min: -58746.478852773645 max: 45355982.62856258 average: 6370.625158482488
[GinkgoSolver] p-cache: reuse(update_matrix_value) solve=24 rebuildInterval=0
Schwarz(Jacobi)+Bicgstab:  Solving for k, Initial residual = 0.00024219154623494413, Final residual = 1.83351592523478e-05, No Iterations 2, Solve time = 70.831 ms
bounding k, min: -0.011046537826196356 max: 879.5998083996278 average: 9.137115223051879
[mem] after-turb: DEVICE_POOL current=19126 MB  actual(reserved)=38146 MB  highWater=24414 MB
ExecutionTime = 165.21 s  ClockTime = 167 s

Time = 1025
[mem] step-start: DEVICE_POOL current=19126 MB  actual(reserved)=38146 MB  highWater=24414 MB
Schwarz(Jacobi)+Bicgstab:  Solving for Ux, Initial residual = 7.844395357157596e-05, Final residual = 4.3840917824630705e-06, No Iterations 2, Solve time = 170.145 ms
Schwarz(Jacobi)+Bicgstab:  Solving for Uy, Initial residual = 0.004122877134682606, Final residual = 0.00038139370303653, No Iterations 2, Solve time = 170.145 ms
Schwarz(Jacobi)+Bicgstab:  Solving for Uz, Initial residual = 0.0010909187454682934, Final residual = 6.635279454296233e-05, No Iterations 2, Solve time = 170.145 ms
[mem] after-UEqn: DEVICE_POOL current=19126 MB  actual(reserved)=38146 MB  highWater=24414 MB
config(Cg+Multigrid):  Solving for p, Initial residual = 0.001283689288578283, Final residual = 1.2000997250146166e-05, No Iterations 15, Solve time = 1764.106 ms
time step continuity errors : sum local = 3.0055084376533913e-06, global = -4.103226301321856e-08, cumulative = -5.88838112799086e-07
[mem] after-pEqn: DEVICE_POOL current=19126 MB  actual(reserved)=38146 MB  highWater=24414 MB
[GinkgoSolver] p-cache: reuse(update_matrix_value) solve=25 rebuildInterval=0
Schwarz(Jacobi)+Bicgstab:  Solving for omega, Initial residual = 1.2772445466971678e-05, Final residual = 8.337499413572635e-07, No Iterations 2, Solve time = 85.899 ms
bounding omega, min: -57699.229909713154 max: 45355982.64210151 average: 6370.466872430542
[GinkgoSolver] p-cache: reuse(update_matrix_value) solve=25 rebuildInterval=0
Schwarz(Jacobi)+Bicgstab:  Solving for k, Initial residual = 0.0002431883974572631, Final residual = 2.0365676812438283e-05, No Iterations 2, Solve time = 71.227 ms
bounding k, min: -0.008846668040762923 max: 878.2912449839985 average: 9.136209197317362
[mem] after-turb: DEVICE_POOL current=19126 MB  actual(reserved)=38146 MB  highWater=24414 MB
ExecutionTime = 170.11 s  ClockTime = 172 s

Time = 1026
[mem] step-start: DEVICE_POOL current=19126 MB  actual(reserved)=38146 MB  highWater=24414 MB
Schwarz(Jacobi)+Bicgstab:  Solving for Ux, Initial residual = 7.875067560691867e-05, Final residual = 2.717556492768115e-06, No Iterations 3, Solve time = 221.844 ms
Schwarz(Jacobi)+Bicgstab:  Solving for Uy, Initial residual = 0.004111816407593064, Final residual = 0.00015531657841938952, No Iterations 3, Solve time = 221.844 ms
Schwarz(Jacobi)+Bicgstab:  Solving for Uz, Initial residual = 0.0010924616449529182, Final residual = 6.673936429132634e-05, No Iterations 3, Solve time = 221.844 ms
[mem] after-UEqn: DEVICE_POOL current=19126 MB  actual(reserved)=38146 MB  highWater=24414 MB
config(Cg+Multigrid):  Solving for p, Initial residual = 0.0012803157279220952, Final residual = 1.2199929656676969e-05, No Iterations 15, Solve time = 1762.388 ms
time step continuity errors : sum local = 3.0540685067788443e-06, global = -4.353302631400958e-08, cumulative = -6.323711391130955e-07
[mem] after-pEqn: DEVICE_POOL current=19126 MB  actual(reserved)=38146 MB  highWater=24414 MB
[GinkgoSolver] p-cache: reuse(update_matrix_value) solve=26 rebuildInterval=0
Schwarz(Jacobi)+Bicgstab:  Solving for omega, Initial residual = 1.2772167629225685e-05, Final residual = 8.313714942220758e-07, No Iterations 2, Solve time = 86.058 ms
bounding omega, min: -398647.43659736763 max: 45355982.65327593 average: 6370.312770686801
[GinkgoSolver] p-cache: reuse(update_matrix_value) solve=26 rebuildInterval=0
Schwarz(Jacobi)+Bicgstab:  Solving for k, Initial residual = 0.00024383704881332096, Final residual = 5.41062555465232e-06, No Iterations 3, Solve time = 95.515 ms
bounding k, min: -4.463203220921822e-08 max: 877.1340372397647 average: 9.135681245947156
[mem] after-turb: DEVICE_POOL current=19126 MB  actual(reserved)=38146 MB  highWater=24414 MB
ExecutionTime = 175.07 s  ClockTime = 177 s

Time = 1027
[mem] step-start: DEVICE_POOL current=19126 MB  actual(reserved)=38146 MB  highWater=24414 MB
Schwarz(Jacobi)+Bicgstab:  Solving for Ux, Initial residual = 7.880742102893605e-05, Final residual = 3.2857245980854875e-06, No Iterations 3, Solve time = 219.888 ms
Schwarz(Jacobi)+Bicgstab:  Solving for Uy, Initial residual = 0.004113953323966763, Final residual = 0.00014449464120890358, No Iterations 3, Solve time = 219.888 ms
Schwarz(Jacobi)+Bicgstab:  Solving for Uz, Initial residual = 0.00109429907903535, Final residual = 6.488557135130325e-05, No Iterations 3, Solve time = 219.888 ms
[mem] after-UEqn: DEVICE_POOL current=19126 MB  actual(reserved)=38146 MB  highWater=24414 MB
config(Cg+Multigrid):  Solving for p, Initial residual = 0.0012821898690082744, Final residual = 1.2742950000789077e-05, No Iterations 15, Solve time = 1756.936 ms
time step continuity errors : sum local = 3.1886406539273603e-06, global = -4.2296261517358755e-08, cumulative = -6.746674006304542e-07
[mem] after-pEqn: DEVICE_POOL current=19126 MB  actual(reserved)=38146 MB  highWater=24414 MB
[GinkgoSolver] p-cache: reuse(update_matrix_value) solve=27 rebuildInterval=0
Schwarz(Jacobi)+Bicgstab:  Solving for omega, Initial residual = 1.2592404997199474e-05, Final residual = 8.280356042263856e-07, No Iterations 2, Solve time = 85.467 ms
bounding omega, min: -56555.649221486725 max: 45355982.66208068 average: 6370.284571891692
[GinkgoSolver] p-cache: reuse(update_matrix_value) solve=27 rebuildInterval=0
Schwarz(Jacobi)+Bicgstab:  Solving for k, Initial residual = 0.00024315782786254284, Final residual = 1.196519532331777e-05, No Iterations 2, Solve time = 72.585 ms
bounding k, min: -0.0003765766536500774 max: 876.124935056992 average: 9.134978381545372
[mem] after-turb: DEVICE_POOL current=19126 MB  actual(reserved)=38146 MB  highWater=24414 MB
ExecutionTime = 180.02 s  ClockTime = 182 s

Time = 1028
[mem] step-start: DEVICE_POOL current=19126 MB  actual(reserved)=38146 MB  highWater=24414 MB
Schwarz(Jacobi)+Bicgstab:  Solving for Ux, Initial residual = 7.885580002790794e-05, Final residual = 3.6412642898305977e-06, No Iterations 3, Solve time = 225.646 ms
Schwarz(Jacobi)+Bicgstab:  Solving for Uy, Initial residual = 0.00412611073316029, Final residual = 0.0001376544602611874, No Iterations 3, Solve time = 225.646 ms
Schwarz(Jacobi)+Bicgstab:  Solving for Uz, Initial residual = 0.0010949309915683208, Final residual = 5.6366559689637256e-05, No Iterations 3, Solve time = 225.646 ms
[mem] after-UEqn: DEVICE_POOL current=19126 MB  actual(reserved)=38146 MB  highWater=24414 MB
config(Cg+Multigrid):  Solving for p, Initial residual = 0.001286545912222043, Final residual = 1.2507735493567155e-05, No Iterations 17, Solve time = 1977.885 ms
time step continuity errors : sum local = 3.1283891796123635e-06, global = -3.1442713762588266e-08, cumulative = -7.061101143930425e-07
[mem] after-pEqn: DEVICE_POOL current=19126 MB  actual(reserved)=38146 MB  highWater=24414 MB
[GinkgoSolver] p-cache: reuse(update_matrix_value) solve=28 rebuildInterval=0
Schwarz(Jacobi)+Bicgstab:  Solving for omega, Initial residual = 1.2726082072591348e-05, Final residual = 8.275411839493103e-07, No Iterations 2, Solve time = 85.212 ms
bounding omega, min: -55704.71601394136 max: 45355982.66964487 average: 6370.200084530909
[GinkgoSolver] p-cache: reuse(update_matrix_value) solve=28 rebuildInterval=0
Schwarz(Jacobi)+Bicgstab:  Solving for k, Initial residual = 0.0002432691392602314, Final residual = 1.2422923291016139e-05, No Iterations 2, Solve time = 72.913 ms
bounding k, min: -0.0006057743294022866 max: 875.2708730361317 average: 9.134288465779063
[mem] after-turb: DEVICE_POOL current=19126 MB  actual(reserved)=38146 MB  highWater=24414 MB
ExecutionTime = 185.19 s  ClockTime = 187 s

Time = 1029
[mem] step-start: DEVICE_POOL current=19126 MB  actual(reserved)=38146 MB  highWater=24414 MB
Schwarz(Jacobi)+Bicgstab:  Solving for Ux, Initial residual = 7.8922507365913e-05, Final residual = 3.876832038479517e-06, No Iterations 3, Solve time = 224.828 ms
Schwarz(Jacobi)+Bicgstab:  Solving for Uy, Initial residual = 0.00414313052459042, Final residual = 0.00013485234401506763, No Iterations 3, Solve time = 224.828 ms
Schwarz(Jacobi)+Bicgstab:  Solving for Uz, Initial residual = 0.0010939584122806637, Final residual = 3.324034210282833e-05, No Iterations 3, Solve time = 224.828 ms
[mem] after-UEqn: DEVICE_POOL current=19126 MB  actual(reserved)=38146 MB  highWater=24414 MB
config(Cg+Multigrid):  Solving for p, Initial residual = 0.001290813121919577, Final residual = 1.2903794754055633e-05, No Iterations 18, Solve time = 2085.564 ms
time step continuity errors : sum local = 3.2255923354422257e-06, global = -2.0224783890900606e-08, cumulative = -7.263348982839431e-07
[mem] after-pEqn: DEVICE_POOL current=19126 MB  actual(reserved)=38146 MB  highWater=24414 MB
[GinkgoSolver] p-cache: reuse(update_matrix_value) solve=29 rebuildInterval=0
Schwarz(Jacobi)+Bicgstab:  Solving for omega, Initial residual = 1.2742853418651783e-05, Final residual = 8.29662956670032e-07, No Iterations 2, Solve time = 86.208 ms
bounding omega, min: -54763.47225351621 max: 45355982.677068815 average: 6370.135377157576
[GinkgoSolver] p-cache: reuse(update_matrix_value) solve=29 rebuildInterval=0
Schwarz(Jacobi)+Bicgstab:  Solving for k, Initial residual = 0.00024348125377102775, Final residual = 1.2882533592335564e-05, No Iterations 2, Solve time = 76.337 ms
bounding k, min: -0.002076638395291777 max: 874.5684163138774 average: 9.133581060896416
[mem] after-turb: DEVICE_POOL current=19126 MB  actual(reserved)=38146 MB  highWater=24414 MB
ExecutionTime = 190.47 s  ClockTime = 192 s

Time = 1030
[mem] step-start: DEVICE_POOL current=19126 MB  actual(reserved)=38146 MB  highWater=24414 MB
Schwarz(Jacobi)+Bicgstab:  Solving for Ux, Initial residual = 7.897828627187391e-05, Final residual = 3.393206519768611e-06, No Iterations 3, Solve time = 232.446 ms
Schwarz(Jacobi)+Bicgstab:  Solving for Uy, Initial residual = 0.004162089318348225, Final residual = 0.0001349369407750247, No Iterations 3, Solve time = 232.446 ms
Schwarz(Jacobi)+Bicgstab:  Solving for Uz, Initial residual = 0.0010910177912199926, Final residual = 3.769656361370877e-05, No Iterations 3, Solve time = 232.446 ms
[mem] after-UEqn: DEVICE_POOL current=19126 MB  actual(reserved)=38146 MB  highWater=24414 MB
config(Cg+Multigrid):  Solving for p, Initial residual = 0.0012878209743464367, Final residual = 1.2311986656223648e-05, No Iterations 19, Solve time = 2186.405 ms
time step continuity errors : sum local = 3.075942481036439e-06, global = -9.308894034697406e-09, cumulative = -7.356437923186405e-07
[mem] after-pEqn: DEVICE_POOL current=19126 MB  actual(reserved)=38146 MB  highWater=24414 MB
[GinkgoSolver] p-cache: reuse(update_matrix_value) solve=30 rebuildInterval=0
Schwarz(Jacobi)+Bicgstab:  Solving for omega, Initial residual = 1.2751208756229109e-05, Final residual = 8.314089139120063e-07, No Iterations 2, Solve time = 85.454 ms
bounding omega, min: -283276.2460920998 max: 45355982.68552288 average: 6370.068674840587
[GinkgoSolver] p-cache: reuse(update_matrix_value) solve=30 rebuildInterval=0
Schwarz(Jacobi)+Bicgstab:  Solving for k, Initial residual = 0.00024373990163659672, Final residual = 1.319819460901251e-05, No Iterations 2, Solve time = 66.367 ms
bounding k, min: -0.002090685356147773 max: 873.9836375606889 average: 9.132856658129455
[mem] after-turb: DEVICE_POOL current=19126 MB  actual(reserved)=38146 MB  highWater=24414 MB
ExecutionTime = 195.87 s  ClockTime = 198 s

Time = 1031
[mem] step-start: DEVICE_POOL current=19126 MB  actual(reserved)=38146 MB  highWater=24414 MB
Schwarz(Jacobi)+Bicgstab:  Solving for Ux, Initial residual = 7.900381865045975e-05, Final residual = 4.433365676741142e-06, No Iterations 2, Solve time = 168.11 ms
Schwarz(Jacobi)+Bicgstab:  Solving for Uy, Initial residual = 0.0041800912722050575, Final residual = 0.0006372479810211301, No Iterations 2, Solve time = 168.11 ms
Schwarz(Jacobi)+Bicgstab:  Solving for Uz, Initial residual = 0.0010893224136461392, Final residual = 7.550273533480647e-05, No Iterations 2, Solve time = 168.11 ms
[mem] after-UEqn: DEVICE_POOL current=19126 MB  actual(reserved)=38146 MB  highWater=24414 MB
config(Cg+Multigrid):  Solving for p, Initial residual = 0.0013004008933611378, Final residual = 1.214715966585162e-05, No Iterations 19, Solve time = 2187.723 ms
time step continuity errors : sum local = 3.0335854140016867e-06, global = -7.577711794452966e-10, cumulative = -7.364015634980858e-07
[mem] after-pEqn: DEVICE_POOL current=19126 MB  actual(reserved)=38146 MB  highWater=24414 MB
[GinkgoSolver] p-cache: reuse(update_matrix_value) solve=31 rebuildInterval=0
Schwarz(Jacobi)+Bicgstab:  Solving for omega, Initial residual = 1.2784027562432344e-05, Final residual = 8.323417864586848e-07, No Iterations 2, Solve time = 78.13 ms
bounding omega, min: -52719.64698834618 max: 45355982.6949086 average: 6370.026852741457
[GinkgoSolver] p-cache: reuse(update_matrix_value) solve=31 rebuildInterval=0
Schwarz(Jacobi)+Bicgstab:  Solving for k, Initial residual = 0.0002444410323168321, Final residual = 1.3527512602213314e-05, No Iterations 2, Solve time = 73.083 ms
bounding k, min: -0.005007213169838945 max: 873.5291473032922 average: 9.132079674494863
[mem] after-turb: DEVICE_POOL current=19126 MB  actual(reserved)=38146 MB  highWater=24414 MB
ExecutionTime = 201.2 s  ClockTime = 203 s

Time = 1032
[mem] step-start: DEVICE_POOL current=19126 MB  actual(reserved)=38146 MB  highWater=24414 MB
Schwarz(Jacobi)+Bicgstab:  Solving for Ux, Initial residual = 7.926581579852218e-05, Final residual = 4.509534434839985e-06, No Iterations 2, Solve time = 177.576 ms
Schwarz(Jacobi)+Bicgstab:  Solving for Uy, Initial residual = 0.004162799245831413, Final residual = 0.000800667448720245, No Iterations 2, Solve time = 177.576 ms
Schwarz(Jacobi)+Bicgstab:  Solving for Uz, Initial residual = 0.0010949370325031905, Final residual = 7.394704745194956e-05, No Iterations 2, Solve time = 177.576 ms
[mem] after-UEqn: DEVICE_POOL current=19126 MB  actual(reserved)=38146 MB  highWater=24414 MB
config(Cg+Multigrid):  Solving for p, Initial residual = 0.0012924025400073034, Final residual = 1.2287856772131736e-05, No Iterations 13, Solve time = 1546.281 ms
time step continuity errors : sum local = 3.0682499179955104e-06, global = 1.2734185743186347e-08, cumulative = -7.236673777548995e-07
[mem] after-pEqn: DEVICE_POOL current=19126 MB  actual(reserved)=38146 MB  highWater=24414 MB
[GinkgoSolver] p-cache: reuse(update_matrix_value) solve=32 rebuildInterval=0
Schwarz(Jacobi)+Bicgstab:  Solving for omega, Initial residual = 1.2784571675511583e-05, Final residual = 8.353879291873456e-07, No Iterations 2, Solve time = 86.16 ms
bounding omega, min: -51989.14763509624 max: 45355982.70472841 average: 6370.014787191025
[GinkgoSolver] p-cache: reuse(update_matrix_value) solve=32 rebuildInterval=0
Schwarz(Jacobi)+Bicgstab:  Solving for k, Initial residual = 0.00024461983006858213, Final residual = 1.356150680958141e-05, No Iterations 2, Solve time = 72.316 ms
bounding k, min: -0.006254204687790761 max: 873.1966888608471 average: 9.131561362707831
[mem] after-turb: DEVICE_POOL current=19126 MB  actual(reserved)=38146 MB  highWater=24414 MB
ExecutionTime = 205.9 s  ClockTime = 208 s

Time = 1033
[mem] step-start: DEVICE_POOL current=19126 MB  actual(reserved)=38146 MB  highWater=24414 MB
Schwarz(Jacobi)+Bicgstab:  Solving for Ux, Initial residual = 7.918059237623067e-05, Final residual = 3.902714720479336e-06, No Iterations 3, Solve time = 228.524 ms
Schwarz(Jacobi)+Bicgstab:  Solving for Uy, Initial residual = 0.004217893581087201, Final residual = 0.00013915623079968482, No Iterations 3, Solve time = 228.524 ms
Schwarz(Jacobi)+Bicgstab:  Solving for Uz, Initial residual = 0.001093746716407665, Final residual = 4.679034624424424e-05, No Iterations 3, Solve time = 228.524 ms
[mem] after-UEqn: DEVICE_POOL current=19126 MB  actual(reserved)=38146 MB  highWater=24414 MB
config(Cg+Multigrid):  Solving for p, Initial residual = 0.0012894268269238686, Final residual = 1.2593993779801934e-05, No Iterations 18, Solve time = 2078.853 ms
time step continuity errors : sum local = 3.144850510872672e-06, global = 2.3295037807530583e-08, cumulative = -7.003723399473689e-07
[mem] after-pEqn: DEVICE_POOL current=19126 MB  actual(reserved)=38146 MB  highWater=24414 MB
[GinkgoSolver] p-cache: reuse(update_matrix_value) solve=33 rebuildInterval=0
Schwarz(Jacobi)+Bicgstab:  Solving for omega, Initial residual = 1.2793166720097229e-05, Final residual = 8.416669436290096e-07, No Iterations 2, Solve time = 85.66 ms
bounding omega, min: -51027.517544431874 max: 45355982.714667045 average: 6370.073527085558
[GinkgoSolver] p-cache: reuse(update_matrix_value) solve=33 rebuildInterval=0
Schwarz(Jacobi)+Bicgstab:  Solving for k, Initial residual = 0.00024515204122107316, Final residual = 1.3441286846799086e-05, No Iterations 2, Solve time = 73.041 ms
bounding k, min: -0.002643424361049203 max: 872.975844587186 average: 9.13099212815486
[mem] after-turb: DEVICE_POOL current=19126 MB  actual(reserved)=38146 MB  highWater=24414 MB
ExecutionTime = 211.17 s  ClockTime = 213 s

Time = 1034
[mem] step-start: DEVICE_POOL current=19126 MB  actual(reserved)=38146 MB  highWater=24414 MB
Schwarz(Jacobi)+Bicgstab:  Solving for Ux, Initial residual = 7.922537153290404e-05, Final residual = 3.957418896154047e-06, No Iterations 3, Solve time = 229.161 ms
Schwarz(Jacobi)+Bicgstab:  Solving for Uy, Initial residual = 0.004239712982495585, Final residual = 0.00013576513792502466, No Iterations 3, Solve time = 229.161 ms
Schwarz(Jacobi)+Bicgstab:  Solving for Uz, Initial residual = 0.001092413696251552, Final residual = 7.357524052433717e-05, No Iterations 3, Solve time = 229.161 ms
[mem] after-UEqn: DEVICE_POOL current=19126 MB  actual(reserved)=38146 MB  highWater=24414 MB
config(Cg+Multigrid):  Solving for p, Initial residual = 0.0012875908805962005, Final residual = 1.2041354162858419e-05, No Iterations 14, Solve time = 1644.542 ms
time step continuity errors : sum local = 3.0078167504729894e-06, global = 3.6623770967904586e-08, cumulative = -6.637485689794643e-07
[mem] after-pEqn: DEVICE_POOL current=19126 MB  actual(reserved)=38146 MB  highWater=24414 MB
[GinkgoSolver] p-cache: reuse(update_matrix_value) solve=34 rebuildInterval=0
Schwarz(Jacobi)+Bicgstab:  Solving for omega, Initial residual = 1.2814489861580437e-05, Final residual = 8.492914693753084e-07, No Iterations 2, Solve time = 86.451 ms
bounding omega, min: -222574.96396362255 max: 45355982.72123564 average: 6370.151213233023
[GinkgoSolver] p-cache: reuse(update_matrix_value) solve=34 rebuildInterval=0
Schwarz(Jacobi)+Bicgstab:  Solving for k, Initial residual = 0.00024574017670290636, Final residual = 1.2809215872882408e-05, No Iterations 2, Solve time = 75.778 ms
bounding k, min: -0.001563726828010678 max: 872.8171619322546 average: 9.13048868238868
[mem] after-turb: DEVICE_POOL current=19126 MB  actual(reserved)=38146 MB  highWater=24414 MB
ExecutionTime = 216.02 s  ClockTime = 218 s

Time = 1035
[mem] step-start: DEVICE_POOL current=19126 MB  actual(reserved)=38146 MB  highWater=24414 MB
Schwarz(Jacobi)+Bicgstab:  Solving for Ux, Initial residual = 7.932187931317164e-05, Final residual = 4.185599984574376e-06, No Iterations 3, Solve time = 231.892 ms
Schwarz(Jacobi)+Bicgstab:  Solving for Uy, Initial residual = 0.00425327083082668, Final residual = 0.00013490140800913563, No Iterations 3, Solve time = 231.892 ms
Schwarz(Jacobi)+Bicgstab:  Solving for Uz, Initial residual = 0.0010955684566877999, Final residual = 3.1221582555762064e-05, No Iterations 3, Solve time = 231.892 ms
[mem] after-UEqn: DEVICE_POOL current=19126 MB  actual(reserved)=38146 MB  highWater=24414 MB
config(Cg+Multigrid):  Solving for p, Initial residual = 0.0013311911294592834, Final residual = 1.2100420591852354e-05, No Iterations 59, Solve time = 6477.622 ms
time step continuity errors : sum local = 3.0233345876388663e-06, global = -5.069568090866182e-09, cumulative = -6.688181370703305e-07
[mem] after-pEqn: DEVICE_POOL current=19126 MB  actual(reserved)=38146 MB  highWater=24414 MB
[GinkgoSolver] p-cache: reuse(update_matrix_value) solve=35 rebuildInterval=0
Schwarz(Jacobi)+Bicgstab:  Solving for omega, Initial residual = 1.3305032716037198e-05, Final residual = 9.082300603563937e-07, No Iterations 2, Solve time = 77.279 ms
bounding omega, min: -41376.28077218153 max: 45355982.72302022 average: 6371.345255683058
[GinkgoSolver] p-cache: reuse(update_matrix_value) solve=35 rebuildInterval=0
Schwarz(Jacobi)+Bicgstab:  Solving for k, Initial residual = 0.00024707462820258035, Final residual = 1.2201266714372819e-05, No Iterations 2, Solve time = 72.701 ms
bounding k, min: -0.00586319677363378 max: 872.699923113396 average: 9.130089458523207
[mem] after-turb: DEVICE_POOL current=19126 MB  actual(reserved)=38146 MB  highWater=24414 MB
ExecutionTime = 225.69 s  ClockTime = 228 s

Time = 1036
[mem] step-start: DEVICE_POOL current=19126 MB  actual(reserved)=38146 MB  highWater=24414 MB
Schwarz(Jacobi)+Bicgstab:  Solving for Ux, Initial residual = 9.049356961497178e-05, Final residual = 5.2036500776388e-06, No Iterations 2, Solve time = 171.876 ms
Schwarz(Jacobi)+Bicgstab:  Solving for Uy, Initial residual = 0.00506080247287283, Final residual = 0.0002634323909416975, No Iterations 2, Solve time = 171.876 ms
Schwarz(Jacobi)+Bicgstab:  Solving for Uz, Initial residual = 0.0012276063002474233, Final residual = 9.272543881469269e-05, No Iterations 2, Solve time = 171.876 ms
[mem] after-UEqn: DEVICE_POOL current=19126 MB  actual(reserved)=38146 MB  highWater=24414 MB
config(Cg+Multigrid):  Solving for p, Initial residual = 0.0008809900944448326, Final residual = 8.666058722438905e-06, No Iterations 57, Solve time = 6278.66 ms
time step continuity errors : sum local = 3.511422556998204e-06, global = 1.8831016984359656e-08, cumulative = -6.499871200859709e-07
[mem] after-pEqn: DEVICE_POOL current=19126 MB  actual(reserved)=38146 MB  highWater=24414 MB
[GinkgoSolver] p-cache: reuse(update_matrix_value) solve=36 rebuildInterval=0
Schwarz(Jacobi)+Bicgstab:  Solving for omega, Initial residual = 1.326446647620777e-05, Final residual = 9.075654688875158e-07, No Iterations 2, Solve time = 86.652 ms
bounding omega, min: -43476.91182365137 max: 45355982.71643409 average: 6371.029620123602
[GinkgoSolver] p-cache: reuse(update_matrix_value) solve=36 rebuildInterval=0
Schwarz(Jacobi)+Bicgstab:  Solving for k, Initial residual = 0.0002472488450897114, Final residual = 1.2523758860020033e-05, No Iterations 2, Solve time = 72.949 ms
bounding k, min: -0.0074866171230077334 max: 872.6873456563483 average: 9.129606481549363
[mem] after-turb: DEVICE_POOL current=19126 MB  actual(reserved)=38146 MB  highWater=24414 MB
ExecutionTime = 235.08 s  ClockTime = 237 s

Time = 1037
[mem] step-start: DEVICE_POOL current=19126 MB  actual(reserved)=38146 MB  highWater=24414 MB
Schwarz(Jacobi)+Bicgstab:  Solving for Ux, Initial residual = 8.300898619561671e-05, Final residual = 1.5231334829997644e-06, No Iterations 4, Solve time = 281.326 ms
Schwarz(Jacobi)+Bicgstab:  Solving for Uy, Initial residual = 0.004511266135626475, Final residual = 8.611051076923898e-05, No Iterations 4, Solve time = 281.326 ms
Schwarz(Jacobi)+Bicgstab:  Solving for Uz, Initial residual = 0.0011625058492662672, Final residual = 2.4242223517790996e-05, No Iterations 4, Solve time = 281.326 ms
[mem] after-UEqn: DEVICE_POOL current=19126 MB  actual(reserved)=38146 MB  highWater=24414 MB
config(Cg+Multigrid):  Solving for p, Initial residual = 0.0010812721739252521, Final residual = 9.025733080240227e-06, No Iterations 57, Solve time = 6262.493 ms
time step continuity errors : sum local = 2.833413782409751e-06, global = 1.1730145486695384e-08, cumulative = -6.382569745992755e-07
[mem] after-pEqn: DEVICE_POOL current=19126 MB  actual(reserved)=38146 MB  highWater=24414 MB
[GinkgoSolver] p-cache: reuse(update_matrix_value) solve=37 rebuildInterval=0
Schwarz(Jacobi)+Bicgstab:  Solving for omega, Initial residual = 1.3088061596331503e-05, Final residual = 8.744466070791661e-07, No Iterations 2, Solve time = 72.236 ms
bounding omega, min: -44963.76894904887 max: 45355982.63343387 average: 6370.591900115601
[GinkgoSolver] p-cache: reuse(update_matrix_value) solve=37 rebuildInterval=0
Schwarz(Jacobi)+Bicgstab:  Solving for k, Initial residual = 0.00024731989694837947, Final residual = 1.2338634160449906e-05, No Iterations 2, Solve time = 73.009 ms
bounding k, min: -0.010965378335069068 max: 872.5972008802387 average: 9.12892214869468
[mem] after-turb: DEVICE_POOL current=19126 MB  actual(reserved)=38146 MB  highWater=24414 MB
ExecutionTime = 244.55 s  ClockTime = 247 s

Time = 1038
[mem] step-start: DEVICE_POOL current=19126 MB  actual(reserved)=38146 MB  highWater=24414 MB
Schwarz(Jacobi)+Bicgstab:  Solving for Ux, Initial residual = 8.084353007451478e-05, Final residual = 2.664692906141364e-06, No Iterations 3, Solve time = 227.359 ms
Schwarz(Jacobi)+Bicgstab:  Solving for Uy, Initial residual = 0.004333904934625967, Final residual = 0.00017448718006025948, No Iterations 3, Solve time = 227.359 ms
Schwarz(Jacobi)+Bicgstab:  Solving for Uz, Initial residual = 0.0011397698562274784, Final residual = 5.6635547611013476e-05, No Iterations 3, Solve time = 227.359 ms
[mem] after-UEqn: DEVICE_POOL current=19126 MB  actual(reserved)=38146 MB  highWater=24414 MB
config(Cg+Multigrid):  Solving for p, Initial residual = 0.0014272961372263063, Final residual = 1.2962727297471479e-05, No Iterations 56, Solve time = 6205.037 ms
time step continuity errors : sum local = 3.0100211559157796e-06, global = 3.404053524953619e-08, cumulative = -6.042164393497393e-07
[mem] after-pEqn: DEVICE_POOL current=19126 MB  actual(reserved)=38146 MB  highWater=24414 MB
[GinkgoSolver] p-cache: reuse(update_matrix_value) solve=38 rebuildInterval=0
Schwarz(Jacobi)+Bicgstab:  Solving for omega, Initial residual = 1.3030213341981804e-05, Final residual = 8.78635009950385e-07, No Iterations 2, Solve time = 85.979 ms
bounding omega, min: -164356.94502962302 max: 45355982.60610044 average: 6370.182925831855
[GinkgoSolver] p-cache: reuse(update_matrix_value) solve=38 rebuildInterval=0
Schwarz(Jacobi)+Bicgstab:  Solving for k, Initial residual = 0.0002477073768585138, Final residual = 1.2138198729499223e-05, No Iterations 2, Solve time = 72.264 ms
bounding k, min: -0.01747977222555774 max: 872.5435146866987 average: 9.128342081574266
[mem] after-turb: DEVICE_POOL current=19126 MB  actual(reserved)=38146 MB  highWater=24414 MB
ExecutionTime = 253.9 s  ClockTime = 256 s

Time = 1039
[mem] step-start: DEVICE_POOL current=19126 MB  actual(reserved)=38146 MB  highWater=24414 MB
Schwarz(Jacobi)+Bicgstab:  Solving for Ux, Initial residual = 8.362719522792473e-05, Final residual = 4.500689118692922e-06, No Iterations 3, Solve time = 237.094 ms
Schwarz(Jacobi)+Bicgstab:  Solving for Uy, Initial residual = 0.004534796475944027, Final residual = 0.0001537301620999217, No Iterations 3, Solve time = 237.094 ms
Schwarz(Jacobi)+Bicgstab:  Solving for Uz, Initial residual = 0.0011585561812488788, Final residual = 5.997759481354484e-05, No Iterations 3, Solve time = 237.094 ms
[mem] after-UEqn: DEVICE_POOL current=19126 MB  actual(reserved)=38146 MB  highWater=24414 MB
config(Cg+Multigrid):  Solving for p, Initial residual = 0.001865715694866276, Final residual = 1.8608421175847764e-05, No Iterations 42, Solve time = 4700.253 ms
time step continuity errors : sum local = 3.3643824149585655e-06, global = -4.215244796914605e-09, cumulative = -6.084316841466538e-07
[mem] after-pEqn: DEVICE_POOL current=19126 MB  actual(reserved)=38146 MB  highWater=24414 MB
[GinkgoSolver] p-cache: reuse(update_matrix_value) solve=39 rebuildInterval=0
Schwarz(Jacobi)+Bicgstab:  Solving for omega, Initial residual = 1.3023912323470993e-05, Final residual = 8.851612445179435e-07, No Iterations 2, Solve time = 77.419 ms
bounding omega, min: -47371.922898345016 max: 45355982.60730437 average: 6370.0072703920305
[GinkgoSolver] p-cache: reuse(update_matrix_value) solve=39 rebuildInterval=0
Schwarz(Jacobi)+Bicgstab:  Solving for k, Initial residual = 0.00024820759915889504, Final residual = 1.1930599167565888e-05, No Iterations 2, Solve time = 72.841 ms
bounding k, min: -0.02050625997828978 max: 872.5237996326555 average: 9.127953162002699
[mem] after-turb: DEVICE_POOL current=19126 MB  actual(reserved)=38146 MB  highWater=24414 MB
ExecutionTime = 261.75 s  ClockTime = 264 s

Time = 1040
[mem] step-start: DEVICE_POOL current=19126 MB  actual(reserved)=38146 MB  highWater=24414 MB
Schwarz(Jacobi)+Bicgstab:  Solving for Ux, Initial residual = 8.472870618429365e-05, Final residual = 5.0509167894903025e-06, No Iterations 2, Solve time = 175.348 ms
Schwarz(Jacobi)+Bicgstab:  Solving for Uy, Initial residual = 0.004635737103839336, Final residual = 0.0005301933747545259, No Iterations 2, Solve time = 175.348 ms
Schwarz(Jacobi)+Bicgstab:  Solving for Uz, Initial residual = 0.001163115533350814, Final residual = 8.327161959279653e-05, No Iterations 2, Solve time = 175.348 ms
[mem] after-UEqn: DEVICE_POOL current=19126 MB  actual(reserved)=38146 MB  highWater=24414 MB
config(Cg+Multigrid):  Solving for p, Initial residual = 0.0020922772823937495, Final residual = 2.066195688413095e-05, No Iterations 42, Solve time = 4693.245 ms
time step continuity errors : sum local = 3.418945500776285e-06, global = 2.4818867961494537e-08, cumulative = -5.836128161851593e-07
[mem] after-pEqn: DEVICE_POOL current=19126 MB  actual(reserved)=38146 MB  highWater=24414 MB
[GinkgoSolver] p-cache: reuse(update_matrix_value) solve=40 rebuildInterval=0
Schwarz(Jacobi)+Bicgstab:  Solving for omega, Initial residual = 1.3087815695354562e-05, Final residual = 8.949734617668244e-07, No Iterations 2, Solve time = 86.2 ms
bounding omega, min: -47278.43785195055 max: 45355982.625293665 average: 6370.009467603548
[GinkgoSolver] p-cache: reuse(update_matrix_value) solve=40 rebuildInterval=0
Schwarz(Jacobi)+Bicgstab:  Solving for k, Initial residual = 0.0002488981501536722, Final residual = 1.644238395027597e-05, No Iterations 2, Solve time = 73.562 ms
bounding k, min: -0.20605995401954957 max: 872.4877045354601 average: 9.127984792908771
[mem] after-turb: DEVICE_POOL current=19126 MB  actual(reserved)=38146 MB  highWater=24414 MB
ExecutionTime = 269.55 s  ClockTime = 272 s

Time = 1041
[mem] step-start: DEVICE_POOL current=19126 MB  actual(reserved)=38146 MB  highWater=24414 MB
Schwarz(Jacobi)+Bicgstab:  Solving for Ux, Initial residual = 8.401830520439582e-05, Final residual = 2.1329432828776926e-06, No Iterations 4, Solve time = 275.983 ms
Schwarz(Jacobi)+Bicgstab:  Solving for Uy, Initial residual = 0.004551282329308602, Final residual = 8.943814154537178e-05, No Iterations 4, Solve time = 275.983 ms
Schwarz(Jacobi)+Bicgstab:  Solving for Uz, Initial residual = 0.0011509331309454294, Final residual = 2.4294835785719894e-05, No Iterations 4, Solve time = 275.983 ms
[mem] after-UEqn: DEVICE_POOL current=19126 MB  actual(reserved)=38146 MB  highWater=24414 MB
config(Cg+Multigrid):  Solving for p, Initial residual = 0.0019143873458323801, Final residual = 1.6422386778935028e-05, No Iterations 52, Solve time = 5703.783 ms
time step continuity errors : sum local = 2.9567649265306643e-06, global = -3.070765460339884e-08, cumulative = -6.143204707885582e-07
[mem] after-pEqn: DEVICE_POOL current=19126 MB  actual(reserved)=38146 MB  highWater=24414 MB
[GinkgoSolver] p-cache: reuse(update_matrix_value) solve=41 rebuildInterval=0
Schwarz(Jacobi)+Bicgstab:  Solving for omega, Initial residual = 1.2938950381719622e-05, Final residual = 8.947843517087645e-07, No Iterations 2, Solve time = 85.494 ms
bounding omega, min: -47005.18447118501 max: 45355982.65513788 average: 6370.162429789662
[GinkgoSolver] p-cache: reuse(update_matrix_value) solve=41 rebuildInterval=0
Schwarz(Jacobi)+Bicgstab:  Solving for k, Initial residual = 0.0002489487943377386, Final residual = 1.9635208120883128e-05, No Iterations 2, Solve time = 72.81 ms
bounding k, min: -0.2341794522984233 max: 872.4914957123397 average: 9.127772409301553
[mem] after-turb: DEVICE_POOL current=19126 MB  actual(reserved)=38146 MB  highWater=24414 MB
ExecutionTime = 278.42 s  ClockTime = 281 s

Time = 1042
[mem] step-start: DEVICE_POOL current=19126 MB  actual(reserved)=38146 MB  highWater=24414 MB
Schwarz(Jacobi)+Bicgstab:  Solving for Ux, Initial residual = 8.211354390676893e-05, Final residual = 2.377138718315397e-06, No Iterations 3, Solve time = 230.082 ms
Schwarz(Jacobi)+Bicgstab:  Solving for Uy, Initial residual = 0.004397517758152723, Final residual = 0.00017266780643411514, No Iterations 3, Solve time = 230.082 ms
Schwarz(Jacobi)+Bicgstab:  Solving for Uz, Initial residual = 0.0011267133602993998, Final residual = 5.40505591451865e-05, No Iterations 3, Solve time = 230.082 ms
[mem] after-UEqn: DEVICE_POOL current=19126 MB  actual(reserved)=38146 MB  highWater=24414 MB
config(Cg+Multigrid):  Solving for p, Initial residual = 0.0016063817454749602, Final residual = 1.5021059877545926e-05, No Iterations 52, Solve time = 5768.498 ms
time step continuity errors : sum local = 3.1669913509137504e-06, global = -3.30520120642308e-08, cumulative = -6.473724828527889e-07
[mem] after-pEqn: DEVICE_POOL current=19126 MB  actual(reserved)=38146 MB  highWater=24414 MB
[GinkgoSolver] p-cache: reuse(update_matrix_value) solve=42 rebuildInterval=0
Schwarz(Jacobi)+Bicgstab:  Solving for omega, Initial residual = 1.3037657021677402e-05, Final residual = 8.968597562815639e-07, No Iterations 2, Solve time = 86.839 ms
bounding omega, min: -295859.215746431 max: 45355982.6710712 average: 6370.403012332308
[GinkgoSolver] p-cache: reuse(update_matrix_value) solve=42 rebuildInterval=0
Schwarz(Jacobi)+Bicgstab:  Solving for k, Initial residual = 0.0002491092889757599, Final residual = 8.2122137685551e-06, No Iterations 3, Solve time = 95.607 ms
bounding k, min: -3.405398237301004e-05 max: 872.4950563386516 average: 9.12742331360318
[mem] after-turb: DEVICE_POOL current=19126 MB  actual(reserved)=38146 MB  highWater=24414 MB
ExecutionTime = 287.35 s  ClockTime = 290 s

Time = 1043
[mem] step-start: DEVICE_POOL current=19126 MB  actual(reserved)=38146 MB  highWater=24414 MB
Schwarz(Jacobi)+Bicgstab:  Solving for Ux, Initial residual = 8.06403793292012e-05, Final residual = 1.0509749445476321e-06, No Iterations 4, Solve time = 292.696 ms
Schwarz(Jacobi)+Bicgstab:  Solving for Uy, Initial residual = 0.0043362811999308444, Final residual = 9.418009327553486e-05, No Iterations 4, Solve time = 292.696 ms
Schwarz(Jacobi)+Bicgstab:  Solving for Uz, Initial residual = 0.0011156750262585498, Final residual = 7.805293183896475e-05, No Iterations 4, Solve time = 292.696 ms
[mem] after-UEqn: DEVICE_POOL current=19126 MB  actual(reserved)=38146 MB  highWater=24414 MB
config(Cg+Multigrid):  Solving for p, Initial residual = 0.0013629263779921096, Final residual = 1.3601876530237365e-05, No Iterations 50, Solve time = 5530.349 ms
time step continuity errors : sum local = 3.314459810039104e-06, global = -2.431007837156008e-08, cumulative = -6.71682561224349e-07
[mem] after-pEqn: DEVICE_POOL current=19126 MB  actual(reserved)=38146 MB  highWater=24414 MB
[GinkgoSolver] p-cache: reuse(update_matrix_value) solve=43 rebuildInterval=0
Schwarz(Jacobi)+Bicgstab:  Solving for omega, Initial residual = 1.3149408804781895e-05, Final residual = 8.867958501935695e-07, No Iterations 2, Solve time = 77.064 ms
bounding omega, min: -46501.48392009472 max: 45355982.67129035 average: 6370.335586881983
[GinkgoSolver] p-cache: reuse(update_matrix_value) solve=43 rebuildInterval=0
Schwarz(Jacobi)+Bicgstab:  Solving for k, Initial residual = 0.0002467140115119721, Final residual = 2.178844572620942e-05, No Iterations 2, Solve time = 72.515 ms
bounding k, min: -2.253090569856441e-07 max: 872.441746458405 average: 9.126823485561973
[mem] after-turb: DEVICE_POOL current=19126 MB  actual(reserved)=38146 MB  highWater=24414 MB
ExecutionTime = 296.14 s  ClockTime = 299 s

Time = 1044
[mem] step-start: DEVICE_POOL current=19126 MB  actual(reserved)=38146 MB  highWater=24414 MB
Schwarz(Jacobi)+Bicgstab:  Solving for Ux, Initial residual = 8.040555822087354e-05, Final residual = 1.1320497084294421e-05, No Iterations 3, Solve time = 228.104 ms
Schwarz(Jacobi)+Bicgstab:  Solving for Uy, Initial residual = 0.004375254095250749, Final residual = 0.00014999114340288322, No Iterations 3, Solve time = 228.104 ms
Schwarz(Jacobi)+Bicgstab:  Solving for Uz, Initial residual = 0.001120448957183795, Final residual = 8.081837347206225e-05, No Iterations 3, Solve time = 228.104 ms
[mem] after-UEqn: DEVICE_POOL current=19126 MB  actual(reserved)=38146 MB  highWater=24414 MB
config(Cg+Multigrid):  Solving for p, Initial residual = 0.001259694359234027, Final residual = 1.2226479320219155e-05, No Iterations 40, Solve time = 4476.968 ms
time step continuity errors : sum local = 3.2821411354461015e-06, global = 9.076161272015537e-09, cumulative = -6.626063999523335e-07
[mem] after-pEqn: DEVICE_POOL current=19126 MB  actual(reserved)=38146 MB  highWater=24414 MB
[GinkgoSolver] p-cache: reuse(update_matrix_value) solve=44 rebuildInterval=0
Schwarz(Jacobi)+Bicgstab:  Solving for omega, Initial residual = 1.3313496427732415e-05, Final residual = 9.053253885615822e-07, No Iterations 2, Solve time = 86.373 ms
bounding omega, min: -46133.640959611716 max: 45355982.64406917 average: 6370.34282206756
[GinkgoSolver] p-cache: reuse(update_matrix_value) solve=44 rebuildInterval=0
Schwarz(Jacobi)+Bicgstab:  Solving for k, Initial residual = 0.00024875552963381415, Final residual = 1.714713857494079e-05, No Iterations 2, Solve time = 72.562 ms
bounding k, min: -0.000156464757973183 max: 872.2960224888704 average: 9.127100127434119
[mem] after-turb: DEVICE_POOL current=19126 MB  actual(reserved)=38146 MB  highWater=24414 MB
ExecutionTime = 303.78 s  ClockTime = 306 s

Time = 1045
[mem] step-start: DEVICE_POOL current=19126 MB  actual(reserved)=38146 MB  highWater=24414 MB
Schwarz(Jacobi)+Bicgstab:  Solving for Ux, Initial residual = 8.158142550384808e-05, Final residual = 2.6618396309103576e-06, No Iterations 3, Solve time = 229.859 ms
Schwarz(Jacobi)+Bicgstab:  Solving for Uy, Initial residual = 0.004427676611010136, Final residual = 0.00015175524219382522, No Iterations 3, Solve time = 229.859 ms
Schwarz(Jacobi)+Bicgstab:  Solving for Uz, Initial residual = 0.001127391353741632, Final residual = 0.0001185433643905574, No Iterations 3, Solve time = 229.859 ms
[mem] after-UEqn: DEVICE_POOL current=19126 MB  actual(reserved)=38146 MB  highWater=24414 MB
config(Cg+Multigrid):  Solving for p, Initial residual = 0.0011999975884087143, Final residual = 1.149169957764344e-05, No Iterations 14, Solve time = 1660.841 ms
time step continuity errors : sum local = 3.220627372117031e-06, global = -1.863718911991067e-08, cumulative = -6.812435890722442e-07
[mem] after-pEqn: DEVICE_POOL current=19126 MB  actual(reserved)=38146 MB  highWater=24414 MB
[GinkgoSolver] p-cache: reuse(update_matrix_value) solve=45 rebuildInterval=0
Schwarz(Jacobi)+Bicgstab:  Solving for omega, Initial residual = 1.3148801081755887e-05, Final residual = 9.064146720750238e-07, No Iterations 2, Solve time = 85.976 ms
bounding omega, min: -46482.700341249554 max: 45355982.60396339 average: 6370.380562616372
[GinkgoSolver] p-cache: reuse(update_matrix_value) solve=45 rebuildInterval=0
Schwarz(Jacobi)+Bicgstab:  Solving for k, Initial residual = 0.00024950668471198213, Final residual = 1.5080402886184222e-05, No Iterations 2, Solve time = 72.182 ms
[mem] after-turb: DEVICE_POOL current=19126 MB  actual(reserved)=38146 MB  highWater=24414 MB
ExecutionTime = 308.61 s  ClockTime = 311 s

Time = 1046
[mem] step-start: DEVICE_POOL current=19126 MB  actual(reserved)=38146 MB  highWater=24414 MB
Schwarz(Jacobi)+Bicgstab:  Solving for Ux, Initial residual = 8.122593622082283e-05, Final residual = 4.726861766379426e-06, No Iterations 3, Solve time = 228.49 ms
Schwarz(Jacobi)+Bicgstab:  Solving for Uy, Initial residual = 0.004439939022077058, Final residual = 0.0001528305957440546, No Iterations 3, Solve time = 228.49 ms
Schwarz(Jacobi)+Bicgstab:  Solving for Uz, Initial residual = 0.001134908866112132, Final residual = 4.977325273833087e-05, No Iterations 3, Solve time = 228.49 ms
[mem] after-UEqn: DEVICE_POOL current=19126 MB  actual(reserved)=38146 MB  highWater=24414 MB
config(Cg+Multigrid):  Solving for p, Initial residual = 0.0012043784668813976, Final residual = 1.1733670786056391e-05, No Iterations 38, Solve time = 4253.524 ms
time step continuity errors : sum local = 3.2874445812232333e-06, global = -3.785949262839297e-09, cumulative = -6.850295383350835e-07
[mem] after-pEqn: DEVICE_POOL current=19126 MB  actual(reserved)=38146 MB  highWater=24414 MB
[GinkgoSolver] p-cache: reuse(update_matrix_value) solve=46 rebuildInterval=0
Schwarz(Jacobi)+Bicgstab:  Solving for omega, Initial residual = 1.3136021264473251e-05, Final residual = 9.099877912168932e-07, No Iterations 2, Solve time = 86.104 ms
bounding omega, min: -208291.17437314463 max: 45355982.57578616 average: 6370.3713764302065
[GinkgoSolver] p-cache: reuse(update_matrix_value) solve=46 rebuildInterval=0
Schwarz(Jacobi)+Bicgstab:  Solving for k, Initial residual = 0.0002502225900231547, Final residual = 1.449911653342738e-05, No Iterations 2, Solve time = 72.608 ms
bounding k, min: -0.0013076768100405204 max: 871.9439971790324 average: 9.127467508058386
[mem] after-turb: DEVICE_POOL current=19126 MB  actual(reserved)=38146 MB  highWater=24414 MB
ExecutionTime = 316.02 s  ClockTime = 319 s

Time = 1047
[mem] step-start: DEVICE_POOL current=19126 MB  actual(reserved)=38146 MB  highWater=24414 MB
Schwarz(Jacobi)+Bicgstab:  Solving for Ux, Initial residual = 8.090764677960735e-05, Final residual = 1.071495541022031e-05, No Iterations 3, Solve time = 213.389 ms
Schwarz(Jacobi)+Bicgstab:  Solving for Uy, Initial residual = 0.004422192557595711, Final residual = 0.00015181822954069593, No Iterations 3, Solve time = 213.389 ms
Schwarz(Jacobi)+Bicgstab:  Solving for Uz, Initial residual = 0.0011317729929466835, Final residual = 4.2265702133712746e-05, No Iterations 3, Solve time = 213.389 ms
[mem] after-UEqn: DEVICE_POOL current=19126 MB  actual(reserved)=38146 MB  highWater=24414 MB
config(Cg+Multigrid):  Solving for p, Initial residual = 0.001264735941964982, Final residual = 1.2036740217131904e-05, No Iterations 40, Solve time = 4466.883 ms
time step continuity errors : sum local = 3.2701017407220374e-06, global = -6.767140387033993e-09, cumulative = -6.917966787221175e-07
[mem] after-pEqn: DEVICE_POOL current=19126 MB  actual(reserved)=38146 MB  highWater=24414 MB
[GinkgoSolver] p-cache: reuse(update_matrix_value) solve=47 rebuildInterval=0
Schwarz(Jacobi)+Bicgstab:  Solving for omega, Initial residual = 1.3196945907212746e-05, Final residual = 9.216606299740418e-07, No Iterations 2, Solve time = 85.945 ms
bounding omega, min: -47461.35691420263 max: 45355982.56400494 average: 6370.439810142576
[GinkgoSolver] p-cache: reuse(update_matrix_value) solve=47 rebuildInterval=0
Schwarz(Jacobi)+Bicgstab:  Solving for k, Initial residual = 0.000251237192005888, Final residual = 1.431524017818237e-05, No Iterations 2, Solve time = 73.214 ms
bounding k, min: -3.45328165387904e-05 max: 871.6667793404351 average: 9.12803362518009
[mem] after-turb: DEVICE_POOL current=19126 MB  actual(reserved)=38146 MB  highWater=24414 MB
ExecutionTime = 323.64 s  ClockTime = 326 s

Time = 1048
[mem] step-start: DEVICE_POOL current=19126 MB  actual(reserved)=38146 MB  highWater=24414 MB
Schwarz(Jacobi)+Bicgstab:  Solving for Ux, Initial residual = 8.120184476583936e-05, Final residual = 6.472662582521605e-06, No Iterations 2, Solve time = 169.104 ms
Schwarz(Jacobi)+Bicgstab:  Solving for Uy, Initial residual = 0.0044054049316314126, Final residual = 0.0006506527371801862, No Iterations 2, Solve time = 169.104 ms
Schwarz(Jacobi)+Bicgstab:  Solving for Uz, Initial residual = 0.0011295507724901966, Final residual = 7.955945359571748e-05, No Iterations 2, Solve time = 169.104 ms
[mem] after-UEqn: DEVICE_POOL current=19126 MB  actual(reserved)=38146 MB  highWater=24414 MB
config(Cg+Multigrid):  Solving for p, Initial residual = 0.001319754318797943, Final residual = 1.2005950085509638e-05, No Iterations 40, Solve time = 4470.421 ms
time step continuity errors : sum local = 3.115641321325241e-06, global = 5.634589257394156e-10, cumulative = -6.912332197963781e-07
[mem] after-pEqn: DEVICE_POOL current=19126 MB  actual(reserved)=38146 MB  highWater=24414 MB
[GinkgoSolver] p-cache: reuse(update_matrix_value) solve=48 rebuildInterval=0
Schwarz(Jacobi)+Bicgstab:  Solving for omega, Initial residual = 1.3208261218942237e-05, Final residual = 9.18391298126457e-07, No Iterations 2, Solve time = 78.448 ms
bounding omega, min: -47807.92863144554 max: 45355982.561741635 average: 6370.44205138557
[GinkgoSolver] p-cache: reuse(update_matrix_value) solve=48 rebuildInterval=0
Schwarz(Jacobi)+Bicgstab:  Solving for k, Initial residual = 0.00025183343734679894, Final residual = 1.4200829032491275e-05, No Iterations 2, Solve time = 73.351 ms
bounding k, min: -0.0026824793162243846 max: 871.4410277266986 average: 9.128463685426151
[mem] after-turb: DEVICE_POOL current=19126 MB  actual(reserved)=38146 MB  highWater=24414 MB
ExecutionTime = 331.22 s  ClockTime = 334 s

Time = 1049
[mem] step-start: DEVICE_POOL current=19126 MB  actual(reserved)=38146 MB  highWater=24414 MB
Schwarz(Jacobi)+Bicgstab:  Solving for Ux, Initial residual = 8.143568667605972e-05, Final residual = 3.7720860680356746e-06, No Iterations 3, Solve time = 222.897 ms
Schwarz(Jacobi)+Bicgstab:  Solving for Uy, Initial residual = 0.004381994752011835, Final residual = 0.00017157679524005152, No Iterations 3, Solve time = 222.897 ms
Schwarz(Jacobi)+Bicgstab:  Solving for Uz, Initial residual = 0.0011348672784995484, Final residual = 7.640065541480338e-05, No Iterations 3, Solve time = 222.897 ms
[mem] after-UEqn: DEVICE_POOL current=19126 MB  actual(reserved)=38146 MB  highWater=24414 MB
config(Cg+Multigrid):  Solving for p, Initial residual = 0.0013486813488867671, Final residual = 1.3155825749211616e-05, No Iterations 37, Solve time = 4142.639 ms
time step continuity errors : sum local = 3.2646563359115116e-06, global = 8.005801177422392e-09, cumulative = -6.832274186189557e-07
[mem] after-pEqn: DEVICE_POOL current=19126 MB  actual(reserved)=38146 MB  highWater=24414 MB
[GinkgoSolver] p-cache: reuse(update_matrix_value) solve=49 rebuildInterval=0
Schwarz(Jacobi)+Bicgstab:  Solving for omega, Initial residual = 1.3260676247552791e-05, Final residual = 9.984522721763024e-07, No Iterations 2, Solve time = 78.074 ms
bounding omega, min: -49263.91525825976 max: 45355982.56417293 average: 6370.468949385388
[GinkgoSolver] p-cache: reuse(update_matrix_value) solve=49 rebuildInterval=0
Schwarz(Jacobi)+Bicgstab:  Solving for k, Initial residual = 0.0002522775812075826, Final residual = 1.420013275488329e-05, No Iterations 2, Solve time = 72.812 ms
bounding k, min: -4.4839291844045325e-05 max: 871.2164218249143 average: 9.128987586443593
[mem] after-turb: DEVICE_POOL current=19126 MB  actual(reserved)=38146 MB  highWater=24414 MB
ExecutionTime = 338.5 s  ClockTime = 341 s

Time = 1050
[mem] step-start: DEVICE_POOL current=19126 MB  actual(reserved)=38146 MB  highWater=24414 MB
Schwarz(Jacobi)+Bicgstab:  Solving for Ux, Initial residual = 8.163933597985241e-05, Final residual = 5.018031697114326e-06, No Iterations 2, Solve time = 173.581 ms
Schwarz(Jacobi)+Bicgstab:  Solving for Uy, Initial residual = 0.004382251166604333, Final residual = 0.0006996921054095279, No Iterations 2, Solve time = 173.581 ms
Schwarz(Jacobi)+Bicgstab:  Solving for Uz, Initial residual = 0.0011388911017756582, Final residual = 8.048399046983775e-05, No Iterations 2, Solve time = 173.581 ms
[mem] after-UEqn: DEVICE_POOL current=19126 MB  actual(reserved)=38146 MB  highWater=24414 MB
config(Cg+Multigrid):  Solving for p, Initial residual = 0.0014500262367454408, Final residual = 1.3715054876949513e-05, No Iterations 33, Solve time = 3701.074 ms
time step continuity errors : sum local = 3.302318284044737e-06, global = -6.245533896860639e-08, cumulative = -7.456827575875621e-07
[mem] after-pEqn: DEVICE_POOL current=19126 MB  actual(reserved)=38146 MB  highWater=24414 MB
[GinkgoSolver] p-cache: reuse(update_matrix_value) solve=50 rebuildInterval=0
Schwarz(Jacobi)+Bicgstab:  Solving for omega, Initial residual = 1.3305370666521567e-05, Final residual = 1.0096185047685975e-06, No Iterations 2, Solve time = 75.452 ms
bounding omega, min: -139747.69226785225 max: 45355982.570785396 average: 6370.5729143483595
[GinkgoSolver] p-cache: reuse(update_matrix_value) solve=50 rebuildInterval=0
Schwarz(Jacobi)+Bicgstab:  Solving for k, Initial residual = 0.0002527205579596019, Final residual = 2.2339067814542814e-05, No Iterations 2, Solve time = 76.008 ms
bounding k, min: -0.0018601569783971979 max: 871.02495295099 average: 9.129624015699912
[mem] after-turb: DEVICE_POOL current=19126 MB  actual(reserved)=38146 MB  highWater=24414 MB
ExecutionTime = 345.3 s  ClockTime = 348 s

Time = 1051
[mem] step-start: DEVICE_POOL current=19126 MB  actual(reserved)=38146 MB  highWater=24414 MB
Schwarz(Jacobi)+Bicgstab:  Solving for Ux, Initial residual = 8.40561868854578e-05, Final residual = 3.1181152064793564e-06, No Iterations 3, Solve time = 235.814 ms
Schwarz(Jacobi)+Bicgstab:  Solving for Uy, Initial residual = 0.004444297253625475, Final residual = 0.00014370553552851614, No Iterations 3, Solve time = 235.814 ms
Schwarz(Jacobi)+Bicgstab:  Solving for Uz, Initial residual = 0.0011392228136982614, Final residual = 6.130407531082751e-05, No Iterations 3, Solve time = 235.814 ms
[mem] after-UEqn: DEVICE_POOL current=19126 MB  actual(reserved)=38146 MB  highWater=24414 MB
config(Cg+Multigrid):  Solving for p, Initial residual = 0.0014295927013084745, Final residual = 1.416581223269881e-05, No Iterations 24, Solve time = 2729.941 ms
time step continuity errors : sum local = 3.3675692320665073e-06, global = 8.18641996752962e-08, cumulative = -6.638185579122659e-07
[mem] after-pEqn: DEVICE_POOL current=19126 MB  actual(reserved)=38146 MB  highWater=24414 MB
[GinkgoSolver] p-cache: reuse(update_matrix_value) solve=51 rebuildInterval=0
Schwarz(Jacobi)+Bicgstab:  Solving for omega, Initial residual = 1.3333392652384823e-05, Final residual = 8.98637875863929e-07, No Iterations 2, Solve time = 85.926 ms
bounding omega, min: -48202.44587462659 max: 45355982.58220607 average: 6370.722755040945
[GinkgoSolver] p-cache: reuse(update_matrix_value) solve=51 rebuildInterval=0
Schwarz(Jacobi)+Bicgstab:  Solving for k, Initial residual = 0.00025356900097812333, Final residual = 1.1910250290477523e-05, No Iterations 2, Solve time = 72.24 ms
bounding k, min: -0.0016363484106716696 max: 870.8741719512661 average: 9.130305889374291
[mem] after-turb: DEVICE_POOL current=19126 MB  actual(reserved)=38146 MB  highWater=24414 MB
ExecutionTime = 351.19 s  ClockTime = 354 s

Time = 1052
[mem] step-start: DEVICE_POOL current=19126 MB  actual(reserved)=38146 MB  highWater=24414 MB
Schwarz(Jacobi)+Bicgstab:  Solving for Ux, Initial residual = 8.214688041868104e-05, Final residual = 2.9373536298200607e-06, No Iterations 3, Solve time = 221.285 ms
Schwarz(Jacobi)+Bicgstab:  Solving for Uy, Initial residual = 0.004456221092750889, Final residual = 0.0001419379754490991, No Iterations 3, Solve time = 221.285 ms
Schwarz(Jacobi)+Bicgstab:  Solving for Uz, Initial residual = 0.0011371410279312725, Final residual = 3.8967370256915806e-05, No Iterations 3, Solve time = 221.285 ms
[mem] after-UEqn: DEVICE_POOL current=19126 MB  actual(reserved)=38146 MB  highWater=24414 MB
config(Cg+Multigrid):  Solving for p, Initial residual = 0.0014152702365737963, Final residual = 1.3402625686899813e-05, No Iterations 30, Solve time = 3374.883 ms
time step continuity errors : sum local = 3.196517717592577e-06, global = 4.5433857610860494e-08, cumulative = -6.183847003014054e-07
[mem] after-pEqn: DEVICE_POOL current=19126 MB  actual(reserved)=38146 MB  highWater=24414 MB
[GinkgoSolver] p-cache: reuse(update_matrix_value) solve=52 rebuildInterval=0
Schwarz(Jacobi)+Bicgstab:  Solving for omega, Initial residual = 1.3102494396011226e-05, Final residual = 8.209022078719112e-07, No Iterations 2, Solve time = 81.183 ms
bounding omega, min: -46832.41738313839 max: 45355982.598090366 average: 6370.906263913025
[GinkgoSolver] p-cache: reuse(update_matrix_value) solve=52 rebuildInterval=0
Schwarz(Jacobi)+Bicgstab:  Solving for k, Initial residual = 0.0002534957670047238, Final residual = 1.7536054675539462e-05, No Iterations 2, Solve time = 72.403 ms
bounding k, min: -0.0002658646914865878 max: 870.716075538047 average: 9.130707914939103
[mem] after-turb: DEVICE_POOL current=19126 MB  actual(reserved)=38146 MB  highWater=24414 MB
ExecutionTime = 357.72 s  ClockTime = 361 s

Time = 1053
[mem] step-start: DEVICE_POOL current=19126 MB  actual(reserved)=38146 MB  highWater=24414 MB
Schwarz(Jacobi)+Bicgstab:  Solving for Ux, Initial residual = 8.15722746728197e-05, Final residual = 2.4332932530235903e-06, No Iterations 3, Solve time = 230.572 ms
Schwarz(Jacobi)+Bicgstab:  Solving for Uy, Initial residual = 0.0044610734624889285, Final residual = 0.00014351484138870117, No Iterations 3, Solve time = 230.572 ms
Schwarz(Jacobi)+Bicgstab:  Solving for Uz, Initial residual = 0.0011350861110257084, Final residual = 3.78981646855732e-05, No Iterations 3, Solve time = 230.572 ms
[mem] after-UEqn: DEVICE_POOL current=19126 MB  actual(reserved)=38146 MB  highWater=24414 MB
config(Cg+Multigrid):  Solving for p, Initial residual = 0.0013745912753960199, Final residual = 1.3601116188058355e-05, No Iterations 33, Solve time = 3690.185 ms
time step continuity errors : sum local = 3.291088739409404e-06, global = -1.443047590795326e-08, cumulative = -6.328151762093587e-07
[mem] after-pEqn: DEVICE_POOL current=19126 MB  actual(reserved)=38146 MB  highWater=24414 MB
[GinkgoSolver] p-cache: reuse(update_matrix_value) solve=53 rebuildInterval=0
Schwarz(Jacobi)+Bicgstab:  Solving for omega, Initial residual = 1.3234379071045728e-05, Final residual = 8.312865130603175e-07, No Iterations 2, Solve time = 75.88 ms
bounding omega, min: -46260.17413429953 max: 45355982.62093532 average: 6371.018994721195
[GinkgoSolver] p-cache: reuse(update_matrix_value) solve=53 rebuildInterval=0
Schwarz(Jacobi)+Bicgstab:  Solving for k, Initial residual = 0.0002536088335784592, Final residual = 1.5425752502108045e-05, No Iterations 2, Solve time = 72.954 ms
bounding k, min: -1.1481935287603957e-05 max: 870.6088641165288 average: 9.13111601804202
[mem] after-turb: DEVICE_POOL current=19126 MB  actual(reserved)=38146 MB  highWater=24414 MB
ExecutionTime = 364.59 s  ClockTime = 367 s

Time = 1054
[mem] step-start: DEVICE_POOL current=19126 MB  actual(reserved)=38146 MB  highWater=24414 MB
Schwarz(Jacobi)+Bicgstab:  Solving for Ux, Initial residual = 8.120849300618588e-05, Final residual = 7.393063698741609e-06, No Iterations 3, Solve time = 233.577 ms
Schwarz(Jacobi)+Bicgstab:  Solving for Uy, Initial residual = 0.004459415217575393, Final residual = 0.00014484442528829187, No Iterations 3, Solve time = 233.577 ms
Schwarz(Jacobi)+Bicgstab:  Solving for Uz, Initial residual = 0.0011353684317874917, Final residual = 3.6895048997362345e-05, No Iterations 3, Solve time = 233.577 ms
[mem] after-UEqn: DEVICE_POOL current=19126 MB  actual(reserved)=38146 MB  highWater=24414 MB
config(Cg+Multigrid):  Solving for p, Initial residual = 0.001352815361034351, Final residual = 1.2097760742035521e-05, No Iterations 34, Solve time = 3797.337 ms
time step continuity errors : sum local = 2.9862231741162115e-06, global = -1.550516569304448e-08, cumulative = -6.483203419024032e-07
[mem] after-pEqn: DEVICE_POOL current=19126 MB  actual(reserved)=38146 MB  highWater=24414 MB
[GinkgoSolver] p-cache: reuse(update_matrix_value) solve=54 rebuildInterval=0
Schwarz(Jacobi)+Bicgstab:  Solving for omega, Initial residual = 1.3206379605533719e-05, Final residual = 8.478981056555083e-07, No Iterations 2, Solve time = 85.548 ms
bounding omega, min: -105061.79718843455 max: 45355982.65330021 average: 6371.163669129075
[GinkgoSolver] p-cache: reuse(update_matrix_value) solve=54 rebuildInterval=0
Schwarz(Jacobi)+Bicgstab:  Solving for k, Initial residual = 0.00025404776156809497, Final residual = 1.4773645997784066e-05, No Iterations 2, Solve time = 72.267 ms
bounding k, min: -2.11502777322174e-05 max: 870.5818632420409 average: 9.131759112881928
[mem] after-turb: DEVICE_POOL current=19126 MB  actual(reserved)=38146 MB  highWater=24414 MB
ExecutionTime = 371.54 s  ClockTime = 374 s

Time = 1055
[mem] step-start: DEVICE_POOL current=19126 MB  actual(reserved)=38146 MB  highWater=24414 MB
Schwarz(Jacobi)+Bicgstab:  Solving for Ux, Initial residual = 8.133879820123006e-05, Final residual = 5.5374077619977584e-06, No Iterations 3, Solve time = 225.962 ms
Schwarz(Jacobi)+Bicgstab:  Solving for Uy, Initial residual = 0.004452763564354781, Final residual = 0.00014646628630330354, No Iterations 3, Solve time = 225.962 ms
Schwarz(Jacobi)+Bicgstab:  Solving for Uz, Initial residual = 0.0011372266266389893, Final residual = 6.339317213055823e-05, No Iterations 3, Solve time = 225.962 ms
[mem] after-UEqn: DEVICE_POOL current=19126 MB  actual(reserved)=38146 MB  highWater=24414 MB
config(Cg+Multigrid):  Solving for p, Initial residual = 0.001322188131473669, Final residual = 1.2891141172474305e-05, No Iterations 29, Solve time = 3247.183 ms
time step continuity errors : sum local = 3.238856694611328e-06, global = 5.4053429471091636e-08, cumulative = -5.942669124313115e-07
[mem] after-pEqn: DEVICE_POOL current=19126 MB  actual(reserved)=38146 MB  highWater=24414 MB
[GinkgoSolver] p-cache: reuse(update_matrix_value) solve=55 rebuildInterval=0
Schwarz(Jacobi)+Bicgstab:  Solving for omega, Initial residual = 0.14901717329537092, Final residual = 0.0114828263736123, No Iterations 3, Solve time = 108.918 ms
bounding omega, min: -35931.19504772528 max: 58164899640254.734 average: 2783459.7228701133
[GinkgoSolver] p-cache: reuse(update_matrix_value) solve=55 rebuildInterval=0
Schwarz(Jacobi)+Bicgstab:  Solving for k, Initial residual = 0.02039817310638666, Final residual = 3.604859635827095e-05, No Iterations 1, Solve time = 49.783 ms
bounding k, min: -1.704245016415527 max: 870.5536176618072 average: 9.13196934921419
[mem] after-turb: DEVICE_POOL current=19126 MB  actual(reserved)=38146 MB  highWater=24414 MB
ExecutionTime = 377.97 s  ClockTime = 381 s

Time = 1056
[mem] step-start: DEVICE_POOL current=19126 MB  actual(reserved)=38146 MB  highWater=24414 MB
Schwarz(Jacobi)+Bicgstab:  Solving for Ux, Initial residual = 8.143465168153227e-05, Final residual = 4.592305537928687e-06, No Iterations 2, Solve time = 159.581 ms
Schwarz(Jacobi)+Bicgstab:  Solving for Uy, Initial residual = 0.0044420034802208925, Final residual = 0.0007056445365372291, No Iterations 2, Solve time = 159.581 ms
Schwarz(Jacobi)+Bicgstab:  Solving for Uz, Initial residual = 0.0011413549721770938, Final residual = 9.245119859933412e-05, No Iterations 2, Solve time = 159.581 ms
[mem] after-UEqn: DEVICE_POOL current=19126 MB  actual(reserved)=38146 MB  highWater=24414 MB
config(Cg+Multigrid):  Solving for p, Initial residual = 0.0013225307918029532, Final residual = 1.287117213902574e-05, No Iterations 17, Solve time = 1975.895 ms
time step continuity errors : sum local = 3.266839748437283e-06, global = 5.5435705954050706e-08, cumulative = -5.388312064772608e-07
[mem] after-pEqn: DEVICE_POOL current=19126 MB  actual(reserved)=38146 MB  highWater=24414 MB
[GinkgoSolver] p-cache: reuse(update_matrix_value) solve=56 rebuildInterval=0
Schwarz(Jacobi)+Bicgstab:  Solving for omega, Initial residual = 0.5384599914974177, Final residual = 4.271598566792828e-12, No Iterations 1, Solve time = 63.082 ms
bounding omega, min: -396672001.92226315 max: 17449469892573.617 average: 846017.1276077451
[GinkgoSolver] p-cache: reuse(update_matrix_value) solve=56 rebuildInterval=0
Schwarz(Jacobi)+Bicgstab:  Solving for k, Initial residual = 0.0021169099301281916, Final residual = 3.939997424464963e-05, No Iterations 1, Solve time = 49.418 ms
bounding k, min: -1.9569491932342804 max: 870.5182105601788 average: 9.132051163216847
[mem] after-turb: DEVICE_POOL current=19126 MB  actual(reserved)=38146 MB  highWater=24414 MB
ExecutionTime = 383 s  ClockTime = 386 s

Time = 1057
[mem] step-start: DEVICE_POOL current=19126 MB  actual(reserved)=38146 MB  highWater=24414 MB
Schwarz(Jacobi)+Bicgstab:  Solving for Ux, Initial residual = 8.159707024195332e-05, Final residual = 6.710144552715792e-06, No Iterations 3, Solve time = 227.601 ms
Schwarz(Jacobi)+Bicgstab:  Solving for Uy, Initial residual = 0.004396605062497509, Final residual = 0.00017112440371793732, No Iterations 3, Solve time = 227.601 ms
Schwarz(Jacobi)+Bicgstab:  Solving for Uz, Initial residual = 0.001150760784452932, Final residual = 5.9196878600407536e-05, No Iterations 3, Solve time = 227.601 ms
[mem] after-UEqn: DEVICE_POOL current=19126 MB  actual(reserved)=38146 MB  highWater=24414 MB
config(Cg+Multigrid):  Solving for p, Initial residual = 0.0013095883098426706, Final residual = 1.2761302485760232e-05, No Iterations 19, Solve time = 2198.931 ms
time step continuity errors : sum local = 1.0105583418274365e-05, global = -6.872157942822258e-06, cumulative = -7.410989149299519e-06
[mem] after-pEqn: DEVICE_POOL current=19126 MB  actual(reserved)=38146 MB  highWater=24414 MB
[GinkgoSolver] p-cache: reuse(update_matrix_value) solve=57 rebuildInterval=0
Schwarz(Jacobi)+Bicgstab:  Solving for omega, Initial residual = 0.5384560646144374, Final residual = 5.237415900367449e-13, No Iterations 1, Solve time = 63.421 ms
bounding omega, min: -1573965.6989546723 max: 5234840968338.373 average: 258351.57855674933
[GinkgoSolver] p-cache: reuse(update_matrix_value) solve=57 rebuildInterval=0
Schwarz(Jacobi)+Bicgstab:  Solving for k, Initial residual = 0.00042988736917410806, Final residual = 4.287171732198539e-05, No Iterations 1, Solve time = 50.439 ms
bounding k, min: -1.1713086487808066 max: 870.4901662877855 average: 9.132359233079967
[mem] after-turb: DEVICE_POOL current=19126 MB  actual(reserved)=38146 MB  highWater=24414 MB
ExecutionTime = 388.34 s  ClockTime = 391 s

Time = 1058
[mem] step-start: DEVICE_POOL current=19126 MB  actual(reserved)=38146 MB  highWater=24414 MB
Schwarz(Jacobi)+Bicgstab:  Solving for Ux, Initial residual = 8.184539760664733e-05, Final residual = 2.969221444881122e-06, No Iterations 3, Solve time = 227.078 ms
Schwarz(Jacobi)+Bicgstab:  Solving for Uy, Initial residual = 0.004377012106779963, Final residual = 0.00015620160177749618, No Iterations 3, Solve time = 227.078 ms
Schwarz(Jacobi)+Bicgstab:  Solving for Uz, Initial residual = 0.0011543820592092517, Final residual = 0.00011740285017364483, No Iterations 3, Solve time = 227.078 ms
[mem] after-UEqn: DEVICE_POOL current=19126 MB  actual(reserved)=38146 MB  highWater=24414 MB
config(Cg+Multigrid):  Solving for p, Initial residual = 0.0013118568679903553, Final residual = 1.3077000359001293e-05, No Iterations 20, Solve time = 2283.612 ms
time step continuity errors : sum local = 3.323895487729526e-06, global = -4.7427312657414886e-08, cumulative = -7.458416461956934e-06
[mem] after-pEqn: DEVICE_POOL current=19126 MB  actual(reserved)=38146 MB  highWater=24414 MB
[GinkgoSolver] p-cache: reuse(update_matrix_value) solve=58 rebuildInterval=0
Schwarz(Jacobi)+Bicgstab:  Solving for omega, Initial residual = 0.5384427162602861, Final residual = 4.565180311212096e-12, No Iterations 1, Solve time = 62.643 ms
bounding omega, min: -100460.84401205769 max: 1570452291118.711 average: 81968.62627357994
[GinkgoSolver] p-cache: reuse(update_matrix_value) solve=58 rebuildInterval=0
Schwarz(Jacobi)+Bicgstab:  Solving for k, Initial residual = 0.0002797003422766107, Final residual = 1.333677085197227e-05, No Iterations 2, Solve time = 71.507 ms
bounding k, min: -0.11028189400407717 max: 870.4512374012766 average: 9.13313338478182
[mem] after-turb: DEVICE_POOL current=19126 MB  actual(reserved)=38146 MB  highWater=24414 MB
ExecutionTime = 393.77 s  ClockTime = 397 s

Time = 1059
[mem] step-start: DEVICE_POOL current=19126 MB  actual(reserved)=38146 MB  highWater=24414 MB
Schwarz(Jacobi)+Bicgstab:  Solving for Ux, Initial residual = 8.164218878562098e-05, Final residual = 4.577363543559974e-06, No Iterations 2, Solve time = 170.273 ms
Schwarz(Jacobi)+Bicgstab:  Solving for Uy, Initial residual = 0.004374976658197892, Final residual = 0.0007086360235845373, No Iterations 2, Solve time = 170.273 ms
Schwarz(Jacobi)+Bicgstab:  Solving for Uz, Initial residual = 0.0011461996061100945, Final residual = 0.000109330543152641, No Iterations 2, Solve time = 170.273 ms
[mem] after-UEqn: DEVICE_POOL current=19126 MB  actual(reserved)=38146 MB  highWater=24414 MB
config(Cg+Multigrid):  Solving for p, Initial residual = 0.001306387330577836, Final residual = 1.18695401777304e-05, No Iterations 21, Solve time = 2417.048 ms
time step continuity errors : sum local = 3.0134027169549813e-06, global = -5.3341622851265115e-08, cumulative = -7.511758084808199e-06
[mem] after-pEqn: DEVICE_POOL current=19126 MB  actual(reserved)=38146 MB  highWater=24414 MB
[GinkgoSolver] p-cache: reuse(update_matrix_value) solve=59 rebuildInterval=0
Schwarz(Jacobi)+Bicgstab:  Solving for omega, Initial residual = 0.53839494665705, Final residual = 5.134526137576634e-11, No Iterations 1, Solve time = 62.903 ms
bounding omega, min: -31886.473790284675 max: 471135687989.39014 average: 29051.09801987339
[GinkgoSolver] p-cache: reuse(update_matrix_value) solve=59 rebuildInterval=0
Schwarz(Jacobi)+Bicgstab:  Solving for k, Initial residual = 0.00026656644356068756, Final residual = 1.5904805429692283e-05, No Iterations 2, Solve time = 72.843 ms
bounding k, min: -0.04885234108237002 max: 870.3887366580742 average: 9.13392770885537
[mem] after-turb: DEVICE_POOL current=19126 MB  actual(reserved)=38146 MB  highWater=24414 MB
ExecutionTime = 399.28 s  ClockTime = 402 s

Time = 1060
[mem] step-start: DEVICE_POOL current=19126 MB  actual(reserved)=38146 MB  highWater=24414 MB
Schwarz(Jacobi)+Bicgstab:  Solving for Ux, Initial residual = 8.144248893484923e-05, Final residual = 4.1965350996122e-06, No Iterations 3, Solve time = 224.562 ms
Schwarz(Jacobi)+Bicgstab:  Solving for Uy, Initial residual = 0.004427549015720776, Final residual = 0.0001364067319122526, No Iterations 3, Solve time = 224.562 ms
Schwarz(Jacobi)+Bicgstab:  Solving for Uz, Initial residual = 0.001147858659261812, Final residual = 5.171229244631579e-05, No Iterations 3, Solve time = 224.562 ms
[mem] after-UEqn: DEVICE_POOL current=19126 MB  actual(reserved)=38146 MB  highWater=24414 MB
config(Cg+Multigrid):  Solving for p, Initial residual = 0.0013031061508829852, Final residual = 1.1908041091632155e-05, No Iterations 20, Solve time = 2285.918 ms
time step continuity errors : sum local = 3.0166718853606237e-06, global = -5.5631090566951186e-08, cumulative = -7.56738917537515e-06
[mem] after-pEqn: DEVICE_POOL current=19126 MB  actual(reserved)=38146 MB  highWater=24414 MB
[GinkgoSolver] p-cache: reuse(update_matrix_value) solve=60 rebuildInterval=0
Schwarz(Jacobi)+Bicgstab:  Solving for omega, Initial residual = 0.538199332067019, Final residual = 5.887958414856025e-10, No Iterations 1, Solve time = 54.44 ms
bounding omega, min: -29320.815155052835 max: 141340707074.26538 average: 13175.536901488435
[GinkgoSolver] p-cache: reuse(update_matrix_value) solve=60 rebuildInterval=0
Schwarz(Jacobi)+Bicgstab:  Solving for k, Initial residual = 0.0002660164523997178, Final residual = 9.217051938518641e-06, No Iterations 3, Solve time = 93.995 ms
bounding k, min: -1.5804338767134556e-05 max: 870.3227544272378 average: 9.134525071404628
[mem] after-turb: DEVICE_POOL current=19126 MB  actual(reserved)=38146 MB  highWater=24414 MB
ExecutionTime = 404.76 s  ClockTime = 408 s

Time = 1061
[mem] step-start: DEVICE_POOL current=19126 MB  actual(reserved)=38146 MB  highWater=24414 MB
Schwarz(Jacobi)+Bicgstab:  Solving for Ux, Initial residual = 8.136976837124367e-05, Final residual = 6.334764833696126e-06, No Iterations 3, Solve time = 223.141 ms
Schwarz(Jacobi)+Bicgstab:  Solving for Uy, Initial residual = 0.00443038236949679, Final residual = 0.00013767658377634304, No Iterations 3, Solve time = 223.141 ms
Schwarz(Jacobi)+Bicgstab:  Solving for Uz, Initial residual = 0.0011472078253625517, Final residual = 0.00014689069360761256, No Iterations 3, Solve time = 223.141 ms
[mem] after-UEqn: DEVICE_POOL current=19126 MB  actual(reserved)=38146 MB  highWater=24414 MB
config(Cg+Multigrid):  Solving for p, Initial residual = 0.0013266275661161157, Final residual = 1.2970897514333073e-05, No Iterations 15, Solve time = 1752.813 ms
time step continuity errors : sum local = 3.2789275893643238e-06, global = -7.893743353706202e-08, cumulative = -7.646326608912212e-06
[mem] after-pEqn: DEVICE_POOL current=19126 MB  actual(reserved)=38146 MB  highWater=24414 MB
[GinkgoSolver] p-cache: reuse(update_matrix_value) solve=61 rebuildInterval=0
Schwarz(Jacobi)+Bicgstab:  Solving for omega, Initial residual = 0.5371442283468411, Final residual = 6.705544555368203e-09, No Iterations 1, Solve time = 63.111 ms
bounding omega, min: -30248.886999821494 max: 42402212830.54758 average: 8412.587621580331
[GinkgoSolver] p-cache: reuse(update_matrix_value) solve=61 rebuildInterval=0
Schwarz(Jacobi)+Bicgstab:  Solving for k, Initial residual = 0.00026354557386993807, Final residual = 1.539889121923985e-05, No Iterations 2, Solve time = 72.876 ms
bounding k, min: -0.0001355108151571479 max: 870.1854471517817 average: 9.134718979029248
[mem] after-turb: DEVICE_POOL current=19126 MB  actual(reserved)=38146 MB  highWater=24414 MB
ExecutionTime = 409.67 s  ClockTime = 413 s

Time = 1062
[mem] step-start: DEVICE_POOL current=19126 MB  actual(reserved)=38146 MB  highWater=24414 MB
Schwarz(Jacobi)+Bicgstab:  Solving for Ux, Initial residual = 8.156519066702803e-05, Final residual = 3.1116551694163295e-06, No Iterations 3, Solve time = 216.089 ms
Schwarz(Jacobi)+Bicgstab:  Solving for Uy, Initial residual = 0.004428149582122299, Final residual = 0.0001397709591598627, No Iterations 3, Solve time = 216.089 ms
Schwarz(Jacobi)+Bicgstab:  Solving for Uz, Initial residual = 0.0011461740966298443, Final residual = 4.807643737330126e-05, No Iterations 3, Solve time = 216.089 ms
[mem] after-UEqn: DEVICE_POOL current=19126 MB  actual(reserved)=38146 MB  highWater=24414 MB
config(Cg+Multigrid):  Solving for p, Initial residual = 0.0013009065492423056, Final residual = 1.20938943203479e-05, No Iterations 13, Solve time = 1543.302 ms
time step continuity errors : sum local = 3.0547729405112276e-06, global = -8.141295157727749e-08, cumulative = -7.72773956048949e-06
[mem] after-pEqn: DEVICE_POOL current=19126 MB  actual(reserved)=38146 MB  highWater=24414 MB
[GinkgoSolver] p-cache: reuse(update_matrix_value) solve=62 rebuildInterval=0
Schwarz(Jacobi)+Bicgstab:  Solving for omega, Initial residual = 0.5292641880348146, Final residual = 7.506033029234186e-08, No Iterations 1, Solve time = 55.212 ms
bounding omega, min: -110719.80582580775 max: 12720664565.164543 average: 6983.4122129542175
[GinkgoSolver] p-cache: reuse(update_matrix_value) solve=62 rebuildInterval=0
Schwarz(Jacobi)+Bicgstab:  Solving for k, Initial residual = 0.0002639082700065012, Final residual = 1.4779089180440356e-05, No Iterations 2, Solve time = 72.523 ms
bounding k, min: -3.1242574485884384e-05 max: 870.0508303143183 average: 9.134850920918705
[mem] after-turb: DEVICE_POOL current=19126 MB  actual(reserved)=38146 MB  highWater=24414 MB
ExecutionTime = 414.38 s  ClockTime = 418 s

Time = 1063
[mem] step-start: DEVICE_POOL current=19126 MB  actual(reserved)=38146 MB  highWater=24414 MB
Schwarz(Jacobi)+Bicgstab:  Solving for Ux, Initial residual = 8.143320765748941e-05, Final residual = 4.205607046065915e-06, No Iterations 3, Solve time = 230.299 ms
Schwarz(Jacobi)+Bicgstab:  Solving for Uy, Initial residual = 0.004413746136872807, Final residual = 0.0001409918468277872, No Iterations 3, Solve time = 230.299 ms
Schwarz(Jacobi)+Bicgstab:  Solving for Uz, Initial residual = 0.001143223631429499, Final residual = 4.283137978842064e-05, No Iterations 3, Solve time = 230.299 ms
[mem] after-UEqn: DEVICE_POOL current=19126 MB  actual(reserved)=38146 MB  highWater=24414 MB
config(Cg+Multigrid):  Solving for p, Initial residual = 0.0012975917235998264, Final residual = 1.1860724239919552e-05, No Iterations 13, Solve time = 1545.589 ms
time step continuity errors : sum local = 2.994782725453947e-06, global = -5.9600278206243166e-08, cumulative = -7.787339838695733e-06
[mem] after-pEqn: DEVICE_POOL current=19126 MB  actual(reserved)=38146 MB  highWater=24414 MB
[GinkgoSolver] p-cache: reuse(update_matrix_value) solve=63 rebuildInterval=0
Schwarz(Jacobi)+Bicgstab:  Solving for omega, Initial residual = 0.46412119866957996, Final residual = 7.458014431347629e-07, No Iterations 1, Solve time = 62.769 ms
bounding omega, min: -27421.625061803672 max: 3816200090.531803 average: 6554.454900644734
[GinkgoSolver] p-cache: reuse(update_matrix_value) solve=63 rebuildInterval=0
Schwarz(Jacobi)+Bicgstab:  Solving for k, Initial residual = 0.00026440961030291314, Final residual = 1.4325205995068565e-05, No Iterations 2, Solve time = 72.278 ms
bounding k, min: -1.810605844211841e-05 max: 869.8760813672325 average: 9.134970235858885
[mem] after-turb: DEVICE_POOL current=19126 MB  actual(reserved)=38146 MB  highWater=24414 MB
ExecutionTime = 419.08 s  ClockTime = 422 s

Time = 1064
[mem] step-start: DEVICE_POOL current=19126 MB  actual(reserved)=38146 MB  highWater=24414 MB
Schwarz(Jacobi)+Bicgstab:  Solving for Ux, Initial residual = 8.149771283068198e-05, Final residual = 3.2368646386614257e-06, No Iterations 3, Solve time = 233.266 ms
Schwarz(Jacobi)+Bicgstab:  Solving for Uy, Initial residual = 0.0043910797535537446, Final residual = 0.00014231095311926161, No Iterations 3, Solve time = 233.266 ms
Schwarz(Jacobi)+Bicgstab:  Solving for Uz, Initial residual = 0.0011445447353047363, Final residual = 4.302268099211499e-05, No Iterations 3, Solve time = 233.266 ms
[mem] after-UEqn: DEVICE_POOL current=19126 MB  actual(reserved)=38146 MB  highWater=24414 MB
config(Cg+Multigrid):  Solving for p, Initial residual = 0.0012938080886845506, Final residual = 1.1116275548121253e-05, No Iterations 14, Solve time = 1642.217 ms
time step continuity errors : sum local = 2.8064371142755954e-06, global = -2.169169004736946e-08, cumulative = -7.809031528743103e-06
[mem] after-pEqn: DEVICE_POOL current=19126 MB  actual(reserved)=38146 MB  highWater=24414 MB
[GinkgoSolver] p-cache: reuse(update_matrix_value) solve=64 rebuildInterval=0
Schwarz(Jacobi)+Bicgstab:  Solving for omega, Initial residual = 0.201681068441534, Final residual = 3.6595999112487696e-06, No Iterations 1, Solve time = 54.962 ms
bounding omega, min: -27320.93815844338 max: 1144860749.1889296 average: 6425.564338740308
[GinkgoSolver] p-cache: reuse(update_matrix_value) solve=64 rebuildInterval=0
Schwarz(Jacobi)+Bicgstab:  Solving for k, Initial residual = 0.00026485709697213585, Final residual = 1.4075471746163327e-05, No Iterations 2, Solve time = 72.123 ms
bounding k, min: -2.2088207747152127e-06 max: 869.6800257560803 average: 9.13499777826735
[mem] after-turb: DEVICE_POOL current=19126 MB  actual(reserved)=38146 MB  highWater=24414 MB
ExecutionTime = 423.88 s  ClockTime = 427 s

Time = 1065
[mem] step-start: DEVICE_POOL current=19126 MB  actual(reserved)=38146 MB  highWater=24414 MB
Schwarz(Jacobi)+Bicgstab:  Solving for Ux, Initial residual = 8.148945462283914e-05, Final residual = 4.517492733211118e-06, No Iterations 2, Solve time = 173.894 ms
Schwarz(Jacobi)+Bicgstab:  Solving for Uy, Initial residual = 0.0043653813883805645, Final residual = 0.0004525448918380441, No Iterations 2, Solve time = 173.894 ms
Schwarz(Jacobi)+Bicgstab:  Solving for Uz, Initial residual = 0.001147923218055828, Final residual = 0.00011127729705826104, No Iterations 2, Solve time = 173.894 ms
[mem] after-UEqn: DEVICE_POOL current=19126 MB  actual(reserved)=38146 MB  highWater=24414 MB
config(Cg+Multigrid):  Solving for p, Initial residual = 0.00130856337007437, Final residual = 1.2833792118448944e-05, No Iterations 14, Solve time = 1651.011 ms
time step continuity errors : sum local = 3.240727632982685e-06, global = 2.5737307940200678e-08, cumulative = -7.783294220802903e-06
[mem] after-pEqn: DEVICE_POOL current=19126 MB  actual(reserved)=38146 MB  highWater=24414 MB
[GinkgoSolver] p-cache: reuse(update_matrix_value) solve=65 rebuildInterval=0
Schwarz(Jacobi)+Bicgstab:  Solving for omega, Initial residual = 0.028077438377806643, Final residual = 5.744337649089001e-06, No Iterations 1, Solve time = 63.349 ms
bounding omega, min: -27028.950346283462 max: 343458940.69334376 average: 6386.738759755623
[GinkgoSolver] p-cache: reuse(update_matrix_value) solve=65 rebuildInterval=0
Schwarz(Jacobi)+Bicgstab:  Solving for k, Initial residual = 0.0002655640355999883, Final residual = 1.4076622457818064e-05, No Iterations 2, Solve time = 71.86 ms
bounding k, min: -1.2515050058726293e-05 max: 869.4498759317979 average: 9.13501581546034
[mem] after-turb: DEVICE_POOL current=19126 MB  actual(reserved)=38146 MB  highWater=24414 MB
ExecutionTime = 428.65 s  ClockTime = 432 s

Time = 1066
[mem] step-start: DEVICE_POOL current=19126 MB  actual(reserved)=38146 MB  highWater=24414 MB
Schwarz(Jacobi)+Bicgstab:  Solving for Ux, Initial residual = 8.167847199410401e-05, Final residual = 4.564207688953176e-06, No Iterations 2, Solve time = 176.6 ms
Schwarz(Jacobi)+Bicgstab:  Solving for Uy, Initial residual = 0.004318528331797206, Final residual = 0.0007011345600192705, No Iterations 2, Solve time = 176.6 ms
Schwarz(Jacobi)+Bicgstab:  Solving for Uz, Initial residual = 0.0011597209624010284, Final residual = 0.0001137362494899466, No Iterations 2, Solve time = 176.6 ms
[mem] after-UEqn: DEVICE_POOL current=19126 MB  actual(reserved)=38146 MB  highWater=24414 MB
config(Cg+Multigrid):  Solving for p, Initial residual = 0.0012918484560162792, Final residual = 1.2803117555007867e-05, No Iterations 21, Solve time = 2400.352 ms
time step continuity errors : sum local = 3.2349402593089906e-06, global = 9.880812512016501e-08, cumulative = -7.684486095682738e-06
[mem] after-pEqn: DEVICE_POOL current=19126 MB  actual(reserved)=38146 MB  highWater=24414 MB
[GinkgoSolver] p-cache: reuse(update_matrix_value) solve=66 rebuildInterval=0
Schwarz(Jacobi)+Bicgstab:  Solving for omega, Initial residual = 0.002684724141163452, Final residual = 6.143926593884708e-06, No Iterations 1, Solve time = 62.891 ms
bounding omega, min: -89016.47259736527 max: 103038387.91847652 average: 6374.990362200966
[GinkgoSolver] p-cache: reuse(update_matrix_value) solve=66 rebuildInterval=0
Schwarz(Jacobi)+Bicgstab:  Solving for k, Initial residual = 0.0002659249877667396, Final residual = 1.4138868231368446e-05, No Iterations 2, Solve time = 75.285 ms
bounding k, min: -1.3049664770227252e-05 max: 869.2105968706736 average: 9.135302667750555
[mem] after-turb: DEVICE_POOL current=19126 MB  actual(reserved)=38146 MB  highWater=24414 MB
ExecutionTime = 434.12 s  ClockTime = 437 s

Time = 1067
[mem] step-start: DEVICE_POOL current=19126 MB  actual(reserved)=38146 MB  highWater=24414 MB
Schwarz(Jacobi)+Bicgstab:  Solving for Ux, Initial residual = 8.163268639021385e-05, Final residual = 3.2617037590707707e-06, No Iterations 3, Solve time = 224.184 ms
Schwarz(Jacobi)+Bicgstab:  Solving for Uy, Initial residual = 0.0043382980417245665, Final residual = 0.00013670336719164933, No Iterations 3, Solve time = 224.184 ms
Schwarz(Jacobi)+Bicgstab:  Solving for Uz, Initial residual = 0.0011659821006059642, Final residual = 5.862249928193129e-05, No Iterations 3, Solve time = 224.184 ms
[mem] after-UEqn: DEVICE_POOL current=19126 MB  actual(reserved)=38146 MB  highWater=24414 MB
config(Cg+Multigrid):  Solving for p, Initial residual = 0.0012861018678547236, Final residual = 1.2627847273572426e-05, No Iterations 23, Solve time = 2606.978 ms
time step continuity errors : sum local = 3.1983762013512715e-06, global = 7.350228788115089e-08, cumulative = -7.610983807801587e-06
[mem] after-pEqn: DEVICE_POOL current=19126 MB  actual(reserved)=38146 MB  highWater=24414 MB
[GinkgoSolver] p-cache: reuse(update_matrix_value) solve=67 rebuildInterval=0
Schwarz(Jacobi)+Bicgstab:  Solving for omega, Initial residual = 0.00025906441000690043, Final residual = 6.2143216519771014e-06, No Iterations 1, Solve time = 53.309 ms
bounding omega, min: -28927.764994795532 max: 45355983.56976622 average: 6371.417284434665
[GinkgoSolver] p-cache: reuse(update_matrix_value) solve=67 rebuildInterval=0
Schwarz(Jacobi)+Bicgstab:  Solving for k, Initial residual = 0.00026645577451678965, Final residual = 1.4059677598462085e-05, No Iterations 2, Solve time = 72.784 ms
bounding k, min: -2.735515160814263e-05 max: 868.9699986366252 average: 9.135419350995017
[mem] after-turb: DEVICE_POOL current=19126 MB  actual(reserved)=38146 MB  highWater=24414 MB
ExecutionTime = 439.86 s  ClockTime = 443 s

Time = 1068
[mem] step-start: DEVICE_POOL current=19126 MB  actual(reserved)=38146 MB  highWater=24414 MB
Schwarz(Jacobi)+Bicgstab:  Solving for Ux, Initial residual = 8.153394505152046e-05, Final residual = 4.410886728471943e-06, No Iterations 3, Solve time = 235.954 ms
Schwarz(Jacobi)+Bicgstab:  Solving for Uy, Initial residual = 0.004329004545142961, Final residual = 0.00013503045745645416, No Iterations 3, Solve time = 235.954 ms
Schwarz(Jacobi)+Bicgstab:  Solving for Uz, Initial residual = 0.0011663986323836916, Final residual = 4.758941202147703e-05, No Iterations 3, Solve time = 235.954 ms
[mem] after-UEqn: DEVICE_POOL current=19126 MB  actual(reserved)=38146 MB  highWater=24414 MB
config(Cg+Multigrid):  Solving for p, Initial residual = 0.0012834786533885746, Final residual = 1.1870354716100204e-05, No Iterations 23, Solve time = 2615.711 ms
time step continuity errors : sum local = 3.0195278054893784e-06, global = 3.97919963692106e-08, cumulative = -7.571191811432376e-06
[mem] after-pEqn: DEVICE_POOL current=19126 MB  actual(reserved)=38146 MB  highWater=24414 MB
[GinkgoSolver] p-cache: reuse(update_matrix_value) solve=68 rebuildInterval=0
Schwarz(Jacobi)+Bicgstab:  Solving for omega, Initial residual = 3.930845645458314e-05, Final residual = 1.172543562840038e-06, No Iterations 2, Solve time = 84.771 ms
bounding omega, min: -29779.87547600085 max: 45355983.585185654 average: 6370.342814927016
[GinkgoSolver] p-cache: reuse(update_matrix_value) solve=68 rebuildInterval=0
Schwarz(Jacobi)+Bicgstab:  Solving for k, Initial residual = 0.0002654622509433173, Final residual = 1.4088424433913708e-05, No Iterations 2, Solve time = 73.084 ms
bounding k, min: -1.226174246511002e-05 max: 868.7144758675603 average: 9.135498806831416
[mem] after-turb: DEVICE_POOL current=19126 MB  actual(reserved)=38146 MB  highWater=24414 MB
ExecutionTime = 445.65 s  ClockTime = 449 s

Time = 1069
[mem] step-start: DEVICE_POOL current=19126 MB  actual(reserved)=38146 MB  highWater=24414 MB
Schwarz(Jacobi)+Bicgstab:  Solving for Ux, Initial residual = 8.160089785461454e-05, Final residual = 3.7309896568488936e-06, No Iterations 3, Solve time = 222.454 ms
Schwarz(Jacobi)+Bicgstab:  Solving for Uy, Initial residual = 0.004322935551931819, Final residual = 0.0001362240271777431, No Iterations 3, Solve time = 222.454 ms
Schwarz(Jacobi)+Bicgstab:  Solving for Uz, Initial residual = 0.0011656055282070607, Final residual = 3.184244283462621e-05, No Iterations 3, Solve time = 222.454 ms
[mem] after-UEqn: DEVICE_POOL current=19126 MB  actual(reserved)=38146 MB  highWater=24414 MB
config(Cg+Multigrid):  Solving for p, Initial residual = 0.0012745069437331198, Final residual = 1.2381681481870422e-05, No Iterations 14, Solve time = 1644.668 ms
time step continuity errors : sum local = 3.163907302762684e-06, global = 1.0559505497389104e-07, cumulative = -7.465596756458485e-06
[mem] after-pEqn: DEVICE_POOL current=19126 MB  actual(reserved)=38146 MB  highWater=24414 MB
[GinkgoSolver] p-cache: reuse(update_matrix_value) solve=69 rebuildInterval=0
Schwarz(Jacobi)+Bicgstab:  Solving for omega, Initial residual = 1.8409671783219838e-05, Final residual = 1.0416721727192843e-06, No Iterations 2, Solve time = 85.738 ms
bounding omega, min: -31826.32784385014 max: 45355983.57972888 average: 6370.0304601338285
[GinkgoSolver] p-cache: reuse(update_matrix_value) solve=69 rebuildInterval=0
Schwarz(Jacobi)+Bicgstab:  Solving for k, Initial residual = 0.00026444992627675456, Final residual = 1.4230752149229131e-05, No Iterations 2, Solve time = 72.784 ms
bounding k, min: -2.7577173273062575e-05 max: 868.4217881454435 average: 9.135551853915263
[mem] after-turb: DEVICE_POOL current=19126 MB  actual(reserved)=38146 MB  highWater=24414 MB
ExecutionTime = 450.49 s  ClockTime = 454 s

Time = 1070
[mem] step-start: DEVICE_POOL current=19126 MB  actual(reserved)=38146 MB  highWater=24414 MB
Schwarz(Jacobi)+Bicgstab:  Solving for Ux, Initial residual = 8.163300302443228e-05, Final residual = 3.4779804362411907e-06, No Iterations 3, Solve time = 233.875 ms
Schwarz(Jacobi)+Bicgstab:  Solving for Uy, Initial residual = 0.004317236733514838, Final residual = 0.00013701529660979306, No Iterations 3, Solve time = 233.875 ms
Schwarz(Jacobi)+Bicgstab:  Solving for Uz, Initial residual = 0.001163395079923759, Final residual = 7.522986589027634e-05, No Iterations 3, Solve time = 233.875 ms
[mem] after-UEqn: DEVICE_POOL current=19126 MB  actual(reserved)=38146 MB  highWater=24414 MB
config(Cg+Multigrid):  Solving for p, Initial residual = 0.001263645897491263, Final residual = 1.1972073269721865e-05, No Iterations 23, Solve time = 2624.246 ms
time step continuity errors : sum local = 3.062061483566086e-06, global = 2.2691461337513462e-08, cumulative = -7.442905295120972e-06
[mem] after-pEqn: DEVICE_POOL current=19126 MB  actual(reserved)=38146 MB  highWater=24414 MB
[GinkgoSolver] p-cache: reuse(update_matrix_value) solve=70 rebuildInterval=0
Schwarz(Jacobi)+Bicgstab:  Solving for omega, Initial residual = 1.5891576905727258e-05, Final residual = 8.3132366642098e-07, No Iterations 2, Solve time = 85.854 ms
bounding omega, min: -56501.043603781975 max: 45355983.560803115 average: 6369.941916193726
[GinkgoSolver] p-cache: reuse(update_matrix_value) solve=70 rebuildInterval=0
Schwarz(Jacobi)+Bicgstab:  Solving for k, Initial residual = 0.00026364793527892125, Final residual = 1.3991888226976437e-05, No Iterations 2, Solve time = 72.447 ms
bounding k, min: -1.338602878167903e-05 max: 868.0471145007048 average: 9.135710170080937
[mem] after-turb: DEVICE_POOL current=19126 MB  actual(reserved)=38146 MB  highWater=24414 MB
ExecutionTime = 456.32 s  ClockTime = 460 s

Time = 1071
[mem] step-start: DEVICE_POOL current=19126 MB  actual(reserved)=38146 MB  highWater=24414 MB
Schwarz(Jacobi)+Bicgstab:  Solving for Ux, Initial residual = 8.164722110801957e-05, Final residual = 3.342326006292129e-06, No Iterations 3, Solve time = 233.418 ms
Schwarz(Jacobi)+Bicgstab:  Solving for Uy, Initial residual = 0.004312730993518315, Final residual = 0.00013797496007147899, No Iterations 3, Solve time = 233.418 ms
Schwarz(Jacobi)+Bicgstab:  Solving for Uz, Initial residual = 0.0011656398955400757, Final residual = 8.522729527540289e-05, No Iterations 3, Solve time = 233.418 ms
[mem] after-UEqn: DEVICE_POOL current=19126 MB  actual(reserved)=38146 MB  highWater=24414 MB
config(Cg+Multigrid):  Solving for p, Initial residual = 0.0012544829185147884, Final residual = 1.2474657176801065e-05, No Iterations 21, Solve time = 2408.265 ms
time step continuity errors : sum local = 3.200846192479046e-06, global = 3.180880832843865e-08, cumulative = -7.411096486792533e-06
[mem] after-pEqn: DEVICE_POOL current=19126 MB  actual(reserved)=38146 MB  highWater=24414 MB
[GinkgoSolver] p-cache: reuse(update_matrix_value) solve=71 rebuildInterval=0
Schwarz(Jacobi)+Bicgstab:  Solving for omega, Initial residual = 1.5134884049124795e-05, Final residual = 8.476881981495949e-07, No Iterations 2, Solve time = 85.445 ms
bounding omega, min: -35397.66502412284 max: 45355983.52887146 average: 6369.96025412296
[GinkgoSolver] p-cache: reuse(update_matrix_value) solve=71 rebuildInterval=0
Schwarz(Jacobi)+Bicgstab:  Solving for k, Initial residual = 0.00026307748325299455, Final residual = 1.0560193887099166e-05, No Iterations 2, Solve time = 72.143 ms
bounding k, min: -0.0004691563670138413 max: 867.6520109520951 average: 9.136102334692927
[mem] after-turb: DEVICE_POOL current=19126 MB  actual(reserved)=38146 MB  highWater=24414 MB
ExecutionTime = 461.92 s  ClockTime = 465 s

Time = 1072
[mem] step-start: DEVICE_POOL current=19126 MB  actual(reserved)=38146 MB  highWater=24414 MB
Schwarz(Jacobi)+Bicgstab:  Solving for Ux, Initial residual = 8.167844963340829e-05, Final residual = 4.46904567355618e-06, No Iterations 2, Solve time = 169.449 ms
Schwarz(Jacobi)+Bicgstab:  Solving for Uy, Initial residual = 0.004309359091763263, Final residual = 0.0006535766975258338, No Iterations 2, Solve time = 169.449 ms
Schwarz(Jacobi)+Bicgstab:  Solving for Uz, Initial residual = 0.0011687683306153514, Final residual = 7.91777452130405e-05, No Iterations 2, Solve time = 169.449 ms
[mem] after-UEqn: DEVICE_POOL current=19126 MB  actual(reserved)=38146 MB  highWater=24414 MB
config(Cg+Multigrid):  Solving for p, Initial residual = 0.0012723416180536531, Final residual = 1.181511035955782e-05, No Iterations 13, Solve time = 1541.269 ms
time step continuity errors : sum local = 3.037014626223306e-06, global = 3.91311594058896e-08, cumulative = -7.3719653273866434e-06
[mem] after-pEqn: DEVICE_POOL current=19126 MB  actual(reserved)=38146 MB  highWater=24414 MB
[GinkgoSolver] p-cache: reuse(update_matrix_value) solve=72 rebuildInterval=0
Schwarz(Jacobi)+Bicgstab:  Solving for omega, Initial residual = 1.4620701909708788e-05, Final residual = 8.893101652103991e-07, No Iterations 2, Solve time = 84.765 ms
bounding omega, min: -33514.05182228064 max: 45355983.4892476 average: 6369.975914436285
[GinkgoSolver] p-cache: reuse(update_matrix_value) solve=72 rebuildInterval=0
Schwarz(Jacobi)+Bicgstab:  Solving for k, Initial residual = 0.00026279855749154014, Final residual = 6.246597945098891e-06, No Iterations 3, Solve time = 94.627 ms
bounding k, min: -2.5167757866325433e-05 max: 867.1943448150818 average: 9.136431419142976
[mem] after-turb: DEVICE_POOL current=19126 MB  actual(reserved)=38146 MB  highWater=24414 MB
ExecutionTime = 466.63 s  ClockTime = 470 s

Time = 1073
[mem] step-start: DEVICE_POOL current=19126 MB  actual(reserved)=38146 MB  highWater=24414 MB
Schwarz(Jacobi)+Bicgstab:  Solving for Ux, Initial residual = 8.190671699276973e-05, Final residual = 4.621073486728243e-06, No Iterations 2, Solve time = 174.98 ms
Schwarz(Jacobi)+Bicgstab:  Solving for Uy, Initial residual = 0.004275786121744671, Final residual = 0.0008194312512205935, No Iterations 2, Solve time = 174.98 ms
Schwarz(Jacobi)+Bicgstab:  Solving for Uz, Initial residual = 0.0011745495814098003, Final residual = 7.84139770332168e-05, No Iterations 2, Solve time = 174.98 ms
[mem] after-UEqn: DEVICE_POOL current=19126 MB  actual(reserved)=38146 MB  highWater=24414 MB
config(Cg+Multigrid):  Solving for p, Initial residual = 0.0012550784994675957, Final residual = 1.22395397941023e-05, No Iterations 17, Solve time = 1971.57 ms
time step continuity errors : sum local = 3.147141610234812e-06, global = 2.2760070659847102e-08, cumulative = -7.349205256726796e-06
[mem] after-pEqn: DEVICE_POOL current=19126 MB  actual(reserved)=38146 MB  highWater=24414 MB
[GinkgoSolver] p-cache: reuse(update_matrix_value) solve=73 rebuildInterval=0
Schwarz(Jacobi)+Bicgstab:  Solving for omega, Initial residual = 1.4372777149737517e-05, Final residual = 8.985541504719579e-07, No Iterations 2, Solve time = 86.185 ms
bounding omega, min: -38272.381097882964 max: 45355983.446093425 average: 6370.029707126962
[GinkgoSolver] p-cache: reuse(update_matrix_value) solve=73 rebuildInterval=0
Schwarz(Jacobi)+Bicgstab:  Solving for k, Initial residual = 0.0002612866413138547, Final residual = 1.2984445150636994e-05, No Iterations 2, Solve time = 72.767 ms
bounding k, min: -2.335435593054985e-05 max: 866.7025799979359 average: 9.1368771770272
[mem] after-turb: DEVICE_POOL current=19126 MB  actual(reserved)=38146 MB  highWater=24414 MB
ExecutionTime = 471.73 s  ClockTime = 475 s

Time = 1074
[mem] step-start: DEVICE_POOL current=19126 MB  actual(reserved)=38146 MB  highWater=24414 MB
Schwarz(Jacobi)+Bicgstab:  Solving for Ux, Initial residual = 8.178287910428e-05, Final residual = 4.709910291815692e-06, No Iterations 2, Solve time = 168.507 ms
Schwarz(Jacobi)+Bicgstab:  Solving for Uy, Initial residual = 0.004320827989364347, Final residual = 0.0008190506885184027, No Iterations 2, Solve time = 168.507 ms
Schwarz(Jacobi)+Bicgstab:  Solving for Uz, Initial residual = 0.0011737737504791284, Final residual = 7.364771536783633e-05, No Iterations 2, Solve time = 168.507 ms
[mem] after-UEqn: DEVICE_POOL current=19126 MB  actual(reserved)=38146 MB  highWater=24414 MB
config(Cg+Multigrid):  Solving for p, Initial residual = 0.0012635045046544661, Final residual = 1.1827837336470364e-05, No Iterations 18, Solve time = 2083.427 ms
time step continuity errors : sum local = 3.041635792038791e-06, global = 9.170858387940378e-09, cumulative = -7.340034398338856e-06
[mem] after-pEqn: DEVICE_POOL current=19126 MB  actual(reserved)=38146 MB  highWater=24414 MB
[GinkgoSolver] p-cache: reuse(update_matrix_value) solve=74 rebuildInterval=0
Schwarz(Jacobi)+Bicgstab:  Solving for omega, Initial residual = 1.4238852710881968e-05, Final residual = 8.976214191590833e-07, No Iterations 2, Solve time = 76.208 ms
bounding omega, min: -36185.20545787722 max: 45355983.401997276 average: 6370.185666328038
[GinkgoSolver] p-cache: reuse(update_matrix_value) solve=74 rebuildInterval=0
Schwarz(Jacobi)+Bicgstab:  Solving for k, Initial residual = 0.0002609221371237963, Final residual = 1.2958193240084736e-05, No Iterations 2, Solve time = 72.52 ms
bounding k, min: -4.8528868799364435e-05 max: 866.1768744091466 average: 9.137568398843804
[mem] after-turb: DEVICE_POOL current=19126 MB  actual(reserved)=38146 MB  highWater=24414 MB
ExecutionTime = 476.97 s  ClockTime = 481 s

Time = 1075
[mem] step-start: DEVICE_POOL current=19126 MB  actual(reserved)=38146 MB  highWater=24414 MB
Schwarz(Jacobi)+Bicgstab:  Solving for Ux, Initial residual = 8.161247313100622e-05, Final residual = 2.969641802876304e-06, No Iterations 3, Solve time = 231.331 ms
Schwarz(Jacobi)+Bicgstab:  Solving for Uy, Initial residual = 0.00439798072183331, Final residual = 0.000136782442095428, No Iterations 3, Solve time = 231.331 ms
Schwarz(Jacobi)+Bicgstab:  Solving for Uz, Initial residual = 0.0011703296764934232, Final residual = 5.8216182820823475e-05, No Iterations 3, Solve time = 231.331 ms
[mem] after-UEqn: DEVICE_POOL current=19126 MB  actual(reserved)=38146 MB  highWater=24414 MB
config(Cg+Multigrid):  Solving for p, Initial residual = 0.001247529890560616, Final residual = 1.2214323415066668e-05, No Iterations 18, Solve time = 2086.006 ms
time step continuity errors : sum local = 3.1398057631276147e-06, global = -4.696323680269646e-09, cumulative = -7.344730722019126e-06
[mem] after-pEqn: DEVICE_POOL current=19126 MB  actual(reserved)=38146 MB  highWater=24414 MB
[GinkgoSolver] p-cache: reuse(update_matrix_value) solve=75 rebuildInterval=0
Schwarz(Jacobi)+Bicgstab:  Solving for omega, Initial residual = 1.4037327427148967e-05, Final residual = 8.864735507408003e-07, No Iterations 2, Solve time = 86.333 ms
bounding omega, min: -33772.73619540578 max: 45355983.34887011 average: 6370.385538457974
[GinkgoSolver] p-cache: reuse(update_matrix_value) solve=75 rebuildInterval=0
Schwarz(Jacobi)+Bicgstab:  Solving for k, Initial residual = 0.0002608300287622673, Final residual = 1.2562780235724177e-05, No Iterations 2, Solve time = 72.519 ms
bounding k, min: -0.00018404371300110092 max: 865.5561166162347 average: 9.138105472238996
[mem] after-turb: DEVICE_POOL current=19126 MB  actual(reserved)=38146 MB  highWater=24414 MB
ExecutionTime = 482.26 s  ClockTime = 486 s

Time = 1076
[mem] step-start: DEVICE_POOL current=19126 MB  actual(reserved)=38146 MB  highWater=24414 MB
Schwarz(Jacobi)+Bicgstab:  Solving for Ux, Initial residual = 8.148313857294695e-05, Final residual = 3.273331351631505e-06, No Iterations 3, Solve time = 227.084 ms
Schwarz(Jacobi)+Bicgstab:  Solving for Uy, Initial residual = 0.004408561338136948, Final residual = 0.0001362800399107943, No Iterations 3, Solve time = 227.084 ms
Schwarz(Jacobi)+Bicgstab:  Solving for Uz, Initial residual = 0.0011694717561453248, Final residual = 7.652021272815171e-05, No Iterations 3, Solve time = 227.084 ms
[mem] after-UEqn: DEVICE_POOL current=19126 MB  actual(reserved)=38146 MB  highWater=24414 MB
config(Cg+Multigrid):  Solving for p, Initial residual = 0.001253375889343141, Final residual = 1.1193784289972404e-05, No Iterations 19, Solve time = 2180.638 ms
time step continuity errors : sum local = 2.875264471027639e-06, global = -1.4588650125630928e-08, cumulative = -7.359319372144757e-06
[mem] after-pEqn: DEVICE_POOL current=19126 MB  actual(reserved)=38146 MB  highWater=24414 MB
[GinkgoSolver] p-cache: reuse(update_matrix_value) solve=76 rebuildInterval=0
Schwarz(Jacobi)+Bicgstab:  Solving for omega, Initial residual = 1.385876318066993e-05, Final residual = 8.746072068608215e-07, No Iterations 2, Solve time = 77.903 ms
bounding omega, min: -36233.25025439957 max: 45355983.29166055 average: 6370.479722865109
[GinkgoSolver] p-cache: reuse(update_matrix_value) solve=76 rebuildInterval=0
Schwarz(Jacobi)+Bicgstab:  Solving for k, Initial residual = 0.0002607004828407831, Final residual = 1.1826504186680183e-05, No Iterations 2, Solve time = 72.002 ms
bounding k, min: -0.0012001478786513083 max: 864.868813060992 average: 9.138436578032266
[mem] after-turb: DEVICE_POOL current=19126 MB  actual(reserved)=38146 MB  highWater=24414 MB
ExecutionTime = 487.62 s  ClockTime = 491 s

Time = 1077
[mem] step-start: DEVICE_POOL current=19126 MB  actual(reserved)=38146 MB  highWater=24414 MB
Schwarz(Jacobi)+Bicgstab:  Solving for Ux, Initial residual = 8.148865974725144e-05, Final residual = 3.932574572287973e-06, No Iterations 3, Solve time = 222.511 ms
Schwarz(Jacobi)+Bicgstab:  Solving for Uy, Initial residual = 0.004409569306797917, Final residual = 0.0001387841660982301, No Iterations 3, Solve time = 222.511 ms
Schwarz(Jacobi)+Bicgstab:  Solving for Uz, Initial residual = 0.001164649018694208, Final residual = 2.762100046495141e-05, No Iterations 3, Solve time = 222.511 ms
[mem] after-UEqn: DEVICE_POOL current=19126 MB  actual(reserved)=38146 MB  highWater=24414 MB
config(Cg+Multigrid):  Solving for p, Initial residual = 0.0012512362529042995, Final residual = 1.1864607141365237e-05, No Iterations 18, Solve time = 2078.339 ms
time step continuity errors : sum local = 3.0441545771053708e-06, global = -2.4686865673734908e-08, cumulative = -7.384006237818492e-06
[mem] after-pEqn: DEVICE_POOL current=19126 MB  actual(reserved)=38146 MB  highWater=24414 MB
[GinkgoSolver] p-cache: reuse(update_matrix_value) solve=77 rebuildInterval=0
Schwarz(Jacobi)+Bicgstab:  Solving for omega, Initial residual = 1.3734097944792912e-05, Final residual = 8.750073688741129e-07, No Iterations 2, Solve time = 85.642 ms
bounding omega, min: -34103.67480452255 max: 45355983.23259989 average: 6370.558606421719
[GinkgoSolver] p-cache: reuse(update_matrix_value) solve=77 rebuildInterval=0
Schwarz(Jacobi)+Bicgstab:  Solving for k, Initial residual = 0.0002606386926281119, Final residual = 1.1111466104589435e-05, No Iterations 2, Solve time = 76.124 ms
bounding k, min: -0.005544002828896142 max: 864.1490010808201 average: 9.13878331783922
[mem] after-turb: DEVICE_POOL current=19126 MB  actual(reserved)=38146 MB  highWater=24414 MB
ExecutionTime = 492.88 s  ClockTime = 497 s

Time = 1078
[mem] step-start: DEVICE_POOL current=19126 MB  actual(reserved)=38146 MB  highWater=24414 MB
Schwarz(Jacobi)+Bicgstab:  Solving for Ux, Initial residual = 8.160507889160461e-05, Final residual = 3.555113999038524e-06, No Iterations 3, Solve time = 221.79 ms
Schwarz(Jacobi)+Bicgstab:  Solving for Uy, Initial residual = 0.004404422643080189, Final residual = 0.00014081125768206006, No Iterations 3, Solve time = 221.79 ms
Schwarz(Jacobi)+Bicgstab:  Solving for Uz, Initial residual = 0.0011650028064869632, Final residual = 4.0058706300238756e-05, No Iterations 3, Solve time = 221.79 ms
[mem] after-UEqn: DEVICE_POOL current=19126 MB  actual(reserved)=38146 MB  highWater=24414 MB
config(Cg+Multigrid):  Solving for p, Initial residual = 0.0012465079166466076, Final residual = 1.1838780133917889e-05, No Iterations 17, Solve time = 1976.97 ms
time step continuity errors : sum local = 3.0341384501256898e-06, global = -2.6479227681593838e-08, cumulative = -7.4104854655000854e-06
[mem] after-pEqn: DEVICE_POOL current=19126 MB  actual(reserved)=38146 MB  highWater=24414 MB
[GinkgoSolver] p-cache: reuse(update_matrix_value) solve=78 rebuildInterval=0
Schwarz(Jacobi)+Bicgstab:  Solving for omega, Initial residual = 1.3634975290864298e-05, Final residual = 8.72445483517844e-07, No Iterations 2, Solve time = 85.595 ms
bounding omega, min: -38920.15669342952 max: 45355983.17591744 average: 6370.6197252211705
[GinkgoSolver] p-cache: reuse(update_matrix_value) solve=78 rebuildInterval=0
Schwarz(Jacobi)+Bicgstab:  Solving for k, Initial residual = 0.0002604441449742495, Final residual = 1.479102928189785e-05, No Iterations 2, Solve time = 72.465 ms
bounding k, min: -0.03220971153296912 max: 863.420313572036 average: 9.139215654609938
[mem] after-turb: DEVICE_POOL current=19126 MB  actual(reserved)=38146 MB  highWater=24414 MB
ExecutionTime = 498.07 s  ClockTime = 502 s

Time = 1079
[mem] step-start: DEVICE_POOL current=19126 MB  actual(reserved)=38146 MB  highWater=24414 MB
Schwarz(Jacobi)+Bicgstab:  Solving for Ux, Initial residual = 8.167947044813176e-05, Final residual = 4.533282394054178e-06, No Iterations 2, Solve time = 177.481 ms
Schwarz(Jacobi)+Bicgstab:  Solving for Uy, Initial residual = 0.004397790081187649, Final residual = 0.00037899170380359225, No Iterations 2, Solve time = 177.481 ms
Schwarz(Jacobi)+Bicgstab:  Solving for Uz, Initial residual = 0.0011683133501172386, Final residual = 7.744440248979411e-05, No Iterations 2, Solve time = 177.481 ms
[mem] after-UEqn: DEVICE_POOL current=19126 MB  actual(reserved)=38146 MB  highWater=24414 MB
config(Cg+Multigrid):  Solving for p, Initial residual = 0.001257828124025328, Final residual = 1.1969801942846971e-05, No Iterations 16, Solve time = 1868.384 ms
time step continuity errors : sum local = 3.0646749745066033e-06, global = -2.6127583060901606e-08, cumulative = -7.436613048560987e-06
[mem] after-pEqn: DEVICE_POOL current=19126 MB  actual(reserved)=38146 MB  highWater=24414 MB
[GinkgoSolver] p-cache: reuse(update_matrix_value) solve=79 rebuildInterval=0
Schwarz(Jacobi)+Bicgstab:  Solving for omega, Initial residual = 1.3548795217797092e-05, Final residual = 8.692802727309272e-07, No Iterations 2, Solve time = 85.834 ms
bounding omega, min: -34271.058233095515 max: 45355983.220277496 average: 6370.75064912954
[GinkgoSolver] p-cache: reuse(update_matrix_value) solve=79 rebuildInterval=0
Schwarz(Jacobi)+Bicgstab:  Solving for k, Initial residual = 0.0002602496378695637, Final residual = 8.871080264609727e-06, No Iterations 3, Solve time = 95.858 ms
bounding k, min: -4.520950300059169e-05 max: 862.6576857489725 average: 9.139373421054898
[mem] after-turb: DEVICE_POOL current=19126 MB  actual(reserved)=38146 MB  highWater=24414 MB
ExecutionTime = 503.08 s  ClockTime = 507 s

Time = 1080
[mem] step-start: DEVICE_POOL current=19126 MB  actual(reserved)=38146 MB  highWater=24414 MB
Schwarz(Jacobi)+Bicgstab:  Solving for Ux, Initial residual = 8.188542711149185e-05, Final residual = 2.9265841102085804e-06, No Iterations 3, Solve time = 221.815 ms
Schwarz(Jacobi)+Bicgstab:  Solving for Uy, Initial residual = 0.004376941151279799, Final residual = 0.00015695831114776392, No Iterations 3, Solve time = 221.815 ms
Schwarz(Jacobi)+Bicgstab:  Solving for Uz, Initial residual = 0.0011767874283473416, Final residual = 0.00011530341451952793, No Iterations 3, Solve time = 221.815 ms
[mem] after-UEqn: DEVICE_POOL current=19126 MB  actual(reserved)=38146 MB  highWater=24414 MB
config(Cg+Multigrid):  Solving for p, Initial residual = 0.001249232095998596, Final residual = 1.186648901120928e-05, No Iterations 16, Solve time = 1877.554 ms
time step continuity errors : sum local = 3.0356744010501314e-06, global = -2.533983501430623e-08, cumulative = -7.461952883575294e-06
[mem] after-pEqn: DEVICE_POOL current=19126 MB  actual(reserved)=38146 MB  highWater=24414 MB
[GinkgoSolver] p-cache: reuse(update_matrix_value) solve=80 rebuildInterval=0
Schwarz(Jacobi)+Bicgstab:  Solving for omega, Initial residual = 1.3533676659453926e-05, Final residual = 8.664791853968437e-07, No Iterations 2, Solve time = 85.663 ms
bounding omega, min: -36135.7041855961 max: 45355983.28522485 average: 6370.717495442572
[GinkgoSolver] p-cache: reuse(update_matrix_value) solve=80 rebuildInterval=0
Schwarz(Jacobi)+Bicgstab:  Solving for k, Initial residual = 0.0002588029592693966, Final residual = 9.462212292265925e-06, No Iterations 2, Solve time = 72.399 ms
bounding k, min: -1.7226892316526577e-05 max: 861.9039119885191 average: 9.139590232211443
[mem] after-turb: DEVICE_POOL current=19126 MB  actual(reserved)=38146 MB  highWater=24414 MB
ExecutionTime = 508.16 s  ClockTime = 512 s

Time = 1081
[mem] step-start: DEVICE_POOL current=19126 MB  actual(reserved)=38146 MB  highWater=24414 MB
Schwarz(Jacobi)+Bicgstab:  Solving for Ux, Initial residual = 8.18389608536178e-05, Final residual = 3.062873103935787e-06, No Iterations 3, Solve time = 220.917 ms
Schwarz(Jacobi)+Bicgstab:  Solving for Uy, Initial residual = 0.004377606443182685, Final residual = 0.00014638610501429132, No Iterations 3, Solve time = 220.917 ms
Schwarz(Jacobi)+Bicgstab:  Solving for Uz, Initial residual = 0.001186845592982896, Final residual = 5.518805062718738e-05, No Iterations 3, Solve time = 220.917 ms
[mem] after-UEqn: DEVICE_POOL current=19126 MB  actual(reserved)=38146 MB  highWater=24414 MB
config(Cg+Multigrid):  Solving for p, Initial residual = 0.001244921607632009, Final residual = 1.1809633236058148e-05, No Iterations 16, Solve time = 1865.241 ms
time step continuity errors : sum local = 3.018453146607125e-06, global = -1.9096745365381125e-08, cumulative = -7.481049628940675e-06
[mem] after-pEqn: DEVICE_POOL current=19126 MB  actual(reserved)=38146 MB  highWater=24414 MB
[GinkgoSolver] p-cache: reuse(update_matrix_value) solve=81 rebuildInterval=0
Schwarz(Jacobi)+Bicgstab:  Solving for omega, Initial residual = 1.3438091340823054e-05, Final residual = 8.60880549223956e-07, No Iterations 2, Solve time = 77.92 ms
bounding omega, min: -34378.56262135261 max: 45355983.3405898 average: 6370.770898884482
[GinkgoSolver] p-cache: reuse(update_matrix_value) solve=81 rebuildInterval=0
Schwarz(Jacobi)+Bicgstab:  Solving for k, Initial residual = 0.00025837447758307787, Final residual = 1.3876326305961081e-05, No Iterations 2, Solve time = 72.16 ms
bounding k, min: -0.007118957130693382 max: 861.204136296267 average: 9.139698134566538
[mem] after-turb: DEVICE_POOL current=19126 MB  actual(reserved)=38146 MB  highWater=24414 MB
ExecutionTime = 513.2 s  ClockTime = 517 s

Time = 1082
[mem] step-start: DEVICE_POOL current=19126 MB  actual(reserved)=38146 MB  highWater=24414 MB
Schwarz(Jacobi)+Bicgstab:  Solving for Ux, Initial residual = 8.175804277487416e-05, Final residual = 1.56726513889345e-06, No Iterations 4, Solve time = 264.648 ms
Schwarz(Jacobi)+Bicgstab:  Solving for Uy, Initial residual = 0.00439307042542915, Final residual = 0.0004786483203865812, No Iterations 4, Solve time = 264.648 ms
Schwarz(Jacobi)+Bicgstab:  Solving for Uz, Initial residual = 0.0011888267400660115, Final residual = 7.013619013248177e-05, No Iterations 4, Solve time = 264.648 ms
[mem] after-UEqn: DEVICE_POOL current=19126 MB  actual(reserved)=38146 MB  highWater=24414 MB
config(Cg+Multigrid):  Solving for p, Initial residual = 0.0012430759006964234, Final residual = 1.1488156798217049e-05, No Iterations 16, Solve time = 1862.005 ms
time step continuity errors : sum local = 2.9337327094605025e-06, global = -1.3695163712733619e-08, cumulative = -7.494744792653408e-06
[mem] after-pEqn: DEVICE_POOL current=19126 MB  actual(reserved)=38146 MB  highWater=24414 MB
[GinkgoSolver] p-cache: reuse(update_matrix_value) solve=82 rebuildInterval=0
Schwarz(Jacobi)+Bicgstab:  Solving for omega, Initial residual = 1.3379627890539826e-05, Final residual = 8.568950752530329e-07, No Iterations 2, Solve time = 77.424 ms
bounding omega, min: -62859.853032350045 max: 45355983.383280076 average: 6370.812228500139
[GinkgoSolver] p-cache: reuse(update_matrix_value) solve=82 rebuildInterval=0
Schwarz(Jacobi)+Bicgstab:  Solving for k, Initial residual = 0.000257860215892628, Final residual = 1.5181067175118555e-05, No Iterations 2, Solve time = 72.599 ms
bounding k, min: -0.021153457520965924 max: 860.5980185835698 average: 9.139593541148285
[mem] after-turb: DEVICE_POOL current=19126 MB  actual(reserved)=38146 MB  highWater=24414 MB
ExecutionTime = 518.3099999999999 s  ClockTime = 522 s

Time = 1083
[mem] step-start: DEVICE_POOL current=19126 MB  actual(reserved)=38146 MB  highWater=24414 MB
Schwarz(Jacobi)+Bicgstab:  Solving for Ux, Initial residual = 8.15441058545669e-05, Final residual = 1.6552316185275406e-06, No Iterations 3, Solve time = 227.006 ms
Schwarz(Jacobi)+Bicgstab:  Solving for Uy, Initial residual = 0.004440597227099075, Final residual = 0.00015742258316859986, No Iterations 3, Solve time = 227.006 ms
Schwarz(Jacobi)+Bicgstab:  Solving for Uz, Initial residual = 0.0011897674827362128, Final residual = 4.31299262764211e-05, No Iterations 3, Solve time = 227.006 ms
[mem] after-UEqn: DEVICE_POOL current=19126 MB  actual(reserved)=38146 MB  highWater=24414 MB
config(Cg+Multigrid):  Solving for p, Initial residual = 0.0012443004679819078, Final residual = 1.2046186491493639e-05, No Iterations 15, Solve time = 1756.318 ms
time step continuity errors : sum local = 3.073676219491615e-06, global = -1.1853012717961149e-09, cumulative = -7.495930093925204e-06
[mem] after-pEqn: DEVICE_POOL current=19126 MB  actual(reserved)=38146 MB  highWater=24414 MB
[GinkgoSolver] p-cache: reuse(update_matrix_value) solve=83 rebuildInterval=0
Schwarz(Jacobi)+Bicgstab:  Solving for omega, Initial residual = 1.3349216518654025e-05, Final residual = 8.44756868967335e-07, No Iterations 2, Solve time = 85.753 ms
bounding omega, min: -41650.416298646574 max: 45355983.40688494 average: 6370.793124466605
[GinkgoSolver] p-cache: reuse(update_matrix_value) solve=83 rebuildInterval=0
Schwarz(Jacobi)+Bicgstab:  Solving for k, Initial residual = 0.0002575382753975889, Final residual = 8.726385981936934e-06, No Iterations 3, Solve time = 95.105 ms
bounding k, min: -3.9883962202582514e-05 max: 860.0181616978605 average: 9.13910700972872
[mem] after-turb: DEVICE_POOL current=19126 MB  actual(reserved)=38146 MB  highWater=24414 MB
ExecutionTime = 523.29 s  ClockTime = 527 s

Time = 1084
[mem] step-start: DEVICE_POOL current=19126 MB  actual(reserved)=38146 MB  highWater=24414 MB
Schwarz(Jacobi)+Bicgstab:  Solving for Ux, Initial residual = 8.131451250749125e-05, Final residual = 2.59134799885984e-06, No Iterations 3, Solve time = 221.862 ms
Schwarz(Jacobi)+Bicgstab:  Solving for Uy, Initial residual = 0.004469218335284902, Final residual = 0.00014704104080980415, No Iterations 3, Solve time = 221.862 ms
Schwarz(Jacobi)+Bicgstab:  Solving for Uz, Initial residual = 0.0011839278919429871, Final residual = 4.1405854785378703e-05, No Iterations 3, Solve time = 221.862 ms
[mem] after-UEqn: DEVICE_POOL current=19126 MB  actual(reserved)=38146 MB  highWater=24414 MB
config(Cg+Multigrid):  Solving for p, Initial residual = 0.0012366550940476424, Final residual = 1.2248677197747576e-05, No Iterations 15, Solve time = 1753.993 ms
time step continuity errors : sum local = 3.1233375723871687e-06, global = 9.101457424975187e-09, cumulative = -7.486828636500229e-06
[mem] after-pEqn: DEVICE_POOL current=19126 MB  actual(reserved)=38146 MB  highWater=24414 MB
[GinkgoSolver] p-cache: reuse(update_matrix_value) solve=84 rebuildInterval=0
Schwarz(Jacobi)+Bicgstab:  Solving for omega, Initial residual = 1.325492067023669e-05, Final residual = 8.400539998189263e-07, No Iterations 2, Solve time = 86.116 ms
bounding omega, min: -37031.01521553088 max: 45355983.42410548 average: 6370.594765992488
[GinkgoSolver] p-cache: reuse(update_matrix_value) solve=84 rebuildInterval=0
Schwarz(Jacobi)+Bicgstab:  Solving for k, Initial residual = 0.0002560650576127959, Final residual = 1.0687842152606053e-05, No Iterations 2, Solve time = 73.047 ms
bounding k, min: -4.0852859214362725e-05 max: 859.5585736054311 average: 9.138537140202926
[mem] after-turb: DEVICE_POOL current=19126 MB  actual(reserved)=38146 MB  highWater=24414 MB
ExecutionTime = 528.24 s  ClockTime = 532 s

Time = 1085
[mem] step-start: DEVICE_POOL current=19126 MB  actual(reserved)=38146 MB  highWater=24414 MB
Schwarz(Jacobi)+Bicgstab:  Solving for Ux, Initial residual = 8.119445424569912e-05, Final residual = 2.400836377648615e-06, No Iterations 4, Solve time = 280.094 ms
Schwarz(Jacobi)+Bicgstab:  Solving for Uy, Initial residual = 0.004497722409204742, Final residual = 0.0002021675240737645, No Iterations 4, Solve time = 280.094 ms
Schwarz(Jacobi)+Bicgstab:  Solving for Uz, Initial residual = 0.0011811362331472354, Final residual = 2.5699756048490492e-05, No Iterations 4, Solve time = 280.094 ms
[mem] after-UEqn: DEVICE_POOL current=19126 MB  actual(reserved)=38146 MB  highWater=24414 MB
config(Cg+Multigrid):  Solving for p, Initial residual = 0.0012214552067264153, Final residual = 1.1735244001563924e-05, No Iterations 16, Solve time = 1861.688 ms
time step continuity errors : sum local = 2.990842950437027e-06, global = 1.7994731866708008e-08, cumulative = -7.468833904633521e-06
[mem] after-pEqn: DEVICE_POOL current=19126 MB  actual(reserved)=38146 MB  highWater=24414 MB
[GinkgoSolver] p-cache: reuse(update_matrix_value) solve=85 rebuildInterval=0
Schwarz(Jacobi)+Bicgstab:  Solving for omega, Initial residual = 1.3152970988135723e-05, Final residual = 8.305334553719583e-07, No Iterations 2, Solve time = 78.357 ms
bounding omega, min: -33423.88424528528 max: 45355983.433451824 average: 6370.422727353342
[GinkgoSolver] p-cache: reuse(update_matrix_value) solve=85 rebuildInterval=0
Schwarz(Jacobi)+Bicgstab:  Solving for k, Initial residual = 0.00025581601173579026, Final residual = 9.88544363384182e-06, No Iterations 2, Solve time = 73.324 ms
bounding k, min: -8.296043368146398e-06 max: 859.1966852743018 average: 9.137631522550246
[mem] after-turb: DEVICE_POOL current=19126 MB  actual(reserved)=38146 MB  highWater=24414 MB
ExecutionTime = 533.35 s  ClockTime = 537 s

Time = 1086
[mem] step-start: DEVICE_POOL current=19126 MB  actual(reserved)=38146 MB  highWater=24414 MB
Schwarz(Jacobi)+Bicgstab:  Solving for Ux, Initial residual = 8.087830337641316e-05, Final residual = 3.465819754570467e-06, No Iterations 2, Solve time = 176.206 ms
Schwarz(Jacobi)+Bicgstab:  Solving for Uy, Initial residual = 0.004525599990450406, Final residual = 0.00022771648637260713, No Iterations 2, Solve time = 176.206 ms
Schwarz(Jacobi)+Bicgstab:  Solving for Uz, Initial residual = 0.001178126762404432, Final residual = 8.146729935703962e-05, No Iterations 2, Solve time = 176.206 ms
[mem] after-UEqn: DEVICE_POOL current=19126 MB  actual(reserved)=38146 MB  highWater=24414 MB
config(Cg+Multigrid):  Solving for p, Initial residual = 0.0012199043358981133, Final residual = 1.1259950999681944e-05, No Iterations 17, Solve time = 1969.247 ms
time step continuity errors : sum local = 2.868423192171268e-06, global = 1.722703959405883e-08, cumulative = -7.451606865039462e-06
[mem] after-pEqn: DEVICE_POOL current=19126 MB  actual(reserved)=38146 MB  highWater=24414 MB
[GinkgoSolver] p-cache: reuse(update_matrix_value) solve=86 rebuildInterval=0
Schwarz(Jacobi)+Bicgstab:  Solving for omega, Initial residual = 1.3078772661005324e-05, Final residual = 8.288729791428523e-07, No Iterations 2, Solve time = 85.998 ms
bounding omega, min: -133932.95191107475 max: 45355983.44002537 average: 6370.203960853596
[GinkgoSolver] p-cache: reuse(update_matrix_value) solve=86 rebuildInterval=0
Schwarz(Jacobi)+Bicgstab:  Solving for k, Initial residual = 0.00025575748009368514, Final residual = 1.443048157947564e-05, No Iterations 2, Solve time = 71.468 ms
bounding k, min: -0.01590505594589834 max: 858.9357090121964 average: 9.136697382401156
[mem] after-turb: DEVICE_POOL current=19126 MB  actual(reserved)=38146 MB  highWater=24414 MB
ExecutionTime = 538.45 s  ClockTime = 543 s

Time = 1087
[mem] step-start: DEVICE_POOL current=19126 MB  actual(reserved)=38146 MB  highWater=24414 MB
Schwarz(Jacobi)+Bicgstab:  Solving for Ux, Initial residual = 8.079163855439753e-05, Final residual = 3.584363648733303e-06, No Iterations 3, Solve time = 224.437 ms
Schwarz(Jacobi)+Bicgstab:  Solving for Uy, Initial residual = 0.004541293403456134, Final residual = 0.0001590051739154582, No Iterations 3, Solve time = 224.437 ms
Schwarz(Jacobi)+Bicgstab:  Solving for Uz, Initial residual = 0.0011814545865374883, Final residual = 7.136988409208879e-05, No Iterations 3, Solve time = 224.437 ms
[mem] after-UEqn: DEVICE_POOL current=19126 MB  actual(reserved)=38146 MB  highWater=24414 MB
config(Cg+Multigrid):  Solving for p, Initial residual = 0.0012219518186498794, Final residual = 1.144258933460157e-05, No Iterations 18, Solve time = 2072.931 ms
time step continuity errors : sum local = 2.914011752976974e-06, global = 1.2759768686972085e-08, cumulative = -7.43884709635249e-06
[mem] after-pEqn: DEVICE_POOL current=19126 MB  actual(reserved)=38146 MB  highWater=24414 MB
[GinkgoSolver] p-cache: reuse(update_matrix_value) solve=87 rebuildInterval=0
Schwarz(Jacobi)+Bicgstab:  Solving for omega, Initial residual = 1.3007230553581583e-05, Final residual = 8.281100646727111e-07, No Iterations 2, Solve time = 77.599 ms
bounding omega, min: -35833.35267244338 max: 45355983.436217405 average: 6370.112869718754
[GinkgoSolver] p-cache: reuse(update_matrix_value) solve=87 rebuildInterval=0
Schwarz(Jacobi)+Bicgstab:  Solving for k, Initial residual = 0.0002557435840833796, Final residual = 7.711402579043699e-06, No Iterations 3, Solve time = 95.226 ms
bounding k, min: -4.329422830989143e-05 max: 858.7619870325858 average: 9.135626193424715
[mem] after-turb: DEVICE_POOL current=19126 MB  actual(reserved)=38146 MB  highWater=24414 MB
ExecutionTime = 543.75 s  ClockTime = 548 s

Time = 1088
[mem] step-start: DEVICE_POOL current=19126 MB  actual(reserved)=38146 MB  highWater=24414 MB
Schwarz(Jacobi)+Bicgstab:  Solving for Ux, Initial residual = 8.081283942250642e-05, Final residual = 1.939975165641474e-06, No Iterations 3, Solve time = 219.372 ms
Schwarz(Jacobi)+Bicgstab:  Solving for Uy, Initial residual = 0.004551300129356895, Final residual = 0.00014838915224418874, No Iterations 3, Solve time = 219.372 ms
Schwarz(Jacobi)+Bicgstab:  Solving for Uz, Initial residual = 0.0011840934095688458, Final residual = 0.0001292724374997467, No Iterations 3, Solve time = 219.372 ms
[mem] after-UEqn: DEVICE_POOL current=19126 MB  actual(reserved)=38146 MB  highWater=24414 MB
config(Cg+Multigrid):  Solving for p, Initial residual = 0.0012218594919402208, Final residual = 1.1823660299793348e-05, No Iterations 18, Solve time = 2079.847 ms
time step continuity errors : sum local = 3.010472568309967e-06, global = 6.738389804374513e-09, cumulative = -7.4321087065481154e-06
[mem] after-pEqn: DEVICE_POOL current=19126 MB  actual(reserved)=38146 MB  highWater=24414 MB
[GinkgoSolver] p-cache: reuse(update_matrix_value) solve=88 rebuildInterval=0
Schwarz(Jacobi)+Bicgstab:  Solving for omega, Initial residual = 1.3094650432020352e-05, Final residual = 8.27542964877665e-07, No Iterations 2, Solve time = 85.311 ms
bounding omega, min: -33659.67490493252 max: 45355983.43461946 average: 6369.8823436767
[GinkgoSolver] p-cache: reuse(update_matrix_value) solve=88 rebuildInterval=0
Schwarz(Jacobi)+Bicgstab:  Solving for k, Initial residual = 0.0002542634561319531, Final residual = 9.029279671858063e-06, No Iterations 2, Solve time = 72.362 ms
bounding k, min: -4.4388498464994333e-05 max: 858.7019805593699 average: 9.134537487656996
[mem] after-turb: DEVICE_POOL current=19126 MB  actual(reserved)=38146 MB  highWater=24414 MB
ExecutionTime = 549.01 s  ClockTime = 553 s

Time = 1089
[mem] step-start: DEVICE_POOL current=19126 MB  actual(reserved)=38146 MB  highWater=24414 MB
Schwarz(Jacobi)+Bicgstab:  Solving for Ux, Initial residual = 8.073578736232218e-05, Final residual = 2.7941199028142003e-06, No Iterations 3, Solve time = 225.41 ms
Schwarz(Jacobi)+Bicgstab:  Solving for Uy, Initial residual = 0.00455935995093055, Final residual = 0.00014507200477553337, No Iterations 3, Solve time = 225.41 ms
Schwarz(Jacobi)+Bicgstab:  Solving for Uz, Initial residual = 0.0011922077113162913, Final residual = 5.594726179022902e-05, No Iterations 3, Solve time = 225.41 ms
[mem] after-UEqn: DEVICE_POOL current=19126 MB  actual(reserved)=38146 MB  highWater=24414 MB
config(Cg+Multigrid):  Solving for p, Initial residual = 0.0012206968402720102, Final residual = 1.2086775339927702e-05, No Iterations 14, Solve time = 1656.205 ms
time step continuity errors : sum local = 3.077109364779967e-06, global = 1.7830149842284642e-08, cumulative = -7.414278556705831e-06
[mem] after-pEqn: DEVICE_POOL current=19126 MB  actual(reserved)=38146 MB  highWater=24414 MB
[GinkgoSolver] p-cache: reuse(update_matrix_value) solve=89 rebuildInterval=0
Schwarz(Jacobi)+Bicgstab:  Solving for omega, Initial residual = 1.3005883073673839e-05, Final residual = 8.298241675151823e-07, No Iterations 2, Solve time = 86.231 ms
bounding omega, min: -38980.87237900203 max: 45355983.42764537 average: 6369.795949917777
[GinkgoSolver] p-cache: reuse(update_matrix_value) solve=89 rebuildInterval=0
Schwarz(Jacobi)+Bicgstab:  Solving for k, Initial residual = 0.0002542210521254952, Final residual = 2.009312807620107e-05, No Iterations 2, Solve time = 72.138 ms
bounding k, min: -0.035289174479118585 max: 858.7479167527308 average: 9.133486705364795
[mem] after-turb: DEVICE_POOL current=19126 MB  actual(reserved)=38146 MB  highWater=24414 MB
ExecutionTime = 553.87 s  ClockTime = 558 s

Time = 1090
[mem] step-start: DEVICE_POOL current=19126 MB  actual(reserved)=38146 MB  highWater=24414 MB
Schwarz(Jacobi)+Bicgstab:  Solving for Ux, Initial residual = 8.073627403248054e-05, Final residual = 8.108713477984126e-07, No Iterations 4, Solve time = 278.802 ms
Schwarz(Jacobi)+Bicgstab:  Solving for Uy, Initial residual = 0.004568863008840742, Final residual = 0.00016653735580967802, No Iterations 4, Solve time = 278.802 ms
Schwarz(Jacobi)+Bicgstab:  Solving for Uz, Initial residual = 0.0011930242602863266, Final residual = 6.615403150759485e-05, No Iterations 4, Solve time = 278.802 ms
[mem] after-UEqn: DEVICE_POOL current=19126 MB  actual(reserved)=38146 MB  highWater=24414 MB
config(Cg+Multigrid):  Solving for p, Initial residual = 0.0012141086095834917, Final residual = 1.1289425264431025e-05, No Iterations 19, Solve time = 2193.522 ms
time step continuity errors : sum local = 2.8739215757917235e-06, global = -8.291755218072531e-10, cumulative = -7.4151077322276385e-06
[mem] after-pEqn: DEVICE_POOL current=19126 MB  actual(reserved)=38146 MB  highWater=24414 MB
[GinkgoSolver] p-cache: reuse(update_matrix_value) solve=90 rebuildInterval=0
Schwarz(Jacobi)+Bicgstab:  Solving for omega, Initial residual = 1.2854896642304486e-05, Final residual = 8.282384820893897e-07, No Iterations 2, Solve time = 85.87 ms
bounding omega, min: -368394.01060704875 max: 45355983.41372668 average: 6369.794377350986
[GinkgoSolver] p-cache: reuse(update_matrix_value) solve=90 rebuildInterval=0
Schwarz(Jacobi)+Bicgstab:  Solving for k, Initial residual = 0.00025401496017628586, Final residual = 7.783314613850827e-06, No Iterations 3, Solve time = 95.59 ms
bounding k, min: -2.187928034646439e-05 max: 858.9225973782915 average: 9.131912081495141
[mem] after-turb: DEVICE_POOL current=19126 MB  actual(reserved)=38146 MB  highWater=24414 MB
ExecutionTime = 559.35 s  ClockTime = 564 s

Time = 1091
[mem] step-start: DEVICE_POOL current=19126 MB  actual(reserved)=38146 MB  highWater=24414 MB
Schwarz(Jacobi)+Bicgstab:  Solving for Ux, Initial residual = 8.055854910775346e-05, Final residual = 4.659771112679091e-06, No Iterations 2, Solve time = 179.999 ms
Schwarz(Jacobi)+Bicgstab:  Solving for Uy, Initial residual = 0.004582755064771263, Final residual = 0.00023796182600133265, No Iterations 2, Solve time = 179.999 ms
Schwarz(Jacobi)+Bicgstab:  Solving for Uz, Initial residual = 0.0011946651972063879, Final residual = 8.495093180246596e-05, No Iterations 2, Solve time = 179.999 ms
[mem] after-UEqn: DEVICE_POOL current=19126 MB  actual(reserved)=38146 MB  highWater=24414 MB
config(Cg+Multigrid):  Solving for p, Initial residual = 0.0012143040921180587, Final residual = 1.177867470540421e-05, No Iterations 14, Solve time = 1650.32 ms
time step continuity errors : sum local = 2.998372403789105e-06, global = 1.037599721731567e-08, cumulative = -7.404731735010323e-06
[mem] after-pEqn: DEVICE_POOL current=19126 MB  actual(reserved)=38146 MB  highWater=24414 MB
[GinkgoSolver] p-cache: reuse(update_matrix_value) solve=91 rebuildInterval=0
Schwarz(Jacobi)+Bicgstab:  Solving for omega, Initial residual = 1.3021106774352538e-05, Final residual = 8.179775950580313e-07, No Iterations 2, Solve time = 77.795 ms
bounding omega, min: -33170.351274904184 max: 45355983.37702301 average: 6369.550761880859
[GinkgoSolver] p-cache: reuse(update_matrix_value) solve=91 rebuildInterval=0
Schwarz(Jacobi)+Bicgstab:  Solving for k, Initial residual = 0.00025224491731453574, Final residual = 9.260292847544272e-06, No Iterations 2, Solve time = 72.775 ms
bounding k, min: -7.61361478959242e-06 max: 859.1434260568695 average: 9.130065672011563
[mem] after-turb: DEVICE_POOL current=19126 MB  actual(reserved)=38146 MB  highWater=24414 MB
ExecutionTime = 564.11 s  ClockTime = 568 s

Time = 1092
[mem] step-start: DEVICE_POOL current=19126 MB  actual(reserved)=38146 MB  highWater=24414 MB
Schwarz(Jacobi)+Bicgstab:  Solving for Ux, Initial residual = 8.037845672517784e-05, Final residual = 2.0759941145007677e-06, No Iterations 3, Solve time = 227.241 ms
Schwarz(Jacobi)+Bicgstab:  Solving for Uy, Initial residual = 0.004592337375471336, Final residual = 0.00016286438830049276, No Iterations 3, Solve time = 227.241 ms
Schwarz(Jacobi)+Bicgstab:  Solving for Uz, Initial residual = 0.0011986795616495574, Final residual = 7.117519086325186e-05, No Iterations 3, Solve time = 227.241 ms
[mem] after-UEqn: DEVICE_POOL current=19126 MB  actual(reserved)=38146 MB  highWater=24414 MB
config(Cg+Multigrid):  Solving for p, Initial residual = 0.0012104185373798542, Final residual = 1.2039857393969337e-05, No Iterations 14, Solve time = 1641.776 ms
time step continuity errors : sum local = 3.0647121825590053e-06, global = 9.699196884772394e-09, cumulative = -7.39503253812555e-06
[mem] after-pEqn: DEVICE_POOL current=19126 MB  actual(reserved)=38146 MB  highWater=24414 MB
[GinkgoSolver] p-cache: reuse(update_matrix_value) solve=92 rebuildInterval=0
Schwarz(Jacobi)+Bicgstab:  Solving for omega, Initial residual = 1.2916586362623742e-05, Final residual = 8.172148046950867e-07, No Iterations 2, Solve time = 85.429 ms
bounding omega, min: -33756.414094738524 max: 45355983.32454581 average: 6369.389817479128
[GinkgoSolver] p-cache: reuse(update_matrix_value) solve=92 rebuildInterval=0
Schwarz(Jacobi)+Bicgstab:  Solving for k, Initial residual = 0.00025235080867444466, Final residual = 6.626584967089398e-06, No Iterations 3, Solve time = 98.04 ms
bounding k, min: -2.9623115428416494e-06 max: 859.4237474526199 average: 9.128279668951317
[mem] after-turb: DEVICE_POOL current=19126 MB  actual(reserved)=38146 MB  highWater=24414 MB
ExecutionTime = 568.96 s  ClockTime = 573 s

Time = 1093
[mem] step-start: DEVICE_POOL current=19126 MB  actual(reserved)=38146 MB  highWater=24414 MB
Schwarz(Jacobi)+Bicgstab:  Solving for Ux, Initial residual = 8.0288249968379e-05, Final residual = 7.279219240243615e-07, No Iterations 4, Solve time = 269.942 ms
Schwarz(Jacobi)+Bicgstab:  Solving for Uy, Initial residual = 0.004607941249372592, Final residual = 0.00024691863531132405, No Iterations 4, Solve time = 269.942 ms
Schwarz(Jacobi)+Bicgstab:  Solving for Uz, Initial residual = 0.001200277079731474, Final residual = 4.850280176313672e-05, No Iterations 4, Solve time = 269.942 ms
[mem] after-UEqn: DEVICE_POOL current=19126 MB  actual(reserved)=38146 MB  highWater=24414 MB
config(Cg+Multigrid):  Solving for p, Initial residual = 0.0012087532333146668, Final residual = 1.1715241215769827e-05, No Iterations 16, Solve time = 1849.548 ms
time step continuity errors : sum local = 2.981739152302957e-06, global = 3.6968139275085648e-09, cumulative = -7.391335724198042e-06
[mem] after-pEqn: DEVICE_POOL current=19126 MB  actual(reserved)=38146 MB  highWater=24414 MB
[GinkgoSolver] p-cache: reuse(update_matrix_value) solve=93 rebuildInterval=0
Schwarz(Jacobi)+Bicgstab:  Solving for omega, Initial residual = 1.2915012398829445e-05, Final residual = 8.175230903326363e-07, No Iterations 2, Solve time = 85.177 ms
bounding omega, min: -33026.576839530615 max: 45355983.252340645 average: 6369.235470613266
[GinkgoSolver] p-cache: reuse(update_matrix_value) solve=93 rebuildInterval=0
Schwarz(Jacobi)+Bicgstab:  Solving for k, Initial residual = 0.0002517793396744852, Final residual = 8.641554796900412e-06, No Iterations 2, Solve time = 71.291 ms
bounding k, min: -1.5001698711762279e-06 max: 859.7276808531211 average: 9.126369436735693
[mem] after-turb: DEVICE_POOL current=19126 MB  actual(reserved)=38146 MB  highWater=24414 MB
ExecutionTime = 574.03 s  ClockTime = 578 s

Time = 1094
[mem] step-start: DEVICE_POOL current=19126 MB  actual(reserved)=38146 MB  highWater=24414 MB
Schwarz(Jacobi)+Bicgstab:  Solving for Ux, Initial residual = 8.015534573149883e-05, Final residual = 3.5050916461248165e-07, No Iterations 5, Solve time = 332.494 ms
Schwarz(Jacobi)+Bicgstab:  Solving for Uy, Initial residual = 0.004632135557770618, Final residual = 0.0002557760497169596, No Iterations 5, Solve time = 332.494 ms
Schwarz(Jacobi)+Bicgstab:  Solving for Uz, Initial residual = 0.001199334582554343, Final residual = 7.471016726479196e-06, No Iterations 5, Solve time = 332.494 ms
[mem] after-UEqn: DEVICE_POOL current=19126 MB  actual(reserved)=38146 MB  highWater=24414 MB
config(Cg+Multigrid):  Solving for p, Initial residual = 0.00120957788459315, Final residual = 1.2028164846635903e-05, No Iterations 15, Solve time = 1755.761 ms
time step continuity errors : sum local = 3.060534592429051e-06, global = 5.667116636739493e-09, cumulative = -7.385668607561302e-06
[mem] after-pEqn: DEVICE_POOL current=19126 MB  actual(reserved)=38146 MB  highWater=24414 MB
[GinkgoSolver] p-cache: reuse(update_matrix_value) solve=94 rebuildInterval=0
Schwarz(Jacobi)+Bicgstab:  Solving for omega, Initial residual = 1.2832483796446483e-05, Final residual = 8.147221291164396e-07, No Iterations 2, Solve time = 85.175 ms
bounding omega, min: -149565.20029635628 max: 45355983.16267025 average: 6369.103816952571
[GinkgoSolver] p-cache: reuse(update_matrix_value) solve=94 rebuildInterval=0
Schwarz(Jacobi)+Bicgstab:  Solving for k, Initial residual = 0.0002516595917224544, Final residual = 1.2115237967282125e-05, No Iterations 2, Solve time = 72.253 ms
bounding k, min: -0.006307579325514449 max: 860.0211242492293 average: 9.124375913912353
[mem] after-turb: DEVICE_POOL current=19126 MB  actual(reserved)=38146 MB  highWater=24414 MB
ExecutionTime = 579.0700000000001 s  ClockTime = 584 s

Time = 1095
[mem] step-start: DEVICE_POOL current=19126 MB  actual(reserved)=38146 MB  highWater=24414 MB
Schwarz(Jacobi)+Bicgstab:  Solving for Ux, Initial residual = 8.002261641482764e-05, Final residual = 1.1323195094726532e-06, No Iterations 4, Solve time = 283.017 ms
Schwarz(Jacobi)+Bicgstab:  Solving for Uy, Initial residual = 0.0046540626901664765, Final residual = 4.12402675205632e-05, No Iterations 4, Solve time = 283.017 ms
Schwarz(Jacobi)+Bicgstab:  Solving for Uz, Initial residual = 0.001195575183746196, Final residual = 1.8581522902180042e-05, No Iterations 4, Solve time = 283.017 ms
[mem] after-UEqn: DEVICE_POOL current=19126 MB  actual(reserved)=38146 MB  highWater=24414 MB
config(Cg+Multigrid):  Solving for p, Initial residual = 0.0012010818853474717, Final residual = 1.1967631771193536e-05, No Iterations 15, Solve time = 1748.116 ms
time step continuity errors : sum local = 3.0439884523190693e-06, global = 1.4010669157052461e-09, cumulative = -7.384267540645597e-06
[mem] after-pEqn: DEVICE_POOL current=19126 MB  actual(reserved)=38146 MB  highWater=24414 MB
[GinkgoSolver] p-cache: reuse(update_matrix_value) solve=95 rebuildInterval=0
Schwarz(Jacobi)+Bicgstab:  Solving for omega, Initial residual = 1.26980681275639e-05, Final residual = 8.062979855179737e-07, No Iterations 2, Solve time = 76.605 ms
bounding omega, min: -34221.80898248677 max: 45355983.05928214 average: 6368.991908034452
[GinkgoSolver] p-cache: reuse(update_matrix_value) solve=95 rebuildInterval=0
Schwarz(Jacobi)+Bicgstab:  Solving for k, Initial residual = 0.00025130431803782003, Final residual = 6.697973100013064e-06, No Iterations 3, Solve time = 94.508 ms
bounding k, min: -6.7997838061503335e-06 max: 860.2722807133821 average: 9.12198376457413
[mem] after-turb: DEVICE_POOL current=19126 MB  actual(reserved)=38146 MB  highWater=24414 MB
ExecutionTime = 584.0599999999999 s  ClockTime = 589 s

Time = 1096
[mem] step-start: DEVICE_POOL current=19126 MB  actual(reserved)=38146 MB  highWater=24414 MB
Schwarz(Jacobi)+Bicgstab:  Solving for Ux, Initial residual = 7.982492828302913e-05, Final residual = 8.894929049346816e-06, No Iterations 2, Solve time = 177.247 ms
Schwarz(Jacobi)+Bicgstab:  Solving for Uy, Initial residual = 0.0046592512570834054, Final residual = 0.0003223891825580535, No Iterations 2, Solve time = 177.247 ms
Schwarz(Jacobi)+Bicgstab:  Solving for Uz, Initial residual = 0.0011938055889925663, Final residual = 8.164344470885579e-05, No Iterations 2, Solve time = 177.247 ms
[mem] after-UEqn: DEVICE_POOL current=19126 MB  actual(reserved)=38146 MB  highWater=24414 MB
config(Cg+Multigrid):  Solving for p, Initial residual = 0.0012250129378418015, Final residual = 1.2132790593086067e-05, No Iterations 14, Solve time = 1655.852 ms
time step continuity errors : sum local = 3.0845273357488347e-06, global = -1.6031504752497394e-09, cumulative = -7.385870691120847e-06
[mem] after-pEqn: DEVICE_POOL current=19126 MB  actual(reserved)=38146 MB  highWater=24414 MB
[GinkgoSolver] p-cache: reuse(update_matrix_value) solve=96 rebuildInterval=0
Schwarz(Jacobi)+Bicgstab:  Solving for omega, Initial residual = 1.293597500962261e-05, Final residual = 8.233934892687264e-07, No Iterations 2, Solve time = 76.703 ms
bounding omega, min: -29302.394336943882 max: 45355982.9544665 average: 6368.8044028962
[GinkgoSolver] p-cache: reuse(update_matrix_value) solve=96 rebuildInterval=0
Schwarz(Jacobi)+Bicgstab:  Solving for k, Initial residual = 0.00025099701255398035, Final residual = 8.739402323286411e-06, No Iterations 2, Solve time = 75.787 ms
bounding k, min: -3.7650630948294984e-06 max: 860.4884921686494 average: 9.120039556437739
[mem] after-turb: DEVICE_POOL current=19126 MB  actual(reserved)=38146 MB  highWater=24414 MB
ExecutionTime = 588.85 s  ClockTime = 593 s

Time = 1097
[mem] step-start: DEVICE_POOL current=19126 MB  actual(reserved)=38146 MB  highWater=24414 MB
Schwarz(Jacobi)+Bicgstab:  Solving for Ux, Initial residual = 8.034193453876036e-05, Final residual = 4.97281765387326e-06, No Iterations 2, Solve time = 172.076 ms
Schwarz(Jacobi)+Bicgstab:  Solving for Uy, Initial residual = 0.004654162583513259, Final residual = 0.0007119422519731251, No Iterations 2, Solve time = 172.076 ms
Schwarz(Jacobi)+Bicgstab:  Solving for Uz, Initial residual = 0.0011992562522872372, Final residual = 7.704621494663529e-05, No Iterations 2, Solve time = 172.076 ms
[mem] after-UEqn: DEVICE_POOL current=19126 MB  actual(reserved)=38146 MB  highWater=24414 MB
config(Cg+Multigrid):  Solving for p, Initial residual = 0.0012099470339582102, Final residual = 1.155315935231332e-05, No Iterations 15, Solve time = 1766.481 ms
time step continuity errors : sum local = 2.9354614868846636e-06, global = -1.4203817318903516e-08, cumulative = -7.40007450843975e-06
[mem] after-pEqn: DEVICE_POOL current=19126 MB  actual(reserved)=38146 MB  highWater=24414 MB
[GinkgoSolver] p-cache: reuse(update_matrix_value) solve=97 rebuildInterval=0
Schwarz(Jacobi)+Bicgstab:  Solving for omega, Initial residual = 1.281452598524064e-05, Final residual = 8.203362570713354e-07, No Iterations 2, Solve time = 86.161 ms
bounding omega, min: -27349.05418979862 max: 45355982.849154316 average: 6368.63878536513
[GinkgoSolver] p-cache: reuse(update_matrix_value) solve=97 rebuildInterval=0
Schwarz(Jacobi)+Bicgstab:  Solving for k, Initial residual = 0.0002505252980834982, Final residual = 1.2759685497465714e-05, No Iterations 2, Solve time = 72.454 ms
bounding k, min: -0.020369075025620395 max: 860.635615103477 average: 9.117844815008228
[mem] after-turb: DEVICE_POOL current=19126 MB  actual(reserved)=38146 MB  highWater=24414 MB
ExecutionTime = 593.77 s  ClockTime = 598 s

Time = 1098
[mem] step-start: DEVICE_POOL current=19126 MB  actual(reserved)=38146 MB  highWater=24414 MB
Schwarz(Jacobi)+Bicgstab:  Solving for Ux, Initial residual = 7.991284736746307e-05, Final residual = 2.165471083245298e-06, No Iterations 3, Solve time = 222.59 ms
Schwarz(Jacobi)+Bicgstab:  Solving for Uy, Initial residual = 0.004702832065910015, Final residual = 0.00014702207421063743, No Iterations 3, Solve time = 222.59 ms
Schwarz(Jacobi)+Bicgstab:  Solving for Uz, Initial residual = 0.0012007980494720789, Final residual = 5.324081303511801e-05, No Iterations 3, Solve time = 222.59 ms
[mem] after-UEqn: DEVICE_POOL current=19126 MB  actual(reserved)=38146 MB  highWater=24414 MB
config(Cg+Multigrid):  Solving for p, Initial residual = 0.001205095289396881, Final residual = 1.1382612967644606e-05, No Iterations 15, Solve time = 1763.616 ms
time step continuity errors : sum local = 2.889595501987976e-06, global = -2.697078427502898e-08, cumulative = -7.427045292714779e-06
[mem] after-pEqn: DEVICE_POOL current=19126 MB  actual(reserved)=38146 MB  highWater=24414 MB
[GinkgoSolver] p-cache: reuse(update_matrix_value) solve=98 rebuildInterval=0
Schwarz(Jacobi)+Bicgstab:  Solving for omega, Initial residual = 1.2700872714540336e-05, Final residual = 8.220614115306484e-07, No Iterations 2, Solve time = 85.301 ms
bounding omega, min: -113821.3872450479 max: 45355982.765484214 average: 6368.523373316942
[GinkgoSolver] p-cache: reuse(update_matrix_value) solve=98 rebuildInterval=0
Schwarz(Jacobi)+Bicgstab:  Solving for k, Initial residual = 0.0002503988649080967, Final residual = 6.796935852919145e-06, No Iterations 3, Solve time = 99.517 ms
bounding k, min: -1.5690544045483584e-05 max: 860.7350351660315 average: 9.115485318820065
[mem] after-turb: DEVICE_POOL current=19126 MB  actual(reserved)=38146 MB  highWater=24414 MB
ExecutionTime = 598.76 s  ClockTime = 603 s

Time = 1099
[mem] step-start: DEVICE_POOL current=19126 MB  actual(reserved)=38146 MB  highWater=24414 MB
Schwarz(Jacobi)+Bicgstab:  Solving for Ux, Initial residual = 7.97486733409508e-05, Final residual = 2.3245255746332975e-06, No Iterations 3, Solve time = 230.755 ms
Schwarz(Jacobi)+Bicgstab:  Solving for Uy, Initial residual = 0.00470915816587255, Final residual = 0.00015246964526901668, No Iterations 3, Solve time = 230.755 ms
Schwarz(Jacobi)+Bicgstab:  Solving for Uz, Initial residual = 0.001202189150759827, Final residual = 2.2770089321227075e-05, No Iterations 3, Solve time = 230.755 ms
[mem] after-UEqn: DEVICE_POOL current=19126 MB  actual(reserved)=38146 MB  highWater=24414 MB
config(Cg+Multigrid):  Solving for p, Initial residual = 0.0012076118713120272, Final residual = 1.1558582724568084e-05, No Iterations 15, Solve time = 1763.714 ms
time step continuity errors : sum local = 2.93139604886064e-06, global = -3.65009753908138e-08, cumulative = -7.463546268105592e-06
[mem] after-pEqn: DEVICE_POOL current=19126 MB  actual(reserved)=38146 MB  highWater=24414 MB
[GinkgoSolver] p-cache: reuse(update_matrix_value) solve=99 rebuildInterval=0
Schwarz(Jacobi)+Bicgstab:  Solving for omega, Initial residual = 1.2867572015002882e-05, Final residual = 8.160480843547164e-07, No Iterations 2, Solve time = 85.51 ms
bounding omega, min: -26119.641475575077 max: 45355982.68831859 average: 6368.223834053741
[GinkgoSolver] p-cache: reuse(update_matrix_value) solve=99 rebuildInterval=0
Schwarz(Jacobi)+Bicgstab:  Solving for k, Initial residual = 0.0002493267074409294, Final residual = 9.163356594109982e-06, No Iterations 2, Solve time = 72.797 ms
bounding k, min: -3.018934962158881e-06 max: 860.7549910738035 average: 9.113042184522858
[mem] after-turb: DEVICE_POOL current=19126 MB  actual(reserved)=38146 MB  highWater=24414 MB
ExecutionTime = 603.72 s  ClockTime = 608 s

Time = 1100
[mem] step-start: DEVICE_POOL current=19126 MB  actual(reserved)=38146 MB  highWater=24414 MB
Schwarz(Jacobi)+Bicgstab:  Solving for Ux, Initial residual = 7.969987552373145e-05, Final residual = 4.15882362918717e-06, No Iterations 3, Solve time = 232.638 ms
Schwarz(Jacobi)+Bicgstab:  Solving for Uy, Initial residual = 0.004711465221607135, Final residual = 0.00015452443397524833, No Iterations 3, Solve time = 232.638 ms
Schwarz(Jacobi)+Bicgstab:  Solving for Uz, Initial residual = 0.001202068505354249, Final residual = 0.00012982496833718223, No Iterations 3, Solve time = 232.638 ms
[mem] after-UEqn: DEVICE_POOL current=19126 MB  actual(reserved)=38146 MB  highWater=24414 MB
config(Cg+Multigrid):  Solving for p, Initial residual = 0.001209189711036018, Final residual = 1.1741354027598448e-05, No Iterations 15, Solve time = 1753.062 ms
time step continuity errors : sum local = 2.974593022082679e-06, global = -5.169474323374636e-08, cumulative = -7.515241011339339e-06
[mem] after-pEqn: DEVICE_POOL current=19126 MB  actual(reserved)=38146 MB  highWater=24414 MB
[GinkgoSolver] p-cache: reuse(update_matrix_value) solve=100 rebuildInterval=0
Schwarz(Jacobi)+Bicgstab:  Solving for omega, Initial residual = 1.2824132050154017e-05, Final residual = 8.220716989444302e-07, No Iterations 2, Solve time = 84.833 ms
bounding omega, min: -22020.594873414044 max: 45355982.63295003 average: 6368.0045278934795
[GinkgoSolver] p-cache: reuse(update_matrix_value) solve=100 rebuildInterval=0
Schwarz(Jacobi)+Bicgstab:  Solving for k, Initial residual = 0.00024958773220762424, Final residual = 1.4321824735493881e-05, No Iterations 2, Solve time = 71.805 ms
bounding k, min: -0.01840078098551088 max: 860.676783216509 average: 9.11104690095754
[mem] after-turb: DEVICE_POOL current=19126 MB  actual(reserved)=38146 MB  highWater=24414 MB
ExecutionTime = 608.67 s  ClockTime = 613 s

Time = 1101
[mem] step-start: DEVICE_POOL current=19126 MB  actual(reserved)=38146 MB  highWater=24414 MB
Schwarz(Jacobi)+Bicgstab:  Solving for Ux, Initial residual = 7.982397217573516e-05, Final residual = 4.203874667424098e-06, No Iterations 2, Solve time = 166.487 ms
Schwarz(Jacobi)+Bicgstab:  Solving for Uy, Initial residual = 0.004709287211914749, Final residual = 0.00025021922409268043, No Iterations 2, Solve time = 166.487 ms
Schwarz(Jacobi)+Bicgstab:  Solving for Uz, Initial residual = 0.0012124419253289362, Final residual = 0.00013718125638492086, No Iterations 2, Solve time = 166.487 ms
[mem] after-UEqn: DEVICE_POOL current=19126 MB  actual(reserved)=38146 MB  highWater=24414 MB
config(Cg+Multigrid):  Solving for p, Initial residual = 0.0012195062643889645, Final residual = 1.2041392207348357e-05, No Iterations 15, Solve time = 1745.703 ms
time step continuity errors : sum local = 3.047169307281927e-06, global = -6.162332654417196e-08, cumulative = -7.57686433788351e-06
[mem] after-pEqn: DEVICE_POOL current=19126 MB  actual(reserved)=38146 MB  highWater=24414 MB
[GinkgoSolver] p-cache: reuse(update_matrix_value) solve=101 rebuildInterval=0
Schwarz(Jacobi)+Bicgstab:  Solving for omega, Initial residual = 1.2674172591920923e-05, Final residual = 8.332805151006236e-07, No Iterations 2, Solve time = 75.791 ms
bounding omega, min: -31352.692055713575 max: 45355982.601138696 average: 6367.947047212892
[GinkgoSolver] p-cache: reuse(update_matrix_value) solve=101 rebuildInterval=0
Schwarz(Jacobi)+Bicgstab:  Solving for k, Initial residual = 0.00024963410477047603, Final residual = 6.997707627550625e-06, No Iterations 3, Solve time = 95.335 ms
bounding k, min: -1.446837156738094e-05 max: 860.4786525516928 average: 9.108919021115337
[mem] after-turb: DEVICE_POOL current=19126 MB  actual(reserved)=38146 MB  highWater=24414 MB
ExecutionTime = 613.5700000000001 s  ClockTime = 618 s

Time = 1102
[mem] step-start: DEVICE_POOL current=19126 MB  actual(reserved)=38146 MB  highWater=24414 MB
Schwarz(Jacobi)+Bicgstab:  Solving for Ux, Initial residual = 7.999083304349371e-05, Final residual = 5.503018779828188e-06, No Iterations 3, Solve time = 221.435 ms
Schwarz(Jacobi)+Bicgstab:  Solving for Uy, Initial residual = 0.0046991369818257505, Final residual = 0.00016978401406887397, No Iterations 3, Solve time = 221.435 ms
Schwarz(Jacobi)+Bicgstab:  Solving for Uz, Initial residual = 0.0012247910648903427, Final residual = 4.502652799792249e-05, No Iterations 3, Solve time = 221.435 ms
[mem] after-UEqn: DEVICE_POOL current=19126 MB  actual(reserved)=38146 MB  highWater=24414 MB
config(Cg+Multigrid):  Solving for p, Initial residual = 0.0012292709144572952, Final residual = 1.1770649838720469e-05, No Iterations 16, Solve time = 1863.237 ms
time step continuity errors : sum local = 2.97516607330077e-06, global = -6.941504267329323e-08, cumulative = -7.646279380556803e-06
[mem] after-pEqn: DEVICE_POOL current=19126 MB  actual(reserved)=38146 MB  highWater=24414 MB
[GinkgoSolver] p-cache: reuse(update_matrix_value) solve=102 rebuildInterval=0
Schwarz(Jacobi)+Bicgstab:  Solving for omega, Initial residual = 1.2945510200968534e-05, Final residual = 8.391509952726271e-07, No Iterations 2, Solve time = 85.432 ms
bounding omega, min: -110016.62094067168 max: 45355982.5811182 average: 6367.694696841222
[GinkgoSolver] p-cache: reuse(update_matrix_value) solve=102 rebuildInterval=0
Schwarz(Jacobi)+Bicgstab:  Solving for k, Initial residual = 0.0002488376655850274, Final residual = 5.404592370791761e-06, No Iterations 3, Solve time = 96.132 ms
bounding k, min: -1.4986491313438774e-05 max: 860.1590497672554 average: 9.106905253964742
[mem] after-turb: DEVICE_POOL current=19126 MB  actual(reserved)=38146 MB  highWater=24414 MB
ExecutionTime = 618.64 s  ClockTime = 623 s

Time = 1103
[mem] step-start: DEVICE_POOL current=19126 MB  actual(reserved)=38146 MB  highWater=24414 MB
Schwarz(Jacobi)+Bicgstab:  Solving for Ux, Initial residual = 8.021145823509129e-05, Final residual = 3.3230317656513418e-06, No Iterations 3, Solve time = 219.395 ms
Schwarz(Jacobi)+Bicgstab:  Solving for Uy, Initial residual = 0.004696931444542399, Final residual = 0.00016006103247543995, No Iterations 3, Solve time = 219.395 ms
Schwarz(Jacobi)+Bicgstab:  Solving for Uz, Initial residual = 0.0012268010412196098, Final residual = 5.231642715980386e-05, No Iterations 3, Solve time = 219.395 ms
[mem] after-UEqn: DEVICE_POOL current=19126 MB  actual(reserved)=38146 MB  highWater=24414 MB
config(Cg+Multigrid):  Solving for p, Initial residual = 0.0012303342924732115, Final residual = 1.2043251543521951e-05, No Iterations 16, Solve time = 1865 ms
time step continuity errors : sum local = 3.039973324872944e-06, global = -6.995864070780932e-08, cumulative = -7.716238021264613e-06
[mem] after-pEqn: DEVICE_POOL current=19126 MB  actual(reserved)=38146 MB  highWater=24414 MB
[GinkgoSolver] p-cache: reuse(update_matrix_value) solve=103 rebuildInterval=0
Schwarz(Jacobi)+Bicgstab:  Solving for omega, Initial residual = 1.2876778941133456e-05, Final residual = 8.350897766359325e-07, No Iterations 2, Solve time = 77.767 ms
bounding omega, min: -33282.396926124165 max: 45355982.58077078 average: 6367.480318469299
[GinkgoSolver] p-cache: reuse(update_matrix_value) solve=103 rebuildInterval=0
Schwarz(Jacobi)+Bicgstab:  Solving for k, Initial residual = 0.0002487044371120737, Final residual = 1.426325802039979e-05, No Iterations 2, Solve time = 72.699 ms
bounding k, min: -0.0045105623036343565 max: 859.622036121047 average: 9.105122474159128
[mem] after-turb: DEVICE_POOL current=19126 MB  actual(reserved)=38146 MB  highWater=24414 MB
ExecutionTime = 623.6799999999999 s  ClockTime = 628 s

Time = 1104
[mem] step-start: DEVICE_POOL current=19126 MB  actual(reserved)=38146 MB  highWater=24414 MB
Schwarz(Jacobi)+Bicgstab:  Solving for Ux, Initial residual = 8.022872821004887e-05, Final residual = 4.0363557781722445e-06, No Iterations 2, Solve time = 167.797 ms
Schwarz(Jacobi)+Bicgstab:  Solving for Uy, Initial residual = 0.004703446458968637, Final residual = 0.0008020365931147304, No Iterations 2, Solve time = 167.797 ms
Schwarz(Jacobi)+Bicgstab:  Solving for Uz, Initial residual = 0.0012288433418677182, Final residual = 6.244484944053591e-05, No Iterations 2, Solve time = 167.797 ms
[mem] after-UEqn: DEVICE_POOL current=19126 MB  actual(reserved)=38146 MB  highWater=24414 MB
config(Cg+Multigrid):  Solving for p, Initial residual = 0.0012480323795824235, Final residual = 1.2331961700770696e-05, No Iterations 17, Solve time = 1975.66 ms
time step continuity errors : sum local = 3.10889072480047e-06, global = -6.448318351288217e-08, cumulative = -7.780721204777495e-06
[mem] after-pEqn: DEVICE_POOL current=19126 MB  actual(reserved)=38146 MB  highWater=24414 MB
[GinkgoSolver] p-cache: reuse(update_matrix_value) solve=104 rebuildInterval=0
Schwarz(Jacobi)+Bicgstab:  Solving for omega, Initial residual = 1.2642359007699401e-05, Final residual = 8.392991066649765e-07, No Iterations 2, Solve time = 86.559 ms
bounding omega, min: -20578.453593545044 max: 45355982.582802266 average: 6367.2313573821675
[GinkgoSolver] p-cache: reuse(update_matrix_value) solve=104 rebuildInterval=0
Schwarz(Jacobi)+Bicgstab:  Solving for k, Initial residual = 0.00024857841954459997, Final residual = 6.443246076500292e-06, No Iterations 3, Solve time = 98.761 ms
bounding k, min: -2.4442358347591625e-05 max: 859.0654302553802 average: 9.102844872709847
[mem] after-turb: DEVICE_POOL current=19126 MB  actual(reserved)=38146 MB  highWater=24414 MB
ExecutionTime = 628.8 s  ClockTime = 634 s

Time = 1105
[mem] step-start: DEVICE_POOL current=19126 MB  actual(reserved)=38146 MB  highWater=24414 MB
Schwarz(Jacobi)+Bicgstab:  Solving for Ux, Initial residual = 8.046935153192865e-05, Final residual = 4.261958494135601e-06, No Iterations 2, Solve time = 182.48 ms
Schwarz(Jacobi)+Bicgstab:  Solving for Uy, Initial residual = 0.004674338146638533, Final residual = 0.0009494587857560385, No Iterations 2, Solve time = 182.48 ms
Schwarz(Jacobi)+Bicgstab:  Solving for Uz, Initial residual = 0.0012348422349898061, Final residual = 7.6267809749688e-05, No Iterations 2, Solve time = 182.48 ms
[mem] after-UEqn: DEVICE_POOL current=19126 MB  actual(reserved)=38146 MB  highWater=24414 MB
config(Cg+Multigrid):  Solving for p, Initial residual = 0.0012425931427758681, Final residual = 1.2375780884474314e-05, No Iterations 15, Solve time = 1756.812 ms
time step continuity errors : sum local = 3.1159127613812827e-06, global = -5.5783896618346266e-08, cumulative = -7.836505101395841e-06
[mem] after-pEqn: DEVICE_POOL current=19126 MB  actual(reserved)=38146 MB  highWater=24414 MB
[GinkgoSolver] p-cache: reuse(update_matrix_value) solve=105 rebuildInterval=0
Schwarz(Jacobi)+Bicgstab:  Solving for omega, Initial residual = 1.2935086092398571e-05, Final residual = 8.418337042499826e-07, No Iterations 2, Solve time = 86.647 ms
bounding omega, min: -39175.7892535641 max: 45355982.584290445 average: 6366.952083030566
[GinkgoSolver] p-cache: reuse(update_matrix_value) solve=105 rebuildInterval=0
Schwarz(Jacobi)+Bicgstab:  Solving for k, Initial residual = 0.00024779592156042745, Final residual = 4.858988065290752e-06, No Iterations 3, Solve time = 95.386 ms
bounding k, min: -0.00010907945866188074 max: 858.3807530353339 average: 9.100971942364625
[mem] after-turb: DEVICE_POOL current=19126 MB  actual(reserved)=38146 MB  highWater=24414 MB
ExecutionTime = 633.74 s  ClockTime = 639 s

Time = 1106
[mem] step-start: DEVICE_POOL current=19126 MB  actual(reserved)=38146 MB  highWater=24414 MB
Schwarz(Jacobi)+Bicgstab:  Solving for Ux, Initial residual = 8.032755184642185e-05, Final residual = 4.295547575757621e-06, No Iterations 2, Solve time = 168.688 ms
Schwarz(Jacobi)+Bicgstab:  Solving for Uy, Initial residual = 0.004742202512430357, Final residual = 0.0009608475814387518, No Iterations 2, Solve time = 168.688 ms
Schwarz(Jacobi)+Bicgstab:  Solving for Uz, Initial residual = 0.0012334094468285156, Final residual = 7.161139228472939e-05, No Iterations 2, Solve time = 168.688 ms
[mem] after-UEqn: DEVICE_POOL current=19126 MB  actual(reserved)=38146 MB  highWater=24414 MB
config(Cg+Multigrid):  Solving for p, Initial residual = 0.001257766246417363, Final residual = 1.2402050186258599e-05, No Iterations 15, Solve time = 1760.11 ms
time step continuity errors : sum local = 3.1195342625450775e-06, global = -4.994852010664744e-08, cumulative = -7.88645362150249e-06
[mem] after-pEqn: DEVICE_POOL current=19126 MB  actual(reserved)=38146 MB  highWater=24414 MB
[GinkgoSolver] p-cache: reuse(update_matrix_value) solve=106 rebuildInterval=0
Schwarz(Jacobi)+Bicgstab:  Solving for omega, Initial residual = 1.28617639388789e-05, Final residual = 8.413771052940181e-07, No Iterations 2, Solve time = 86.595 ms
bounding omega, min: -137694.412797259 max: 45355982.5844885 average: 6366.776736810991
[GinkgoSolver] p-cache: reuse(update_matrix_value) solve=106 rebuildInterval=0
Schwarz(Jacobi)+Bicgstab:  Solving for k, Initial residual = 0.0002475550204723062, Final residual = 1.490968394585841e-05, No Iterations 2, Solve time = 76.207 ms
bounding k, min: -2.436612669444653e-05 max: 857.4973416316856 average: 9.09917717948286
[mem] after-turb: DEVICE_POOL current=19126 MB  actual(reserved)=38146 MB  highWater=24414 MB
ExecutionTime = 638.64 s  ClockTime = 644 s

Time = 1107
[mem] step-start: DEVICE_POOL current=19126 MB  actual(reserved)=38146 MB  highWater=24414 MB
Schwarz(Jacobi)+Bicgstab:  Solving for Ux, Initial residual = 8.013467049042454e-05, Final residual = 3.0636538288759983e-06, No Iterations 3, Solve time = 225.066 ms
Schwarz(Jacobi)+Bicgstab:  Solving for Uy, Initial residual = 0.004847481054070287, Final residual = 0.00015672667005907267, No Iterations 3, Solve time = 225.066 ms
Schwarz(Jacobi)+Bicgstab:  Solving for Uz, Initial residual = 0.0012284546212960952, Final residual = 4.478559726477885e-05, No Iterations 3, Solve time = 225.066 ms
[mem] after-UEqn: DEVICE_POOL current=19126 MB  actual(reserved)=38146 MB  highWater=24414 MB
config(Cg+Multigrid):  Solving for p, Initial residual = 0.001238723169862504, Final residual = 1.1823359338052337e-05, No Iterations 16, Solve time = 1861.909 ms
time step continuity errors : sum local = 2.9710589961380445e-06, global = -4.703621714719528e-08, cumulative = -7.933489838649685e-06
[mem] after-pEqn: DEVICE_POOL current=19126 MB  actual(reserved)=38146 MB  highWater=24414 MB
[GinkgoSolver] p-cache: reuse(update_matrix_value) solve=107 rebuildInterval=0
Schwarz(Jacobi)+Bicgstab:  Solving for omega, Initial residual = 1.2921415197045423e-05, Final residual = 8.339460171084101e-07, No Iterations 2, Solve time = 85.368 ms
bounding omega, min: -23725.80117729774 max: 45355982.58314189 average: 6366.617116900772
[GinkgoSolver] p-cache: reuse(update_matrix_value) solve=107 rebuildInterval=0
Schwarz(Jacobi)+Bicgstab:  Solving for k, Initial residual = 0.00024834035582066617, Final residual = 4.294953117188997e-06, No Iterations 3, Solve time = 95.277 ms
bounding k, min: -0.00018203825255683927 max: 856.5972843235157 average: 9.097508343187629
[mem] after-turb: DEVICE_POOL current=19126 MB  actual(reserved)=38146 MB  highWater=24414 MB
ExecutionTime = 643.7 s  ClockTime = 649 s

Time = 1108
[mem] step-start: DEVICE_POOL current=19126 MB  actual(reserved)=38146 MB  highWater=24414 MB
Schwarz(Jacobi)+Bicgstab:  Solving for Ux, Initial residual = 8.006867545980191e-05, Final residual = 6.5257437057828055e-06, No Iterations 3, Solve time = 218.908 ms
Schwarz(Jacobi)+Bicgstab:  Solving for Uy, Initial residual = 0.00487318643689504, Final residual = 0.0001561735619258081, No Iterations 3, Solve time = 218.908 ms
Schwarz(Jacobi)+Bicgstab:  Solving for Uz, Initial residual = 0.0012267863319892407, Final residual = 4.0459971537725907e-05, No Iterations 3, Solve time = 218.908 ms
[mem] after-UEqn: DEVICE_POOL current=19126 MB  actual(reserved)=38146 MB  highWater=24414 MB
config(Cg+Multigrid):  Solving for p, Initial residual = 0.0012261948635337834, Final residual = 1.2237154056301758e-05, No Iterations 15, Solve time = 1755.969 ms
time step continuity errors : sum local = 3.071848340444002e-06, global = -3.5233212582824965e-08, cumulative = -7.96872305123251e-06
[mem] after-pEqn: DEVICE_POOL current=19126 MB  actual(reserved)=38146 MB  highWater=24414 MB
[GinkgoSolver] p-cache: reuse(update_matrix_value) solve=108 rebuildInterval=0
Schwarz(Jacobi)+Bicgstab:  Solving for omega, Initial residual = 1.2693403350038554e-05, Final residual = 8.189485767419557e-07, No Iterations 2, Solve time = 86.711 ms
bounding omega, min: -20908.840192774594 max: 45355982.58052913 average: 6366.30360328708
[GinkgoSolver] p-cache: reuse(update_matrix_value) solve=108 rebuildInterval=0
Schwarz(Jacobi)+Bicgstab:  Solving for k, Initial residual = 0.0002476520703216237, Final residual = 1.0020078481631649e-05, No Iterations 2, Solve time = 72.766 ms
bounding k, min: -0.002435020677425177 max: 855.5508495738966 average: 9.095304371318008
[mem] after-turb: DEVICE_POOL current=19126 MB  actual(reserved)=38146 MB  highWater=24414 MB
ExecutionTime = 648.66 s  ClockTime = 654 s

Time = 1109
[mem] step-start: DEVICE_POOL current=19126 MB  actual(reserved)=38146 MB  highWater=24414 MB
Schwarz(Jacobi)+Bicgstab:  Solving for Ux, Initial residual = 7.982777209937473e-05, Final residual = 2.129440362254693e-06, No Iterations 3, Solve time = 227.605 ms
Schwarz(Jacobi)+Bicgstab:  Solving for Uy, Initial residual = 0.004878517497398195, Final residual = 0.00015841177228233632, No Iterations 3, Solve time = 227.605 ms
Schwarz(Jacobi)+Bicgstab:  Solving for Uz, Initial residual = 0.00122852699153092, Final residual = 3.942684579879383e-05, No Iterations 3, Solve time = 227.605 ms
[mem] after-UEqn: DEVICE_POOL current=19126 MB  actual(reserved)=38146 MB  highWater=24414 MB
config(Cg+Multigrid):  Solving for p, Initial residual = 0.0012251746972503819, Final residual = 1.2193678842803074e-05, No Iterations 15, Solve time = 1765.219 ms
time step continuity errors : sum local = 3.0585326071914483e-06, global = -3.0450279034057664e-08, cumulative = -7.999173330266568e-06
[mem] after-pEqn: DEVICE_POOL current=19126 MB  actual(reserved)=38146 MB  highWater=24414 MB
[GinkgoSolver] p-cache: reuse(update_matrix_value) solve=109 rebuildInterval=0
Schwarz(Jacobi)+Bicgstab:  Solving for omega, Initial residual = 1.2756085455366483e-05, Final residual = 8.235178151811265e-07, No Iterations 2, Solve time = 85.235 ms
bounding omega, min: -18638.635088044924 max: 45355982.57597063 average: 6365.94855678721
[GinkgoSolver] p-cache: reuse(update_matrix_value) solve=109 rebuildInterval=0
Schwarz(Jacobi)+Bicgstab:  Solving for k, Initial residual = 0.0002481571820829405, Final residual = 1.788413852320755e-05, No Iterations 2, Solve time = 72.424 ms
bounding k, min: -0.000747629616562228 max: 854.5148920945475 average: 9.093124771313322
[mem] after-turb: DEVICE_POOL current=19126 MB  actual(reserved)=38146 MB  highWater=24414 MB
ExecutionTime = 653.62 s  ClockTime = 659 s

Time = 1110
[mem] step-start: DEVICE_POOL current=19126 MB  actual(reserved)=38146 MB  highWater=24414 MB
Schwarz(Jacobi)+Bicgstab:  Solving for Ux, Initial residual = 7.986847682139393e-05, Final residual = 4.217269360343361e-06, No Iterations 2, Solve time = 166.35 ms
Schwarz(Jacobi)+Bicgstab:  Solving for Uy, Initial residual = 0.004870377050798562, Final residual = 0.0003239795348609623, No Iterations 2, Solve time = 166.35 ms
Schwarz(Jacobi)+Bicgstab:  Solving for Uz, Initial residual = 0.0012333105850916017, Final residual = 6.384998292669637e-05, No Iterations 2, Solve time = 166.35 ms
[mem] after-UEqn: DEVICE_POOL current=19126 MB  actual(reserved)=38146 MB  highWater=24414 MB
config(Cg+Multigrid):  Solving for p, Initial residual = 0.0012446944356907731, Final residual = 1.2177493213907341e-05, No Iterations 15, Solve time = 1759.061 ms
time step continuity errors : sum local = 3.0524636371952446e-06, global = -2.656214387356e-08, cumulative = -8.025735474140129e-06
[mem] after-pEqn: DEVICE_POOL current=19126 MB  actual(reserved)=38146 MB  highWater=24414 MB
[GinkgoSolver] p-cache: reuse(update_matrix_value) solve=110 rebuildInterval=0
Schwarz(Jacobi)+Bicgstab:  Solving for omega, Initial residual = 1.2881891607906542e-05, Final residual = 8.289259308361997e-07, No Iterations 2, Solve time = 77.378 ms
bounding omega, min: -218031.82219320614 max: 45355982.56959631 average: 6365.559850679326
[GinkgoSolver] p-cache: reuse(update_matrix_value) solve=110 rebuildInterval=0
Schwarz(Jacobi)+Bicgstab:  Solving for k, Initial residual = 0.00024942921386676405, Final residual = 1.1601430176552677e-05, No Iterations 2, Solve time = 73.171 ms
bounding k, min: -0.0002077027633902084 max: 853.4937381730416 average: 9.091238553783796
[mem] after-turb: DEVICE_POOL current=19126 MB  actual(reserved)=38146 MB  highWater=24414 MB
ExecutionTime = 658.5 s  ClockTime = 664 s

Time = 1111
[mem] step-start: DEVICE_POOL current=19126 MB  actual(reserved)=38146 MB  highWater=24414 MB
Schwarz(Jacobi)+Bicgstab:  Solving for Ux, Initial residual = 8.015117993149978e-05, Final residual = 6.336583933947718e-06, No Iterations 3, Solve time = 217.459 ms
Schwarz(Jacobi)+Bicgstab:  Solving for Uy, Initial residual = 0.004846305952282405, Final residual = 0.000177595886123031, No Iterations 3, Solve time = 217.459 ms
Schwarz(Jacobi)+Bicgstab:  Solving for Uz, Initial residual = 0.0012425742381009565, Final residual = 4.62011110445428e-05, No Iterations 3, Solve time = 217.459 ms
[mem] after-UEqn: DEVICE_POOL current=19126 MB  actual(reserved)=38146 MB  highWater=24414 MB
config(Cg+Multigrid):  Solving for p, Initial residual = 0.0012365239122765575, Final residual = 1.2245248652117697e-05, No Iterations 15, Solve time = 1751.978 ms
time step continuity errors : sum local = 3.067659401418119e-06, global = -2.0972624650398038e-08, cumulative = -8.046708098790527e-06
[mem] after-pEqn: DEVICE_POOL current=19126 MB  actual(reserved)=38146 MB  highWater=24414 MB
[GinkgoSolver] p-cache: reuse(update_matrix_value) solve=111 rebuildInterval=0
Schwarz(Jacobi)+Bicgstab:  Solving for omega, Initial residual = 1.2692387269092982e-05, Final residual = 8.103296071342577e-07, No Iterations 2, Solve time = 85.358 ms
bounding omega, min: -18744.74757544943 max: 45355982.5631702 average: 6365.168749252679
[GinkgoSolver] p-cache: reuse(update_matrix_value) solve=111 rebuildInterval=0
Schwarz(Jacobi)+Bicgstab:  Solving for k, Initial residual = 0.0002492964266078083, Final residual = 1.3909031504708491e-05, No Iterations 2, Solve time = 72.626 ms
bounding k, min: -0.0313647346936531 max: 852.4737644999656 average: 9.08933181801755
[mem] after-turb: DEVICE_POOL current=19126 MB  actual(reserved)=38146 MB  highWater=24414 MB
ExecutionTime = 663.4400000000001 s  ClockTime = 669 s

Time = 1112
[mem] step-start: DEVICE_POOL current=19126 MB  actual(reserved)=38146 MB  highWater=24414 MB
Schwarz(Jacobi)+Bicgstab:  Solving for Ux, Initial residual = 7.99960077416405e-05, Final residual = 2.253950830359475e-06, No Iterations 3, Solve time = 227.559 ms
Schwarz(Jacobi)+Bicgstab:  Solving for Uy, Initial residual = 0.004838887580334598, Final residual = 0.00016393330574648618, No Iterations 3, Solve time = 227.559 ms
Schwarz(Jacobi)+Bicgstab:  Solving for Uz, Initial residual = 0.0012491032420709547, Final residual = 3.725843746665725e-05, No Iterations 3, Solve time = 227.559 ms
[mem] after-UEqn: DEVICE_POOL current=19126 MB  actual(reserved)=38146 MB  highWater=24414 MB
config(Cg+Multigrid):  Solving for p, Initial residual = 0.00122933460500795, Final residual = 1.183648576820719e-05, No Iterations 16, Solve time = 1873.146 ms
time step continuity errors : sum local = 2.9636290712173457e-06, global = -2.2266902477281508e-08, cumulative = -8.068975001267809e-06
[mem] after-pEqn: DEVICE_POOL current=19126 MB  actual(reserved)=38146 MB  highWater=24414 MB
[GinkgoSolver] p-cache: reuse(update_matrix_value) solve=112 rebuildInterval=0
Schwarz(Jacobi)+Bicgstab:  Solving for omega, Initial residual = 1.242879063957019e-05, Final residual = 8.139663014676205e-07, No Iterations 2, Solve time = 85.784 ms
bounding omega, min: -24159.619227961964 max: 45355982.55815987 average: 6364.8879730485505
[GinkgoSolver] p-cache: reuse(update_matrix_value) solve=112 rebuildInterval=0
Schwarz(Jacobi)+Bicgstab:  Solving for k, Initial residual = 0.0002491804711990207, Final residual = 2.4355541505122416e-05, No Iterations 2, Solve time = 71.872 ms
bounding k, min: -0.06873911123944591 max: 851.9252241616622 average: 9.087323043718252
[mem] after-turb: DEVICE_POOL current=19126 MB  actual(reserved)=38146 MB  highWater=24414 MB
ExecutionTime = 668.53 s  ClockTime = 674 s

Time = 1113
[mem] step-start: DEVICE_POOL current=19126 MB  actual(reserved)=38146 MB  highWater=24414 MB
Schwarz(Jacobi)+Bicgstab:  Solving for Ux, Initial residual = 8.000962163540937e-05, Final residual = 4.022483529239387e-06, No Iterations 2, Solve time = 169.944 ms
Schwarz(Jacobi)+Bicgstab:  Solving for Uy, Initial residual = 0.004847448342533506, Final residual = 0.0007038149619131663, No Iterations 2, Solve time = 169.944 ms
Schwarz(Jacobi)+Bicgstab:  Solving for Uz, Initial residual = 0.001252502369431497, Final residual = 6.48956018016255e-05, No Iterations 2, Solve time = 169.944 ms
[mem] after-UEqn: DEVICE_POOL current=19126 MB  actual(reserved)=38146 MB  highWater=24414 MB
config(Cg+Multigrid):  Solving for p, Initial residual = 0.0012489414960508269, Final residual = 1.2227206875512728e-05, No Iterations 16, Solve time = 1853.651 ms
time step continuity errors : sum local = 3.059645484436948e-06, global = -1.6866676182301562e-08, cumulative = -8.08584167745011e-06
[mem] after-pEqn: DEVICE_POOL current=19126 MB  actual(reserved)=38146 MB  highWater=24414 MB
[GinkgoSolver] p-cache: reuse(update_matrix_value) solve=113 rebuildInterval=0
Schwarz(Jacobi)+Bicgstab:  Solving for omega, Initial residual = 1.2708806400733972e-05, Final residual = 8.234958999128615e-07, No Iterations 2, Solve time = 77.49 ms
bounding omega, min: -19171.64827491925 max: 45355982.55636354 average: 6364.67830773941
[GinkgoSolver] p-cache: reuse(update_matrix_value) solve=113 rebuildInterval=0
Schwarz(Jacobi)+Bicgstab:  Solving for k, Initial residual = 0.0002490681776714627, Final residual = 6.451930307450769e-06, No Iterations 3, Solve time = 95.228 ms
bounding k, min: -6.050110223091169e-05 max: 850.9496833471678 average: 9.085153844589057
[mem] after-turb: DEVICE_POOL current=19126 MB  actual(reserved)=38146 MB  highWater=24414 MB
ExecutionTime = 673.54 s  ClockTime = 679 s

Time = 1114
[mem] step-start: DEVICE_POOL current=19126 MB  actual(reserved)=38146 MB  highWater=24414 MB
Schwarz(Jacobi)+Bicgstab:  Solving for Ux, Initial residual = 8.028612708890358e-05, Final residual = 4.083760550595971e-06, No Iterations 3, Solve time = 222.804 ms
Schwarz(Jacobi)+Bicgstab:  Solving for Uy, Initial residual = 0.004835837713234458, Final residual = 0.00018498702471824252, No Iterations 3, Solve time = 222.804 ms
Schwarz(Jacobi)+Bicgstab:  Solving for Uz, Initial residual = 0.0012598497073462319, Final residual = 5.4329111121657856e-05, No Iterations 3, Solve time = 222.804 ms
[mem] after-UEqn: DEVICE_POOL current=19126 MB  actual(reserved)=38146 MB  highWater=24414 MB
config(Cg+Multigrid):  Solving for p, Initial residual = 0.0012453866006423365, Final residual = 1.2397503161672715e-05, No Iterations 16, Solve time = 1866.124 ms
time step continuity errors : sum local = 3.100743542372448e-06, global = -1.0703785214969994e-08, cumulative = -8.09654546266508e-06
[mem] after-pEqn: DEVICE_POOL current=19126 MB  actual(reserved)=38146 MB  highWater=24414 MB
[GinkgoSolver] p-cache: reuse(update_matrix_value) solve=114 rebuildInterval=0
Schwarz(Jacobi)+Bicgstab:  Solving for omega, Initial residual = 1.2887942944005608e-05, Final residual = 8.273659940547004e-07, No Iterations 2, Solve time = 86.448 ms
bounding omega, min: -272565.0915341176 max: 45355982.55537874 average: 6364.0649125271375
[GinkgoSolver] p-cache: reuse(update_matrix_value) solve=114 rebuildInterval=0
Schwarz(Jacobi)+Bicgstab:  Solving for k, Initial residual = 0.00024778241723129974, Final residual = 1.0114056576985008e-05, No Iterations 2, Solve time = 73.129 ms
bounding k, min: -3.5691059193032773e-05 max: 850.1680421660021 average: 9.083194894321192
[mem] after-turb: DEVICE_POOL current=19126 MB  actual(reserved)=38146 MB  highWater=24414 MB
ExecutionTime = 678.59 s  ClockTime = 684 s

Time = 1115
[mem] step-start: DEVICE_POOL current=19126 MB  actual(reserved)=38146 MB  highWater=24414 MB
Schwarz(Jacobi)+Bicgstab:  Solving for Ux, Initial residual = 8.039899593520052e-05, Final residual = 4.997958689357711e-06, No Iterations 2, Solve time = 176.825 ms
Schwarz(Jacobi)+Bicgstab:  Solving for Uy, Initial residual = 0.004860126815475482, Final residual = 0.0008631617610727752, No Iterations 2, Solve time = 176.825 ms
Schwarz(Jacobi)+Bicgstab:  Solving for Uz, Initial residual = 0.00126265760436235, Final residual = 6.867351485604584e-05, No Iterations 2, Solve time = 176.825 ms
[mem] after-UEqn: DEVICE_POOL current=19126 MB  actual(reserved)=38146 MB  highWater=24414 MB
config(Cg+Multigrid):  Solving for p, Initial residual = 0.0012550867806795693, Final residual = 1.252478271402195e-05, No Iterations 16, Solve time = 1873.15 ms
time step continuity errors : sum local = 3.1311209958047258e-06, global = -8.957775086529485e-09, cumulative = -8.10550323775161e-06
[mem] after-pEqn: DEVICE_POOL current=19126 MB  actual(reserved)=38146 MB  highWater=24414 MB
[GinkgoSolver] p-cache: reuse(update_matrix_value) solve=115 rebuildInterval=0
Schwarz(Jacobi)+Bicgstab:  Solving for omega, Initial residual = 1.2864509049908945e-05, Final residual = 8.283800787166841e-07, No Iterations 2, Solve time = 86.03 ms
bounding omega, min: -18636.219356378246 max: 45355982.55640955 average: 6363.73151037131
[GinkgoSolver] p-cache: reuse(update_matrix_value) solve=115 rebuildInterval=0
Schwarz(Jacobi)+Bicgstab:  Solving for k, Initial residual = 0.00024817881485559494, Final residual = 1.3012580774410595e-05, No Iterations 2, Solve time = 72.732 ms
bounding k, min: -0.006577415789029879 max: 849.6166413166142 average: 9.081864620862435
[mem] after-turb: DEVICE_POOL current=19126 MB  actual(reserved)=38146 MB  highWater=24414 MB
ExecutionTime = 683.59 s  ClockTime = 689 s

Time = 1116
[mem] step-start: DEVICE_POOL current=19126 MB  actual(reserved)=38146 MB  highWater=24414 MB
Schwarz(Jacobi)+Bicgstab:  Solving for Ux, Initial residual = 8.034187967333988e-05, Final residual = 3.044209428805867e-06, No Iterations 3, Solve time = 226.008 ms
Schwarz(Jacobi)+Bicgstab:  Solving for Uy, Initial residual = 0.004961028468423242, Final residual = 0.00015810756197627272, No Iterations 3, Solve time = 226.008 ms
Schwarz(Jacobi)+Bicgstab:  Solving for Uz, Initial residual = 0.0012596805252215585, Final residual = 4.7733411857602105e-05, No Iterations 3, Solve time = 226.008 ms
[mem] after-UEqn: DEVICE_POOL current=19126 MB  actual(reserved)=38146 MB  highWater=24414 MB
config(Cg+Multigrid):  Solving for p, Initial residual = 0.0012496259792294686, Final residual = 1.191229047914718e-05, No Iterations 18, Solve time = 2081.037 ms
time step continuity errors : sum local = 2.9764331500772403e-06, global = -1.0878223291692824e-08, cumulative = -8.116381461043303e-06
[mem] after-pEqn: DEVICE_POOL current=19126 MB  actual(reserved)=38146 MB  highWater=24414 MB
[GinkgoSolver] p-cache: reuse(update_matrix_value) solve=116 rebuildInterval=0
Schwarz(Jacobi)+Bicgstab:  Solving for omega, Initial residual = 1.2622148105935267e-05, Final residual = 8.347603593155651e-07, No Iterations 2, Solve time = 85.768 ms
bounding omega, min: -17036.203883198337 max: 45355982.559307374 average: 6363.567692334685
[GinkgoSolver] p-cache: reuse(update_matrix_value) solve=116 rebuildInterval=0
Schwarz(Jacobi)+Bicgstab:  Solving for k, Initial residual = 0.0002484243031934267, Final residual = 7.007819344621365e-06, No Iterations 3, Solve time = 95.268 ms
bounding k, min: -4.7768865487067763e-05 max: 849.2010654700181 average: 9.080134943417976
[mem] after-turb: DEVICE_POOL current=19126 MB  actual(reserved)=38146 MB  highWater=24414 MB
ExecutionTime = 688.89 s  ClockTime = 694 s

Time = 1117
[mem] step-start: DEVICE_POOL current=19126 MB  actual(reserved)=38146 MB  highWater=24414 MB
Schwarz(Jacobi)+Bicgstab:  Solving for Ux, Initial residual = 8.029495229495817e-05, Final residual = 6.258939047968524e-06, No Iterations 3, Solve time = 209.87 ms
Schwarz(Jacobi)+Bicgstab:  Solving for Uy, Initial residual = 0.005014631279580141, Final residual = 0.00015840791176198964, No Iterations 3, Solve time = 209.87 ms
Schwarz(Jacobi)+Bicgstab:  Solving for Uz, Initial residual = 0.0012574957825531492, Final residual = 3.3278871138948204e-05, No Iterations 3, Solve time = 209.87 ms
[mem] after-UEqn: DEVICE_POOL current=19126 MB  actual(reserved)=38146 MB  highWater=24414 MB
config(Cg+Multigrid):  Solving for p, Initial residual = 0.0012383870770939285, Final residual = 1.2333712992543231e-05, No Iterations 14, Solve time = 1657.15 ms
time step continuity errors : sum local = 3.0799203812780984e-06, global = 1.1074919769590196e-08, cumulative = -8.105306541273713e-06
[mem] after-pEqn: DEVICE_POOL current=19126 MB  actual(reserved)=38146 MB  highWater=24414 MB
[GinkgoSolver] p-cache: reuse(update_matrix_value) solve=117 rebuildInterval=0
Schwarz(Jacobi)+Bicgstab:  Solving for omega, Initial residual = 1.281957097148203e-05, Final residual = 8.273809008536744e-07, No Iterations 2, Solve time = 78.065 ms
bounding omega, min: -15946.018490783792 max: 45355982.56545175 average: 6362.999800766776
[GinkgoSolver] p-cache: reuse(update_matrix_value) solve=117 rebuildInterval=0
Schwarz(Jacobi)+Bicgstab:  Solving for k, Initial residual = 0.00024733849644380354, Final residual = 8.542726717840031e-06, No Iterations 2, Solve time = 73.455 ms
bounding k, min: -0.004447099685545582 max: 849.0046449232766 average: 9.078162244573624
[mem] after-turb: DEVICE_POOL current=19126 MB  actual(reserved)=38146 MB  highWater=24414 MB
ExecutionTime = 693.73 s  ClockTime = 699 s

Time = 1118
[mem] step-start: DEVICE_POOL current=19126 MB  actual(reserved)=38146 MB  highWater=24414 MB
Schwarz(Jacobi)+Bicgstab:  Solving for Ux, Initial residual = 8.00573421733465e-05, Final residual = 2.3222767569810392e-06, No Iterations 3, Solve time = 217.426 ms
Schwarz(Jacobi)+Bicgstab:  Solving for Uy, Initial residual = 0.005058656450365228, Final residual = 0.00016092214779719655, No Iterations 3, Solve time = 217.426 ms
Schwarz(Jacobi)+Bicgstab:  Solving for Uz, Initial residual = 0.001256546187708876, Final residual = 3.30228662001458e-05, No Iterations 3, Solve time = 217.426 ms
[mem] after-UEqn: DEVICE_POOL current=19126 MB  actual(reserved)=38146 MB  highWater=24414 MB
config(Cg+Multigrid):  Solving for p, Initial residual = 0.0012322130839507812, Final residual = 1.1412032813518748e-05, No Iterations 19, Solve time = 2178.993 ms
time step continuity errors : sum local = 2.8492367190680676e-06, global = 4.045623742341677e-09, cumulative = -8.101260917531371e-06
[mem] after-pEqn: DEVICE_POOL current=19126 MB  actual(reserved)=38146 MB  highWater=24414 MB
[GinkgoSolver] p-cache: reuse(update_matrix_value) solve=118 rebuildInterval=0
Schwarz(Jacobi)+Bicgstab:  Solving for omega, Initial residual = 1.2637530264776271e-05, Final residual = 8.340998655194349e-07, No Iterations 2, Solve time = 85.702 ms
bounding omega, min: -277690.6267451534 max: 45355982.57660395 average: 6362.543047720658
[GinkgoSolver] p-cache: reuse(update_matrix_value) solve=118 rebuildInterval=0
Schwarz(Jacobi)+Bicgstab:  Solving for k, Initial residual = 0.00024782189203677155, Final residual = 7.0717870732193136e-06, No Iterations 3, Solve time = 96.148 ms
bounding k, min: -1.7982061451436203e-05 max: 849.0666149068959 average: 9.07626077500538
[mem] after-turb: DEVICE_POOL current=19126 MB  actual(reserved)=38146 MB  highWater=24414 MB
ExecutionTime = 699.12 s  ClockTime = 705 s

Time = 1119
[mem] step-start: DEVICE_POOL current=19126 MB  actual(reserved)=38146 MB  highWater=24414 MB
Schwarz(Jacobi)+Bicgstab:  Solving for Ux, Initial residual = 8.011923606824486e-05, Final residual = 3.45039874293733e-06, No Iterations 2, Solve time = 181.774 ms
Schwarz(Jacobi)+Bicgstab:  Solving for Uy, Initial residual = 0.005091176282245532, Final residual = 0.0007528632752735015, No Iterations 2, Solve time = 181.774 ms
Schwarz(Jacobi)+Bicgstab:  Solving for Uz, Initial residual = 0.001258725476815596, Final residual = 6.854242896276045e-05, No Iterations 2, Solve time = 181.774 ms
[mem] after-UEqn: DEVICE_POOL current=19126 MB  actual(reserved)=38146 MB  highWater=24414 MB
config(Cg+Multigrid):  Solving for p, Initial residual = 0.0012549191281677266, Final residual = 1.1764737287348178e-05, No Iterations 13, Solve time = 1545.97 ms
time step continuity errors : sum local = 2.936825932274505e-06, global = 3.165600763923433e-08, cumulative = -8.069604909892137e-06
[mem] after-pEqn: DEVICE_POOL current=19126 MB  actual(reserved)=38146 MB  highWater=24414 MB
[GinkgoSolver] p-cache: reuse(update_matrix_value) solve=119 rebuildInterval=0
Schwarz(Jacobi)+Bicgstab:  Solving for omega, Initial residual = 0.04214265214834593, Final residual = 0.002657911373325741, No Iterations 3, Solve time = 108.939 ms
bounding omega, min: -17112.579634197486 max: 11592315908913.523 average: 762527.8458482032
[GinkgoSolver] p-cache: reuse(update_matrix_value) solve=119 rebuildInterval=0
Schwarz(Jacobi)+Bicgstab:  Solving for k, Initial residual = 0.0019082475290328747, Final residual = 3.28870670326889e-05, No Iterations 1, Solve time = 50.23 ms
bounding k, min: -0.4599333592795396 max: 849.3056215815378 average: 9.073947729089616
[mem] after-turb: DEVICE_POOL current=19126 MB  actual(reserved)=38146 MB  highWater=24414 MB
ExecutionTime = 703.8 s  ClockTime = 709 s

Time = 1120
[mem] step-start: DEVICE_POOL current=19126 MB  actual(reserved)=38146 MB  highWater=24414 MB
Schwarz(Jacobi)+Bicgstab:  Solving for Ux, Initial residual = 8.043469067093975e-05, Final residual = 3.0636838330664604e-06, No Iterations 3, Solve time = 230.784 ms
Schwarz(Jacobi)+Bicgstab:  Solving for Uy, Initial residual = 0.0050770453548728035, Final residual = 0.0001942348481606262, No Iterations 3, Solve time = 230.784 ms
Schwarz(Jacobi)+Bicgstab:  Solving for Uz, Initial residual = 0.0012697356609391393, Final residual = 6.410668353698668e-05, No Iterations 3, Solve time = 230.784 ms
[mem] after-UEqn: DEVICE_POOL current=19126 MB  actual(reserved)=38146 MB  highWater=24414 MB
config(Cg+Multigrid):  Solving for p, Initial residual = 0.0012465596093054585, Final residual = 1.1990770832842201e-05, No Iterations 14, Solve time = 1619.026 ms
time step continuity errors : sum local = 1.1320896069591059e-05, global = -8.281826669943586e-06, cumulative = -1.6351431579835725e-05
[mem] after-pEqn: DEVICE_POOL current=19126 MB  actual(reserved)=38146 MB  highWater=24414 MB
[GinkgoSolver] p-cache: reuse(update_matrix_value) solve=120 rebuildInterval=0
Schwarz(Jacobi)+Bicgstab:  Solving for omega, Initial residual = 0.53845212639517, Final residual = 6.1554146154723905e-12, No Iterations 1, Solve time = 62.862 ms
bounding omega, min: -74178030.3996569 max: 3477694773598.247 average: 234101.55362158723
[GinkgoSolver] p-cache: reuse(update_matrix_value) solve=120 rebuildInterval=0
Schwarz(Jacobi)+Bicgstab:  Solving for k, Initial residual = 0.0004028656283690243, Final residual = 3.55125005616136e-05, No Iterations 1, Solve time = 49.659 ms
bounding k, min: -0.3190294804154341 max: 849.7326906534015 average: 9.072058939108203
[mem] after-turb: DEVICE_POOL current=19126 MB  actual(reserved)=38146 MB  highWater=24414 MB
ExecutionTime = 708.6799999999999 s  ClockTime = 715 s

Time = 1121
[mem] step-start: DEVICE_POOL current=19126 MB  actual(reserved)=38146 MB  highWater=24414 MB
Schwarz(Jacobi)+Bicgstab:  Solving for Ux, Initial residual = 8.055611426183845e-05, Final residual = 4.456829850780761e-06, No Iterations 2, Solve time = 174.294 ms
Schwarz(Jacobi)+Bicgstab:  Solving for Uy, Initial residual = 0.0050849757643830346, Final residual = 0.0008718195590050165, No Iterations 2, Solve time = 174.294 ms
Schwarz(Jacobi)+Bicgstab:  Solving for Uz, Initial residual = 0.0012786685757217604, Final residual = 7.615511943141288e-05, No Iterations 2, Solve time = 174.294 ms
[mem] after-UEqn: DEVICE_POOL current=19126 MB  actual(reserved)=38146 MB  highWater=24414 MB
config(Cg+Multigrid):  Solving for p, Initial residual = 0.0012453706108757733, Final residual = 1.1893375478083492e-05, No Iterations 19, Solve time = 2195.998 ms
time step continuity errors : sum local = 2.970298759183613e-06, global = 3.3219023578360626e-08, cumulative = -1.6318212556257363e-05
[mem] after-pEqn: DEVICE_POOL current=19126 MB  actual(reserved)=38146 MB  highWater=24414 MB
[GinkgoSolver] p-cache: reuse(update_matrix_value) solve=121 rebuildInterval=0
Schwarz(Jacobi)+Bicgstab:  Solving for omega, Initial residual = 0.5384290085541358, Final residual = 8.546338565096634e-12, No Iterations 1, Solve time = 63.094 ms
bounding omega, min: -1032532.641310376 max: 1043308433002.8091 average: 74713.97852762819
[GinkgoSolver] p-cache: reuse(update_matrix_value) solve=121 rebuildInterval=0
Schwarz(Jacobi)+Bicgstab:  Solving for k, Initial residual = 0.00026888525744840034, Final residual = 9.743501111205502e-06, No Iterations 2, Solve time = 72.807 ms
bounding k, min: -0.006612675303637072 max: 850.3153310660538 average: 9.071249741992505
[mem] after-turb: DEVICE_POOL current=19126 MB  actual(reserved)=38146 MB  highWater=24414 MB
ExecutionTime = 713.97 s  ClockTime = 720 s

Time = 1122
[mem] step-start: DEVICE_POOL current=19126 MB  actual(reserved)=38146 MB  highWater=24414 MB
Schwarz(Jacobi)+Bicgstab:  Solving for Ux, Initial residual = 8.058711584240797e-05, Final residual = 3.2644726140564185e-06, No Iterations 3, Solve time = 219.789 ms
Schwarz(Jacobi)+Bicgstab:  Solving for Uy, Initial residual = 0.005167172760475542, Final residual = 0.00016553755711682497, No Iterations 3, Solve time = 219.789 ms
Schwarz(Jacobi)+Bicgstab:  Solving for Uz, Initial residual = 0.0012818791207493622, Final residual = 6.334841938749936e-05, No Iterations 3, Solve time = 219.789 ms
[mem] after-UEqn: DEVICE_POOL current=19126 MB  actual(reserved)=38146 MB  highWater=24414 MB
config(Cg+Multigrid):  Solving for p, Initial residual = 0.001244517461945327, Final residual = 1.1835353797364123e-05, No Iterations 13, Solve time = 1539.06 ms
time step continuity errors : sum local = 2.9582234731722994e-06, global = 7.0246136050717e-08, cumulative = -1.6247966420206646e-05
[mem] after-pEqn: DEVICE_POOL current=19126 MB  actual(reserved)=38146 MB  highWater=24414 MB
[GinkgoSolver] p-cache: reuse(update_matrix_value) solve=122 rebuildInterval=0
Schwarz(Jacobi)+Bicgstab:  Solving for omega, Initial residual = 0.5383458243455176, Final residual = 9.495832583677716e-11, No Iterations 1, Solve time = 63.007 ms
bounding omega, min: -306653.89972835465 max: 312992530814.9994 average: 26871.23807007343
[GinkgoSolver] p-cache: reuse(update_matrix_value) solve=122 rebuildInterval=0
Schwarz(Jacobi)+Bicgstab:  Solving for k, Initial residual = 0.0002577742399095633, Final residual = 1.3879083022213411e-05, No Iterations 2, Solve time = 72.281 ms
bounding k, min: -0.0018875380156554433 max: 850.9926566762659 average: 9.070102017692056
[mem] after-turb: DEVICE_POOL current=19126 MB  actual(reserved)=38146 MB  highWater=24414 MB
ExecutionTime = 718.61 s  ClockTime = 725 s

Time = 1123
[mem] step-start: DEVICE_POOL current=19126 MB  actual(reserved)=38146 MB  highWater=24414 MB
Schwarz(Jacobi)+Bicgstab:  Solving for Ux, Initial residual = 8.062458530235409e-05, Final residual = 1.914086901834137e-06, No Iterations 4, Solve time = 276.142 ms
Schwarz(Jacobi)+Bicgstab:  Solving for Uy, Initial residual = 0.005204357719960702, Final residual = 0.0003604552554857285, No Iterations 4, Solve time = 276.142 ms
Schwarz(Jacobi)+Bicgstab:  Solving for Uz, Initial residual = 0.0012845152674700088, Final residual = 9.300326101110706e-05, No Iterations 4, Solve time = 276.142 ms
[mem] after-UEqn: DEVICE_POOL current=19126 MB  actual(reserved)=38146 MB  highWater=24414 MB
config(Cg+Multigrid):  Solving for p, Initial residual = 0.0012367655891143605, Final residual = 1.2020996564685264e-05, No Iterations 14, Solve time = 1644.336 ms
time step continuity errors : sum local = 3.0057639058317765e-06, global = 7.865121553630728e-08, cumulative = -1.616931520467034e-05
[mem] after-pEqn: DEVICE_POOL current=19126 MB  actual(reserved)=38146 MB  highWater=24414 MB
[GinkgoSolver] p-cache: reuse(update_matrix_value) solve=123 rebuildInterval=0
Schwarz(Jacobi)+Bicgstab:  Solving for omega, Initial residual = 0.5379993558561253, Final residual = 1.0501267783690785e-09, No Iterations 1, Solve time = 58.299 ms
bounding omega, min: -14204.39806369453 max: 93897760147.6448 average: 12513.950008787615
[GinkgoSolver] p-cache: reuse(update_matrix_value) solve=123 rebuildInterval=0
Schwarz(Jacobi)+Bicgstab:  Solving for k, Initial residual = 0.00025750136047550615, Final residual = 1.429262314298502e-05, No Iterations 2, Solve time = 75.339 ms
bounding k, min: -0.00023398138686802242 max: 851.7682173266344 average: 9.068867737012042
[mem] after-turb: DEVICE_POOL current=19126 MB  actual(reserved)=38146 MB  highWater=24414 MB
ExecutionTime = 723.4299999999999 s  ClockTime = 729 s

Time = 1124
[mem] step-start: DEVICE_POOL current=19126 MB  actual(reserved)=38146 MB  highWater=24414 MB
Schwarz(Jacobi)+Bicgstab:  Solving for Ux, Initial residual = 8.047682465296625e-05, Final residual = 1.8956298363408413e-06, No Iterations 3, Solve time = 236.459 ms
Schwarz(Jacobi)+Bicgstab:  Solving for Uy, Initial residual = 0.005248312149521313, Final residual = 0.0001776568054183944, No Iterations 3, Solve time = 236.459 ms
Schwarz(Jacobi)+Bicgstab:  Solving for Uz, Initial residual = 0.0012889760353480546, Final residual = 4.739666958420243e-05, No Iterations 3, Solve time = 236.459 ms
[mem] after-UEqn: DEVICE_POOL current=19126 MB  actual(reserved)=38146 MB  highWater=24414 MB
config(Cg+Multigrid):  Solving for p, Initial residual = 0.0012384954423815542, Final residual = 1.2358271126167818e-05, No Iterations 15, Solve time = 1760.926 ms
time step continuity errors : sum local = 3.0919154405899763e-06, global = 8.538046993829975e-08, cumulative = -1.608393473473204e-05
[mem] after-pEqn: DEVICE_POOL current=19126 MB  actual(reserved)=38146 MB  highWater=24414 MB
[GinkgoSolver] p-cache: reuse(update_matrix_value) solve=124 rebuildInterval=0
Schwarz(Jacobi)+Bicgstab:  Solving for omega, Initial residual = 0.5360811228809357, Final residual = 1.202951023940266e-08, No Iterations 1, Solve time = 53.514 ms
bounding omega, min: -12893.901236916428 max: 28169328942.845985 average: 8206.345988512312
[GinkgoSolver] p-cache: reuse(update_matrix_value) solve=124 rebuildInterval=0
Schwarz(Jacobi)+Bicgstab:  Solving for k, Initial residual = 0.0002583745997207051, Final residual = 6.137909823053767e-06, No Iterations 3, Solve time = 95.088 ms
bounding k, min: -1.0308564024581336e-05 max: 852.6882964718321 average: 9.067937641726225
[mem] after-turb: DEVICE_POOL current=19126 MB  actual(reserved)=38146 MB  highWater=24414 MB
ExecutionTime = 728.36 s  ClockTime = 734 s

Time = 1125
[mem] step-start: DEVICE_POOL current=19126 MB  actual(reserved)=38146 MB  highWater=24414 MB
Schwarz(Jacobi)+Bicgstab:  Solving for Ux, Initial residual = 8.05785001728916e-05, Final residual = 2.0975590284101457e-06, No Iterations 3, Solve time = 224.624 ms
Schwarz(Jacobi)+Bicgstab:  Solving for Uy, Initial residual = 0.005276887042394139, Final residual = 0.00017161088344329467, No Iterations 3, Solve time = 224.624 ms
Schwarz(Jacobi)+Bicgstab:  Solving for Uz, Initial residual = 0.0012906739659947965, Final residual = 0.0002273518231675526, No Iterations 3, Solve time = 224.624 ms
[mem] after-UEqn: DEVICE_POOL current=19126 MB  actual(reserved)=38146 MB  highWater=24414 MB
config(Cg+Multigrid):  Solving for p, Initial residual = 0.0012523450609780316, Final residual = 1.2291494615133742e-05, No Iterations 14, Solve time = 1657.03 ms
time step continuity errors : sum local = 3.077873761134844e-06, global = 9.647629457482622e-08, cumulative = -1.5987458440157213e-05
[mem] after-pEqn: DEVICE_POOL current=19126 MB  actual(reserved)=38146 MB  highWater=24414 MB
[GinkgoSolver] p-cache: reuse(update_matrix_value) solve=125 rebuildInterval=0
Schwarz(Jacobi)+Bicgstab:  Solving for omega, Initial residual = 0.5216047793424669, Final residual = 1.3414810461221474e-07, No Iterations 1, Solve time = 55.699 ms
bounding omega, min: -13286.053997059777 max: 8450799584.8870735 average: 6913.85827975557
[GinkgoSolver] p-cache: reuse(update_matrix_value) solve=125 rebuildInterval=0
Schwarz(Jacobi)+Bicgstab:  Solving for k, Initial residual = 0.0002586061390592651, Final residual = 1.088118136678008e-05, No Iterations 2, Solve time = 72.784 ms
bounding k, min: -0.0002378613736362843 max: 853.6489079072041 average: 9.067187445350138
[mem] after-turb: DEVICE_POOL current=19126 MB  actual(reserved)=38146 MB  highWater=24414 MB
ExecutionTime = 733.16 s  ClockTime = 739 s

Time = 1126
[mem] step-start: DEVICE_POOL current=19126 MB  actual(reserved)=38146 MB  highWater=24414 MB
Schwarz(Jacobi)+Bicgstab:  Solving for Ux, Initial residual = 8.07127437275776e-05, Final residual = 2.0368980061310268e-06, No Iterations 4, Solve time = 281.535 ms
Schwarz(Jacobi)+Bicgstab:  Solving for Uy, Initial residual = 0.005300171481687357, Final residual = 9.61003076030434e-05, No Iterations 4, Solve time = 281.535 ms
Schwarz(Jacobi)+Bicgstab:  Solving for Uz, Initial residual = 0.001310220743878776, Final residual = 2.621634446455856e-05, No Iterations 4, Solve time = 281.535 ms
[mem] after-UEqn: DEVICE_POOL current=19126 MB  actual(reserved)=38146 MB  highWater=24414 MB
config(Cg+Multigrid):  Solving for p, Initial residual = 0.0012472396642751063, Final residual = 1.2078260406630982e-05, No Iterations 17, Solve time = 1976.805 ms
time step continuity errors : sum local = 1.0151449748435766e-05, global = -7.044866007184239e-06, cumulative = -2.3032324447341452e-05
[mem] after-pEqn: DEVICE_POOL current=19126 MB  actual(reserved)=38146 MB  highWater=24414 MB
[GinkgoSolver] p-cache: reuse(update_matrix_value) solve=126 rebuildInterval=0
Schwarz(Jacobi)+Bicgstab:  Solving for omega, Initial residual = 0.4134587207026677, Final residual = 1.2068312765098359e-06, No Iterations 1, Solve time = 63.105 ms
bounding omega, min: -223442.43296787515 max: 2535240815.9362736 average: 6525.903025675936
[GinkgoSolver] p-cache: reuse(update_matrix_value) solve=126 rebuildInterval=0
Schwarz(Jacobi)+Bicgstab:  Solving for k, Initial residual = 0.0002591771106309978, Final residual = 1.1856988727460317e-05, No Iterations 2, Solve time = 72.062 ms
bounding k, min: -7.296024296684403e-07 max: 854.7235541441117 average: 9.066096340823986
[mem] after-turb: DEVICE_POOL current=19126 MB  actual(reserved)=38146 MB  highWater=24414 MB
ExecutionTime = 738.37 s  ClockTime = 745 s

Time = 1127
[mem] step-start: DEVICE_POOL current=19126 MB  actual(reserved)=38146 MB  highWater=24414 MB
Schwarz(Jacobi)+Bicgstab:  Solving for Ux, Initial residual = 8.06394064818302e-05, Final residual = 7.417398298766185e-06, No Iterations 3, Solve time = 229.315 ms
Schwarz(Jacobi)+Bicgstab:  Solving for Uy, Initial residual = 0.005311020764228921, Final residual = 0.000170261506463286, No Iterations 3, Solve time = 229.315 ms
Schwarz(Jacobi)+Bicgstab:  Solving for Uz, Initial residual = 0.0013084836931855207, Final residual = 4.256508430588927e-05, No Iterations 3, Solve time = 229.315 ms
[mem] after-UEqn: DEVICE_POOL current=19126 MB  actual(reserved)=38146 MB  highWater=24414 MB
config(Cg+Multigrid):  Solving for p, Initial residual = 0.0012663336336332669, Final residual = 1.2591567652351923e-05, No Iterations 13, Solve time = 1538.896 ms
time step continuity errors : sum local = 3.161072201485939e-06, global = 1.0700658920061765e-07, cumulative = -2.2925317858140834e-05
[mem] after-pEqn: DEVICE_POOL current=19126 MB  actual(reserved)=38146 MB  highWater=24414 MB
[GinkgoSolver] p-cache: reuse(update_matrix_value) solve=127 rebuildInterval=0
Schwarz(Jacobi)+Bicgstab:  Solving for omega, Initial residual = 0.1291348713439137, Final residual = 4.291205365644377e-06, No Iterations 1, Solve time = 63.043 ms
bounding omega, min: -14287.366471336383 max: 760573246.3779075 average: 6409.398281293405
[GinkgoSolver] p-cache: reuse(update_matrix_value) solve=127 rebuildInterval=0
Schwarz(Jacobi)+Bicgstab:  Solving for k, Initial residual = 0.00026048081991649337, Final residual = 1.2751130265707379e-05, No Iterations 2, Solve time = 74.301 ms
bounding k, min: -0.0002530632563287232 max: 855.8296555890292 average: 9.06546367703521
[mem] after-turb: DEVICE_POOL current=19126 MB  actual(reserved)=38146 MB  highWater=24414 MB
ExecutionTime = 743.04 s  ClockTime = 749 s

Time = 1128
[mem] step-start: DEVICE_POOL current=19126 MB  actual(reserved)=38146 MB  highWater=24414 MB
Schwarz(Jacobi)+Bicgstab:  Solving for Ux, Initial residual = 8.111060084811448e-05, Final residual = 8.091710439836759e-06, No Iterations 2, Solve time = 168.705 ms
Schwarz(Jacobi)+Bicgstab:  Solving for Uy, Initial residual = 0.005333664466367909, Final residual = 0.00033591583592650575, No Iterations 2, Solve time = 168.705 ms
Schwarz(Jacobi)+Bicgstab:  Solving for Uz, Initial residual = 0.0013098858795480063, Final residual = 8.21118683104185e-05, No Iterations 2, Solve time = 168.705 ms
[mem] after-UEqn: DEVICE_POOL current=19126 MB  actual(reserved)=38146 MB  highWater=24414 MB
config(Cg+Multigrid):  Solving for p, Initial residual = 0.0012871618026894316, Final residual = 1.280786634616701e-05, No Iterations 16, Solve time = 1872.523 ms
time step continuity errors : sum local = 3.2181434262952053e-06, global = 8.87964078022235e-08, cumulative = -2.283652145033861e-05
[mem] after-pEqn: DEVICE_POOL current=19126 MB  actual(reserved)=38146 MB  highWater=24414 MB
[GinkgoSolver] p-cache: reuse(update_matrix_value) solve=128 rebuildInterval=0
Schwarz(Jacobi)+Bicgstab:  Solving for omega, Initial residual = 0.01514508243140197, Final residual = 5.707011075606027e-06, No Iterations 1, Solve time = 63.001 ms
bounding omega, min: -12752.845888388476 max: 228173071.1654402 average: 6374.369832765058
[GinkgoSolver] p-cache: reuse(update_matrix_value) solve=128 rebuildInterval=0
Schwarz(Jacobi)+Bicgstab:  Solving for k, Initial residual = 0.00026181688064646884, Final residual = 1.2472981284224721e-05, No Iterations 2, Solve time = 72.421 ms
bounding k, min: -0.00102757391659139 max: 856.988532562255 average: 9.065049594433747
[mem] after-turb: DEVICE_POOL current=19126 MB  actual(reserved)=38146 MB  highWater=24414 MB
ExecutionTime = 747.99 s  ClockTime = 754 s

Time = 1129
[mem] step-start: DEVICE_POOL current=19126 MB  actual(reserved)=38146 MB  highWater=24414 MB
Schwarz(Jacobi)+Bicgstab:  Solving for Ux, Initial residual = 8.158614881833737e-05, Final residual = 6.823889049484525e-06, No Iterations 2, Solve time = 166.376 ms
Schwarz(Jacobi)+Bicgstab:  Solving for Uy, Initial residual = 0.005342232083579102, Final residual = 0.0007117179432070058, No Iterations 2, Solve time = 166.376 ms
Schwarz(Jacobi)+Bicgstab:  Solving for Uz, Initial residual = 0.0013161270442873941, Final residual = 6.805938811106983e-05, No Iterations 2, Solve time = 166.376 ms
[mem] after-UEqn: DEVICE_POOL current=19126 MB  actual(reserved)=38146 MB  highWater=24414 MB
config(Cg+Multigrid):  Solving for p, Initial residual = 0.0012803331889246936, Final residual = 1.2663234386152731e-05, No Iterations 16, Solve time = 1865.406 ms
time step continuity errors : sum local = 3.186726104106873e-06, global = 8.229833054903501e-08, cumulative = -2.2754223119789574e-05
[mem] after-pEqn: DEVICE_POOL current=19126 MB  actual(reserved)=38146 MB  highWater=24414 MB
[GinkgoSolver] p-cache: reuse(update_matrix_value) solve=129 rebuildInterval=0
Schwarz(Jacobi)+Bicgstab:  Solving for omega, Initial residual = 0.001421876179687369, Final residual = 5.989843669029424e-06, No Iterations 1, Solve time = 63.728 ms
bounding omega, min: -13039.976277472935 max: 68453151.19027016 average: 6363.881688308495
[GinkgoSolver] p-cache: reuse(update_matrix_value) solve=129 rebuildInterval=0
Schwarz(Jacobi)+Bicgstab:  Solving for k, Initial residual = 0.00026281902585313524, Final residual = 1.2974604375808055e-05, No Iterations 2, Solve time = 72.893 ms
bounding k, min: -0.001981749287315135 max: 858.2403611935438 average: 9.064885726406057
[mem] after-turb: DEVICE_POOL current=19126 MB  actual(reserved)=38146 MB  highWater=24414 MB
ExecutionTime = 752.9400000000001 s  ClockTime = 759 s

Time = 1130
[mem] step-start: DEVICE_POOL current=19126 MB  actual(reserved)=38146 MB  highWater=24414 MB
Schwarz(Jacobi)+Bicgstab:  Solving for Ux, Initial residual = 8.178983302235663e-05, Final residual = 3.497855461642115e-06, No Iterations 3, Solve time = 231.319 ms
Schwarz(Jacobi)+Bicgstab:  Solving for Uy, Initial residual = 0.005412819154873275, Final residual = 0.0001694680278018831, No Iterations 3, Solve time = 231.319 ms
Schwarz(Jacobi)+Bicgstab:  Solving for Uz, Initial residual = 0.0013169061592685396, Final residual = 4.929501973219523e-05, No Iterations 3, Solve time = 231.319 ms
[mem] after-UEqn: DEVICE_POOL current=19126 MB  actual(reserved)=38146 MB  highWater=24414 MB
config(Cg+Multigrid):  Solving for p, Initial residual = 0.0012671600849832843, Final residual = 1.1940921873833265e-05, No Iterations 18, Solve time = 2098.018 ms
time step continuity errors : sum local = 3.00912248147505e-06, global = 5.966408567802497e-08, cumulative = -2.269455903411155e-05
[mem] after-pEqn: DEVICE_POOL current=19126 MB  actual(reserved)=38146 MB  highWater=24414 MB
[GinkgoSolver] p-cache: reuse(update_matrix_value) solve=130 rebuildInterval=0
Schwarz(Jacobi)+Bicgstab:  Solving for omega, Initial residual = 0.00014392164724052719, Final residual = 6.0564051595662906e-06, No Iterations 1, Solve time = 63.436 ms
bounding omega, min: -390789.91803948866 max: 45355982.756090306 average: 6360.7496770569105
[GinkgoSolver] p-cache: reuse(update_matrix_value) solve=130 rebuildInterval=0
Schwarz(Jacobi)+Bicgstab:  Solving for k, Initial residual = 0.00026364682182311567, Final residual = 1.2743155473542284e-05, No Iterations 2, Solve time = 76.198 ms
bounding k, min: -0.002086666996622265 max: 859.5329296831355 average: 9.064562186418163
[mem] after-turb: DEVICE_POOL current=19126 MB  actual(reserved)=38146 MB  highWater=24414 MB
ExecutionTime = 758.22 s  ClockTime = 765 s

Time = 1131
[mem] step-start: DEVICE_POOL current=19126 MB  actual(reserved)=38146 MB  highWater=24414 MB
Schwarz(Jacobi)+Bicgstab:  Solving for Ux, Initial residual = 8.17695252308026e-05, Final residual = 3.5817428560701872e-06, No Iterations 2, Solve time = 173.974 ms
Schwarz(Jacobi)+Bicgstab:  Solving for Uy, Initial residual = 0.005444206851601671, Final residual = 0.0009773441371771269, No Iterations 2, Solve time = 173.974 ms
Schwarz(Jacobi)+Bicgstab:  Solving for Uz, Initial residual = 0.0013172498676211996, Final residual = 0.00013693303773616434, No Iterations 2, Solve time = 173.974 ms
[mem] after-UEqn: DEVICE_POOL current=19126 MB  actual(reserved)=38146 MB  highWater=24414 MB
config(Cg+Multigrid):  Solving for p, Initial residual = 0.001295661045660078, Final residual = 1.2741430599763003e-05, No Iterations 14, Solve time = 1649.111 ms
time step continuity errors : sum local = 3.216428957238902e-06, global = 6.462133741440295e-08, cumulative = -2.2629937696697148e-05
[mem] after-pEqn: DEVICE_POOL current=19126 MB  actual(reserved)=38146 MB  highWater=24414 MB
[GinkgoSolver] p-cache: reuse(update_matrix_value) solve=131 rebuildInterval=0
Schwarz(Jacobi)+Bicgstab:  Solving for omega, Initial residual = 2.8472600195613066e-05, Final residual = 1.1742956002999605e-06, No Iterations 2, Solve time = 85.776 ms
bounding omega, min: -15197.490369867188 max: 45355982.76224409 average: 6360.013771354084
[GinkgoSolver] p-cache: reuse(update_matrix_value) solve=131 rebuildInterval=0
Schwarz(Jacobi)+Bicgstab:  Solving for k, Initial residual = 0.00026273881733055555, Final residual = 1.3071188506441438e-05, No Iterations 2, Solve time = 72.685 ms
bounding k, min: -0.0026268701460139543 max: 860.8458570635089 average: 9.064155147019878
[mem] after-turb: DEVICE_POOL current=19126 MB  actual(reserved)=38146 MB  highWater=24414 MB
ExecutionTime = 763.03 s  ClockTime = 769 s

Time = 1132
[mem] step-start: DEVICE_POOL current=19126 MB  actual(reserved)=38146 MB  highWater=24414 MB
Schwarz(Jacobi)+Bicgstab:  Solving for Ux, Initial residual = 8.17912906616132e-05, Final residual = 1.8291515186453208e-06, No Iterations 4, Solve time = 273.284 ms
Schwarz(Jacobi)+Bicgstab:  Solving for Uy, Initial residual = 0.005553193511512409, Final residual = 5.567540788277686e-05, No Iterations 4, Solve time = 273.284 ms
Schwarz(Jacobi)+Bicgstab:  Solving for Uz, Initial residual = 0.0013144127291477958, Final residual = 2.9791037472975545e-05, No Iterations 4, Solve time = 273.284 ms
[mem] after-UEqn: DEVICE_POOL current=19126 MB  actual(reserved)=38146 MB  highWater=24414 MB
config(Cg+Multigrid):  Solving for p, Initial residual = 0.0012651086449967702, Final residual = 1.2086392361965928e-05, No Iterations 19, Solve time = 2189.16 ms
time step continuity errors : sum local = 3.053003480686745e-06, global = 2.66873677811279e-08, cumulative = -2.260325032891602e-05
[mem] after-pEqn: DEVICE_POOL current=19126 MB  actual(reserved)=38146 MB  highWater=24414 MB
[GinkgoSolver] p-cache: reuse(update_matrix_value) solve=132 rebuildInterval=0
Schwarz(Jacobi)+Bicgstab:  Solving for omega, Initial residual = 1.7029834314620902e-05, Final residual = 1.0815160205156953e-06, No Iterations 2, Solve time = 86.055 ms
bounding omega, min: -13399.800223401598 max: 45355982.773388356 average: 6359.80812319993
[GinkgoSolver] p-cache: reuse(update_matrix_value) solve=132 rebuildInterval=0
Schwarz(Jacobi)+Bicgstab:  Solving for k, Initial residual = 0.00026172383250374227, Final residual = 1.3385095227599013e-05, No Iterations 2, Solve time = 73.083 ms
bounding k, min: -0.0018577064175229023 max: 862.1178675749209 average: 9.06359564193074
[mem] after-turb: DEVICE_POOL current=19126 MB  actual(reserved)=38146 MB  highWater=24414 MB
ExecutionTime = 768.47 s  ClockTime = 775 s

Time = 1133
[mem] step-start: DEVICE_POOL current=19126 MB  actual(reserved)=38146 MB  highWater=24414 MB
Schwarz(Jacobi)+Bicgstab:  Solving for Ux, Initial residual = 8.179050115645133e-05, Final residual = 3.493551131026096e-06, No Iterations 2, Solve time = 164.949 ms
Schwarz(Jacobi)+Bicgstab:  Solving for Uy, Initial residual = 0.005565580381892048, Final residual = 0.0007892487690340886, No Iterations 2, Solve time = 164.949 ms
Schwarz(Jacobi)+Bicgstab:  Solving for Uz, Initial residual = 0.0013123501171072138, Final residual = 0.00012698062495305413, No Iterations 2, Solve time = 164.949 ms
[mem] after-UEqn: DEVICE_POOL current=19126 MB  actual(reserved)=38146 MB  highWater=24414 MB
config(Cg+Multigrid):  Solving for p, Initial residual = 0.0012597115804350982, Final residual = 1.2255864153623698e-05, No Iterations 13, Solve time = 1538.221 ms
time step continuity errors : sum local = 3.0996459816806123e-06, global = 3.080931884953708e-08, cumulative = -2.257244101006648e-05
[mem] after-pEqn: DEVICE_POOL current=19126 MB  actual(reserved)=38146 MB  highWater=24414 MB
[GinkgoSolver] p-cache: reuse(update_matrix_value) solve=133 rebuildInterval=0
Schwarz(Jacobi)+Bicgstab:  Solving for omega, Initial residual = 1.5419597833653292e-05, Final residual = 8.397084416874074e-07, No Iterations 2, Solve time = 86.229 ms
bounding omega, min: -12715.95065624879 max: 45355982.79018776 average: 6359.800381361229
[GinkgoSolver] p-cache: reuse(update_matrix_value) solve=133 rebuildInterval=0
Schwarz(Jacobi)+Bicgstab:  Solving for k, Initial residual = 0.00026085378478156484, Final residual = 1.3398872006131438e-05, No Iterations 2, Solve time = 72.913 ms
bounding k, min: -0.0037260507968909715 max: 863.3447841158082 average: 9.06321071735718
[mem] after-turb: DEVICE_POOL current=19126 MB  actual(reserved)=38146 MB  highWater=24414 MB
ExecutionTime = 773.14 s  ClockTime = 780 s

Time = 1134
[mem] step-start: DEVICE_POOL current=19126 MB  actual(reserved)=38146 MB  highWater=24414 MB
Schwarz(Jacobi)+Bicgstab:  Solving for Ux, Initial residual = 8.173863091444166e-05, Final residual = 5.005248063965924e-07, No Iterations 5, Solve time = 333.565 ms
Schwarz(Jacobi)+Bicgstab:  Solving for Uy, Initial residual = 0.005633259646044999, Final residual = 4.0842999030615714e-05, No Iterations 5, Solve time = 333.565 ms
Schwarz(Jacobi)+Bicgstab:  Solving for Uz, Initial residual = 0.001320137007754218, Final residual = 1.0856746691580805e-05, No Iterations 5, Solve time = 333.565 ms
[mem] after-UEqn: DEVICE_POOL current=19126 MB  actual(reserved)=38146 MB  highWater=24414 MB
config(Cg+Multigrid):  Solving for p, Initial residual = 0.0012527676575319951, Final residual = 1.2414930527657956e-05, No Iterations 19, Solve time = 2190.261 ms
time step continuity errors : sum local = 3.1407982266935406e-06, global = -9.940694060517829e-10, cumulative = -2.2573435079472533e-05
[mem] after-pEqn: DEVICE_POOL current=19126 MB  actual(reserved)=38146 MB  highWater=24414 MB
[GinkgoSolver] p-cache: reuse(update_matrix_value) solve=134 rebuildInterval=0
Schwarz(Jacobi)+Bicgstab:  Solving for omega, Initial residual = 1.4744013281481632e-05, Final residual = 9.272762038606785e-07, No Iterations 2, Solve time = 86.178 ms
bounding omega, min: -281686.4997626643 max: 45355982.80971068 average: 6359.7233715423845
[GinkgoSolver] p-cache: reuse(update_matrix_value) solve=134 rebuildInterval=0
Schwarz(Jacobi)+Bicgstab:  Solving for k, Initial residual = 0.0002601065799815055, Final residual = 1.3374089455188245e-05, No Iterations 2, Solve time = 77.125 ms
bounding k, min: -0.003331136405548614 max: 864.5460432007279 average: 9.06257131257422
[mem] after-turb: DEVICE_POOL current=19126 MB  actual(reserved)=38146 MB  highWater=24414 MB
ExecutionTime = 778.61 s  ClockTime = 785 s

Time = 1135
[mem] step-start: DEVICE_POOL current=19126 MB  actual(reserved)=38146 MB  highWater=24414 MB
Schwarz(Jacobi)+Bicgstab:  Solving for Ux, Initial residual = 8.166512633452398e-05, Final residual = 3.490945746730894e-06, No Iterations 3, Solve time = 226.732 ms
Schwarz(Jacobi)+Bicgstab:  Solving for Uy, Initial residual = 0.005622322801034419, Final residual = 0.0002052730811841961, No Iterations 3, Solve time = 226.732 ms
Schwarz(Jacobi)+Bicgstab:  Solving for Uz, Initial residual = 0.0013227600735341823, Final residual = 0.00011091979215825974, No Iterations 3, Solve time = 226.732 ms
[mem] after-UEqn: DEVICE_POOL current=19126 MB  actual(reserved)=38146 MB  highWater=24414 MB
config(Cg+Multigrid):  Solving for p, Initial residual = 0.001255450181260672, Final residual = 1.197154113519488e-05, No Iterations 13, Solve time = 1544.708 ms
time step continuity errors : sum local = 3.029782745280075e-06, global = -4.634675354563104e-09, cumulative = -2.2578069754827097e-05
[mem] after-pEqn: DEVICE_POOL current=19126 MB  actual(reserved)=38146 MB  highWater=24414 MB
[GinkgoSolver] p-cache: reuse(update_matrix_value) solve=135 rebuildInterval=0
Schwarz(Jacobi)+Bicgstab:  Solving for omega, Initial residual = 1.4344256717450756e-05, Final residual = 8.971197661339005e-07, No Iterations 2, Solve time = 86.096 ms
bounding omega, min: -15203.608258887101 max: 45355982.82981165 average: 6359.598870417167
[GinkgoSolver] p-cache: reuse(update_matrix_value) solve=135 rebuildInterval=0
Schwarz(Jacobi)+Bicgstab:  Solving for k, Initial residual = 0.00025969862879471047, Final residual = 1.3380465429951738e-05, No Iterations 2, Solve time = 72.726 ms
bounding k, min: -0.0018590868106584182 max: 865.7125530448367 average: 9.061915169331485
[mem] after-turb: DEVICE_POOL current=19126 MB  actual(reserved)=38146 MB  highWater=24414 MB
ExecutionTime = 783.3200000000001 s  ClockTime = 790 s

Time = 1136
[mem] step-start: DEVICE_POOL current=19126 MB  actual(reserved)=38146 MB  highWater=24414 MB
Schwarz(Jacobi)+Bicgstab:  Solving for Ux, Initial residual = 8.168114098029815e-05, Final residual = 3.344584478384389e-06, No Iterations 3, Solve time = 218.451 ms
Schwarz(Jacobi)+Bicgstab:  Solving for Uy, Initial residual = 0.005615563239030177, Final residual = 0.00022814018717899967, No Iterations 3, Solve time = 218.451 ms
Schwarz(Jacobi)+Bicgstab:  Solving for Uz, Initial residual = 0.0013336418553081596, Final residual = 6.583878188661448e-05, No Iterations 3, Solve time = 218.451 ms
[mem] after-UEqn: DEVICE_POOL current=19126 MB  actual(reserved)=38146 MB  highWater=24414 MB
config(Cg+Multigrid):  Solving for p, Initial residual = 0.0012527885021726927, Final residual = 1.2332521608823184e-05, No Iterations 14, Solve time = 1654.54 ms
time step continuity errors : sum local = 3.1214684623564504e-06, global = -1.2712854169232636e-08, cumulative = -2.259078260899633e-05
[mem] after-pEqn: DEVICE_POOL current=19126 MB  actual(reserved)=38146 MB  highWater=24414 MB
[GinkgoSolver] p-cache: reuse(update_matrix_value) solve=136 rebuildInterval=0
Schwarz(Jacobi)+Bicgstab:  Solving for omega, Initial residual = 1.4089712922520582e-05, Final residual = 8.953066951934429e-07, No Iterations 2, Solve time = 78.368 ms
bounding omega, min: -13062.870787748525 max: 45355982.84706046 average: 6359.422144681146
[GinkgoSolver] p-cache: reuse(update_matrix_value) solve=136 rebuildInterval=0
Schwarz(Jacobi)+Bicgstab:  Solving for k, Initial residual = 0.00025949099486101814, Final residual = 1.3509478230666562e-05, No Iterations 2, Solve time = 76.068 ms
bounding k, min: -0.0048975621807474945 max: 866.8412969486722 average: 9.061392611933364
[mem] after-turb: DEVICE_POOL current=19126 MB  actual(reserved)=38146 MB  highWater=24414 MB
ExecutionTime = 788.13 s  ClockTime = 795 s

Time = 1137
[mem] step-start: DEVICE_POOL current=19126 MB  actual(reserved)=38146 MB  highWater=24414 MB
Schwarz(Jacobi)+Bicgstab:  Solving for Ux, Initial residual = 8.178342032854398e-05, Final residual = 4.400035229783919e-06, No Iterations 2, Solve time = 163.588 ms
Schwarz(Jacobi)+Bicgstab:  Solving for Uy, Initial residual = 0.005609422019409985, Final residual = 0.00026763935571924265, No Iterations 2, Solve time = 163.588 ms
Schwarz(Jacobi)+Bicgstab:  Solving for Uz, Initial residual = 0.001338542889389987, Final residual = 7.015846066057459e-05, No Iterations 2, Solve time = 163.588 ms
[mem] after-UEqn: DEVICE_POOL current=19126 MB  actual(reserved)=38146 MB  highWater=24414 MB
config(Cg+Multigrid):  Solving for p, Initial residual = 0.0012569975866661685, Final residual = 1.253777223281668e-05, No Iterations 19, Solve time = 2196.965 ms
time step continuity errors : sum local = 3.17341631346582e-06, global = -1.9724504996308072e-08, cumulative = -2.261050711399264e-05
[mem] after-pEqn: DEVICE_POOL current=19126 MB  actual(reserved)=38146 MB  highWater=24414 MB
[GinkgoSolver] p-cache: reuse(update_matrix_value) solve=137 rebuildInterval=0
Schwarz(Jacobi)+Bicgstab:  Solving for omega, Initial residual = 1.3906184736703442e-05, Final residual = 8.855228666674393e-07, No Iterations 2, Solve time = 85.182 ms
bounding omega, min: -11652.332135269016 max: 45355982.85788859 average: 6359.2271111048
[GinkgoSolver] p-cache: reuse(update_matrix_value) solve=137 rebuildInterval=0
Schwarz(Jacobi)+Bicgstab:  Solving for k, Initial residual = 0.0002594487608442026, Final residual = 1.3729172961716242e-05, No Iterations 2, Solve time = 73.65 ms
bounding k, min: -0.005085903368385679 max: 867.9208552352226 average: 9.060967644176792
[mem] after-turb: DEVICE_POOL current=19126 MB  actual(reserved)=38146 MB  highWater=24414 MB
ExecutionTime = 793.47 s  ClockTime = 800 s

Time = 1138
[mem] step-start: DEVICE_POOL current=19126 MB  actual(reserved)=38146 MB  highWater=24414 MB
Schwarz(Jacobi)+Bicgstab:  Solving for Ux, Initial residual = 8.196193475897114e-05, Final residual = 4.4519471160685215e-06, No Iterations 2, Solve time = 173.016 ms
Schwarz(Jacobi)+Bicgstab:  Solving for Uy, Initial residual = 0.0056019112524788315, Final residual = 0.000844796374455754, No Iterations 2, Solve time = 173.016 ms
Schwarz(Jacobi)+Bicgstab:  Solving for Uz, Initial residual = 0.0013422232965311113, Final residual = 0.00010438001588793367, No Iterations 2, Solve time = 173.016 ms
[mem] after-UEqn: DEVICE_POOL current=19126 MB  actual(reserved)=38146 MB  highWater=24414 MB
config(Cg+Multigrid):  Solving for p, Initial residual = 0.0012528108812258707, Final residual = 1.1895383198346395e-05, No Iterations 13, Solve time = 1542.797 ms
time step continuity errors : sum local = 3.009537006365642e-06, global = -2.138516493373682e-08, cumulative = -2.2631892278926375e-05
[mem] after-pEqn: DEVICE_POOL current=19126 MB  actual(reserved)=38146 MB  highWater=24414 MB
[GinkgoSolver] p-cache: reuse(update_matrix_value) solve=138 rebuildInterval=0
Schwarz(Jacobi)+Bicgstab:  Solving for omega, Initial residual = 1.379810968270579e-05, Final residual = 8.787201059237767e-07, No Iterations 2, Solve time = 86.858 ms
bounding omega, min: -346503.39965899644 max: 45355982.85966515 average: 6359.109909892949
[GinkgoSolver] p-cache: reuse(update_matrix_value) solve=138 rebuildInterval=0
Schwarz(Jacobi)+Bicgstab:  Solving for k, Initial residual = 0.00025941838486995657, Final residual = 1.394357361175172e-05, No Iterations 2, Solve time = 72.946 ms
bounding k, min: -0.003351422298976302 max: 868.912333678525 average: 9.060978654346371
[mem] after-turb: DEVICE_POOL current=19126 MB  actual(reserved)=38146 MB  highWater=24414 MB
ExecutionTime = 798.17 s  ClockTime = 805 s

Time = 1139
[mem] step-start: DEVICE_POOL current=19126 MB  actual(reserved)=38146 MB  highWater=24414 MB
Schwarz(Jacobi)+Bicgstab:  Solving for Ux, Initial residual = 8.207874660487314e-05, Final residual = 5.931813574303712e-06, No Iterations 3, Solve time = 221.849 ms
Schwarz(Jacobi)+Bicgstab:  Solving for Uy, Initial residual = 0.0056582521896667674, Final residual = 0.00018990279332872637, No Iterations 3, Solve time = 221.849 ms
Schwarz(Jacobi)+Bicgstab:  Solving for Uz, Initial residual = 0.001344834504253926, Final residual = 6.749979602846457e-05, No Iterations 3, Solve time = 221.849 ms
[mem] after-UEqn: DEVICE_POOL current=19126 MB  actual(reserved)=38146 MB  highWater=24414 MB
config(Cg+Multigrid):  Solving for p, Initial residual = 0.0012646175081552694, Final residual = 1.2157561534260048e-05, No Iterations 14, Solve time = 1655.246 ms
time step continuity errors : sum local = 3.0753790997226943e-06, global = -2.461295362039519e-08, cumulative = -2.265650523254677e-05
[mem] after-pEqn: DEVICE_POOL current=19126 MB  actual(reserved)=38146 MB  highWater=24414 MB
[GinkgoSolver] p-cache: reuse(update_matrix_value) solve=139 rebuildInterval=0
Schwarz(Jacobi)+Bicgstab:  Solving for omega, Initial residual = 1.3698025877828612e-05, Final residual = 8.662983582950489e-07, No Iterations 2, Solve time = 78.733 ms
bounding omega, min: -14781.945267106705 max: 45355982.85040817 average: 6359.0492392998685
[GinkgoSolver] p-cache: reuse(update_matrix_value) solve=139 rebuildInterval=0
Schwarz(Jacobi)+Bicgstab:  Solving for k, Initial residual = 0.0002595472899722324, Final residual = 1.3944600902034483e-05, No Iterations 2, Solve time = 73.382 ms
bounding k, min: -0.002438257473677874 max: 869.7819791372945 average: 9.06108351172834
[mem] after-turb: DEVICE_POOL current=19126 MB  actual(reserved)=38146 MB  highWater=24414 MB
ExecutionTime = 802.98 s  ClockTime = 810 s

Time = 1140
[mem] step-start: DEVICE_POOL current=19126 MB  actual(reserved)=38146 MB  highWater=24414 MB
Schwarz(Jacobi)+Bicgstab:  Solving for Ux, Initial residual = 8.232594755554998e-05, Final residual = 4.908714876132588e-06, No Iterations 2, Solve time = 165.579 ms
Schwarz(Jacobi)+Bicgstab:  Solving for Uy, Initial residual = 0.005657307709463046, Final residual = 0.0010040576067320845, No Iterations 2, Solve time = 165.579 ms
Schwarz(Jacobi)+Bicgstab:  Solving for Uz, Initial residual = 0.0013440407833615845, Final residual = 7.331569457301396e-05, No Iterations 2, Solve time = 165.579 ms
[mem] after-UEqn: DEVICE_POOL current=19126 MB  actual(reserved)=38146 MB  highWater=24414 MB
config(Cg+Multigrid):  Solving for p, Initial residual = 0.0012738251874615926, Final residual = 1.2392186637979996e-05, No Iterations 19, Solve time = 2197.327 ms
time step continuity errors : sum local = 3.1338868374311107e-06, global = -2.2176262387288465e-08, cumulative = -2.2678681494934058e-05
[mem] after-pEqn: DEVICE_POOL current=19126 MB  actual(reserved)=38146 MB  highWater=24414 MB
[GinkgoSolver] p-cache: reuse(update_matrix_value) solve=140 rebuildInterval=0
Schwarz(Jacobi)+Bicgstab:  Solving for omega, Initial residual = 1.3627612399619087e-05, Final residual = 8.634345406449757e-07, No Iterations 2, Solve time = 76.847 ms
bounding omega, min: -13466.29486028668 max: 45355982.83156285 average: 6359.034477363121
[GinkgoSolver] p-cache: reuse(update_matrix_value) solve=140 rebuildInterval=0
Schwarz(Jacobi)+Bicgstab:  Solving for k, Initial residual = 0.00025960527725600206, Final residual = 1.4171556339968257e-05, No Iterations 2, Solve time = 73.338 ms
bounding k, min: -0.004115649131916907 max: 870.532742959484 average: 9.061564994291235
[mem] after-turb: DEVICE_POOL current=19126 MB  actual(reserved)=38146 MB  highWater=24414 MB
ExecutionTime = 808.33 s  ClockTime = 815 s

Time = 1141
[mem] step-start: DEVICE_POOL current=19126 MB  actual(reserved)=38146 MB  highWater=24414 MB
Schwarz(Jacobi)+Bicgstab:  Solving for Ux, Initial residual = 8.242244504850486e-05, Final residual = 3.7391376469075415e-06, No Iterations 3, Solve time = 222.497 ms
Schwarz(Jacobi)+Bicgstab:  Solving for Uy, Initial residual = 0.005742100743615256, Final residual = 0.00018822652518424833, No Iterations 3, Solve time = 222.497 ms
Schwarz(Jacobi)+Bicgstab:  Solving for Uz, Initial residual = 0.001341751460233244, Final residual = 5.548099472500503e-05, No Iterations 3, Solve time = 222.497 ms
[mem] after-UEqn: DEVICE_POOL current=19126 MB  actual(reserved)=38146 MB  highWater=24414 MB
config(Cg+Multigrid):  Solving for p, Initial residual = 0.0012724933805458353, Final residual = 1.2394715005942578e-05, No Iterations 14, Solve time = 1646.098 ms
time step continuity errors : sum local = 3.132155215340535e-06, global = -1.8125794362962016e-08, cumulative = -2.269680728929702e-05
[mem] after-pEqn: DEVICE_POOL current=19126 MB  actual(reserved)=38146 MB  highWater=24414 MB
[GinkgoSolver] p-cache: reuse(update_matrix_value) solve=141 rebuildInterval=0
Schwarz(Jacobi)+Bicgstab:  Solving for omega, Initial residual = 1.353590617704217e-05, Final residual = 8.584633954469796e-07, No Iterations 2, Solve time = 78.827 ms
bounding omega, min: -14668.107419925227 max: 45355982.80461494 average: 6358.9754080380435
[GinkgoSolver] p-cache: reuse(update_matrix_value) solve=141 rebuildInterval=0
Schwarz(Jacobi)+Bicgstab:  Solving for k, Initial residual = 0.00025958064279286085, Final residual = 1.3801178544451119e-05, No Iterations 2, Solve time = 72.687 ms
bounding k, min: -0.005866855540594934 max: 871.167441523679 average: 9.061976981302502
[mem] after-turb: DEVICE_POOL current=19126 MB  actual(reserved)=38146 MB  highWater=24414 MB
ExecutionTime = 813.1799999999999 s  ClockTime = 820 s

Time = 1142
[mem] step-start: DEVICE_POOL current=19126 MB  actual(reserved)=38146 MB  highWater=24414 MB
Schwarz(Jacobi)+Bicgstab:  Solving for Ux, Initial residual = 8.246361544324116e-05, Final residual = 4.1076475638635e-06, No Iterations 3, Solve time = 227.919 ms
Schwarz(Jacobi)+Bicgstab:  Solving for Uy, Initial residual = 0.00573778152881158, Final residual = 0.0001937844015512239, No Iterations 3, Solve time = 227.919 ms
Schwarz(Jacobi)+Bicgstab:  Solving for Uz, Initial residual = 0.0013399294664984335, Final residual = 0.00032846366592158543, No Iterations 3, Solve time = 227.919 ms
[mem] after-UEqn: DEVICE_POOL current=19126 MB  actual(reserved)=38146 MB  highWater=24414 MB
config(Cg+Multigrid):  Solving for p, Initial residual = 0.0012942480256478393, Final residual = 1.2240774562373302e-05, No Iterations 19, Solve time = 2195.65 ms
time step continuity errors : sum local = 3.0923203889091025e-06, global = -2.2966925563707016e-08, cumulative = -2.2719774214860726e-05
[mem] after-pEqn: DEVICE_POOL current=19126 MB  actual(reserved)=38146 MB  highWater=24414 MB
[GinkgoSolver] p-cache: reuse(update_matrix_value) solve=142 rebuildInterval=0
Schwarz(Jacobi)+Bicgstab:  Solving for omega, Initial residual = 1.3507606943870854e-05, Final residual = 8.641016023901983e-07, No Iterations 2, Solve time = 86.133 ms
bounding omega, min: -347671.43373067677 max: 45355982.773884095 average: 6358.99190934159
[GinkgoSolver] p-cache: reuse(update_matrix_value) solve=142 rebuildInterval=0
Schwarz(Jacobi)+Bicgstab:  Solving for k, Initial residual = 0.0002597007405993591, Final residual = 1.4590561464071158e-05, No Iterations 2, Solve time = 72.864 ms
bounding k, min: -0.004658000966981171 max: 871.6079850833405 average: 9.062843934360663
[mem] after-turb: DEVICE_POOL current=19126 MB  actual(reserved)=38146 MB  highWater=24414 MB
ExecutionTime = 818.59 s  ClockTime = 825 s

Time = 1143
[mem] step-start: DEVICE_POOL current=19126 MB  actual(reserved)=38146 MB  highWater=24414 MB
Schwarz(Jacobi)+Bicgstab:  Solving for Ux, Initial residual = 8.25560189648744e-05, Final residual = 5.839048075069386e-06, No Iterations 3, Solve time = 232.738 ms
Schwarz(Jacobi)+Bicgstab:  Solving for Uy, Initial residual = 0.005732146745750033, Final residual = 0.00020969584275111052, No Iterations 3, Solve time = 232.738 ms
Schwarz(Jacobi)+Bicgstab:  Solving for Uz, Initial residual = 0.0013678503697023292, Final residual = 5.125424297279828e-05, No Iterations 3, Solve time = 232.738 ms
[mem] after-UEqn: DEVICE_POOL current=19126 MB  actual(reserved)=38146 MB  highWater=24414 MB
config(Cg+Multigrid):  Solving for p, Initial residual = 0.0012976738676900859, Final residual = 1.2973877806904971e-05, No Iterations 16, Solve time = 1864.2 ms
time step continuity errors : sum local = 3.275118859152462e-06, global = -1.8584472904505073e-08, cumulative = -2.273835868776523e-05
[mem] after-pEqn: DEVICE_POOL current=19126 MB  actual(reserved)=38146 MB  highWater=24414 MB
[GinkgoSolver] p-cache: reuse(update_matrix_value) solve=143 rebuildInterval=0
Schwarz(Jacobi)+Bicgstab:  Solving for omega, Initial residual = 1.3476962965136238e-05, Final residual = 8.619838798544987e-07, No Iterations 2, Solve time = 74.744 ms
bounding omega, min: -13494.508185525194 max: 45355982.74214142 average: 6359.025486087041
[GinkgoSolver] p-cache: reuse(update_matrix_value) solve=143 rebuildInterval=0
Schwarz(Jacobi)+Bicgstab:  Solving for k, Initial residual = 0.0002598699542871677, Final residual = 1.428869204675548e-05, No Iterations 2, Solve time = 73.076 ms
bounding k, min: -0.005637597485324684 max: 871.9200085836825 average: 9.063677150918357
[mem] after-turb: DEVICE_POOL current=19126 MB  actual(reserved)=38146 MB  highWater=24414 MB
ExecutionTime = 823.64 s  ClockTime = 830 s

Time = 1144
[mem] step-start: DEVICE_POOL current=19126 MB  actual(reserved)=38146 MB  highWater=24414 MB
Schwarz(Jacobi)+Bicgstab:  Solving for Ux, Initial residual = 8.27710102314148e-05, Final residual = 6.5039510563953546e-06, No Iterations 2, Solve time = 169.849 ms
Schwarz(Jacobi)+Bicgstab:  Solving for Uy, Initial residual = 0.005727095315275269, Final residual = 0.00031713101991338654, No Iterations 2, Solve time = 169.849 ms
Schwarz(Jacobi)+Bicgstab:  Solving for Uz, Initial residual = 0.0013627178824552602, Final residual = 0.00012145476876969048, No Iterations 2, Solve time = 169.849 ms
[mem] after-UEqn: DEVICE_POOL current=19126 MB  actual(reserved)=38146 MB  highWater=24414 MB
config(Cg+Multigrid):  Solving for p, Initial residual = 0.001301180514863864, Final residual = 1.2300382935608483e-05, No Iterations 19, Solve time = 2196.713 ms
time step continuity errors : sum local = 3.10373714931681e-06, global = -1.7516900616572632e-08, cumulative = -2.2755875588381803e-05
[mem] after-pEqn: DEVICE_POOL current=19126 MB  actual(reserved)=38146 MB  highWater=24414 MB
[GinkgoSolver] p-cache: reuse(update_matrix_value) solve=144 rebuildInterval=0
Schwarz(Jacobi)+Bicgstab:  Solving for omega, Initial residual = 1.3446291825518526e-05, Final residual = 8.650798986904754e-07, No Iterations 2, Solve time = 86.586 ms
bounding omega, min: -14268.408260434393 max: 45355982.7116666 average: 6359.095427340503
[GinkgoSolver] p-cache: reuse(update_matrix_value) solve=144 rebuildInterval=0
Schwarz(Jacobi)+Bicgstab:  Solving for k, Initial residual = 0.00026006195814089433, Final residual = 1.5065270000084023e-05, No Iterations 2, Solve time = 72.874 ms
bounding k, min: -0.004277682340626698 max: 872.0541949886505 average: 9.06473854606111
[mem] after-turb: DEVICE_POOL current=19126 MB  actual(reserved)=38146 MB  highWater=24414 MB
ExecutionTime = 828.98 s  ClockTime = 836 s

Time = 1145
[mem] step-start: DEVICE_POOL current=19126 MB  actual(reserved)=38146 MB  highWater=24414 MB
Schwarz(Jacobi)+Bicgstab:  Solving for Ux, Initial residual = 8.292884888855589e-05, Final residual = 3.896173286853598e-06, No Iterations 2, Solve time = 167.988 ms
Schwarz(Jacobi)+Bicgstab:  Solving for Uy, Initial residual = 0.00572703843235485, Final residual = 0.0005362407899517381, No Iterations 2, Solve time = 167.988 ms
Schwarz(Jacobi)+Bicgstab:  Solving for Uz, Initial residual = 0.0013671502544966507, Final residual = 0.00011928558957732412, No Iterations 2, Solve time = 167.988 ms
[mem] after-UEqn: DEVICE_POOL current=19126 MB  actual(reserved)=38146 MB  highWater=24414 MB
config(Cg+Multigrid):  Solving for p, Initial residual = 0.0013085917156388253, Final residual = 1.2904014181238336e-05, No Iterations 17, Solve time = 1972.389 ms
time step continuity errors : sum local = 3.2537416199400475e-06, global = -2.4600238934871225e-08, cumulative = -2.2780475827316675e-05
[mem] after-pEqn: DEVICE_POOL current=19126 MB  actual(reserved)=38146 MB  highWater=24414 MB
[GinkgoSolver] p-cache: reuse(update_matrix_value) solve=145 rebuildInterval=0
Schwarz(Jacobi)+Bicgstab:  Solving for omega, Initial residual = 1.3393044638544067e-05, Final residual = 8.632565313230066e-07, No Iterations 2, Solve time = 85.583 ms
bounding omega, min: -13878.222010682452 max: 45355982.684927806 average: 6359.112616625696
[GinkgoSolver] p-cache: reuse(update_matrix_value) solve=145 rebuildInterval=0
Schwarz(Jacobi)+Bicgstab:  Solving for k, Initial residual = 0.00026007140856951986, Final residual = 1.4465586753434108e-05, No Iterations 2, Solve time = 71.811 ms
bounding k, min: -0.0038095254010395707 max: 872.065994049946 average: 9.065568345696692
[mem] after-turb: DEVICE_POOL current=19126 MB  actual(reserved)=38146 MB  highWater=24414 MB
ExecutionTime = 834.09 s  ClockTime = 841 s

Time = 1146
[mem] step-start: DEVICE_POOL current=19126 MB  actual(reserved)=38146 MB  highWater=24414 MB
Schwarz(Jacobi)+Bicgstab:  Solving for Ux, Initial residual = 8.29819829881367e-05, Final residual = 2.834085575170983e-06, No Iterations 3, Solve time = 234.249 ms
Schwarz(Jacobi)+Bicgstab:  Solving for Uy, Initial residual = 0.005703948490763793, Final residual = 0.00021382309659463884, No Iterations 3, Solve time = 234.249 ms
Schwarz(Jacobi)+Bicgstab:  Solving for Uz, Initial residual = 0.001373450607926113, Final residual = 6.547494062426986e-05, No Iterations 3, Solve time = 234.249 ms
[mem] after-UEqn: DEVICE_POOL current=19126 MB  actual(reserved)=38146 MB  highWater=24414 MB
config(Cg+Multigrid):  Solving for p, Initial residual = 0.0012937842246170156, Final residual = 1.2707164700448196e-05, No Iterations 19, Solve time = 2185.069 ms
time step continuity errors : sum local = 3.2023064594322266e-06, global = -2.696127009334322e-08, cumulative = -2.2807437097410018e-05
[mem] after-pEqn: DEVICE_POOL current=19126 MB  actual(reserved)=38146 MB  highWater=24414 MB
[GinkgoSolver] p-cache: reuse(update_matrix_value) solve=146 rebuildInterval=0
Schwarz(Jacobi)+Bicgstab:  Solving for omega, Initial residual = 1.332875496811102e-05, Final residual = 8.603625061701556e-07, No Iterations 2, Solve time = 78.114 ms
bounding omega, min: -339516.5881227666 max: 45355982.66254571 average: 6359.150587160529
[GinkgoSolver] p-cache: reuse(update_matrix_value) solve=146 rebuildInterval=0
Schwarz(Jacobi)+Bicgstab:  Solving for k, Initial residual = 0.0002599394277482016, Final residual = 1.5256207766200379e-05, No Iterations 2, Solve time = 72.96 ms
bounding k, min: -0.003060869453572937 max: 871.9148871236459 average: 9.066417291150348
[mem] after-turb: DEVICE_POOL current=19126 MB  actual(reserved)=38146 MB  highWater=24414 MB
ExecutionTime = 839.46 s  ClockTime = 846 s

Time = 1147
[mem] step-start: DEVICE_POOL current=19126 MB  actual(reserved)=38146 MB  highWater=24414 MB
Schwarz(Jacobi)+Bicgstab:  Solving for Ux, Initial residual = 8.287644809219242e-05, Final residual = 4.643571901443246e-06, No Iterations 2, Solve time = 168.104 ms
Schwarz(Jacobi)+Bicgstab:  Solving for Uy, Initial residual = 0.0056947473831753855, Final residual = 0.0009028255704186774, No Iterations 2, Solve time = 168.104 ms
Schwarz(Jacobi)+Bicgstab:  Solving for Uz, Initial residual = 0.0013715974836488833, Final residual = 9.543456409910031e-05, No Iterations 2, Solve time = 168.104 ms
[mem] after-UEqn: DEVICE_POOL current=19126 MB  actual(reserved)=38146 MB  highWater=24414 MB
config(Cg+Multigrid):  Solving for p, Initial residual = 0.0013034565002219799, Final residual = 1.2745929592347045e-05, No Iterations 19, Solve time = 2192.776 ms
time step continuity errors : sum local = 3.209339826622973e-06, global = -3.129543515350837e-08, cumulative = -2.2838732532563525e-05
[mem] after-pEqn: DEVICE_POOL current=19126 MB  actual(reserved)=38146 MB  highWater=24414 MB
[GinkgoSolver] p-cache: reuse(update_matrix_value) solve=147 rebuildInterval=0
Schwarz(Jacobi)+Bicgstab:  Solving for omega, Initial residual = 1.3331392943328292e-05, Final residual = 8.598383278224545e-07, No Iterations 2, Solve time = 86.973 ms
bounding omega, min: -13918.49303569479 max: 45355982.644125976 average: 6359.353570928017
[GinkgoSolver] p-cache: reuse(update_matrix_value) solve=147 rebuildInterval=0
Schwarz(Jacobi)+Bicgstab:  Solving for k, Initial residual = 0.00025991908885788205, Final residual = 1.5145821907051366e-05, No Iterations 2, Solve time = 73.227 ms
bounding k, min: -0.003700528197987399 max: 871.6528952969098 average: 9.067588565460596
[mem] after-turb: DEVICE_POOL current=19126 MB  actual(reserved)=38146 MB  highWater=24414 MB
ExecutionTime = 844.77 s  ClockTime = 852 s

Time = 1148
[mem] step-start: DEVICE_POOL current=19126 MB  actual(reserved)=38146 MB  highWater=24414 MB
Schwarz(Jacobi)+Bicgstab:  Solving for Ux, Initial residual = 8.287970916387053e-05, Final residual = 8.419704846260585e-06, No Iterations 3, Solve time = 224.157 ms
Schwarz(Jacobi)+Bicgstab:  Solving for Uy, Initial residual = 0.005763791130075389, Final residual = 0.00018758943915411354, No Iterations 3, Solve time = 224.157 ms
Schwarz(Jacobi)+Bicgstab:  Solving for Uz, Initial residual = 0.0013678944060782467, Final residual = 6.769839836839429e-05, No Iterations 3, Solve time = 224.157 ms
[mem] after-UEqn: DEVICE_POOL current=19126 MB  actual(reserved)=38146 MB  highWater=24414 MB
config(Cg+Multigrid):  Solving for p, Initial residual = 0.0013135521553945, Final residual = 1.2982361185299095e-05, No Iterations 19, Solve time = 2197.667 ms
time step continuity errors : sum local = 3.2657116090326256e-06, global = -3.543381725023277e-08, cumulative = -2.2874166349813757e-05
[mem] after-pEqn: DEVICE_POOL current=19126 MB  actual(reserved)=38146 MB  highWater=24414 MB
[GinkgoSolver] p-cache: reuse(update_matrix_value) solve=148 rebuildInterval=0
Schwarz(Jacobi)+Bicgstab:  Solving for omega, Initial residual = 1.3321649381237431e-05, Final residual = 8.643069510012127e-07, No Iterations 2, Solve time = 86.946 ms
bounding omega, min: -13663.852857154654 max: 45355982.63098952 average: 6359.65704503667
[GinkgoSolver] p-cache: reuse(update_matrix_value) solve=148 rebuildInterval=0
Schwarz(Jacobi)+Bicgstab:  Solving for k, Initial residual = 0.0002601397194376736, Final residual = 1.555347437213974e-05, No Iterations 2, Solve time = 73.378 ms
bounding k, min: -0.003929386873253938 max: 871.29204997015 average: 9.068882441468693
[mem] after-turb: DEVICE_POOL current=19126 MB  actual(reserved)=38146 MB  highWater=24414 MB
ExecutionTime = 850.16 s  ClockTime = 857 s

Time = 1149
[mem] step-start: DEVICE_POOL current=19126 MB  actual(reserved)=38146 MB  highWater=24414 MB
Schwarz(Jacobi)+Bicgstab:  Solving for Ux, Initial residual = 8.318696441813225e-05, Final residual = 2.5917612061910305e-06, No Iterations 3, Solve time = 222.731 ms
Schwarz(Jacobi)+Bicgstab:  Solving for Uy, Initial residual = 0.005770530985220162, Final residual = 0.00018587319558987692, No Iterations 3, Solve time = 222.731 ms
Schwarz(Jacobi)+Bicgstab:  Solving for Uz, Initial residual = 0.0013620808235918123, Final residual = 0.00014762479347924114, No Iterations 3, Solve time = 222.731 ms
[mem] after-UEqn: DEVICE_POOL current=19126 MB  actual(reserved)=38146 MB  highWater=24414 MB
config(Cg+Multigrid):  Solving for p, Initial residual = 0.0012971369569322907, Final residual = 1.294231197512664e-05, No Iterations 15, Solve time = 1757.619 ms
time step continuity errors : sum local = 3.2522429550105265e-06, global = -4.0888059801505056e-08, cumulative = -2.291505440961526e-05
[mem] after-pEqn: DEVICE_POOL current=19126 MB  actual(reserved)=38146 MB  highWater=24414 MB
[GinkgoSolver] p-cache: reuse(update_matrix_value) solve=149 rebuildInterval=0
Schwarz(Jacobi)+Bicgstab:  Solving for omega, Initial residual = 1.328096179179546e-05, Final residual = 8.668286265467353e-07, No Iterations 2, Solve time = 86.209 ms
bounding omega, min: -16381.078117561516 max: 45355982.62313594 average: 6359.963815918119
[GinkgoSolver] p-cache: reuse(update_matrix_value) solve=149 rebuildInterval=0
Schwarz(Jacobi)+Bicgstab:  Solving for k, Initial residual = 0.0002599944000259695, Final residual = 1.5096684376920424e-05, No Iterations 2, Solve time = 71.153 ms
bounding k, min: -0.004371020002898358 max: 870.8424724500798 average: 9.06998458191133
[mem] after-turb: DEVICE_POOL current=19126 MB  actual(reserved)=38146 MB  highWater=24414 MB
ExecutionTime = 855.09 s  ClockTime = 862 s

Time = 1150
[mem] step-start: DEVICE_POOL current=19126 MB  actual(reserved)=38146 MB  highWater=24414 MB
Schwarz(Jacobi)+Bicgstab:  Solving for Ux, Initial residual = 8.297263314531835e-05, Final residual = 9.456633998918205e-06, No Iterations 3, Solve time = 224.625 ms
Schwarz(Jacobi)+Bicgstab:  Solving for Uy, Initial residual = 0.005772887460888902, Final residual = 0.00018867577032378744, No Iterations 3, Solve time = 224.625 ms
Schwarz(Jacobi)+Bicgstab:  Solving for Uz, Initial residual = 0.0013648431699631689, Final residual = 5.392484436318126e-05, No Iterations 3, Solve time = 224.625 ms
[mem] after-UEqn: DEVICE_POOL current=19126 MB  actual(reserved)=38146 MB  highWater=24414 MB
config(Cg+Multigrid):  Solving for p, Initial residual = 0.0013172632160935115, Final residual = 1.2843921461531697e-05, No Iterations 20, Solve time = 2294.346 ms
time step continuity errors : sum local = 3.2258090059634763e-06, global = -4.207225528012878e-08, cumulative = -2.295712666489539e-05
[mem] after-pEqn: DEVICE_POOL current=19126 MB  actual(reserved)=38146 MB  highWater=24414 MB
[GinkgoSolver] p-cache: reuse(update_matrix_value) solve=150 rebuildInterval=0
Schwarz(Jacobi)+Bicgstab:  Solving for omega, Initial residual = 1.3285205707531864e-05, Final residual = 8.757501085607107e-07, No Iterations 2, Solve time = 85.77 ms
bounding omega, min: -335582.55054084666 max: 45355982.61955362 average: 6360.339304037338
[GinkgoSolver] p-cache: reuse(update_matrix_value) solve=150 rebuildInterval=0
Schwarz(Jacobi)+Bicgstab:  Solving for k, Initial residual = 0.000260179867495415, Final residual = 1.605210001595282e-05, No Iterations 2, Solve time = 72.902 ms
bounding k, min: -0.004130074966200138 max: 870.3293838727107 average: 9.071291933008723
[mem] after-turb: DEVICE_POOL current=19126 MB  actual(reserved)=38146 MB  highWater=24414 MB
ExecutionTime = 860.5700000000001 s  ClockTime = 868 s

Time = 1151
[mem] step-start: DEVICE_POOL current=19126 MB  actual(reserved)=38146 MB  highWater=24414 MB
Schwarz(Jacobi)+Bicgstab:  Solving for Ux, Initial residual = 8.345552470276285e-05, Final residual = 8.966219286336914e-06, No Iterations 2, Solve time = 160.231 ms
Schwarz(Jacobi)+Bicgstab:  Solving for Uy, Initial residual = 0.005770283110387594, Final residual = 0.00029986765622004396, No Iterations 2, Solve time = 160.231 ms
Schwarz(Jacobi)+Bicgstab:  Solving for Uz, Initial residual = 0.0013591310172390817, Final residual = 9.625576594679552e-05, No Iterations 2, Solve time = 160.231 ms
[mem] after-UEqn: DEVICE_POOL current=19126 MB  actual(reserved)=38146 MB  highWater=24414 MB
config(Cg+Multigrid):  Solving for p, Initial residual = 0.0013279746196020227, Final residual = 1.3247725026544768e-05, No Iterations 17, Solve time = 1965.918 ms
time step continuity errors : sum local = 3.3226905863036206e-06, global = -3.471290734123397e-08, cumulative = -2.2991839572236624e-05
[mem] after-pEqn: DEVICE_POOL current=19126 MB  actual(reserved)=38146 MB  highWater=24414 MB
[GinkgoSolver] p-cache: reuse(update_matrix_value) solve=151 rebuildInterval=0
Schwarz(Jacobi)+Bicgstab:  Solving for omega, Initial residual = 1.3308653556209943e-05, Final residual = 8.818059951000675e-07, No Iterations 2, Solve time = 78.929 ms
bounding omega, min: -21413.547754566687 max: 45355982.61963023 average: 6360.767331258041
[GinkgoSolver] p-cache: reuse(update_matrix_value) solve=151 rebuildInterval=0
Schwarz(Jacobi)+Bicgstab:  Solving for k, Initial residual = 0.00026043059447588917, Final residual = 1.5883523573500656e-05, No Iterations 2, Solve time = 73.687 ms
bounding k, min: -0.002622484384672538 max: 869.7803972068316 average: 9.072606583973895
[mem] after-turb: DEVICE_POOL current=19126 MB  actual(reserved)=38146 MB  highWater=24414 MB
ExecutionTime = 865.67 s  ClockTime = 873 s

Time = 1152
[mem] step-start: DEVICE_POOL current=19126 MB  actual(reserved)=38146 MB  highWater=24414 MB
Schwarz(Jacobi)+Bicgstab:  Solving for Ux, Initial residual = 8.36916602533588e-05, Final residual = 2.3543534129042363e-06, No Iterations 3, Solve time = 231.295 ms
Schwarz(Jacobi)+Bicgstab:  Solving for Uy, Initial residual = 0.00575467083102241, Final residual = 0.00019634199389764794, No Iterations 3, Solve time = 231.295 ms
Schwarz(Jacobi)+Bicgstab:  Solving for Uz, Initial residual = 0.0013605831136219574, Final residual = 0.0001332422992063192, No Iterations 3, Solve time = 231.295 ms
[mem] after-UEqn: DEVICE_POOL current=19126 MB  actual(reserved)=38146 MB  highWater=24414 MB
config(Cg+Multigrid):  Solving for p, Initial residual = 0.001326412032715638, Final residual = 1.3005784723041288e-05, No Iterations 15, Solve time = 1761.306 ms
time step continuity errors : sum local = 3.2595007354312796e-06, global = -3.414417515746038e-08, cumulative = -2.3025983747394083e-05
[mem] after-pEqn: DEVICE_POOL current=19126 MB  actual(reserved)=38146 MB  highWater=24414 MB
[GinkgoSolver] p-cache: reuse(update_matrix_value) solve=152 rebuildInterval=0
Schwarz(Jacobi)+Bicgstab:  Solving for omega, Initial residual = 1.3224356073173746e-05, Final residual = 8.731183978915102e-07, No Iterations 2, Solve time = 85.559 ms
bounding omega, min: -23861.215364229207 max: 45355982.62403714 average: 6361.005279615512
[GinkgoSolver] p-cache: reuse(update_matrix_value) solve=152 rebuildInterval=0
Schwarz(Jacobi)+Bicgstab:  Solving for k, Initial residual = 0.00026006280491540443, Final residual = 1.5065071961668767e-05, No Iterations 2, Solve time = 72.012 ms
bounding k, min: -0.002809618563642851 max: 869.1704726117088 average: 9.07332497845669
[mem] after-turb: DEVICE_POOL current=19126 MB  actual(reserved)=38146 MB  highWater=24414 MB
ExecutionTime = 870.61 s  ClockTime = 878 s

Time = 1153
[mem] step-start: DEVICE_POOL current=19126 MB  actual(reserved)=38146 MB  highWater=24414 MB
Schwarz(Jacobi)+Bicgstab:  Solving for Ux, Initial residual = 8.34341994493524e-05, Final residual = 2.92393835973257e-06, No Iterations 3, Solve time = 229.952 ms
Schwarz(Jacobi)+Bicgstab:  Solving for Uy, Initial residual = 0.005746205002671283, Final residual = 0.00018625107681227593, No Iterations 3, Solve time = 229.952 ms
Schwarz(Jacobi)+Bicgstab:  Solving for Uz, Initial residual = 0.0013614337363606107, Final residual = 5.4259539004618116e-05, No Iterations 3, Solve time = 229.952 ms
[mem] after-UEqn: DEVICE_POOL current=19126 MB  actual(reserved)=38146 MB  highWater=24414 MB
config(Cg+Multigrid):  Solving for p, Initial residual = 0.0013092539211043896, Final residual = 1.2950233288553312e-05, No Iterations 16, Solve time = 1873.463 ms
time step continuity errors : sum local = 3.244044818125472e-06, global = -1.8878769477147952e-08, cumulative = -2.304486251687123e-05
[mem] after-pEqn: DEVICE_POOL current=19126 MB  actual(reserved)=38146 MB  highWater=24414 MB
[GinkgoSolver] p-cache: reuse(update_matrix_value) solve=153 rebuildInterval=0
Schwarz(Jacobi)+Bicgstab:  Solving for omega, Initial residual = 1.3167343516232811e-05, Final residual = 8.706594323664477e-07, No Iterations 2, Solve time = 87.023 ms
bounding omega, min: -23648.170878983205 max: 45355982.63256759 average: 6361.187951000542
[GinkgoSolver] p-cache: reuse(update_matrix_value) solve=153 rebuildInterval=0
Schwarz(Jacobi)+Bicgstab:  Solving for k, Initial residual = 0.0002596874340003457, Final residual = 1.5817056166679714e-05, No Iterations 2, Solve time = 72.413 ms
bounding k, min: -0.002438550626093706 max: 868.6025036944778 average: 9.07392215678308
[mem] after-turb: DEVICE_POOL current=19126 MB  actual(reserved)=38146 MB  highWater=24414 MB
ExecutionTime = 875.6900000000001 s  ClockTime = 883 s

Time = 1154
[mem] step-start: DEVICE_POOL current=19126 MB  actual(reserved)=38146 MB  highWater=24414 MB
Schwarz(Jacobi)+Bicgstab:  Solving for Ux, Initial residual = 8.330421445404973e-05, Final residual = 4.619837276392125e-06, No Iterations 2, Solve time = 173.078 ms
Schwarz(Jacobi)+Bicgstab:  Solving for Uy, Initial residual = 0.0057418143371831855, Final residual = 0.0005259478634505339, No Iterations 2, Solve time = 173.078 ms
Schwarz(Jacobi)+Bicgstab:  Solving for Uz, Initial residual = 0.0013533872791665113, Final residual = 0.00018269521712822637, No Iterations 2, Solve time = 173.078 ms
[mem] after-UEqn: DEVICE_POOL current=19126 MB  actual(reserved)=38146 MB  highWater=24414 MB
config(Cg+Multigrid):  Solving for p, Initial residual = 0.0013148256673923677, Final residual = 1.2723860368104343e-05, No Iterations 16, Solve time = 1862.96 ms
time step continuity errors : sum local = 3.1860374752474265e-06, global = -5.009308465182319e-09, cumulative = -2.3049871825336413e-05
[mem] after-pEqn: DEVICE_POOL current=19126 MB  actual(reserved)=38146 MB  highWater=24414 MB
[GinkgoSolver] p-cache: reuse(update_matrix_value) solve=154 rebuildInterval=0
Schwarz(Jacobi)+Bicgstab:  Solving for omega, Initial residual = 1.3158770244117455e-05, Final residual = 8.711327073125167e-07, No Iterations 2, Solve time = 73.004 ms
bounding omega, min: -230069.0692116475 max: 45355982.646505535 average: 6361.337902341408
[GinkgoSolver] p-cache: reuse(update_matrix_value) solve=154 rebuildInterval=0
Schwarz(Jacobi)+Bicgstab:  Solving for k, Initial residual = 0.00025949783790932745, Final residual = 1.532968603498493e-05, No Iterations 2, Solve time = 72.996 ms
bounding k, min: -0.004985589201788675 max: 868.0218292769623 average: 9.074508783427795
[mem] after-turb: DEVICE_POOL current=19126 MB  actual(reserved)=38146 MB  highWater=24414 MB
ExecutionTime = 880.71 s  ClockTime = 888 s

Time = 1155
[mem] step-start: DEVICE_POOL current=19126 MB  actual(reserved)=38146 MB  highWater=24414 MB
Schwarz(Jacobi)+Bicgstab:  Solving for Ux, Initial residual = 8.330418515191256e-05, Final residual = 4.3880646341857296e-06, No Iterations 3, Solve time = 228.53 ms
Schwarz(Jacobi)+Bicgstab:  Solving for Uy, Initial residual = 0.005710366144408012, Final residual = 0.00021028691421810968, No Iterations 3, Solve time = 228.53 ms
Schwarz(Jacobi)+Bicgstab:  Solving for Uz, Initial residual = 0.0013634588649475534, Final residual = 4.478273973435524e-05, No Iterations 3, Solve time = 228.53 ms
[mem] after-UEqn: DEVICE_POOL current=19126 MB  actual(reserved)=38146 MB  highWater=24414 MB
config(Cg+Multigrid):  Solving for p, Initial residual = 0.0013064049581809217, Final residual = 1.2859840371512984e-05, No Iterations 14, Solve time = 1652.321 ms
time step continuity errors : sum local = 3.219520832735282e-06, global = 1.6792913735264461e-09, cumulative = -2.3048192533962887e-05
[mem] after-pEqn: DEVICE_POOL current=19126 MB  actual(reserved)=38146 MB  highWater=24414 MB
[GinkgoSolver] p-cache: reuse(update_matrix_value) solve=155 rebuildInterval=0
Schwarz(Jacobi)+Bicgstab:  Solving for omega, Initial residual = 1.3120747264917984e-05, Final residual = 8.635645708902785e-07, No Iterations 2, Solve time = 86.245 ms
bounding omega, min: -22738.354297982012 max: 45355982.666923314 average: 6361.52311352395
[GinkgoSolver] p-cache: reuse(update_matrix_value) solve=155 rebuildInterval=0
Schwarz(Jacobi)+Bicgstab:  Solving for k, Initial residual = 0.00025914060817695963, Final residual = 1.5662493887696226e-05, No Iterations 2, Solve time = 72.009 ms
bounding k, min: -0.006079001426917037 max: 867.4613962317644 average: 9.074948006709828
[mem] after-turb: DEVICE_POOL current=19126 MB  actual(reserved)=38146 MB  highWater=24414 MB
ExecutionTime = 885.5599999999999 s  ClockTime = 893 s

Time = 1156
[mem] step-start: DEVICE_POOL current=19126 MB  actual(reserved)=38146 MB  highWater=24414 MB
Schwarz(Jacobi)+Bicgstab:  Solving for Ux, Initial residual = 8.325358785410949e-05, Final residual = 3.4723286729224316e-06, No Iterations 3, Solve time = 227.903 ms
Schwarz(Jacobi)+Bicgstab:  Solving for Uy, Initial residual = 0.0057022087913871445, Final residual = 0.0001938819608547244, No Iterations 3, Solve time = 227.903 ms
Schwarz(Jacobi)+Bicgstab:  Solving for Uz, Initial residual = 0.0013603737015790527, Final residual = 4.8652910005708e-05, No Iterations 3, Solve time = 227.903 ms
[mem] after-UEqn: DEVICE_POOL current=19126 MB  actual(reserved)=38146 MB  highWater=24414 MB
config(Cg+Multigrid):  Solving for p, Initial residual = 0.0012997146812393176, Final residual = 1.2815926502021117e-05, No Iterations 14, Solve time = 1688.264 ms
time step continuity errors : sum local = 3.208573174079145e-06, global = 2.6258404113592917e-08, cumulative = -2.3021934129849294e-05
[mem] after-pEqn: DEVICE_POOL current=19126 MB  actual(reserved)=38146 MB  highWater=24414 MB
[GinkgoSolver] p-cache: reuse(update_matrix_value) solve=156 rebuildInterval=0
Schwarz(Jacobi)+Bicgstab:  Solving for omega, Initial residual = 1.3082418798062101e-05, Final residual = 8.579351056980925e-07, No Iterations 2, Solve time = 84.566 ms
bounding omega, min: -22736.66230633539 max: 45355982.69533264 average: 6361.621476372119
[GinkgoSolver] p-cache: reuse(update_matrix_value) solve=156 rebuildInterval=0
Schwarz(Jacobi)+Bicgstab:  Solving for k, Initial residual = 0.00025877890733980467, Final residual = 1.5021923770290817e-05, No Iterations 2, Solve time = 75.565 ms
bounding k, min: -0.005796592091687404 max: 866.9496334138628 average: 9.075200863827224
[mem] after-turb: DEVICE_POOL current=19126 MB  actual(reserved)=38146 MB  highWater=24414 MB
ExecutionTime = 890.4 s  ClockTime = 898 s

Time = 1157
[mem] step-start: DEVICE_POOL current=19126 MB  actual(reserved)=38146 MB  highWater=24414 MB
Schwarz(Jacobi)+Bicgstab:  Solving for Ux, Initial residual = 8.312650588989115e-05, Final residual = 3.705892644327499e-06, No Iterations 3, Solve time = 218.897 ms
Schwarz(Jacobi)+Bicgstab:  Solving for Uy, Initial residual = 0.00570630806325202, Final residual = 0.00018596423261528215, No Iterations 3, Solve time = 218.897 ms
Schwarz(Jacobi)+Bicgstab:  Solving for Uz, Initial residual = 0.001355842561364347, Final residual = 0.00011405710239309727, No Iterations 3, Solve time = 218.897 ms
[mem] after-UEqn: DEVICE_POOL current=19126 MB  actual(reserved)=38146 MB  highWater=24414 MB
config(Cg+Multigrid):  Solving for p, Initial residual = 0.0012905239391863676, Final residual = 1.2716111127335109e-05, No Iterations 14, Solve time = 1645.777 ms
time step continuity errors : sum local = 3.184317552927644e-06, global = 4.798110371141688e-08, cumulative = -2.2973953026137877e-05
[mem] after-pEqn: DEVICE_POOL current=19126 MB  actual(reserved)=38146 MB  highWater=24414 MB
[GinkgoSolver] p-cache: reuse(update_matrix_value) solve=157 rebuildInterval=0
Schwarz(Jacobi)+Bicgstab:  Solving for omega, Initial residual = 1.3046184365995127e-05, Final residual = 8.583289157756196e-07, No Iterations 2, Solve time = 77.156 ms
bounding omega, min: -23061.477574157663 max: 45355982.73141041 average: 6361.747251971182
[GinkgoSolver] p-cache: reuse(update_matrix_value) solve=157 rebuildInterval=0
Schwarz(Jacobi)+Bicgstab:  Solving for k, Initial residual = 0.00025838308036438653, Final residual = 1.5575255783585558e-05, No Iterations 2, Solve time = 72.438 ms
bounding k, min: -0.003798476950606979 max: 866.4971788682597 average: 9.075420773710874
[mem] after-turb: DEVICE_POOL current=19126 MB  actual(reserved)=38146 MB  highWater=24414 MB
ExecutionTime = 895.22 s  ClockTime = 903 s

Time = 1158
[mem] step-start: DEVICE_POOL current=19126 MB  actual(reserved)=38146 MB  highWater=24414 MB
Schwarz(Jacobi)+Bicgstab:  Solving for Ux, Initial residual = 8.304023167906144e-05, Final residual = 3.638269918781922e-06, No Iterations 3, Solve time = 233.59 ms
Schwarz(Jacobi)+Bicgstab:  Solving for Uy, Initial residual = 0.005713418196559979, Final residual = 0.00018454474394504375, No Iterations 3, Solve time = 233.59 ms
Schwarz(Jacobi)+Bicgstab:  Solving for Uz, Initial residual = 0.0013559664546251794, Final residual = 5.4302632159499555e-05, No Iterations 3, Solve time = 233.59 ms
[mem] after-UEqn: DEVICE_POOL current=19126 MB  actual(reserved)=38146 MB  highWater=24414 MB
config(Cg+Multigrid):  Solving for p, Initial residual = 0.0012867626779340525, Final residual = 1.2327098337590611e-05, No Iterations 14, Solve time = 1651.994 ms
time step continuity errors : sum local = 3.088208622768456e-06, global = 7.236343515476793e-08, cumulative = -2.2901589590983108e-05
[mem] after-pEqn: DEVICE_POOL current=19126 MB  actual(reserved)=38146 MB  highWater=24414 MB
[GinkgoSolver] p-cache: reuse(update_matrix_value) solve=158 rebuildInterval=0
Schwarz(Jacobi)+Bicgstab:  Solving for omega, Initial residual = 1.3024288703736993e-05, Final residual = 8.539395889701597e-07, No Iterations 2, Solve time = 78.726 ms
bounding omega, min: -340069.97874132154 max: 45355982.77454661 average: 6361.814184132297
[GinkgoSolver] p-cache: reuse(update_matrix_value) solve=158 rebuildInterval=0
Schwarz(Jacobi)+Bicgstab:  Solving for k, Initial residual = 0.0002580264942260013, Final residual = 1.5075311393156109e-05, No Iterations 2, Solve time = 76.121 ms
bounding k, min: -0.0030796559865612083 max: 866.0930169261727 average: 9.075468321330124
[mem] after-turb: DEVICE_POOL current=19126 MB  actual(reserved)=38146 MB  highWater=24414 MB
ExecutionTime = 900.0599999999999 s  ClockTime = 908 s

Time = 1159
[mem] step-start: DEVICE_POOL current=19126 MB  actual(reserved)=38146 MB  highWater=24414 MB
Schwarz(Jacobi)+Bicgstab:  Solving for Ux, Initial residual = 8.297896630670394e-05, Final residual = 4.4986541748157925e-06, No Iterations 2, Solve time = 168.596 ms
Schwarz(Jacobi)+Bicgstab:  Solving for Uy, Initial residual = 0.005721445048152454, Final residual = 0.0010299248127957081, No Iterations 2, Solve time = 168.596 ms
Schwarz(Jacobi)+Bicgstab:  Solving for Uz, Initial residual = 0.0013484903752303491, Final residual = 6.505121159946847e-05, No Iterations 2, Solve time = 168.596 ms
[mem] after-UEqn: DEVICE_POOL current=19126 MB  actual(reserved)=38146 MB  highWater=24414 MB
config(Cg+Multigrid):  Solving for p, Initial residual = 0.001304464080118509, Final residual = 1.2966426492027513e-05, No Iterations 13, Solve time = 1545.486 ms
time step continuity errors : sum local = 3.250646108848885e-06, global = 9.857260908403218e-08, cumulative = -2.2803016981899077e-05
[mem] after-pEqn: DEVICE_POOL current=19126 MB  actual(reserved)=38146 MB  highWater=24414 MB
[GinkgoSolver] p-cache: reuse(update_matrix_value) solve=159 rebuildInterval=0
Schwarz(Jacobi)+Bicgstab:  Solving for omega, Initial residual = 1.2991641975575533e-05, Final residual = 8.450055351738313e-07, No Iterations 2, Solve time = 77.415 ms
bounding omega, min: -24121.360276053372 max: 45355982.823386356 average: 6361.810527107774
[GinkgoSolver] p-cache: reuse(update_matrix_value) solve=159 rebuildInterval=0
Schwarz(Jacobi)+Bicgstab:  Solving for k, Initial residual = 0.0002579415179021389, Final residual = 1.5715893202687917e-05, No Iterations 2, Solve time = 77.056 ms
bounding k, min: -0.003141615640323142 max: 865.7590387942851 average: 9.075141154242427
[mem] after-turb: DEVICE_POOL current=19126 MB  actual(reserved)=38146 MB  highWater=24414 MB
ExecutionTime = 904.75 s  ClockTime = 912 s

Time = 1160
[mem] step-start: DEVICE_POOL current=19126 MB  actual(reserved)=38146 MB  highWater=24414 MB
Schwarz(Jacobi)+Bicgstab:  Solving for Ux, Initial residual = 8.311770374929838e-05, Final residual = 3.615512507648986e-06, No Iterations 3, Solve time = 232.652 ms
Schwarz(Jacobi)+Bicgstab:  Solving for Uy, Initial residual = 0.005677981473110752, Final residual = 0.00022357696936430997, No Iterations 3, Solve time = 232.652 ms
Schwarz(Jacobi)+Bicgstab:  Solving for Uz, Initial residual = 0.001344667769696821, Final residual = 5.339618389466719e-05, No Iterations 3, Solve time = 232.652 ms
[mem] after-UEqn: DEVICE_POOL current=19126 MB  actual(reserved)=38146 MB  highWater=24414 MB
config(Cg+Multigrid):  Solving for p, Initial residual = 0.0012847302546741524, Final residual = 1.2576626767533567e-05, No Iterations 14, Solve time = 1651.103 ms
time step continuity errors : sum local = 3.15553164571204e-06, global = 1.268587836879871e-07, cumulative = -2.267615819821109e-05
[mem] after-pEqn: DEVICE_POOL current=19126 MB  actual(reserved)=38146 MB  highWater=24414 MB
[GinkgoSolver] p-cache: reuse(update_matrix_value) solve=160 rebuildInterval=0
Schwarz(Jacobi)+Bicgstab:  Solving for omega, Initial residual = 1.2979222941658512e-05, Final residual = 8.417313906973856e-07, No Iterations 2, Solve time = 76.218 ms
bounding omega, min: -24522.313276935296 max: 45355982.87588429 average: 6361.719837803008
[GinkgoSolver] p-cache: reuse(update_matrix_value) solve=160 rebuildInterval=0
Schwarz(Jacobi)+Bicgstab:  Solving for k, Initial residual = 0.00025752224021158494, Final residual = 1.556691974952853e-05, No Iterations 2, Solve time = 73.055 ms
bounding k, min: -0.0032898559867569135 max: 865.4870436044802 average: 9.074839788529928
[mem] after-turb: DEVICE_POOL current=19126 MB  actual(reserved)=38146 MB  highWater=24414 MB
ExecutionTime = 909.61 s  ClockTime = 917 s

Time = 1161
[mem] step-start: DEVICE_POOL current=19126 MB  actual(reserved)=38146 MB  highWater=24414 MB
Schwarz(Jacobi)+Bicgstab:  Solving for Ux, Initial residual = 8.308260090574651e-05, Final residual = 4.200216972731867e-06, No Iterations 2, Solve time = 173.134 ms
Schwarz(Jacobi)+Bicgstab:  Solving for Uy, Initial residual = 0.005666886591283242, Final residual = 0.0009705306688528226, No Iterations 2, Solve time = 173.134 ms
Schwarz(Jacobi)+Bicgstab:  Solving for Uz, Initial residual = 0.0013399470647779104, Final residual = 8.202695816916076e-05, No Iterations 2, Solve time = 173.134 ms
[mem] after-UEqn: DEVICE_POOL current=19126 MB  actual(reserved)=38146 MB  highWater=24414 MB
config(Cg+Multigrid):  Solving for p, Initial residual = 0.0012861585863623585, Final residual = 1.2574033034395735e-05, No Iterations 23, Solve time = 2634.077 ms
time step continuity errors : sum local = 3.1585427296865505e-06, global = 4.0137195257744876e-08, cumulative = -2.2636021002953345e-05
[mem] after-pEqn: DEVICE_POOL current=19126 MB  actual(reserved)=38146 MB  highWater=24414 MB
[GinkgoSolver] p-cache: reuse(update_matrix_value) solve=161 rebuildInterval=0
Schwarz(Jacobi)+Bicgstab:  Solving for omega, Initial residual = 1.2942147472530475e-05, Final residual = 8.41604961536985e-07, No Iterations 2, Solve time = 86.733 ms
bounding omega, min: -24528.98549239931 max: 45355982.9326482 average: 6361.696928780437
[GinkgoSolver] p-cache: reuse(update_matrix_value) solve=161 rebuildInterval=0
Schwarz(Jacobi)+Bicgstab:  Solving for k, Initial residual = 0.0002569242455914157, Final residual = 1.5867909928045325e-05, No Iterations 2, Solve time = 75.972 ms
bounding k, min: -0.0015130878768889605 max: 865.2695132295541 average: 9.074648978165659
[mem] after-turb: DEVICE_POOL current=19126 MB  actual(reserved)=38146 MB  highWater=24414 MB
ExecutionTime = 915.38 s  ClockTime = 923 s

Time = 1162
[mem] step-start: DEVICE_POOL current=19126 MB  actual(reserved)=38146 MB  highWater=24414 MB
Schwarz(Jacobi)+Bicgstab:  Solving for Ux, Initial residual = 8.285341767757405e-05, Final residual = 4.7797546205972206e-06, No Iterations 5, Solve time = 340.653 ms
Schwarz(Jacobi)+Bicgstab:  Solving for Uy, Initial residual = 0.005737832070447768, Final residual = 4.3253594705864436e-05, No Iterations 5, Solve time = 340.653 ms
Schwarz(Jacobi)+Bicgstab:  Solving for Uz, Initial residual = 0.0013331410831697373, Final residual = 1.6428473949192222e-05, No Iterations 5, Solve time = 340.653 ms
[mem] after-UEqn: DEVICE_POOL current=19126 MB  actual(reserved)=38146 MB  highWater=24414 MB
config(Cg+Multigrid):  Solving for p, Initial residual = 0.0012798436730593627, Final residual = 1.1328111318409256e-05, No Iterations 13, Solve time = 1541.706 ms
time step continuity errors : sum local = 2.8593271954122877e-06, global = 9.793208916975341e-08, cumulative = -2.2538088913783593e-05
[mem] after-pEqn: DEVICE_POOL current=19126 MB  actual(reserved)=38146 MB  highWater=24414 MB
[GinkgoSolver] p-cache: reuse(update_matrix_value) solve=162 rebuildInterval=0
Schwarz(Jacobi)+Bicgstab:  Solving for omega, Initial residual = 1.2908731350521712e-05, Final residual = 8.380376533235298e-07, No Iterations 2, Solve time = 72.956 ms
bounding omega, min: -153076.7422681558 max: 45355982.98867571 average: 6361.649667891782
[GinkgoSolver] p-cache: reuse(update_matrix_value) solve=162 rebuildInterval=0
Schwarz(Jacobi)+Bicgstab:  Solving for k, Initial residual = 0.00025660211895460965, Final residual = 1.563842273144817e-05, No Iterations 2, Solve time = 72.699 ms
bounding k, min: -0.0007175754141607177 max: 865.1005963713449 average: 9.074239838961368
[mem] after-turb: DEVICE_POOL current=19126 MB  actual(reserved)=38146 MB  highWater=24414 MB
ExecutionTime = 920.24 s  ClockTime = 928 s

Time = 1163
[mem] step-start: DEVICE_POOL current=19126 MB  actual(reserved)=38146 MB  highWater=24414 MB
Schwarz(Jacobi)+Bicgstab:  Solving for Ux, Initial residual = 8.273712784917914e-05, Final residual = 4.158066592031216e-06, No Iterations 3, Solve time = 224.727 ms
Schwarz(Jacobi)+Bicgstab:  Solving for Uy, Initial residual = 0.005746035750906425, Final residual = 0.00018086347369671168, No Iterations 3, Solve time = 224.727 ms
Schwarz(Jacobi)+Bicgstab:  Solving for Uz, Initial residual = 0.0013247355153248824, Final residual = 4.437011808163253e-05, No Iterations 3, Solve time = 224.727 ms
[mem] after-UEqn: DEVICE_POOL current=19126 MB  actual(reserved)=38146 MB  highWater=24414 MB
config(Cg+Multigrid):  Solving for p, Initial residual = 0.0012692071031159642, Final residual = 1.230125062094777e-05, No Iterations 13, Solve time = 1529.664 ms
time step continuity errors : sum local = 3.107430323455637e-06, global = 8.590191331300355e-08, cumulative = -2.245218700047059e-05
[mem] after-pEqn: DEVICE_POOL current=19126 MB  actual(reserved)=38146 MB  highWater=24414 MB
[GinkgoSolver] p-cache: reuse(update_matrix_value) solve=163 rebuildInterval=0
Schwarz(Jacobi)+Bicgstab:  Solving for omega, Initial residual = 1.2880526375668764e-05, Final residual = 8.321253244876362e-07, No Iterations 2, Solve time = 77.983 ms
bounding omega, min: -25790.293897168147 max: 45355983.042644255 average: 6361.583772281573
[GinkgoSolver] p-cache: reuse(update_matrix_value) solve=163 rebuildInterval=0
Schwarz(Jacobi)+Bicgstab:  Solving for k, Initial residual = 0.0002562411213858678, Final residual = 1.6321884667946225e-05, No Iterations 2, Solve time = 76.933 ms
bounding k, min: -0.0001850999295769408 max: 864.9540152743742 average: 9.073755554852033
[mem] after-turb: DEVICE_POOL current=19126 MB  actual(reserved)=38146 MB  highWater=24414 MB
ExecutionTime = 924.95 s  ClockTime = 933 s

Time = 1164
[mem] step-start: DEVICE_POOL current=19126 MB  actual(reserved)=38146 MB  highWater=24414 MB
Schwarz(Jacobi)+Bicgstab:  Solving for Ux, Initial residual = 8.265989287797992e-05, Final residual = 5.36103800784004e-06, No Iterations 3, Solve time = 223.106 ms
Schwarz(Jacobi)+Bicgstab:  Solving for Uy, Initial residual = 0.005750100163956335, Final residual = 0.0001837171227672024, No Iterations 3, Solve time = 223.106 ms
Schwarz(Jacobi)+Bicgstab:  Solving for Uz, Initial residual = 0.0013212816707645063, Final residual = 4.6572719627809844e-05, No Iterations 3, Solve time = 223.106 ms
[mem] after-UEqn: DEVICE_POOL current=19126 MB  actual(reserved)=38146 MB  highWater=24414 MB
config(Cg+Multigrid):  Solving for p, Initial residual = 0.0012670712262792831, Final residual = 1.194190899379516e-05, No Iterations 21, Solve time = 2404.663 ms
time step continuity errors : sum local = 8.657141856182134e-06, global = -5.582067986102399e-06, cumulative = -2.803425498657299e-05
[mem] after-pEqn: DEVICE_POOL current=19126 MB  actual(reserved)=38146 MB  highWater=24414 MB
[GinkgoSolver] p-cache: reuse(update_matrix_value) solve=164 rebuildInterval=0
Schwarz(Jacobi)+Bicgstab:  Solving for omega, Initial residual = 1.2879583492471874e-05, Final residual = 8.360779181064316e-07, No Iterations 2, Solve time = 86.274 ms
bounding omega, min: -27499.180532161758 max: 45355983.09294945 average: 6361.42770548804
[GinkgoSolver] p-cache: reuse(update_matrix_value) solve=164 rebuildInterval=0
Schwarz(Jacobi)+Bicgstab:  Solving for k, Initial residual = 0.0002560378941466315, Final residual = 1.5572482727569116e-05, No Iterations 2, Solve time = 72.612 ms
bounding k, min: -9.628750873365635e-05 max: 864.8326077395978 average: 9.073278210601881
[mem] after-turb: DEVICE_POOL current=19126 MB  actual(reserved)=38146 MB  highWater=24414 MB
ExecutionTime = 930.54 s  ClockTime = 938 s

Time = 1165
[mem] step-start: DEVICE_POOL current=19126 MB  actual(reserved)=38146 MB  highWater=24414 MB
Schwarz(Jacobi)+Bicgstab:  Solving for Ux, Initial residual = 8.269727234952393e-05, Final residual = 3.696181721860427e-06, No Iterations 3, Solve time = 221.496 ms
Schwarz(Jacobi)+Bicgstab:  Solving for Uy, Initial residual = 0.005743441948383684, Final residual = 0.0001849713021606678, No Iterations 3, Solve time = 221.496 ms
Schwarz(Jacobi)+Bicgstab:  Solving for Uz, Initial residual = 0.0013205544047978893, Final residual = 4.8504801476622695e-05, No Iterations 3, Solve time = 221.496 ms
[mem] after-UEqn: DEVICE_POOL current=19126 MB  actual(reserved)=38146 MB  highWater=24414 MB
config(Cg+Multigrid):  Solving for p, Initial residual = 0.0012581855402805995, Final residual = 1.2550384645108648e-05, No Iterations 13, Solve time = 1540.604 ms
time step continuity errors : sum local = 3.1800496363013588e-06, global = 4.4898788765391375e-08, cumulative = -2.7989356197807597e-05
[mem] after-pEqn: DEVICE_POOL current=19126 MB  actual(reserved)=38146 MB  highWater=24414 MB
[GinkgoSolver] p-cache: reuse(update_matrix_value) solve=165 rebuildInterval=0
Schwarz(Jacobi)+Bicgstab:  Solving for omega, Initial residual = 1.283762923586341e-05, Final residual = 8.393435928942083e-07, No Iterations 2, Solve time = 86.407 ms
bounding omega, min: -25576.4415841154 max: 45355983.13873404 average: 6361.256124600412
[GinkgoSolver] p-cache: reuse(update_matrix_value) solve=165 rebuildInterval=0
Schwarz(Jacobi)+Bicgstab:  Solving for k, Initial residual = 0.00025561093892168256, Final residual = 1.655116624926585e-05, No Iterations 2, Solve time = 73.668 ms
bounding k, min: -0.001136051476087807 max: 864.7386408620462 average: 9.072670391911231
[mem] after-turb: DEVICE_POOL current=19126 MB  actual(reserved)=38146 MB  highWater=24414 MB
ExecutionTime = 935.28 s  ClockTime = 943 s

Time = 1166
[mem] step-start: DEVICE_POOL current=19126 MB  actual(reserved)=38146 MB  highWater=24414 MB
Schwarz(Jacobi)+Bicgstab:  Solving for Ux, Initial residual = 8.2638782407588e-05, Final residual = 4.493042506418179e-06, No Iterations 2, Solve time = 172.005 ms
Schwarz(Jacobi)+Bicgstab:  Solving for Uy, Initial residual = 0.005729252765987932, Final residual = 0.0004309602528620059, No Iterations 2, Solve time = 172.005 ms
Schwarz(Jacobi)+Bicgstab:  Solving for Uz, Initial residual = 0.001320680154632114, Final residual = 8.43229382643156e-05, No Iterations 2, Solve time = 172.005 ms
[mem] after-UEqn: DEVICE_POOL current=19126 MB  actual(reserved)=38146 MB  highWater=24414 MB
config(Cg+Multigrid):  Solving for p, Initial residual = 0.0012619494172952117, Final residual = 1.2160017922591681e-05, No Iterations 19, Solve time = 2187.899 ms
time step continuity errors : sum local = 3.082315893338796e-06, global = 4.297617146884879e-08, cumulative = -2.794638002633875e-05
[mem] after-pEqn: DEVICE_POOL current=19126 MB  actual(reserved)=38146 MB  highWater=24414 MB
[GinkgoSolver] p-cache: reuse(update_matrix_value) solve=166 rebuildInterval=0
Schwarz(Jacobi)+Bicgstab:  Solving for omega, Initial residual = 1.284419295527985e-05, Final residual = 8.457611263760617e-07, No Iterations 2, Solve time = 86.253 ms
bounding omega, min: -79360.21344449664 max: 45355983.1789436 average: 6361.029150425536
[GinkgoSolver] p-cache: reuse(update_matrix_value) solve=166 rebuildInterval=0
Schwarz(Jacobi)+Bicgstab:  Solving for k, Initial residual = 0.0002555472388145679, Final residual = 1.6494837094424144e-05, No Iterations 2, Solve time = 71.752 ms
bounding k, min: -0.0002806484678514439 max: 864.638191195722 average: 9.072030422740594
[mem] after-turb: DEVICE_POOL current=19126 MB  actual(reserved)=38146 MB  highWater=24414 MB
ExecutionTime = 940.62 s  ClockTime = 949 s

Time = 1167
[mem] step-start: DEVICE_POOL current=19126 MB  actual(reserved)=38146 MB  highWater=24414 MB
Schwarz(Jacobi)+Bicgstab:  Solving for Ux, Initial residual = 8.276320812375793e-05, Final residual = 4.5304364805604165e-06, No Iterations 2, Solve time = 179.337 ms
Schwarz(Jacobi)+Bicgstab:  Solving for Uy, Initial residual = 0.005694889622042207, Final residual = 0.000942290101843994, No Iterations 2, Solve time = 179.337 ms
Schwarz(Jacobi)+Bicgstab:  Solving for Uz, Initial residual = 0.0013254838215126553, Final residual = 8.333132347637366e-05, No Iterations 2, Solve time = 179.337 ms
[mem] after-UEqn: DEVICE_POOL current=19126 MB  actual(reserved)=38146 MB  highWater=24414 MB
config(Cg+Multigrid):  Solving for p, Initial residual = 0.001258749007026045, Final residual = 1.2406206671137982e-05, No Iterations 14, Solve time = 1657.523 ms
time step continuity errors : sum local = 3.1464617602505765e-06, global = 6.790551758115944e-09, cumulative = -2.7939589474580633e-05
[mem] after-pEqn: DEVICE_POOL current=19126 MB  actual(reserved)=38146 MB  highWater=24414 MB
[GinkgoSolver] p-cache: reuse(update_matrix_value) solve=167 rebuildInterval=0
Schwarz(Jacobi)+Bicgstab:  Solving for omega, Initial residual = 1.2841572148850793e-05, Final residual = 8.472216203887652e-07, No Iterations 2, Solve time = 78.133 ms
bounding omega, min: -26108.569228094027 max: 45355983.20713672 average: 6360.866196026247
[GinkgoSolver] p-cache: reuse(update_matrix_value) solve=167 rebuildInterval=0
Schwarz(Jacobi)+Bicgstab:  Solving for k, Initial residual = 0.000255089086918729, Final residual = 1.6872206385081094e-05, No Iterations 2, Solve time = 73.117 ms
bounding k, min: -2.795369652884485e-05 max: 864.5180903760782 average: 9.07158263667847
[mem] after-turb: DEVICE_POOL current=19126 MB  actual(reserved)=38146 MB  highWater=24414 MB
ExecutionTime = 945.39 s  ClockTime = 953 s

Time = 1168
[mem] step-start: DEVICE_POOL current=19126 MB  actual(reserved)=38146 MB  highWater=24414 MB
Schwarz(Jacobi)+Bicgstab:  Solving for Ux, Initial residual = 8.268867031625276e-05, Final residual = 3.713654486370255e-06, No Iterations 3, Solve time = 233.212 ms
Schwarz(Jacobi)+Bicgstab:  Solving for Uy, Initial residual = 0.0057449904159529615, Final residual = 0.00018163887233422872, No Iterations 3, Solve time = 233.212 ms
Schwarz(Jacobi)+Bicgstab:  Solving for Uz, Initial residual = 0.001323491460080195, Final residual = 5.582622200773688e-05, No Iterations 3, Solve time = 233.212 ms
[mem] after-UEqn: DEVICE_POOL current=19126 MB  actual(reserved)=38146 MB  highWater=24414 MB
config(Cg+Multigrid):  Solving for p, Initial residual = 0.00125991221069519, Final residual = 1.251115419352421e-05, No Iterations 17, Solve time = 1982.565 ms
time step continuity errors : sum local = 3.172990549870666e-06, global = 9.649903181262798e-09, cumulative = -2.792993957139937e-05
[mem] after-pEqn: DEVICE_POOL current=19126 MB  actual(reserved)=38146 MB  highWater=24414 MB
[GinkgoSolver] p-cache: reuse(update_matrix_value) solve=168 rebuildInterval=0
Schwarz(Jacobi)+Bicgstab:  Solving for omega, Initial residual = 1.2815313440244064e-05, Final residual = 8.515194084132234e-07, No Iterations 2, Solve time = 86.065 ms
bounding omega, min: -28145.489671450487 max: 45355983.22655062 average: 6360.637387379822
[GinkgoSolver] p-cache: reuse(update_matrix_value) solve=168 rebuildInterval=0
Schwarz(Jacobi)+Bicgstab:  Solving for k, Initial residual = 0.00025484289448505555, Final residual = 1.2051903773363223e-05, No Iterations 2, Solve time = 72.096 ms
bounding k, min: -0.01104092338947981 max: 864.4033451029619 average: 9.071055244491502
[mem] after-turb: DEVICE_POOL current=19126 MB  actual(reserved)=38146 MB  highWater=24414 MB
ExecutionTime = 950.5599999999999 s  ClockTime = 959 s

Time = 1169
[mem] step-start: DEVICE_POOL current=19126 MB  actual(reserved)=38146 MB  highWater=24414 MB
Schwarz(Jacobi)+Bicgstab:  Solving for Ux, Initial residual = 8.263800903186853e-05, Final residual = 5.0269324910171815e-06, No Iterations 3, Solve time = 223.468 ms
Schwarz(Jacobi)+Bicgstab:  Solving for Uy, Initial residual = 0.005740226432765115, Final residual = 0.00018149837643266986, No Iterations 3, Solve time = 223.468 ms
Schwarz(Jacobi)+Bicgstab:  Solving for Uz, Initial residual = 0.0013199204963005627, Final residual = 4.119449155801633e-05, No Iterations 3, Solve time = 223.468 ms
[mem] after-UEqn: DEVICE_POOL current=19126 MB  actual(reserved)=38146 MB  highWater=24414 MB
config(Cg+Multigrid):  Solving for p, Initial residual = 0.0012650003532777205, Final residual = 1.2626662606507615e-05, No Iterations 14, Solve time = 1651.398 ms
time step continuity errors : sum local = 3.201184556158678e-06, global = -1.901723222795986e-08, cumulative = -2.7948956803627333e-05
[mem] after-pEqn: DEVICE_POOL current=19126 MB  actual(reserved)=38146 MB  highWater=24414 MB
[GinkgoSolver] p-cache: reuse(update_matrix_value) solve=169 rebuildInterval=0
Schwarz(Jacobi)+Bicgstab:  Solving for omega, Initial residual = 1.2734680551480286e-05, Final residual = 8.614945846841445e-07, No Iterations 2, Solve time = 77.765 ms
bounding omega, min: -25248.808265348336 max: 45355983.233836934 average: 6360.411438168438
[GinkgoSolver] p-cache: reuse(update_matrix_value) solve=169 rebuildInterval=0
Schwarz(Jacobi)+Bicgstab:  Solving for k, Initial residual = 0.00025424311081747425, Final residual = 2.2644186481944296e-05, No Iterations 2, Solve time = 73.168 ms
bounding k, min: -0.004968125011810952 max: 864.2769865220163 average: 9.070243862296856
[mem] after-turb: DEVICE_POOL current=19126 MB  actual(reserved)=38146 MB  highWater=24414 MB
ExecutionTime = 955.41 s  ClockTime = 963 s

Time = 1170
[mem] step-start: DEVICE_POOL current=19126 MB  actual(reserved)=38146 MB  highWater=24414 MB
Schwarz(Jacobi)+Bicgstab:  Solving for Ux, Initial residual = 8.26780756995856e-05, Final residual = 5.522156064415827e-06, No Iterations 3, Solve time = 236.574 ms
Schwarz(Jacobi)+Bicgstab:  Solving for Uy, Initial residual = 0.005733152898468469, Final residual = 0.0001826910122068637, No Iterations 3, Solve time = 236.574 ms
Schwarz(Jacobi)+Bicgstab:  Solving for Uz, Initial residual = 0.001316396613870136, Final residual = 4.651351414284648e-05, No Iterations 3, Solve time = 236.574 ms
[mem] after-UEqn: DEVICE_POOL current=19126 MB  actual(reserved)=38146 MB  highWater=24414 MB
config(Cg+Multigrid):  Solving for p, Initial residual = 0.0012680280076851078, Final residual = 1.266923309945126e-05, No Iterations 17, Solve time = 1976.62 ms
time step continuity errors : sum local = 3.2107769083813236e-06, global = -1.2136925652273066e-08, cumulative = -2.7961093729279606e-05
[mem] after-pEqn: DEVICE_POOL current=19126 MB  actual(reserved)=38146 MB  highWater=24414 MB
[GinkgoSolver] p-cache: reuse(update_matrix_value) solve=170 rebuildInterval=0
Schwarz(Jacobi)+Bicgstab:  Solving for omega, Initial residual = 1.291437203230525e-05, Final residual = 8.665545548887862e-07, No Iterations 2, Solve time = 77.546 ms
bounding omega, min: -56036.541820031896 max: 45355983.227642946 average: 6360.083486489798
[GinkgoSolver] p-cache: reuse(update_matrix_value) solve=170 rebuildInterval=0
Schwarz(Jacobi)+Bicgstab:  Solving for k, Initial residual = 0.00025461079452375744, Final residual = 1.9798169699289854e-05, No Iterations 2, Solve time = 73.267 ms
bounding k, min: -0.003838656903142987 max: 864.1013659039997 average: 9.069514566328001
[mem] after-turb: DEVICE_POOL current=19126 MB  actual(reserved)=38146 MB  highWater=24414 MB
ExecutionTime = 960.61 s  ClockTime = 969 s

Time = 1171
[mem] step-start: DEVICE_POOL current=19126 MB  actual(reserved)=38146 MB  highWater=24414 MB
Schwarz(Jacobi)+Bicgstab:  Solving for Ux, Initial residual = 8.276010723172086e-05, Final residual = 4.731130522747091e-06, No Iterations 2, Solve time = 169.228 ms
Schwarz(Jacobi)+Bicgstab:  Solving for Uy, Initial residual = 0.005722425921121421, Final residual = 0.00046390724750176317, No Iterations 2, Solve time = 169.228 ms
Schwarz(Jacobi)+Bicgstab:  Solving for Uz, Initial residual = 0.0013146187544644224, Final residual = 8.485724524351646e-05, No Iterations 2, Solve time = 169.228 ms
[mem] after-UEqn: DEVICE_POOL current=19126 MB  actual(reserved)=38146 MB  highWater=24414 MB
config(Cg+Multigrid):  Solving for p, Initial residual = 0.0012684698224842011, Final residual = 1.2515787663257402e-05, No Iterations 13, Solve time = 1548.98 ms
time step continuity errors : sum local = 3.169243195381836e-06, global = -3.8219929451469e-08, cumulative = -2.7999313658731076e-05
[mem] after-pEqn: DEVICE_POOL current=19126 MB  actual(reserved)=38146 MB  highWater=24414 MB
[GinkgoSolver] p-cache: reuse(update_matrix_value) solve=171 rebuildInterval=0
Schwarz(Jacobi)+Bicgstab:  Solving for omega, Initial residual = 1.2849169508912095e-05, Final residual = 8.660514414514748e-07, No Iterations 2, Solve time = 73.252 ms
bounding omega, min: -26812.22821172628 max: 45355983.209602505 average: 6359.792588770751
[GinkgoSolver] p-cache: reuse(update_matrix_value) solve=171 rebuildInterval=0
Schwarz(Jacobi)+Bicgstab:  Solving for k, Initial residual = 0.00025477535671402957, Final residual = 1.5690880340702785e-05, No Iterations 2, Solve time = 73.224 ms
bounding k, min: -0.0001248172582516329 max: 863.9174283961701 average: 9.068783831117141
[mem] after-turb: DEVICE_POOL current=19126 MB  actual(reserved)=38146 MB  highWater=24414 MB
ExecutionTime = 965.3 s  ClockTime = 973 s

Time = 1172
[mem] step-start: DEVICE_POOL current=19126 MB  actual(reserved)=38146 MB  highWater=24414 MB
Schwarz(Jacobi)+Bicgstab:  Solving for Ux, Initial residual = 8.286558074967342e-05, Final residual = 4.608076559371345e-06, No Iterations 2, Solve time = 176.61 ms
Schwarz(Jacobi)+Bicgstab:  Solving for Uy, Initial residual = 0.005686156507431973, Final residual = 0.000934745301403935, No Iterations 2, Solve time = 176.61 ms
Schwarz(Jacobi)+Bicgstab:  Solving for Uz, Initial residual = 0.001318048381391259, Final residual = 8.052566124313709e-05, No Iterations 2, Solve time = 176.61 ms
[mem] after-UEqn: DEVICE_POOL current=19126 MB  actual(reserved)=38146 MB  highWater=24414 MB
config(Cg+Multigrid):  Solving for p, Initial residual = 0.0012620353943254682, Final residual = 1.2607447068594408e-05, No Iterations 14, Solve time = 1654.067 ms
time step continuity errors : sum local = 3.1908791608513363e-06, global = -4.2692491728889795e-08, cumulative = -2.8042006150459967e-05
[mem] after-pEqn: DEVICE_POOL current=19126 MB  actual(reserved)=38146 MB  highWater=24414 MB
[GinkgoSolver] p-cache: reuse(update_matrix_value) solve=172 rebuildInterval=0
Schwarz(Jacobi)+Bicgstab:  Solving for omega, Initial residual = 1.2812189663281713e-05, Final residual = 8.719217388065096e-07, No Iterations 2, Solve time = 86.267 ms
bounding omega, min: -25351.50424882332 max: 45355983.17916058 average: 6359.540154045596
[GinkgoSolver] p-cache: reuse(update_matrix_value) solve=172 rebuildInterval=0
Schwarz(Jacobi)+Bicgstab:  Solving for k, Initial residual = 0.0002544210339377676, Final residual = 1.5217814854074346e-05, No Iterations 2, Solve time = 73.396 ms
bounding k, min: -0.00013544594343484293 max: 863.6683330033152 average: 9.068236221514598
[mem] after-turb: DEVICE_POOL current=19126 MB  actual(reserved)=38146 MB  highWater=24414 MB
ExecutionTime = 970.1 s  ClockTime = 978 s

Time = 1173
[mem] step-start: DEVICE_POOL current=19126 MB  actual(reserved)=38146 MB  highWater=24414 MB
Schwarz(Jacobi)+Bicgstab:  Solving for Ux, Initial residual = 8.279086111159098e-05, Final residual = 3.357465246207431e-06, No Iterations 3, Solve time = 227.825 ms
Schwarz(Jacobi)+Bicgstab:  Solving for Uy, Initial residual = 0.00573258365577507, Final residual = 0.0001805612784342866, No Iterations 3, Solve time = 227.825 ms
Schwarz(Jacobi)+Bicgstab:  Solving for Uz, Initial residual = 0.0013152056192303947, Final residual = 5.65791809992726e-05, No Iterations 3, Solve time = 227.825 ms
[mem] after-UEqn: DEVICE_POOL current=19126 MB  actual(reserved)=38146 MB  highWater=24414 MB
config(Cg+Multigrid):  Solving for p, Initial residual = 0.0012635567834237255, Final residual = 1.2604730296718727e-05, No Iterations 15, Solve time = 1756.164 ms
time step continuity errors : sum local = 3.1880815173619187e-06, global = -3.663816709143966e-08, cumulative = -2.8078644317551408e-05
[mem] after-pEqn: DEVICE_POOL current=19126 MB  actual(reserved)=38146 MB  highWater=24414 MB
[GinkgoSolver] p-cache: reuse(update_matrix_value) solve=173 rebuildInterval=0
Schwarz(Jacobi)+Bicgstab:  Solving for omega, Initial residual = 1.2795487744772171e-05, Final residual = 8.713855550188733e-07, No Iterations 2, Solve time = 84.7 ms
bounding omega, min: -25798.855339636226 max: 45355983.144394144 average: 6359.268025783021
[GinkgoSolver] p-cache: reuse(update_matrix_value) solve=173 rebuildInterval=0
Schwarz(Jacobi)+Bicgstab:  Solving for k, Initial residual = 0.00025427581266702725, Final residual = 1.4666689290781416e-05, No Iterations 2, Solve time = 72.958 ms
bounding k, min: -5.846735792564685e-06 max: 863.3920342279363 average: 9.067434214584061
[mem] after-turb: DEVICE_POOL current=19126 MB  actual(reserved)=38146 MB  highWater=24414 MB
ExecutionTime = 975.04 s  ClockTime = 983 s

Time = 1174
[mem] step-start: DEVICE_POOL current=19126 MB  actual(reserved)=38146 MB  highWater=24414 MB
Schwarz(Jacobi)+Bicgstab:  Solving for Ux, Initial residual = 8.272837346827116e-05, Final residual = 4.795572970804106e-06, No Iterations 3, Solve time = 233.705 ms
Schwarz(Jacobi)+Bicgstab:  Solving for Uy, Initial residual = 0.0057235725845511416, Final residual = 0.00017911715895903039, No Iterations 3, Solve time = 233.705 ms
Schwarz(Jacobi)+Bicgstab:  Solving for Uz, Initial residual = 0.0013089140189453934, Final residual = 4.8479919879349147e-05, No Iterations 3, Solve time = 233.705 ms
[mem] after-UEqn: DEVICE_POOL current=19126 MB  actual(reserved)=38146 MB  highWater=24414 MB
config(Cg+Multigrid):  Solving for p, Initial residual = 0.0012642592020846793, Final residual = 1.2344524478049884e-05, No Iterations 14, Solve time = 1656.953 ms
time step continuity errors : sum local = 3.120002515265993e-06, global = -4.2012461015730365e-08, cumulative = -2.8120656778567138e-05
[mem] after-pEqn: DEVICE_POOL current=19126 MB  actual(reserved)=38146 MB  highWater=24414 MB
[GinkgoSolver] p-cache: reuse(update_matrix_value) solve=174 rebuildInterval=0
Schwarz(Jacobi)+Bicgstab:  Solving for omega, Initial residual = 1.2796267194316673e-05, Final residual = 8.73914318300023e-07, No Iterations 2, Solve time = 73.897 ms
bounding omega, min: -58998.408810472814 max: 45355983.1080215 average: 6358.943972498614
[GinkgoSolver] p-cache: reuse(update_matrix_value) solve=174 rebuildInterval=0
Schwarz(Jacobi)+Bicgstab:  Solving for k, Initial residual = 0.0002541728118122873, Final residual = 1.4254779250074367e-05, No Iterations 2, Solve time = 76.647 ms
bounding k, min: -0.0001183780919803536 max: 863.0760835831114 average: 9.066663231201908
[mem] after-turb: DEVICE_POOL current=19126 MB  actual(reserved)=38146 MB  highWater=24414 MB
ExecutionTime = 979.9 s  ClockTime = 988 s

Time = 1175
[mem] step-start: DEVICE_POOL current=19126 MB  actual(reserved)=38146 MB  highWater=24414 MB
Schwarz(Jacobi)+Bicgstab:  Solving for Ux, Initial residual = 8.276998115713002e-05, Final residual = 4.069334581644734e-06, No Iterations 3, Solve time = 227.035 ms
Schwarz(Jacobi)+Bicgstab:  Solving for Uy, Initial residual = 0.005708700659652487, Final residual = 0.0001805936080763084, No Iterations 3, Solve time = 227.035 ms
Schwarz(Jacobi)+Bicgstab:  Solving for Uz, Initial residual = 0.0013061001542829529, Final residual = 4.3460613312503506e-05, No Iterations 3, Solve time = 227.035 ms
[mem] after-UEqn: DEVICE_POOL current=19126 MB  actual(reserved)=38146 MB  highWater=24414 MB
config(Cg+Multigrid):  Solving for p, Initial residual = 0.0012635580973587076, Final residual = 1.2438223100310004e-05, No Iterations 17, Solve time = 1983.453 ms
time step continuity errors : sum local = 3.141798153121782e-06, global = -1.5321667507545195e-08, cumulative = -2.8135978446074685e-05
[mem] after-pEqn: DEVICE_POOL current=19126 MB  actual(reserved)=38146 MB  highWater=24414 MB
[GinkgoSolver] p-cache: reuse(update_matrix_value) solve=175 rebuildInterval=0
Schwarz(Jacobi)+Bicgstab:  Solving for omega, Initial residual = 1.2793173922614552e-05, Final residual = 8.672521144026053e-07, No Iterations 2, Solve time = 85.755 ms
bounding omega, min: -26238.567325764387 max: 45355983.071460225 average: 6358.642466285027
[GinkgoSolver] p-cache: reuse(update_matrix_value) solve=175 rebuildInterval=0
Schwarz(Jacobi)+Bicgstab:  Solving for k, Initial residual = 0.00025399395521233603, Final residual = 1.3905355162619487e-05, No Iterations 2, Solve time = 72.782 ms
bounding k, min: -0.0015872529690008769 max: 862.6919329612937 average: 9.065821818610333
[mem] after-turb: DEVICE_POOL current=19126 MB  actual(reserved)=38146 MB  highWater=24414 MB
ExecutionTime = 985.08 s  ClockTime = 993 s

Time = 1176
[mem] step-start: DEVICE_POOL current=19126 MB  actual(reserved)=38146 MB  highWater=24414 MB
Schwarz(Jacobi)+Bicgstab:  Solving for Ux, Initial residual = 8.27544231377133e-05, Final residual = 4.591584236173012e-06, No Iterations 2, Solve time = 179.585 ms
Schwarz(Jacobi)+Bicgstab:  Solving for Uy, Initial residual = 0.005688462943362113, Final residual = 0.0006795184476935746, No Iterations 2, Solve time = 179.585 ms
Schwarz(Jacobi)+Bicgstab:  Solving for Uz, Initial residual = 0.0013051316649288873, Final residual = 8.163542519215118e-05, No Iterations 2, Solve time = 179.585 ms
[mem] after-UEqn: DEVICE_POOL current=19126 MB  actual(reserved)=38146 MB  highWater=24414 MB
config(Cg+Multigrid):  Solving for p, Initial residual = 0.0012750966745946374, Final residual = 1.2327787760236407e-05, No Iterations 18, Solve time = 2085.609 ms
time step continuity errors : sum local = 3.1113836246258204e-06, global = -7.252945433841076e-09, cumulative = -2.8143231391508525e-05
[mem] after-pEqn: DEVICE_POOL current=19126 MB  actual(reserved)=38146 MB  highWater=24414 MB
[GinkgoSolver] p-cache: reuse(update_matrix_value) solve=176 rebuildInterval=0
Schwarz(Jacobi)+Bicgstab:  Solving for omega, Initial residual = 1.2803424901289128e-05, Final residual = 8.710321907754319e-07, No Iterations 2, Solve time = 86.441 ms
bounding omega, min: -24699.564850919625 max: 45355983.039170995 average: 6358.241241113523
[GinkgoSolver] p-cache: reuse(update_matrix_value) solve=176 rebuildInterval=0
Schwarz(Jacobi)+Bicgstab:  Solving for k, Initial residual = 0.0002540344832878749, Final residual = 1.3652449780796286e-05, No Iterations 2, Solve time = 75.961 ms
[mem] after-turb: DEVICE_POOL current=19126 MB  actual(reserved)=38146 MB  highWater=24414 MB
ExecutionTime = 990.3 s  ClockTime = 999 s

Time = 1177
[mem] step-start: DEVICE_POOL current=19126 MB  actual(reserved)=38146 MB  highWater=24414 MB
Schwarz(Jacobi)+Bicgstab:  Solving for Ux, Initial residual = 8.287566435696993e-05, Final residual = 4.52609210155943e-06, No Iterations 2, Solve time = 164.41 ms
Schwarz(Jacobi)+Bicgstab:  Solving for Uy, Initial residual = 0.005628782007065405, Final residual = 0.0009907965462543124, No Iterations 2, Solve time = 164.41 ms
Schwarz(Jacobi)+Bicgstab:  Solving for Uz, Initial residual = 0.0013109378912807934, Final residual = 7.02701617275668e-05, No Iterations 2, Solve time = 164.41 ms
[mem] after-UEqn: DEVICE_POOL current=19126 MB  actual(reserved)=38146 MB  highWater=24414 MB
config(Cg+Multigrid):  Solving for p, Initial residual = 0.00126503115402704, Final residual = 1.1614231604781105e-05, No Iterations 19, Solve time = 2182.596 ms
time step continuity errors : sum local = 2.9293086243998453e-06, global = 1.5025266482970962e-09, cumulative = -2.8141728864860228e-05
[mem] after-pEqn: DEVICE_POOL current=19126 MB  actual(reserved)=38146 MB  highWater=24414 MB
[GinkgoSolver] p-cache: reuse(update_matrix_value) solve=177 rebuildInterval=0
Schwarz(Jacobi)+Bicgstab:  Solving for omega, Initial residual = 1.2800584225307903e-05, Final residual = 8.742315141413893e-07, No Iterations 2, Solve time = 86.715 ms
bounding omega, min: -28373.252179274106 max: 45355983.01497498 average: 6357.91886020192
[GinkgoSolver] p-cache: reuse(update_matrix_value) solve=177 rebuildInterval=0
Schwarz(Jacobi)+Bicgstab:  Solving for k, Initial residual = 0.00025365719754992934, Final residual = 1.3456292574523092e-05, No Iterations 2, Solve time = 72.783 ms
bounding k, min: -7.34844829890515e-05 max: 861.7656866608004 average: 9.064127545394467
[mem] after-turb: DEVICE_POOL current=19126 MB  actual(reserved)=38146 MB  highWater=24414 MB
ExecutionTime = 995.62 s  ClockTime = 1004 s

Time = 1178
[mem] step-start: DEVICE_POOL current=19126 MB  actual(reserved)=38146 MB  highWater=24414 MB
Schwarz(Jacobi)+Bicgstab:  Solving for Ux, Initial residual = 8.273628054279722e-05, Final residual = 5.203010769655438e-06, No Iterations 3, Solve time = 222.69 ms
Schwarz(Jacobi)+Bicgstab:  Solving for Uy, Initial residual = 0.005666643567483587, Final residual = 0.0001818531001662313, No Iterations 3, Solve time = 222.69 ms
Schwarz(Jacobi)+Bicgstab:  Solving for Uz, Initial residual = 0.00130734179910417, Final residual = 6.946746035808771e-05, No Iterations 3, Solve time = 222.69 ms
[mem] after-UEqn: DEVICE_POOL current=19126 MB  actual(reserved)=38146 MB  highWater=24414 MB
config(Cg+Multigrid):  Solving for p, Initial residual = 0.0012667498805976462, Final residual = 1.2101122121760097e-05, No Iterations 13, Solve time = 1547.154 ms
time step continuity errors : sum local = 1.0487443235260316e-05, global = -7.453689223048006e-06, cumulative = -3.5595418087908234e-05
[mem] after-pEqn: DEVICE_POOL current=19126 MB  actual(reserved)=38146 MB  highWater=24414 MB
[GinkgoSolver] p-cache: reuse(update_matrix_value) solve=178 rebuildInterval=0
Schwarz(Jacobi)+Bicgstab:  Solving for omega, Initial residual = 1.2816696240579118e-05, Final residual = 8.783011585556034e-07, No Iterations 2, Solve time = 86.716 ms
bounding omega, min: -89868.32624233865 max: 45355982.99828282 average: 6357.615200461911
[GinkgoSolver] p-cache: reuse(update_matrix_value) solve=178 rebuildInterval=0
Schwarz(Jacobi)+Bicgstab:  Solving for k, Initial residual = 0.0002536003961866108, Final residual = 1.3335353393106296e-05, No Iterations 2, Solve time = 73.578 ms
bounding k, min: -0.001052614769097373 max: 861.1612462473582 average: 9.063324965450377
[mem] after-turb: DEVICE_POOL current=19126 MB  actual(reserved)=38146 MB  highWater=24414 MB
ExecutionTime = 1000.36 s  ClockTime = 1009 s

Time = 1179
[mem] step-start: DEVICE_POOL current=19126 MB  actual(reserved)=38146 MB  highWater=24414 MB
Schwarz(Jacobi)+Bicgstab:  Solving for Ux, Initial residual = 8.273034591111718e-05, Final residual = 3.662949600786045e-06, No Iterations 3, Solve time = 224.438 ms
Schwarz(Jacobi)+Bicgstab:  Solving for Uy, Initial residual = 0.005653529278994388, Final residual = 0.00017719196991246574, No Iterations 3, Solve time = 224.438 ms
Schwarz(Jacobi)+Bicgstab:  Solving for Uz, Initial residual = 0.0013059520253455004, Final residual = 0.00013829722491679537, No Iterations 3, Solve time = 224.438 ms
[mem] after-UEqn: DEVICE_POOL current=19126 MB  actual(reserved)=38146 MB  highWater=24414 MB
config(Cg+Multigrid):  Solving for p, Initial residual = 0.0012634920599227516, Final residual = 1.2132787340254026e-05, No Iterations 19, Solve time = 2192.266 ms
time step continuity errors : sum local = 3.058418919895984e-06, global = 1.3909741683131541e-08, cumulative = -3.5581508346225103e-05
[mem] after-pEqn: DEVICE_POOL current=19126 MB  actual(reserved)=38146 MB  highWater=24414 MB
[GinkgoSolver] p-cache: reuse(update_matrix_value) solve=179 rebuildInterval=0
Schwarz(Jacobi)+Bicgstab:  Solving for omega, Initial residual = 1.282858456761631e-05, Final residual = 8.660082263030551e-07, No Iterations 2, Solve time = 78.466 ms
bounding omega, min: -25490.36611945799 max: 45355982.98781991 average: 6357.339645179032
[GinkgoSolver] p-cache: reuse(update_matrix_value) solve=179 rebuildInterval=0
Schwarz(Jacobi)+Bicgstab:  Solving for k, Initial residual = 0.00025349337949932143, Final residual = 1.3243389041541966e-05, No Iterations 2, Solve time = 72.561 ms
bounding k, min: -0.00011503236918194775 max: 860.4389842795497 average: 9.062493992749733
[mem] after-turb: DEVICE_POOL current=19126 MB  actual(reserved)=38146 MB  highWater=24414 MB
ExecutionTime = 1005.75 s  ClockTime = 1014 s

Time = 1180
[mem] step-start: DEVICE_POOL current=19126 MB  actual(reserved)=38146 MB  highWater=24414 MB
Schwarz(Jacobi)+Bicgstab:  Solving for Ux, Initial residual = 8.26468600013244e-05, Final residual = 4.328087469329261e-06, No Iterations 3, Solve time = 235.487 ms
Schwarz(Jacobi)+Bicgstab:  Solving for Uy, Initial residual = 0.0056363608945596685, Final residual = 0.0001772719055590697, No Iterations 3, Solve time = 235.487 ms
Schwarz(Jacobi)+Bicgstab:  Solving for Uz, Initial residual = 0.0013107569111420355, Final residual = 4.9307680474912015e-05, No Iterations 3, Solve time = 235.487 ms
[mem] after-UEqn: DEVICE_POOL current=19126 MB  actual(reserved)=38146 MB  highWater=24414 MB
config(Cg+Multigrid):  Solving for p, Initial residual = 0.0012664297714513654, Final residual = 1.2393705077034235e-05, No Iterations 18, Solve time = 2090.86 ms
time step continuity errors : sum local = 3.124434742826875e-06, global = 1.63583560798837e-08, cumulative = -3.556514999014522e-05
[mem] after-pEqn: DEVICE_POOL current=19126 MB  actual(reserved)=38146 MB  highWater=24414 MB
[GinkgoSolver] p-cache: reuse(update_matrix_value) solve=180 rebuildInterval=0
Schwarz(Jacobi)+Bicgstab:  Solving for omega, Initial residual = 1.2824578500189e-05, Final residual = 8.708384341899806e-07, No Iterations 2, Solve time = 86.998 ms
bounding omega, min: -23812.989582795595 max: 45355982.98529564 average: 6357.009109974489
[GinkgoSolver] p-cache: reuse(update_matrix_value) solve=180 rebuildInterval=0
Schwarz(Jacobi)+Bicgstab:  Solving for k, Initial residual = 0.0002534310728730502, Final residual = 1.3184566503542279e-05, No Iterations 2, Solve time = 76.906 ms
bounding k, min: -0.00016880499024756954 max: 859.6681328030962 average: 9.06157170396408
[mem] after-turb: DEVICE_POOL current=19126 MB  actual(reserved)=38146 MB  highWater=24414 MB
ExecutionTime = 1011.07 s  ClockTime = 1020 s

Time = 1181
[mem] step-start: DEVICE_POOL current=19126 MB  actual(reserved)=38146 MB  highWater=24414 MB
Schwarz(Jacobi)+Bicgstab:  Solving for Ux, Initial residual = 8.264247248034102e-05, Final residual = 4.122642585124246e-06, No Iterations 3, Solve time = 228.815 ms
Schwarz(Jacobi)+Bicgstab:  Solving for Uy, Initial residual = 0.005616754031198061, Final residual = 0.00017714669841428657, No Iterations 3, Solve time = 228.815 ms
Schwarz(Jacobi)+Bicgstab:  Solving for Uz, Initial residual = 0.001306846214110117, Final residual = 4.592859000669258e-05, No Iterations 3, Solve time = 228.815 ms
[mem] after-UEqn: DEVICE_POOL current=19126 MB  actual(reserved)=38146 MB  highWater=24414 MB
config(Cg+Multigrid):  Solving for p, Initial residual = 0.0012691721430245786, Final residual = 1.1571898855997412e-05, No Iterations 13, Solve time = 1544.469 ms
time step continuity errors : sum local = 2.917679042205754e-06, global = 1.0242607983269786e-09, cumulative = -3.556412572934689e-05
[mem] after-pEqn: DEVICE_POOL current=19126 MB  actual(reserved)=38146 MB  highWater=24414 MB
[GinkgoSolver] p-cache: reuse(update_matrix_value) solve=181 rebuildInterval=0
Schwarz(Jacobi)+Bicgstab:  Solving for omega, Initial residual = 1.2826567808473356e-05, Final residual = 8.742500473554513e-07, No Iterations 2, Solve time = 78.925 ms
bounding omega, min: -26697.857598909137 max: 45355982.9899369 average: 6356.681268806958
[GinkgoSolver] p-cache: reuse(update_matrix_value) solve=181 rebuildInterval=0
Schwarz(Jacobi)+Bicgstab:  Solving for k, Initial residual = 0.0002533713080339298, Final residual = 1.3156842918514882e-05, No Iterations 2, Solve time = 73.591 ms
bounding k, min: -0.00023869067064320043 max: 858.8272724658152 average: 9.060552605973083
[mem] after-turb: DEVICE_POOL current=19126 MB  actual(reserved)=38146 MB  highWater=24414 MB
ExecutionTime = 1015.83 s  ClockTime = 1024 s

Time = 1182
[mem] step-start: DEVICE_POOL current=19126 MB  actual(reserved)=38146 MB  highWater=24414 MB
Schwarz(Jacobi)+Bicgstab:  Solving for Ux, Initial residual = 8.262035362532495e-05, Final residual = 4.1192493575960635e-06, No Iterations 3, Solve time = 228.648 ms
Schwarz(Jacobi)+Bicgstab:  Solving for Uy, Initial residual = 0.005596482757520917, Final residual = 0.0001771430068344379, No Iterations 3, Solve time = 228.648 ms
Schwarz(Jacobi)+Bicgstab:  Solving for Uz, Initial residual = 0.0013043461846097045, Final residual = 4.2474423066421834e-05, No Iterations 3, Solve time = 228.648 ms
[mem] after-UEqn: DEVICE_POOL current=19126 MB  actual(reserved)=38146 MB  highWater=24414 MB
config(Cg+Multigrid):  Solving for p, Initial residual = 0.0012706550524342747, Final residual = 1.2117561932035577e-05, No Iterations 13, Solve time = 1547.481 ms
time step continuity errors : sum local = 3.055533332640549e-06, global = 7.89029290874835e-09, cumulative = -3.5556235436438143e-05
[mem] after-pEqn: DEVICE_POOL current=19126 MB  actual(reserved)=38146 MB  highWater=24414 MB
[GinkgoSolver] p-cache: reuse(update_matrix_value) solve=182 rebuildInterval=0
Schwarz(Jacobi)+Bicgstab:  Solving for omega, Initial residual = 1.2829711869316289e-05, Final residual = 8.747356246318338e-07, No Iterations 2, Solve time = 82.082 ms
bounding omega, min: -134875.01529090488 max: 45355983.00111776 average: 6356.304224053955
[GinkgoSolver] p-cache: reuse(update_matrix_value) solve=182 rebuildInterval=0
Schwarz(Jacobi)+Bicgstab:  Solving for k, Initial residual = 0.00025334115154079925, Final residual = 1.3144055020775728e-05, No Iterations 2, Solve time = 73.185 ms
bounding k, min: -0.0002006803907484238 max: 857.9478454793267 average: 9.05944789877406
[mem] after-turb: DEVICE_POOL current=19126 MB  actual(reserved)=38146 MB  highWater=24414 MB
ExecutionTime = 1020.56 s  ClockTime = 1029 s

Time = 1183
[mem] step-start: DEVICE_POOL current=19126 MB  actual(reserved)=38146 MB  highWater=24414 MB
Schwarz(Jacobi)+Bicgstab:  Solving for Ux, Initial residual = 8.260859394909265e-05, Final residual = 4.725440583720683e-06, No Iterations 2, Solve time = 178.78 ms
Schwarz(Jacobi)+Bicgstab:  Solving for Uy, Initial residual = 0.005578708031289712, Final residual = 0.0007373629376253852, No Iterations 2, Solve time = 178.78 ms
Schwarz(Jacobi)+Bicgstab:  Solving for Uz, Initial residual = 0.001301969083395614, Final residual = 8.404226125472278e-05, No Iterations 2, Solve time = 178.78 ms
[mem] after-UEqn: DEVICE_POOL current=19126 MB  actual(reserved)=38146 MB  highWater=24414 MB
config(Cg+Multigrid):  Solving for p, Initial residual = 0.0012826738888696175, Final residual = 1.1807754516381193e-05, No Iterations 14, Solve time = 1654.496 ms
time step continuity errors : sum local = 2.9777453546609422e-06, global = 2.102805654236604e-08, cumulative = -3.553520737989578e-05
[mem] after-pEqn: DEVICE_POOL current=19126 MB  actual(reserved)=38146 MB  highWater=24414 MB
[GinkgoSolver] p-cache: reuse(update_matrix_value) solve=183 rebuildInterval=0
Schwarz(Jacobi)+Bicgstab:  Solving for omega, Initial residual = 1.2851555437458481e-05, Final residual = 8.709150164185674e-07, No Iterations 2, Solve time = 77.072 ms
bounding omega, min: -28182.72742264306 max: 45355983.01436744 average: 6355.910414303632
[GinkgoSolver] p-cache: reuse(update_matrix_value) solve=183 rebuildInterval=0
Schwarz(Jacobi)+Bicgstab:  Solving for k, Initial residual = 0.0002535628891623058, Final residual = 1.3181125006969755e-05, No Iterations 2, Solve time = 72.536 ms
bounding k, min: -0.00017553888495627865 max: 857.0879518054049 average: 9.058209442380193
[mem] after-turb: DEVICE_POOL current=19126 MB  actual(reserved)=38146 MB  highWater=24414 MB
ExecutionTime = 1025.37 s  ClockTime = 1034 s

Time = 1184
[mem] step-start: DEVICE_POOL current=19126 MB  actual(reserved)=38146 MB  highWater=24414 MB
Schwarz(Jacobi)+Bicgstab:  Solving for Ux, Initial residual = 8.274572705428571e-05, Final residual = 4.69428022386204e-06, No Iterations 2, Solve time = 175.139 ms
Schwarz(Jacobi)+Bicgstab:  Solving for Uy, Initial residual = 0.005523886083654352, Final residual = 0.0009579567194160944, No Iterations 2, Solve time = 175.139 ms
Schwarz(Jacobi)+Bicgstab:  Solving for Uz, Initial residual = 0.0013062165133179168, Final residual = 7.969300955773162e-05, No Iterations 2, Solve time = 175.139 ms
[mem] after-UEqn: DEVICE_POOL current=19126 MB  actual(reserved)=38146 MB  highWater=24414 MB
config(Cg+Multigrid):  Solving for p, Initial residual = 0.0012716613969065798, Final residual = 1.1571085270694885e-05, No Iterations 14, Solve time = 1653.336 ms
time step continuity errors : sum local = 2.918619127152373e-06, global = 1.774396154793943e-08, cumulative = -3.551746341834784e-05
[mem] after-pEqn: DEVICE_POOL current=19126 MB  actual(reserved)=38146 MB  highWater=24414 MB
[GinkgoSolver] p-cache: reuse(update_matrix_value) solve=184 rebuildInterval=0
Schwarz(Jacobi)+Bicgstab:  Solving for omega, Initial residual = 1.2855394221690305e-05, Final residual = 8.736517859709806e-07, No Iterations 2, Solve time = 76.871 ms
bounding omega, min: -19313.62587612125 max: 45355983.03019788 average: 6355.483098331496
[GinkgoSolver] p-cache: reuse(update_matrix_value) solve=184 rebuildInterval=0
Schwarz(Jacobi)+Bicgstab:  Solving for k, Initial residual = 0.00025338133942472125, Final residual = 1.31903032895313e-05, No Iterations 2, Solve time = 73.319 ms
bounding k, min: -0.00018550667944812298 max: 856.2148876692963 average: 9.057156440241679
[mem] after-turb: DEVICE_POOL current=19126 MB  actual(reserved)=38146 MB  highWater=24414 MB
ExecutionTime = 1030.18 s  ClockTime = 1039 s

Time = 1185
[mem] step-start: DEVICE_POOL current=19126 MB  actual(reserved)=38146 MB  highWater=24414 MB
Schwarz(Jacobi)+Bicgstab:  Solving for Ux, Initial residual = 8.262481006770232e-05, Final residual = 4.745232554070967e-06, No Iterations 2, Solve time = 164.118 ms
Schwarz(Jacobi)+Bicgstab:  Solving for Uy, Initial residual = 0.005571893518516923, Final residual = 0.0010034619719848324, No Iterations 2, Solve time = 164.118 ms
Schwarz(Jacobi)+Bicgstab:  Solving for Uz, Initial residual = 0.0013021658495588019, Final residual = 6.512775236262293e-05, No Iterations 2, Solve time = 164.118 ms
[mem] after-UEqn: DEVICE_POOL current=19126 MB  actual(reserved)=38146 MB  highWater=24414 MB
config(Cg+Multigrid):  Solving for p, Initial residual = 0.0012870586300948953, Final residual = 1.2733676945731199e-05, No Iterations 13, Solve time = 1542.335 ms
time step continuity errors : sum local = 3.2124581881784983e-06, global = 1.549667956342175e-08, cumulative = -3.5501966738784414e-05
[mem] after-pEqn: DEVICE_POOL current=19126 MB  actual(reserved)=38146 MB  highWater=24414 MB
[GinkgoSolver] p-cache: reuse(update_matrix_value) solve=185 rebuildInterval=0
Schwarz(Jacobi)+Bicgstab:  Solving for omega, Initial residual = 1.2865451133498644e-05, Final residual = 8.77607226714502e-07, No Iterations 2, Solve time = 76.353 ms
bounding omega, min: -23166.34969659723 max: 45355983.047251076 average: 6355.126845008621
[GinkgoSolver] p-cache: reuse(update_matrix_value) solve=185 rebuildInterval=0
Schwarz(Jacobi)+Bicgstab:  Solving for k, Initial residual = 0.00025327893828805214, Final residual = 1.3193690313801437e-05, No Iterations 2, Solve time = 72.417 ms
bounding k, min: -0.00067781100179376 max: 855.3714529459304 average: 9.056183907332665
[mem] after-turb: DEVICE_POOL current=19126 MB  actual(reserved)=38146 MB  highWater=24414 MB
ExecutionTime = 1034.88 s  ClockTime = 1044 s

Time = 1186
[mem] step-start: DEVICE_POOL current=19126 MB  actual(reserved)=38146 MB  highWater=24414 MB
Schwarz(Jacobi)+Bicgstab:  Solving for Ux, Initial residual = 8.249919158524482e-05, Final residual = 3.1786356809388193e-06, No Iterations 3, Solve time = 231.309 ms
Schwarz(Jacobi)+Bicgstab:  Solving for Uy, Initial residual = 0.005658240923058804, Final residual = 0.0001762090912411076, No Iterations 3, Solve time = 231.309 ms
Schwarz(Jacobi)+Bicgstab:  Solving for Uz, Initial residual = 0.0012924077789078794, Final residual = 7.01042737450441e-05, No Iterations 3, Solve time = 231.309 ms
[mem] after-UEqn: DEVICE_POOL current=19126 MB  actual(reserved)=38146 MB  highWater=24414 MB
config(Cg+Multigrid):  Solving for p, Initial residual = 0.0012684283485261806, Final residual = 1.2451394942459172e-05, No Iterations 13, Solve time = 1548.062 ms
time step continuity errors : sum local = 3.14180124214527e-06, global = 1.7559268931274733e-08, cumulative = -3.548440746985314e-05
[mem] after-pEqn: DEVICE_POOL current=19126 MB  actual(reserved)=38146 MB  highWater=24414 MB
[GinkgoSolver] p-cache: reuse(update_matrix_value) solve=186 rebuildInterval=0
Schwarz(Jacobi)+Bicgstab:  Solving for omega, Initial residual = 1.2864857178773232e-05, Final residual = 8.760159552135126e-07, No Iterations 2, Solve time = 79.008 ms
bounding omega, min: -158923.2205217468 max: 45355983.06244764 average: 6354.683325295062
[GinkgoSolver] p-cache: reuse(update_matrix_value) solve=186 rebuildInterval=0
Schwarz(Jacobi)+Bicgstab:  Solving for k, Initial residual = 0.000253303000862481, Final residual = 1.3223159392276606e-05, No Iterations 2, Solve time = 72.982 ms
bounding k, min: -0.00048181103216031473 max: 854.6367544507548 average: 9.055045935512764
[mem] after-turb: DEVICE_POOL current=19126 MB  actual(reserved)=38146 MB  highWater=24414 MB
ExecutionTime = 1039.63 s  ClockTime = 1048 s

Time = 1187
[mem] step-start: DEVICE_POOL current=19126 MB  actual(reserved)=38146 MB  highWater=24414 MB
Schwarz(Jacobi)+Bicgstab:  Solving for Ux, Initial residual = 8.237513493061538e-05, Final residual = 4.887764395180691e-06, No Iterations 3, Solve time = 227.25 ms
Schwarz(Jacobi)+Bicgstab:  Solving for Uy, Initial residual = 0.005652661403108095, Final residual = 0.000176255528884885, No Iterations 3, Solve time = 227.25 ms
Schwarz(Jacobi)+Bicgstab:  Solving for Uz, Initial residual = 0.0012887494386300755, Final residual = 5.490458566924901e-05, No Iterations 3, Solve time = 227.25 ms
[mem] after-UEqn: DEVICE_POOL current=19126 MB  actual(reserved)=38146 MB  highWater=24414 MB
config(Cg+Multigrid):  Solving for p, Initial residual = 0.001270614032948641, Final residual = 1.2594717134665687e-05, No Iterations 13, Solve time = 1537.859 ms
time step continuity errors : sum local = 3.17868828408292e-06, global = 2.0533951005642445e-08, cumulative = -3.54638735188475e-05
[mem] after-pEqn: DEVICE_POOL current=19126 MB  actual(reserved)=38146 MB  highWater=24414 MB
[GinkgoSolver] p-cache: reuse(update_matrix_value) solve=187 rebuildInterval=0
Schwarz(Jacobi)+Bicgstab:  Solving for omega, Initial residual = 1.2882841819252271e-05, Final residual = 8.726449237830842e-07, No Iterations 2, Solve time = 87.231 ms
bounding omega, min: -20596.71279085974 max: 45355983.07040374 average: 6354.184993613214
[GinkgoSolver] p-cache: reuse(update_matrix_value) solve=187 rebuildInterval=0
Schwarz(Jacobi)+Bicgstab:  Solving for k, Initial residual = 0.0002535254810760831, Final residual = 1.3272716057458276e-05, No Iterations 2, Solve time = 77.363 ms
bounding k, min: -0.0009538678537919301 max: 853.9843258559785 average: 9.05392388553655
[mem] after-turb: DEVICE_POOL current=19126 MB  actual(reserved)=38146 MB  highWater=24414 MB
ExecutionTime = 1044.4 s  ClockTime = 1053 s

Time = 1188
[mem] step-start: DEVICE_POOL current=19126 MB  actual(reserved)=38146 MB  highWater=24414 MB
Schwarz(Jacobi)+Bicgstab:  Solving for Ux, Initial residual = 8.246878378651578e-05, Final residual = 3.4641895735589024e-06, No Iterations 3, Solve time = 232.063 ms
Schwarz(Jacobi)+Bicgstab:  Solving for Uy, Initial residual = 0.00563176197301759, Final residual = 0.00018078888700291215, No Iterations 3, Solve time = 232.063 ms
Schwarz(Jacobi)+Bicgstab:  Solving for Uz, Initial residual = 0.001288670687182054, Final residual = 4.228008645556657e-05, No Iterations 3, Solve time = 232.063 ms
[mem] after-UEqn: DEVICE_POOL current=19126 MB  actual(reserved)=38146 MB  highWater=24414 MB
config(Cg+Multigrid):  Solving for p, Initial residual = 0.0012721123884768383, Final residual = 1.1613219883962989e-05, No Iterations 14, Solve time = 1643.914 ms
time step continuity errors : sum local = 2.931677430172939e-06, global = 2.752027541893588e-08, cumulative = -3.5436353243428565e-05
[mem] after-pEqn: DEVICE_POOL current=19126 MB  actual(reserved)=38146 MB  highWater=24414 MB
[GinkgoSolver] p-cache: reuse(update_matrix_value) solve=188 rebuildInterval=0
Schwarz(Jacobi)+Bicgstab:  Solving for omega, Initial residual = 1.2883091932198806e-05, Final residual = 8.771652047510464e-07, No Iterations 2, Solve time = 73.04 ms
bounding omega, min: -22151.40577866779 max: 45355983.07111448 average: 6353.510475742967
[GinkgoSolver] p-cache: reuse(update_matrix_value) solve=188 rebuildInterval=0
Schwarz(Jacobi)+Bicgstab:  Solving for k, Initial residual = 0.00025362327762922806, Final residual = 1.3434837000006644e-05, No Iterations 2, Solve time = 72.827 ms
bounding k, min: -0.0015319684164947882 max: 853.4335580663355 average: 9.052726924861084
[mem] after-turb: DEVICE_POOL current=19126 MB  actual(reserved)=38146 MB  highWater=24414 MB
ExecutionTime = 1049.27 s  ClockTime = 1058 s

Time = 1189
[mem] step-start: DEVICE_POOL current=19126 MB  actual(reserved)=38146 MB  highWater=24414 MB
Schwarz(Jacobi)+Bicgstab:  Solving for Ux, Initial residual = 8.247513509883448e-05, Final residual = 4.116825747285455e-06, No Iterations 3, Solve time = 230.549 ms
Schwarz(Jacobi)+Bicgstab:  Solving for Uy, Initial residual = 0.00560133057517098, Final residual = 0.0001850305650299163, No Iterations 3, Solve time = 230.549 ms
Schwarz(Jacobi)+Bicgstab:  Solving for Uz, Initial residual = 0.0012901208741208537, Final residual = 4.863058304021532e-05, No Iterations 3, Solve time = 230.549 ms
[mem] after-UEqn: DEVICE_POOL current=19126 MB  actual(reserved)=38146 MB  highWater=24414 MB
config(Cg+Multigrid):  Solving for p, Initial residual = 0.0012746390453198513, Final residual = 1.251468732576398e-05, No Iterations 14, Solve time = 1649.889 ms
time step continuity errors : sum local = 3.160306663377058e-06, global = 3.260147950626038e-08, cumulative = -3.5403751763922306e-05
[mem] after-pEqn: DEVICE_POOL current=19126 MB  actual(reserved)=38146 MB  highWater=24414 MB
[GinkgoSolver] p-cache: reuse(update_matrix_value) solve=189 rebuildInterval=0
Schwarz(Jacobi)+Bicgstab:  Solving for omega, Initial residual = 1.2895827592988407e-05, Final residual = 8.838779317654675e-07, No Iterations 2, Solve time = 78.5 ms
bounding omega, min: -22031.552014920875 max: 45355983.06015239 average: 6352.782002320129
[GinkgoSolver] p-cache: reuse(update_matrix_value) solve=189 rebuildInterval=0
Schwarz(Jacobi)+Bicgstab:  Solving for k, Initial residual = 0.00025380646158805047, Final residual = 1.3636530698671223e-05, No Iterations 2, Solve time = 72.793 ms
bounding k, min: -0.00038165380661510265 max: 852.9848108978485 average: 9.051563124648228
[mem] after-turb: DEVICE_POOL current=19126 MB  actual(reserved)=38146 MB  highWater=24414 MB
ExecutionTime = 1054.11 s  ClockTime = 1063 s

Time = 1190
[mem] step-start: DEVICE_POOL current=19126 MB  actual(reserved)=38146 MB  highWater=24414 MB
Schwarz(Jacobi)+Bicgstab:  Solving for Ux, Initial residual = 8.256339229766126e-05, Final residual = 3.62222468013552e-06, No Iterations 3, Solve time = 226.641 ms
Schwarz(Jacobi)+Bicgstab:  Solving for Uy, Initial residual = 0.005569446261788568, Final residual = 0.00018897838115150163, No Iterations 3, Solve time = 226.641 ms
Schwarz(Jacobi)+Bicgstab:  Solving for Uz, Initial residual = 0.001293373036588219, Final residual = 4.907516365341537e-05, No Iterations 3, Solve time = 226.641 ms
[mem] after-UEqn: DEVICE_POOL current=19126 MB  actual(reserved)=38146 MB  highWater=24414 MB
config(Cg+Multigrid):  Solving for p, Initial residual = 0.001272321297885947, Final residual = 1.199945138396689e-05, No Iterations 16, Solve time = 1871.527 ms
time step continuity errors : sum local = 3.0313409145894816e-06, global = 4.408690464271418e-08, cumulative = -3.5359664859279595e-05
[mem] after-pEqn: DEVICE_POOL current=19126 MB  actual(reserved)=38146 MB  highWater=24414 MB
[GinkgoSolver] p-cache: reuse(update_matrix_value) solve=190 rebuildInterval=0
Schwarz(Jacobi)+Bicgstab:  Solving for omega, Initial residual = 1.2906936024514926e-05, Final residual = 8.88344459971409e-07, No Iterations 2, Solve time = 78.551 ms
bounding omega, min: -354878.6118454071 max: 45355983.03642125 average: 6351.956902324525
[GinkgoSolver] p-cache: reuse(update_matrix_value) solve=190 rebuildInterval=0
Schwarz(Jacobi)+Bicgstab:  Solving for k, Initial residual = 0.0002539316352499459, Final residual = 1.3529273579018526e-05, No Iterations 2, Solve time = 73.439 ms
bounding k, min: -0.0012912325819569026 max: 852.678409988324 average: 9.050420656698224
[mem] after-turb: DEVICE_POOL current=19126 MB  actual(reserved)=38146 MB  highWater=24414 MB
ExecutionTime = 1059.18 s  ClockTime = 1068 s

Time = 1191
[mem] step-start: DEVICE_POOL current=19126 MB  actual(reserved)=38146 MB  highWater=24414 MB
Schwarz(Jacobi)+Bicgstab:  Solving for Ux, Initial residual = 8.260731134442392e-05, Final residual = 4.044439294191033e-06, No Iterations 3, Solve time = 228.428 ms
Schwarz(Jacobi)+Bicgstab:  Solving for Uy, Initial residual = 0.005543394026344016, Final residual = 0.0001923311525935183, No Iterations 3, Solve time = 228.428 ms
Schwarz(Jacobi)+Bicgstab:  Solving for Uz, Initial residual = 0.0012963059277960676, Final residual = 5.1706699029924415e-05, No Iterations 3, Solve time = 228.428 ms
[mem] after-UEqn: DEVICE_POOL current=19126 MB  actual(reserved)=38146 MB  highWater=24414 MB
config(Cg+Multigrid):  Solving for p, Initial residual = 0.0012708261597513106, Final residual = 1.2205435032834959e-05, No Iterations 17, Solve time = 1983.619 ms
time step continuity errors : sum local = 3.084985432049251e-06, global = 4.9307842820408554e-08, cumulative = -3.531035701645919e-05
[mem] after-pEqn: DEVICE_POOL current=19126 MB  actual(reserved)=38146 MB  highWater=24414 MB
[GinkgoSolver] p-cache: reuse(update_matrix_value) solve=191 rebuildInterval=0
Schwarz(Jacobi)+Bicgstab:  Solving for omega, Initial residual = 1.2918059040865578e-05, Final residual = 8.878449849942111e-07, No Iterations 2, Solve time = 86.5 ms
bounding omega, min: -24547.645738872634 max: 45355982.99487747 average: 6351.163965717673
[GinkgoSolver] p-cache: reuse(update_matrix_value) solve=191 rebuildInterval=0
Schwarz(Jacobi)+Bicgstab:  Solving for k, Initial residual = 0.00025409191035571216, Final residual = 1.339072824486874e-05, No Iterations 2, Solve time = 72.174 ms
bounding k, min: -0.0014408949095145451 max: 852.510125886773 average: 9.049354194360978
[mem] after-turb: DEVICE_POOL current=19126 MB  actual(reserved)=38146 MB  highWater=24414 MB
ExecutionTime = 1064.35 s  ClockTime = 1073 s

Time = 1192
[mem] step-start: DEVICE_POOL current=19126 MB  actual(reserved)=38146 MB  highWater=24414 MB
Schwarz(Jacobi)+Bicgstab:  Solving for Ux, Initial residual = 8.266856286897055e-05, Final residual = 3.6831783807688354e-06, No Iterations 3, Solve time = 247.939 ms
Schwarz(Jacobi)+Bicgstab:  Solving for Uy, Initial residual = 0.005526226200661023, Final residual = 0.00019604984136224092, No Iterations 3, Solve time = 247.939 ms
Schwarz(Jacobi)+Bicgstab:  Solving for Uz, Initial residual = 0.0012981987289524218, Final residual = 4.961142714049724e-05, No Iterations 3, Solve time = 247.939 ms
[mem] after-UEqn: DEVICE_POOL current=19126 MB  actual(reserved)=38146 MB  highWater=24414 MB
config(Cg+Multigrid):  Solving for p, Initial residual = 0.001268365116519291, Final residual = 1.2607160757057076e-05, No Iterations 16, Solve time = 1872.919 ms
time step continuity errors : sum local = 3.188378942351144e-06, global = 3.9852595413783396e-08, cumulative = -3.5270504421045406e-05
[mem] after-pEqn: DEVICE_POOL current=19126 MB  actual(reserved)=38146 MB  highWater=24414 MB
[GinkgoSolver] p-cache: reuse(update_matrix_value) solve=192 rebuildInterval=0
Schwarz(Jacobi)+Bicgstab:  Solving for omega, Initial residual = 1.2920321766724401e-05, Final residual = 8.957544844070994e-07, No Iterations 2, Solve time = 86.244 ms
bounding omega, min: -24836.89840728594 max: 45355982.93711657 average: 6350.316593227292
[GinkgoSolver] p-cache: reuse(update_matrix_value) solve=192 rebuildInterval=0
Schwarz(Jacobi)+Bicgstab:  Solving for k, Initial residual = 0.0002542010772116426, Final residual = 1.3396467575205185e-05, No Iterations 2, Solve time = 73.983 ms
bounding k, min: -0.002363663501035493 max: 852.5012444550968 average: 9.048344631158985
[mem] after-turb: DEVICE_POOL current=19126 MB  actual(reserved)=38146 MB  highWater=24414 MB
ExecutionTime = 1069.43 s  ClockTime = 1078 s

Time = 1193
[mem] step-start: DEVICE_POOL current=19126 MB  actual(reserved)=38146 MB  highWater=24414 MB
Schwarz(Jacobi)+Bicgstab:  Solving for Ux, Initial residual = 8.266668027395271e-05, Final residual = 3.836501893713691e-06, No Iterations 3, Solve time = 220.425 ms
Schwarz(Jacobi)+Bicgstab:  Solving for Uy, Initial residual = 0.005518070724099379, Final residual = 0.0001988463316240918, No Iterations 3, Solve time = 220.425 ms
Schwarz(Jacobi)+Bicgstab:  Solving for Uz, Initial residual = 0.0012983555875363182, Final residual = 5.294132644416579e-05, No Iterations 3, Solve time = 220.425 ms
[mem] after-UEqn: DEVICE_POOL current=19126 MB  actual(reserved)=38146 MB  highWater=24414 MB
config(Cg+Multigrid):  Solving for p, Initial residual = 0.0012671188291805994, Final residual = 1.2464208501834934e-05, No Iterations 14, Solve time = 1634.552 ms
time step continuity errors : sum local = 3.1537724737721516e-06, global = 2.4277716175697215e-08, cumulative = -3.524622670486971e-05
[mem] after-pEqn: DEVICE_POOL current=19126 MB  actual(reserved)=38146 MB  highWater=24414 MB
[GinkgoSolver] p-cache: reuse(update_matrix_value) solve=193 rebuildInterval=0
Schwarz(Jacobi)+Bicgstab:  Solving for omega, Initial residual = 1.2928380933208819e-05, Final residual = 9.043459381937978e-07, No Iterations 2, Solve time = 77.987 ms
bounding omega, min: -23661.93672332543 max: 45355982.86328467 average: 6349.513973432157
[GinkgoSolver] p-cache: reuse(update_matrix_value) solve=193 rebuildInterval=0
Schwarz(Jacobi)+Bicgstab:  Solving for k, Initial residual = 0.0002543078269007069, Final residual = 1.3595008201084588e-05, No Iterations 2, Solve time = 72.748 ms
bounding k, min: -0.003170113215435831 max: 852.6574071549932 average: 9.047422030607683
[mem] after-turb: DEVICE_POOL current=19126 MB  actual(reserved)=38146 MB  highWater=24414 MB
ExecutionTime = 1074.24 s  ClockTime = 1083 s

Time = 1194
[mem] step-start: DEVICE_POOL current=19126 MB  actual(reserved)=38146 MB  highWater=24414 MB
Schwarz(Jacobi)+Bicgstab:  Solving for Ux, Initial residual = 8.265472939326731e-05, Final residual = 3.7269421408652897e-06, No Iterations 3, Solve time = 215.112 ms
Schwarz(Jacobi)+Bicgstab:  Solving for Uy, Initial residual = 0.005516223202368196, Final residual = 0.00020562991844825355, No Iterations 3, Solve time = 215.112 ms
Schwarz(Jacobi)+Bicgstab:  Solving for Uz, Initial residual = 0.0012975477863194842, Final residual = 4.998519820288249e-05, No Iterations 3, Solve time = 215.112 ms
[mem] after-UEqn: DEVICE_POOL current=19126 MB  actual(reserved)=38146 MB  highWater=24414 MB
config(Cg+Multigrid):  Solving for p, Initial residual = 0.0012659833170386504, Final residual = 1.2560222541640604e-05, No Iterations 14, Solve time = 1650.523 ms
time step continuity errors : sum local = 3.179138896135197e-06, global = 2.364965888551929e-08, cumulative = -3.5222577045984186e-05
[mem] after-pEqn: DEVICE_POOL current=19126 MB  actual(reserved)=38146 MB  highWater=24414 MB
[GinkgoSolver] p-cache: reuse(update_matrix_value) solve=194 rebuildInterval=0
Schwarz(Jacobi)+Bicgstab:  Solving for omega, Initial residual = 1.2935961687737364e-05, Final residual = 9.096927643254532e-07, No Iterations 2, Solve time = 86.556 ms
bounding omega, min: -254211.56643929004 max: 45355982.77646964 average: 6348.697408504679
[GinkgoSolver] p-cache: reuse(update_matrix_value) solve=194 rebuildInterval=0
Schwarz(Jacobi)+Bicgstab:  Solving for k, Initial residual = 0.00025442723345389125, Final residual = 1.376173521559242e-05, No Iterations 2, Solve time = 73.798 ms
bounding k, min: -0.0018292669081748161 max: 852.9645198318747 average: 9.046574625306171
[mem] after-turb: DEVICE_POOL current=19126 MB  actual(reserved)=38146 MB  highWater=24414 MB
ExecutionTime = 1079.07 s  ClockTime = 1088 s

Time = 1195
[mem] step-start: DEVICE_POOL current=19126 MB  actual(reserved)=38146 MB  highWater=24414 MB
Schwarz(Jacobi)+Bicgstab:  Solving for Ux, Initial residual = 8.263187014651885e-05, Final residual = 3.89261570256119e-06, No Iterations 3, Solve time = 226.56 ms
Schwarz(Jacobi)+Bicgstab:  Solving for Uy, Initial residual = 0.0055176853661669635, Final residual = 0.00021347296174116704, No Iterations 3, Solve time = 226.56 ms
Schwarz(Jacobi)+Bicgstab:  Solving for Uz, Initial residual = 0.001296005656367346, Final residual = 5.450491518666853e-05, No Iterations 3, Solve time = 226.56 ms
[mem] after-UEqn: DEVICE_POOL current=19126 MB  actual(reserved)=38146 MB  highWater=24414 MB
config(Cg+Multigrid):  Solving for p, Initial residual = 0.0012648389123559969, Final residual = 1.2606141342684257e-05, No Iterations 14, Solve time = 1634.464 ms
time step continuity errors : sum local = 3.1918345861623457e-06, global = 1.8159270341515046e-08, cumulative = -3.520441777564267e-05
[mem] after-pEqn: DEVICE_POOL current=19126 MB  actual(reserved)=38146 MB  highWater=24414 MB
[GinkgoSolver] p-cache: reuse(update_matrix_value) solve=195 rebuildInterval=0
Schwarz(Jacobi)+Bicgstab:  Solving for omega, Initial residual = 1.2943806512951202e-05, Final residual = 9.083625400558821e-07, No Iterations 2, Solve time = 85.711 ms
bounding omega, min: -20541.63585841368 max: 45355982.68521065 average: 6347.961434696331
[GinkgoSolver] p-cache: reuse(update_matrix_value) solve=195 rebuildInterval=0
Schwarz(Jacobi)+Bicgstab:  Solving for k, Initial residual = 0.0002545524674049336, Final residual = 1.404333137848763e-05, No Iterations 2, Solve time = 72.392 ms
bounding k, min: -0.0030314873769865074 max: 853.4075214923291 average: 9.045821934402374
[mem] after-turb: DEVICE_POOL current=19126 MB  actual(reserved)=38146 MB  highWater=24414 MB
ExecutionTime = 1083.92 s  ClockTime = 1093 s

Time = 1196
[mem] step-start: DEVICE_POOL current=19126 MB  actual(reserved)=38146 MB  highWater=24414 MB
Schwarz(Jacobi)+Bicgstab:  Solving for Ux, Initial residual = 8.263059089792658e-05, Final residual = 3.6888445932815678e-06, No Iterations 3, Solve time = 226.527 ms
Schwarz(Jacobi)+Bicgstab:  Solving for Uy, Initial residual = 0.005519425373123463, Final residual = 0.00021999899666486937, No Iterations 3, Solve time = 226.527 ms
Schwarz(Jacobi)+Bicgstab:  Solving for Uz, Initial residual = 0.0012949246639859411, Final residual = 5.0792210856934165e-05, No Iterations 3, Solve time = 226.527 ms
[mem] after-UEqn: DEVICE_POOL current=19126 MB  actual(reserved)=38146 MB  highWater=24414 MB
config(Cg+Multigrid):  Solving for p, Initial residual = 0.0012632258185721523, Final residual = 1.1875465472581881e-05, No Iterations 15, Solve time = 1749.731 ms
time step continuity errors : sum local = 3.0077742717693128e-06, global = 2.6422911632648947e-08, cumulative = -3.517799486401002e-05
[mem] after-pEqn: DEVICE_POOL current=19126 MB  actual(reserved)=38146 MB  highWater=24414 MB
[GinkgoSolver] p-cache: reuse(update_matrix_value) solve=196 rebuildInterval=0
Schwarz(Jacobi)+Bicgstab:  Solving for omega, Initial residual = 1.294582130446684e-05, Final residual = 9.179919872005141e-07, No Iterations 2, Solve time = 86.21 ms
bounding omega, min: -20486.112625441005 max: 45355982.606115766 average: 6347.200336104289
[GinkgoSolver] p-cache: reuse(update_matrix_value) solve=196 rebuildInterval=0
Schwarz(Jacobi)+Bicgstab:  Solving for k, Initial residual = 0.00025467985751688476, Final residual = 1.4357748478108917e-05, No Iterations 2, Solve time = 73.832 ms
bounding k, min: -0.0013551938760155216 max: 853.969542496399 average: 9.045140691220519
[mem] after-turb: DEVICE_POOL current=19126 MB  actual(reserved)=38146 MB  highWater=24414 MB
ExecutionTime = 1088.85 s  ClockTime = 1098 s

Time = 1197
[mem] step-start: DEVICE_POOL current=19126 MB  actual(reserved)=38146 MB  highWater=24414 MB
Schwarz(Jacobi)+Bicgstab:  Solving for Ux, Initial residual = 8.26251107185472e-05, Final residual = 3.768672470779504e-06, No Iterations 3, Solve time = 224.034 ms
Schwarz(Jacobi)+Bicgstab:  Solving for Uy, Initial residual = 0.005519179310625002, Final residual = 0.00022303918172458527, No Iterations 3, Solve time = 224.034 ms
Schwarz(Jacobi)+Bicgstab:  Solving for Uz, Initial residual = 0.0012941111047499768, Final residual = 5.5542013540517934e-05, No Iterations 3, Solve time = 224.034 ms
[mem] after-UEqn: DEVICE_POOL current=19126 MB  actual(reserved)=38146 MB  highWater=24414 MB
config(Cg+Multigrid):  Solving for p, Initial residual = 0.001262393311243123, Final residual = 1.2175290155220132e-05, No Iterations 14, Solve time = 1644.877 ms
time step continuity errors : sum local = 3.084768114129132e-06, global = 1.7528104450583193e-08, cumulative = -3.516046675955944e-05
[mem] after-pEqn: DEVICE_POOL current=19126 MB  actual(reserved)=38146 MB  highWater=24414 MB
[GinkgoSolver] p-cache: reuse(update_matrix_value) solve=197 rebuildInterval=0
Schwarz(Jacobi)+Bicgstab:  Solving for omega, Initial residual = 1.295230241156943e-05, Final residual = 9.293428561356635e-07, No Iterations 2, Solve time = 75.787 ms
bounding omega, min: -20525.51814744996 max: 45355982.588301145 average: 6346.5116344819735
[GinkgoSolver] p-cache: reuse(update_matrix_value) solve=197 rebuildInterval=0
Schwarz(Jacobi)+Bicgstab:  Solving for k, Initial residual = 0.0002548423021100241, Final residual = 1.4158558191993045e-05, No Iterations 2, Solve time = 72.676 ms
bounding k, min: -0.0006177677170927463 max: 854.6260206795682 average: 9.04455199607736
[mem] after-turb: DEVICE_POOL current=19126 MB  actual(reserved)=38146 MB  highWater=24414 MB
ExecutionTime = 1093.7 s  ClockTime = 1103 s

Time = 1198
[mem] step-start: DEVICE_POOL current=19126 MB  actual(reserved)=38146 MB  highWater=24414 MB
Schwarz(Jacobi)+Bicgstab:  Solving for Ux, Initial residual = 8.263601044833364e-05, Final residual = 3.7807460199079933e-06, No Iterations 3, Solve time = 215.101 ms
Schwarz(Jacobi)+Bicgstab:  Solving for Uy, Initial residual = 0.00551522862256544, Final residual = 0.000224584857740709, No Iterations 3, Solve time = 215.101 ms
Schwarz(Jacobi)+Bicgstab:  Solving for Uz, Initial residual = 0.0012943260855207827, Final residual = 4.792163020134563e-05, No Iterations 3, Solve time = 215.101 ms
[mem] after-UEqn: DEVICE_POOL current=19126 MB  actual(reserved)=38146 MB  highWater=24414 MB
config(Cg+Multigrid):  Solving for p, Initial residual = 0.0012627620111504633, Final residual = 1.214970333210503e-05, No Iterations 14, Solve time = 1648.673 ms
time step continuity errors : sum local = 3.079102002377224e-06, global = 1.6173454056297712e-08, cumulative = -3.514429330550314e-05
[mem] after-pEqn: DEVICE_POOL current=19126 MB  actual(reserved)=38146 MB  highWater=24414 MB
[GinkgoSolver] p-cache: reuse(update_matrix_value) solve=198 rebuildInterval=0
Schwarz(Jacobi)+Bicgstab:  Solving for omega, Initial residual = 1.2949466763252158e-05, Final residual = 9.384966796341415e-07, No Iterations 2, Solve time = 85.485 ms
bounding omega, min: -243545.17590964475 max: 45355982.596326016 average: 6345.818682101663
[GinkgoSolver] p-cache: reuse(update_matrix_value) solve=198 rebuildInterval=0
Schwarz(Jacobi)+Bicgstab:  Solving for k, Initial residual = 0.000254942085516543, Final residual = 1.4763706542561671e-05, No Iterations 2, Solve time = 73.155 ms
bounding k, min: -0.0004108819065062278 max: 855.3550890884846 average: 9.044012958625894
[mem] after-turb: DEVICE_POOL current=19126 MB  actual(reserved)=38146 MB  highWater=24414 MB
ExecutionTime = 1098.56 s  ClockTime = 1108 s

Time = 1199
[mem] step-start: DEVICE_POOL current=19126 MB  actual(reserved)=38146 MB  highWater=24414 MB
Schwarz(Jacobi)+Bicgstab:  Solving for Ux, Initial residual = 8.265581340634316e-05, Final residual = 4.622498593819431e-06, No Iterations 2, Solve time = 168.629 ms
Schwarz(Jacobi)+Bicgstab:  Solving for Uy, Initial residual = 0.005508252298615684, Final residual = 0.001004866467425971, No Iterations 2, Solve time = 168.629 ms
Schwarz(Jacobi)+Bicgstab:  Solving for Uz, Initial residual = 0.0012947157588909502, Final residual = 8.786620457935286e-05, No Iterations 2, Solve time = 168.629 ms
[mem] after-UEqn: DEVICE_POOL current=19126 MB  actual(reserved)=38146 MB  highWater=24414 MB
config(Cg+Multigrid):  Solving for p, Initial residual = 0.0012709446580946636, Final residual = 1.2286004815188727e-05, No Iterations 14, Solve time = 1639.776 ms
time step continuity errors : sum local = 3.1143409588182594e-06, global = 1.2663720747026413e-08, cumulative = -3.5131629584756114e-05
[mem] after-pEqn: DEVICE_POOL current=19126 MB  actual(reserved)=38146 MB  highWater=24414 MB
[GinkgoSolver] p-cache: reuse(update_matrix_value) solve=199 rebuildInterval=0
Schwarz(Jacobi)+Bicgstab:  Solving for omega, Initial residual = 1.3012122278390528e-05, Final residual = 9.496237321430014e-07, No Iterations 2, Solve time = 85.421 ms
bounding omega, min: -20581.338549557066 max: 45355982.610482186 average: 6345.339064491918
[GinkgoSolver] p-cache: reuse(update_matrix_value) solve=199 rebuildInterval=0
Schwarz(Jacobi)+Bicgstab:  Solving for k, Initial residual = 0.0002552013712633384, Final residual = 1.535283102641149e-05, No Iterations 2, Solve time = 73.499 ms
bounding k, min: -0.0016752389175501564 max: 856.141782213427 average: 9.043901324186034
[mem] after-turb: DEVICE_POOL current=19126 MB  actual(reserved)=38146 MB  highWater=24414 MB
ExecutionTime = 1103.36 s  ClockTime = 1113 s

Time = 1200
[mem] step-start: DEVICE_POOL current=19126 MB  actual(reserved)=38146 MB  highWater=24414 MB
Schwarz(Jacobi)+Bicgstab:  Solving for Ux, Initial residual = 8.272819875585806e-05, Final residual = 4.59419181609503e-06, No Iterations 2, Solve time = 169.369 ms
Schwarz(Jacobi)+Bicgstab:  Solving for Uy, Initial residual = 0.005574340879745147, Final residual = 0.0009744413275240649, No Iterations 2, Solve time = 169.369 ms
Schwarz(Jacobi)+Bicgstab:  Solving for Uz, Initial residual = 0.0012967637296185386, Final residual = 9.025802200569371e-05, No Iterations 2, Solve time = 169.369 ms
[mem] after-UEqn: DEVICE_POOL current=19126 MB  actual(reserved)=38146 MB  highWater=24414 MB
config(Cg+Multigrid):  Solving for p, Initial residual = 0.0012808169007195139, Final residual = 1.273234024024824e-05, No Iterations 14, Solve time = 1640.674 ms
time step continuity errors : sum local = 3.227743350855614e-06, global = 8.573691479514386e-09, cumulative = -3.51230558932766e-05
[mem] after-pEqn: DEVICE_POOL current=19126 MB  actual(reserved)=38146 MB  highWater=24414 MB
[GinkgoSolver] p-cache: reuse(update_matrix_value) solve=200 rebuildInterval=0
Schwarz(Jacobi)+Bicgstab:  Solving for omega, Initial residual = 1.3036573298490505e-05, Final residual = 9.669720434561433e-07, No Iterations 2, Solve time = 85.604 ms
bounding omega, min: -20483.34730259671 max: 45355982.626600236 average: 6344.938595078709
[GinkgoSolver] p-cache: reuse(update_matrix_value) solve=200 rebuildInterval=0
Schwarz(Jacobi)+Bicgstab:  Solving for k, Initial residual = 0.0002553555978550799, Final residual = 1.4781627356831856e-05, No Iterations 2, Solve time = 72.5 ms
bounding k, min: -0.0007152248834443875 max: 856.9608319388753 average: 9.043976968550988
[mem] after-turb: DEVICE_POOL current=19126 MB  actual(reserved)=38146 MB  highWater=24414 MB
ExecutionTime = 1108.1 s  ClockTime = 1117 s

Time = 1201
[mem] step-start: DEVICE_POOL current=19126 MB  actual(reserved)=38146 MB  highWater=24414 MB
Schwarz(Jacobi)+Bicgstab:  Solving for Ux, Initial residual = 8.275909285577356e-05, Final residual = 3.0868571359044437e-06, No Iterations 3, Solve time = 210.428 ms
Schwarz(Jacobi)+Bicgstab:  Solving for Uy, Initial residual = 0.005628182290851421, Final residual = 0.0001882904703657292, No Iterations 3, Solve time = 210.428 ms
Schwarz(Jacobi)+Bicgstab:  Solving for Uz, Initial residual = 0.0012971250167882647, Final residual = 8.43093556361453e-05, No Iterations 3, Solve time = 210.428 ms
[mem] after-UEqn: DEVICE_POOL current=19126 MB  actual(reserved)=38146 MB  highWater=24414 MB
config(Cg+Multigrid):  Solving for p, Initial residual = 0.0012744300894608214, Final residual = 1.2520025966981615e-05, No Iterations 15, Solve time = 1753.33 ms
time step continuity errors : sum local = 3.173883388229621e-06, global = 1.5854276863148013e-08, cumulative = -3.510720161641345e-05
[mem] after-pEqn: DEVICE_POOL current=19126 MB  actual(reserved)=38146 MB  highWater=24414 MB
[GinkgoSolver] p-cache: reuse(update_matrix_value) solve=201 rebuildInterval=0
Schwarz(Jacobi)+Bicgstab:  Solving for omega, Initial residual = 1.3018382484780908e-05, Final residual = 9.770545616166423e-07, No Iterations 2, Solve time = 90.298 ms
bounding omega, min: -20373.17018244459 max: 45355982.633583434 average: 6344.581371761192
[GinkgoSolver] p-cache: reuse(update_matrix_value) solve=201 rebuildInterval=0
Schwarz(Jacobi)+Bicgstab:  Solving for k, Initial residual = 0.00025542866783199997, Final residual = 1.5445640191908006e-05, No Iterations 2, Solve time = 72.684 ms
bounding k, min: -0.0017395250885015555 max: 857.7720505510706 average: 9.04387359346039
[mem] after-turb: DEVICE_POOL current=19126 MB  actual(reserved)=38146 MB  highWater=24414 MB
ExecutionTime = 1113.03 s  ClockTime = 1122 s

Time = 1202
[mem] step-start: DEVICE_POOL current=19126 MB  actual(reserved)=38146 MB  highWater=24414 MB
Schwarz(Jacobi)+Bicgstab:  Solving for Ux, Initial residual = 8.274071054687207e-05, Final residual = 4.518934041550604e-06, No Iterations 2, Solve time = 180.323 ms
Schwarz(Jacobi)+Bicgstab:  Solving for Uy, Initial residual = 0.005593096392412349, Final residual = 0.0007288115318069265, No Iterations 2, Solve time = 180.323 ms
Schwarz(Jacobi)+Bicgstab:  Solving for Uz, Initial residual = 0.0012993444222930317, Final residual = 9.226601948021014e-05, No Iterations 2, Solve time = 180.323 ms
[mem] after-UEqn: DEVICE_POOL current=19126 MB  actual(reserved)=38146 MB  highWater=24414 MB
config(Cg+Multigrid):  Solving for p, Initial residual = 0.001279163625438798, Final residual = 1.2429489989793396e-05, No Iterations 15, Solve time = 1750.281 ms
time step continuity errors : sum local = 3.1510163567727084e-06, global = 1.4955006622988133e-08, cumulative = -3.5092246609790466e-05
[mem] after-pEqn: DEVICE_POOL current=19126 MB  actual(reserved)=38146 MB  highWater=24414 MB
[GinkgoSolver] p-cache: reuse(update_matrix_value) solve=202 rebuildInterval=0
Schwarz(Jacobi)+Bicgstab:  Solving for omega, Initial residual = 1.3057448192991135e-05, Final residual = 9.921534975974778e-07, No Iterations 2, Solve time = 76.352 ms
bounding omega, min: -341537.6746248992 max: 45355982.62790684 average: 6344.24510768395
[GinkgoSolver] p-cache: reuse(update_matrix_value) solve=202 rebuildInterval=0
Schwarz(Jacobi)+Bicgstab:  Solving for k, Initial residual = 0.00025569212655085884, Final residual = 1.6735626113946952e-05, No Iterations 2, Solve time = 72.32 ms
bounding k, min: -0.0016945664506394023 max: 858.5519537644582 average: 9.043996218767129
[mem] after-turb: DEVICE_POOL current=19126 MB  actual(reserved)=38146 MB  highWater=24414 MB
ExecutionTime = 1117.91 s  ClockTime = 1127 s

Time = 1203
[mem] step-start: DEVICE_POOL current=19126 MB  actual(reserved)=38146 MB  highWater=24414 MB
Schwarz(Jacobi)+Bicgstab:  Solving for Ux, Initial residual = 8.284099699502071e-05, Final residual = 4.54899875467722e-06, No Iterations 2, Solve time = 176.88 ms
Schwarz(Jacobi)+Bicgstab:  Solving for Uy, Initial residual = 0.005609658316668116, Final residual = 0.0008266735934647518, No Iterations 2, Solve time = 176.88 ms
Schwarz(Jacobi)+Bicgstab:  Solving for Uz, Initial residual = 0.0013027220350864638, Final residual = 9.351242199506419e-05, No Iterations 2, Solve time = 176.88 ms
[mem] after-UEqn: DEVICE_POOL current=19126 MB  actual(reserved)=38146 MB  highWater=24414 MB
config(Cg+Multigrid):  Solving for p, Initial residual = 0.001286772506325675, Final residual = 1.2681473275812556e-05, No Iterations 14, Solve time = 1645.7 ms
time step continuity errors : sum local = 3.214730321118674e-06, global = 6.804606025927479e-09, cumulative = -3.5085442003764536e-05
[mem] after-pEqn: DEVICE_POOL current=19126 MB  actual(reserved)=38146 MB  highWater=24414 MB
[GinkgoSolver] p-cache: reuse(update_matrix_value) solve=203 rebuildInterval=0
Schwarz(Jacobi)+Bicgstab:  Solving for omega, Initial residual = 1.3105588155057703e-05, Final residual = 9.984960774825133e-07, No Iterations 2, Solve time = 86.006 ms
bounding omega, min: -20152.5357217149 max: 45355982.625076205 average: 6344.052306564406
[GinkgoSolver] p-cache: reuse(update_matrix_value) solve=203 rebuildInterval=0
Schwarz(Jacobi)+Bicgstab:  Solving for k, Initial residual = 0.0002559247138706676, Final residual = 1.0998590191178295e-05, No Iterations 2, Solve time = 73.76 ms
bounding k, min: -0.020216808987650547 max: 859.3468854478597 average: 9.044468894513365
[mem] after-turb: DEVICE_POOL current=19126 MB  actual(reserved)=38146 MB  highWater=24414 MB
ExecutionTime = 1122.68 s  ClockTime = 1132 s

Time = 1204
[mem] step-start: DEVICE_POOL current=19126 MB  actual(reserved)=38146 MB  highWater=24414 MB
Schwarz(Jacobi)+Bicgstab:  Solving for Ux, Initial residual = 8.293953719260137e-05, Final residual = 4.634366531221867e-06, No Iterations 2, Solve time = 180.801 ms
Schwarz(Jacobi)+Bicgstab:  Solving for Uy, Initial residual = 0.0056294528237075545, Final residual = 0.0009138350996311205, No Iterations 2, Solve time = 180.801 ms
Schwarz(Jacobi)+Bicgstab:  Solving for Uz, Initial residual = 0.001306125710540953, Final residual = 9.482103086698645e-05, No Iterations 2, Solve time = 180.801 ms
[mem] after-UEqn: DEVICE_POOL current=19126 MB  actual(reserved)=38146 MB  highWater=24414 MB
config(Cg+Multigrid):  Solving for p, Initial residual = 0.0012946041314204218, Final residual = 1.2364694325892859e-05, No Iterations 14, Solve time = 1645.675 ms
time step continuity errors : sum local = 3.134087384631688e-06, global = 2.7291083507218174e-09, cumulative = -3.508271289541381e-05
[mem] after-pEqn: DEVICE_POOL current=19126 MB  actual(reserved)=38146 MB  highWater=24414 MB
[GinkgoSolver] p-cache: reuse(update_matrix_value) solve=204 rebuildInterval=0
Schwarz(Jacobi)+Bicgstab:  Solving for omega, Initial residual = 1.301022250323876e-05, Final residual = 1.0133475783471057e-06, No Iterations 2, Solve time = 86.033 ms
bounding omega, min: -19669.65216599769 max: 45355982.66197723 average: 6343.951803062024
[GinkgoSolver] p-cache: reuse(update_matrix_value) solve=204 rebuildInterval=0
Schwarz(Jacobi)+Bicgstab:  Solving for k, Initial residual = 0.0002553213619498634, Final residual = 2.3518738413063873e-05, No Iterations 2, Solve time = 71.818 ms
bounding k, min: -0.007803755152745513 max: 860.0728034462035 average: 9.044710339524292
[mem] after-turb: DEVICE_POOL current=19126 MB  actual(reserved)=38146 MB  highWater=24414 MB
ExecutionTime = 1127.45 s  ClockTime = 1137 s

Time = 1205
[mem] step-start: DEVICE_POOL current=19126 MB  actual(reserved)=38146 MB  highWater=24414 MB
Schwarz(Jacobi)+Bicgstab:  Solving for Ux, Initial residual = 8.302422495654815e-05, Final residual = 4.662955222744718e-06, No Iterations 2, Solve time = 174.874 ms
Schwarz(Jacobi)+Bicgstab:  Solving for Uy, Initial residual = 0.005653103047159455, Final residual = 0.0010067997239157614, No Iterations 2, Solve time = 174.874 ms
Schwarz(Jacobi)+Bicgstab:  Solving for Uz, Initial residual = 0.0013088713152888001, Final residual = 9.591391362724942e-05, No Iterations 2, Solve time = 174.874 ms
[mem] after-UEqn: DEVICE_POOL current=19126 MB  actual(reserved)=38146 MB  highWater=24414 MB
config(Cg+Multigrid):  Solving for p, Initial residual = 0.001301543693219021, Final residual = 1.1910240470832653e-05, No Iterations 14, Solve time = 1650.402 ms
time step continuity errors : sum local = 3.018419428824327e-06, global = 6.315404065752707e-11, cumulative = -3.508264974137315e-05
[mem] after-pEqn: DEVICE_POOL current=19126 MB  actual(reserved)=38146 MB  highWater=24414 MB
[GinkgoSolver] p-cache: reuse(update_matrix_value) solve=205 rebuildInterval=0
Schwarz(Jacobi)+Bicgstab:  Solving for omega, Initial residual = 1.3275908543316219e-05, Final residual = 1.023188287017737e-06, No Iterations 2, Solve time = 85.819 ms
bounding omega, min: -20524.072287019004 max: 45355982.703738995 average: 6343.880205853131
[GinkgoSolver] p-cache: reuse(update_matrix_value) solve=205 rebuildInterval=0
Schwarz(Jacobi)+Bicgstab:  Solving for k, Initial residual = 0.0002559899223125281, Final residual = 1.5465259608438935e-05, No Iterations 2, Solve time = 76.545 ms
bounding k, min: -0.00041363764567959216 max: 860.7698907416528 average: 9.045256208334086
[mem] after-turb: DEVICE_POOL current=19126 MB  actual(reserved)=38146 MB  highWater=24414 MB
ExecutionTime = 1132.23 s  ClockTime = 1142 s

Time = 1206
[mem] step-start: DEVICE_POOL current=19126 MB  actual(reserved)=38146 MB  highWater=24414 MB
Schwarz(Jacobi)+Bicgstab:  Solving for Ux, Initial residual = 8.307871333186591e-05, Final residual = 3.846649667658502e-06, No Iterations 3, Solve time = 224.637 ms
Schwarz(Jacobi)+Bicgstab:  Solving for Uy, Initial residual = 0.005682616564695935, Final residual = 0.00019160963724030512, No Iterations 3, Solve time = 224.637 ms
Schwarz(Jacobi)+Bicgstab:  Solving for Uz, Initial residual = 0.001310528563162405, Final residual = 8.538592703823053e-05, No Iterations 3, Solve time = 224.637 ms
[mem] after-UEqn: DEVICE_POOL current=19126 MB  actual(reserved)=38146 MB  highWater=24414 MB
config(Cg+Multigrid):  Solving for p, Initial residual = 0.0013030540999345178, Final residual = 1.1823708097622504e-05, No Iterations 14, Solve time = 1651.707 ms
time step continuity errors : sum local = 2.9958208292812046e-06, global = -1.6761960839831102e-09, cumulative = -3.508432593745714e-05
[mem] after-pEqn: DEVICE_POOL current=19126 MB  actual(reserved)=38146 MB  highWater=24414 MB
[GinkgoSolver] p-cache: reuse(update_matrix_value) solve=206 rebuildInterval=0
Schwarz(Jacobi)+Bicgstab:  Solving for omega, Initial residual = 1.3148871693948648e-05, Final residual = 1.0227271775287584e-06, No Iterations 2, Solve time = 84.863 ms
bounding omega, min: -389008.34282926726 max: 45355982.750120364 average: 6343.796791696611
[GinkgoSolver] p-cache: reuse(update_matrix_value) solve=206 rebuildInterval=0
Schwarz(Jacobi)+Bicgstab:  Solving for k, Initial residual = 0.00025607084223175055, Final residual = 1.4747765181120861e-05, No Iterations 2, Solve time = 72.673 ms
bounding k, min: -0.000386907912354693 max: 861.4196697956546 average: 9.045585697783093
[mem] after-turb: DEVICE_POOL current=19126 MB  actual(reserved)=38146 MB  highWater=24414 MB
ExecutionTime = 1137.08 s  ClockTime = 1147 s

Time = 1207
[mem] step-start: DEVICE_POOL current=19126 MB  actual(reserved)=38146 MB  highWater=24414 MB
Schwarz(Jacobi)+Bicgstab:  Solving for Ux, Initial residual = 8.315026880608152e-05, Final residual = 4.6747601896035525e-06, No Iterations 2, Solve time = 172.2 ms
Schwarz(Jacobi)+Bicgstab:  Solving for Uy, Initial residual = 0.005617990570362389, Final residual = 0.0008580301043765544, No Iterations 2, Solve time = 172.2 ms
Schwarz(Jacobi)+Bicgstab:  Solving for Uz, Initial residual = 0.0013140348864879529, Final residual = 9.830062600304235e-05, No Iterations 2, Solve time = 172.2 ms
[mem] after-UEqn: DEVICE_POOL current=19126 MB  actual(reserved)=38146 MB  highWater=24414 MB
config(Cg+Multigrid):  Solving for p, Initial residual = 0.0013048158922128498, Final residual = 1.2378461302273282e-05, No Iterations 14, Solve time = 1645.623 ms
time step continuity errors : sum local = 3.135726422097635e-06, global = -1.1179861499908162e-08, cumulative = -3.509550579895705e-05
[mem] after-pEqn: DEVICE_POOL current=19126 MB  actual(reserved)=38146 MB  highWater=24414 MB
[GinkgoSolver] p-cache: reuse(update_matrix_value) solve=207 rebuildInterval=0
Schwarz(Jacobi)+Bicgstab:  Solving for omega, Initial residual = 1.3185604203195915e-05, Final residual = 1.0211719681837645e-06, No Iterations 2, Solve time = 78.868 ms
bounding omega, min: -21618.429919437232 max: 45355982.79813471 average: 6343.813286940601
[GinkgoSolver] p-cache: reuse(update_matrix_value) solve=207 rebuildInterval=0
Schwarz(Jacobi)+Bicgstab:  Solving for k, Initial residual = 0.0002561880476201857, Final residual = 1.4479291831437718e-05, No Iterations 2, Solve time = 72.527 ms
bounding k, min: -0.0006128154695944077 max: 862.0124649433116 average: 9.046123020934235
[mem] after-turb: DEVICE_POOL current=19126 MB  actual(reserved)=38146 MB  highWater=24414 MB
ExecutionTime = 1141.88 s  ClockTime = 1151 s

Time = 1208
[mem] step-start: DEVICE_POOL current=19126 MB  actual(reserved)=38146 MB  highWater=24414 MB
Schwarz(Jacobi)+Bicgstab:  Solving for Ux, Initial residual = 8.327124795760079e-05, Final residual = 4.663682921717796e-06, No Iterations 2, Solve time = 181.885 ms
Schwarz(Jacobi)+Bicgstab:  Solving for Uy, Initial residual = 0.005626673388845938, Final residual = 0.0009873492447994238, No Iterations 2, Solve time = 181.885 ms
Schwarz(Jacobi)+Bicgstab:  Solving for Uz, Initial residual = 0.0013181232612444384, Final residual = 0.00010146633506060092, No Iterations 2, Solve time = 181.885 ms
[mem] after-UEqn: DEVICE_POOL current=19126 MB  actual(reserved)=38146 MB  highWater=24414 MB
config(Cg+Multigrid):  Solving for p, Initial residual = 0.001310981501298984, Final residual = 1.302670498055001e-05, No Iterations 15, Solve time = 1761.846 ms
time step continuity errors : sum local = 3.2990625700482566e-06, global = -1.0709639128704425e-08, cumulative = -3.510621543808575e-05
[mem] after-pEqn: DEVICE_POOL current=19126 MB  actual(reserved)=38146 MB  highWater=24414 MB
[GinkgoSolver] p-cache: reuse(update_matrix_value) solve=208 rebuildInterval=0
Schwarz(Jacobi)+Bicgstab:  Solving for omega, Initial residual = 1.3214072699281197e-05, Final residual = 1.0282398802844445e-06, No Iterations 2, Solve time = 78.514 ms
bounding omega, min: -22042.29875418802 max: 45355982.84327217 average: 6343.836536809862
[GinkgoSolver] p-cache: reuse(update_matrix_value) solve=208 rebuildInterval=0
Schwarz(Jacobi)+Bicgstab:  Solving for k, Initial residual = 0.00025618161795581967, Final residual = 1.426245601069008e-05, No Iterations 2, Solve time = 72.647 ms
bounding k, min: -0.0003163195597868512 max: 862.5413740478785 average: 9.046747588634249
[mem] after-turb: DEVICE_POOL current=19126 MB  actual(reserved)=38146 MB  highWater=24414 MB
ExecutionTime = 1146.77 s  ClockTime = 1156 s

Time = 1209
[mem] step-start: DEVICE_POOL current=19126 MB  actual(reserved)=38146 MB  highWater=24414 MB
Schwarz(Jacobi)+Bicgstab:  Solving for Ux, Initial residual = 8.335408659123944e-05, Final residual = 5.871271806612347e-06, No Iterations 3, Solve time = 229.683 ms
Schwarz(Jacobi)+Bicgstab:  Solving for Uy, Initial residual = 0.005649024778675286, Final residual = 0.00019808431627187808, No Iterations 3, Solve time = 229.683 ms
Schwarz(Jacobi)+Bicgstab:  Solving for Uz, Initial residual = 0.0013209599401079594, Final residual = 9.623654482181023e-05, No Iterations 3, Solve time = 229.683 ms
[mem] after-UEqn: DEVICE_POOL current=19126 MB  actual(reserved)=38146 MB  highWater=24414 MB
config(Cg+Multigrid):  Solving for p, Initial residual = 0.0013213483892388599, Final residual = 1.3141563269430942e-05, No Iterations 19, Solve time = 2177.483 ms
time step continuity errors : sum local = 3.326701263838049e-06, global = -1.4698111303833105e-08, cumulative = -3.512091354938959e-05
[mem] after-pEqn: DEVICE_POOL current=19126 MB  actual(reserved)=38146 MB  highWater=24414 MB
[GinkgoSolver] p-cache: reuse(update_matrix_value) solve=209 rebuildInterval=0
Schwarz(Jacobi)+Bicgstab:  Solving for omega, Initial residual = 1.3235889949245217e-05, Final residual = 1.032834369416215e-06, No Iterations 2, Solve time = 85.315 ms
bounding omega, min: -22911.752844578263 max: 45355982.88236108 average: 6343.873059051699
[GinkgoSolver] p-cache: reuse(update_matrix_value) solve=209 rebuildInterval=0
Schwarz(Jacobi)+Bicgstab:  Solving for k, Initial residual = 0.000256321711110324, Final residual = 1.4070418951610758e-05, No Iterations 2, Solve time = 72.693 ms
bounding k, min: -0.0008682296969930448 max: 862.9905069176918 average: 9.04718653633795
[mem] after-turb: DEVICE_POOL current=19126 MB  actual(reserved)=38146 MB  highWater=24414 MB
ExecutionTime = 1152.12 s  ClockTime = 1162 s

Time = 1210
[mem] step-start: DEVICE_POOL current=19126 MB  actual(reserved)=38146 MB  highWater=24414 MB
Schwarz(Jacobi)+Bicgstab:  Solving for Ux, Initial residual = 8.358655179098124e-05, Final residual = 3.6528015738857247e-06, No Iterations 3, Solve time = 215.012 ms
Schwarz(Jacobi)+Bicgstab:  Solving for Uy, Initial residual = 0.00558347974403252, Final residual = 0.0002167316312430702, No Iterations 3, Solve time = 215.012 ms
Schwarz(Jacobi)+Bicgstab:  Solving for Uz, Initial residual = 0.0013249371140985169, Final residual = 3.4447659495379975e-05, No Iterations 3, Solve time = 215.012 ms
[mem] after-UEqn: DEVICE_POOL current=19126 MB  actual(reserved)=38146 MB  highWater=24414 MB
config(Cg+Multigrid):  Solving for p, Initial residual = 0.0013219330185732568, Final residual = 1.2621553896336386e-05, No Iterations 21, Solve time = 2408.671 ms
time step continuity errors : sum local = 3.1919772446905764e-06, global = -3.5432168964302604e-08, cumulative = -3.515634571835389e-05
[mem] after-pEqn: DEVICE_POOL current=19126 MB  actual(reserved)=38146 MB  highWater=24414 MB
[GinkgoSolver] p-cache: reuse(update_matrix_value) solve=210 rebuildInterval=0
Schwarz(Jacobi)+Bicgstab:  Solving for omega, Initial residual = 1.3228452483912726e-05, Final residual = 1.0248508946629984e-06, No Iterations 2, Solve time = 85.755 ms
bounding omega, min: -195130.43501143393 max: 45355982.91569295 average: 6343.815254148556
[GinkgoSolver] p-cache: reuse(update_matrix_value) solve=210 rebuildInterval=0
Schwarz(Jacobi)+Bicgstab:  Solving for k, Initial residual = 0.00025613339081958445, Final residual = 1.3984845181317121e-05, No Iterations 2, Solve time = 73.282 ms
bounding k, min: -0.001033073235440704 max: 863.3531380625599 average: 9.047341709651114
[mem] after-turb: DEVICE_POOL current=19126 MB  actual(reserved)=38146 MB  highWater=24414 MB
ExecutionTime = 1157.71 s  ClockTime = 1167 s

Time = 1211
[mem] step-start: DEVICE_POOL current=19126 MB  actual(reserved)=38146 MB  highWater=24414 MB
Schwarz(Jacobi)+Bicgstab:  Solving for Ux, Initial residual = 8.357944763401654e-05, Final residual = 6.549412187788059e-06, No Iterations 3, Solve time = 227.29 ms
Schwarz(Jacobi)+Bicgstab:  Solving for Uy, Initial residual = 0.005531518453321082, Final residual = 0.0002604423607358003, No Iterations 3, Solve time = 227.29 ms
Schwarz(Jacobi)+Bicgstab:  Solving for Uz, Initial residual = 0.001323478125503645, Final residual = 5.634057955977064e-05, No Iterations 3, Solve time = 227.29 ms
[mem] after-UEqn: DEVICE_POOL current=19126 MB  actual(reserved)=38146 MB  highWater=24414 MB
config(Cg+Multigrid):  Solving for p, Initial residual = 0.001330676541206559, Final residual = 1.320390774902083e-05, No Iterations 13, Solve time = 1532.997 ms
time step continuity errors : sum local = 3.3332232685786737e-06, global = -7.697646921091107e-08, cumulative = -3.52333221875648e-05
[mem] after-pEqn: DEVICE_POOL current=19126 MB  actual(reserved)=38146 MB  highWater=24414 MB
[GinkgoSolver] p-cache: reuse(update_matrix_value) solve=211 rebuildInterval=0
Schwarz(Jacobi)+Bicgstab:  Solving for omega, Initial residual = 1.3255865583529451e-05, Final residual = 1.0172653992116423e-06, No Iterations 2, Solve time = 86.275 ms
bounding omega, min: -24161.4446853228 max: 45355982.94392799 average: 6343.789274704639
[GinkgoSolver] p-cache: reuse(update_matrix_value) solve=211 rebuildInterval=0
Schwarz(Jacobi)+Bicgstab:  Solving for k, Initial residual = 0.0002561660807051755, Final residual = 1.3985272438732241e-05, No Iterations 2, Solve time = 73.649 ms
bounding k, min: -0.0024226804582558256 max: 863.6393206452489 average: 9.047503510629648
[mem] after-turb: DEVICE_POOL current=19126 MB  actual(reserved)=38146 MB  highWater=24414 MB
ExecutionTime = 1162.45 s  ClockTime = 1172 s

Time = 1212
[mem] step-start: DEVICE_POOL current=19126 MB  actual(reserved)=38146 MB  highWater=24414 MB
Schwarz(Jacobi)+Bicgstab:  Solving for Ux, Initial residual = 8.381053905383038e-05, Final residual = 5.446574660187122e-06, No Iterations 2, Solve time = 169.351 ms
Schwarz(Jacobi)+Bicgstab:  Solving for Uy, Initial residual = 0.005490971351157747, Final residual = 0.00028456712792788617, No Iterations 2, Solve time = 169.351 ms
Schwarz(Jacobi)+Bicgstab:  Solving for Uz, Initial residual = 0.0013252134497367012, Final residual = 9.66422476328363e-05, No Iterations 2, Solve time = 169.351 ms
[mem] after-UEqn: DEVICE_POOL current=19126 MB  actual(reserved)=38146 MB  highWater=24414 MB
config(Cg+Multigrid):  Solving for p, Initial residual = 0.0013263486579892531, Final residual = 1.1827057580679152e-05, No Iterations 23, Solve time = 2623.116 ms
time step continuity errors : sum local = 2.983680189961539e-06, global = -6.034392255565583e-08, cumulative = -3.5293666110120454e-05
[mem] after-pEqn: DEVICE_POOL current=19126 MB  actual(reserved)=38146 MB  highWater=24414 MB
[GinkgoSolver] p-cache: reuse(update_matrix_value) solve=212 rebuildInterval=0
Schwarz(Jacobi)+Bicgstab:  Solving for omega, Initial residual = 1.3265287751612349e-05, Final residual = 1.0185055416080436e-06, No Iterations 2, Solve time = 85.884 ms
bounding omega, min: -23250.075513201795 max: 45355982.96716052 average: 6343.714270262033
[GinkgoSolver] p-cache: reuse(update_matrix_value) solve=212 rebuildInterval=0
Schwarz(Jacobi)+Bicgstab:  Solving for k, Initial residual = 0.00025600318009318243, Final residual = 1.4268561149977277e-05, No Iterations 2, Solve time = 72.819 ms
bounding k, min: -0.002915174794907903 max: 863.8648735864027 average: 9.047546154041372
[mem] after-turb: DEVICE_POOL current=19126 MB  actual(reserved)=38146 MB  highWater=24414 MB
ExecutionTime = 1168.21 s  ClockTime = 1178 s

Time = 1213
[mem] step-start: DEVICE_POOL current=19126 MB  actual(reserved)=38146 MB  highWater=24414 MB
Schwarz(Jacobi)+Bicgstab:  Solving for Ux, Initial residual = 8.387545194664106e-05, Final residual = 5.0223631035696e-06, No Iterations 2, Solve time = 179.765 ms
Schwarz(Jacobi)+Bicgstab:  Solving for Uy, Initial residual = 0.00544769222279707, Final residual = 0.0006561716693743106, No Iterations 2, Solve time = 179.765 ms
Schwarz(Jacobi)+Bicgstab:  Solving for Uz, Initial residual = 0.0013297630868599252, Final residual = 9.73235574773944e-05, No Iterations 2, Solve time = 179.765 ms
[mem] after-UEqn: DEVICE_POOL current=19126 MB  actual(reserved)=38146 MB  highWater=24414 MB
config(Cg+Multigrid):  Solving for p, Initial residual = 0.0013239814339583637, Final residual = 1.2868952483344778e-05, No Iterations 12, Solve time = 1425.07 ms
time step continuity errors : sum local = 3.2338782077317042e-06, global = -1.1479410593662506e-07, cumulative = -3.540846021605708e-05
[mem] after-pEqn: DEVICE_POOL current=19126 MB  actual(reserved)=38146 MB  highWater=24414 MB
[GinkgoSolver] p-cache: reuse(update_matrix_value) solve=213 rebuildInterval=0
Schwarz(Jacobi)+Bicgstab:  Solving for omega, Initial residual = 1.329430864983199e-05, Final residual = 1.021781201437966e-06, No Iterations 2, Solve time = 85.215 ms
bounding omega, min: -25554.933146871474 max: 45355982.98154434 average: 6343.702629019716
[GinkgoSolver] p-cache: reuse(update_matrix_value) solve=213 rebuildInterval=0
Schwarz(Jacobi)+Bicgstab:  Solving for k, Initial residual = 0.0002557687012193732, Final residual = 1.494952684348563e-05, No Iterations 2, Solve time = 75.576 ms
bounding k, min: -0.0008957429687549059 max: 864.0069100544819 average: 9.04766863831269
[mem] after-turb: DEVICE_POOL current=19126 MB  actual(reserved)=38146 MB  highWater=24414 MB
ExecutionTime = 1172.76 s  ClockTime = 1183 s

Time = 1214
[mem] step-start: DEVICE_POOL current=19126 MB  actual(reserved)=38146 MB  highWater=24414 MB
Schwarz(Jacobi)+Bicgstab:  Solving for Ux, Initial residual = 8.386816904164645e-05, Final residual = 4.964705774661338e-06, No Iterations 2, Solve time = 173.85 ms
Schwarz(Jacobi)+Bicgstab:  Solving for Uy, Initial residual = 0.005453765126725239, Final residual = 0.0007753739282229809, No Iterations 2, Solve time = 173.85 ms
Schwarz(Jacobi)+Bicgstab:  Solving for Uz, Initial residual = 0.001331879733404772, Final residual = 0.00010065969709013296, No Iterations 2, Solve time = 173.85 ms
[mem] after-UEqn: DEVICE_POOL current=19126 MB  actual(reserved)=38146 MB  highWater=24414 MB
config(Cg+Multigrid):  Solving for p, Initial residual = 0.0013326334346407238, Final residual = 1.26790077900133e-05, No Iterations 13, Solve time = 1535.418 ms
time step continuity errors : sum local = 3.183864434441052e-06, global = -1.1724953531027305e-07, cumulative = -3.5525709751367354e-05
[mem] after-pEqn: DEVICE_POOL current=19126 MB  actual(reserved)=38146 MB  highWater=24414 MB
[GinkgoSolver] p-cache: reuse(update_matrix_value) solve=214 rebuildInterval=0
Schwarz(Jacobi)+Bicgstab:  Solving for omega, Initial residual = 1.3324157889116105e-05, Final residual = 1.0223352122942876e-06, No Iterations 2, Solve time = 84.957 ms
bounding omega, min: -167264.894406947 max: 45355982.99316085 average: 6343.769436780033
[GinkgoSolver] p-cache: reuse(update_matrix_value) solve=214 rebuildInterval=0
Schwarz(Jacobi)+Bicgstab:  Solving for k, Initial residual = 0.0002555793770268146, Final residual = 1.562983298134373e-05, No Iterations 2, Solve time = 72.327 ms
bounding k, min: -0.0019580437216465095 max: 863.9944446436805 average: 9.047842379449884
[mem] after-turb: DEVICE_POOL current=19126 MB  actual(reserved)=38146 MB  highWater=24414 MB
ExecutionTime = 1177.46 s  ClockTime = 1187 s

Time = 1215
[mem] step-start: DEVICE_POOL current=19126 MB  actual(reserved)=38146 MB  highWater=24414 MB
Schwarz(Jacobi)+Bicgstab:  Solving for Ux, Initial residual = 8.38588159965804e-05, Final residual = 4.978623186225741e-06, No Iterations 2, Solve time = 171.857 ms
Schwarz(Jacobi)+Bicgstab:  Solving for Uy, Initial residual = 0.0054835851629498064, Final residual = 0.0009650779079699097, No Iterations 2, Solve time = 171.857 ms
Schwarz(Jacobi)+Bicgstab:  Solving for Uz, Initial residual = 0.0013324082835742175, Final residual = 0.00010568414375126836, No Iterations 2, Solve time = 171.857 ms
[mem] after-UEqn: DEVICE_POOL current=19126 MB  actual(reserved)=38146 MB  highWater=24414 MB
config(Cg+Multigrid):  Solving for p, Initial residual = 0.0013440683292356191, Final residual = 1.3014284905612985e-05, No Iterations 23, Solve time = 2625.445 ms
time step continuity errors : sum local = 3.2649008299480562e-06, global = -5.3896504165899466e-08, cumulative = -3.5579606255533256e-05
[mem] after-pEqn: DEVICE_POOL current=19126 MB  actual(reserved)=38146 MB  highWater=24414 MB
[GinkgoSolver] p-cache: reuse(update_matrix_value) solve=215 rebuildInterval=0
Schwarz(Jacobi)+Bicgstab:  Solving for omega, Initial residual = 1.3353279366816924e-05, Final residual = 1.0042322106602849e-06, No Iterations 2, Solve time = 76.652 ms
bounding omega, min: -25326.305663815772 max: 45355982.999972135 average: 6343.894967159794
[GinkgoSolver] p-cache: reuse(update_matrix_value) solve=215 rebuildInterval=0
Schwarz(Jacobi)+Bicgstab:  Solving for k, Initial residual = 0.0002553822704531968, Final residual = 1.5827686925660403e-05, No Iterations 2, Solve time = 73.736 ms
bounding k, min: -0.0009277049625159191 max: 863.8484971896572 average: 9.048067774045467
[mem] after-turb: DEVICE_POOL current=19126 MB  actual(reserved)=38146 MB  highWater=24414 MB
ExecutionTime = 1183.22 s  ClockTime = 1193 s

Time = 1216
[mem] step-start: DEVICE_POOL current=19126 MB  actual(reserved)=38146 MB  highWater=24414 MB
Schwarz(Jacobi)+Bicgstab:  Solving for Ux, Initial residual = 8.384986217182963e-05, Final residual = 3.629681437604789e-06, No Iterations 3, Solve time = 230.739 ms
Schwarz(Jacobi)+Bicgstab:  Solving for Uy, Initial residual = 0.005534841843984461, Final residual = 0.00019683805585192217, No Iterations 3, Solve time = 230.739 ms
Schwarz(Jacobi)+Bicgstab:  Solving for Uz, Initial residual = 0.001331156517869794, Final residual = 0.00011426801492318226, No Iterations 3, Solve time = 230.739 ms
[mem] after-UEqn: DEVICE_POOL current=19126 MB  actual(reserved)=38146 MB  highWater=24414 MB
config(Cg+Multigrid):  Solving for p, Initial residual = 0.001340877583970804, Final residual = 1.1999009212131558e-05, No Iterations 12, Solve time = 1436.932 ms
time step continuity errors : sum local = 2.9936018311619743e-06, global = -1.2095621608682787e-07, cumulative = -3.570056247162008e-05
[mem] after-pEqn: DEVICE_POOL current=19126 MB  actual(reserved)=38146 MB  highWater=24414 MB
[GinkgoSolver] p-cache: reuse(update_matrix_value) solve=216 rebuildInterval=0
Schwarz(Jacobi)+Bicgstab:  Solving for omega, Initial residual = 1.3318856444103576e-05, Final residual = 1.0053837255427297e-06, No Iterations 2, Solve time = 86.45 ms
bounding omega, min: -24354.65380495554 max: 45355983.00689554 average: 6343.891112149548
[GinkgoSolver] p-cache: reuse(update_matrix_value) solve=216 rebuildInterval=0
Schwarz(Jacobi)+Bicgstab:  Solving for k, Initial residual = 0.00025506634899333957, Final residual = 1.5340090625526207e-05, No Iterations 2, Solve time = 72.615 ms
bounding k, min: -0.0021060064214203783 max: 863.5985010820848 average: 9.047961051973914
[mem] after-turb: DEVICE_POOL current=19126 MB  actual(reserved)=38146 MB  highWater=24414 MB
ExecutionTime = 1187.84 s  ClockTime = 1198 s

Time = 1217
[mem] step-start: DEVICE_POOL current=19126 MB  actual(reserved)=38146 MB  highWater=24414 MB
Schwarz(Jacobi)+Bicgstab:  Solving for Ux, Initial residual = 8.372515549910868e-05, Final residual = 4.734196382129674e-06, No Iterations 2, Solve time = 181.902 ms
Schwarz(Jacobi)+Bicgstab:  Solving for Uy, Initial residual = 0.005489944100075675, Final residual = 0.0007572786593187284, No Iterations 2, Solve time = 181.902 ms
Schwarz(Jacobi)+Bicgstab:  Solving for Uz, Initial residual = 0.0013325239423836296, Final residual = 0.00010571859008437667, No Iterations 2, Solve time = 181.902 ms
[mem] after-UEqn: DEVICE_POOL current=19126 MB  actual(reserved)=38146 MB  highWater=24414 MB
config(Cg+Multigrid):  Solving for p, Initial residual = 0.0013430802745152104, Final residual = 1.2676585213192522e-05, No Iterations 12, Solve time = 1434.895 ms
time step continuity errors : sum local = 3.160868583504581e-06, global = -1.1173734185319687e-07, cumulative = -3.581229981347328e-05
[mem] after-pEqn: DEVICE_POOL current=19126 MB  actual(reserved)=38146 MB  highWater=24414 MB
[GinkgoSolver] p-cache: reuse(update_matrix_value) solve=217 rebuildInterval=0
Schwarz(Jacobi)+Bicgstab:  Solving for omega, Initial residual = 1.333148881471452e-05, Final residual = 1.0145890201754842e-06, No Iterations 2, Solve time = 78.239 ms
bounding omega, min: -26362.34909356349 max: 45355983.015898734 average: 6343.877762174139
[GinkgoSolver] p-cache: reuse(update_matrix_value) solve=217 rebuildInterval=0
Schwarz(Jacobi)+Bicgstab:  Solving for k, Initial residual = 0.00025473642418109485, Final residual = 1.5889749219536986e-05, No Iterations 2, Solve time = 73.256 ms
bounding k, min: -0.0009847022425905592 max: 863.2066389005083 average: 9.04792695522655
[mem] after-turb: DEVICE_POOL current=19126 MB  actual(reserved)=38146 MB  highWater=24414 MB
ExecutionTime = 1192.42 s  ClockTime = 1202 s

Time = 1218
[mem] step-start: DEVICE_POOL current=19126 MB  actual(reserved)=38146 MB  highWater=24414 MB
Schwarz(Jacobi)+Bicgstab:  Solving for Ux, Initial residual = 8.374726318949043e-05, Final residual = 5.599946813916082e-06, No Iterations 3, Solve time = 236.337 ms
Schwarz(Jacobi)+Bicgstab:  Solving for Uy, Initial residual = 0.00550865614622825, Final residual = 0.00020728314547528012, No Iterations 3, Solve time = 236.337 ms
Schwarz(Jacobi)+Bicgstab:  Solving for Uz, Initial residual = 0.001332682831455248, Final residual = 0.00026679204034717007, No Iterations 3, Solve time = 236.337 ms
[mem] after-UEqn: DEVICE_POOL current=19126 MB  actual(reserved)=38146 MB  highWater=24414 MB
config(Cg+Multigrid):  Solving for p, Initial residual = 0.001390390102342452, Final residual = 1.218875131396729e-05, No Iterations 13, Solve time = 1539.016 ms
time step continuity errors : sum local = 3.037934359211379e-06, global = -9.006903724155237e-08, cumulative = -3.590236885071483e-05
[mem] after-pEqn: DEVICE_POOL current=19126 MB  actual(reserved)=38146 MB  highWater=24414 MB
[GinkgoSolver] p-cache: reuse(update_matrix_value) solve=218 rebuildInterval=0
Schwarz(Jacobi)+Bicgstab:  Solving for omega, Initial residual = 1.3296858796541979e-05, Final residual = 1.0063567364228981e-06, No Iterations 2, Solve time = 76.239 ms
bounding omega, min: -319689.39106044517 max: 45355983.03196072 average: 6343.6520240613145
[GinkgoSolver] p-cache: reuse(update_matrix_value) solve=218 rebuildInterval=0
Schwarz(Jacobi)+Bicgstab:  Solving for k, Initial residual = 0.0002544459763048496, Final residual = 1.5279143902582152e-05, No Iterations 2, Solve time = 72.669 ms
bounding k, min: -0.002009712853210204 max: 862.6742681673805 average: 9.047246864100694
[mem] after-turb: DEVICE_POOL current=19126 MB  actual(reserved)=38146 MB  highWater=24414 MB
ExecutionTime = 1197.15 s  ClockTime = 1207 s

Time = 1219
[mem] step-start: DEVICE_POOL current=19126 MB  actual(reserved)=38146 MB  highWater=24414 MB
Schwarz(Jacobi)+Bicgstab:  Solving for Ux, Initial residual = 8.391421575253296e-05, Final residual = 5.131762219993449e-06, No Iterations 2, Solve time = 164.853 ms
Schwarz(Jacobi)+Bicgstab:  Solving for Uy, Initial residual = 0.00546948763579563, Final residual = 0.0007044417997130171, No Iterations 2, Solve time = 164.853 ms
Schwarz(Jacobi)+Bicgstab:  Solving for Uz, Initial residual = 0.0013165127217777753, Final residual = 0.00016984371329224637, No Iterations 2, Solve time = 164.853 ms
[mem] after-UEqn: DEVICE_POOL current=19126 MB  actual(reserved)=38146 MB  highWater=24414 MB
config(Cg+Multigrid):  Solving for p, Initial residual = 0.0013511867147531036, Final residual = 1.3070473966661512e-05, No Iterations 13, Solve time = 1541.063 ms
time step continuity errors : sum local = 3.256697761080848e-06, global = -7.18536991288597e-08, cumulative = -3.597422254984369e-05
[mem] after-pEqn: DEVICE_POOL current=19126 MB  actual(reserved)=38146 MB  highWater=24414 MB
[GinkgoSolver] p-cache: reuse(update_matrix_value) solve=219 rebuildInterval=0
Schwarz(Jacobi)+Bicgstab:  Solving for omega, Initial residual = 1.3306321912234666e-05, Final residual = 9.980587536184833e-07, No Iterations 2, Solve time = 85.301 ms
bounding omega, min: -23483.231253598777 max: 45355983.05369523 average: 6343.447326663337
[GinkgoSolver] p-cache: reuse(update_matrix_value) solve=219 rebuildInterval=0
Schwarz(Jacobi)+Bicgstab:  Solving for k, Initial residual = 0.0002538828894174464, Final residual = 1.5921508850306366e-05, No Iterations 2, Solve time = 72.663 ms
bounding k, min: -0.0006380169893138513 max: 862.0268502215392 average: 9.046887324589012
[mem] after-turb: DEVICE_POOL current=19126 MB  actual(reserved)=38146 MB  highWater=24414 MB
ExecutionTime = 1201.83 s  ClockTime = 1212 s

Time = 1220
[mem] step-start: DEVICE_POOL current=19126 MB  actual(reserved)=38146 MB  highWater=24414 MB
Schwarz(Jacobi)+Bicgstab:  Solving for Ux, Initial residual = 8.39025047355029e-05, Final residual = 3.6742828449140626e-06, No Iterations 3, Solve time = 249.213 ms
Schwarz(Jacobi)+Bicgstab:  Solving for Uy, Initial residual = 0.005472883994608337, Final residual = 0.00021231705458552908, No Iterations 3, Solve time = 249.213 ms
Schwarz(Jacobi)+Bicgstab:  Solving for Uz, Initial residual = 0.0013222805455624252, Final residual = 5.263055111593546e-05, No Iterations 3, Solve time = 249.213 ms
[mem] after-UEqn: DEVICE_POOL current=19126 MB  actual(reserved)=38146 MB  highWater=24414 MB
config(Cg+Multigrid):  Solving for p, Initial residual = 0.001336764507802576, Final residual = 1.2851652700866917e-05, No Iterations 15, Solve time = 1762.024 ms
time step continuity errors : sum local = 3.2013873252971295e-06, global = -3.4111706505403874e-08, cumulative = -3.600833425634909e-05
[mem] after-pEqn: DEVICE_POOL current=19126 MB  actual(reserved)=38146 MB  highWater=24414 MB
[GinkgoSolver] p-cache: reuse(update_matrix_value) solve=220 rebuildInterval=0
Schwarz(Jacobi)+Bicgstab:  Solving for omega, Initial residual = 1.3291477309405217e-05, Final residual = 9.945065073031744e-07, No Iterations 2, Solve time = 78.005 ms
bounding omega, min: -24393.263520521145 max: 45355983.086179815 average: 6343.105310342271
[GinkgoSolver] p-cache: reuse(update_matrix_value) solve=220 rebuildInterval=0
Schwarz(Jacobi)+Bicgstab:  Solving for k, Initial residual = 0.00025347914596256563, Final residual = 1.504015394904715e-05, No Iterations 2, Solve time = 73.724 ms
bounding k, min: -0.003905006599747446 max: 861.258957950615 average: 9.046207894580242
[mem] after-turb: DEVICE_POOL current=19126 MB  actual(reserved)=38146 MB  highWater=24414 MB
ExecutionTime = 1206.81 s  ClockTime = 1217 s

Time = 1221
[mem] step-start: DEVICE_POOL current=19126 MB  actual(reserved)=38146 MB  highWater=24414 MB
Schwarz(Jacobi)+Bicgstab:  Solving for Ux, Initial residual = 8.386477536650463e-05, Final residual = 4.8959885540829635e-06, No Iterations 2, Solve time = 166.645 ms
Schwarz(Jacobi)+Bicgstab:  Solving for Uy, Initial residual = 0.0054285382337468414, Final residual = 0.0007063062086621744, No Iterations 2, Solve time = 166.645 ms
Schwarz(Jacobi)+Bicgstab:  Solving for Uz, Initial residual = 0.001322265737001283, Final residual = 0.00014475865445215546, No Iterations 2, Solve time = 166.645 ms
[mem] after-UEqn: DEVICE_POOL current=19126 MB  actual(reserved)=38146 MB  highWater=24414 MB
config(Cg+Multigrid):  Solving for p, Initial residual = 0.0013371049431377372, Final residual = 1.3050991779399323e-05, No Iterations 17, Solve time = 1970.408 ms
time step continuity errors : sum local = 3.2501068118290575e-06, global = -2.2178000511937715e-08, cumulative = -3.603051225686103e-05
[mem] after-pEqn: DEVICE_POOL current=19126 MB  actual(reserved)=38146 MB  highWater=24414 MB
[GinkgoSolver] p-cache: reuse(update_matrix_value) solve=221 rebuildInterval=0
Schwarz(Jacobi)+Bicgstab:  Solving for omega, Initial residual = 1.331336422810194e-05, Final residual = 1.0014052669689605e-06, No Iterations 2, Solve time = 77.909 ms
bounding omega, min: -21987.396983933544 max: 45355983.12940607 average: 6342.811856631698
[GinkgoSolver] p-cache: reuse(update_matrix_value) solve=221 rebuildInterval=0
Schwarz(Jacobi)+Bicgstab:  Solving for k, Initial residual = 0.00025307407510830304, Final residual = 1.5861098555030605e-05, No Iterations 2, Solve time = 72.515 ms
bounding k, min: -0.0010158669134757367 max: 860.3957185410494 average: 9.045752758187879
[mem] after-turb: DEVICE_POOL current=19126 MB  actual(reserved)=38146 MB  highWater=24414 MB
ExecutionTime = 1211.91 s  ClockTime = 1222 s

Time = 1222
[mem] step-start: DEVICE_POOL current=19126 MB  actual(reserved)=38146 MB  highWater=24414 MB
Schwarz(Jacobi)+Bicgstab:  Solving for Ux, Initial residual = 8.394396088310317e-05, Final residual = 4.416923057719442e-06, No Iterations 3, Solve time = 224.012 ms
Schwarz(Jacobi)+Bicgstab:  Solving for Uy, Initial residual = 0.005441367903253823, Final residual = 0.0002117501326227727, No Iterations 3, Solve time = 224.012 ms
Schwarz(Jacobi)+Bicgstab:  Solving for Uz, Initial residual = 0.0013301942435296067, Final residual = 6.978303797044317e-05, No Iterations 3, Solve time = 224.012 ms
[mem] after-UEqn: DEVICE_POOL current=19126 MB  actual(reserved)=38146 MB  highWater=24414 MB
config(Cg+Multigrid):  Solving for p, Initial residual = 0.001341568369640679, Final residual = 1.2927571256192161e-05, No Iterations 18, Solve time = 2090.629 ms
time step continuity errors : sum local = 3.217753188010787e-06, global = -1.2342788087565902e-08, cumulative = -3.60428550449486e-05
[mem] after-pEqn: DEVICE_POOL current=19126 MB  actual(reserved)=38146 MB  highWater=24414 MB
[GinkgoSolver] p-cache: reuse(update_matrix_value) solve=222 rebuildInterval=0
Schwarz(Jacobi)+Bicgstab:  Solving for omega, Initial residual = 1.3316413176122145e-05, Final residual = 9.959995469117563e-07, No Iterations 2, Solve time = 85.973 ms
bounding omega, min: -283437.5654629763 max: 45355983.18399292 average: 6342.415989823909
[GinkgoSolver] p-cache: reuse(update_matrix_value) solve=222 rebuildInterval=0
Schwarz(Jacobi)+Bicgstab:  Solving for k, Initial residual = 0.00025276116106550544, Final residual = 1.514985639449819e-05, No Iterations 2, Solve time = 72.407 ms
bounding k, min: -0.0012485840961671286 max: 859.4569929319064 average: 9.045013233659754
[mem] after-turb: DEVICE_POOL current=19126 MB  actual(reserved)=38146 MB  highWater=24414 MB
ExecutionTime = 1217.21 s  ClockTime = 1227 s

Time = 1223
[mem] step-start: DEVICE_POOL current=19126 MB  actual(reserved)=38146 MB  highWater=24414 MB
Schwarz(Jacobi)+Bicgstab:  Solving for Ux, Initial residual = 8.397409989656733e-05, Final residual = 4.978415720483413e-06, No Iterations 2, Solve time = 174.158 ms
Schwarz(Jacobi)+Bicgstab:  Solving for Uy, Initial residual = 0.005410040126172385, Final residual = 0.0007405445012661434, No Iterations 2, Solve time = 174.158 ms
Schwarz(Jacobi)+Bicgstab:  Solving for Uz, Initial residual = 0.0013301425418227606, Final residual = 7.776550717024086e-05, No Iterations 2, Solve time = 174.158 ms
[mem] after-UEqn: DEVICE_POOL current=19126 MB  actual(reserved)=38146 MB  highWater=24414 MB
config(Cg+Multigrid):  Solving for p, Initial residual = 0.0013438986167049677, Final residual = 1.2873393184306079e-05, No Iterations 18, Solve time = 2083.661 ms
time step continuity errors : sum local = 3.2029299389914854e-06, global = -2.266180891980582e-09, cumulative = -3.604512122584058e-05
[mem] after-pEqn: DEVICE_POOL current=19126 MB  actual(reserved)=38146 MB  highWater=24414 MB
[GinkgoSolver] p-cache: reuse(update_matrix_value) solve=223 rebuildInterval=0
Schwarz(Jacobi)+Bicgstab:  Solving for omega, Initial residual = 1.3318803989789395e-05, Final residual = 9.865176880547522e-07, No Iterations 2, Solve time = 85.445 ms
bounding omega, min: -22849.714435486585 max: 45355983.24665879 average: 6342.060366823455
[GinkgoSolver] p-cache: reuse(update_matrix_value) solve=223 rebuildInterval=0
Schwarz(Jacobi)+Bicgstab:  Solving for k, Initial residual = 0.00025241052563464405, Final residual = 1.5913234130031577e-05, No Iterations 2, Solve time = 71.816 ms
bounding k, min: -0.0016725422326069987 max: 858.476983432601 average: 9.044325489547672
[mem] after-turb: DEVICE_POOL current=19126 MB  actual(reserved)=38146 MB  highWater=24414 MB
ExecutionTime = 1222.43 s  ClockTime = 1233 s

Time = 1224
[mem] step-start: DEVICE_POOL current=19126 MB  actual(reserved)=38146 MB  highWater=24414 MB
Schwarz(Jacobi)+Bicgstab:  Solving for Ux, Initial residual = 8.401253436460121e-05, Final residual = 4.3205670629542605e-06, No Iterations 3, Solve time = 230.025 ms
Schwarz(Jacobi)+Bicgstab:  Solving for Uy, Initial residual = 0.005442598594302372, Final residual = 0.00020287470153892062, No Iterations 3, Solve time = 230.025 ms
Schwarz(Jacobi)+Bicgstab:  Solving for Uz, Initial residual = 0.0013289270480584053, Final residual = 5.876300416007369e-05, No Iterations 3, Solve time = 230.025 ms
[mem] after-UEqn: DEVICE_POOL current=19126 MB  actual(reserved)=38146 MB  highWater=24414 MB
config(Cg+Multigrid):  Solving for p, Initial residual = 0.001343358825273703, Final residual = 1.306514983523923e-05, No Iterations 12, Solve time = 1420.807 ms
time step continuity errors : sum local = 3.2494990795476654e-06, global = -3.888598632586953e-08, cumulative = -3.6084007212166454e-05
[mem] after-pEqn: DEVICE_POOL current=19126 MB  actual(reserved)=38146 MB  highWater=24414 MB
[GinkgoSolver] p-cache: reuse(update_matrix_value) solve=224 rebuildInterval=0
Schwarz(Jacobi)+Bicgstab:  Solving for omega, Initial residual = 1.3306294109262092e-05, Final residual = 9.823264300111095e-07, No Iterations 2, Solve time = 86.181 ms
bounding omega, min: -22527.56266246966 max: 45355983.31804788 average: 6341.568952590655
[GinkgoSolver] p-cache: reuse(update_matrix_value) solve=224 rebuildInterval=0
Schwarz(Jacobi)+Bicgstab:  Solving for k, Initial residual = 0.0002521191635673833, Final residual = 1.538130528361942e-05, No Iterations 2, Solve time = 72.519 ms
bounding k, min: -0.0014935937554919742 max: 857.4697781680084 average: 9.04339732812563
[mem] after-turb: DEVICE_POOL current=19126 MB  actual(reserved)=38146 MB  highWater=24414 MB
ExecutionTime = 1227.05 s  ClockTime = 1237 s

Time = 1225
[mem] step-start: DEVICE_POOL current=19126 MB  actual(reserved)=38146 MB  highWater=24414 MB
Schwarz(Jacobi)+Bicgstab:  Solving for Ux, Initial residual = 8.39630576984924e-05, Final residual = 4.841384984022317e-06, No Iterations 3, Solve time = 227.74 ms
Schwarz(Jacobi)+Bicgstab:  Solving for Uy, Initial residual = 0.005422397829416906, Final residual = 0.00022579355616370684, No Iterations 3, Solve time = 227.74 ms
Schwarz(Jacobi)+Bicgstab:  Solving for Uz, Initial residual = 0.0013270136222079808, Final residual = 3.72085371562799e-05, No Iterations 3, Solve time = 227.74 ms
[mem] after-UEqn: DEVICE_POOL current=19126 MB  actual(reserved)=38146 MB  highWater=24414 MB
config(Cg+Multigrid):  Solving for p, Initial residual = 0.0013450470472237226, Final residual = 1.2985897092107907e-05, No Iterations 19, Solve time = 2205.236 ms
time step continuity errors : sum local = 3.2299148642046054e-06, global = 4.471099024690733e-08, cumulative = -3.6039296221919544e-05
[mem] after-pEqn: DEVICE_POOL current=19126 MB  actual(reserved)=38146 MB  highWater=24414 MB
[GinkgoSolver] p-cache: reuse(update_matrix_value) solve=225 rebuildInterval=0
Schwarz(Jacobi)+Bicgstab:  Solving for omega, Initial residual = 1.3276751721753087e-05, Final residual = 9.790257875992732e-07, No Iterations 2, Solve time = 77.174 ms
bounding omega, min: -24945.322330633524 max: 45355983.395381 average: 6341.061538004077
[GinkgoSolver] p-cache: reuse(update_matrix_value) solve=225 rebuildInterval=0
Schwarz(Jacobi)+Bicgstab:  Solving for k, Initial residual = 0.00025181314319768823, Final residual = 1.57005332262183e-05, No Iterations 2, Solve time = 72.411 ms
bounding k, min: -0.001394317564996004 max: 856.49932516496 average: 9.042312639328856
[mem] after-turb: DEVICE_POOL current=19126 MB  actual(reserved)=38146 MB  highWater=24414 MB
ExecutionTime = 1232.42 s  ClockTime = 1243 s

Time = 1226
[mem] step-start: DEVICE_POOL current=19126 MB  actual(reserved)=38146 MB  highWater=24414 MB
Schwarz(Jacobi)+Bicgstab:  Solving for Ux, Initial residual = 8.399970415185658e-05, Final residual = 4.155093309755132e-06, No Iterations 3, Solve time = 230.774 ms
Schwarz(Jacobi)+Bicgstab:  Solving for Uy, Initial residual = 0.00541482225129083, Final residual = 0.00026703334073702504, No Iterations 3, Solve time = 230.774 ms
Schwarz(Jacobi)+Bicgstab:  Solving for Uz, Initial residual = 0.001323282422219126, Final residual = 0.00023978775190604243, No Iterations 3, Solve time = 230.774 ms
[mem] after-UEqn: DEVICE_POOL current=19126 MB  actual(reserved)=38146 MB  highWater=24414 MB
config(Cg+Multigrid):  Solving for p, Initial residual = 0.001340595509258156, Final residual = 1.2855634698397431e-05, No Iterations 13, Solve time = 1540.726 ms
time step continuity errors : sum local = 3.198547839721672e-06, global = -5.52746570560828e-09, cumulative = -3.604482368762515e-05
[mem] after-pEqn: DEVICE_POOL current=19126 MB  actual(reserved)=38146 MB  highWater=24414 MB
[GinkgoSolver] p-cache: reuse(update_matrix_value) solve=226 rebuildInterval=0
Schwarz(Jacobi)+Bicgstab:  Solving for omega, Initial residual = 1.3300865203935436e-05, Final residual = 9.770673183353255e-07, No Iterations 2, Solve time = 77.574 ms
bounding omega, min: -336728.2491310417 max: 45355983.474315606 average: 6340.562040659669
[GinkgoSolver] p-cache: reuse(update_matrix_value) solve=226 rebuildInterval=0
Schwarz(Jacobi)+Bicgstab:  Solving for k, Initial residual = 0.0002515452687572345, Final residual = 1.5648757001140798e-05, No Iterations 2, Solve time = 75.965 ms
bounding k, min: -0.001372942882797306 max: 855.6231292363831 average: 9.041428658584685
[mem] after-turb: DEVICE_POOL current=19126 MB  actual(reserved)=38146 MB  highWater=24414 MB
ExecutionTime = 1237.14 s  ClockTime = 1247 s

Time = 1227
[mem] step-start: DEVICE_POOL current=19126 MB  actual(reserved)=38146 MB  highWater=24414 MB
Schwarz(Jacobi)+Bicgstab:  Solving for Ux, Initial residual = 8.394567116971996e-05, Final residual = 5.202134159682586e-06, No Iterations 2, Solve time = 173.301 ms
Schwarz(Jacobi)+Bicgstab:  Solving for Uy, Initial residual = 0.005411160834762371, Final residual = 0.00046688927519976647, No Iterations 2, Solve time = 173.301 ms
Schwarz(Jacobi)+Bicgstab:  Solving for Uz, Initial residual = 0.0013401105693891377, Final residual = 0.0001824640083363973, No Iterations 2, Solve time = 173.301 ms
[mem] after-UEqn: DEVICE_POOL current=19126 MB  actual(reserved)=38146 MB  highWater=24414 MB
config(Cg+Multigrid):  Solving for p, Initial residual = 0.0013398411296041482, Final residual = 1.2293578839137445e-05, No Iterations 20, Solve time = 2287.517 ms
time step continuity errors : sum local = 3.0595290051383812e-06, global = 4.891026880008243e-08, cumulative = -3.5995913418825064e-05
[mem] after-pEqn: DEVICE_POOL current=19126 MB  actual(reserved)=38146 MB  highWater=24414 MB
[GinkgoSolver] p-cache: reuse(update_matrix_value) solve=227 rebuildInterval=0
Schwarz(Jacobi)+Bicgstab:  Solving for omega, Initial residual = 1.3316919173386074e-05, Final residual = 9.655229974108993e-07, No Iterations 2, Solve time = 74.977 ms
bounding omega, min: -30096.78443291372 max: 45355983.54731699 average: 6340.181964233514
[GinkgoSolver] p-cache: reuse(update_matrix_value) solve=227 rebuildInterval=0
Schwarz(Jacobi)+Bicgstab:  Solving for k, Initial residual = 0.00025135555682158177, Final residual = 1.578919848606266e-05, No Iterations 2, Solve time = 72.531 ms
bounding k, min: -0.0013387474119763466 max: 854.8382565356856 average: 9.040626022180447
[mem] after-turb: DEVICE_POOL current=19126 MB  actual(reserved)=38146 MB  highWater=24414 MB
ExecutionTime = 1242.57 s  ClockTime = 1253 s

Time = 1228
[mem] step-start: DEVICE_POOL current=19126 MB  actual(reserved)=38146 MB  highWater=24414 MB
Schwarz(Jacobi)+Bicgstab:  Solving for Ux, Initial residual = 8.397708199554416e-05, Final residual = 5.133577200433855e-06, No Iterations 2, Solve time = 167.967 ms
Schwarz(Jacobi)+Bicgstab:  Solving for Uy, Initial residual = 0.0054249606913044065, Final residual = 0.0007286625799472731, No Iterations 2, Solve time = 167.967 ms
Schwarz(Jacobi)+Bicgstab:  Solving for Uz, Initial residual = 0.0013485521686391008, Final residual = 0.00016455868314781247, No Iterations 2, Solve time = 167.967 ms
[mem] after-UEqn: DEVICE_POOL current=19126 MB  actual(reserved)=38146 MB  highWater=24414 MB
config(Cg+Multigrid):  Solving for p, Initial residual = 0.0013430653893164654, Final residual = 1.2617725414450339e-05, No Iterations 13, Solve time = 1549.597 ms
time step continuity errors : sum local = 3.143084348236442e-06, global = 1.643869139337073e-08, cumulative = -3.597947472743169e-05
[mem] after-pEqn: DEVICE_POOL current=19126 MB  actual(reserved)=38146 MB  highWater=24414 MB
[GinkgoSolver] p-cache: reuse(update_matrix_value) solve=228 rebuildInterval=0
Schwarz(Jacobi)+Bicgstab:  Solving for omega, Initial residual = 1.3337278460887794e-05, Final residual = 9.699874369571457e-07, No Iterations 2, Solve time = 84.659 ms
bounding omega, min: -31918.047202380785 max: 45355983.6115213 average: 6339.81189943184
[GinkgoSolver] p-cache: reuse(update_matrix_value) solve=228 rebuildInterval=0
Schwarz(Jacobi)+Bicgstab:  Solving for k, Initial residual = 0.00025123595314698304, Final residual = 1.573349967665902e-05, No Iterations 2, Solve time = 72.421 ms
bounding k, min: -0.0013450153179525616 max: 854.1801159792598 average: 9.03995503074056
[mem] after-turb: DEVICE_POOL current=19126 MB  actual(reserved)=38146 MB  highWater=24414 MB
ExecutionTime = 1247.26 s  ClockTime = 1258 s

Time = 1229
[mem] step-start: DEVICE_POOL current=19126 MB  actual(reserved)=38146 MB  highWater=24414 MB
Schwarz(Jacobi)+Bicgstab:  Solving for Ux, Initial residual = 8.398908963240669e-05, Final residual = 3.879907303367125e-06, No Iterations 3, Solve time = 228.072 ms
Schwarz(Jacobi)+Bicgstab:  Solving for Uy, Initial residual = 0.005464434295980923, Final residual = 0.00020688341140589843, No Iterations 3, Solve time = 228.072 ms
Schwarz(Jacobi)+Bicgstab:  Solving for Uz, Initial residual = 0.0013552582665281934, Final residual = 5.8322219504270685e-05, No Iterations 3, Solve time = 228.072 ms
[mem] after-UEqn: DEVICE_POOL current=19126 MB  actual(reserved)=38146 MB  highWater=24414 MB
config(Cg+Multigrid):  Solving for p, Initial residual = 0.0013461053464175205, Final residual = 1.3286166631447943e-05, No Iterations 19, Solve time = 2191.987 ms
time step continuity errors : sum local = 3.3105852212627634e-06, global = 5.617725658347911e-08, cumulative = -3.5923297470848215e-05
[mem] after-pEqn: DEVICE_POOL current=19126 MB  actual(reserved)=38146 MB  highWater=24414 MB
[GinkgoSolver] p-cache: reuse(update_matrix_value) solve=229 rebuildInterval=0
Schwarz(Jacobi)+Bicgstab:  Solving for omega, Initial residual = 1.3305897771071482e-05, Final residual = 9.640733537389035e-07, No Iterations 2, Solve time = 85.674 ms
bounding omega, min: -34297.059024202405 max: 45355983.66580469 average: 6339.380409179738
[GinkgoSolver] p-cache: reuse(update_matrix_value) solve=229 rebuildInterval=0
Schwarz(Jacobi)+Bicgstab:  Solving for k, Initial residual = 0.0002510828087076578, Final residual = 1.5292036817818998e-05, No Iterations 2, Solve time = 76.886 ms
bounding k, min: -0.0012550364585515814 max: 853.6655491244859 average: 9.038896902970459
[mem] after-turb: DEVICE_POOL current=19126 MB  actual(reserved)=38146 MB  highWater=24414 MB
ExecutionTime = 1252.64 s  ClockTime = 1263 s

Time = 1230
[mem] step-start: DEVICE_POOL current=19126 MB  actual(reserved)=38146 MB  highWater=24414 MB
Schwarz(Jacobi)+Bicgstab:  Solving for Ux, Initial residual = 8.394038481154297e-05, Final residual = 5.034086314436997e-06, No Iterations 2, Solve time = 175.54 ms
Schwarz(Jacobi)+Bicgstab:  Solving for Uy, Initial residual = 0.005455440355519422, Final residual = 0.0007049408754429953, No Iterations 2, Solve time = 175.54 ms
Schwarz(Jacobi)+Bicgstab:  Solving for Uz, Initial residual = 0.0013491833752951508, Final residual = 9.597020606369862e-05, No Iterations 2, Solve time = 175.54 ms
[mem] after-UEqn: DEVICE_POOL current=19126 MB  actual(reserved)=38146 MB  highWater=24414 MB
config(Cg+Multigrid):  Solving for p, Initial residual = 0.0013496143387968832, Final residual = 1.3185204288374777e-05, No Iterations 14, Solve time = 1641.018 ms
time step continuity errors : sum local = 3.2890770178019004e-06, global = 3.552559604493899e-08, cumulative = -3.5887771874803274e-05
[mem] after-pEqn: DEVICE_POOL current=19126 MB  actual(reserved)=38146 MB  highWater=24414 MB
[GinkgoSolver] p-cache: reuse(update_matrix_value) solve=230 rebuildInterval=0
Schwarz(Jacobi)+Bicgstab:  Solving for omega, Initial residual = 1.3320356594311811e-05, Final residual = 9.64735140824483e-07, No Iterations 2, Solve time = 77.776 ms
bounding omega, min: -254495.24623281203 max: 45355983.70475646 average: 6338.907970446625
[GinkgoSolver] p-cache: reuse(update_matrix_value) solve=230 rebuildInterval=0
Schwarz(Jacobi)+Bicgstab:  Solving for k, Initial residual = 0.00025096611991773143, Final residual = 1.607613989427733e-05, No Iterations 2, Solve time = 72.691 ms
bounding k, min: -0.0010964742956820657 max: 853.3426266973084 average: 9.037967588271801
[mem] after-turb: DEVICE_POOL current=19126 MB  actual(reserved)=38146 MB  highWater=24414 MB
ExecutionTime = 1257.42 s  ClockTime = 1268 s

Time = 1231
[mem] step-start: DEVICE_POOL current=19126 MB  actual(reserved)=38146 MB  highWater=24414 MB
Schwarz(Jacobi)+Bicgstab:  Solving for Ux, Initial residual = 8.39984897432458e-05, Final residual = 5.110137988387259e-06, No Iterations 2, Solve time = 167.06 ms
Schwarz(Jacobi)+Bicgstab:  Solving for Uy, Initial residual = 0.005502993930296628, Final residual = 0.0010358146318494525, No Iterations 2, Solve time = 167.06 ms
Schwarz(Jacobi)+Bicgstab:  Solving for Uz, Initial residual = 0.0013459364042710349, Final residual = 8.08268640867832e-05, No Iterations 2, Solve time = 167.06 ms
[mem] after-UEqn: DEVICE_POOL current=19126 MB  actual(reserved)=38146 MB  highWater=24414 MB
config(Cg+Multigrid):  Solving for p, Initial residual = 0.00136236806901593, Final residual = 1.301754069577971e-05, No Iterations 19, Solve time = 2188.471 ms
time step continuity errors : sum local = 3.248702521481194e-06, global = 4.441399890111956e-08, cumulative = -3.584335787590215e-05
[mem] after-pEqn: DEVICE_POOL current=19126 MB  actual(reserved)=38146 MB  highWater=24414 MB
[GinkgoSolver] p-cache: reuse(update_matrix_value) solve=231 rebuildInterval=0
Schwarz(Jacobi)+Bicgstab:  Solving for omega, Initial residual = 1.335668392118498e-05, Final residual = 9.560705916414297e-07, No Iterations 2, Solve time = 86.292 ms
bounding omega, min: -40277.87478427966 max: 45355983.7227818 average: 6338.528041556941
[GinkgoSolver] p-cache: reuse(update_matrix_value) solve=231 rebuildInterval=0
Schwarz(Jacobi)+Bicgstab:  Solving for k, Initial residual = 0.00025094733158558517, Final residual = 1.5658251552414527e-05, No Iterations 2, Solve time = 72.76 ms
bounding k, min: -0.0009522445234578843 max: 853.2278718237421 average: 9.037113195171203
[mem] after-turb: DEVICE_POOL current=19126 MB  actual(reserved)=38146 MB  highWater=24414 MB
ExecutionTime = 1262.73 s  ClockTime = 1273 s

Time = 1232
[mem] step-start: DEVICE_POOL current=19126 MB  actual(reserved)=38146 MB  highWater=24414 MB
Schwarz(Jacobi)+Bicgstab:  Solving for Ux, Initial residual = 8.40406766405223e-05, Final residual = 3.9313847109840685e-06, No Iterations 3, Solve time = 228.912 ms
Schwarz(Jacobi)+Bicgstab:  Solving for Uy, Initial residual = 0.005586759910036433, Final residual = 0.00018108301276061569, No Iterations 3, Solve time = 228.912 ms
Schwarz(Jacobi)+Bicgstab:  Solving for Uz, Initial residual = 0.0013386343010401902, Final residual = 6.231405115299605e-05, No Iterations 3, Solve time = 228.912 ms
[mem] after-UEqn: DEVICE_POOL current=19126 MB  actual(reserved)=38146 MB  highWater=24414 MB
config(Cg+Multigrid):  Solving for p, Initial residual = 0.001350791561433618, Final residual = 1.3015265996270152e-05, No Iterations 19, Solve time = 2189.321 ms
time step continuity errors : sum local = 3.2504557912875917e-06, global = 4.312814443851272e-08, cumulative = -3.580022973146364e-05
[mem] after-pEqn: DEVICE_POOL current=19126 MB  actual(reserved)=38146 MB  highWater=24414 MB
[GinkgoSolver] p-cache: reuse(update_matrix_value) solve=232 rebuildInterval=0
Schwarz(Jacobi)+Bicgstab:  Solving for omega, Initial residual = 1.3318897272641253e-05, Final residual = 9.535576974476859e-07, No Iterations 2, Solve time = 75.583 ms
bounding omega, min: -43005.92163801331 max: 45355983.724025115 average: 6338.018574995775
[GinkgoSolver] p-cache: reuse(update_matrix_value) solve=232 rebuildInterval=0
Schwarz(Jacobi)+Bicgstab:  Solving for k, Initial residual = 0.00025085246851754754, Final residual = 1.5984014416225844e-05, No Iterations 2, Solve time = 72.461 ms
bounding k, min: -0.0007302996902876068 max: 853.3084341058673 average: 9.035860723266294
[mem] after-turb: DEVICE_POOL current=19126 MB  actual(reserved)=38146 MB  highWater=24414 MB
ExecutionTime = 1268.1 s  ClockTime = 1279 s

Time = 1233
[mem] step-start: DEVICE_POOL current=19126 MB  actual(reserved)=38146 MB  highWater=24414 MB
Schwarz(Jacobi)+Bicgstab:  Solving for Ux, Initial residual = 8.401448884185983e-05, Final residual = 5.063969629524105e-06, No Iterations 3, Solve time = 220.613 ms
Schwarz(Jacobi)+Bicgstab:  Solving for Uy, Initial residual = 0.005569630075849489, Final residual = 0.00018926988325179014, No Iterations 3, Solve time = 220.613 ms
Schwarz(Jacobi)+Bicgstab:  Solving for Uz, Initial residual = 0.0013326178357067242, Final residual = 6.717958300335623e-05, No Iterations 3, Solve time = 220.613 ms
[mem] after-UEqn: DEVICE_POOL current=19126 MB  actual(reserved)=38146 MB  highWater=24414 MB
config(Cg+Multigrid):  Solving for p, Initial residual = 0.0013601904453735712, Final residual = 1.2708637539181513e-05, No Iterations 19, Solve time = 2192.286 ms
time step continuity errors : sum local = 3.1761532145308335e-06, global = 3.6803799682004633e-08, cumulative = -3.5763425931781635e-05
[mem] after-pEqn: DEVICE_POOL current=19126 MB  actual(reserved)=38146 MB  highWater=24414 MB
[GinkgoSolver] p-cache: reuse(update_matrix_value) solve=233 rebuildInterval=0
Schwarz(Jacobi)+Bicgstab:  Solving for omega, Initial residual = 1.3306995928192203e-05, Final residual = 9.511851109514018e-07, No Iterations 2, Solve time = 78.012 ms
bounding omega, min: -44701.20309862377 max: 45355983.71293114 average: 6337.422221204555
[GinkgoSolver] p-cache: reuse(update_matrix_value) solve=233 rebuildInterval=0
Schwarz(Jacobi)+Bicgstab:  Solving for k, Initial residual = 0.0002508737966770692, Final residual = 1.615048211796278e-05, No Iterations 2, Solve time = 72.855 ms
bounding k, min: -0.0008078380027111472 max: 853.5954598338058 average: 9.034310010849724
[mem] after-turb: DEVICE_POOL current=19126 MB  actual(reserved)=38146 MB  highWater=24414 MB
ExecutionTime = 1273.48 s  ClockTime = 1284 s

Time = 1234
[mem] step-start: DEVICE_POOL current=19126 MB  actual(reserved)=38146 MB  highWater=24414 MB
Schwarz(Jacobi)+Bicgstab:  Solving for Ux, Initial residual = 8.410439139069762e-05, Final residual = 3.899443302607314e-06, No Iterations 3, Solve time = 230.414 ms
Schwarz(Jacobi)+Bicgstab:  Solving for Uy, Initial residual = 0.005558107279168353, Final residual = 0.00020478658244221378, No Iterations 3, Solve time = 230.414 ms
Schwarz(Jacobi)+Bicgstab:  Solving for Uz, Initial residual = 0.0013234729273835782, Final residual = 3.731062095528657e-05, No Iterations 3, Solve time = 230.414 ms
[mem] after-UEqn: DEVICE_POOL current=19126 MB  actual(reserved)=38146 MB  highWater=24414 MB
config(Cg+Multigrid):  Solving for p, Initial residual = 0.0013503181110981733, Final residual = 1.329275292318955e-05, No Iterations 14, Solve time = 1654.102 ms
time step continuity errors : sum local = 3.324212403871691e-06, global = 9.358972338808274e-10, cumulative = -3.576249003454775e-05
[mem] after-pEqn: DEVICE_POOL current=19126 MB  actual(reserved)=38146 MB  highWater=24414 MB
[GinkgoSolver] p-cache: reuse(update_matrix_value) solve=234 rebuildInterval=0
Schwarz(Jacobi)+Bicgstab:  Solving for omega, Initial residual = 1.3295838036864003e-05, Final residual = 9.461422198500848e-07, No Iterations 2, Solve time = 75.711 ms
bounding omega, min: -163650.51481441467 max: 45355983.694852054 average: 6336.739084631255
[GinkgoSolver] p-cache: reuse(update_matrix_value) solve=234 rebuildInterval=0
Schwarz(Jacobi)+Bicgstab:  Solving for k, Initial residual = 0.00025080349827572284, Final residual = 1.5732160987239542e-05, No Iterations 2, Solve time = 72.316 ms
bounding k, min: -0.000789802359324094 max: 854.0763591648819 average: 9.032587305310813
[mem] after-turb: DEVICE_POOL current=19126 MB  actual(reserved)=38146 MB  highWater=24414 MB
ExecutionTime = 1278.32 s  ClockTime = 1289 s

Time = 1235
[mem] step-start: DEVICE_POOL current=19126 MB  actual(reserved)=38146 MB  highWater=24414 MB
Schwarz(Jacobi)+Bicgstab:  Solving for Ux, Initial residual = 8.404674865331153e-05, Final residual = 4.2909236770253e-06, No Iterations 3, Solve time = 213.931 ms
Schwarz(Jacobi)+Bicgstab:  Solving for Uy, Initial residual = 0.005547197024282299, Final residual = 0.000230548810033735, No Iterations 3, Solve time = 213.931 ms
Schwarz(Jacobi)+Bicgstab:  Solving for Uz, Initial residual = 0.001319951254993071, Final residual = 0.00021431636902240274, No Iterations 3, Solve time = 213.931 ms
[mem] after-UEqn: DEVICE_POOL current=19126 MB  actual(reserved)=38146 MB  highWater=24414 MB
config(Cg+Multigrid):  Solving for p, Initial residual = 0.0013722738573220936, Final residual = 1.340874943373974e-05, No Iterations 19, Solve time = 2184.76 ms
time step continuity errors : sum local = 3.353876602356455e-06, global = 2.5775105269952717e-08, cumulative = -3.57367149292778e-05
[mem] after-pEqn: DEVICE_POOL current=19126 MB  actual(reserved)=38146 MB  highWater=24414 MB
[GinkgoSolver] p-cache: reuse(update_matrix_value) solve=235 rebuildInterval=0
Schwarz(Jacobi)+Bicgstab:  Solving for omega, Initial residual = 1.3258668877154787e-05, Final residual = 9.298344074353323e-07, No Iterations 2, Solve time = 78.701 ms
bounding omega, min: -44077.48102661168 max: 45355983.66490957 average: 6336.009307914795
[GinkgoSolver] p-cache: reuse(update_matrix_value) solve=235 rebuildInterval=0
Schwarz(Jacobi)+Bicgstab:  Solving for k, Initial residual = 0.0002507070699450752, Final residual = 1.53711208486247e-05, No Iterations 2, Solve time = 72.355 ms
bounding k, min: -0.0012637396042743804 max: 854.731344866138 average: 9.030424231219376
[mem] after-turb: DEVICE_POOL current=19126 MB  actual(reserved)=38146 MB  highWater=24414 MB
ExecutionTime = 1283.69 s  ClockTime = 1294 s

Time = 1236
[mem] step-start: DEVICE_POOL current=19126 MB  actual(reserved)=38146 MB  highWater=24414 MB
Schwarz(Jacobi)+Bicgstab:  Solving for Ux, Initial residual = 8.405058428715632e-05, Final residual = 3.9976497547339705e-06, No Iterations 3, Solve time = 238.886 ms
Schwarz(Jacobi)+Bicgstab:  Solving for Uy, Initial residual = 0.005543091674055645, Final residual = 0.000254148913988451, No Iterations 3, Solve time = 238.886 ms
Schwarz(Jacobi)+Bicgstab:  Solving for Uz, Initial residual = 0.0013093171433165688, Final residual = 4.109587047030092e-05, No Iterations 3, Solve time = 238.886 ms
[mem] after-UEqn: DEVICE_POOL current=19126 MB  actual(reserved)=38146 MB  highWater=24414 MB
config(Cg+Multigrid):  Solving for p, Initial residual = 0.0013416529089419998, Final residual = 1.2262032483173317e-05, No Iterations 19, Solve time = 2190.274 ms
time step continuity errors : sum local = 3.067724584946466e-06, global = 1.2008744859526931e-08, cumulative = -3.572470618441827e-05
[mem] after-pEqn: DEVICE_POOL current=19126 MB  actual(reserved)=38146 MB  highWater=24414 MB
[GinkgoSolver] p-cache: reuse(update_matrix_value) solve=236 rebuildInterval=0
Schwarz(Jacobi)+Bicgstab:  Solving for omega, Initial residual = 1.3247623711863748e-05, Final residual = 9.351346647685945e-07, No Iterations 2, Solve time = 77.993 ms
bounding omega, min: -43551.887903203584 max: 45355983.62764899 average: 6335.2232503737305
[GinkgoSolver] p-cache: reuse(update_matrix_value) solve=236 rebuildInterval=0
Schwarz(Jacobi)+Bicgstab:  Solving for k, Initial residual = 0.0002505681695205423, Final residual = 1.0954691598352132e-05, No Iterations 3, Solve time = 95.103 ms
bounding k, min: -2.023090287600496e-05 max: 855.4536073662374 average: 9.028287661029086
[mem] after-turb: DEVICE_POOL current=19126 MB  actual(reserved)=38146 MB  highWater=24414 MB
ExecutionTime = 1289.1 s  ClockTime = 1300 s

Time = 1237
[mem] step-start: DEVICE_POOL current=19126 MB  actual(reserved)=38146 MB  highWater=24414 MB
Schwarz(Jacobi)+Bicgstab:  Solving for Ux, Initial residual = 8.399716940700065e-05, Final residual = 4.170414818923713e-06, No Iterations 3, Solve time = 235.107 ms
Schwarz(Jacobi)+Bicgstab:  Solving for Uy, Initial residual = 0.005539847497651918, Final residual = 0.00026618653470550255, No Iterations 3, Solve time = 235.107 ms
Schwarz(Jacobi)+Bicgstab:  Solving for Uz, Initial residual = 0.001306424718523319, Final residual = 3.738268467094795e-05, No Iterations 3, Solve time = 235.107 ms
[mem] after-UEqn: DEVICE_POOL current=19126 MB  actual(reserved)=38146 MB  highWater=24414 MB
config(Cg+Multigrid):  Solving for p, Initial residual = 0.0013304645864337641, Final residual = 1.2421615541780716e-05, No Iterations 18, Solve time = 2084.095 ms
time step continuity errors : sum local = 3.1072257209545115e-06, global = -9.561129004184217e-10, cumulative = -3.5725662297318694e-05
[mem] after-pEqn: DEVICE_POOL current=19126 MB  actual(reserved)=38146 MB  highWater=24414 MB
[GinkgoSolver] p-cache: reuse(update_matrix_value) solve=237 rebuildInterval=0
Schwarz(Jacobi)+Bicgstab:  Solving for omega, Initial residual = 1.3207667409892186e-05, Final residual = 9.417924636598139e-07, No Iterations 2, Solve time = 85.931 ms
bounding omega, min: -43251.07218406736 max: 45355983.58849956 average: 6334.520844378542
[GinkgoSolver] p-cache: reuse(update_matrix_value) solve=237 rebuildInterval=0
Schwarz(Jacobi)+Bicgstab:  Solving for k, Initial residual = 0.00025003592604334526, Final residual = 1.4362222559577546e-05, No Iterations 2, Solve time = 72.132 ms
bounding k, min: -0.00021397699326444492 max: 856.2751928868099 average: 9.025962217773841
[mem] after-turb: DEVICE_POOL current=19126 MB  actual(reserved)=38146 MB  highWater=24414 MB
ExecutionTime = 1294.38 s  ClockTime = 1305 s

Time = 1238
[mem] step-start: DEVICE_POOL current=19126 MB  actual(reserved)=38146 MB  highWater=24414 MB
Schwarz(Jacobi)+Bicgstab:  Solving for Ux, Initial residual = 8.393133334432074e-05, Final residual = 5.032987663845152e-06, No Iterations 2, Solve time = 176.141 ms
Schwarz(Jacobi)+Bicgstab:  Solving for Uy, Initial residual = 0.005537159884029022, Final residual = 0.0006654434221220844, No Iterations 2, Solve time = 176.141 ms
Schwarz(Jacobi)+Bicgstab:  Solving for Uz, Initial residual = 0.0013053865799805622, Final residual = 0.00010902399035854336, No Iterations 2, Solve time = 176.141 ms
[mem] after-UEqn: DEVICE_POOL current=19126 MB  actual(reserved)=38146 MB  highWater=24414 MB
config(Cg+Multigrid):  Solving for p, Initial residual = 0.0013274530974267042, Final residual = 1.2604800296582811e-05, No Iterations 13, Solve time = 1537.252 ms
time step continuity errors : sum local = 3.151790122276139e-06, global = -3.9548539536732566e-08, cumulative = -3.576521083685543e-05
[mem] after-pEqn: DEVICE_POOL current=19126 MB  actual(reserved)=38146 MB  highWater=24414 MB
[GinkgoSolver] p-cache: reuse(update_matrix_value) solve=238 rebuildInterval=0
Schwarz(Jacobi)+Bicgstab:  Solving for omega, Initial residual = 1.3287063739221813e-05, Final residual = 9.524771590745904e-07, No Iterations 2, Solve time = 85.818 ms
bounding omega, min: -252498.30356453985 max: 45355983.55099148 average: 6333.909885980783
[GinkgoSolver] p-cache: reuse(update_matrix_value) solve=238 rebuildInterval=0
Schwarz(Jacobi)+Bicgstab:  Solving for k, Initial residual = 0.00024994280016285266, Final residual = 1.7667906326081973e-05, No Iterations 2, Solve time = 72.996 ms
bounding k, min: -0.025432078493685416 max: 857.2509991108204 average: 9.024057532328126
[mem] after-turb: DEVICE_POOL current=19126 MB  actual(reserved)=38146 MB  highWater=24414 MB
ExecutionTime = 1299.05 s  ClockTime = 1310 s

Time = 1239
[mem] step-start: DEVICE_POOL current=19126 MB  actual(reserved)=38146 MB  highWater=24414 MB
Schwarz(Jacobi)+Bicgstab:  Solving for Ux, Initial residual = 8.387469655624987e-05, Final residual = 5.021935632932635e-06, No Iterations 2, Solve time = 175.493 ms
Schwarz(Jacobi)+Bicgstab:  Solving for Uy, Initial residual = 0.0055681462755815606, Final residual = 0.0009947355183073609, No Iterations 2, Solve time = 175.493 ms
Schwarz(Jacobi)+Bicgstab:  Solving for Uz, Initial residual = 0.001310696862115711, Final residual = 9.496130390936035e-05, No Iterations 2, Solve time = 175.493 ms
[mem] after-UEqn: DEVICE_POOL current=19126 MB  actual(reserved)=38146 MB  highWater=24414 MB
config(Cg+Multigrid):  Solving for p, Initial residual = 0.0013334764047342885, Final residual = 1.332891241096626e-05, No Iterations 15, Solve time = 1753.877 ms
time step continuity errors : sum local = 3.331433591782539e-06, global = -3.729073551069889e-08, cumulative = -3.580250157236613e-05
[mem] after-pEqn: DEVICE_POOL current=19126 MB  actual(reserved)=38146 MB  highWater=24414 MB
[GinkgoSolver] p-cache: reuse(update_matrix_value) solve=239 rebuildInterval=0
Schwarz(Jacobi)+Bicgstab:  Solving for omega, Initial residual = 1.3134592853855758e-05, Final residual = 9.57748203930756e-07, No Iterations 2, Solve time = 85.56 ms
bounding omega, min: -37060.30143841924 max: 45355983.50010534 average: 6333.624733507796
[GinkgoSolver] p-cache: reuse(update_matrix_value) solve=239 rebuildInterval=0
Schwarz(Jacobi)+Bicgstab:  Solving for k, Initial residual = 0.0002495080428471112, Final residual = 9.942238557167817e-06, No Iterations 3, Solve time = 94.798 ms
bounding k, min: -2.3986023744981008e-05 max: 858.160866394252 average: 9.022024213938817
[mem] after-turb: DEVICE_POOL current=19126 MB  actual(reserved)=38146 MB  highWater=24414 MB
ExecutionTime = 1303.95 s  ClockTime = 1315 s

Time = 1240
[mem] step-start: DEVICE_POOL current=19126 MB  actual(reserved)=38146 MB  highWater=24414 MB
Schwarz(Jacobi)+Bicgstab:  Solving for Ux, Initial residual = 8.38256332474011e-05, Final residual = 5.092351939041532e-06, No Iterations 2, Solve time = 172.97 ms
Schwarz(Jacobi)+Bicgstab:  Solving for Uy, Initial residual = 0.005632927282325817, Final residual = 0.0010991562280117109, No Iterations 2, Solve time = 172.97 ms
Schwarz(Jacobi)+Bicgstab:  Solving for Uz, Initial residual = 0.0013144438532308842, Final residual = 7.951730364898392e-05, No Iterations 2, Solve time = 172.97 ms
[mem] after-UEqn: DEVICE_POOL current=19126 MB  actual(reserved)=38146 MB  highWater=24414 MB
config(Cg+Multigrid):  Solving for p, Initial residual = 0.0013408996165381437, Final residual = 1.2639353401141381e-05, No Iterations 18, Solve time = 2078.623 ms
time step continuity errors : sum local = 3.1566393839105335e-06, global = -4.353925771170098e-08, cumulative = -3.5846040830077826e-05
[mem] after-pEqn: DEVICE_POOL current=19126 MB  actual(reserved)=38146 MB  highWater=24414 MB
[GinkgoSolver] p-cache: reuse(update_matrix_value) solve=240 rebuildInterval=0
Schwarz(Jacobi)+Bicgstab:  Solving for omega, Initial residual = 1.3400755343569605e-05, Final residual = 9.716817166153852e-07, No Iterations 2, Solve time = 77.426 ms
bounding omega, min: -32486.79185475057 max: 45355983.459500246 average: 6333.250181881416
[GinkgoSolver] p-cache: reuse(update_matrix_value) solve=240 rebuildInterval=0
Schwarz(Jacobi)+Bicgstab:  Solving for k, Initial residual = 0.0002481741028265342, Final residual = 1.3062397042245955e-05, No Iterations 2, Solve time = 72.438 ms
bounding k, min: -8.521065935475279e-08 max: 859.1956314556516 average: 9.020088427670206
[mem] after-turb: DEVICE_POOL current=19126 MB  actual(reserved)=38146 MB  highWater=24414 MB
ExecutionTime = 1309.17 s  ClockTime = 1320 s

Time = 1241
[mem] step-start: DEVICE_POOL current=19126 MB  actual(reserved)=38146 MB  highWater=24414 MB
Schwarz(Jacobi)+Bicgstab:  Solving for Ux, Initial residual = 8.374210805472413e-05, Final residual = 3.3119192265260545e-06, No Iterations 3, Solve time = 225.715 ms
Schwarz(Jacobi)+Bicgstab:  Solving for Uy, Initial residual = 0.005703365994868557, Final residual = 0.0001810654176797363, No Iterations 3, Solve time = 225.715 ms
Schwarz(Jacobi)+Bicgstab:  Solving for Uz, Initial residual = 0.0013127806427283366, Final residual = 6.030732972493484e-05, No Iterations 3, Solve time = 225.715 ms
[mem] after-UEqn: DEVICE_POOL current=19126 MB  actual(reserved)=38146 MB  highWater=24414 MB
config(Cg+Multigrid):  Solving for p, Initial residual = 0.001330488939545462, Final residual = 1.3103577182302461e-05, No Iterations 16, Solve time = 1872.287 ms
time step continuity errors : sum local = 3.267718164149401e-06, global = -4.790833439006443e-08, cumulative = -3.589394916446789e-05
[mem] after-pEqn: DEVICE_POOL current=19126 MB  actual(reserved)=38146 MB  highWater=24414 MB
[GinkgoSolver] p-cache: reuse(update_matrix_value) solve=241 rebuildInterval=0
Schwarz(Jacobi)+Bicgstab:  Solving for omega, Initial residual = 1.3256979144210964e-05, Final residual = 9.773270806692383e-07, No Iterations 2, Solve time = 86.079 ms
bounding omega, min: -32607.345885187347 max: 45355983.41810134 average: 6332.926954567544
[GinkgoSolver] p-cache: reuse(update_matrix_value) solve=241 rebuildInterval=0
Schwarz(Jacobi)+Bicgstab:  Solving for k, Initial residual = 0.0002478342297057367, Final residual = 9.319290748043681e-06, No Iterations 3, Solve time = 95.599 ms
bounding k, min: -1.2845395172947821e-06 max: 860.1808350168025 average: 9.017676198227294
[mem] after-turb: DEVICE_POOL current=19126 MB  actual(reserved)=38146 MB  highWater=24414 MB
ExecutionTime = 1314.25 s  ClockTime = 1325 s

Time = 1242
[mem] step-start: DEVICE_POOL current=19126 MB  actual(reserved)=38146 MB  highWater=24414 MB
Schwarz(Jacobi)+Bicgstab:  Solving for Ux, Initial residual = 8.359365851524304e-05, Final residual = 4.89314037530969e-06, No Iterations 3, Solve time = 235.428 ms
Schwarz(Jacobi)+Bicgstab:  Solving for Uy, Initial residual = 0.005663177998623764, Final residual = 0.0001878898883149124, No Iterations 3, Solve time = 235.428 ms
Schwarz(Jacobi)+Bicgstab:  Solving for Uz, Initial residual = 0.0013108230979928422, Final residual = 3.2342504526992195e-05, No Iterations 3, Solve time = 235.428 ms
[mem] after-UEqn: DEVICE_POOL current=19126 MB  actual(reserved)=38146 MB  highWater=24414 MB
config(Cg+Multigrid):  Solving for p, Initial residual = 0.0013429176959334679, Final residual = 1.2994911896489815e-05, No Iterations 16, Solve time = 1861.64 ms
time step continuity errors : sum local = 3.2371981036259935e-06, global = -5.6004619355398215e-08, cumulative = -3.594995378382329e-05
[mem] after-pEqn: DEVICE_POOL current=19126 MB  actual(reserved)=38146 MB  highWater=24414 MB
[GinkgoSolver] p-cache: reuse(update_matrix_value) solve=242 rebuildInterval=0
Schwarz(Jacobi)+Bicgstab:  Solving for omega, Initial residual = 1.335825145338766e-05, Final residual = 9.839205999762488e-07, No Iterations 2, Solve time = 86.466 ms
bounding omega, min: -199111.39047243565 max: 45355983.38566413 average: 6332.45312559172
[GinkgoSolver] p-cache: reuse(update_matrix_value) solve=242 rebuildInterval=0
Schwarz(Jacobi)+Bicgstab:  Solving for k, Initial residual = 0.0002472460749602558, Final residual = 8.839432928333895e-06, No Iterations 3, Solve time = 95.258 ms
bounding k, min: -2.5666255320702265e-05 max: 861.2618162786305 average: 9.015143828102039
[mem] after-turb: DEVICE_POOL current=19126 MB  actual(reserved)=38146 MB  highWater=24414 MB
ExecutionTime = 1319.33 s  ClockTime = 1330 s

Time = 1243
[mem] step-start: DEVICE_POOL current=19126 MB  actual(reserved)=38146 MB  highWater=24414 MB
Schwarz(Jacobi)+Bicgstab:  Solving for Ux, Initial residual = 8.369003518989893e-05, Final residual = 3.6102276375745034e-06, No Iterations 3, Solve time = 221.15 ms
Schwarz(Jacobi)+Bicgstab:  Solving for Uy, Initial residual = 0.0056290007279739705, Final residual = 0.00020545471960581725, No Iterations 3, Solve time = 221.15 ms
Schwarz(Jacobi)+Bicgstab:  Solving for Uz, Initial residual = 0.001306926702381877, Final residual = 7.52834696648793e-05, No Iterations 3, Solve time = 221.15 ms
[mem] after-UEqn: DEVICE_POOL current=19126 MB  actual(reserved)=38146 MB  highWater=24414 MB
config(Cg+Multigrid):  Solving for p, Initial residual = 0.0013377033947436388, Final residual = 1.2783134673836286e-05, No Iterations 16, Solve time = 1870.218 ms
time step continuity errors : sum local = 3.180846169764253e-06, global = -6.91659692747962e-08, cumulative = -3.6019119753098085e-05
[mem] after-pEqn: DEVICE_POOL current=19126 MB  actual(reserved)=38146 MB  highWater=24414 MB
[GinkgoSolver] p-cache: reuse(update_matrix_value) solve=243 rebuildInterval=0
Schwarz(Jacobi)+Bicgstab:  Solving for omega, Initial residual = 1.3344791936911354e-05, Final residual = 9.785740744544774e-07, No Iterations 2, Solve time = 86.03 ms
bounding omega, min: -21347.410697043757 max: 45355983.360138185 average: 6332.040040160197
[GinkgoSolver] p-cache: reuse(update_matrix_value) solve=243 rebuildInterval=0
Schwarz(Jacobi)+Bicgstab:  Solving for k, Initial residual = 0.0002469873625015198, Final residual = 6.423600980529083e-06, No Iterations 3, Solve time = 95.383 ms
bounding k, min: -4.642090237678836e-06 max: 862.3760662541811 average: 9.012611146650094
[mem] after-turb: DEVICE_POOL current=19126 MB  actual(reserved)=38146 MB  highWater=24414 MB
ExecutionTime = 1324.41 s  ClockTime = 1335 s

Time = 1244
[mem] step-start: DEVICE_POOL current=19126 MB  actual(reserved)=38146 MB  highWater=24414 MB
Schwarz(Jacobi)+Bicgstab:  Solving for Ux, Initial residual = 8.36846349708069e-05, Final residual = 4.863503288370194e-06, No Iterations 2, Solve time = 157.521 ms
Schwarz(Jacobi)+Bicgstab:  Solving for Uy, Initial residual = 0.0055956494115290325, Final residual = 0.00034669694668765244, No Iterations 2, Solve time = 157.521 ms
Schwarz(Jacobi)+Bicgstab:  Solving for Uz, Initial residual = 0.0013084959804112576, Final residual = 0.000131708039806578, No Iterations 2, Solve time = 157.521 ms
[mem] after-UEqn: DEVICE_POOL current=19126 MB  actual(reserved)=38146 MB  highWater=24414 MB
config(Cg+Multigrid):  Solving for p, Initial residual = 0.0013454629455574181, Final residual = 1.3203338147500991e-05, No Iterations 16, Solve time = 1860.762 ms
time step continuity errors : sum local = 3.2813370135949146e-06, global = -8.649712397055732e-08, cumulative = -3.610561687706864e-05
[mem] after-pEqn: DEVICE_POOL current=19126 MB  actual(reserved)=38146 MB  highWater=24414 MB
[GinkgoSolver] p-cache: reuse(update_matrix_value) solve=244 rebuildInterval=0
Schwarz(Jacobi)+Bicgstab:  Solving for omega, Initial residual = 1.332410667283048e-05, Final residual = 9.897995345906897e-07, No Iterations 2, Solve time = 73.836 ms
bounding omega, min: -28078.047282093663 max: 45355983.33881945 average: 6331.621520804537
[GinkgoSolver] p-cache: reuse(update_matrix_value) solve=244 rebuildInterval=0
Schwarz(Jacobi)+Bicgstab:  Solving for k, Initial residual = 0.00024681399305251015, Final residual = 2.2464647259999887e-05, No Iterations 2, Solve time = 73.372 ms
bounding k, min: -0.00014287077989177035 max: 863.5371934666304 average: 9.009978233492442
[mem] after-turb: DEVICE_POOL current=19126 MB  actual(reserved)=38146 MB  highWater=24414 MB
ExecutionTime = 1329.41 s  ClockTime = 1340 s

Time = 1245
[mem] step-start: DEVICE_POOL current=19126 MB  actual(reserved)=38146 MB  highWater=24414 MB
Schwarz(Jacobi)+Bicgstab:  Solving for Ux, Initial residual = 8.384751323891934e-05, Final residual = 4.886001275102082e-06, No Iterations 2, Solve time = 173.605 ms
Schwarz(Jacobi)+Bicgstab:  Solving for Uy, Initial residual = 0.005548998451764411, Final residual = 0.0007011549398629693, No Iterations 2, Solve time = 173.605 ms
Schwarz(Jacobi)+Bicgstab:  Solving for Uz, Initial residual = 0.0013159973805718346, Final residual = 0.00012348486166129024, No Iterations 2, Solve time = 173.605 ms
[mem] after-UEqn: DEVICE_POOL current=19126 MB  actual(reserved)=38146 MB  highWater=24414 MB
config(Cg+Multigrid):  Solving for p, Initial residual = 0.0013368969609928187, Final residual = 1.3016950361450926e-05, No Iterations 22, Solve time = 2512.155 ms
time step continuity errors : sum local = 3.2299689722444436e-06, global = -1.0176007382628573e-07, cumulative = -3.6207376950894924e-05
[mem] after-pEqn: DEVICE_POOL current=19126 MB  actual(reserved)=38146 MB  highWater=24414 MB
[GinkgoSolver] p-cache: reuse(update_matrix_value) solve=245 rebuildInterval=0
Schwarz(Jacobi)+Bicgstab:  Solving for omega, Initial residual = 1.3459051251800233e-05, Final residual = 9.974372217180063e-07, No Iterations 2, Solve time = 86.342 ms
bounding omega, min: -30471.118590058195 max: 45355983.324330084 average: 6331.378384851554
[GinkgoSolver] p-cache: reuse(update_matrix_value) solve=245 rebuildInterval=0
Schwarz(Jacobi)+Bicgstab:  Solving for k, Initial residual = 0.0002479730035111955, Final residual = 1.6086948897289067e-05, No Iterations 2, Solve time = 76.675 ms
bounding k, min: -8.588637613977635e-06 max: 864.6252536240643 average: 9.00774029201017
[mem] after-turb: DEVICE_POOL current=19126 MB  actual(reserved)=38146 MB  highWater=24414 MB
ExecutionTime = 1335.08 s  ClockTime = 1346 s

Time = 1246
[mem] step-start: DEVICE_POOL current=19126 MB  actual(reserved)=38146 MB  highWater=24414 MB
Schwarz(Jacobi)+Bicgstab:  Solving for Ux, Initial residual = 8.392640132384964e-05, Final residual = 3.651181038267944e-06, No Iterations 3, Solve time = 223.783 ms
Schwarz(Jacobi)+Bicgstab:  Solving for Uy, Initial residual = 0.005561601654773124, Final residual = 0.00018325397669705795, No Iterations 3, Solve time = 223.783 ms
Schwarz(Jacobi)+Bicgstab:  Solving for Uz, Initial residual = 0.0013193598435009388, Final residual = 6.998385384730179e-05, No Iterations 3, Solve time = 223.783 ms
[mem] after-UEqn: DEVICE_POOL current=19126 MB  actual(reserved)=38146 MB  highWater=24414 MB
config(Cg+Multigrid):  Solving for p, Initial residual = 0.0013455524558823654, Final residual = 1.3328401414653096e-05, No Iterations 14, Solve time = 1652.596 ms
time step continuity errors : sum local = 3.2916062759821973e-06, global = -1.0951347046803362e-07, cumulative = -3.631689042136296e-05
[mem] after-pEqn: DEVICE_POOL current=19126 MB  actual(reserved)=38146 MB  highWater=24414 MB
[GinkgoSolver] p-cache: reuse(update_matrix_value) solve=246 rebuildInterval=0
Schwarz(Jacobi)+Bicgstab:  Solving for omega, Initial residual = 1.338067828465528e-05, Final residual = 9.921209413057493e-07, No Iterations 2, Solve time = 87.457 ms
bounding omega, min: -119365.76050457689 max: 45355983.31938914 average: 6331.09211173681
[GinkgoSolver] p-cache: reuse(update_matrix_value) solve=246 rebuildInterval=0
Schwarz(Jacobi)+Bicgstab:  Solving for k, Initial residual = 0.0002482113878030657, Final residual = 1.7563639779126498e-05, No Iterations 2, Solve time = 73.441 ms
bounding k, min: -1.0007966640018847e-05 max: 865.7089463082837 average: 9.005402424030214
[mem] after-turb: DEVICE_POOL current=19126 MB  actual(reserved)=38146 MB  highWater=24414 MB
ExecutionTime = 1339.91 s  ClockTime = 1351 s

Time = 1247
[mem] step-start: DEVICE_POOL current=19126 MB  actual(reserved)=38146 MB  highWater=24414 MB
Schwarz(Jacobi)+Bicgstab:  Solving for Ux, Initial residual = 8.38624995415284e-05, Final residual = 4.783440523105061e-06, No Iterations 2, Solve time = 178.943 ms
Schwarz(Jacobi)+Bicgstab:  Solving for Uy, Initial residual = 0.005534659275707729, Final residual = 0.0010445750154591087, No Iterations 2, Solve time = 178.943 ms
Schwarz(Jacobi)+Bicgstab:  Solving for Uz, Initial residual = 0.0013165910763838077, Final residual = 7.930920343224828e-05, No Iterations 2, Solve time = 178.943 ms
[mem] after-UEqn: DEVICE_POOL current=19126 MB  actual(reserved)=38146 MB  highWater=24414 MB
config(Cg+Multigrid):  Solving for p, Initial residual = 0.0013734463955508832, Final residual = 1.24074099434896e-05, No Iterations 24, Solve time = 2725.272 ms
time step continuity errors : sum local = 3.0602485124869746e-06, global = -7.7415654753378e-08, cumulative = -3.639430607611634e-05
[mem] after-pEqn: DEVICE_POOL current=19126 MB  actual(reserved)=38146 MB  highWater=24414 MB
[GinkgoSolver] p-cache: reuse(update_matrix_value) solve=247 rebuildInterval=0
Schwarz(Jacobi)+Bicgstab:  Solving for omega, Initial residual = 1.3401952940908948e-05, Final residual = 9.836706326772477e-07, No Iterations 2, Solve time = 85.664 ms
bounding omega, min: -35593.21116472689 max: 45355983.316779494 average: 6330.933699897259
[GinkgoSolver] p-cache: reuse(update_matrix_value) solve=247 rebuildInterval=0
Schwarz(Jacobi)+Bicgstab:  Solving for k, Initial residual = 0.0002488512387884356, Final residual = 4.530419020415588e-06, No Iterations 3, Solve time = 96.348 ms
bounding k, min: -1.8363291513533968e-05 max: 866.8116890788775 average: 9.003489272772528
[mem] after-turb: DEVICE_POOL current=19126 MB  actual(reserved)=38146 MB  highWater=24414 MB
ExecutionTime = 1345.82 s  ClockTime = 1357 s

Time = 1248
[mem] step-start: DEVICE_POOL current=19126 MB  actual(reserved)=38146 MB  highWater=24414 MB
Schwarz(Jacobi)+Bicgstab:  Solving for Ux, Initial residual = 8.387544485772082e-05, Final residual = 3.9722150188711225e-06, No Iterations 3, Solve time = 230.871 ms
Schwarz(Jacobi)+Bicgstab:  Solving for Uy, Initial residual = 0.0056076673286730196, Final residual = 0.00017960890680351096, No Iterations 3, Solve time = 230.871 ms
Schwarz(Jacobi)+Bicgstab:  Solving for Uz, Initial residual = 0.0013073898567443427, Final residual = 5.311790196461417e-05, No Iterations 3, Solve time = 230.871 ms
[mem] after-UEqn: DEVICE_POOL current=19126 MB  actual(reserved)=38146 MB  highWater=24414 MB
config(Cg+Multigrid):  Solving for p, Initial residual = 0.0013669981638673332, Final residual = 1.2903185869388503e-05, No Iterations 23, Solve time = 2630.527 ms
time step continuity errors : sum local = 3.1633154704948416e-06, global = -7.36960382385976e-08, cumulative = -3.646800211435494e-05
[mem] after-pEqn: DEVICE_POOL current=19126 MB  actual(reserved)=38146 MB  highWater=24414 MB
[GinkgoSolver] p-cache: reuse(update_matrix_value) solve=248 rebuildInterval=0
Schwarz(Jacobi)+Bicgstab:  Solving for omega, Initial residual = 1.3305869680406326e-05, Final residual = 9.831953198399192e-07, No Iterations 2, Solve time = 88.19 ms
bounding omega, min: -35380.07425785388 max: 45355983.32037412 average: 6330.6348547523
[GinkgoSolver] p-cache: reuse(update_matrix_value) solve=248 rebuildInterval=0
Schwarz(Jacobi)+Bicgstab:  Solving for k, Initial residual = 0.00024772161239891593, Final residual = 1.2827971667371571e-05, No Iterations 2, Solve time = 73.698 ms
bounding k, min: -1.1499764434759052e-05 max: 867.8520444659595 average: 9.001392448054116
[mem] after-turb: DEVICE_POOL current=19126 MB  actual(reserved)=38146 MB  highWater=24414 MB
ExecutionTime = 1351.66 s  ClockTime = 1363 s

Time = 1249
[mem] step-start: DEVICE_POOL current=19126 MB  actual(reserved)=38146 MB  highWater=24414 MB
Schwarz(Jacobi)+Bicgstab:  Solving for Ux, Initial residual = 8.380532465096268e-05, Final residual = 4.779846617469643e-06, No Iterations 2, Solve time = 175.178 ms
Schwarz(Jacobi)+Bicgstab:  Solving for Uy, Initial residual = 0.0055796573987531, Final residual = 0.0009399223915545791, No Iterations 2, Solve time = 175.178 ms
Schwarz(Jacobi)+Bicgstab:  Solving for Uz, Initial residual = 0.0013027875636220348, Final residual = 9.426745013224255e-05, No Iterations 2, Solve time = 175.178 ms
[mem] after-UEqn: DEVICE_POOL current=19126 MB  actual(reserved)=38146 MB  highWater=24414 MB
config(Cg+Multigrid):  Solving for p, Initial residual = 0.0013688494300017698, Final residual = 1.3117916019175554e-05, No Iterations 14, Solve time = 1646.2 ms
time step continuity errors : sum local = 3.202699395461853e-06, global = -7.038349184705486e-08, cumulative = -3.653838560620199e-05
[mem] after-pEqn: DEVICE_POOL current=19126 MB  actual(reserved)=38146 MB  highWater=24414 MB
[GinkgoSolver] p-cache: reuse(update_matrix_value) solve=249 rebuildInterval=0
Schwarz(Jacobi)+Bicgstab:  Solving for omega, Initial residual = 1.341429042081831e-05, Final residual = 9.88446131432548e-07, No Iterations 2, Solve time = 86.301 ms
bounding omega, min: -34264.777292521394 max: 45355983.32805687 average: 6330.424335877738
[GinkgoSolver] p-cache: reuse(update_matrix_value) solve=249 rebuildInterval=0
Schwarz(Jacobi)+Bicgstab:  Solving for k, Initial residual = 0.0002479605451495435, Final residual = 1.1822352442403571e-05, No Iterations 2, Solve time = 73.921 ms
bounding k, min: -4.967129090539602e-06 max: 868.9972836031121 average: 8.999759162234007
[mem] after-turb: DEVICE_POOL current=19126 MB  actual(reserved)=38146 MB  highWater=24414 MB
ExecutionTime = 1356.46 s  ClockTime = 1368 s

Time = 1250
[mem] step-start: DEVICE_POOL current=19126 MB  actual(reserved)=38146 MB  highWater=24414 MB
Schwarz(Jacobi)+Bicgstab:  Solving for Ux, Initial residual = 8.377199443252376e-05, Final residual = 4.16441134795633e-06, No Iterations 3, Solve time = 226.328 ms
Schwarz(Jacobi)+Bicgstab:  Solving for Uy, Initial residual = 0.00563446277725525, Final residual = 0.00017734189643801293, No Iterations 3, Solve time = 226.328 ms
Schwarz(Jacobi)+Bicgstab:  Solving for Uz, Initial residual = 0.001301823625775292, Final residual = 0.00010372840747975021, No Iterations 3, Solve time = 226.328 ms
[mem] after-UEqn: DEVICE_POOL current=19126 MB  actual(reserved)=38146 MB  highWater=24414 MB
config(Cg+Multigrid):  Solving for p, Initial residual = 0.0013665356518643469, Final residual = 1.2913453682360487e-05, No Iterations 21, Solve time = 2394.622 ms
time step continuity errors : sum local = 3.14997731730423e-06, global = -6.034953007807757e-08, cumulative = -3.659873513628007e-05
[mem] after-pEqn: DEVICE_POOL current=19126 MB  actual(reserved)=38146 MB  highWater=24414 MB
[GinkgoSolver] p-cache: reuse(update_matrix_value) solve=250 rebuildInterval=0
Schwarz(Jacobi)+Bicgstab:  Solving for omega, Initial residual = 1.3391027800965083e-05, Final residual = 9.859770583291692e-07, No Iterations 2, Solve time = 82.428 ms
bounding omega, min: -88062.93479040782 max: 45355983.340335056 average: 6330.150551081548
[GinkgoSolver] p-cache: reuse(update_matrix_value) solve=250 rebuildInterval=0
Schwarz(Jacobi)+Bicgstab:  Solving for k, Initial residual = 0.00024788077676175406, Final residual = 1.4661079499240238e-05, No Iterations 2, Solve time = 73.013 ms
bounding k, min: -3.9275485635000874e-05 max: 869.984239850518 average: 8.998032194284688
[mem] after-turb: DEVICE_POOL current=19126 MB  actual(reserved)=38146 MB  highWater=24414 MB
Writing p
Writing U
Writing turbulence variables
ExecutionTime = 1363.27 s  ClockTime = 1376 s

Finalizing NeoN
Finalising parallel run
