/*---------------------------------------------------------------------------*\
| =========                 |                                                 |
| \\      /  F ield         | OpenFOAM: The Open Source CFD Toolbox           |
|  \\    /   O peration     | Version:  2506                                  |
|   \\  /    A nd           | Website:  www.openfoam.com                      |
|    \\/     M anipulation  |                                                 |
\*---------------------------------------------------------------------------*/
Build  : b050cd9480-20250814 OPENFOAM=2506 version=v2506
Arch   : "LSB;label=32;scalar=64"
Exec   : /storage/home/greole/code/NeoFOAM/build/profilingnvidia_h200/bin/neoSimpleFoam -parallel
Date   : Jun 28 2026
Time   : 22:30:08
Host   : gpu-nvidia-h200-3.int.coma-cluster.de
PID    : 860348
I/O    : uncollated
Case   : /storage/home/greole/code/NeoFOAM/occDrivAerStaticMesh
nProcs : 4
Hosts  :
(
    (gpu-nvidia-h200-3.int.coma-cluster.de 4)
)
Pstream initialized with:
    node communication : off [type=host] (4 ranks, 1 nodes)
    topology controls  : none
    consensus exchange : 0 (tuning: 0)
    exchange algorithm : 0
    commsType          : nonBlocking
    polling iterations : 0
trapFpe: Floating point exception trapping enabled (FOAM_SIGFPE).
fileModificationChecking : Monitoring run-time modified files using timeStampMaster (fileModificationSkew 5, maxFileModificationPolls 20)
allowSystemOperations : Allowing user-supplied system call operations

// * * * * * * * * * * * * * * * * * * * * * * * * * * * * * * * * * * * * * //
Create time

Initializing NeoN
Creating Executor GPU
Creating NeoFOAM runTime

SIMPLE: no convergence criteria found. Calculations will run for 30 steps.

Reading field p

Reading field U

Reading/calculating face flux field phi

Selecting incompressible transport model Newtonian
NeoFOAM solver config (from fvSolution configFile) for 'config(Cg+Schwarz(Multigrid))':
{
    cacheSolver: true
    configFile: <NeoN::TokenList>
    innerPrecision: float
    preconditionerRebuildInterval: 100
    reportName: config(Cg+Schwarz(Multigrid))
    solver: Ginkgo
}
    effective optimize: false
    effective checkFrequency: 1
Mapping OpenFOAM solver settings to NeoN settings.
Currently, it is advisable to specify a configFile
for fine grained Ginkgo solver control

Replacing solver PBiCGStab by solver::Bicgstab
Replacing preconditioner diagonal by preconditioner::Schwarz (Schwarz-wrapped for distributed run)
NeoFOAM solver config (mapped from fvSolution) for 'Schwarz(Jacobi)+Bicgstab':
{
    cacheSolver: true
    criteria: {
        absolute_residual_norm: 0.000000
        initial_residual_norm: 0.100000
        iteration: 1000
    }
    l1ScaledResidual: true
    optimize: true
    preconditioner: {
        local_solver: {
            max_block_size: 1
            type: preconditioner::Jacobi
        }
        type: preconditioner::Schwarz
    }
    reportName: Schwarz(Jacobi)+Bicgstab
    solver: Ginkgo
    type: solver::Bicgstab
}
    effective optimize: true
    effective checkFrequency: 1
Creating phi

[NF][/storage/home/greole/code/NeoFOAM/include/NeoFOAM/auxiliary/readers.hpp::434]: Internal: 49333487, Boundary: 1754396

[NF][/storage/home/greole/code/NeoFOAM/include/NeoFOAM/auxiliary/readers.hpp::434]: Internal: 49320882, Boundary: 1762558

[NF][/storage/home/greole/code/NeoFOAM/include/NeoFOAM/auxiliary/readers.hpp::434]: Internal: 49261542, Boundary: 1427829

[NF][/storage/home/greole/code/NeoFOAM/include/NeoFOAM/auxiliary/readers.hpp::434]: Internal: 49243125, Boundary: 1362247
Selecting patchDistMethod meshWave
Mapping OpenFOAM solver settings to NeoN settings.
Currently, it is advisable to specify a configFile
for fine grained Ginkgo solver control

Replacing solver PBiCGStab by solver::Bicgstab
Replacing preconditioner diagonal by preconditioner::Schwarz (Schwarz-wrapped for distributed run)
NeoFOAM solver config (mapped from fvSolution) for 'Schwarz(Jacobi)+Bicgstab':
{
    cacheSolver: true
    criteria: {
        absolute_residual_norm: 0.000000
        initial_residual_norm: 0.100000
        iteration: 1000
    }
    l1ScaledResidual: true
    optimize: true
    preconditioner: {
        local_solver: {
            max_block_size: 1
            type: preconditioner::Jacobi
        }
        type: preconditioner::Schwarz
    }
    reportName: Schwarz(Jacobi)+Bicgstab
    solver: Ginkgo
    type: solver::Bicgstab
}
    effective optimize: true
    effective checkFrequency: 1
Mapping OpenFOAM solver settings to NeoN settings.
Currently, it is advisable to specify a configFile
for fine grained Ginkgo solver control

Replacing solver PBiCGStab by solver::Bicgstab
Replacing preconditioner diagonal by preconditioner::Schwarz (Schwarz-wrapped for distributed run)
NeoFOAM solver config (mapped from fvSolution) for 'Schwarz(Jacobi)+Bicgstab':
{
    cacheSolver: true
    criteria: {
        absolute_residual_norm: 0.000000
        initial_residual_norm: 0.100000
        iteration: 1000
    }
    l1ScaledResidual: true
    optimize: true
    preconditioner: {
        local_solver: {
            max_block_size: 1
            type: preconditioner::Jacobi
        }
        type: preconditioner::Schwarz
    }
    reportName: Schwarz(Jacobi)+Bicgstab
    solver: Ginkgo
    type: solver::Bicgstab
}
    effective optimize: true
    effective checkFrequency: 1
Starting time loop
Time = 1
[mem] step-start: DEVICE_POOL current=16605 MB  actual(reserved)=38146 MB  highWater=19132 MB
Schwarz(Jacobi)+Bicgstab:  Solving for Ux, Initial residual = 0.0019488955966077406, Final residual = 0.00023894144179944382, No Iterations 3, Solve time = 143.605 ms
Schwarz(Jacobi)+Bicgstab:  Solving for Uy, Initial residual = 0.16486889485444556, Final residual = 0.00821141717338584, No Iterations 3, Solve time = 143.605 ms
Schwarz(Jacobi)+Bicgstab:  Solving for Uz, Initial residual = 0.10478399166434318, Final residual = 0.004988129972801338, No Iterations 3, Solve time = 143.605 ms
[mem] after-UEqn: DEVICE_POOL current=19099 MB  actual(reserved)=38146 MB  highWater=24387 MB
[GinkgoSolver] p-cache: rebuild(generate) solve=1 rebuildInterval=100
config(Cg+Schwarz(Multigrid)):  Solving for p, Initial residual = 8.681642737302004, Final residual = 0.14561835271727983, No Iterations 1, Solve time = 1370.955 ms
time step continuity errors : sum local = 0.00018675886839580666, global = 3.903720836320792e-06, cumulative = 3.903720836320792e-06
[mem] after-pEqn: DEVICE_POOL current=20567 MB  actual(reserved)=38146 MB  highWater=24387 MB
[GinkgoSolver] p-cache: rebuild(generate) solve=1 rebuildInterval=0
Schwarz(Jacobi)+Bicgstab:  Solving for omega, Initial residual = 0.9999999999999997, Final residual = 0.03074794664102323, No Iterations 1, Solve time = 37.237 ms
bounding omega, min: -52.86823792882683 max: 46109482.53470237 average: 2443.3929448251974
[GinkgoSolver] p-cache: rebuild(generate) solve=1 rebuildInterval=0
Schwarz(Jacobi)+Bicgstab:  Solving for k, Initial residual = 0.9999999999999732, Final residual = 0.04385989432878323, No Iterations 1, Solve time = 34.355 ms
[mem] after-turb: DEVICE_POOL current=22752 MB  actual(reserved)=38146 MB  highWater=24811 MB
ExecutionTime = 40.95 s  ClockTime = 41 s

Time = 2
[mem] step-start: DEVICE_POOL current=22752 MB  actual(reserved)=38146 MB  highWater=24811 MB
Schwarz(Jacobi)+Bicgstab:  Solving for Ux, Initial residual = 0.0012931774364893477, Final residual = 5.924177492487433e-05, No Iterations 5, Solve time = 182.31 ms
Schwarz(Jacobi)+Bicgstab:  Solving for Uy, Initial residual = 0.06543670506310023, Final residual = 0.002987490212306825, No Iterations 5, Solve time = 182.31 ms
Schwarz(Jacobi)+Bicgstab:  Solving for Uz, Initial residual = 0.04091093977575569, Final residual = 0.0009106469743046845, No Iterations 5, Solve time = 182.31 ms
[mem] after-UEqn: DEVICE_POOL current=22752 MB  actual(reserved)=38146 MB  highWater=28040 MB
[GinkgoSolver] p-cache: rebuild(generate)+reuse(workspace) solve=1 rebuildInterval=100
config(Cg+Schwarz(Multigrid)):  Solving for p, Initial residual = 4.396078084587003, Final residual = 0.07677285443029526, No Iterations 1, Solve time = 1706.58 ms
time step continuity errors : sum local = 8.462789725745712e-05, global = 2.1389124464625245e-06, cumulative = 6.042633282783316e-06
[mem] after-pEqn: DEVICE_POOL current=22752 MB  actual(reserved)=38146 MB  highWater=28040 MB
[GinkgoSolver] p-cache: reuse(update_matrix_value) solve=2 rebuildInterval=0
Schwarz(Jacobi)+Bicgstab:  Solving for omega, Initial residual = 0.008193932860810748, Final residual = 0.0004779634168608955, No Iterations 1, Solve time = 33.148 ms
bounding omega, min: -1499.9070676626739 max: 45305779.87581494 average: 2705.656384639451
[GinkgoSolver] p-cache: reuse(update_matrix_value) solve=2 rebuildInterval=0
Schwarz(Jacobi)+Bicgstab:  Solving for k, Initial residual = 0.07500543249841266, Final residual = 0.004455208389859834, No Iterations 1, Solve time = 33.062 ms
[mem] after-turb: DEVICE_POOL current=22752 MB  actual(reserved)=38146 MB  highWater=28040 MB
ExecutionTime = 45.65 s  ClockTime = 46 s

Time = 3
[mem] step-start: DEVICE_POOL current=22752 MB  actual(reserved)=38146 MB  highWater=28040 MB
Schwarz(Jacobi)+Bicgstab:  Solving for Ux, Initial residual = 0.0008112886165892991, Final residual = 4.796172125772804e-05, No Iterations 6, Solve time = 211.861 ms
Schwarz(Jacobi)+Bicgstab:  Solving for Uy, Initial residual = 0.03254537917186587, Final residual = 0.0006354985279090692, No Iterations 6, Solve time = 211.861 ms
Schwarz(Jacobi)+Bicgstab:  Solving for Uz, Initial residual = 0.018255472348776433, Final residual = 0.0002684220809870928, No Iterations 6, Solve time = 211.861 ms
[mem] after-UEqn: DEVICE_POOL current=22752 MB  actual(reserved)=38146 MB  highWater=28040 MB
[GinkgoSolver] p-cache: rebuild(generate)+reuse(workspace) solve=1 rebuildInterval=100
config(Cg+Schwarz(Multigrid)):  Solving for p, Initial residual = 2.974630987480966, Final residual = 0.04418238199061386, No Iterations 1, Solve time = 2121.513 ms
time step continuity errors : sum local = 5.280518847857749e-05, global = 4.1013603116130826e-07, cumulative = 6.452769313944625e-06
[mem] after-pEqn: DEVICE_POOL current=22752 MB  actual(reserved)=38146 MB  highWater=28040 MB
[GinkgoSolver] p-cache: reuse(update_matrix_value) solve=3 rebuildInterval=0
Schwarz(Jacobi)+Bicgstab:  Solving for omega, Initial residual = 0.0035207032167620987, Final residual = 0.00028993481127020986, No Iterations 1, Solve time = 32.575 ms
bounding omega, min: -11.965382065698897 max: 45385832.01058721 average: 3322.1562426392934
[GinkgoSolver] p-cache: reuse(update_matrix_value) solve=3 rebuildInterval=0
Schwarz(Jacobi)+Bicgstab:  Solving for k, Initial residual = 0.013997858474493582, Final residual = 0.0010053900171962927, No Iterations 1, Solve time = 32.607 ms
[mem] after-turb: DEVICE_POOL current=22752 MB  actual(reserved)=38146 MB  highWater=28040 MB
ExecutionTime = 50.72 s  ClockTime = 51 s

Time = 4
[mem] step-start: DEVICE_POOL current=22752 MB  actual(reserved)=38146 MB  highWater=28040 MB
Schwarz(Jacobi)+Bicgstab:  Solving for Ux, Initial residual = 0.0005592674438836392, Final residual = 4.707711153380288e-05, No Iterations 4, Solve time = 152.447 ms
Schwarz(Jacobi)+Bicgstab:  Solving for Uy, Initial residual = 0.02028813926486511, Final residual = 0.002686732722351752, No Iterations 4, Solve time = 152.447 ms
Schwarz(Jacobi)+Bicgstab:  Solving for Uz, Initial residual = 0.010512718808344134, Final residual = 0.000776961851236314, No Iterations 4, Solve time = 152.447 ms
[mem] after-UEqn: DEVICE_POOL current=22752 MB  actual(reserved)=38146 MB  highWater=28040 MB
[GinkgoSolver] p-cache: rebuild(generate)+reuse(workspace) solve=1 rebuildInterval=100
config(Cg+Schwarz(Multigrid)):  Solving for p, Initial residual = 2.6819398073332392, Final residual = 0.0416649040807829, No Iterations 1, Solve time = 1643.809 ms
time step continuity errors : sum local = 4.961183909194362e-05, global = -9.937264303861476e-07, cumulative = 5.459042883558477e-06
[mem] after-pEqn: DEVICE_POOL current=22752 MB  actual(reserved)=38146 MB  highWater=28040 MB
[GinkgoSolver] p-cache: reuse(update_matrix_value) solve=4 rebuildInterval=0
Schwarz(Jacobi)+Bicgstab:  Solving for omega, Initial residual = 0.0017242902599322882, Final residual = 4.83107138313153e-05, No Iterations 2, Solve time = 47.008 ms
[GinkgoSolver] p-cache: reuse(update_matrix_value) solve=4 rebuildInterval=0
Schwarz(Jacobi)+Bicgstab:  Solving for k, Initial residual = 0.004641055926626322, Final residual = 0.00039336987328608024, No Iterations 1, Solve time = 33.062 ms
[mem] after-turb: DEVICE_POOL current=22752 MB  actual(reserved)=38146 MB  highWater=28040 MB
ExecutionTime = 55.25 s  ClockTime = 55 s

Time = 5
[mem] step-start: DEVICE_POOL current=22752 MB  actual(reserved)=38146 MB  highWater=28040 MB
Schwarz(Jacobi)+Bicgstab:  Solving for Ux, Initial residual = 0.000481443105201608, Final residual = 3.720965031649169e-05, No Iterations 4, Solve time = 153.112 ms
Schwarz(Jacobi)+Bicgstab:  Solving for Uy, Initial residual = 0.018518780270088374, Final residual = 0.0011818551115385363, No Iterations 4, Solve time = 153.112 ms
Schwarz(Jacobi)+Bicgstab:  Solving for Uz, Initial residual = 0.008325545785405569, Final residual = 0.0008068446852167676, No Iterations 4, Solve time = 153.112 ms
[mem] after-UEqn: DEVICE_POOL current=22752 MB  actual(reserved)=38146 MB  highWater=28040 MB
[GinkgoSolver] p-cache: rebuild(generate)+reuse(workspace) solve=1 rebuildInterval=100
config(Cg+Schwarz(Multigrid)):  Solving for p, Initial residual = 2.32708598235586, Final residual = 0.03471964171559594, No Iterations 1, Solve time = 1534.956 ms
time step continuity errors : sum local = 4.612670466994294e-05, global = -1.2946531370554102e-06, cumulative = 4.1643897465030674e-06
[mem] after-pEqn: DEVICE_POOL current=22752 MB  actual(reserved)=38146 MB  highWater=28040 MB
[GinkgoSolver] p-cache: reuse(update_matrix_value) solve=5 rebuildInterval=0
Schwarz(Jacobi)+Bicgstab:  Solving for omega, Initial residual = 0.0009944537738271013, Final residual = 9.812838336152003e-05, No Iterations 1, Solve time = 33.212 ms
[GinkgoSolver] p-cache: reuse(update_matrix_value) solve=5 rebuildInterval=0
Schwarz(Jacobi)+Bicgstab:  Solving for k, Initial residual = 0.002356595280269442, Final residual = 0.00022365542036106677, No Iterations 1, Solve time = 32.843 ms
[mem] after-turb: DEVICE_POOL current=22752 MB  actual(reserved)=38146 MB  highWater=28040 MB
ExecutionTime = 59.64 s  ClockTime = 60 s

Time = 6
[mem] step-start: DEVICE_POOL current=22752 MB  actual(reserved)=38146 MB  highWater=28040 MB
Schwarz(Jacobi)+Bicgstab:  Solving for Ux, Initial residual = 0.00043547048689685766, Final residual = 2.648869958768233e-05, No Iterations 5, Solve time = 182.118 ms
Schwarz(Jacobi)+Bicgstab:  Solving for Uy, Initial residual = 0.017971731259658622, Final residual = 0.0016907443450489225, No Iterations 5, Solve time = 182.118 ms
Schwarz(Jacobi)+Bicgstab:  Solving for Uz, Initial residual = 0.0067436522439077995, Final residual = 0.0005113605876228871, No Iterations 5, Solve time = 182.118 ms
[mem] after-UEqn: DEVICE_POOL current=22752 MB  actual(reserved)=38146 MB  highWater=28040 MB
[GinkgoSolver] p-cache: rebuild(generate)+reuse(workspace) solve=1 rebuildInterval=100
config(Cg+Schwarz(Multigrid)):  Solving for p, Initial residual = 2.293365397137631, Final residual = 0.033653285664552786, No Iterations 1, Solve time = 1576.504 ms
time step continuity errors : sum local = 3.750322076246392e-05, global = -1.8134110799129627e-06, cumulative = 2.3509786665901045e-06
[mem] after-pEqn: DEVICE_POOL current=22752 MB  actual(reserved)=38146 MB  highWater=28040 MB
[GinkgoSolver] p-cache: reuse(update_matrix_value) solve=6 rebuildInterval=0
Schwarz(Jacobi)+Bicgstab:  Solving for omega, Initial residual = 0.0006247633950296514, Final residual = 2.4306670615795985e-05, No Iterations 2, Solve time = 47.605 ms
bounding omega, min: -577.0551683719525 max: 45360218.438413724 average: 4983.9268100154895
[GinkgoSolver] p-cache: reuse(update_matrix_value) solve=6 rebuildInterval=0
Schwarz(Jacobi)+Bicgstab:  Solving for k, Initial residual = 0.0016243093521397867, Final residual = 0.00015489050050827583, No Iterations 1, Solve time = 32.109 ms
[mem] after-turb: DEVICE_POOL current=22752 MB  actual(reserved)=38146 MB  highWater=28040 MB
ExecutionTime = 64.13 s  ClockTime = 64 s

Time = 7
[mem] step-start: DEVICE_POOL current=22752 MB  actual(reserved)=38146 MB  highWater=28040 MB
Schwarz(Jacobi)+Bicgstab:  Solving for Ux, Initial residual = 0.00037732378137396563, Final residual = 2.3404985000970472e-05, No Iterations 5, Solve time = 183.182 ms
Schwarz(Jacobi)+Bicgstab:  Solving for Uy, Initial residual = 0.015240862596618783, Final residual = 0.0012007595571762405, No Iterations 5, Solve time = 183.182 ms
Schwarz(Jacobi)+Bicgstab:  Solving for Uz, Initial residual = 0.005142428944668519, Final residual = 0.000278685140578186, No Iterations 5, Solve time = 183.182 ms
[mem] after-UEqn: DEVICE_POOL current=22752 MB  actual(reserved)=38146 MB  highWater=28040 MB
[GinkgoSolver] p-cache: rebuild(generate)+reuse(workspace) solve=1 rebuildInterval=100
config(Cg+Schwarz(Multigrid)):  Solving for p, Initial residual = 2.1409076898034485, Final residual = 0.02893133646962736, No Iterations 1, Solve time = 1818.053 ms
time step continuity errors : sum local = 3.3164655875488865e-05, global = -8.800887227143359e-07, cumulative = 1.4708899438757686e-06
[mem] after-pEqn: DEVICE_POOL current=22752 MB  actual(reserved)=38146 MB  highWater=28040 MB
[GinkgoSolver] p-cache: reuse(update_matrix_value) solve=7 rebuildInterval=0
Schwarz(Jacobi)+Bicgstab:  Solving for omega, Initial residual = 0.0004898533137629394, Final residual = 1.523151999741192e-05, No Iterations 2, Solve time = 46.754 ms
[GinkgoSolver] p-cache: reuse(update_matrix_value) solve=7 rebuildInterval=0
Schwarz(Jacobi)+Bicgstab:  Solving for k, Initial residual = 0.0011597013536854888, Final residual = 2.4109389258638095e-05, No Iterations 3, Solve time = 61.569 ms
[mem] after-turb: DEVICE_POOL current=22752 MB  actual(reserved)=38146 MB  highWater=28040 MB
ExecutionTime = 68.87 s  ClockTime = 69 s

Time = 8
[mem] step-start: DEVICE_POOL current=22752 MB  actual(reserved)=38146 MB  highWater=28040 MB
Schwarz(Jacobi)+Bicgstab:  Solving for Ux, Initial residual = 0.0003167127969539828, Final residual = 2.5062200996779955e-05, No Iterations 5, Solve time = 183.608 ms
Schwarz(Jacobi)+Bicgstab:  Solving for Uy, Initial residual = 0.01137333061441461, Final residual = 0.00028632897338627347, No Iterations 5, Solve time = 183.608 ms
Schwarz(Jacobi)+Bicgstab:  Solving for Uz, Initial residual = 0.003614248190205257, Final residual = 0.00019653173431170457, No Iterations 5, Solve time = 183.608 ms
[mem] after-UEqn: DEVICE_POOL current=22752 MB  actual(reserved)=38146 MB  highWater=28040 MB
[GinkgoSolver] p-cache: rebuild(generate)+reuse(workspace) solve=1 rebuildInterval=100
config(Cg+Schwarz(Multigrid)):  Solving for p, Initial residual = 1.7853424713335175, Final residual = 0.02430235723670849, No Iterations 1, Solve time = 2096.144 ms
time step continuity errors : sum local = 2.7776713552979266e-05, global = -8.085685876026871e-07, cumulative = 6.623213562730815e-07
[mem] after-pEqn: DEVICE_POOL current=22752 MB  actual(reserved)=38146 MB  highWater=28040 MB
[GinkgoSolver] p-cache: reuse(update_matrix_value) solve=8 rebuildInterval=0
Schwarz(Jacobi)+Bicgstab:  Solving for omega, Initial residual = 0.0003596277504947465, Final residual = 1.243518397069298e-05, No Iterations 2, Solve time = 47.151 ms
[GinkgoSolver] p-cache: reuse(update_matrix_value) solve=8 rebuildInterval=0
Schwarz(Jacobi)+Bicgstab:  Solving for k, Initial residual = 0.0008654377452248071, Final residual = 5.241337398409992e-05, No Iterations 2, Solve time = 47.615 ms
bounding k, min: -3.710884344912531e-05 max: 586.1279116929305 average: 0.45683225992757176
[mem] after-turb: DEVICE_POOL current=22752 MB  actual(reserved)=38146 MB  highWater=28040 MB
ExecutionTime = 73.88 s  ClockTime = 74 s

Time = 9
[mem] step-start: DEVICE_POOL current=22752 MB  actual(reserved)=38146 MB  highWater=28040 MB
Schwarz(Jacobi)+Bicgstab:  Solving for Ux, Initial residual = 0.00027325190502560076, Final residual = 7.277695890748998e-06, No Iterations 5, Solve time = 183.027 ms
Schwarz(Jacobi)+Bicgstab:  Solving for Uy, Initial residual = 0.00925145601701637, Final residual = 0.0004371312020450816, No Iterations 5, Solve time = 183.027 ms
Schwarz(Jacobi)+Bicgstab:  Solving for Uz, Initial residual = 0.002639363144362404, Final residual = 0.0001551042993698417, No Iterations 5, Solve time = 183.027 ms
[mem] after-UEqn: DEVICE_POOL current=22752 MB  actual(reserved)=38146 MB  highWater=28040 MB
[GinkgoSolver] p-cache: rebuild(generate)+reuse(workspace) solve=1 rebuildInterval=100
config(Cg+Schwarz(Multigrid)):  Solving for p, Initial residual = 1.4723160788816871, Final residual = 0.021614615005985587, No Iterations 1, Solve time = 2045.818 ms
time step continuity errors : sum local = 2.644207885368905e-05, global = -7.504122480633842e-08, cumulative = 5.87280131466743e-07
[mem] after-pEqn: DEVICE_POOL current=22752 MB  actual(reserved)=38146 MB  highWater=28040 MB
[GinkgoSolver] p-cache: reuse(update_matrix_value) solve=9 rebuildInterval=0
Schwarz(Jacobi)+Bicgstab:  Solving for omega, Initial residual = 0.00027805295141063494, Final residual = 1.0630730433730078e-05, No Iterations 2, Solve time = 47.427 ms
[GinkgoSolver] p-cache: reuse(update_matrix_value) solve=9 rebuildInterval=0
Schwarz(Jacobi)+Bicgstab:  Solving for k, Initial residual = 0.0006654283648122217, Final residual = 3.882530407251711e-05, No Iterations 2, Solve time = 48.067 ms
[mem] after-turb: DEVICE_POOL current=22752 MB  actual(reserved)=38146 MB  highWater=28040 MB
ExecutionTime = 78.84 s  ClockTime = 79 s

Time = 10
[mem] step-start: DEVICE_POOL current=22752 MB  actual(reserved)=38146 MB  highWater=28040 MB
Schwarz(Jacobi)+Bicgstab:  Solving for Ux, Initial residual = 0.0002507593698403398, Final residual = 3.2055366875571485e-06, No Iterations 6, Solve time = 212.775 ms
Schwarz(Jacobi)+Bicgstab:  Solving for Uy, Initial residual = 0.010054121720917264, Final residual = 0.0003932237871751978, No Iterations 6, Solve time = 212.775 ms
Schwarz(Jacobi)+Bicgstab:  Solving for Uz, Initial residual = 0.0024931926846073434, Final residual = 4.160502619615366e-05, No Iterations 6, Solve time = 212.775 ms
[mem] after-UEqn: DEVICE_POOL current=22752 MB  actual(reserved)=38146 MB  highWater=28040 MB
[GinkgoSolver] p-cache: rebuild(generate)+reuse(workspace) solve=1 rebuildInterval=100
config(Cg+Schwarz(Multigrid)):  Solving for p, Initial residual = 1.3286618396107814, Final residual = 0.02020525088954457, No Iterations 1, Solve time = 2028.606 ms
time step continuity errors : sum local = 2.7320258417365146e-05, global = -8.406211442982727e-09, cumulative = 5.788739200237603e-07
[mem] after-pEqn: DEVICE_POOL current=22752 MB  actual(reserved)=38146 MB  highWater=28040 MB
[GinkgoSolver] p-cache: reuse(update_matrix_value) solve=10 rebuildInterval=0
Schwarz(Jacobi)+Bicgstab:  Solving for omega, Initial residual = 0.0002245601283331431, Final residual = 9.223117763775807e-06, No Iterations 2, Solve time = 47.742 ms
[GinkgoSolver] p-cache: reuse(update_matrix_value) solve=10 rebuildInterval=0
Schwarz(Jacobi)+Bicgstab:  Solving for k, Initial residual = 0.0005268143931685081, Final residual = 3.273699843832851e-05, No Iterations 2, Solve time = 46.891 ms
[mem] after-turb: DEVICE_POOL current=22752 MB  actual(reserved)=38146 MB  highWater=28040 MB
ExecutionTime = 83.81 s  ClockTime = 84 s

Time = 11
[mem] step-start: DEVICE_POOL current=22752 MB  actual(reserved)=38146 MB  highWater=28040 MB
Schwarz(Jacobi)+Bicgstab:  Solving for Ux, Initial residual = 0.00023850416639131956, Final residual = 1.1066200138318638e-05, No Iterations 5, Solve time = 183.326 ms
Schwarz(Jacobi)+Bicgstab:  Solving for Uy, Initial residual = 0.01103885807711466, Final residual = 0.00032071089415986576, No Iterations 5, Solve time = 183.326 ms
Schwarz(Jacobi)+Bicgstab:  Solving for Uz, Initial residual = 0.0025450874465407568, Final residual = 7.256456236242679e-05, No Iterations 5, Solve time = 183.326 ms
[mem] after-UEqn: DEVICE_POOL current=22752 MB  actual(reserved)=38146 MB  highWater=28040 MB
[GinkgoSolver] p-cache: rebuild(generate)+reuse(workspace) solve=1 rebuildInterval=100
config(Cg+Schwarz(Multigrid)):  Solving for p, Initial residual = 1.325075972378108, Final residual = 0.018127560877231105, No Iterations 1, Solve time = 2006.302 ms
time step continuity errors : sum local = 2.5834693672549025e-05, global = -3.601472174084309e-08, cumulative = 5.428591982829172e-07
[mem] after-pEqn: DEVICE_POOL current=22752 MB  actual(reserved)=38146 MB  highWater=28040 MB
[GinkgoSolver] p-cache: reuse(update_matrix_value) solve=11 rebuildInterval=0
Schwarz(Jacobi)+Bicgstab:  Solving for omega, Initial residual = 0.0001850968771155581, Final residual = 8.098440886523227e-06, No Iterations 2, Solve time = 47.02 ms
[GinkgoSolver] p-cache: reuse(update_matrix_value) solve=11 rebuildInterval=0
Schwarz(Jacobi)+Bicgstab:  Solving for k, Initial residual = 0.00043951662620192005, Final residual = 2.827130565601234e-05, No Iterations 2, Solve time = 47.239 ms
[mem] after-turb: DEVICE_POOL current=22752 MB  actual(reserved)=38146 MB  highWater=28040 MB
ExecutionTime = 88.72 s  ClockTime = 89 s

Time = 12
[mem] step-start: DEVICE_POOL current=22752 MB  actual(reserved)=38146 MB  highWater=28040 MB
Schwarz(Jacobi)+Bicgstab:  Solving for Ux, Initial residual = 0.00022721672283790788, Final residual = 1.4917372254076293e-05, No Iterations 4, Solve time = 154.021 ms
Schwarz(Jacobi)+Bicgstab:  Solving for Uy, Initial residual = 0.011014695289857981, Final residual = 0.0007935810640182335, No Iterations 4, Solve time = 154.021 ms
Schwarz(Jacobi)+Bicgstab:  Solving for Uz, Initial residual = 0.002478710928829181, Final residual = 0.00012092219174942972, No Iterations 4, Solve time = 154.021 ms
[mem] after-UEqn: DEVICE_POOL current=22752 MB  actual(reserved)=38146 MB  highWater=28040 MB
[GinkgoSolver] p-cache: rebuild(generate)+reuse(workspace) solve=1 rebuildInterval=100
config(Cg+Schwarz(Multigrid)):  Solving for p, Initial residual = 1.336467892389067, Final residual = 0.01696453538316186, No Iterations 1, Solve time = 1621.844 ms
time step continuity errors : sum local = 2.6591738605334785e-05, global = 1.2145500931194946e-06, cumulative = 1.7574092914024118e-06
[mem] after-pEqn: DEVICE_POOL current=22752 MB  actual(reserved)=38146 MB  highWater=28040 MB
[GinkgoSolver] p-cache: reuse(update_matrix_value) solve=12 rebuildInterval=0
Schwarz(Jacobi)+Bicgstab:  Solving for omega, Initial residual = 0.00015606105854949228, Final residual = 7.141088145021368e-06, No Iterations 2, Solve time = 47.202 ms
[GinkgoSolver] p-cache: reuse(update_matrix_value) solve=12 rebuildInterval=0
Schwarz(Jacobi)+Bicgstab:  Solving for k, Initial residual = 0.000387622271683496, Final residual = 2.571745677191054e-05, No Iterations 2, Solve time = 47.998 ms
[mem] after-turb: DEVICE_POOL current=22752 MB  actual(reserved)=38146 MB  highWater=28040 MB
ExecutionTime = 93.23999999999999 s  ClockTime = 94 s

Time = 13
[mem] step-start: DEVICE_POOL current=22752 MB  actual(reserved)=38146 MB  highWater=28040 MB
Schwarz(Jacobi)+Bicgstab:  Solving for Ux, Initial residual = 0.0002155431542842578, Final residual = 9.392921938246309e-06, No Iterations 4, Solve time = 154.191 ms
Schwarz(Jacobi)+Bicgstab:  Solving for Uy, Initial residual = 0.010266910581024094, Final residual = 0.0005812272072420929, No Iterations 4, Solve time = 154.191 ms
Schwarz(Jacobi)+Bicgstab:  Solving for Uz, Initial residual = 0.002295023852235892, Final residual = 0.00010857090387174419, No Iterations 4, Solve time = 154.191 ms
[mem] after-UEqn: DEVICE_POOL current=22752 MB  actual(reserved)=38146 MB  highWater=28040 MB
[GinkgoSolver] p-cache: rebuild(generate)+reuse(workspace) solve=1 rebuildInterval=100
config(Cg+Schwarz(Multigrid)):  Solving for p, Initial residual = 1.307809538903611, Final residual = 0.017933209116552135, No Iterations 1, Solve time = 1162.944 ms
time step continuity errors : sum local = 2.9732291972003252e-05, global = 9.466332972011425e-07, cumulative = 2.7040425886035544e-06
[mem] after-pEqn: DEVICE_POOL current=22752 MB  actual(reserved)=38146 MB  highWater=28040 MB
[GinkgoSolver] p-cache: reuse(update_matrix_value) solve=13 rebuildInterval=0
Schwarz(Jacobi)+Bicgstab:  Solving for omega, Initial residual = 0.00013496203258088463, Final residual = 6.4235763021152045e-06, No Iterations 2, Solve time = 47.193 ms
[GinkgoSolver] p-cache: reuse(update_matrix_value) solve=13 rebuildInterval=0
Schwarz(Jacobi)+Bicgstab:  Solving for k, Initial residual = 0.00036774065586332944, Final residual = 2.587759081745645e-05, No Iterations 2, Solve time = 47.562 ms
[mem] after-turb: DEVICE_POOL current=22752 MB  actual(reserved)=38146 MB  highWater=28040 MB
ExecutionTime = 97.38 s  ClockTime = 98 s

Time = 14
[mem] step-start: DEVICE_POOL current=22752 MB  actual(reserved)=38146 MB  highWater=28040 MB
Schwarz(Jacobi)+Bicgstab:  Solving for Ux, Initial residual = 0.00020547633225297728, Final residual = 1.275152243275752e-05, No Iterations 4, Solve time = 153.821 ms
Schwarz(Jacobi)+Bicgstab:  Solving for Uy, Initial residual = 0.009283265853153823, Final residual = 0.0013728753665499522, No Iterations 4, Solve time = 153.821 ms
Schwarz(Jacobi)+Bicgstab:  Solving for Uz, Initial residual = 0.0020929313927449387, Final residual = 0.0002238821822599013, No Iterations 4, Solve time = 153.821 ms
[mem] after-UEqn: DEVICE_POOL current=22752 MB  actual(reserved)=38146 MB  highWater=28040 MB
[GinkgoSolver] p-cache: rebuild(generate)+reuse(workspace) solve=1 rebuildInterval=100
config(Cg+Schwarz(Multigrid)):  Solving for p, Initial residual = 1.2414603987971624, Final residual = 0.016530958293617448, No Iterations 1, Solve time = 1592.938 ms
time step continuity errors : sum local = 2.6782063196684663e-05, global = 1.0998571437576374e-07, cumulative = 2.814028302979318e-06
[mem] after-pEqn: DEVICE_POOL current=22752 MB  actual(reserved)=38146 MB  highWater=28040 MB
[GinkgoSolver] p-cache: reuse(update_matrix_value) solve=14 rebuildInterval=0
Schwarz(Jacobi)+Bicgstab:  Solving for omega, Initial residual = 0.0001204433206761739, Final residual = 5.874843940583144e-06, No Iterations 2, Solve time = 47.228 ms
[GinkgoSolver] p-cache: reuse(update_matrix_value) solve=14 rebuildInterval=0
Schwarz(Jacobi)+Bicgstab:  Solving for k, Initial residual = 0.00036019254696757617, Final residual = 2.9060874730148168e-05, No Iterations 2, Solve time = 46.7 ms
[mem] after-turb: DEVICE_POOL current=22752 MB  actual(reserved)=38146 MB  highWater=28040 MB
ExecutionTime = 101.93 s  ClockTime = 103 s

Time = 15
[mem] step-start: DEVICE_POOL current=22752 MB  actual(reserved)=38146 MB  highWater=28040 MB
Schwarz(Jacobi)+Bicgstab:  Solving for Ux, Initial residual = 0.00019739137783468603, Final residual = 1.4637787258971737e-05, No Iterations 4, Solve time = 153.184 ms
Schwarz(Jacobi)+Bicgstab:  Solving for Uy, Initial residual = 0.00861002735062702, Final residual = 0.0005486133238549641, No Iterations 4, Solve time = 153.184 ms
Schwarz(Jacobi)+Bicgstab:  Solving for Uz, Initial residual = 0.0019486364136594727, Final residual = 0.00010422942980561606, No Iterations 4, Solve time = 153.184 ms
[mem] after-UEqn: DEVICE_POOL current=22752 MB  actual(reserved)=38146 MB  highWater=28040 MB
[GinkgoSolver] p-cache: rebuild(generate)+reuse(workspace) solve=1 rebuildInterval=100
config(Cg+Schwarz(Multigrid)):  Solving for p, Initial residual = 1.1498489798148974, Final residual = 0.015442598247746192, No Iterations 1, Solve time = 1040.072 ms
time step continuity errors : sum local = 2.4204197508552628e-05, global = 7.087077423018813e-07, cumulative = 3.5227360452811992e-06
[mem] after-pEqn: DEVICE_POOL current=22752 MB  actual(reserved)=38146 MB  highWater=28040 MB
[GinkgoSolver] p-cache: reuse(update_matrix_value) solve=15 rebuildInterval=0
Schwarz(Jacobi)+Bicgstab:  Solving for omega, Initial residual = 0.00010975171187564265, Final residual = 5.422765953588171e-06, No Iterations 2, Solve time = 47.392 ms
[GinkgoSolver] p-cache: reuse(update_matrix_value) solve=15 rebuildInterval=0
Schwarz(Jacobi)+Bicgstab:  Solving for k, Initial residual = 0.0003546325968234713, Final residual = 9.489220647230454e-06, No Iterations 3, Solve time = 62.887 ms
[mem] after-turb: DEVICE_POOL current=22752 MB  actual(reserved)=38146 MB  highWater=28040 MB
ExecutionTime = 105.87 s  ClockTime = 106 s

Time = 16
[mem] step-start: DEVICE_POOL current=22752 MB  actual(reserved)=38146 MB  highWater=28040 MB
Schwarz(Jacobi)+Bicgstab:  Solving for Ux, Initial residual = 0.00019017475644605942, Final residual = 7.87757077528824e-06, No Iterations 4, Solve time = 154.342 ms
Schwarz(Jacobi)+Bicgstab:  Solving for Uy, Initial residual = 0.008183959568846978, Final residual = 0.0004614150652893691, No Iterations 4, Solve time = 154.342 ms
Schwarz(Jacobi)+Bicgstab:  Solving for Uz, Initial residual = 0.00188498769897286, Final residual = 0.00020766744252362018, No Iterations 4, Solve time = 154.342 ms
[mem] after-UEqn: DEVICE_POOL current=22752 MB  actual(reserved)=38146 MB  highWater=28040 MB
[GinkgoSolver] p-cache: rebuild(generate)+reuse(workspace) solve=1 rebuildInterval=100
config(Cg+Schwarz(Multigrid)):  Solving for p, Initial residual = 1.0707289192572964, Final residual = 0.0155432384613927, No Iterations 1, Solve time = 1565.499 ms
time step continuity errors : sum local = 2.566513655141908e-05, global = -1.4426817131500462e-06, cumulative = 2.080054332131153e-06
[mem] after-pEqn: DEVICE_POOL current=22752 MB  actual(reserved)=38146 MB  highWater=28040 MB
[GinkgoSolver] p-cache: reuse(update_matrix_value) solve=16 rebuildInterval=0
Schwarz(Jacobi)+Bicgstab:  Solving for omega, Initial residual = 0.00010125102847482429, Final residual = 5.1185312579662185e-06, No Iterations 2, Solve time = 47.712 ms
[GinkgoSolver] p-cache: reuse(update_matrix_value) solve=16 rebuildInterval=0
Schwarz(Jacobi)+Bicgstab:  Solving for k, Initial residual = 0.0003520241631410191, Final residual = 2.742198693789697e-05, No Iterations 2, Solve time = 47.628 ms
[mem] after-turb: DEVICE_POOL current=22752 MB  actual(reserved)=38146 MB  highWater=28040 MB
ExecutionTime = 110.31 s  ClockTime = 111 s

Time = 17
[mem] step-start: DEVICE_POOL current=22752 MB  actual(reserved)=38146 MB  highWater=28040 MB
Schwarz(Jacobi)+Bicgstab:  Solving for Ux, Initial residual = 0.00018399263812534264, Final residual = 6.7937811426525055e-06, No Iterations 4, Solve time = 154.043 ms
Schwarz(Jacobi)+Bicgstab:  Solving for Uy, Initial residual = 0.007935249598173448, Final residual = 0.0005555765496347625, No Iterations 4, Solve time = 154.043 ms
Schwarz(Jacobi)+Bicgstab:  Solving for Uz, Initial residual = 0.0018143482496712777, Final residual = 9.336673646545039e-05, No Iterations 4, Solve time = 154.043 ms
[mem] after-UEqn: DEVICE_POOL current=22752 MB  actual(reserved)=38146 MB  highWater=28040 MB
[GinkgoSolver] p-cache: rebuild(generate)+reuse(workspace) solve=1 rebuildInterval=100
config(Cg+Schwarz(Multigrid)):  Solving for p, Initial residual = 1.013493677712432, Final residual = 0.014143552362683491, No Iterations 1, Solve time = 959.811 ms
time step continuity errors : sum local = 2.3055702586733206e-05, global = 8.477124692995325e-07, cumulative = 2.9277668014306857e-06
[mem] after-pEqn: DEVICE_POOL current=22752 MB  actual(reserved)=38146 MB  highWater=28040 MB
[GinkgoSolver] p-cache: reuse(update_matrix_value) solve=17 rebuildInterval=0
Schwarz(Jacobi)+Bicgstab:  Solving for omega, Initial residual = 9.430783885553048e-05, Final residual = 4.806824187953631e-06, No Iterations 2, Solve time = 47.651 ms
[GinkgoSolver] p-cache: reuse(update_matrix_value) solve=17 rebuildInterval=0
Schwarz(Jacobi)+Bicgstab:  Solving for k, Initial residual = 0.0003502049248663587, Final residual = 8.389020212385965e-06, No Iterations 3, Solve time = 60.82 ms
[mem] after-turb: DEVICE_POOL current=22752 MB  actual(reserved)=38146 MB  highWater=28040 MB
ExecutionTime = 114.2 s  ClockTime = 115 s

Time = 18
[mem] step-start: DEVICE_POOL current=22752 MB  actual(reserved)=38146 MB  highWater=28040 MB
Schwarz(Jacobi)+Bicgstab:  Solving for Ux, Initial residual = 0.0001759783623784804, Final residual = 6.50168630271834e-06, No Iterations 4, Solve time = 154.599 ms
Schwarz(Jacobi)+Bicgstab:  Solving for Uy, Initial residual = 0.007622463017363181, Final residual = 0.0003076876440645767, No Iterations 4, Solve time = 154.599 ms
Schwarz(Jacobi)+Bicgstab:  Solving for Uz, Initial residual = 0.0017389799685287321, Final residual = 7.317246928800927e-05, No Iterations 4, Solve time = 154.599 ms
[mem] after-UEqn: DEVICE_POOL current=22752 MB  actual(reserved)=38146 MB  highWater=28040 MB
[GinkgoSolver] p-cache: rebuild(generate)+reuse(workspace) solve=1 rebuildInterval=100
config(Cg+Schwarz(Multigrid)):  Solving for p, Initial residual = 0.9702278057024983, Final residual = 0.013777990086925491, No Iterations 1, Solve time = 979.212 ms
time step continuity errors : sum local = 2.4760709380196494e-05, global = 8.724580483983681e-07, cumulative = 3.8002248498290537e-06
[mem] after-pEqn: DEVICE_POOL current=22752 MB  actual(reserved)=38146 MB  highWater=28040 MB
[GinkgoSolver] p-cache: reuse(update_matrix_value) solve=18 rebuildInterval=0
Schwarz(Jacobi)+Bicgstab:  Solving for omega, Initial residual = 8.820576432974241e-05, Final residual = 4.600654230901227e-06, No Iterations 2, Solve time = 47.368 ms
[GinkgoSolver] p-cache: reuse(update_matrix_value) solve=18 rebuildInterval=0
Schwarz(Jacobi)+Bicgstab:  Solving for k, Initial residual = 0.0003502518122978756, Final residual = 3.2174820717698033e-05, No Iterations 2, Solve time = 46.979 ms
[mem] after-turb: DEVICE_POOL current=22752 MB  actual(reserved)=38146 MB  highWater=28040 MB
ExecutionTime = 118.06 s  ClockTime = 119 s

Time = 19
[mem] step-start: DEVICE_POOL current=22752 MB  actual(reserved)=38146 MB  highWater=28040 MB
Schwarz(Jacobi)+Bicgstab:  Solving for Ux, Initial residual = 0.00016832008876431753, Final residual = 1.3594218771234332e-05, No Iterations 3, Solve time = 124.578 ms
Schwarz(Jacobi)+Bicgstab:  Solving for Uy, Initial residual = 0.007363930251306391, Final residual = 0.0006461996469578851, No Iterations 3, Solve time = 124.578 ms
Schwarz(Jacobi)+Bicgstab:  Solving for Uz, Initial residual = 0.0016942943712934255, Final residual = 0.00016101211222469417, No Iterations 3, Solve time = 124.578 ms
[mem] after-UEqn: DEVICE_POOL current=22752 MB  actual(reserved)=38146 MB  highWater=28040 MB
[GinkgoSolver] p-cache: rebuild(generate)+reuse(workspace) solve=1 rebuildInterval=100
config(Cg+Schwarz(Multigrid)):  Solving for p, Initial residual = 0.9435512800030053, Final residual = 0.012345266379622905, No Iterations 1, Solve time = 1025.721 ms
time step continuity errors : sum local = 2.482318843072056e-05, global = 9.684021686437564e-07, cumulative = 4.76862701847281e-06
[mem] after-pEqn: DEVICE_POOL current=22752 MB  actual(reserved)=38146 MB  highWater=28040 MB
[GinkgoSolver] p-cache: reuse(update_matrix_value) solve=19 rebuildInterval=0
Schwarz(Jacobi)+Bicgstab:  Solving for omega, Initial residual = 8.319121505915473e-05, Final residual = 4.401914336855223e-06, No Iterations 2, Solve time = 47.238 ms
[GinkgoSolver] p-cache: reuse(update_matrix_value) solve=19 rebuildInterval=0
Schwarz(Jacobi)+Bicgstab:  Solving for k, Initial residual = 0.0003504363657870867, Final residual = 8.621919249812486e-06, No Iterations 3, Solve time = 61.715 ms
[mem] after-turb: DEVICE_POOL current=22752 MB  actual(reserved)=38146 MB  highWater=28040 MB
ExecutionTime = 121.96 s  ClockTime = 123 s

Time = 20
[mem] step-start: DEVICE_POOL current=22752 MB  actual(reserved)=38146 MB  highWater=28040 MB
Schwarz(Jacobi)+Bicgstab:  Solving for Ux, Initial residual = 0.00016266429796213421, Final residual = 6.63947905292743e-06, No Iterations 4, Solve time = 153.815 ms
Schwarz(Jacobi)+Bicgstab:  Solving for Uy, Initial residual = 0.007240221382558202, Final residual = 0.0004796229717193775, No Iterations 4, Solve time = 153.815 ms
Schwarz(Jacobi)+Bicgstab:  Solving for Uz, Initial residual = 0.0016927102307311144, Final residual = 0.00017343811559470215, No Iterations 4, Solve time = 153.815 ms
[mem] after-UEqn: DEVICE_POOL current=22752 MB  actual(reserved)=38146 MB  highWater=28040 MB
[GinkgoSolver] p-cache: rebuild(generate)+reuse(workspace) solve=1 rebuildInterval=100
config(Cg+Schwarz(Multigrid)):  Solving for p, Initial residual = 0.9205812003259755, Final residual = 0.012828942221612984, No Iterations 1, Solve time = 881.731 ms
time step continuity errors : sum local = 2.8581379225073225e-05, global = 8.216445364255867e-07, cumulative = 5.5902715548983975e-06
[mem] after-pEqn: DEVICE_POOL current=22752 MB  actual(reserved)=38146 MB  highWater=28040 MB
[GinkgoSolver] p-cache: reuse(update_matrix_value) solve=20 rebuildInterval=0
Schwarz(Jacobi)+Bicgstab:  Solving for omega, Initial residual = 7.80863670902523e-05, Final residual = 4.200158654326612e-06, No Iterations 2, Solve time = 47.398 ms
[GinkgoSolver] p-cache: reuse(update_matrix_value) solve=20 rebuildInterval=0
Schwarz(Jacobi)+Bicgstab:  Solving for k, Initial residual = 0.00035063803703387565, Final residual = 8.272320349898257e-06, No Iterations 3, Solve time = 61.349 ms
[mem] after-turb: DEVICE_POOL current=22752 MB  actual(reserved)=38146 MB  highWater=28040 MB
ExecutionTime = 125.74 s  ClockTime = 126 s

Time = 21
[mem] step-start: DEVICE_POOL current=22752 MB  actual(reserved)=38146 MB  highWater=28040 MB
Schwarz(Jacobi)+Bicgstab:  Solving for Ux, Initial residual = 0.0001583389692822498, Final residual = 1.2429153667769448e-05, No Iterations 4, Solve time = 153.068 ms
Schwarz(Jacobi)+Bicgstab:  Solving for Uy, Initial residual = 0.007210993782993401, Final residual = 0.0003162040092290491, No Iterations 4, Solve time = 153.068 ms
Schwarz(Jacobi)+Bicgstab:  Solving for Uz, Initial residual = 0.0017145546629640884, Final residual = 7.684700755864042e-05, No Iterations 4, Solve time = 153.068 ms
[mem] after-UEqn: DEVICE_POOL current=22752 MB  actual(reserved)=38146 MB  highWater=28040 MB
[GinkgoSolver] p-cache: rebuild(generate)+reuse(workspace) solve=1 rebuildInterval=100
config(Cg+Schwarz(Multigrid)):  Solving for p, Initial residual = 0.8933695737493389, Final residual = 0.009893208928205789, No Iterations 1, Solve time = 1054.338 ms
time step continuity errors : sum local = 2.269160648204423e-05, global = 1.0804411788457204e-06, cumulative = 6.670712733744118e-06
[mem] after-pEqn: DEVICE_POOL current=22752 MB  actual(reserved)=38146 MB  highWater=28040 MB
[GinkgoSolver] p-cache: reuse(update_matrix_value) solve=21 rebuildInterval=0
Schwarz(Jacobi)+Bicgstab:  Solving for omega, Initial residual = 7.365105151182623e-05, Final residual = 4.0197160095255515e-06, No Iterations 2, Solve time = 47.391 ms
[GinkgoSolver] p-cache: reuse(update_matrix_value) solve=21 rebuildInterval=0
Schwarz(Jacobi)+Bicgstab:  Solving for k, Initial residual = 0.00035171825797930865, Final residual = 8.380279137796698e-06, No Iterations 3, Solve time = 61.283 ms
[mem] after-turb: DEVICE_POOL current=22752 MB  actual(reserved)=38146 MB  highWater=28040 MB
ExecutionTime = 129.7 s  ClockTime = 130 s

Time = 22
[mem] step-start: DEVICE_POOL current=22752 MB  actual(reserved)=38146 MB  highWater=28040 MB
Schwarz(Jacobi)+Bicgstab:  Solving for Ux, Initial residual = 0.0001557698966635107, Final residual = 1.0710106904757054e-05, No Iterations 3, Solve time = 124.764 ms
Schwarz(Jacobi)+Bicgstab:  Solving for Uy, Initial residual = 0.007177114573429671, Final residual = 0.0006022498047625511, No Iterations 3, Solve time = 124.764 ms
Schwarz(Jacobi)+Bicgstab:  Solving for Uz, Initial residual = 0.0017387324418847014, Final residual = 0.0001516192669168093, No Iterations 3, Solve time = 124.764 ms
[mem] after-UEqn: DEVICE_POOL current=22752 MB  actual(reserved)=38146 MB  highWater=28040 MB
[GinkgoSolver] p-cache: rebuild(generate)+reuse(workspace) solve=1 rebuildInterval=100
config(Cg+Schwarz(Multigrid)):  Solving for p, Initial residual = 0.8631539927621741, Final residual = 0.011619711672952497, No Iterations 1, Solve time = 658.272 ms
time step continuity errors : sum local = 2.911133340082589e-05, global = 5.018583787499401e-07, cumulative = 7.172571112494058e-06
[mem] after-pEqn: DEVICE_POOL current=22752 MB  actual(reserved)=38146 MB  highWater=28040 MB
[GinkgoSolver] p-cache: reuse(update_matrix_value) solve=22 rebuildInterval=0
Schwarz(Jacobi)+Bicgstab:  Solving for omega, Initial residual = 6.98041122166337e-05, Final residual = 3.878521510217264e-06, No Iterations 2, Solve time = 46.326 ms
[GinkgoSolver] p-cache: reuse(update_matrix_value) solve=22 rebuildInterval=0
Schwarz(Jacobi)+Bicgstab:  Solving for k, Initial residual = 0.000354727795450155, Final residual = 8.596405958810197e-06, No Iterations 3, Solve time = 61.627 ms
[mem] after-turb: DEVICE_POOL current=22752 MB  actual(reserved)=38146 MB  highWater=28040 MB
ExecutionTime = 133.21 s  ClockTime = 134 s

Time = 23
[mem] step-start: DEVICE_POOL current=22752 MB  actual(reserved)=38146 MB  highWater=28040 MB
Schwarz(Jacobi)+Bicgstab:  Solving for Ux, Initial residual = 0.00015381608176197472, Final residual = 1.1608419830782804e-05, No Iterations 3, Solve time = 124.624 ms
Schwarz(Jacobi)+Bicgstab:  Solving for Uy, Initial residual = 0.00709283293303869, Final residual = 0.0005650490011335678, No Iterations 3, Solve time = 124.624 ms
Schwarz(Jacobi)+Bicgstab:  Solving for Uz, Initial residual = 0.0017518972725615956, Final residual = 0.0001433262709280923, No Iterations 3, Solve time = 124.624 ms
[mem] after-UEqn: DEVICE_POOL current=22752 MB  actual(reserved)=38146 MB  highWater=28040 MB
[GinkgoSolver] p-cache: rebuild(generate)+reuse(workspace) solve=1 rebuildInterval=100
config(Cg+Schwarz(Multigrid)):  Solving for p, Initial residual = 0.8335795029327497, Final residual = 0.011207589853119676, No Iterations 1, Solve time = 788.289 ms
time step continuity errors : sum local = 2.5467000247681977e-05, global = 4.912767660763207e-07, cumulative = 7.663847878570379e-06
[mem] after-pEqn: DEVICE_POOL current=22752 MB  actual(reserved)=38146 MB  highWater=28040 MB
[GinkgoSolver] p-cache: reuse(update_matrix_value) solve=23 rebuildInterval=0
Schwarz(Jacobi)+Bicgstab:  Solving for omega, Initial residual = 6.621140355080411e-05, Final residual = 3.725200434397812e-06, No Iterations 2, Solve time = 47.308 ms
bounding omega, min: -416.71565433016866 max: 45356381.655484386 average: 7062.186392479893
[GinkgoSolver] p-cache: reuse(update_matrix_value) solve=23 rebuildInterval=0
Schwarz(Jacobi)+Bicgstab:  Solving for k, Initial residual = 0.0003565901097176381, Final residual = 8.750190927037675e-06, No Iterations 3, Solve time = 60.75 ms
[mem] after-turb: DEVICE_POOL current=22752 MB  actual(reserved)=38146 MB  highWater=28040 MB
ExecutionTime = 136.88 s  ClockTime = 138 s

Time = 24
[mem] step-start: DEVICE_POOL current=22752 MB  actual(reserved)=38146 MB  highWater=28040 MB
Schwarz(Jacobi)+Bicgstab:  Solving for Ux, Initial residual = 0.000151595971092508, Final residual = 1.1051924462834292e-05, No Iterations 3, Solve time = 123.561 ms
Schwarz(Jacobi)+Bicgstab:  Solving for Uy, Initial residual = 0.006954178841205796, Final residual = 0.0005350013532492687, No Iterations 3, Solve time = 123.561 ms
Schwarz(Jacobi)+Bicgstab:  Solving for Uz, Initial residual = 0.0017527542394301283, Final residual = 0.00013933184366459654, No Iterations 3, Solve time = 123.561 ms
[mem] after-UEqn: DEVICE_POOL current=22752 MB  actual(reserved)=38146 MB  highWater=28040 MB
[GinkgoSolver] p-cache: rebuild(generate)+reuse(workspace) solve=1 rebuildInterval=100
config(Cg+Schwarz(Multigrid)):  Solving for p, Initial residual = 0.8002762295731349, Final residual = 0.010312308126853218, No Iterations 1, Solve time = 560.517 ms
time step continuity errors : sum local = 2.5298904651268675e-05, global = 2.486598808870585e-07, cumulative = 7.912507759457437e-06
[mem] after-pEqn: DEVICE_POOL current=22752 MB  actual(reserved)=38146 MB  highWater=28040 MB
[GinkgoSolver] p-cache: reuse(update_matrix_value) solve=24 rebuildInterval=0
Schwarz(Jacobi)+Bicgstab:  Solving for omega, Initial residual = 6.302414374510908e-05, Final residual = 3.587380728922043e-06, No Iterations 2, Solve time = 46.373 ms
[GinkgoSolver] p-cache: reuse(update_matrix_value) solve=24 rebuildInterval=0
Schwarz(Jacobi)+Bicgstab:  Solving for k, Initial residual = 0.0003600382609455289, Final residual = 8.869941984302766e-06, No Iterations 3, Solve time = 61.459 ms
[mem] after-turb: DEVICE_POOL current=22752 MB  actual(reserved)=38146 MB  highWater=28040 MB
ExecutionTime = 140.31 s  ClockTime = 141 s

Time = 25
[mem] step-start: DEVICE_POOL current=22752 MB  actual(reserved)=38146 MB  highWater=28040 MB
Schwarz(Jacobi)+Bicgstab:  Solving for Ux, Initial residual = 0.00014940343470074325, Final residual = 1.3278062749595287e-05, No Iterations 3, Solve time = 124.415 ms
Schwarz(Jacobi)+Bicgstab:  Solving for Uy, Initial residual = 0.006792444700313185, Final residual = 0.000506003383501721, No Iterations 3, Solve time = 124.415 ms
Schwarz(Jacobi)+Bicgstab:  Solving for Uz, Initial residual = 0.0017471662837956433, Final residual = 0.0001379154048695576, No Iterations 3, Solve time = 124.415 ms
[mem] after-UEqn: DEVICE_POOL current=22752 MB  actual(reserved)=38146 MB  highWater=28040 MB
[GinkgoSolver] p-cache: rebuild(generate)+reuse(workspace) solve=1 rebuildInterval=100
config(Cg+Schwarz(Multigrid)):  Solving for p, Initial residual = 0.7658864416877352, Final residual = 0.011597476989761409, No Iterations 1, Solve time = 538.745 ms
time step continuity errors : sum local = 2.4550959163542256e-05, global = 3.2866271298004075e-07, cumulative = 8.241170472437478e-06
[mem] after-pEqn: DEVICE_POOL current=22752 MB  actual(reserved)=38146 MB  highWater=28040 MB
[GinkgoSolver] p-cache: reuse(update_matrix_value) solve=25 rebuildInterval=0
Schwarz(Jacobi)+Bicgstab:  Solving for omega, Initial residual = 6.018806543146591e-05, Final residual = 3.4499910834958094e-06, No Iterations 2, Solve time = 47.997 ms
[GinkgoSolver] p-cache: reuse(update_matrix_value) solve=25 rebuildInterval=0
Schwarz(Jacobi)+Bicgstab:  Solving for k, Initial residual = 0.0003634013053552851, Final residual = 9.025052867384347e-06, No Iterations 3, Solve time = 61.743 ms
[mem] after-turb: DEVICE_POOL current=22752 MB  actual(reserved)=38146 MB  highWater=28040 MB
ExecutionTime = 143.73 s  ClockTime = 145 s

Time = 26
[mem] step-start: DEVICE_POOL current=22752 MB  actual(reserved)=38146 MB  highWater=28040 MB
Schwarz(Jacobi)+Bicgstab:  Solving for Ux, Initial residual = 0.00014702893772593483, Final residual = 9.862152233023662e-06, No Iterations 3, Solve time = 126.355 ms
Schwarz(Jacobi)+Bicgstab:  Solving for Uy, Initial residual = 0.006642072305080437, Final residual = 0.00048628987866803047, No Iterations 3, Solve time = 126.355 ms
Schwarz(Jacobi)+Bicgstab:  Solving for Uz, Initial residual = 0.0017454028244006101, Final residual = 0.00013834014222786336, No Iterations 3, Solve time = 126.355 ms
[mem] after-UEqn: DEVICE_POOL current=22752 MB  actual(reserved)=38146 MB  highWater=28040 MB
[GinkgoSolver] p-cache: rebuild(generate)+reuse(workspace) solve=1 rebuildInterval=100
config(Cg+Schwarz(Multigrid)):  Solving for p, Initial residual = 0.7271484385161027, Final residual = 0.010494167829477445, No Iterations 1, Solve time = 661.426 ms
time step continuity errors : sum local = 2.2050791242804137e-05, global = 5.226443821144022e-07, cumulative = 8.76381485455188e-06
[mem] after-pEqn: DEVICE_POOL current=22752 MB  actual(reserved)=38146 MB  highWater=28040 MB
[GinkgoSolver] p-cache: reuse(update_matrix_value) solve=26 rebuildInterval=0
Schwarz(Jacobi)+Bicgstab:  Solving for omega, Initial residual = 5.7646227416110855e-05, Final residual = 3.3411960612775455e-06, No Iterations 2, Solve time = 46.927 ms
bounding omega, min: -44237.67608822485 max: 45356131.85226752 average: 7144.643812451927
[GinkgoSolver] p-cache: reuse(update_matrix_value) solve=26 rebuildInterval=0
Schwarz(Jacobi)+Bicgstab:  Solving for k, Initial residual = 0.00036728875055675294, Final residual = 9.25946770876281e-06, No Iterations 3, Solve time = 61.737 ms
[mem] after-turb: DEVICE_POOL current=22752 MB  actual(reserved)=38146 MB  highWater=28040 MB
ExecutionTime = 147.28 s  ClockTime = 148 s

Time = 27
[mem] step-start: DEVICE_POOL current=22752 MB  actual(reserved)=38146 MB  highWater=28040 MB
Schwarz(Jacobi)+Bicgstab:  Solving for Ux, Initial residual = 0.00014492517666073114, Final residual = 9.278772774693406e-06, No Iterations 3, Solve time = 124.905 ms
Schwarz(Jacobi)+Bicgstab:  Solving for Uy, Initial residual = 0.0065002797137766214, Final residual = 0.00046621674899284695, No Iterations 3, Solve time = 124.905 ms
Schwarz(Jacobi)+Bicgstab:  Solving for Uz, Initial residual = 0.0017471437645747644, Final residual = 0.00013854144639012923, No Iterations 3, Solve time = 124.905 ms
[mem] after-UEqn: DEVICE_POOL current=22752 MB  actual(reserved)=38146 MB  highWater=28040 MB
[GinkgoSolver] p-cache: rebuild(generate)+reuse(workspace) solve=1 rebuildInterval=100
config(Cg+Schwarz(Multigrid)):  Solving for p, Initial residual = 0.6928422143637211, Final residual = 0.007954066175221708, No Iterations 1, Solve time = 613.098 ms
time step continuity errors : sum local = 2.2039363694890526e-05, global = 7.353976341977614e-07, cumulative = 9.499212488749642e-06
[mem] after-pEqn: DEVICE_POOL current=22752 MB  actual(reserved)=38146 MB  highWater=28040 MB
[GinkgoSolver] p-cache: reuse(update_matrix_value) solve=27 rebuildInterval=0
Schwarz(Jacobi)+Bicgstab:  Solving for omega, Initial residual = 5.54096249729431e-05, Final residual = 3.2460843812542815e-06, No Iterations 2, Solve time = 47.302 ms
[GinkgoSolver] p-cache: reuse(update_matrix_value) solve=27 rebuildInterval=0
Schwarz(Jacobi)+Bicgstab:  Solving for k, Initial residual = 0.00037225309090870956, Final residual = 9.775126798351404e-06, No Iterations 3, Solve time = 62.097 ms
[mem] after-turb: DEVICE_POOL current=22752 MB  actual(reserved)=38146 MB  highWater=28040 MB
ExecutionTime = 150.76 s  ClockTime = 152 s

Time = 28
[mem] step-start: DEVICE_POOL current=22752 MB  actual(reserved)=38146 MB  highWater=28040 MB
Schwarz(Jacobi)+Bicgstab:  Solving for Ux, Initial residual = 0.00014229724073874998, Final residual = 1.0299429423864986e-05, No Iterations 3, Solve time = 124.444 ms
Schwarz(Jacobi)+Bicgstab:  Solving for Uy, Initial residual = 0.006370010394306812, Final residual = 0.0004544991979993681, No Iterations 3, Solve time = 124.444 ms
Schwarz(Jacobi)+Bicgstab:  Solving for Uz, Initial residual = 0.0017509743016750187, Final residual = 0.0001389783932540563, No Iterations 3, Solve time = 124.444 ms
[mem] after-UEqn: DEVICE_POOL current=22752 MB  actual(reserved)=38146 MB  highWater=28040 MB
[GinkgoSolver] p-cache: rebuild(generate)+reuse(workspace) solve=1 rebuildInterval=100
config(Cg+Schwarz(Multigrid)):  Solving for p, Initial residual = 0.6582312174044193, Final residual = 0.009792444897703282, No Iterations 1, Solve time = 538.377 ms
time step continuity errors : sum local = 2.620212166445298e-05, global = 1.1351411182791702e-06, cumulative = 1.0634353607028812e-05
[mem] after-pEqn: DEVICE_POOL current=22752 MB  actual(reserved)=38146 MB  highWater=28040 MB
[GinkgoSolver] p-cache: reuse(update_matrix_value) solve=28 rebuildInterval=0
Schwarz(Jacobi)+Bicgstab:  Solving for omega, Initial residual = 5.343637816936619e-05, Final residual = 3.1634211425914165e-06, No Iterations 2, Solve time = 47.164 ms
bounding omega, min: -3.546669902532628 max: 45356030.835972145 average: 7192.03631886214
[GinkgoSolver] p-cache: reuse(update_matrix_value) solve=28 rebuildInterval=0
Schwarz(Jacobi)+Bicgstab:  Solving for k, Initial residual = 0.0003769892374616596, Final residual = 9.674094322609924e-06, No Iterations 3, Solve time = 62.315 ms
[mem] after-turb: DEVICE_POOL current=22752 MB  actual(reserved)=38146 MB  highWater=28040 MB
ExecutionTime = 154.19 s  ClockTime = 155 s

Time = 29
[mem] step-start: DEVICE_POOL current=22752 MB  actual(reserved)=38146 MB  highWater=28040 MB
Schwarz(Jacobi)+Bicgstab:  Solving for Ux, Initial residual = 0.00013953506642366899, Final residual = 9.268451113107596e-06, No Iterations 3, Solve time = 125.934 ms
Schwarz(Jacobi)+Bicgstab:  Solving for Uy, Initial residual = 0.006249278881653666, Final residual = 0.0004462796172276924, No Iterations 3, Solve time = 125.934 ms
Schwarz(Jacobi)+Bicgstab:  Solving for Uz, Initial residual = 0.001754379182593615, Final residual = 0.00013840029266507856, No Iterations 3, Solve time = 125.934 ms
[mem] after-UEqn: DEVICE_POOL current=22752 MB  actual(reserved)=38146 MB  highWater=28040 MB
[GinkgoSolver] p-cache: rebuild(generate)+reuse(workspace) solve=1 rebuildInterval=100
config(Cg+Schwarz(Multigrid)):  Solving for p, Initial residual = 0.6228628520284125, Final residual = 0.008310230690223575, No Iterations 1, Solve time = 832.423 ms
time step continuity errors : sum local = 2.6183470324069048e-05, global = 2.9739671274044787e-07, cumulative = 1.093175031976926e-05
[mem] after-pEqn: DEVICE_POOL current=22752 MB  actual(reserved)=38146 MB  highWater=28040 MB
[GinkgoSolver] p-cache: reuse(update_matrix_value) solve=29 rebuildInterval=0
Schwarz(Jacobi)+Bicgstab:  Solving for omega, Initial residual = 5.186633044651585e-05, Final residual = 3.1076018135166056e-06, No Iterations 2, Solve time = 47.652 ms
bounding omega, min: -348.1094804100518 max: 45356041.05738687 average: 7213.396221019048
[GinkgoSolver] p-cache: reuse(update_matrix_value) solve=29 rebuildInterval=0
Schwarz(Jacobi)+Bicgstab:  Solving for k, Initial residual = 0.00038359658137642025, Final residual = 9.862159695513339e-06, No Iterations 3, Solve time = 61.976 ms
[mem] after-turb: DEVICE_POOL current=22752 MB  actual(reserved)=38146 MB  highWater=28040 MB
ExecutionTime = 157.9 s  ClockTime = 159 s

Time = 30
[mem] step-start: DEVICE_POOL current=22752 MB  actual(reserved)=38146 MB  highWater=28040 MB
Schwarz(Jacobi)+Bicgstab:  Solving for Ux, Initial residual = 0.0001370293627927829, Final residual = 8.298263715727328e-06, No Iterations 3, Solve time = 125.746 ms
Schwarz(Jacobi)+Bicgstab:  Solving for Uy, Initial residual = 0.006156864494013006, Final residual = 0.0004444733597234824, No Iterations 3, Solve time = 125.746 ms
Schwarz(Jacobi)+Bicgstab:  Solving for Uz, Initial residual = 0.001756839274667439, Final residual = 0.00013621920140783616, No Iterations 3, Solve time = 125.746 ms
[mem] after-UEqn: DEVICE_POOL current=22752 MB  actual(reserved)=38146 MB  highWater=28040 MB
[GinkgoSolver] p-cache: rebuild(generate)+reuse(workspace) solve=1 rebuildInterval=100
config(Cg+Schwarz(Multigrid)):  Solving for p, Initial residual = 0.5903133054488461, Final residual = 0.00787997500465934, No Iterations 1, Solve time = 615.442 ms
time step continuity errors : sum local = 2.6889650159026927e-05, global = 7.274003942879849e-07, cumulative = 1.1659150714057245e-05
[mem] after-pEqn: DEVICE_POOL current=22752 MB  actual(reserved)=38146 MB  highWater=28040 MB
[GinkgoSolver] p-cache: reuse(update_matrix_value) solve=30 rebuildInterval=0
Schwarz(Jacobi)+Bicgstab:  Solving for omega, Initial residual = 5.076729076279085e-05, Final residual = 3.0501706141423426e-06, No Iterations 2, Solve time = 46.909 ms
[GinkgoSolver] p-cache: reuse(update_matrix_value) solve=30 rebuildInterval=0
Schwarz(Jacobi)+Bicgstab:  Solving for k, Initial residual = 0.0003910214544873161, Final residual = 1.0214058230236404e-05, No Iterations 3, Solve time = 60.955 ms
[mem] after-turb: DEVICE_POOL current=22752 MB  actual(reserved)=38146 MB  highWater=28040 MB
Writing p
Writing U
Writing turbulence variables
ExecutionTime = 162.2 s  ClockTime = 165 s


BEGIN KOKKOS PROFILING REPORT:
TOTAL TIME: 167.117816808 seconds
TOP-DOWN TIME TREE:
<average time> <percent of total time> <percent time in Kokkos> <percent MPI imbalance> <remainder> <kernels per second> <number of calls> <name> [type]
===================
|-> 1.32e+02 sec 79.2% 5.6% 0.0% 0.0% 3.65e+02 30 neoSimpleFoam.timeStep [region]
|   |-> 8.92e+01 sec 53.4% 2.1% 0.0% 12.4% 2.73e+02 30 neoSimpleFoam.pressureCorrector [region]
|   |   |-> 7.68e+01 sec 46.0% 0.7% 0.0% 53.0% 5.37e+01 30 neoSimpleFoam.pressureCorrector.pEqn [region]
|   |   |   |-> 3.23e+01 sec 19.3% 0.0% 0.0% 100.0% 0.00e+00 30 ginkgo.solverSetup [region]
|   |   |   |-> 3.26e+00 sec 1.9% 0.0% 0.0% 100.0% 1.07e+01 30 ginkgo.createMtx [region]
|   |   |   |-> 4.78e-01 sec 0.3% 92.6% 0.0% 7.4% 3.71e+03 30 assemble.spatialImplicit [region]
|   |   |   |   |-> 2.39e-01 sec 0.1% 100.0% 0.0% ------ 30 computeGradInternal [for]
|   |   |-> 7.16e-01 sec 0.4% 100.0% 0.0% ------ 90 computeGradInternal [for]
|   |   |-> 1.84e-01 sec 0.1% 100.0% 0.0% ------ 3420 fill [for]
|   |-> 2.03e+01 sec 12.2% 15.0% 0.0% 23.2% 2.84e+02 30 neoSimpleFoam.momentumPredictor [region]
|   |   |-> 9.16e+00 sec 5.5% 29.5% 0.0% 0.0% 5.64e+02 30 momentum.assemble [region]
|   |   |   |-> 8.74e+00 sec 5.2% 26.6% 0.0% 0.0% 4.74e+02 30 assemble.spatialImplicit [region]
|   |   |   |   |-> 7.59e+00 sec 4.5% 16.6% 0.0% 0.3% 3.01e+02 30 divlap.deferredCorr [region]
|   |   |   |   |   |-> 4.76e+00 sec 2.9% 1.0% 0.0% 99.0% 5.67e+01 30 luw.applyCorr [region]
|   |   |   |   |   |-> 1.56e+00 sec 0.9% 1.2% 0.0% 98.8% 1.93e+00 30 luw.gradOpCtor [region]
|   |   |   |   |   |-> 7.65e-01 sec 0.5% 96.5% 0.0% 0.0% 2.04e+03 30 luw.gradCompute [region]
|   |   |   |   |   |   |-> 5.58e-01 sec 0.3% 95.4% 0.0% 4.6% 2.20e+03 30 clg.baseGrad [region]
|   |   |   |   |   |   |   |-> 3.43e-01 sec 0.2% 100.0% 0.0% ------ 30 computeGradTensorInternal [for]
|   |   |   |   |   |   |-> 2.07e-01 sec 0.1% 99.5% 0.0% 0.5% 1.59e+03 30 clg.limiter [region]
|   |   |   |   |   |-> 2.88e-01 sec 0.2% 100.0% 0.0% ------ 30 addDivCorrectionToRhs [for]
|   |   |   |   |   |-> 1.67e-01 sec 0.1% 84.8% 0.0% 15.2% 1.26e+03 30 luw.gradAlloc [region]
|   |   |   |   |-> 1.00e+00 sec 0.6% 92.2% 0.0% 7.8% 1.68e+03 30 divlap.nonOrthCorr [region]
|   |   |   |   |   |-> 3.43e-01 sec 0.2% 100.0% 0.0% ------ 30 computeGradTensorInternal [for]
|   |   |   |   |   |-> 2.48e-01 sec 0.1% 100.0% 0.0% ------ 30 computeLaplacianImplicitCorrection [for]
|   |   |   |   |   |-> 1.90e-01 sec 0.1% 100.0% 0.0% ------ 601 fill [for]
|   |   |   |-> 3.65e-01 sec 0.2% 87.8% 0.0% 12.2% 2.30e+03 30 assemble.explicitSource [region]
|   |   |-> 3.72e+00 sec 2.2% 0.0% 0.0% 100.0% 9.40e+00 30 ginkgo.createMtx [region]
|   |   |-> 2.10e+00 sec 1.3% 1.1% 0.0% 98.9% 1.28e+01 30 momentum.construct [region]
|   |   |-> 3.33e-01 sec 0.2% 94.8% 0.0% 5.2% 1.53e+03 30 assemble.explicitSource [region]
|   |   |   |-> 2.39e-01 sec 0.1% 100.0% 0.0% ------ 30 computeGradInternal [for]
|   |   |-> 2.78e-01 sec 0.2% 0.0% 0.0% 100.0% 0.00e+00 30 ginkgo.solverSetup [region]
|   |-> 1.99e+01 sec 11.9% 12.5% 0.0% 50.9% 9.14e+02 30 neoSimpleFoam.turbulenceCorrect [region]
|   |   |-> 6.95e+00 sec 4.2% 0.0% 0.0% 100.0% 1.01e+01 60 ginkgo.createMtx [region]
|   |   |-> 1.08e+00 sec 0.6% 93.0% 0.0% 7.0% 3.49e+03 60 assemble.spatialImplicit [region]
|   |   |   |-> 4.77e-01 sec 0.3% 100.0% 0.0% ------ 60 computeGradInternal [for]
|   |   |-> 4.77e-01 sec 0.3% 100.0% 0.0% ------ 60 computeGradInternal [for]
|   |   |-> 3.43e-01 sec 0.2% 100.0% 0.0% ------ 30 computeGradTensorInternal [for]
|   |   |-> 2.70e-01 sec 0.2% 0.0% 0.0% 100.0% 0.00e+00 60 ginkgo.solverSetup [region]
|   |   |-> 1.75e-01 sec 0.1% 100.0% 0.0% ------ 1317 fill [for]
|   |-> 2.94e+00 sec 1.8% 0.0% 0.0% 100.0% 0.00e+00 30 neoSimpleFoam.write [region]
|-> 3.25e+01 sec 19.4% 0.2% 0.0% 99.8% 2.75e+01 1 neoSimpleFoam.setup [region]

BOTTOM-UP TIME TREE:
<average time> <percent of total time> <percent time in Kokkos> <percent MPI imbalance> <number of calls> <name> [type]
===================
|-> 4.07e+01 sec 24.3% 0.0% 0.0% 0.0% 0.00e+00 30 neoSimpleFoam.pressureCorrector.pEqn [region]
|   |-> 4.07e+01 sec 24.3% 0.0% 0.0% 0.0% 0.00e+00 30 neoSimpleFoam.pressureCorrector [region]
|       |-> 4.07e+01 sec 24.3% 0.0% 0.0% 0.0% 0.00e+00 30 neoSimpleFoam.timeStep [region]
|-> 3.28e+01 sec 19.7% 0.0% 0.0% 0.0% 0.00e+00 120 ginkgo.solverSetup [region]
|   |-> 3.23e+01 sec 19.3% 0.0% 0.0% 0.0% 0.00e+00 30 neoSimpleFoam.pressureCorrector.pEqn [region]
|   |   |-> 3.23e+01 sec 19.3% 0.0% 0.0% 0.0% 0.00e+00 30 neoSimpleFoam.pressureCorrector [region]
|   |       |-> 3.23e+01 sec 19.3% 0.0% 0.0% 0.0% 0.00e+00 30 neoSimpleFoam.timeStep [region]
|   |-> 2.78e-01 sec 0.2% 0.0% 0.0% 0.0% 0.00e+00 30 neoSimpleFoam.momentumPredictor [region]
|   |   |-> 2.78e-01 sec 0.2% 0.0% 0.0% 0.0% 0.00e+00 30 neoSimpleFoam.timeStep [region]
|   |-> 2.70e-01 sec 0.2% 0.0% 0.0% 0.0% 0.00e+00 60 neoSimpleFoam.turbulenceCorrect [region]
|       |-> 2.70e-01 sec 0.2% 0.0% 0.0% 0.0% 0.00e+00 60 neoSimpleFoam.timeStep [region]
|-> 3.24e+01 sec 19.4% 0.0% 0.0% 0.0% 0.00e+00 1 neoSimpleFoam.setup [region]
|-> 1.39e+01 sec 8.3% 0.0% 0.0% 0.0% 0.00e+00 120 ginkgo.createMtx [region]
|   |-> 6.95e+00 sec 4.2% 0.0% 0.0% 0.0% 0.00e+00 60 neoSimpleFoam.turbulenceCorrect [region]
|   |   |-> 6.95e+00 sec 4.2% 0.0% 0.0% 0.0% 0.00e+00 60 neoSimpleFoam.timeStep [region]
|   |-> 3.72e+00 sec 2.2% 0.0% 0.0% 0.0% 0.00e+00 30 neoSimpleFoam.momentumPredictor [region]
|   |   |-> 3.72e+00 sec 2.2% 0.0% 0.0% 0.0% 0.00e+00 30 neoSimpleFoam.timeStep [region]
|   |-> 3.26e+00 sec 1.9% 0.0% 0.0% 0.0% 0.00e+00 30 neoSimpleFoam.pressureCorrector.pEqn [region]
|       |-> 3.26e+00 sec 1.9% 0.0% 0.0% 0.0% 0.00e+00 30 neoSimpleFoam.pressureCorrector [region]
|           |-> 3.26e+00 sec 1.9% 0.0% 0.0% 0.0% 0.00e+00 30 neoSimpleFoam.timeStep [region]
|-> 1.10e+01 sec 6.6% 0.0% 0.0% 0.0% 0.00e+00 30 neoSimpleFoam.pressureCorrector [region]
|   |-> 1.10e+01 sec 6.6% 0.0% 0.0% 0.0% 0.00e+00 30 neoSimpleFoam.timeStep [region]
|-> 1.02e+01 sec 6.1% 0.0% 0.0% 0.0% 0.00e+00 30 neoSimpleFoam.turbulenceCorrect [region]
|   |-> 1.02e+01 sec 6.1% 0.0% 0.0% 0.0% 0.00e+00 30 neoSimpleFoam.timeStep [region]
|-> 4.72e+00 sec 2.8% 0.0% 0.0% 0.0% 0.00e+00 30 luw.applyCorr [region]
|   |-> 4.72e+00 sec 2.8% 0.0% 0.0% 0.0% 0.00e+00 30 divlap.deferredCorr [region]
|       |-> 4.72e+00 sec 2.8% 0.0% 0.0% 0.0% 0.00e+00 30 assemble.spatialImplicit [region]
|           |-> 4.72e+00 sec 2.8% 0.0% 0.0% 0.0% 0.00e+00 30 momentum.assemble [region]
|               |-> 4.72e+00 sec 2.8% 0.0% 0.0% 0.0% 0.00e+00 30 neoSimpleFoam.momentumPredictor [region]
|                   |-> 4.72e+00 sec 2.8% 0.0% 0.0% 0.0% 0.00e+00 30 neoSimpleFoam.timeStep [region]
|-> 4.70e+00 sec 2.8% 0.0% 0.0% 0.0% 0.00e+00 30 neoSimpleFoam.momentumPredictor [region]
|   |-> 4.70e+00 sec 2.8% 0.0% 0.0% 0.0% 0.00e+00 30 neoSimpleFoam.timeStep [region]
|-> 2.94e+00 sec 1.8% 0.0% 0.0% 0.0% 0.00e+00 30 neoSimpleFoam.write [region]
|   |-> 2.94e+00 sec 1.8% 0.0% 0.0% 0.0% 0.00e+00 30 neoSimpleFoam.timeStep [region]
|-> 2.16e+00 sec 1.3% 100.0% 0.0% ------ 272 computeGradInternal [for]
|   |-> 7.16e-01 sec 0.4% 100.0% 0.0% 0.0% 0.00e+00 90 assemble.spatialImplicit [region]
|   |   |-> 4.77e-01 sec 0.3% 100.0% 0.0% 0.0% 0.00e+00 60 neoSimpleFoam.turbulenceCorrect [region]
|   |   |   |-> 4.77e-01 sec 0.3% 100.0% 0.0% 0.0% 0.00e+00 60 neoSimpleFoam.timeStep [region]
|   |   |-> 2.39e-01 sec 0.1% 100.0% 0.0% 0.0% 0.00e+00 30 neoSimpleFoam.pressureCorrector.pEqn [region]
|   |       |-> 2.39e-01 sec 0.1% 100.0% 0.0% 0.0% 0.00e+00 30 neoSimpleFoam.pressureCorrector [region]
|   |           |-> 2.39e-01 sec 0.1% 100.0% 0.0% 0.0% 0.00e+00 30 neoSimpleFoam.timeStep [region]
|   |-> 7.16e-01 sec 0.4% 100.0% 0.0% 0.0% 0.00e+00 90 neoSimpleFoam.pressureCorrector [region]
|   |   |-> 7.16e-01 sec 0.4% 100.0% 0.0% 0.0% 0.00e+00 90 neoSimpleFoam.timeStep [region]
|   |-> 4.77e-01 sec 0.3% 100.0% 0.0% 0.0% 0.00e+00 60 neoSimpleFoam.turbulenceCorrect [region]
|   |   |-> 4.77e-01 sec 0.3% 100.0% 0.0% 0.0% 0.00e+00 60 neoSimpleFoam.timeStep [region]
|   |-> 2.39e-01 sec 0.1% 100.0% 0.0% 0.0% 0.00e+00 30 assemble.explicitSource [region]
|   |   |-> 2.39e-01 sec 0.1% 100.0% 0.0% 0.0% 0.00e+00 30 neoSimpleFoam.momentumPredictor [region]
|   |       |-> 2.39e-01 sec 0.1% 100.0% 0.0% 0.0% 0.00e+00 30 neoSimpleFoam.timeStep [region]
|-> 2.08e+00 sec 1.2% 0.0% 0.0% 0.0% 0.00e+00 30 momentum.construct [region]
|   |-> 2.08e+00 sec 1.2% 0.0% 0.0% 0.0% 0.00e+00 30 neoSimpleFoam.momentumPredictor [region]
|       |-> 2.08e+00 sec 1.2% 0.0% 0.0% 0.0% 0.00e+00 30 neoSimpleFoam.timeStep [region]
|-> 1.54e+00 sec 0.9% 0.0% 0.0% 0.0% 0.00e+00 30 luw.gradOpCtor [region]
|   |-> 1.54e+00 sec 0.9% 0.0% 0.0% 0.0% 0.00e+00 30 divlap.deferredCorr [region]
|       |-> 1.54e+00 sec 0.9% 0.0% 0.0% 0.0% 0.00e+00 30 assemble.spatialImplicit [region]
|           |-> 1.54e+00 sec 0.9% 0.0% 0.0% 0.0% 0.00e+00 30 momentum.assemble [region]
|               |-> 1.54e+00 sec 0.9% 0.0% 0.0% 0.0% 0.00e+00 30 neoSimpleFoam.momentumPredictor [region]
|                   |-> 1.54e+00 sec 0.9% 0.0% 0.0% 0.0% 0.00e+00 30 neoSimpleFoam.timeStep [region]
|-> 1.15e+00 sec 0.7% 100.0% 0.0% ------ 9370 fill [for]
|   |-> 1.90e-01 sec 0.1% 100.0% 0.0% 0.0% 0.00e+00 601 divlap.nonOrthCorr [region]
|   |   |-> 1.90e-01 sec 0.1% 100.0% 0.0% 0.0% 0.00e+00 601 assemble.spatialImplicit [region]
|   |       |-> 1.90e-01 sec 0.1% 100.0% 0.0% 0.0% 0.00e+00 601 momentum.assemble [region]
|   |           |-> 1.90e-01 sec 0.1% 100.0% 0.0% 0.0% 0.00e+00 601 neoSimpleFoam.momentumPredictor [region]
|   |               |-> 1.90e-01 sec 0.1% 100.0% 0.0% 0.0% 0.00e+00 601 neoSimpleFoam.timeStep [region]
|   |-> 1.84e-01 sec 0.1% 100.0% 0.0% 0.0% 0.00e+00 3420 neoSimpleFoam.pressureCorrector [region]
|   |   |-> 1.84e-01 sec 0.1% 100.0% 0.0% 0.0% 0.00e+00 3420 neoSimpleFoam.timeStep [region]
|   |-> 1.75e-01 sec 0.1% 100.0% 0.0% 0.0% 0.00e+00 1317 neoSimpleFoam.turbulenceCorrect [region]
|   |   |-> 1.75e-01 sec 0.1% 100.0% 0.0% 0.0% 0.00e+00 1317 neoSimpleFoam.timeStep [region]
|-> 1.04e+00 sec 0.6% 100.0% 0.0% ------ 91 computeGradTensorInternal [for]
|   |-> 3.43e-01 sec 0.2% 100.0% 0.0% 0.0% 0.00e+00 30 divlap.nonOrthCorr [region]
|   |   |-> 3.43e-01 sec 0.2% 100.0% 0.0% 0.0% 0.00e+00 30 assemble.spatialImplicit [region]
|   |       |-> 3.43e-01 sec 0.2% 100.0% 0.0% 0.0% 0.00e+00 30 momentum.assemble [region]
|   |           |-> 3.43e-01 sec 0.2% 100.0% 0.0% 0.0% 0.00e+00 30 neoSimpleFoam.momentumPredictor [region]
|   |               |-> 3.43e-01 sec 0.2% 100.0% 0.0% 0.0% 0.00e+00 30 neoSimpleFoam.timeStep [region]
|   |-> 3.43e-01 sec 0.2% 100.0% 0.0% 0.0% 0.00e+00 30 clg.baseGrad [region]
|   |   |-> 3.43e-01 sec 0.2% 100.0% 0.0% 0.0% 0.00e+00 30 luw.gradCompute [region]
|   |       |-> 3.43e-01 sec 0.2% 100.0% 0.0% 0.0% 0.00e+00 30 divlap.deferredCorr [region]
|   |           |-> 3.43e-01 sec 0.2% 100.0% 0.0% 0.0% 0.00e+00 30 assemble.spatialImplicit [region]
|   |               |-> 3.43e-01 sec 0.2% 100.0% 0.0% 0.0% 0.00e+00 30 momentum.assemble [region]
|   |                   |-> 3.43e-01 sec 0.2% 100.0% 0.0% 0.0% 0.00e+00 30 neoSimpleFoam.momentumPredictor [region]
|   |                       |-> 3.43e-01 sec 0.2% 100.0% 0.0% 0.0% 0.00e+00 30 neoSimpleFoam.timeStep [region]
|   |-> 3.43e-01 sec 0.2% 100.0% 0.0% 0.0% 0.00e+00 30 neoSimpleFoam.turbulenceCorrect [region]
|   |   |-> 3.43e-01 sec 0.2% 100.0% 0.0% 0.0% 0.00e+00 30 neoSimpleFoam.timeStep [region]
|-> 3.21e-01 sec 0.2% 100.0% 0.0% ------ 120 computeLaplacianImplicitCorrection [for]
|   |-> 2.48e-01 sec 0.1% 100.0% 0.0% 0.0% 0.00e+00 30 divlap.nonOrthCorr [region]
|   |   |-> 2.48e-01 sec 0.1% 100.0% 0.0% 0.0% 0.00e+00 30 assemble.spatialImplicit [region]
|   |       |-> 2.48e-01 sec 0.1% 100.0% 0.0% 0.0% 0.00e+00 30 momentum.assemble [region]
|   |           |-> 2.48e-01 sec 0.1% 100.0% 0.0% 0.0% 0.00e+00 30 neoSimpleFoam.momentumPredictor [region]
|   |               |-> 2.48e-01 sec 0.1% 100.0% 0.0% 0.0% 0.00e+00 30 neoSimpleFoam.timeStep [region]
|-> 2.88e-01 sec 0.2% 100.0% 0.0% ------ 30 addDivCorrectionToRhs [for]
|   |-> 2.88e-01 sec 0.2% 100.0% 0.0% 0.0% 0.00e+00 30 divlap.deferredCorr [region]
|       |-> 2.88e-01 sec 0.2% 100.0% 0.0% 0.0% 0.00e+00 30 assemble.spatialImplicit [region]
|           |-> 2.88e-01 sec 0.2% 100.0% 0.0% 0.0% 0.00e+00 30 momentum.assemble [region]
|               |-> 2.88e-01 sec 0.2% 100.0% 0.0% 0.0% 0.00e+00 30 neoSimpleFoam.momentumPredictor [region]
|                   |-> 2.88e-01 sec 0.2% 100.0% 0.0% 0.0% 0.00e+00 30 neoSimpleFoam.timeStep [region]
|-> 2.50e-01 sec 0.1% 100.0% 0.0% ------ 555 computeLinearInterpolationInternal [for]
|-> 2.41e-01 sec 0.1% 100.0% 0.0% ------ 90 computeLocalGaussGreenDivLaplacianCoefficients [for]
|-> 1.94e-01 sec 0.1% 100.0% 0.0% ------ 2128 parallelFor [for]
|-> 1.75e-01 sec 0.1% 100.0% 0.0% ------ 91 computeGradTensorCells [for]

KOKKOS HOST SPACE:
===================
MAX MEMORY ALLOCATED: 1287770.6 kB
ALLOCATIONS AT TIME OF HIGH WATER MARK:
  29.9% neoSimpleFoam.timeStep/neoSimpleFoam.momentumPredictor/momentum.assemble/assemble.spatialImplicit/divlap.deferredCorr/luw.gradOpCtor/Vector
  29.9% neoSimpleFoam.timeStep/neoSimpleFoam.momentumPredictor/momentum.assemble/assemble.spatialImplicit/divlap.deferredCorr/luw.gradOpCtor/Vector
  15.4% neoSimpleFoam.timeStep/neoSimpleFoam.momentumPredictor/momentum.assemble/assemble.spatialImplicit/divlap.deferredCorr/luw.gradOpCtor/Vector
  14.9% neoSimpleFoam.timeStep/neoSimpleFoam.momentumPredictor/momentum.assemble/assemble.spatialImplicit/divlap.deferredCorr/luw.gradOpCtor/Vector
  5.0% neoSimpleFoam.timeStep/neoSimpleFoam.momentumPredictor/momentum.assemble/assemble.spatialImplicit/divlap.deferredCorr/luw.gradOpCtor/Vector
  5.0% neoSimpleFoam.timeStep/neoSimpleFoam.momentumPredictor/momentum.assemble/assemble.spatialImplicit/divlap.deferredCorr/luw.gradOpCtor/Vector

KOKKOS CUDA SPACE:
===================
MAX MEMORY ALLOCATED: 0.0 kB
ALLOCATIONS AT TIME OF HIGH WATER MARK:

KOKKOS HIP SPACE:
===================
MAX MEMORY ALLOCATED: 0.0 kB
ALLOCATIONS AT TIME OF HIGH WATER MARK:

KOKKOS SYCL SPACE:
===================
MAX MEMORY ALLOCATED: 0.0 kB
ALLOCATIONS AT TIME OF HIGH WATER MARK:

KOKKOS OpenMPTarget SPACE:
===================
MAX MEMORY ALLOCATED: 0.0 kB
ALLOCATIONS AT TIME OF HIGH WATER MARK:

Host process high water mark memory consumption: 14470080 kB

END KOKKOS PROFILING REPORT.

BEGIN KOKKOS PROFILING REPORT:
TOTAL TIME: 167.210242778 seconds
TOP-DOWN TIME TREE:
<average time> <percent of total time> <percent time in Kokkos> <percent MPI imbalance> <remainder> <kernels per second> <number of calls> <name> [type]
===================
|-> 1.32e+02 sec 79.2% 19.2% 0.0% 0.0% 3.74e+02 30 neoSimpleFoam.timeStep [region]
|   |-> 8.90e+01 sec 53.2% 9.9% 0.0% 5.8% 2.82e+02 30 neoSimpleFoam.pressureCorrector [region]
|   |   |-> 7.68e+01 sec 45.9% 2.4% 0.0% 49.6% 5.45e+01 30 neoSimpleFoam.pressureCorrector.pEqn [region]
|   |   |   |-> 3.47e+01 sec 20.8% 0.0% 0.0% 100.0% 0.00e+00 30 ginkgo.solverSetup [region]
|   |   |   |-> 1.99e+00 sec 1.2% 0.3% 0.0% 99.7% 1.76e+01 30 ginkgo.createMtx [region]
|   |   |   |-> 1.63e+00 sec 1.0% 86.5% 0.0% 13.5% 1.07e+03 30 assemble.spatialImplicit [region]
|   |   |   |   |-> 5.04e-01 sec 0.3% 100.0% 0.0% ------ 30 computeGradInternal [for]
|   |   |   |   |-> 2.56e-01 sec 0.2% 100.0% 0.0% ------ 601 fill [for]
|   |   |   |   |-> 2.32e-01 sec 0.1% 100.0% 0.0% ------ 750 computeGradBoundaryRefGrad [for]
|   |   |-> 1.41e+00 sec 0.8% 100.0% 0.0% ------ 3660 fill [for]
|   |   |-> 1.24e+00 sec 0.7% 100.0% 0.0% ------ 90 computeGradInternal [for]
|   |   |-> 1.10e+00 sec 0.7% 100.0% 0.0% ------ 8250 extrapolateValue [for]
|   |   |-> 7.23e-01 sec 0.4% 100.0% 0.0% ------ 2250 computeGradBoundaryRefGrad [for]
|   |   |-> 5.54e-01 sec 0.3% 100.0% 0.0% ------ 1530 parallelFor [for]
|   |   |-> 2.18e-01 sec 0.1% 100.0% 0.0% ------ 660 setFixedValueVolume [for]
|   |   |-> 2.17e-01 sec 0.1% 100.0% 0.0% ------ 720 updateProcBoundaryOwnerValue [for]
|   |   |-> 1.97e-01 sec 0.1% 100.0% 0.0% ------ 1590 setGradientValue [for]
|   |   |-> 1.69e-01 sec 0.1% 100.0% 0.0% ------ 540 setProcBoundaryCoefficients [for]
|   |-> 2.04e+01 sec 12.2% 38.3% 0.0% 22.8% 2.83e+02 30 neoSimpleFoam.momentumPredictor [region]
|   |   |-> 1.03e+01 sec 6.2% 67.4% 0.0% 0.0% 5.01e+02 30 momentum.assemble [region]
|   |   |   |-> 8.99e+00 sec 5.4% 65.3% 0.0% 0.0% 4.61e+02 30 assemble.spatialImplicit [region]
|   |   |   |   |-> 6.00e+00 sec 3.6% 53.1% 0.0% 1.5% 3.85e+02 30 divlap.deferredCorr [region]
|   |   |   |   |   |-> 2.09e+00 sec 1.2% 94.9% 0.0% 0.0% 7.33e+02 30 luw.gradCompute [region]
|   |   |   |   |   |   |-> 1.76e+00 sec 1.1% 94.0% 0.0% 6.0% 6.82e+02 30 clg.baseGrad [region]
|   |   |   |   |   |   |   |-> 6.82e-01 sec 0.4% 100.0% 0.0% ------ 780 computeGradTensorBoundaryReconstruct [for]
|   |   |   |   |   |   |   |-> 5.40e-01 sec 0.3% 100.0% 0.0% ------ 30 computeGradTensorInternal [for]
|   |   |   |   |   |   |   |-> 2.52e-01 sec 0.2% 100.0% 0.0% ------ 210 fill [for]
|   |   |   |   |   |   |-> 3.29e-01 sec 0.2% 99.7% 0.0% 0.3% 1.00e+03 30 clg.limiter [region]
|   |   |   |   |   |-> 1.56e+00 sec 0.9% 1.2% 0.0% 98.8% 1.92e+00 30 luw.gradOpCtor [region]
|   |   |   |   |   |-> 1.09e+00 sec 0.7% 11.5% 0.0% 88.5% 3.02e+02 30 luw.applyCorr [region]
|   |   |   |   |   |-> 6.45e-01 sec 0.4% 83.6% 0.0% 16.4% 3.26e+02 30 luw.gradAlloc [region]
|   |   |   |   |   |   |-> 5.39e-01 sec 0.3% 100.0% 0.0% ------ 210 fill [for]
|   |   |   |   |   |-> 3.81e-01 sec 0.2% 100.0% 0.0% ------ 30 addDivCorrectionToRhs [for]
|   |   |   |   |-> 2.52e+00 sec 1.5% 87.9% 0.0% 12.1% 6.56e+02 30 divlap.nonOrthCorr [region]
|   |   |   |   |   |-> 7.38e-01 sec 0.4% 100.0% 0.0% ------ 30 computeGradTensorInternal [for]
|   |   |   |   |   |-> 6.11e-01 sec 0.4% 100.0% 0.0% ------ 601 fill [for]
|   |   |   |   |   |-> 3.04e-01 sec 0.2% 100.0% 0.0% ------ 30 computeLaplacianImplicitCorrection [for]
|   |   |   |   |   |-> 2.60e-01 sec 0.2% 100.0% 0.0% ------ 780 computeGradTensorBoundaryReconstruct [for]
|   |   |   |   |-> 2.42e-01 sec 0.1% 99.9% 0.0% 0.1% 3.72e+02 30 divlap.bounded [region]
|   |   |   |   |-> 2.33e-01 sec 0.1% 99.9% 0.0% 0.1% 3.87e+02 30 divlap.matrixCoeffs [region]
|   |   |   |       |-> 1.72e-01 sec 0.1% 100.0% 0.0% ------ 30 computeLocalGaussGreenDivLaplacianCoefficients [for]
|   |   |   |-> 1.17e+00 sec 0.7% 79.2% 0.0% 20.8% 7.15e+02 30 assemble.explicitSource [region]
|   |   |   |   |-> 4.80e-01 sec 0.3% 100.0% 0.0% ------ 420 fill [for]
|   |   |-> 2.11e+00 sec 1.3% 1.4% 0.0% 98.6% 1.28e+01 30 momentum.construct [region]
|   |   |-> 1.95e+00 sec 1.2% 0.3% 0.0% 99.7% 1.79e+01 30 ginkgo.createMtx [region]
|   |   |-> 9.42e-01 sec 0.6% 85.2% 0.0% 14.8% 5.41e+02 30 assemble.explicitSource [region]
|   |   |   |-> 3.22e-01 sec 0.2% 100.0% 0.0% ------ 30 computeGradInternal [for]
|   |   |   |-> 1.76e-01 sec 0.1% 100.0% 0.0% ------ 240 fill [for]
|   |   |-> 3.96e-01 sec 0.2% 0.0% 0.0% 100.0% 0.00e+00 30 ginkgo.solverSetup [region]
|   |-> 2.02e+01 sec 12.1% 43.3% 0.0% 32.0% 9.24e+02 30 neoSimpleFoam.turbulenceCorrect [region]
|   |   |-> 3.97e+00 sec 2.4% 0.3% 0.0% 99.7% 1.76e+01 60 ginkgo.createMtx [region]
|   |   |-> 3.51e+00 sec 2.1% 86.1% 0.0% 13.9% 1.06e+03 60 assemble.spatialImplicit [region]
|   |   |   |-> 7.10e-01 sec 0.4% 100.0% 0.0% ------ 60 computeGradInternal [for]
|   |   |   |-> 6.00e-01 sec 0.4% 100.0% 0.0% ------ 1202 fill [for]
|   |   |   |-> 4.65e-01 sec 0.3% 100.0% 0.0% ------ 630 computeGradBoundaryFixedValue [for]
|   |   |   |-> 3.39e-01 sec 0.2% 100.0% 0.0% ------ 930 computeGradBoundaryRefGrad [for]
|   |   |   |-> 2.52e-01 sec 0.2% 100.0% 0.0% ------ 60 computeLocalGaussGreenDivLaplacianCoefficients [for]
|   |   |-> 7.58e-01 sec 0.5% 100.0% 0.0% ------ 1467 fill [for]
|   |   |-> 6.24e-01 sec 0.4% 100.0% 0.0% ------ 60 computeGradInternal [for]
|   |   |-> 5.78e-01 sec 0.3% 100.0% 0.0% ------ 30 computeGradTensorInternal [for]
|   |   |-> 5.03e-01 sec 0.3% 0.0% 0.0% 100.0% 0.00e+00 60 ginkgo.solverSetup [region]
|   |   |-> 4.63e-01 sec 0.3% 100.0% 0.0% ------ 930 computeGradBoundaryRefGrad [for]
|   |   |-> 4.09e-01 sec 0.2% 100.0% 0.0% ------ 780 computeGradTensorBoundaryReconstruct [for]
|   |   |-> 2.56e-01 sec 0.2% 100.0% 0.0% ------ 630 computeGradBoundaryFixedValue [for]
|   |   |-> 2.17e-01 sec 0.1% 100.0% 0.0% ------ 1650 extrapolateValue [for]
|   |   |-> 2.11e-01 sec 0.1% 100.0% 0.0% ------ 1530 setNutUSpaldingWallFunction [for]
|   |   |-> 2.07e-01 sec 0.1% 100.0% 0.0% ------ 1590 setGradientValue [for]
|   |   |-> 2.03e-01 sec 0.1% 100.0% 0.0% ------ 1530 kOmegaSST::omegaWFGFeedback [for]
|   |   |-> 1.92e-01 sec 0.1% 100.0% 0.0% ------ 1530 setOmegaWallFunction [for]
|   |   |-> 1.89e-01 sec 0.1% 100.0% 0.0% ------ 219 computeLinearInterpolationInternal [for]
|   |-> 2.94e+00 sec 1.8% 0.0% 0.0% 100.0% 0.00e+00 30 neoSimpleFoam.write [region]
|-> 3.25e+01 sec 19.4% 0.9% 0.0% 99.1% 2.89e+01 1 neoSimpleFoam.setup [region]

BOTTOM-UP TIME TREE:
<average time> <percent of total time> <percent time in Kokkos> <percent MPI imbalance> <number of calls> <name> [type]
===================
|-> 3.81e+01 sec 22.8% 0.0% 0.0% 0.0% 0.00e+00 30 neoSimpleFoam.pressureCorrector.pEqn [region]
|   |-> 3.81e+01 sec 22.8% 0.0% 0.0% 0.0% 0.00e+00 30 neoSimpleFoam.pressureCorrector [region]
|       |-> 3.81e+01 sec 22.8% 0.0% 0.0% 0.0% 0.00e+00 30 neoSimpleFoam.timeStep [region]
|-> 3.56e+01 sec 21.3% 0.0% 0.0% 0.0% 0.00e+00 120 ginkgo.solverSetup [region]
|   |-> 3.47e+01 sec 20.8% 0.0% 0.0% 0.0% 0.00e+00 30 neoSimpleFoam.pressureCorrector.pEqn [region]
|   |   |-> 3.47e+01 sec 20.8% 0.0% 0.0% 0.0% 0.00e+00 30 neoSimpleFoam.pressureCorrector [region]
|   |       |-> 3.47e+01 sec 20.8% 0.0% 0.0% 0.0% 0.00e+00 30 neoSimpleFoam.timeStep [region]
|   |-> 5.03e-01 sec 0.3% 0.0% 0.0% 0.0% 0.00e+00 60 neoSimpleFoam.turbulenceCorrect [region]
|   |   |-> 5.03e-01 sec 0.3% 0.0% 0.0% 0.0% 0.00e+00 60 neoSimpleFoam.timeStep [region]
|   |-> 3.96e-01 sec 0.2% 0.0% 0.0% 0.0% 0.00e+00 30 neoSimpleFoam.momentumPredictor [region]
|       |-> 3.96e-01 sec 0.2% 0.0% 0.0% 0.0% 0.00e+00 30 neoSimpleFoam.timeStep [region]
|-> 3.22e+01 sec 19.2% 0.0% 0.0% 0.0% 0.00e+00 1 neoSimpleFoam.setup [region]
|-> 7.88e+00 sec 4.7% 0.0% 0.0% -0.0% 0.00e+00 120 ginkgo.createMtx [region]
|   |-> 3.96e+00 sec 2.4% 0.0% 0.0% 0.0% 0.00e+00 60 neoSimpleFoam.turbulenceCorrect [region]
|   |   |-> 3.96e+00 sec 2.4% 0.0% 0.0% 0.0% 0.00e+00 60 neoSimpleFoam.timeStep [region]
|   |-> 1.98e+00 sec 1.2% 0.0% 0.0% 0.0% 0.00e+00 30 neoSimpleFoam.pressureCorrector.pEqn [region]
|   |   |-> 1.98e+00 sec 1.2% 0.0% 0.0% 0.0% 0.00e+00 30 neoSimpleFoam.pressureCorrector [region]
|   |       |-> 1.98e+00 sec 1.2% 0.0% 0.0% 0.0% 0.00e+00 30 neoSimpleFoam.timeStep [region]
|   |-> 1.94e+00 sec 1.2% 0.0% 0.0% 0.0% 0.00e+00 30 neoSimpleFoam.momentumPredictor [region]
|       |-> 1.94e+00 sec 1.2% 0.0% 0.0% 0.0% 0.00e+00 30 neoSimpleFoam.timeStep [region]
|-> 6.44e+00 sec 3.9% 0.0% 0.0% 0.0% 0.00e+00 30 neoSimpleFoam.turbulenceCorrect [region]
|   |-> 6.44e+00 sec 3.9% 0.0% 0.0% 0.0% 0.00e+00 30 neoSimpleFoam.timeStep [region]
|-> 5.59e+00 sec 3.3% 100.0% 0.0% ------ 9834 fill [for]
|   |-> 1.41e+00 sec 0.8% 100.0% 0.0% 0.0% 0.00e+00 3660 neoSimpleFoam.pressureCorrector [region]
|   |   |-> 1.41e+00 sec 0.8% 100.0% 0.0% 0.0% 0.00e+00 3660 neoSimpleFoam.timeStep [region]
|   |-> 8.56e-01 sec 0.5% 100.0% 0.0% 0.0% 0.00e+00 1803 assemble.spatialImplicit [region]
|   |   |-> 6.00e-01 sec 0.4% 100.0% 0.0% 0.0% 0.00e+00 1202 neoSimpleFoam.turbulenceCorrect [region]
|   |   |   |-> 6.00e-01 sec 0.4% 100.0% 0.0% 0.0% 0.00e+00 1202 neoSimpleFoam.timeStep [region]
|   |   |-> 2.56e-01 sec 0.2% 100.0% 0.0% 0.0% 0.00e+00 601 neoSimpleFoam.pressureCorrector.pEqn [region]
|   |       |-> 2.56e-01 sec 0.2% 100.0% 0.0% 0.0% 0.00e+00 601 neoSimpleFoam.pressureCorrector [region]
|   |           |-> 2.56e-01 sec 0.2% 100.0% 0.0% 0.0% 0.00e+00 601 neoSimpleFoam.timeStep [region]
|   |-> 7.58e-01 sec 0.5% 100.0% 0.0% 0.0% 0.00e+00 1467 neoSimpleFoam.turbulenceCorrect [region]
|   |   |-> 7.58e-01 sec 0.5% 100.0% 0.0% 0.0% 0.00e+00 1467 neoSimpleFoam.timeStep [region]
|   |-> 7.02e-01 sec 0.4% 100.0% 0.0% 0.0% 0.00e+00 780 assemble.explicitSource [region]
|   |   |-> 4.80e-01 sec 0.3% 100.0% 0.0% 0.0% 0.00e+00 420 momentum.assemble [region]
|   |   |   |-> 4.80e-01 sec 0.3% 100.0% 0.0% 0.0% 0.00e+00 420 neoSimpleFoam.momentumPredictor [region]
|   |   |       |-> 4.80e-01 sec 0.3% 100.0% 0.0% 0.0% 0.00e+00 420 neoSimpleFoam.timeStep [region]
|   |   |-> 1.76e-01 sec 0.1% 100.0% 0.0% 0.0% 0.00e+00 240 neoSimpleFoam.momentumPredictor [region]
|   |   |   |-> 1.76e-01 sec 0.1% 100.0% 0.0% 0.0% 0.00e+00 240 neoSimpleFoam.timeStep [region]
|   |-> 6.11e-01 sec 0.4% 100.0% 0.0% 0.0% 0.00e+00 601 divlap.nonOrthCorr [region]
|   |   |-> 6.11e-01 sec 0.4% 100.0% 0.0% 0.0% 0.00e+00 601 assemble.spatialImplicit [region]
|   |       |-> 6.11e-01 sec 0.4% 100.0% 0.0% 0.0% 0.00e+00 601 momentum.assemble [region]
|   |           |-> 6.11e-01 sec 0.4% 100.0% 0.0% 0.0% 0.00e+00 601 neoSimpleFoam.momentumPredictor [region]
|   |               |-> 6.11e-01 sec 0.4% 100.0% 0.0% 0.0% 0.00e+00 601 neoSimpleFoam.timeStep [region]
|   |-> 5.39e-01 sec 0.3% 100.0% 0.0% 0.0% 0.00e+00 210 luw.gradAlloc [region]
|   |   |-> 5.39e-01 sec 0.3% 100.0% 0.0% 0.0% 0.00e+00 210 divlap.deferredCorr [region]
|   |       |-> 5.39e-01 sec 0.3% 100.0% 0.0% 0.0% 0.00e+00 210 assemble.spatialImplicit [region]
|   |           |-> 5.39e-01 sec 0.3% 100.0% 0.0% 0.0% 0.00e+00 210 momentum.assemble [region]
|   |               |-> 5.39e-01 sec 0.3% 100.0% 0.0% 0.0% 0.00e+00 210 neoSimpleFoam.momentumPredictor [region]
|   |                   |-> 5.39e-01 sec 0.3% 100.0% 0.0% 0.0% 0.00e+00 210 neoSimpleFoam.timeStep [region]
|   |-> 2.52e-01 sec 0.2% 100.0% 0.0% 0.0% 0.00e+00 210 clg.baseGrad [region]
|   |   |-> 2.52e-01 sec 0.2% 100.0% 0.0% 0.0% 0.00e+00 210 luw.gradCompute [region]
|   |       |-> 2.52e-01 sec 0.2% 100.0% 0.0% 0.0% 0.00e+00 210 divlap.deferredCorr [region]
|   |           |-> 2.52e-01 sec 0.2% 100.0% 0.0% 0.0% 0.00e+00 210 assemble.spatialImplicit [region]
|   |               |-> 2.52e-01 sec 0.2% 100.0% 0.0% 0.0% 0.00e+00 210 momentum.assemble [region]
|   |                   |-> 2.52e-01 sec 0.2% 100.0% 0.0% 0.0% 0.00e+00 210 neoSimpleFoam.momentumPredictor [region]
|   |                       |-> 2.52e-01 sec 0.2% 100.0% 0.0% 0.0% 0.00e+00 210 neoSimpleFoam.timeStep [region]
|-> 5.19e+00 sec 3.1% 0.0% 0.0% 0.0% 0.00e+00 30 neoSimpleFoam.pressureCorrector [region]
|   |-> 5.19e+00 sec 3.1% 0.0% 0.0% 0.0% 0.00e+00 30 neoSimpleFoam.timeStep [region]
|-> 4.64e+00 sec 2.8% 0.0% 0.0% 0.0% 0.00e+00 30 neoSimpleFoam.momentumPredictor [region]
|   |-> 4.64e+00 sec 2.8% 0.0% 0.0% 0.0% 0.00e+00 30 neoSimpleFoam.timeStep [region]
|-> 3.41e+00 sec 2.0% 100.0% 0.0% ------ 272 computeGradInternal [for]
|   |-> 1.24e+00 sec 0.7% 100.0% 0.0% 0.0% 0.00e+00 90 neoSimpleFoam.pressureCorrector [region]
|   |   |-> 1.24e+00 sec 0.7% 100.0% 0.0% 0.0% 0.00e+00 90 neoSimpleFoam.timeStep [region]
|   |-> 1.21e+00 sec 0.7% 100.0% 0.0% 0.0% 0.00e+00 90 assemble.spatialImplicit [region]
|   |   |-> 7.10e-01 sec 0.4% 100.0% 0.0% 0.0% 0.00e+00 60 neoSimpleFoam.turbulenceCorrect [region]
|   |   |   |-> 7.10e-01 sec 0.4% 100.0% 0.0% 0.0% 0.00e+00 60 neoSimpleFoam.timeStep [region]
|   |   |-> 5.04e-01 sec 0.3% 100.0% 0.0% 0.0% 0.00e+00 30 neoSimpleFoam.pressureCorrector.pEqn [region]
|   |       |-> 5.04e-01 sec 0.3% 100.0% 0.0% 0.0% 0.00e+00 30 neoSimpleFoam.pressureCorrector [region]
|   |           |-> 5.04e-01 sec 0.3% 100.0% 0.0% 0.0% 0.00e+00 30 neoSimpleFoam.timeStep [region]
|   |-> 6.24e-01 sec 0.4% 100.0% 0.0% 0.0% 0.00e+00 60 neoSimpleFoam.turbulenceCorrect [region]
|   |   |-> 6.24e-01 sec 0.4% 100.0% 0.0% 0.0% 0.00e+00 60 neoSimpleFoam.timeStep [region]
|   |-> 3.22e-01 sec 0.2% 100.0% 0.0% 0.0% 0.00e+00 30 assemble.explicitSource [region]
|   |   |-> 3.22e-01 sec 0.2% 100.0% 0.0% 0.0% 0.00e+00 30 neoSimpleFoam.momentumPredictor [region]
|   |       |-> 3.22e-01 sec 0.2% 100.0% 0.0% 0.0% 0.00e+00 30 neoSimpleFoam.timeStep [region]
|-> 2.94e+00 sec 1.8% 0.0% 0.0% 0.0% 0.00e+00 30 neoSimpleFoam.write [region]
|   |-> 2.94e+00 sec 1.8% 0.0% 0.0% 0.0% 0.00e+00 30 neoSimpleFoam.timeStep [region]
|-> 2.08e+00 sec 1.2% 0.0% 0.0% 0.0% 0.00e+00 30 momentum.construct [region]
|   |-> 2.08e+00 sec 1.2% 0.0% 0.0% 0.0% 0.00e+00 30 neoSimpleFoam.momentumPredictor [region]
|       |-> 2.08e+00 sec 1.2% 0.0% 0.0% 0.0% 0.00e+00 30 neoSimpleFoam.timeStep [region]
|-> 1.88e+00 sec 1.1% 100.0% 0.0% ------ 91 computeGradTensorInternal [for]
|   |-> 7.38e-01 sec 0.4% 100.0% 0.0% 0.0% 0.00e+00 30 divlap.nonOrthCorr [region]
|   |   |-> 7.38e-01 sec 0.4% 100.0% 0.0% 0.0% 0.00e+00 30 assemble.spatialImplicit [region]
|   |       |-> 7.38e-01 sec 0.4% 100.0% 0.0% 0.0% 0.00e+00 30 momentum.assemble [region]
|   |           |-> 7.38e-01 sec 0.4% 100.0% 0.0% 0.0% 0.00e+00 30 neoSimpleFoam.momentumPredictor [region]
|   |               |-> 7.38e-01 sec 0.4% 100.0% 0.0% 0.0% 0.00e+00 30 neoSimpleFoam.timeStep [region]
|   |-> 5.78e-01 sec 0.3% 100.0% 0.0% 0.0% 0.00e+00 30 neoSimpleFoam.turbulenceCorrect [region]
|   |   |-> 5.78e-01 sec 0.3% 100.0% 0.0% 0.0% 0.00e+00 30 neoSimpleFoam.timeStep [region]
|   |-> 5.40e-01 sec 0.3% 100.0% 0.0% 0.0% 0.00e+00 30 clg.baseGrad [region]
|   |   |-> 5.40e-01 sec 0.3% 100.0% 0.0% 0.0% 0.00e+00 30 luw.gradCompute [region]
|   |       |-> 5.40e-01 sec 0.3% 100.0% 0.0% 0.0% 0.00e+00 30 divlap.deferredCorr [region]
|   |           |-> 5.40e-01 sec 0.3% 100.0% 0.0% 0.0% 0.00e+00 30 assemble.spatialImplicit [region]
|   |               |-> 5.40e-01 sec 0.3% 100.0% 0.0% 0.0% 0.00e+00 30 momentum.assemble [region]
|   |                   |-> 5.40e-01 sec 0.3% 100.0% 0.0% 0.0% 0.00e+00 30 neoSimpleFoam.momentumPredictor [region]
|   |                       |-> 5.40e-01 sec 0.3% 100.0% 0.0% 0.0% 0.00e+00 30 neoSimpleFoam.timeStep [region]
|-> 1.78e+00 sec 1.1% 100.0% 0.0% ------ 4891 computeGradBoundaryRefGrad [for]
|   |-> 7.23e-01 sec 0.4% 100.0% 0.0% 0.0% 0.00e+00 2250 neoSimpleFoam.pressureCorrector [region]
|   |   |-> 7.23e-01 sec 0.4% 100.0% 0.0% 0.0% 0.00e+00 2250 neoSimpleFoam.timeStep [region]
|   |-> 5.71e-01 sec 0.3% 100.0% 0.0% 0.0% 0.00e+00 1680 assemble.spatialImplicit [region]
|   |   |-> 3.39e-01 sec 0.2% 100.0% 0.0% 0.0% 0.00e+00 930 neoSimpleFoam.turbulenceCorrect [region]
|   |   |   |-> 3.39e-01 sec 0.2% 100.0% 0.0% 0.0% 0.00e+00 930 neoSimpleFoam.timeStep [region]
|   |   |-> 2.32e-01 sec 0.1% 100.0% 0.0% 0.0% 0.00e+00 750 neoSimpleFoam.pressureCorrector.pEqn [region]
|   |       |-> 2.32e-01 sec 0.1% 100.0% 0.0% 0.0% 0.00e+00 750 neoSimpleFoam.pressureCorrector [region]
|   |           |-> 2.32e-01 sec 0.1% 100.0% 0.0% 0.0% 0.00e+00 750 neoSimpleFoam.timeStep [region]
|   |-> 4.63e-01 sec 0.3% 100.0% 0.0% 0.0% 0.00e+00 930 neoSimpleFoam.turbulenceCorrect [region]
|   |   |-> 4.63e-01 sec 0.3% 100.0% 0.0% 0.0% 0.00e+00 930 neoSimpleFoam.timeStep [region]
|-> 1.54e+00 sec 0.9% 0.0% 0.0% 0.0% 0.00e+00 30 luw.gradOpCtor [region]
|   |-> 1.54e+00 sec 0.9% 0.0% 0.0% 0.0% 0.00e+00 30 divlap.deferredCorr [region]
|       |-> 1.54e+00 sec 0.9% 0.0% 0.0% 0.0% 0.00e+00 30 assemble.spatialImplicit [region]
|           |-> 1.54e+00 sec 0.9% 0.0% 0.0% 0.0% 0.00e+00 30 momentum.assemble [region]
|               |-> 1.54e+00 sec 0.9% 0.0% 0.0% 0.0% 0.00e+00 30 neoSimpleFoam.momentumPredictor [region]
|                   |-> 1.54e+00 sec 0.9% 0.0% 0.0% 0.0% 0.00e+00 30 neoSimpleFoam.timeStep [region]
|-> 1.36e+00 sec 0.8% 100.0% 0.0% ------ 2366 computeGradTensorBoundaryReconstruct [for]
|   |-> 6.82e-01 sec 0.4% 100.0% 0.0% 0.0% 0.00e+00 780 clg.baseGrad [region]
|   |   |-> 6.82e-01 sec 0.4% 100.0% 0.0% 0.0% 0.00e+00 780 luw.gradCompute [region]
|   |       |-> 6.82e-01 sec 0.4% 100.0% 0.0% 0.0% 0.00e+00 780 divlap.deferredCorr [region]
|   |           |-> 6.82e-01 sec 0.4% 100.0% 0.0% 0.0% 0.00e+00 780 assemble.spatialImplicit [region]
|   |               |-> 6.82e-01 sec 0.4% 100.0% 0.0% 0.0% 0.00e+00 780 momentum.assemble [region]
|   |                   |-> 6.82e-01 sec 0.4% 100.0% 0.0% 0.0% 0.00e+00 780 neoSimpleFoam.momentumPredictor [region]
|   |                       |-> 6.82e-01 sec 0.4% 100.0% 0.0% 0.0% 0.00e+00 780 neoSimpleFoam.timeStep [region]
|   |-> 4.09e-01 sec 0.2% 100.0% 0.0% 0.0% 0.00e+00 780 neoSimpleFoam.turbulenceCorrect [region]
|   |   |-> 4.09e-01 sec 0.2% 100.0% 0.0% 0.0% 0.00e+00 780 neoSimpleFoam.timeStep [region]
|   |-> 2.60e-01 sec 0.2% 100.0% 0.0% 0.0% 0.00e+00 780 divlap.nonOrthCorr [region]
|   |   |-> 2.60e-01 sec 0.2% 100.0% 0.0% 0.0% 0.00e+00 780 assemble.spatialImplicit [region]
|   |       |-> 2.60e-01 sec 0.2% 100.0% 0.0% 0.0% 0.00e+00 780 momentum.assemble [region]
|   |           |-> 2.60e-01 sec 0.2% 100.0% 0.0% 0.0% 0.00e+00 780 neoSimpleFoam.momentumPredictor [region]
|   |               |-> 2.60e-01 sec 0.2% 100.0% 0.0% 0.0% 0.00e+00 780 neoSimpleFoam.timeStep [region]
|-> 1.33e+00 sec 0.8% 100.0% 0.0% ------ 9955 extrapolateValue [for]
|   |-> 1.10e+00 sec 0.7% 100.0% 0.0% 0.0% 0.00e+00 8250 neoSimpleFoam.pressureCorrector [region]
|   |   |-> 1.10e+00 sec 0.7% 100.0% 0.0% 0.0% 0.00e+00 8250 neoSimpleFoam.timeStep [region]
|   |-> 2.17e-01 sec 0.1% 100.0% 0.0% 0.0% 0.00e+00 1650 neoSimpleFoam.turbulenceCorrect [region]
|   |   |-> 2.17e-01 sec 0.1% 100.0% 0.0% 0.0% 0.00e+00 1650 neoSimpleFoam.timeStep [region]
|-> 1.08e+00 sec 0.6% 100.0% 0.0% ------ 2532 parallelFor [for]
|   |-> 5.54e-01 sec 0.3% 100.0% 0.0% 0.0% 0.00e+00 1530 neoSimpleFoam.pressureCorrector [region]
|   |   |-> 5.54e-01 sec 0.3% 100.0% 0.0% 0.0% 0.00e+00 1530 neoSimpleFoam.timeStep [region]
|   |-> 2.59e-01 sec 0.2% 100.0% 0.0% 0.0% 0.00e+00 240 assemble.explicitSource [region]
|-> 9.65e-01 sec 0.6% 0.0% 0.0% 0.0% 0.00e+00 30 luw.applyCorr [region]
|   |-> 9.65e-01 sec 0.6% 0.0% 0.0% 0.0% 0.00e+00 30 divlap.deferredCorr [region]
|       |-> 9.65e-01 sec 0.6% 0.0% 0.0% 0.0% 0.00e+00 30 assemble.spatialImplicit [region]
|           |-> 9.65e-01 sec 0.6% 0.0% 0.0% 0.0% 0.00e+00 30 momentum.assemble [region]
|               |-> 9.65e-01 sec 0.6% 0.0% 0.0% 0.0% 0.00e+00 30 neoSimpleFoam.momentumPredictor [region]
|                   |-> 9.65e-01 sec 0.6% 0.0% 0.0% 0.0% 0.00e+00 30 neoSimpleFoam.timeStep [region]
|-> 8.08e-01 sec 0.5% 100.0% 0.0% ------ 1401 computeGradBoundaryFixedValue [for]
|   |-> 4.79e-01 sec 0.3% 100.0% 0.0% 0.0% 0.00e+00 660 assemble.spatialImplicit [region]
|   |   |-> 4.65e-01 sec 0.3% 100.0% 0.0% 0.0% 0.00e+00 630 neoSimpleFoam.turbulenceCorrect [region]
|   |   |   |-> 4.65e-01 sec 0.3% 100.0% 0.0% 0.0% 0.00e+00 630 neoSimpleFoam.timeStep [region]
|   |-> 2.56e-01 sec 0.2% 100.0% 0.0% 0.0% 0.00e+00 630 neoSimpleFoam.turbulenceCorrect [region]
|   |   |-> 2.56e-01 sec 0.2% 100.0% 0.0% 0.0% 0.00e+00 630 neoSimpleFoam.timeStep [region]
|-> 7.08e-01 sec 0.4% 0.0% 0.0% 0.0% 0.00e+00 120 assemble.spatialImplicit [region]
|   |-> 4.89e-01 sec 0.3% 0.0% 0.0% 0.0% 0.00e+00 60 neoSimpleFoam.turbulenceCorrect [region]
|   |   |-> 4.89e-01 sec 0.3% 0.0% 0.0% 0.0% 0.00e+00 60 neoSimpleFoam.timeStep [region]
|   |-> 2.19e-01 sec 0.1% 0.0% 0.0% 0.0% 0.00e+00 30 neoSimpleFoam.pressureCorrector.pEqn [region]
|   |   |-> 2.19e-01 sec 0.1% 0.0% 0.0% 0.0% 0.00e+00 30 neoSimpleFoam.pressureCorrector [region]
|   |       |-> 2.19e-01 sec 0.1% 0.0% 0.0% 0.0% 0.00e+00 30 neoSimpleFoam.timeStep [region]
|-> 5.34e-01 sec 0.3% 100.0% 0.0% ------ 555 computeLinearInterpolationInternal [for]
|   |-> 1.89e-01 sec 0.1% 100.0% 0.0% 0.0% 0.00e+00 219 neoSimpleFoam.turbulenceCorrect [region]
|   |   |-> 1.89e-01 sec 0.1% 100.0% 0.0% 0.0% 0.00e+00 219 neoSimpleFoam.timeStep [region]
|-> 5.08e-01 sec 0.3% 100.0% 0.0% ------ 4954 setGradientValue [for]
|   |-> 2.07e-01 sec 0.1% 100.0% 0.0% 0.0% 0.00e+00 1590 neoSimpleFoam.turbulenceCorrect [region]
|   |   |-> 2.07e-01 sec 0.1% 100.0% 0.0% 0.0% 0.00e+00 1590 neoSimpleFoam.timeStep [region]
|   |-> 1.97e-01 sec 0.1% 100.0% 0.0% 0.0% 0.00e+00 1590 neoSimpleFoam.pressureCorrector [region]
|   |   |-> 1.97e-01 sec 0.1% 100.0% 0.0% 0.0% 0.00e+00 1590 neoSimpleFoam.timeStep [region]
|-> 4.25e-01 sec 0.3% 100.0% 0.0% ------ 90 computeLocalGaussGreenDivLaplacianCoefficients [for]
|   |-> 2.52e-01 sec 0.2% 100.0% 0.0% 0.0% 0.00e+00 60 assemble.spatialImplicit [region]
|   |   |-> 2.52e-01 sec 0.2% 100.0% 0.0% 0.0% 0.00e+00 60 neoSimpleFoam.turbulenceCorrect [region]
|   |       |-> 2.52e-01 sec 0.2% 100.0% 0.0% 0.0% 0.00e+00 60 neoSimpleFoam.timeStep [region]
|   |-> 1.72e-01 sec 0.1% 100.0% 0.0% 0.0% 0.00e+00 30 divlap.matrixCoeffs [region]
|       |-> 1.72e-01 sec 0.1% 100.0% 0.0% 0.0% 0.00e+00 30 assemble.spatialImplicit [region]
|           |-> 1.72e-01 sec 0.1% 100.0% 0.0% 0.0% 0.00e+00 30 momentum.assemble [region]
|               |-> 1.72e-01 sec 0.1% 100.0% 0.0% 0.0% 0.00e+00 30 neoSimpleFoam.momentumPredictor [region]
|                   |-> 1.72e-01 sec 0.1% 100.0% 0.0% 0.0% 0.00e+00 30 neoSimpleFoam.timeStep [region]
|-> 4.19e-01 sec 0.3% 0.0% 0.0% 0.0% 0.00e+00 150 assemble.explicitSource [region]
|   |-> 2.44e-01 sec 0.1% 0.0% 0.0% 0.0% 0.00e+00 30 momentum.assemble [region]
|   |   |-> 2.44e-01 sec 0.1% 0.0% 0.0% 0.0% 0.00e+00 30 neoSimpleFoam.momentumPredictor [region]
|   |       |-> 2.44e-01 sec 0.1% 0.0% 0.0% 0.0% 0.00e+00 30 neoSimpleFoam.timeStep [region]
|-> 4.03e-01 sec 0.2% 100.0% 0.0% ------ 120 computeLaplacianImplicitCorrection [for]
|   |-> 3.04e-01 sec 0.2% 100.0% 0.0% 0.0% 0.00e+00 30 divlap.nonOrthCorr [region]
|   |   |-> 3.04e-01 sec 0.2% 100.0% 0.0% 0.0% 0.00e+00 30 assemble.spatialImplicit [region]
|   |       |-> 3.04e-01 sec 0.2% 100.0% 0.0% 0.0% 0.00e+00 30 momentum.assemble [region]
|   |           |-> 3.04e-01 sec 0.2% 100.0% 0.0% 0.0% 0.00e+00 30 neoSimpleFoam.momentumPredictor [region]
|   |               |-> 3.04e-01 sec 0.2% 100.0% 0.0% 0.0% 0.00e+00 30 neoSimpleFoam.timeStep [region]
|-> 3.84e-01 sec 0.2% 100.0% 0.0% ------ 1302 updateProcBoundaryOwnerValue [for]
|   |-> 2.17e-01 sec 0.1% 100.0% 0.0% 0.0% 0.00e+00 720 neoSimpleFoam.pressureCorrector [region]
|   |   |-> 2.17e-01 sec 0.1% 100.0% 0.0% 0.0% 0.00e+00 720 neoSimpleFoam.timeStep [region]
|-> 3.81e-01 sec 0.2% 100.0% 0.0% ------ 30 addDivCorrectionToRhs [for]
|   |-> 3.81e-01 sec 0.2% 100.0% 0.0% 0.0% 0.00e+00 30 divlap.deferredCorr [region]
|       |-> 3.81e-01 sec 0.2% 100.0% 0.0% 0.0% 0.00e+00 30 assemble.spatialImplicit [region]
|           |-> 3.81e-01 sec 0.2% 100.0% 0.0% 0.0% 0.00e+00 30 momentum.assemble [region]
|               |-> 3.81e-01 sec 0.2% 100.0% 0.0% 0.0% 0.00e+00 30 neoSimpleFoam.momentumPredictor [region]
|                   |-> 3.81e-01 sec 0.2% 100.0% 0.0% 0.0% 0.00e+00 30 neoSimpleFoam.timeStep [region]
|-> 3.24e-01 sec 0.2% 100.0% 0.0% ------ 272 computeGradBoundary [for]
|-> 3.14e-01 sec 0.2% 100.0% 0.0% ------ 555 computeLinearInterpolationBoundary [for]
|-> 3.06e-01 sec 0.2% 0.0% 0.0% 0.0% 0.00e+00 30 divlap.nonOrthCorr [region]
|   |-> 3.06e-01 sec 0.2% 0.0% 0.0% 0.0% 0.00e+00 30 assemble.spatialImplicit [region]
|       |-> 3.06e-01 sec 0.2% 0.0% 0.0% 0.0% 0.00e+00 30 momentum.assemble [region]
|           |-> 3.06e-01 sec 0.2% 0.0% 0.0% 0.0% 0.00e+00 30 neoSimpleFoam.momentumPredictor [region]
|               |-> 3.06e-01 sec 0.2% 0.0% 0.0% 0.0% 0.00e+00 30 neoSimpleFoam.timeStep [region]
|-> 2.96e-01 sec 0.2% 100.0% 0.0% ------ 91 computeGradTensorCells [for]
|-> 2.86e-01 sec 0.2% 100.0% 0.0% ------ 272 computeGradCells [for]
|-> 2.81e-01 sec 0.2% 100.0% 0.0% ------ 555 computeLinearInterpolationProcBoundary [for]
|-> 2.62e-01 sec 0.2% 100.0% 0.0% ------ 858 setProcBoundaryCoefficients [for]
|   |-> 1.69e-01 sec 0.1% 100.0% 0.0% 0.0% 0.00e+00 540 neoSimpleFoam.pressureCorrector [region]
|   |   |-> 1.69e-01 sec 0.1% 100.0% 0.0% 0.0% 0.00e+00 540 neoSimpleFoam.timeStep [region]
|-> 2.31e-01 sec 0.1% 100.0% 0.0% ------ 755 setFixedValueVolume [for]
|   |-> 2.18e-01 sec 0.1% 100.0% 0.0% 0.0% 0.00e+00 660 neoSimpleFoam.pressureCorrector [region]
|   |   |-> 2.18e-01 sec 0.1% 100.0% 0.0% 0.0% 0.00e+00 660 neoSimpleFoam.timeStep [region]
|-> 2.28e-01 sec 0.1% 100.0% 0.0% ------ 272 computeProcGradBoundary [for]
|-> 2.19e-01 sec 0.1% 100.0% 0.0% ------ 1581 setNutUSpaldingWallFunction [for]
|   |-> 2.11e-01 sec 0.1% 100.0% 0.0% 0.0% 0.00e+00 1530 neoSimpleFoam.turbulenceCorrect [region]
|   |   |-> 2.11e-01 sec 0.1% 100.0% 0.0% 0.0% 0.00e+00 1530 neoSimpleFoam.timeStep [region]
|-> 2.11e-01 sec 0.1% 100.0% 0.0% ------ 90 BoundedDiv::applyBoundedDiagInternal [for]
|-> 2.03e-01 sec 0.1% 100.0% 0.0% ------ 1530 kOmegaSST::omegaWFGFeedback [for]
|   |-> 2.03e-01 sec 0.1% 100.0% 0.0% 0.0% 0.00e+00 1530 neoSimpleFoam.turbulenceCorrect [region]
|       |-> 2.03e-01 sec 0.1% 100.0% 0.0% 0.0% 0.00e+00 1530 neoSimpleFoam.timeStep [region]
|-> 1.92e-01 sec 0.1% 100.0% 0.0% ------ 1530 setOmegaWallFunction [for]
|   |-> 1.92e-01 sec 0.1% 100.0% 0.0% 0.0% 0.00e+00 1530 neoSimpleFoam.turbulenceCorrect [region]
|       |-> 1.92e-01 sec 0.1% 100.0% 0.0% 0.0% 0.00e+00 1530 neoSimpleFoam.timeStep [region]
|-> 1.75e-01 sec 0.1% 100.0% 0.0% ------ 432 setContainer [for]

KOKKOS HOST SPACE:
===================
MAX MEMORY ALLOCATED: 1287083.0 kB
ALLOCATIONS AT TIME OF HIGH WATER MARK:
  29.9% neoSimpleFoam.timeStep/neoSimpleFoam.momentumPredictor/momentum.assemble/assemble.spatialImplicit/divlap.deferredCorr/luw.gradOpCtor/Vector
  29.9% neoSimpleFoam.timeStep/neoSimpleFoam.momentumPredictor/momentum.assemble/assemble.spatialImplicit/divlap.deferredCorr/luw.gradOpCtor/Vector
  15.4% neoSimpleFoam.timeStep/neoSimpleFoam.momentumPredictor/momentum.assemble/assemble.spatialImplicit/divlap.deferredCorr/luw.gradOpCtor/Vector
  14.9% neoSimpleFoam.timeStep/neoSimpleFoam.momentumPredictor/momentum.assemble/assemble.spatialImplicit/divlap.deferredCorr/luw.gradOpCtor/Vector
  5.0% neoSimpleFoam.timeStep/neoSimpleFoam.momentumPredictor/momentum.assemble/assemble.spatialImplicit/divlap.deferredCorr/luw.gradOpCtor/Vector
  5.0% neoSimpleFoam.timeStep/neoSimpleFoam.momentumPredictor/momentum.assemble/assemble.spatialImplicit/divlap.deferredCorr/luw.gradOpCtor/Vector

KOKKOS CUDA SPACE:
===================
MAX MEMORY ALLOCATED: 0.0 kB
ALLOCATIONS AT TIME OF HIGH WATER MARK:

KOKKOS HIP SPACE:
===================
MAX MEMORY ALLOCATED: 0.0 kB
ALLOCATIONS AT TIME OF HIGH WATER MARK:

KOKKOS SYCL SPACE:
===================
MAX MEMORY ALLOCATED: 0.0 kB
ALLOCATIONS AT TIME OF HIGH WATER MARK:

KOKKOS OpenMPTarget SPACE:
===================
MAX MEMORY ALLOCATED: 0.0 kB
ALLOCATIONS AT TIME OF HIGH WATER MARK:

Host process high water mark memory consumption: 14425080 kB

END KOKKOS PROFILING REPORT.

BEGIN KOKKOS PROFILING REPORT:
TOTAL TIME: 167.286086161 seconds
TOP-DOWN TIME TREE:
<average time> <percent of total time> <percent time in Kokkos> <percent MPI imbalance> <remainder> <kernels per second> <number of calls> <name> [type]
===================
|-> 1.32e+02 sec 79.1% 5.8% 0.0% 0.0% 4.16e+02 30 neoSimpleFoam.timeStep [region]
|   |-> 8.92e+01 sec 53.3% 2.2% 0.0% 12.3% 3.08e+02 30 neoSimpleFoam.pressureCorrector [region]
|   |   |-> 7.68e+01 sec 45.9% 0.7% 0.0% 54.8% 6.04e+01 30 neoSimpleFoam.pressureCorrector.pEqn [region]
|   |   |   |-> 3.09e+01 sec 18.5% 0.0% 0.0% 100.0% 0.00e+00 30 ginkgo.solverSetup [region]
|   |   |   |-> 3.24e+00 sec 1.9% 0.0% 0.0% 100.0% 1.08e+01 30 ginkgo.createMtx [region]
|   |   |   |-> 4.93e-01 sec 0.3% 92.3% 0.0% 7.7% 4.63e+03 30 assemble.spatialImplicit [region]
|   |   |   |   |-> 2.44e-01 sec 0.1% 100.0% 0.0% ------ 30 computeGradInternal [for]
|   |   |-> 7.31e-01 sec 0.4% 100.0% 0.0% ------ 90 computeGradInternal [for]
|   |   |-> 1.80e-01 sec 0.1% 100.0% 0.0% ------ 3420 fill [for]
|   |-> 2.03e+01 sec 12.1% 15.5% 0.0% 23.1% 3.34e+02 30 neoSimpleFoam.momentumPredictor [region]
|   |   |-> 9.18e+00 sec 5.5% 30.3% 0.0% 0.0% 6.73e+02 30 momentum.assemble [region]
|   |   |   |-> 8.75e+00 sec 5.2% 27.4% 0.0% 0.0% 5.90e+02 30 assemble.spatialImplicit [region]
|   |   |   |   |-> 7.56e+00 sec 4.5% 17.1% 0.0% 0.3% 3.69e+02 30 divlap.deferredCorr [region]
|   |   |   |   |   |-> 4.72e+00 sec 2.8% 1.0% 0.0% 99.0% 5.72e+01 30 luw.applyCorr [region]
|   |   |   |   |   |-> 1.54e+00 sec 0.9% 1.3% 0.0% 98.7% 1.95e+00 30 luw.gradOpCtor [region]
|   |   |   |   |   |-> 7.82e-01 sec 0.5% 96.4% 0.0% 0.0% 2.65e+03 30 luw.gradCompute [region]
|   |   |   |   |   |   |-> 5.71e-01 sec 0.3% 95.3% 0.0% 4.7% 3.05e+03 30 clg.baseGrad [region]
|   |   |   |   |   |   |   |-> 3.42e-01 sec 0.2% 100.0% 0.0% ------ 30 computeGradTensorInternal [for]
|   |   |   |   |   |   |-> 2.11e-01 sec 0.1% 99.5% 0.0% 0.5% 1.57e+03 30 clg.limiter [region]
|   |   |   |   |   |-> 2.94e-01 sec 0.2% 100.0% 0.0% ------ 30 addDivCorrectionToRhs [for]
|   |   |   |   |   |-> 1.76e-01 sec 0.1% 84.8% 0.0% 15.2% 1.19e+03 30 luw.gradAlloc [region]
|   |   |   |   |-> 1.04e+00 sec 0.6% 92.2% 0.0% 7.8% 2.12e+03 30 divlap.nonOrthCorr [region]
|   |   |   |   |   |-> 3.42e-01 sec 0.2% 100.0% 0.0% ------ 30 computeGradTensorInternal [for]
|   |   |   |   |   |-> 2.57e-01 sec 0.2% 100.0% 0.0% ------ 30 computeLaplacianImplicitCorrection [for]
|   |   |   |   |   |-> 2.04e-01 sec 0.1% 100.0% 0.0% ------ 601 fill [for]
|   |   |   |-> 3.76e-01 sec 0.2% 87.7% 0.0% 12.3% 2.24e+03 30 assemble.explicitSource [region]
|   |   |-> 3.69e+00 sec 2.2% 0.0% 0.0% 100.0% 9.48e+00 30 ginkgo.createMtx [region]
|   |   |-> 2.10e+00 sec 1.3% 1.1% 0.0% 98.9% 1.28e+01 30 momentum.construct [region]
|   |   |-> 3.40e-01 sec 0.2% 94.7% 0.0% 5.3% 1.50e+03 30 assemble.explicitSource [region]
|   |   |   |-> 2.43e-01 sec 0.1% 100.0% 0.0% ------ 30 computeGradInternal [for]
|   |   |-> 2.82e-01 sec 0.2% 0.0% 0.0% 100.0% 0.00e+00 30 ginkgo.solverSetup [region]
|   |-> 1.99e+01 sec 11.9% 13.0% 0.0% 50.5% 1.05e+03 30 neoSimpleFoam.turbulenceCorrect [region]
|   |   |-> 6.92e+00 sec 4.1% 0.0% 0.0% 100.0% 1.01e+01 60 ginkgo.createMtx [region]
|   |   |-> 1.13e+00 sec 0.7% 92.8% 0.0% 7.2% 4.27e+03 60 assemble.spatialImplicit [region]
|   |   |   |-> 4.87e-01 sec 0.3% 100.0% 0.0% ------ 60 computeGradInternal [for]
|   |   |-> 4.87e-01 sec 0.3% 100.0% 0.0% ------ 60 computeGradInternal [for]
|   |   |-> 3.42e-01 sec 0.2% 100.0% 0.0% ------ 30 computeGradTensorInternal [for]
|   |   |-> 2.77e-01 sec 0.2% 0.0% 0.0% 100.0% 0.00e+00 60 ginkgo.solverSetup [region]
|   |   |-> 1.81e-01 sec 0.1% 100.0% 0.0% ------ 1317 fill [for]
|   |-> 2.94e+00 sec 1.8% 0.0% 0.0% 100.0% 0.00e+00 30 neoSimpleFoam.write [region]
|-> 3.25e+01 sec 19.4% 0.2% 0.0% 99.8% 3.08e+01 1 neoSimpleFoam.setup [region]

BOTTOM-UP TIME TREE:
<average time> <percent of total time> <percent time in Kokkos> <percent MPI imbalance> <number of calls> <name> [type]
===================
|-> 4.21e+01 sec 25.2% 0.0% 0.0% 0.0% 0.00e+00 30 neoSimpleFoam.pressureCorrector.pEqn [region]
|   |-> 4.21e+01 sec 25.2% 0.0% 0.0% 0.0% 0.00e+00 30 neoSimpleFoam.pressureCorrector [region]
|       |-> 4.21e+01 sec 25.2% 0.0% 0.0% 0.0% 0.00e+00 30 neoSimpleFoam.timeStep [region]
|-> 3.24e+01 sec 19.4% 0.0% 0.0% 0.0% 0.00e+00 1 neoSimpleFoam.setup [region]
|-> 3.14e+01 sec 18.8% 0.0% 0.0% 0.0% 0.00e+00 120 ginkgo.solverSetup [region]
|   |-> 3.09e+01 sec 18.5% 0.0% 0.0% 0.0% 0.00e+00 30 neoSimpleFoam.pressureCorrector.pEqn [region]
|   |   |-> 3.09e+01 sec 18.5% 0.0% 0.0% 0.0% 0.00e+00 30 neoSimpleFoam.pressureCorrector [region]
|   |       |-> 3.09e+01 sec 18.5% 0.0% 0.0% 0.0% 0.00e+00 30 neoSimpleFoam.timeStep [region]
|   |-> 2.82e-01 sec 0.2% 0.0% 0.0% 0.0% 0.00e+00 30 neoSimpleFoam.momentumPredictor [region]
|   |   |-> 2.82e-01 sec 0.2% 0.0% 0.0% 0.0% 0.00e+00 30 neoSimpleFoam.timeStep [region]
|   |-> 2.77e-01 sec 0.2% 0.0% 0.0% 0.0% 0.00e+00 60 neoSimpleFoam.turbulenceCorrect [region]
|       |-> 2.77e-01 sec 0.2% 0.0% 0.0% 0.0% 0.00e+00 60 neoSimpleFoam.timeStep [region]
|-> 1.38e+01 sec 8.3% 0.0% 0.0% 0.0% 0.00e+00 120 ginkgo.createMtx [region]
|   |-> 6.92e+00 sec 4.1% 0.0% 0.0% 0.0% 0.00e+00 60 neoSimpleFoam.turbulenceCorrect [region]
|   |   |-> 6.92e+00 sec 4.1% 0.0% 0.0% 0.0% 0.00e+00 60 neoSimpleFoam.timeStep [region]
|   |-> 3.69e+00 sec 2.2% 0.0% 0.0% 0.0% 0.00e+00 30 neoSimpleFoam.momentumPredictor [region]
|   |   |-> 3.69e+00 sec 2.2% 0.0% 0.0% 0.0% 0.00e+00 30 neoSimpleFoam.timeStep [region]
|   |-> 3.24e+00 sec 1.9% 0.0% 0.0% 0.0% 0.00e+00 30 neoSimpleFoam.pressureCorrector.pEqn [region]
|       |-> 3.24e+00 sec 1.9% 0.0% 0.0% 0.0% 0.00e+00 30 neoSimpleFoam.pressureCorrector [region]
|           |-> 3.24e+00 sec 1.9% 0.0% 0.0% 0.0% 0.00e+00 30 neoSimpleFoam.timeStep [region]
|-> 1.10e+01 sec 6.6% 0.0% 0.0% 0.0% 0.00e+00 30 neoSimpleFoam.pressureCorrector [region]
|   |-> 1.10e+01 sec 6.6% 0.0% 0.0% 0.0% 0.00e+00 30 neoSimpleFoam.timeStep [region]
|-> 1.01e+01 sec 6.0% 0.0% 0.0% 0.0% 0.00e+00 30 neoSimpleFoam.turbulenceCorrect [region]
|   |-> 1.01e+01 sec 6.0% 0.0% 0.0% 0.0% 0.00e+00 30 neoSimpleFoam.timeStep [region]
|-> 4.70e+00 sec 2.8% 0.0% 0.0% 0.0% 0.00e+00 30 neoSimpleFoam.momentumPredictor [region]
|   |-> 4.70e+00 sec 2.8% 0.0% 0.0% 0.0% 0.00e+00 30 neoSimpleFoam.timeStep [region]
|-> 4.67e+00 sec 2.8% 0.0% 0.0% 0.0% 0.00e+00 30 luw.applyCorr [region]
|   |-> 4.67e+00 sec 2.8% 0.0% 0.0% 0.0% 0.00e+00 30 divlap.deferredCorr [region]
|       |-> 4.67e+00 sec 2.8% 0.0% 0.0% 0.0% 0.00e+00 30 assemble.spatialImplicit [region]
|           |-> 4.67e+00 sec 2.8% 0.0% 0.0% 0.0% 0.00e+00 30 momentum.assemble [region]
|               |-> 4.67e+00 sec 2.8% 0.0% 0.0% 0.0% 0.00e+00 30 neoSimpleFoam.momentumPredictor [region]
|                   |-> 4.67e+00 sec 2.8% 0.0% 0.0% 0.0% 0.00e+00 30 neoSimpleFoam.timeStep [region]
|-> 2.94e+00 sec 1.8% 0.0% 0.0% 0.0% 0.00e+00 30 neoSimpleFoam.write [region]
|   |-> 2.94e+00 sec 1.8% 0.0% 0.0% 0.0% 0.00e+00 30 neoSimpleFoam.timeStep [region]
|-> 2.21e+00 sec 1.3% 100.0% 0.0% ------ 272 computeGradInternal [for]
|   |-> 7.31e-01 sec 0.4% 100.0% 0.0% 0.0% 0.00e+00 90 neoSimpleFoam.pressureCorrector [region]
|   |   |-> 7.31e-01 sec 0.4% 100.0% 0.0% 0.0% 0.00e+00 90 neoSimpleFoam.timeStep [region]
|   |-> 7.31e-01 sec 0.4% 100.0% 0.0% 0.0% 0.00e+00 90 assemble.spatialImplicit [region]
|   |   |-> 4.87e-01 sec 0.3% 100.0% 0.0% 0.0% 0.00e+00 60 neoSimpleFoam.turbulenceCorrect [region]
|   |   |   |-> 4.87e-01 sec 0.3% 100.0% 0.0% 0.0% 0.00e+00 60 neoSimpleFoam.timeStep [region]
|   |   |-> 2.44e-01 sec 0.1% 100.0% 0.0% 0.0% 0.00e+00 30 neoSimpleFoam.pressureCorrector.pEqn [region]
|   |       |-> 2.44e-01 sec 0.1% 100.0% 0.0% 0.0% 0.00e+00 30 neoSimpleFoam.pressureCorrector [region]
|   |           |-> 2.44e-01 sec 0.1% 100.0% 0.0% 0.0% 0.00e+00 30 neoSimpleFoam.timeStep [region]
|   |-> 4.87e-01 sec 0.3% 100.0% 0.0% 0.0% 0.00e+00 60 neoSimpleFoam.turbulenceCorrect [region]
|   |   |-> 4.87e-01 sec 0.3% 100.0% 0.0% 0.0% 0.00e+00 60 neoSimpleFoam.timeStep [region]
|   |-> 2.43e-01 sec 0.1% 100.0% 0.0% 0.0% 0.00e+00 30 assemble.explicitSource [region]
|   |   |-> 2.43e-01 sec 0.1% 100.0% 0.0% 0.0% 0.00e+00 30 neoSimpleFoam.momentumPredictor [region]
|   |       |-> 2.43e-01 sec 0.1% 100.0% 0.0% 0.0% 0.00e+00 30 neoSimpleFoam.timeStep [region]
|-> 2.08e+00 sec 1.2% 0.0% 0.0% 0.0% 0.00e+00 30 momentum.construct [region]
|   |-> 2.08e+00 sec 1.2% 0.0% 0.0% 0.0% 0.00e+00 30 neoSimpleFoam.momentumPredictor [region]
|       |-> 2.08e+00 sec 1.2% 0.0% 0.0% 0.0% 0.00e+00 30 neoSimpleFoam.timeStep [region]
|-> 1.52e+00 sec 0.9% 0.0% 0.0% 0.0% 0.00e+00 30 luw.gradOpCtor [region]
|   |-> 1.52e+00 sec 0.9% 0.0% 0.0% 0.0% 0.00e+00 30 divlap.deferredCorr [region]
|       |-> 1.52e+00 sec 0.9% 0.0% 0.0% 0.0% 0.00e+00 30 assemble.spatialImplicit [region]
|           |-> 1.52e+00 sec 0.9% 0.0% 0.0% 0.0% 0.00e+00 30 momentum.assemble [region]
|               |-> 1.52e+00 sec 0.9% 0.0% 0.0% 0.0% 0.00e+00 30 neoSimpleFoam.momentumPredictor [region]
|                   |-> 1.52e+00 sec 0.9% 0.0% 0.0% 0.0% 0.00e+00 30 neoSimpleFoam.timeStep [region]
|-> 1.20e+00 sec 0.7% 100.0% 0.0% ------ 9370 fill [for]
|   |-> 2.04e-01 sec 0.1% 100.0% 0.0% 0.0% 0.00e+00 601 divlap.nonOrthCorr [region]
|   |   |-> 2.04e-01 sec 0.1% 100.0% 0.0% 0.0% 0.00e+00 601 assemble.spatialImplicit [region]
|   |       |-> 2.04e-01 sec 0.1% 100.0% 0.0% 0.0% 0.00e+00 601 momentum.assemble [region]
|   |           |-> 2.04e-01 sec 0.1% 100.0% 0.0% 0.0% 0.00e+00 601 neoSimpleFoam.momentumPredictor [region]
|   |               |-> 2.04e-01 sec 0.1% 100.0% 0.0% 0.0% 0.00e+00 601 neoSimpleFoam.timeStep [region]
|   |-> 1.81e-01 sec 0.1% 100.0% 0.0% 0.0% 0.00e+00 1317 neoSimpleFoam.turbulenceCorrect [region]
|   |   |-> 1.81e-01 sec 0.1% 100.0% 0.0% 0.0% 0.00e+00 1317 neoSimpleFoam.timeStep [region]
|   |-> 1.80e-01 sec 0.1% 100.0% 0.0% 0.0% 0.00e+00 3420 neoSimpleFoam.pressureCorrector [region]
|   |   |-> 1.80e-01 sec 0.1% 100.0% 0.0% 0.0% 0.00e+00 3420 neoSimpleFoam.timeStep [region]
|-> 1.04e+00 sec 0.6% 100.0% 0.0% ------ 91 computeGradTensorInternal [for]
|   |-> 3.42e-01 sec 0.2% 100.0% 0.0% 0.0% 0.00e+00 30 divlap.nonOrthCorr [region]
|   |   |-> 3.42e-01 sec 0.2% 100.0% 0.0% 0.0% 0.00e+00 30 assemble.spatialImplicit [region]
|   |       |-> 3.42e-01 sec 0.2% 100.0% 0.0% 0.0% 0.00e+00 30 momentum.assemble [region]
|   |           |-> 3.42e-01 sec 0.2% 100.0% 0.0% 0.0% 0.00e+00 30 neoSimpleFoam.momentumPredictor [region]
|   |               |-> 3.42e-01 sec 0.2% 100.0% 0.0% 0.0% 0.00e+00 30 neoSimpleFoam.timeStep [region]
|   |-> 3.42e-01 sec 0.2% 100.0% 0.0% 0.0% 0.00e+00 30 neoSimpleFoam.turbulenceCorrect [region]
|   |   |-> 3.42e-01 sec 0.2% 100.0% 0.0% 0.0% 0.00e+00 30 neoSimpleFoam.timeStep [region]
|   |-> 3.42e-01 sec 0.2% 100.0% 0.0% 0.0% 0.00e+00 30 clg.baseGrad [region]
|   |   |-> 3.42e-01 sec 0.2% 100.0% 0.0% 0.0% 0.00e+00 30 luw.gradCompute [region]
|   |       |-> 3.42e-01 sec 0.2% 100.0% 0.0% 0.0% 0.00e+00 30 divlap.deferredCorr [region]
|   |           |-> 3.42e-01 sec 0.2% 100.0% 0.0% 0.0% 0.00e+00 30 assemble.spatialImplicit [region]
|   |               |-> 3.42e-01 sec 0.2% 100.0% 0.0% 0.0% 0.00e+00 30 momentum.assemble [region]
|   |                   |-> 3.42e-01 sec 0.2% 100.0% 0.0% 0.0% 0.00e+00 30 neoSimpleFoam.momentumPredictor [region]
|   |                       |-> 3.42e-01 sec 0.2% 100.0% 0.0% 0.0% 0.00e+00 30 neoSimpleFoam.timeStep [region]
|-> 3.30e-01 sec 0.2% 100.0% 0.0% ------ 120 computeLaplacianImplicitCorrection [for]
|   |-> 2.57e-01 sec 0.2% 100.0% 0.0% 0.0% 0.00e+00 30 divlap.nonOrthCorr [region]
|   |   |-> 2.57e-01 sec 0.2% 100.0% 0.0% 0.0% 0.00e+00 30 assemble.spatialImplicit [region]
|   |       |-> 2.57e-01 sec 0.2% 100.0% 0.0% 0.0% 0.00e+00 30 momentum.assemble [region]
|   |           |-> 2.57e-01 sec 0.2% 100.0% 0.0% 0.0% 0.00e+00 30 neoSimpleFoam.momentumPredictor [region]
|   |               |-> 2.57e-01 sec 0.2% 100.0% 0.0% 0.0% 0.00e+00 30 neoSimpleFoam.timeStep [region]
|-> 2.94e-01 sec 0.2% 100.0% 0.0% ------ 30 addDivCorrectionToRhs [for]
|   |-> 2.94e-01 sec 0.2% 100.0% 0.0% 0.0% 0.00e+00 30 divlap.deferredCorr [region]
|       |-> 2.94e-01 sec 0.2% 100.0% 0.0% 0.0% 0.00e+00 30 assemble.spatialImplicit [region]
|           |-> 2.94e-01 sec 0.2% 100.0% 0.0% 0.0% 0.00e+00 30 momentum.assemble [region]
|               |-> 2.94e-01 sec 0.2% 100.0% 0.0% 0.0% 0.00e+00 30 neoSimpleFoam.momentumPredictor [region]
|                   |-> 2.94e-01 sec 0.2% 100.0% 0.0% 0.0% 0.00e+00 30 neoSimpleFoam.timeStep [region]
|-> 2.57e-01 sec 0.2% 100.0% 0.0% ------ 555 computeLinearInterpolationInternal [for]
|-> 2.47e-01 sec 0.1% 100.0% 0.0% ------ 90 computeLocalGaussGreenDivLaplacianCoefficients [for]
|-> 1.99e-01 sec 0.1% 100.0% 0.0% ------ 2668 parallelFor [for]
|-> 1.74e-01 sec 0.1% 100.0% 0.0% ------ 91 computeGradTensorCells [for]

KOKKOS HOST SPACE:
===================
MAX MEMORY ALLOCATED: 1290732.5 kB
ALLOCATIONS AT TIME OF HIGH WATER MARK:
  29.9% neoSimpleFoam.timeStep/neoSimpleFoam.momentumPredictor/momentum.assemble/assemble.spatialImplicit/divlap.deferredCorr/luw.gradOpCtor/Vector
  29.9% neoSimpleFoam.timeStep/neoSimpleFoam.momentumPredictor/momentum.assemble/assemble.spatialImplicit/divlap.deferredCorr/luw.gradOpCtor/Vector
  15.5% neoSimpleFoam.timeStep/neoSimpleFoam.momentumPredictor/momentum.assemble/assemble.spatialImplicit/divlap.deferredCorr/luw.gradOpCtor/Vector
  14.9% neoSimpleFoam.timeStep/neoSimpleFoam.momentumPredictor/momentum.assemble/assemble.spatialImplicit/divlap.deferredCorr/luw.gradOpCtor/Vector
  4.9% neoSimpleFoam.timeStep/neoSimpleFoam.momentumPredictor/momentum.assemble/assemble.spatialImplicit/divlap.deferredCorr/luw.gradOpCtor/Vector
  4.9% neoSimpleFoam.timeStep/neoSimpleFoam.momentumPredictor/momentum.assemble/assemble.spatialImplicit/divlap.deferredCorr/luw.gradOpCtor/Vector

KOKKOS CUDA SPACE:
===================
MAX MEMORY ALLOCATED: 0.0 kB
ALLOCATIONS AT TIME OF HIGH WATER MARK:

KOKKOS HIP SPACE:
===================
MAX MEMORY ALLOCATED: 0.0 kB
ALLOCATIONS AT TIME OF HIGH WATER MARK:

KOKKOS SYCL SPACE:
===================
MAX MEMORY ALLOCATED: 0.0 kB
ALLOCATIONS AT TIME OF HIGH WATER MARK:

KOKKOS OpenMPTarget SPACE:
===================
MAX MEMORY ALLOCATED: 0.0 kB
ALLOCATIONS AT TIME OF HIGH WATER MARK:

Host process high water mark memory consumption: 14730228 kB

END KOKKOS PROFILING REPORT.
Finalizing NeoN

BEGIN KOKKOS PROFILING REPORT:
TOTAL TIME: 167.368925306 seconds
TOP-DOWN TIME TREE:
<average time> <percent of total time> <percent time in Kokkos> <percent MPI imbalance> <remainder> <kernels per second> <number of calls> <name> [type]
===================
|-> 1.33e+02 sec 79.2% 21.9% 0.0% 0.0% 4.28e+02 30 neoSimpleFoam.timeStep [region]
|   |-> 8.92e+01 sec 53.3% 12.1% 0.0% 4.0% 3.19e+02 30 neoSimpleFoam.pressureCorrector [region]
|   |   |-> 7.68e+01 sec 45.9% 2.6% 0.0% 50.7% 6.15e+01 30 neoSimpleFoam.pressureCorrector.pEqn [region]
|   |   |   |-> 3.38e+01 sec 20.2% 0.0% 0.0% 100.0% 0.00e+00 30 ginkgo.solverSetup [region]
|   |   |   |-> 1.88e+00 sec 1.1% 0.3% 0.0% 99.7% 1.86e+01 30 ginkgo.createMtx [region]
|   |   |   |-> 1.80e+00 sec 1.1% 87.6% 0.0% 12.4% 1.27e+03 30 assemble.spatialImplicit [region]
|   |   |   |   |-> 5.14e-01 sec 0.3% 100.0% 0.0% ------ 30 computeGradInternal [for]
|   |   |   |   |-> 4.47e-01 sec 0.3% 100.0% 0.0% ------ 1320 computeGradBoundaryRefGrad [for]
|   |   |   |   |-> 2.45e-01 sec 0.1% 100.0% 0.0% ------ 601 fill [for]
|   |   |   |   |-> 1.69e-01 sec 0.1% 100.0% 0.0% ------ 30 computeLocalLaplacianCoefficients [for]
|   |   |   |-> 1.70e-01 sec 0.1% 100.0% 0.0% ------ 1560 setGradientValue [for]
|   |   |-> 1.86e+00 sec 1.1% 100.0% 0.0% ------ 8250 extrapolateValue [for]
|   |   |-> 1.38e+00 sec 0.8% 100.0% 0.0% ------ 3660 fill [for]
|   |   |-> 1.35e+00 sec 0.8% 100.0% 0.0% ------ 3960 computeGradBoundaryRefGrad [for]
|   |   |-> 1.28e+00 sec 0.8% 100.0% 0.0% ------ 90 computeGradInternal [for]
|   |   |-> 7.90e-01 sec 0.5% 100.0% 0.0% ------ 2100 parallelFor [for]
|   |   |-> 3.71e-01 sec 0.2% 100.0% 0.0% ------ 1230 setFixedValueVolume [for]
|   |   |-> 3.51e-01 sec 0.2% 100.0% 0.0% ------ 1590 setGradientValue [for]
|   |   |-> 1.87e-01 sec 0.1% 100.0% 0.0% ------ 720 updateProcBoundaryOwnerValue [for]
|   |-> 2.04e+01 sec 12.2% 40.2% 0.0% 22.7% 3.36e+02 30 neoSimpleFoam.momentumPredictor [region]
|   |   |-> 1.04e+01 sec 6.2% 71.1% 0.0% 0.0% 5.98e+02 30 momentum.assemble [region]
|   |   |   |-> 9.19e+00 sec 5.5% 69.8% 0.0% 0.0% 5.68e+02 30 assemble.spatialImplicit [region]
|   |   |   |   |-> 5.73e+00 sec 3.4% 57.1% 0.0% 4.0% 4.98e+02 30 divlap.deferredCorr [region]
|   |   |   |   |   |-> 2.19e+00 sec 1.3% 93.5% 0.0% 0.0% 9.46e+02 30 luw.gradCompute [region]
|   |   |   |   |   |   |-> 1.87e+00 sec 1.1% 92.4% 0.0% 7.6% 9.32e+02 30 clg.baseGrad [region]
|   |   |   |   |   |   |   |-> 6.76e-01 sec 0.4% 100.0% 0.0% ------ 1320 computeGradTensorBoundaryReconstruct [for]
|   |   |   |   |   |   |   |-> 4.91e-01 sec 0.3% 100.0% 0.0% ------ 210 fill [for]
|   |   |   |   |   |   |   |-> 4.13e-01 sec 0.2% 100.0% 0.0% ------ 30 computeGradTensorInternal [for]
|   |   |   |   |   |   |-> 3.21e-01 sec 0.2% 99.7% 0.0% 0.3% 1.03e+03 30 clg.limiter [region]
|   |   |   |   |   |-> 1.55e+00 sec 0.9% 1.3% 0.0% 98.7% 1.93e+00 30 luw.gradOpCtor [region]
|   |   |   |   |   |-> 8.05e-01 sec 0.5% 44.3% 0.0% 55.7% 4.10e+02 30 luw.applyCorr [region]
|   |   |   |   |   |   |-> 1.84e-01 sec 0.1% 100.0% 0.0% ------ 90 parallelFor [for]
|   |   |   |   |   |-> 4.68e-01 sec 0.3% 100.0% 0.0% ------ 30 addDivCorrectionToRhs [for]
|   |   |   |   |   |-> 3.65e-01 sec 0.2% 70.8% 0.0% 29.2% 5.76e+02 30 luw.gradAlloc [region]
|   |   |   |   |   |   |-> 2.58e-01 sec 0.2% 100.0% 0.0% ------ 210 fill [for]
|   |   |   |   |-> 3.09e+00 sec 1.8% 89.8% 0.0% 10.2% 7.10e+02 30 divlap.nonOrthCorr [region]
|   |   |   |   |   |-> 7.98e-01 sec 0.5% 100.0% 0.0% ------ 1320 computeGradTensorBoundaryReconstruct [for]
|   |   |   |   |   |-> 7.10e-01 sec 0.4% 100.0% 0.0% ------ 30 computeGradTensorInternal [for]
|   |   |   |   |   |-> 6.38e-01 sec 0.4% 100.0% 0.0% ------ 601 fill [for]
|   |   |   |   |   |-> 3.50e-01 sec 0.2% 100.0% 0.0% ------ 30 computeLaplacianImplicitCorrection [for]
|   |   |   |   |-> 2.33e-01 sec 0.1% 99.8% 0.0% 0.2% 3.86e+02 30 divlap.matrixCoeffs [region]
|   |   |   |   |   |-> 1.81e-01 sec 0.1% 100.0% 0.0% ------ 30 computeLocalGaussGreenDivLaplacianCoefficients [for]
|   |   |   |-> 1.09e+00 sec 0.7% 77.7% 0.0% 22.3% 7.69e+02 30 assemble.explicitSource [region]
|   |   |   |   |-> 2.99e-01 sec 0.2% 100.0% 0.0% ------ 420 fill [for]
|   |   |-> 2.11e+00 sec 1.3% 1.4% 0.0% 98.6% 1.28e+01 30 momentum.construct [region]
|   |   |-> 1.90e+00 sec 1.1% 0.2% 0.0% 99.8% 1.84e+01 30 ginkgo.createMtx [region]
|   |   |-> 8.74e-01 sec 0.5% 82.3% 0.0% 17.7% 5.84e+02 30 assemble.explicitSource [region]
|   |   |   |-> 3.50e-01 sec 0.2% 100.0% 0.0% ------ 30 computeGradInternal [for]
|   |   |-> 3.93e-01 sec 0.2% 0.0% 0.0% 100.0% 0.00e+00 30 ginkgo.solverSetup [region]
|   |-> 2.00e+01 sec 12.0% 49.9% 0.0% 26.5% 1.07e+03 30 neoSimpleFoam.turbulenceCorrect [region]
|   |   |-> 3.68e+00 sec 2.2% 0.4% 0.0% 99.6% 1.90e+01 60 ginkgo.createMtx [region]
|   |   |-> 3.56e+00 sec 2.1% 84.5% 0.0% 15.5% 1.35e+03 60 assemble.spatialImplicit [region]
|   |   |   |-> 7.27e-01 sec 0.4% 100.0% 0.0% ------ 60 computeGradInternal [for]
|   |   |   |-> 6.43e-01 sec 0.4% 100.0% 0.0% ------ 1202 fill [for]
|   |   |   |-> 4.66e-01 sec 0.3% 100.0% 0.0% ------ 1440 computeGradBoundaryRefGrad [for]
|   |   |   |-> 3.48e-01 sec 0.2% 100.0% 0.0% ------ 1200 computeGradBoundaryFixedValue [for]
|   |   |   |-> 2.61e-01 sec 0.2% 100.0% 0.0% ------ 60 computeLocalGaussGreenDivLaplacianCoefficients [for]
|   |   |-> 8.33e-01 sec 0.5% 100.0% 0.0% ------ 1467 fill [for]
|   |   |-> 6.23e-01 sec 0.4% 100.0% 0.0% ------ 60 computeGradInternal [for]
|   |   |-> 6.07e-01 sec 0.4% 100.0% 0.0% ------ 30 computeGradTensorInternal [for]
|   |   |-> 5.61e-01 sec 0.3% 100.0% 0.0% ------ 1200 computeGradBoundaryFixedValue [for]
|   |   |-> 5.08e-01 sec 0.3% 100.0% 0.0% ------ 1440 computeGradBoundaryRefGrad [for]
|   |   |-> 5.02e-01 sec 0.3% 0.0% 0.0% 100.0% 0.00e+00 60 ginkgo.solverSetup [region]
|   |   |-> 4.86e-01 sec 0.3% 100.0% 0.0% ------ 1530 kOmegaSST::omegaWFGFeedback [for]
|   |   |-> 4.19e-01 sec 0.3% 100.0% 0.0% ------ 1320 computeGradTensorBoundaryReconstruct [for]
|   |   |-> 3.67e-01 sec 0.2% 100.0% 0.0% ------ 1530 setNutUSpaldingWallFunction [for]
|   |   |-> 3.59e-01 sec 0.2% 100.0% 0.0% ------ 1650 extrapolateValue [for]
|   |   |-> 3.49e-01 sec 0.2% 100.0% 0.0% ------ 1590 setGradientValue [for]
|   |   |-> 3.49e-01 sec 0.2% 100.0% 0.0% ------ 1530 setOmegaWallFunction [for]
|   |   |-> 2.20e-01 sec 0.1% 100.0% 0.0% ------ 219 computeLinearInterpolationInternal [for]
|   |-> 2.94e+00 sec 1.8% 0.0% 0.0% 100.0% 0.00e+00 30 neoSimpleFoam.write [region]
|-> 3.25e+01 sec 19.4% 1.1% 0.0% 98.9% 3.24e+01 1 neoSimpleFoam.setup [region]

BOTTOM-UP TIME TREE:
<average time> <percent of total time> <percent time in Kokkos> <percent MPI imbalance> <number of calls> <name> [type]
===================
|-> 3.89e+01 sec 23.3% 0.0% 0.0% 0.0% 0.00e+00 30 neoSimpleFoam.pressureCorrector.pEqn [region]
|   |-> 3.89e+01 sec 23.3% 0.0% 0.0% 0.0% 0.00e+00 30 neoSimpleFoam.pressureCorrector [region]
|       |-> 3.89e+01 sec 23.3% 0.0% 0.0% 0.0% 0.00e+00 30 neoSimpleFoam.timeStep [region]
|-> 3.47e+01 sec 20.7% 0.0% 0.0% 0.0% 0.00e+00 120 ginkgo.solverSetup [region]
|   |-> 3.38e+01 sec 20.2% 0.0% 0.0% 0.0% 0.00e+00 30 neoSimpleFoam.pressureCorrector.pEqn [region]
|   |   |-> 3.38e+01 sec 20.2% 0.0% 0.0% 0.0% 0.00e+00 30 neoSimpleFoam.pressureCorrector [region]
|   |       |-> 3.38e+01 sec 20.2% 0.0% 0.0% 0.0% 0.00e+00 30 neoSimpleFoam.timeStep [region]
|   |-> 5.02e-01 sec 0.3% 0.0% 0.0% 0.0% 0.00e+00 60 neoSimpleFoam.turbulenceCorrect [region]
|   |   |-> 5.02e-01 sec 0.3% 0.0% 0.0% 0.0% 0.00e+00 60 neoSimpleFoam.timeStep [region]
|   |-> 3.93e-01 sec 0.2% 0.0% 0.0% 0.0% 0.00e+00 30 neoSimpleFoam.momentumPredictor [region]
|       |-> 3.93e-01 sec 0.2% 0.0% 0.0% 0.0% 0.00e+00 30 neoSimpleFoam.timeStep [region]
|-> 3.21e+01 sec 19.2% 0.0% 0.0% 0.0% 0.00e+00 1 neoSimpleFoam.setup [region]
|-> 7.43e+00 sec 4.4% 0.0% 0.0% 0.0% 0.00e+00 120 ginkgo.createMtx [region]
|   |-> 3.66e+00 sec 2.2% 0.0% 0.0% 0.0% 0.00e+00 60 neoSimpleFoam.turbulenceCorrect [region]
|   |   |-> 3.66e+00 sec 2.2% 0.0% 0.0% 0.0% 0.00e+00 60 neoSimpleFoam.timeStep [region]
|   |-> 1.89e+00 sec 1.1% 0.0% 0.0% 0.0% 0.00e+00 30 neoSimpleFoam.momentumPredictor [region]
|   |   |-> 1.89e+00 sec 1.1% 0.0% 0.0% 0.0% 0.00e+00 30 neoSimpleFoam.timeStep [region]
|   |-> 1.88e+00 sec 1.1% 0.0% 0.0% 0.0% 0.00e+00 30 neoSimpleFoam.pressureCorrector.pEqn [region]
|       |-> 1.88e+00 sec 1.1% 0.0% 0.0% 0.0% 0.00e+00 30 neoSimpleFoam.pressureCorrector [region]
|           |-> 1.88e+00 sec 1.1% 0.0% 0.0% 0.0% 0.00e+00 30 neoSimpleFoam.timeStep [region]
|-> 5.41e+00 sec 3.2% 100.0% 0.0% ------ 9834 fill [for]
|   |-> 1.38e+00 sec 0.8% 100.0% 0.0% 0.0% 0.00e+00 3660 neoSimpleFoam.pressureCorrector [region]
|   |   |-> 1.38e+00 sec 0.8% 100.0% 0.0% 0.0% 0.00e+00 3660 neoSimpleFoam.timeStep [region]
|   |-> 8.88e-01 sec 0.5% 100.0% 0.0% 0.0% 0.00e+00 1803 assemble.spatialImplicit [region]
|   |   |-> 6.43e-01 sec 0.4% 100.0% 0.0% 0.0% 0.00e+00 1202 neoSimpleFoam.turbulenceCorrect [region]
|   |   |   |-> 6.43e-01 sec 0.4% 100.0% 0.0% 0.0% 0.00e+00 1202 neoSimpleFoam.timeStep [region]
|   |   |-> 2.45e-01 sec 0.1% 100.0% 0.0% 0.0% 0.00e+00 601 neoSimpleFoam.pressureCorrector.pEqn [region]
|   |       |-> 2.45e-01 sec 0.1% 100.0% 0.0% 0.0% 0.00e+00 601 neoSimpleFoam.pressureCorrector [region]
|   |           |-> 2.45e-01 sec 0.1% 100.0% 0.0% 0.0% 0.00e+00 601 neoSimpleFoam.timeStep [region]
|   |-> 8.33e-01 sec 0.5% 100.0% 0.0% 0.0% 0.00e+00 1467 neoSimpleFoam.turbulenceCorrect [region]
|   |   |-> 8.33e-01 sec 0.5% 100.0% 0.0% 0.0% 0.00e+00 1467 neoSimpleFoam.timeStep [region]
|   |-> 6.38e-01 sec 0.4% 100.0% 0.0% 0.0% 0.00e+00 601 divlap.nonOrthCorr [region]
|   |   |-> 6.38e-01 sec 0.4% 100.0% 0.0% 0.0% 0.00e+00 601 assemble.spatialImplicit [region]
|   |       |-> 6.38e-01 sec 0.4% 100.0% 0.0% 0.0% 0.00e+00 601 momentum.assemble [region]
|   |           |-> 6.38e-01 sec 0.4% 100.0% 0.0% 0.0% 0.00e+00 601 neoSimpleFoam.momentumPredictor [region]
|   |               |-> 6.38e-01 sec 0.4% 100.0% 0.0% 0.0% 0.00e+00 601 neoSimpleFoam.timeStep [region]
|   |-> 4.91e-01 sec 0.3% 100.0% 0.0% 0.0% 0.00e+00 210 clg.baseGrad [region]
|   |   |-> 4.91e-01 sec 0.3% 100.0% 0.0% 0.0% 0.00e+00 210 luw.gradCompute [region]
|   |       |-> 4.91e-01 sec 0.3% 100.0% 0.0% 0.0% 0.00e+00 210 divlap.deferredCorr [region]
|   |           |-> 4.91e-01 sec 0.3% 100.0% 0.0% 0.0% 0.00e+00 210 assemble.spatialImplicit [region]
|   |               |-> 4.91e-01 sec 0.3% 100.0% 0.0% 0.0% 0.00e+00 210 momentum.assemble [region]
|   |                   |-> 4.91e-01 sec 0.3% 100.0% 0.0% 0.0% 0.00e+00 210 neoSimpleFoam.momentumPredictor [region]
|   |                       |-> 4.91e-01 sec 0.3% 100.0% 0.0% 0.0% 0.00e+00 210 neoSimpleFoam.timeStep [region]
|   |-> 4.17e-01 sec 0.2% 100.0% 0.0% 0.0% 0.00e+00 780 assemble.explicitSource [region]
|   |   |-> 2.99e-01 sec 0.2% 100.0% 0.0% 0.0% 0.00e+00 420 momentum.assemble [region]
|   |   |   |-> 2.99e-01 sec 0.2% 100.0% 0.0% 0.0% 0.00e+00 420 neoSimpleFoam.momentumPredictor [region]
|   |   |       |-> 2.99e-01 sec 0.2% 100.0% 0.0% 0.0% 0.00e+00 420 neoSimpleFoam.timeStep [region]
|   |-> 2.58e-01 sec 0.2% 100.0% 0.0% 0.0% 0.00e+00 210 luw.gradAlloc [region]
|   |   |-> 2.58e-01 sec 0.2% 100.0% 0.0% 0.0% 0.00e+00 210 divlap.deferredCorr [region]
|   |       |-> 2.58e-01 sec 0.2% 100.0% 0.0% 0.0% 0.00e+00 210 assemble.spatialImplicit [region]
|   |           |-> 2.58e-01 sec 0.2% 100.0% 0.0% 0.0% 0.00e+00 210 momentum.assemble [region]
|   |               |-> 2.58e-01 sec 0.2% 100.0% 0.0% 0.0% 0.00e+00 210 neoSimpleFoam.momentumPredictor [region]
|   |                   |-> 2.58e-01 sec 0.2% 100.0% 0.0% 0.0% 0.00e+00 210 neoSimpleFoam.timeStep [region]
|-> 5.30e+00 sec 3.2% 0.0% 0.0% 0.0% 0.00e+00 30 neoSimpleFoam.turbulenceCorrect [region]
|   |-> 5.30e+00 sec 3.2% 0.0% 0.0% 0.0% 0.00e+00 30 neoSimpleFoam.timeStep [region]
|-> 4.63e+00 sec 2.8% 0.0% 0.0% 0.0% 0.00e+00 30 neoSimpleFoam.momentumPredictor [region]
|   |-> 4.63e+00 sec 2.8% 0.0% 0.0% 0.0% 0.00e+00 30 neoSimpleFoam.timeStep [region]
|-> 3.56e+00 sec 2.1% 0.0% 0.0% 0.0% 0.00e+00 30 neoSimpleFoam.pressureCorrector [region]
|   |-> 3.56e+00 sec 2.1% 0.0% 0.0% 0.0% 0.00e+00 30 neoSimpleFoam.timeStep [region]
|-> 3.51e+00 sec 2.1% 100.0% 0.0% ------ 272 computeGradInternal [for]
|   |-> 1.28e+00 sec 0.8% 100.0% 0.0% 0.0% 0.00e+00 90 neoSimpleFoam.pressureCorrector [region]
|   |   |-> 1.28e+00 sec 0.8% 100.0% 0.0% 0.0% 0.00e+00 90 neoSimpleFoam.timeStep [region]
|   |-> 1.24e+00 sec 0.7% 100.0% 0.0% 0.0% 0.00e+00 90 assemble.spatialImplicit [region]
|   |   |-> 7.27e-01 sec 0.4% 100.0% 0.0% 0.0% 0.00e+00 60 neoSimpleFoam.turbulenceCorrect [region]
|   |   |   |-> 7.27e-01 sec 0.4% 100.0% 0.0% 0.0% 0.00e+00 60 neoSimpleFoam.timeStep [region]
|   |   |-> 5.14e-01 sec 0.3% 100.0% 0.0% 0.0% 0.00e+00 30 neoSimpleFoam.pressureCorrector.pEqn [region]
|   |       |-> 5.14e-01 sec 0.3% 100.0% 0.0% 0.0% 0.00e+00 30 neoSimpleFoam.pressureCorrector [region]
|   |           |-> 5.14e-01 sec 0.3% 100.0% 0.0% 0.0% 0.00e+00 30 neoSimpleFoam.timeStep [region]
|   |-> 6.23e-01 sec 0.4% 100.0% 0.0% 0.0% 0.00e+00 60 neoSimpleFoam.turbulenceCorrect [region]
|   |   |-> 6.23e-01 sec 0.4% 100.0% 0.0% 0.0% 0.00e+00 60 neoSimpleFoam.timeStep [region]
|   |-> 3.50e-01 sec 0.2% 100.0% 0.0% 0.0% 0.00e+00 30 assemble.explicitSource [region]
|   |   |-> 3.50e-01 sec 0.2% 100.0% 0.0% 0.0% 0.00e+00 30 neoSimpleFoam.momentumPredictor [region]
|   |       |-> 3.50e-01 sec 0.2% 100.0% 0.0% 0.0% 0.00e+00 30 neoSimpleFoam.timeStep [region]
|-> 2.94e+00 sec 1.8% 0.0% 0.0% 0.0% 0.00e+00 30 neoSimpleFoam.write [region]
|   |-> 2.94e+00 sec 1.8% 0.0% 0.0% 0.0% 0.00e+00 30 neoSimpleFoam.timeStep [region]
|-> 2.80e+00 sec 1.7% 100.0% 0.0% ------ 8208 computeGradBoundaryRefGrad [for]
|   |-> 1.35e+00 sec 0.8% 100.0% 0.0% 0.0% 0.00e+00 3960 neoSimpleFoam.pressureCorrector [region]
|   |   |-> 1.35e+00 sec 0.8% 100.0% 0.0% 0.0% 0.00e+00 3960 neoSimpleFoam.timeStep [region]
|   |-> 9.13e-01 sec 0.5% 100.0% 0.0% 0.0% 0.00e+00 2760 assemble.spatialImplicit [region]
|   |   |-> 4.66e-01 sec 0.3% 100.0% 0.0% 0.0% 0.00e+00 1440 neoSimpleFoam.turbulenceCorrect [region]
|   |   |   |-> 4.66e-01 sec 0.3% 100.0% 0.0% 0.0% 0.00e+00 1440 neoSimpleFoam.timeStep [region]
|   |   |-> 4.47e-01 sec 0.3% 100.0% 0.0% 0.0% 0.00e+00 1320 neoSimpleFoam.pressureCorrector.pEqn [region]
|   |       |-> 4.47e-01 sec 0.3% 100.0% 0.0% 0.0% 0.00e+00 1320 neoSimpleFoam.pressureCorrector [region]
|   |           |-> 4.47e-01 sec 0.3% 100.0% 0.0% 0.0% 0.00e+00 1320 neoSimpleFoam.timeStep [region]
|   |-> 5.08e-01 sec 0.3% 100.0% 0.0% 0.0% 0.00e+00 1440 neoSimpleFoam.turbulenceCorrect [region]
|   |   |-> 5.08e-01 sec 0.3% 100.0% 0.0% 0.0% 0.00e+00 1440 neoSimpleFoam.timeStep [region]
|-> 2.22e+00 sec 1.3% 100.0% 0.0% ------ 9955 extrapolateValue [for]
|   |-> 1.86e+00 sec 1.1% 100.0% 0.0% 0.0% 0.00e+00 8250 neoSimpleFoam.pressureCorrector [region]
|   |   |-> 1.86e+00 sec 1.1% 100.0% 0.0% 0.0% 0.00e+00 8250 neoSimpleFoam.timeStep [region]
|   |-> 3.59e-01 sec 0.2% 100.0% 0.0% 0.0% 0.00e+00 1650 neoSimpleFoam.turbulenceCorrect [region]
|   |   |-> 3.59e-01 sec 0.2% 100.0% 0.0% 0.0% 0.00e+00 1650 neoSimpleFoam.timeStep [region]
|-> 2.08e+00 sec 1.2% 0.0% 0.0% 0.0% 0.00e+00 30 momentum.construct [region]
|   |-> 2.08e+00 sec 1.2% 0.0% 0.0% 0.0% 0.00e+00 30 neoSimpleFoam.momentumPredictor [region]
|       |-> 2.08e+00 sec 1.2% 0.0% 0.0% 0.0% 0.00e+00 30 neoSimpleFoam.timeStep [region]
|-> 1.91e+00 sec 1.1% 100.0% 0.0% ------ 4004 computeGradTensorBoundaryReconstruct [for]
|   |-> 7.98e-01 sec 0.5% 100.0% 0.0% 0.0% 0.00e+00 1320 divlap.nonOrthCorr [region]
|   |   |-> 7.98e-01 sec 0.5% 100.0% 0.0% 0.0% 0.00e+00 1320 assemble.spatialImplicit [region]
|   |       |-> 7.98e-01 sec 0.5% 100.0% 0.0% 0.0% 0.00e+00 1320 momentum.assemble [region]
|   |           |-> 7.98e-01 sec 0.5% 100.0% 0.0% 0.0% 0.00e+00 1320 neoSimpleFoam.momentumPredictor [region]
|   |               |-> 7.98e-01 sec 0.5% 100.0% 0.0% 0.0% 0.00e+00 1320 neoSimpleFoam.timeStep [region]
|   |-> 6.76e-01 sec 0.4% 100.0% 0.0% 0.0% 0.00e+00 1320 clg.baseGrad [region]
|   |   |-> 6.76e-01 sec 0.4% 100.0% 0.0% 0.0% 0.00e+00 1320 luw.gradCompute [region]
|   |       |-> 6.76e-01 sec 0.4% 100.0% 0.0% 0.0% 0.00e+00 1320 divlap.deferredCorr [region]
|   |           |-> 6.76e-01 sec 0.4% 100.0% 0.0% 0.0% 0.00e+00 1320 assemble.spatialImplicit [region]
|   |               |-> 6.76e-01 sec 0.4% 100.0% 0.0% 0.0% 0.00e+00 1320 momentum.assemble [region]
|   |                   |-> 6.76e-01 sec 0.4% 100.0% 0.0% 0.0% 0.00e+00 1320 neoSimpleFoam.momentumPredictor [region]
|   |                       |-> 6.76e-01 sec 0.4% 100.0% 0.0% 0.0% 0.00e+00 1320 neoSimpleFoam.timeStep [region]
|   |-> 4.19e-01 sec 0.3% 100.0% 0.0% 0.0% 0.00e+00 1320 neoSimpleFoam.turbulenceCorrect [region]
|   |   |-> 4.19e-01 sec 0.3% 100.0% 0.0% 0.0% 0.00e+00 1320 neoSimpleFoam.timeStep [region]
|-> 1.76e+00 sec 1.0% 100.0% 0.0% ------ 91 computeGradTensorInternal [for]
|   |-> 7.10e-01 sec 0.4% 100.0% 0.0% 0.0% 0.00e+00 30 divlap.nonOrthCorr [region]
|   |   |-> 7.10e-01 sec 0.4% 100.0% 0.0% 0.0% 0.00e+00 30 assemble.spatialImplicit [region]
|   |       |-> 7.10e-01 sec 0.4% 100.0% 0.0% 0.0% 0.00e+00 30 momentum.assemble [region]
|   |           |-> 7.10e-01 sec 0.4% 100.0% 0.0% 0.0% 0.00e+00 30 neoSimpleFoam.momentumPredictor [region]
|   |               |-> 7.10e-01 sec 0.4% 100.0% 0.0% 0.0% 0.00e+00 30 neoSimpleFoam.timeStep [region]
|   |-> 6.07e-01 sec 0.4% 100.0% 0.0% 0.0% 0.00e+00 30 neoSimpleFoam.turbulenceCorrect [region]
|   |   |-> 6.07e-01 sec 0.4% 100.0% 0.0% 0.0% 0.00e+00 30 neoSimpleFoam.timeStep [region]
|   |-> 4.13e-01 sec 0.2% 100.0% 0.0% 0.0% 0.00e+00 30 clg.baseGrad [region]
|   |   |-> 4.13e-01 sec 0.2% 100.0% 0.0% 0.0% 0.00e+00 30 luw.gradCompute [region]
|   |       |-> 4.13e-01 sec 0.2% 100.0% 0.0% 0.0% 0.00e+00 30 divlap.deferredCorr [region]
|   |           |-> 4.13e-01 sec 0.2% 100.0% 0.0% 0.0% 0.00e+00 30 assemble.spatialImplicit [region]
|   |               |-> 4.13e-01 sec 0.2% 100.0% 0.0% 0.0% 0.00e+00 30 momentum.assemble [region]
|   |                   |-> 4.13e-01 sec 0.2% 100.0% 0.0% 0.0% 0.00e+00 30 neoSimpleFoam.momentumPredictor [region]
|   |                       |-> 4.13e-01 sec 0.2% 100.0% 0.0% 0.0% 0.00e+00 30 neoSimpleFoam.timeStep [region]
|-> 1.53e+00 sec 0.9% 0.0% 0.0% 0.0% 0.00e+00 30 luw.gradOpCtor [region]
|   |-> 1.53e+00 sec 0.9% 0.0% 0.0% 0.0% 0.00e+00 30 divlap.deferredCorr [region]
|       |-> 1.53e+00 sec 0.9% 0.0% 0.0% 0.0% 0.00e+00 30 assemble.spatialImplicit [region]
|           |-> 1.53e+00 sec 0.9% 0.0% 0.0% 0.0% 0.00e+00 30 momentum.assemble [region]
|               |-> 1.53e+00 sec 0.9% 0.0% 0.0% 0.0% 0.00e+00 30 neoSimpleFoam.momentumPredictor [region]
|                   |-> 1.53e+00 sec 0.9% 0.0% 0.0% 0.0% 0.00e+00 30 neoSimpleFoam.timeStep [region]
|-> 1.31e+00 sec 0.8% 100.0% 0.0% ------ 3102 parallelFor [for]
|   |-> 7.90e-01 sec 0.5% 100.0% 0.0% 0.0% 0.00e+00 2100 neoSimpleFoam.pressureCorrector [region]
|   |   |-> 7.90e-01 sec 0.5% 100.0% 0.0% 0.0% 0.00e+00 2100 neoSimpleFoam.timeStep [region]
|   |-> 1.84e-01 sec 0.1% 100.0% 0.0% 0.0% 0.00e+00 90 luw.applyCorr [region]
|   |   |-> 1.84e-01 sec 0.1% 100.0% 0.0% 0.0% 0.00e+00 90 divlap.deferredCorr [region]
|   |       |-> 1.84e-01 sec 0.1% 100.0% 0.0% 0.0% 0.00e+00 90 assemble.spatialImplicit [region]
|   |           |-> 1.84e-01 sec 0.1% 100.0% 0.0% 0.0% 0.00e+00 90 momentum.assemble [region]
|   |               |-> 1.84e-01 sec 0.1% 100.0% 0.0% 0.0% 0.00e+00 90 neoSimpleFoam.momentumPredictor [region]
|   |                   |-> 1.84e-01 sec 0.1% 100.0% 0.0% 0.0% 0.00e+00 90 neoSimpleFoam.timeStep [region]
|-> 9.21e-01 sec 0.6% 100.0% 0.0% ------ 2440 computeGradBoundaryFixedValue [for]
|   |-> 5.61e-01 sec 0.3% 100.0% 0.0% 0.0% 0.00e+00 1200 neoSimpleFoam.turbulenceCorrect [region]
|   |   |-> 5.61e-01 sec 0.3% 100.0% 0.0% 0.0% 0.00e+00 1200 neoSimpleFoam.timeStep [region]
|   |-> 3.48e-01 sec 0.2% 100.0% 0.0% 0.0% 0.00e+00 1200 assemble.spatialImplicit [region]
|   |   |-> 3.48e-01 sec 0.2% 100.0% 0.0% 0.0% 0.00e+00 1200 neoSimpleFoam.turbulenceCorrect [region]
|   |       |-> 3.48e-01 sec 0.2% 100.0% 0.0% 0.0% 0.00e+00 1200 neoSimpleFoam.timeStep [region]
|-> 9.04e-01 sec 0.5% 100.0% 0.0% ------ 4954 setGradientValue [for]
|   |-> 3.51e-01 sec 0.2% 100.0% 0.0% 0.0% 0.00e+00 1590 neoSimpleFoam.pressureCorrector [region]
|   |   |-> 3.51e-01 sec 0.2% 100.0% 0.0% 0.0% 0.00e+00 1590 neoSimpleFoam.timeStep [region]
|   |-> 3.49e-01 sec 0.2% 100.0% 0.0% 0.0% 0.00e+00 1590 neoSimpleFoam.turbulenceCorrect [region]
|   |   |-> 3.49e-01 sec 0.2% 100.0% 0.0% 0.0% 0.00e+00 1590 neoSimpleFoam.timeStep [region]
|   |-> 1.70e-01 sec 0.1% 100.0% 0.0% 0.0% 0.00e+00 1560 neoSimpleFoam.pressureCorrector.pEqn [region]
|   |   |-> 1.70e-01 sec 0.1% 100.0% 0.0% 0.0% 0.00e+00 1560 neoSimpleFoam.pressureCorrector [region]
|   |       |-> 1.70e-01 sec 0.1% 100.0% 0.0% 0.0% 0.00e+00 1560 neoSimpleFoam.timeStep [region]
|-> 7.76e-01 sec 0.5% 0.0% 0.0% 0.0% 0.00e+00 120 assemble.spatialImplicit [region]
|   |-> 5.54e-01 sec 0.3% 0.0% 0.0% 0.0% 0.00e+00 60 neoSimpleFoam.turbulenceCorrect [region]
|   |   |-> 5.54e-01 sec 0.3% 0.0% 0.0% 0.0% 0.00e+00 60 neoSimpleFoam.timeStep [region]
|   |-> 2.22e-01 sec 0.1% 0.0% 0.0% 0.0% 0.00e+00 30 neoSimpleFoam.pressureCorrector.pEqn [region]
|   |   |-> 2.22e-01 sec 0.1% 0.0% 0.0% 0.0% 0.00e+00 30 neoSimpleFoam.pressureCorrector [region]
|   |       |-> 2.22e-01 sec 0.1% 0.0% 0.0% 0.0% 0.00e+00 30 neoSimpleFoam.timeStep [region]
|-> 6.18e-01 sec 0.4% 100.0% 0.0% ------ 555 computeLinearInterpolationInternal [for]
|   |-> 2.20e-01 sec 0.1% 100.0% 0.0% 0.0% 0.00e+00 219 neoSimpleFoam.turbulenceCorrect [region]
|   |   |-> 2.20e-01 sec 0.1% 100.0% 0.0% 0.0% 0.00e+00 219 neoSimpleFoam.timeStep [region]
|-> 4.86e-01 sec 0.3% 100.0% 0.0% ------ 1530 kOmegaSST::omegaWFGFeedback [for]
|   |-> 4.86e-01 sec 0.3% 100.0% 0.0% 0.0% 0.00e+00 1530 neoSimpleFoam.turbulenceCorrect [region]
|       |-> 4.86e-01 sec 0.3% 100.0% 0.0% 0.0% 0.00e+00 1530 neoSimpleFoam.timeStep [region]
|-> 4.68e-01 sec 0.3% 100.0% 0.0% ------ 30 addDivCorrectionToRhs [for]
|   |-> 4.68e-01 sec 0.3% 100.0% 0.0% 0.0% 0.00e+00 30 divlap.deferredCorr [region]
|       |-> 4.68e-01 sec 0.3% 100.0% 0.0% 0.0% 0.00e+00 30 assemble.spatialImplicit [region]
|           |-> 4.68e-01 sec 0.3% 100.0% 0.0% 0.0% 0.00e+00 30 momentum.assemble [region]
|               |-> 4.68e-01 sec 0.3% 100.0% 0.0% 0.0% 0.00e+00 30 neoSimpleFoam.momentumPredictor [region]
|                   |-> 4.68e-01 sec 0.3% 100.0% 0.0% 0.0% 0.00e+00 30 neoSimpleFoam.timeStep [region]
|-> 4.48e-01 sec 0.3% 0.0% 0.0% 0.0% 0.00e+00 30 luw.applyCorr [region]
|   |-> 4.48e-01 sec 0.3% 0.0% 0.0% 0.0% 0.00e+00 30 divlap.deferredCorr [region]
|       |-> 4.48e-01 sec 0.3% 0.0% 0.0% 0.0% 0.00e+00 30 assemble.spatialImplicit [region]
|           |-> 4.48e-01 sec 0.3% 0.0% 0.0% 0.0% 0.00e+00 30 momentum.assemble [region]
|               |-> 4.48e-01 sec 0.3% 0.0% 0.0% 0.0% 0.00e+00 30 neoSimpleFoam.momentumPredictor [region]
|                   |-> 4.48e-01 sec 0.3% 0.0% 0.0% 0.0% 0.00e+00 30 neoSimpleFoam.timeStep [region]
|-> 4.42e-01 sec 0.3% 100.0% 0.0% ------ 90 computeLocalGaussGreenDivLaplacianCoefficients [for]
|   |-> 2.61e-01 sec 0.2% 100.0% 0.0% 0.0% 0.00e+00 60 assemble.spatialImplicit [region]
|   |   |-> 2.61e-01 sec 0.2% 100.0% 0.0% 0.0% 0.00e+00 60 neoSimpleFoam.turbulenceCorrect [region]
|   |       |-> 2.61e-01 sec 0.2% 100.0% 0.0% 0.0% 0.00e+00 60 neoSimpleFoam.timeStep [region]
|   |-> 1.81e-01 sec 0.1% 100.0% 0.0% 0.0% 0.00e+00 30 divlap.matrixCoeffs [region]
|       |-> 1.81e-01 sec 0.1% 100.0% 0.0% 0.0% 0.00e+00 30 assemble.spatialImplicit [region]
|           |-> 1.81e-01 sec 0.1% 100.0% 0.0% 0.0% 0.00e+00 30 momentum.assemble [region]
|               |-> 1.81e-01 sec 0.1% 100.0% 0.0% 0.0% 0.00e+00 30 neoSimpleFoam.momentumPredictor [region]
|                   |-> 1.81e-01 sec 0.1% 100.0% 0.0% 0.0% 0.00e+00 30 neoSimpleFoam.timeStep [region]
|-> 4.23e-01 sec 0.3% 100.0% 0.0% ------ 120 computeLaplacianImplicitCorrection [for]
|   |-> 3.50e-01 sec 0.2% 100.0% 0.0% 0.0% 0.00e+00 30 divlap.nonOrthCorr [region]
|   |   |-> 3.50e-01 sec 0.2% 100.0% 0.0% 0.0% 0.00e+00 30 assemble.spatialImplicit [region]
|   |       |-> 3.50e-01 sec 0.2% 100.0% 0.0% 0.0% 0.00e+00 30 momentum.assemble [region]
|   |           |-> 3.50e-01 sec 0.2% 100.0% 0.0% 0.0% 0.00e+00 30 neoSimpleFoam.momentumPredictor [region]
|   |               |-> 3.50e-01 sec 0.2% 100.0% 0.0% 0.0% 0.00e+00 30 neoSimpleFoam.timeStep [region]
|-> 4.08e-01 sec 0.2% 0.0% 0.0% 0.0% 0.00e+00 150 assemble.explicitSource [region]
|   |-> 2.44e-01 sec 0.1% 0.0% 0.0% 0.0% 0.00e+00 30 momentum.assemble [region]
|   |   |-> 2.44e-01 sec 0.1% 0.0% 0.0% 0.0% 0.00e+00 30 neoSimpleFoam.momentumPredictor [region]
|   |       |-> 2.44e-01 sec 0.1% 0.0% 0.0% 0.0% 0.00e+00 30 neoSimpleFoam.timeStep [region]
|-> 3.97e-01 sec 0.2% 100.0% 0.0% ------ 1445 setFixedValueVolume [for]
|   |-> 3.71e-01 sec 0.2% 100.0% 0.0% 0.0% 0.00e+00 1230 neoSimpleFoam.pressureCorrector [region]
|   |   |-> 3.71e-01 sec 0.2% 100.0% 0.0% 0.0% 0.00e+00 1230 neoSimpleFoam.timeStep [region]
|-> 3.89e-01 sec 0.2% 100.0% 0.0% ------ 555 computeLinearInterpolationBoundary [for]
|-> 3.79e-01 sec 0.2% 100.0% 0.0% ------ 1581 setNutUSpaldingWallFunction [for]
|   |-> 3.67e-01 sec 0.2% 100.0% 0.0% 0.0% 0.00e+00 1530 neoSimpleFoam.turbulenceCorrect [region]
|   |   |-> 3.67e-01 sec 0.2% 100.0% 0.0% 0.0% 0.00e+00 1530 neoSimpleFoam.timeStep [region]
|-> 3.49e-01 sec 0.2% 100.0% 0.0% ------ 1530 setOmegaWallFunction [for]
|   |-> 3.49e-01 sec 0.2% 100.0% 0.0% 0.0% 0.00e+00 1530 neoSimpleFoam.turbulenceCorrect [region]
|       |-> 3.49e-01 sec 0.2% 100.0% 0.0% 0.0% 0.00e+00 1530 neoSimpleFoam.timeStep [region]
|-> 3.30e-01 sec 0.2% 100.0% 0.0% ------ 1302 updateProcBoundaryOwnerValue [for]
|   |-> 1.87e-01 sec 0.1% 100.0% 0.0% 0.0% 0.00e+00 720 neoSimpleFoam.pressureCorrector [region]
|   |   |-> 1.87e-01 sec 0.1% 100.0% 0.0% 0.0% 0.00e+00 720 neoSimpleFoam.timeStep [region]
|-> 3.15e-01 sec 0.2% 0.0% 0.0% 0.0% 0.00e+00 30 divlap.nonOrthCorr [region]
|   |-> 3.15e-01 sec 0.2% 0.0% 0.0% 0.0% 0.00e+00 30 assemble.spatialImplicit [region]
|       |-> 3.15e-01 sec 0.2% 0.0% 0.0% 0.0% 0.00e+00 30 momentum.assemble [region]
|           |-> 3.15e-01 sec 0.2% 0.0% 0.0% 0.0% 0.00e+00 30 neoSimpleFoam.momentumPredictor [region]
|               |-> 3.15e-01 sec 0.2% 0.0% 0.0% 0.0% 0.00e+00 30 neoSimpleFoam.timeStep [region]
|-> 3.14e-01 sec 0.2% 100.0% 0.0% ------ 555 computeLinearInterpolationProcBoundary [for]
|-> 2.70e-01 sec 0.2% 100.0% 0.0% ------ 272 computeGradBoundary [for]
|-> 2.63e-01 sec 0.2% 100.0% 0.0% ------ 432 setContainer [for]
|-> 2.58e-01 sec 0.2% 100.0% 0.0% ------ 858 setProcBoundaryCoefficients [for]
|-> 2.29e-01 sec 0.1% 0.0% 0.0% 0.0% 0.00e+00 30 divlap.deferredCorr [region]
|   |-> 2.29e-01 sec 0.1% 0.0% 0.0% 0.0% 0.00e+00 30 assemble.spatialImplicit [region]
|       |-> 2.29e-01 sec 0.1% 0.0% 0.0% 0.0% 0.00e+00 30 momentum.assemble [region]
|           |-> 2.29e-01 sec 0.1% 0.0% 0.0% 0.0% 0.00e+00 30 neoSimpleFoam.momentumPredictor [region]
|               |-> 2.29e-01 sec 0.1% 0.0% 0.0% 0.0% 0.00e+00 30 neoSimpleFoam.timeStep [region]
|-> 2.28e-01 sec 0.1% 100.0% 0.0% ------ 272 computeGradCells [for]
|-> 2.27e-01 sec 0.1% 100.0% 0.0% ------ 91 computeGradTensorCells [for]
|-> 1.76e-01 sec 0.1% 100.0% 0.0% ------ 272 computeProcGradBoundary [for]
|-> 1.69e-01 sec 0.1% 100.0% 0.0% ------ 30 computeLocalLaplacianCoefficients [for]
|   |-> 1.69e-01 sec 0.1% 100.0% 0.0% 0.0% 0.00e+00 30 assemble.spatialImplicit [region]
|       |-> 1.69e-01 sec 0.1% 100.0% 0.0% 0.0% 0.00e+00 30 neoSimpleFoam.pressureCorrector.pEqn [region]
|           |-> 1.69e-01 sec 0.1% 100.0% 0.0% 0.0% 0.00e+00 30 neoSimpleFoam.pressureCorrector [region]
|               |-> 1.69e-01 sec 0.1% 100.0% 0.0% 0.0% 0.00e+00 30 neoSimpleFoam.timeStep [region]

KOKKOS HOST SPACE:
===================
MAX MEMORY ALLOCATED: 1290469.1 kB
ALLOCATIONS AT TIME OF HIGH WATER MARK:
  29.9% neoSimpleFoam.timeStep/neoSimpleFoam.momentumPredictor/momentum.assemble/assemble.spatialImplicit/divlap.deferredCorr/luw.gradOpCtor/Vector
  29.9% neoSimpleFoam.timeStep/neoSimpleFoam.momentumPredictor/momentum.assemble/assemble.spatialImplicit/divlap.deferredCorr/luw.gradOpCtor/Vector
  15.5% neoSimpleFoam.timeStep/neoSimpleFoam.momentumPredictor/momentum.assemble/assemble.spatialImplicit/divlap.deferredCorr/luw.gradOpCtor/Vector
  14.9% neoSimpleFoam.timeStep/neoSimpleFoam.momentumPredictor/momentum.assemble/assemble.spatialImplicit/divlap.deferredCorr/luw.gradOpCtor/Vector
  4.9% neoSimpleFoam.timeStep/neoSimpleFoam.momentumPredictor/momentum.assemble/assemble.spatialImplicit/divlap.deferredCorr/luw.gradOpCtor/Vector
  4.9% neoSimpleFoam.timeStep/neoSimpleFoam.momentumPredictor/momentum.assemble/assemble.spatialImplicit/divlap.deferredCorr/luw.gradOpCtor/Vector

KOKKOS CUDA SPACE:
===================
MAX MEMORY ALLOCATED: 0.0 kB
ALLOCATIONS AT TIME OF HIGH WATER MARK:

KOKKOS HIP SPACE:
===================
MAX MEMORY ALLOCATED: 0.0 kB
ALLOCATIONS AT TIME OF HIGH WATER MARK:

KOKKOS SYCL SPACE:
===================
MAX MEMORY ALLOCATED: 0.0 kB
ALLOCATIONS AT TIME OF HIGH WATER MARK:

KOKKOS OpenMPTarget SPACE:
===================
MAX MEMORY ALLOCATED: 0.0 kB
ALLOCATIONS AT TIME OF HIGH WATER MARK:

Host process high water mark memory consumption: 14750872 kB

END KOKKOS PROFILING REPORT.
Finalising parallel run
