event,t_ms,allocator_ref,allocator,live_bytes
0,0.000000,0x3900690,A1,14035168
1,0.661529,0x3900690,A1,28070336
2,1.180472,0x3900690,A1,70175840
3,2.622373,0x3900690,A1,112281344
4,3.988861,0x3900690,A1,126316512
5,4.489499,0x3900690,A1,168422016
6,5.856287,0x3900690,A1,210527520
7,7.288605,0x3900690,A1,252633024
8,8.671194,0x3900690,A1,259650608
9,9.871083,0x3d66fc0,A0,14100464
10,10.172978,0x3900690,A1,266668192
11,10.232239,0x3900690,A1,308773696
12,10.267427,0x3900690,A1,350879200
13,10.303467,0x3900690,A1,392984704
14,10.344523,0x3900690,A1,407019872
15,10.365432,0x3900690,A1,449125376
16,10.401131,0x3900690,A1,491230880
17,10.437611,0x3900690,A1,505266048
18,10.457138,0x3900690,A1,519301216
19,10.508539,0x3d66fc0,A0,28200928
20,10.510351,0x3900690,A1,519301216
21,11.016607,0x3d66fc0,A0,70502320
22,12.405795,0x3d66fc0,A0,112803712
23,12.717634,0x37e4630,A2,11422632
24,13.311520,0x37e4630,A2,22845264
25,13.884096,0x37e4630,A2,57113160
26,14.069551,0x3d66fc0,A0,126904176
27,14.691416,0x3d66fc0,A0,169205568
28,15.200796,0x37e4630,A2,91381056
29,15.210068,0x3900690,A1,519632776
30,15.261789,0x3900690,A1,519964336
31,15.413308,0x3900690,A1,519632776
32,15.492136,0x3900690,A1,512615192
33,15.496782,0x3900690,A1,470509688
34,15.498244,0x3900690,A1,428404184
35,15.499736,0x3900690,A1,386298680
36,15.502460,0x3900690,A1,372263512
37,15.503141,0x3900690,A1,330158008
38,15.503712,0x3900690,A1,288052504
39,15.504242,0x3900690,A1,274017336
40,15.505124,0x3900690,A1,259982168
41,15.512694,0x3900690,A1,266999752
42,15.537909,0x3900690,A1,309105256
43,15.572256,0x3900690,A1,351210760
44,15.606273,0x3900690,A1,393316264
45,15.643494,0x3900690,A1,407351432
46,15.664312,0x3900690,A1,449456936
47,15.698810,0x3900690,A1,491562440
48,15.734649,0x3900690,A1,505597608
49,15.789945,0x3900690,A1,519632776
50,15.810203,0x3900690,A1,519964336
51,15.835788,0x3900690,A1,717298284
52,16.790159,0x3d66fc0,A0,211506960
53,16.979159,0x37e4630,A2,102803688
54,17.681384,0x37e4630,A2,137071584
55,19.442834,0x3d66fc0,A0,253808352
56,19.735466,0x37e4630,A2,171339480
57,21.754690,0x37e4630,A2,205607376
58,22.018132,0x3d66fc0,A0,260858584
59,22.339884,0x4497370,A3,10897976
60,22.548671,0x3d66fc0,A0,267908816
61,22.765249,0x3d66fc0,A0,310210208
62,22.801849,0x3d66fc0,A0,352511600
63,22.839541,0x3d66fc0,A0,394812992
64,22.882280,0x3d66fc0,A0,408913456
65,22.907584,0x3d66fc0,A0,451214848
66,22.942843,0x3d66fc0,A0,493516240
67,22.978422,0x3d66fc0,A0,507616704
68,23.000662,0x3d66fc0,A0,521717168
69,23.064911,0x3d66fc0,A0,521717168
70,23.131582,0x4497370,A3,21795952
71,23.747398,0x37e4630,A2,211318692
72,23.754548,0x4497370,A3,54489880
73,24.082609,0x37e4630,A2,217030008
74,24.132207,0x37e4630,A2,251297904
75,24.163380,0x37e4630,A2,285565800
76,24.194392,0x37e4630,A2,319833696
77,24.230983,0x37e4630,A2,331256328
78,24.250630,0x37e4630,A2,365524224
79,24.280641,0x37e4630,A2,399792120
80,24.314337,0x37e4630,A2,411214752
81,24.332853,0x37e4630,A2,422637384
82,24.382991,0x37e4630,A2,422637384
83,25.097954,0x4497370,A3,87183808
84,26.392703,0x4497370,A3,98081784
85,26.467355,0x3900690,A1,921649816
86,27.605749,0x3d66fc0,A0,522057740
87,27.648909,0x3d66fc0,A0,522398312
88,27.763566,0x3d66fc0,A0,522057740
89,27.824480,0x3d66fc0,A0,515007508
90,27.829116,0x3d66fc0,A0,472706116
91,27.830909,0x3d66fc0,A0,430404724
92,27.832020,0x3d66fc0,A0,388103332
93,27.836176,0x3d66fc0,A0,374002868
94,27.836897,0x3d66fc0,A0,331701476
95,27.837338,0x3d66fc0,A0,289400084
96,27.837748,0x3d66fc0,A0,275299620
97,27.838509,0x3d66fc0,A0,261199156
98,27.844798,0x3d66fc0,A0,268249388
99,27.869261,0x3d66fc0,A0,310550780
100,27.903979,0x3d66fc0,A0,352852172
101,27.939268,0x3d66fc0,A0,395153564
102,27.976589,0x3d66fc0,A0,409254028
103,27.997868,0x3d66fc0,A0,451555420
104,28.033327,0x3d66fc0,A0,493856812
105,28.067724,0x3d66fc0,A0,507957276
106,28.124702,0x3d66fc0,A0,522057740
107,28.145741,0x3d66fc0,A0,522398312
108,28.167501,0x3d66fc0,A0,719681840
109,28.556616,0x37e4630,A2,423075328
110,28.616338,0x37e4630,A2,423513272
111,28.739407,0x37e4630,A2,423075328
112,28.786462,0x4497370,A3,130775712
113,28.804997,0x37e4630,A2,417364012
114,28.809714,0x37e4630,A2,383096116
115,28.811166,0x37e4630,A2,348828220
116,28.812668,0x37e4630,A2,314560324
117,28.815742,0x37e4630,A2,303137692
118,28.816503,0x37e4630,A2,268869796
119,28.817084,0x37e4630,A2,234601900
120,28.817705,0x37e4630,A2,223179268
121,28.818486,0x37e4630,A2,211756636
122,28.829611,0x37e4630,A2,217467952
123,28.853864,0x37e4630,A2,251735848
124,28.884546,0x37e4630,A2,286003744
125,28.914768,0x37e4630,A2,320271640
126,28.946461,0x37e4630,A2,331694272
127,28.967070,0x37e4630,A2,365962168
128,28.996720,0x37e4630,A2,400230064
129,29.026722,0x37e4630,A2,411652696
130,29.080506,0x37e4630,A2,423075328
131,29.098931,0x37e4630,A2,423513272
132,29.127530,0x37e4630,A2,620559440
133,30.906324,0x4497370,A3,163469640
134,33.198864,0x4497370,A3,196163568
135,35.393119,0x4497370,A3,201612556
136,36.876798,0x4497370,A3,207061544
137,37.091623,0x4497370,A3,239755472
138,37.125840,0x4497370,A3,272449400
139,37.158795,0x4497370,A3,305143328
140,37.198630,0x4497370,A3,316041304
141,37.221231,0x4497370,A3,348735232
142,37.228701,0x3900690,A1,1330352880
143,37.252033,0x4497370,A3,381429160
144,37.284137,0x4497370,A3,392327136
145,37.302793,0x4497370,A3,403225112
146,37.357708,0x4497370,A3,403225112
147,40.541933,0x3d66fc0,A0,924015600
148,41.745387,0x37e4630,A2,823316924
149,42.111800,0x4497370,A3,403668620
150,42.199220,0x4497370,A3,404112128
151,42.349136,0x4497370,A3,403668620
152,42.421275,0x4497370,A3,398219632
153,42.426262,0x4497370,A3,365525704
154,42.427914,0x4497370,A3,332831776
155,42.429166,0x4497370,A3,300137848
156,42.431800,0x4497370,A3,289239872
157,42.432601,0x4497370,A3,256545944
158,42.433052,0x4497370,A3,223852016
159,42.433602,0x4497370,A3,212954040
160,42.434433,0x4497370,A3,202056064
161,42.441613,0x4497370,A3,207505052
162,42.467389,0x4497370,A3,240198980
163,42.497230,0x4497370,A3,272892908
164,42.527662,0x4497370,A3,305586836
165,42.561168,0x4497370,A3,316484812
166,42.581926,0x4497370,A3,349178740
167,42.610165,0x4497370,A3,381872668
168,42.638944,0x4497370,A3,392770644
169,42.701771,0x4497370,A3,403668620
170,42.720657,0x4497370,A3,404112128
171,42.751399,0x4497370,A3,601084628
172,54.121000,0x3d66fc0,A0,1332683120
173,55.015409,0x37e4630,A2,1228831892
174,55.842556,0x4497370,A3,803506116
175,63.767584,0x3900690,A1,2556462072
176,69.312623,0x4497370,A3,1208349092
177,81.880481,0x3d66fc0,A0,2558685680
178,82.177278,0x37e4630,A2,2445376796
179,96.736933,0x4497370,A3,2422878020
180,145.417918,0x3900690,A1,3782571264
181,163.616262,0x37e4630,A2,3661921700
182,165.164559,0x3d66fc0,A0,3784688240
183,179.110050,0x4497370,A3,3637406948
184,229.781700,0x3900690,A1,4174579848
185,246.684554,0x37e4630,A2,4053930284
186,250.141504,0x3d66fc0,A0,4176696824
187,256.202441,0x3900690,A1,4305249376
188,261.685565,0x4497370,A3,4029415556
189,272.269096,0x37e4630,A2,4184599812
190,275.767423,0x3d66fc0,A0,4307366352
191,285.228141,0x4497370,A3,4160085092
192,375.328956,0x3900690,A1,4435918904
193,375.445416,0x3900690,A1,4827927488
194,375.659961,0x3900690,A1,6054036680
195,376.282186,0x3900690,A1,7280145872
196,376.912261,0x3900690,A1,7688848936
197,377.128148,0x3900690,A1,7893200468
198,377.244027,0x3900690,A1,8090534416
199,377.361579,0x3900690,A1,8097552000
200,377.377541,0x3900690,A1,8139657504
201,377.410085,0x3900690,A1,8181763008
202,377.443792,0x3900690,A1,8223868512
203,377.479330,0x3900690,A1,8237903680
204,377.498727,0x3900690,A1,8280009184
205,377.532013,0x3900690,A1,8322114688
206,377.567041,0x3900690,A1,8336149856
207,377.587199,0x3900690,A1,8350185024
208,377.610110,0x3900690,A1,8350516584
209,385.518856,0x37e4630,A2,4315269340
210,385.615840,0x37e4630,A2,4707277924
211,385.825448,0x37e4630,A2,5923822828
212,386.435185,0x37e4630,A2,7140367732
213,387.051793,0x37e4630,A2,7545882700
214,387.263523,0x37e4630,A2,7748640184
215,387.378381,0x37e4630,A2,7945686352
216,387.491517,0x37e4630,A2,7951397668
217,387.507328,0x37e4630,A2,7985665564
218,387.536048,0x37e4630,A2,8019933460
219,387.565358,0x37e4630,A2,8054201356
220,387.596741,0x37e4630,A2,8065623988
221,387.615267,0x37e4630,A2,8099891884
222,387.643966,0x37e4630,A2,8134159780
223,387.672475,0x37e4630,A2,8145582412
224,387.691501,0x37e4630,A2,8157005044
225,387.709777,0x37e4630,A2,8157442988
226,390.309298,0x3d66fc0,A0,4438035880
227,390.558130,0x3d66fc0,A0,4830044464
228,390.768019,0x3d66fc0,A0,6056047024
229,391.391065,0x3d66fc0,A0,7282049584
230,392.018457,0x3d66fc0,A0,7690717104
231,392.234844,0x3d66fc0,A0,7895050864
232,392.351324,0x3d66fc0,A0,8092334392
233,392.465771,0x3d66fc0,A0,8099384624
234,392.481383,0x3d66fc0,A0,8141686016
235,392.514278,0x3d66fc0,A0,8183987408
236,392.547503,0x3d66fc0,A0,8226288800
237,392.583152,0x3d66fc0,A0,8240389264
238,392.602289,0x3d66fc0,A0,8282690656
239,392.635314,0x3d66fc0,A0,8324992048
240,392.668690,0x3d66fc0,A0,8339092512
241,392.687756,0x3d66fc0,A0,8353192976
242,392.706632,0x3d66fc0,A0,8353533548
243,392.922098,0x4497370,A3,4290754628
244,393.170559,0x4497370,A3,4682763236
245,393.381720,0x4497370,A3,5897292164
246,393.398362,0x3900690,A1,8219847056
247,393.408216,0x37e4630,A2,8026773460
248,393.412131,0x3900690,A1,7827838472
249,393.413293,0x3900690,A1,6601729280
250,393.414845,0x3900690,A1,5375620088
251,393.415226,0x37e4630,A2,7634764876
252,393.415656,0x3900690,A1,4966917024
253,393.416587,0x37e4630,A2,6418219972
254,393.416698,0x3900690,A1,4762565492
255,393.417238,0x3900690,A1,4565231544
256,393.417579,0x37e4630,A2,5201675068
257,393.418200,0x37e4630,A2,4796160100
258,393.418941,0x37e4630,A2,4593402616
259,393.419832,0x37e4630,A2,4396356448
260,393.421424,0x3900690,A1,4564899984
261,393.422345,0x3900690,A1,4550864816
262,393.423076,0x37e4630,A2,4395918504
263,393.423086,0x3900690,A1,4536829648
264,393.423727,0x3900690,A1,4494724144
265,393.424158,0x3900690,A1,4452618640
266,393.424408,0x37e4630,A2,4384495872
267,393.424909,0x3900690,A1,4438583472
268,393.425360,0x37e4630,A2,4373073240
269,393.425440,0x3900690,A1,4396477968
270,393.425970,0x3900690,A1,4354372464
271,393.426040,0x37e4630,A2,4338805344
272,393.426311,0x3d66fc0,A0,8222864020
273,393.426421,0x3900690,A1,4312266960
274,393.426541,0x37e4630,A2,4304537448
275,393.427072,0x37e4630,A2,4293114816
276,393.427573,0x37e4630,A2,4258846920
277,393.428003,0x37e4630,A2,4224579024
278,393.428404,0x37e4630,A2,4190311128
279,393.433741,0x3d66fc0,A0,7830855436
280,393.435323,0x3d66fc0,A0,6604852876
281,393.436805,0x3d66fc0,A0,5378850316
282,393.437797,0x3d66fc0,A0,4970182796
283,393.438668,0x3d66fc0,A0,4765849036
284,393.439239,0x3d66fc0,A0,4568565508
285,393.442693,0x3d66fc0,A0,4568224936
286,393.443625,0x3d66fc0,A0,4554124472
287,393.444796,0x3d66fc0,A0,4540024008
288,393.445407,0x3900690,A1,4305249376
289,393.445507,0x3d66fc0,A0,4497722616
290,393.445988,0x3d66fc0,A0,4455421224
291,393.446438,0x3d66fc0,A0,4441320760
292,393.446969,0x3d66fc0,A0,4399019368
293,393.447009,0x3900690,A1,4304917816
294,393.447400,0x3d66fc0,A0,4356717976
295,393.447810,0x3d66fc0,A0,4314416584
296,393.447991,0x3900690,A1,4290882648
297,393.448471,0x3900690,A1,4276847480
298,393.448922,0x3900690,A1,4234741976
299,393.449383,0x3900690,A1,4192636472
300,393.449803,0x3900690,A1,4178601304
301,393.450224,0x3900690,A1,4136495800
302,393.452627,0x3900690,A1,4094390296
303,393.453198,0x3900690,A1,4052284792
304,393.453678,0x3900690,A1,4045267208
305,393.459857,0x3d66fc0,A0,4307366352
306,393.460988,0x3d66fc0,A0,4307025780
307,393.462060,0x3d66fc0,A0,4292925316
308,393.462661,0x3d66fc0,A0,4278824852
309,393.463422,0x3d66fc0,A0,4236523460
310,393.463882,0x3d66fc0,A0,4194222068
311,393.464313,0x3d66fc0,A0,4180121604
312,393.464714,0x3d66fc0,A0,4137820212
313,393.464994,0x37e4630,A2,4184599812
314,393.466446,0x37e4630,A2,4184161868
315,393.466666,0x3d66fc0,A0,4095518820
316,393.467117,0x3d66fc0,A0,4053217428
317,393.467427,0x37e4630,A2,4172739236
318,393.467537,0x3d66fc0,A0,4046167196
319,393.467928,0x37e4630,A2,4161316604
320,393.468449,0x37e4630,A2,4127048708
321,393.468909,0x37e4630,A2,4092780812
322,393.469340,0x37e4630,A2,4081358180
323,393.469761,0x37e4630,A2,4047090284
324,393.472304,0x37e4630,A2,4012822388
325,393.472735,0x37e4630,A2,3978554492
326,393.473145,0x37e4630,A2,3972843176
327,393.993500,0x4497370,A3,7111821092
328,394.616847,0x4497370,A3,7516664068
329,394.830540,0x4497370,A3,7719085556
330,394.945839,0x4497370,A3,7916058056
331,395.057292,0x4497370,A3,7921507044
332,395.072953,0x4497370,A3,7954200972
333,395.100902,0x4497370,A3,7986894900
334,395.129401,0x4497370,A3,8019588828
335,395.158180,0x4497370,A3,8030486804
336,395.176105,0x4497370,A3,8063180732
337,395.204374,0x4497370,A3,8095874660
338,395.232983,0x4497370,A3,8106772636
339,395.251378,0x4497370,A3,8117670612
340,395.269003,0x4497370,A3,8118114120
341,395.877449,0x4497370,A3,7987444584
342,395.884148,0x4497370,A3,7595435976
343,395.885520,0x4497370,A3,6380907048
344,395.886671,0x4497370,A3,5166378120
345,395.888123,0x4497370,A3,4761535144
346,395.889365,0x4497370,A3,4559113656
347,395.890286,0x4497370,A3,4362141156
348,395.893741,0x4497370,A3,4361697648
349,395.894862,0x4497370,A3,4350799672
350,395.895754,0x4497370,A3,4339901696
351,395.896425,0x4497370,A3,4307207768
352,395.896955,0x4497370,A3,4274513840
353,395.897476,0x4497370,A3,4263615864
354,395.898157,0x4497370,A3,4230921936
355,395.898568,0x4497370,A3,4198228008
356,395.899018,0x4497370,A3,4165534080
357,395.909162,0x4497370,A3,4160085092
358,395.910674,0x4497370,A3,4159641584
359,395.911585,0x4497370,A3,4148743608
360,395.912226,0x4497370,A3,4137845632
361,395.912697,0x4497370,A3,4105151704
362,395.913268,0x4497370,A3,4072457776
363,395.913678,0x4497370,A3,4061559800
364,395.914169,0x4497370,A3,4028865872
365,395.916402,0x4497370,A3,3996171944
366,395.916843,0x4497370,A3,3963478016
367,395.917333,0x4497370,A3,3958029028
368,648.682822,0x4497370,A3,4088698564
369,648.683032,0x3900690,A1,4175936736
370,648.683062,0x3d66fc0,A0,4176836724
371,648.683543,0x37e4630,A2,4103512704
372,651.698806,0x37e4630,A2,4114935336
373,651.698956,0x3900690,A1,4189971904
374,651.710192,0x37e4630,A2,4126357968
375,651.710362,0x3900690,A1,4204007072
376,651.716700,0x37e4630,A2,4137780600
377,651.716781,0x3900690,A1,4218042240
378,651.720436,0x3900690,A1,4232077408
379,651.720846,0x37e4630,A2,4149203232
380,651.727906,0x3900690,A1,4232077636
381,651.728316,0x37e4630,A2,4149203460
382,651.826011,0x37e4630,A2,4279872988
383,651.826021,0x3900690,A1,4362747164
384,651.899361,0x4497370,A3,4099596540
385,651.910367,0x4497370,A3,4110494516
386,651.915003,0x37e4630,A2,4291295620
387,651.915444,0x3900690,A1,4376782332
388,651.917506,0x4497370,A3,4121392492
389,651.921982,0x4497370,A3,4132290468
390,651.928231,0x4497370,A3,4132290700
391,651.934129,0x37e4630,A2,4302718252
392,651.935962,0x3900690,A1,4390817500
393,652.037261,0x37e4630,A2,4314140884
394,652.041367,0x3900690,A1,4404852668
395,652.055546,0x3d66fc0,A0,4190937188
396,652.064048,0x37e4630,A2,4325563516
397,652.067042,0x3d66fc0,A0,4205037652
398,652.070126,0x3900690,A1,4418887836
399,652.073471,0x3d66fc0,A0,4219138116
400,652.077716,0x3d66fc0,A0,4233238580
401,652.082273,0x37e4630,A2,4325563744
402,652.082463,0x3d66fc0,A0,4233238812
403,652.090043,0x3900690,A1,4418888064
404,652.103081,0x37e4630,A2,4325563516
405,652.109050,0x3900690,A1,4418887836
406,652.117111,0x37e4630,A2,4314140884
407,652.117131,0x3900690,A1,4404852668
408,652.118523,0x37e4630,A2,4302718252
409,652.118623,0x3900690,A1,4390817500
410,652.119674,0x37e4630,A2,4291295620
411,652.119864,0x3900690,A1,4376782332
412,652.120285,0x37e4630,A2,4279872988
413,652.120395,0x3900690,A1,4362747164
414,652.120846,0x37e4630,A2,4149203460
415,652.121136,0x3900690,A1,4232077636
416,652.134014,0x37e4630,A2,4279872988
417,652.134094,0x3900690,A1,4362747164
418,652.312449,0x4497370,A3,4262960236
419,652.609227,0x3d66fc0,A0,4363908340
420,652.820387,0x4497370,A3,4273858212
421,653.046007,0x3d66fc0,A0,4378008804
422,653.211534,0x4497370,A3,4284756188
423,653.378073,0x3d66fc0,A0,4392109268
424,653.678776,0x4497370,A3,4295654164
425,653.837655,0x3d66fc0,A0,4406209732
426,653.872372,0x4497370,A3,4306552140
427,654.038070,0x3d66fc0,A0,4420310196
428,654.197599,0x4497370,A3,4306552372
429,654.362736,0x3d66fc0,A0,4420310428
430,654.527292,0x4497370,A3,4306552140
431,654.535634,0x4497370,A3,4295654164
432,654.537156,0x4497370,A3,4284756188
433,654.538588,0x4497370,A3,4273858212
434,654.539809,0x4497370,A3,4262960236
435,654.540610,0x4497370,A3,4132290700
436,654.560127,0x4497370,A3,4262960236
437,654.679812,0x3d66fc0,A0,4420310196
438,654.687032,0x3d66fc0,A0,4406209732
439,654.688634,0x3d66fc0,A0,4392109268
440,654.689866,0x3d66fc0,A0,4378008804
441,654.690767,0x3d66fc0,A0,4363908340
442,654.691678,0x3d66fc0,A0,4233238812
443,654.707310,0x3d66fc0,A0,4363908340
444,659.712306,0x37e4630,A2,4149203460
445,659.821686,0x3900690,A1,4232077636
446,661.298395,0x37e4630,A2,4160626092
447,661.866426,0x37e4630,A2,4149203460
448,662.161081,0x3900690,A1,4246112804
449,662.584693,0x4497370,A3,4132290700
450,662.622244,0x37e4630,A2,4149431572
451,662.634181,0x37e4630,A2,4149431572
452,662.722272,0x3900690,A1,4232077636
453,662.729442,0x3d66fc0,A0,4233238812
454,663.056671,0x37e4630,A2,4149431572
455,663.104227,0x37e4630,A2,4150079348
456,663.111326,0x37e4630,A2,4150079348
457,663.123603,0x37e4630,A2,4150079348
458,663.125155,0x37e4630,A2,4150079348
459,663.430435,0x3900690,A1,4232516092
460,663.438706,0x3900690,A1,4232516092
461,663.582514,0x4497370,A3,4143188676
462,663.778823,0x3900690,A1,4232516092
463,663.813511,0x3900690,A1,4232740756
464,663.819429,0x3900690,A1,4232740756
465,663.828181,0x3900690,A1,4232740756
466,663.829703,0x3900690,A1,4232740756
467,663.911205,0x4497370,A3,4132290700
468,664.161399,0x3d66fc0,A0,4247339276
469,664.559356,0x3d66fc0,A0,4233238812
470,664.560848,0x4497370,A3,4132305276
471,664.569329,0x4497370,A3,4132305276
472,664.855393,0x4497370,A3,4132305276
473,664.895718,0x4497370,A3,4132953052
474,664.900224,0x4497370,A3,4132953052
475,664.907584,0x4497370,A3,4132953052
476,664.908986,0x4497370,A3,4132953052
477,665.256043,0x4497370,A3,4133177716
478,665.259187,0x4497370,A3,4133177716
479,665.263874,0x4497370,A3,4133177716
480,665.264885,0x4497370,A3,4133177716
481,665.265826,0x4497370,A3,4133177716
482,665.916891,0x3d66fc0,A0,4233466924
483,665.924141,0x3d66fc0,A0,4233466924
484,666.177108,0x3d66fc0,A0,4233466924
485,666.231954,0x3d66fc0,A0,4233905380
486,666.236810,0x3d66fc0,A0,4233905380
487,666.244301,0x3d66fc0,A0,4233905380
488,666.246003,0x3d66fc0,A0,4233905380
489,666.537794,0x3d66fc0,A0,4233919956
490,666.540828,0x3d66fc0,A0,4233919956
491,666.546206,0x3d66fc0,A0,4233919956
492,666.547217,0x3d66fc0,A0,4233919956
493,666.548138,0x3d66fc0,A0,4233919956
494,673.340240,0x3900690,A1,4232302300
495,673.345728,0x3900690,A1,4232077636
496,673.352047,0x3900690,A1,4362747164
497,673.439196,0x3900690,A1,4376782332
498,673.461457,0x3900690,A1,4390817500
499,673.494823,0x3900690,A1,4404852668
500,673.516202,0x3900690,A1,4418887836
501,673.536620,0x3900690,A1,4418888064
502,673.571758,0x3900690,A1,4418887836
503,673.573060,0x3900690,A1,4404852668
504,673.573911,0x3900690,A1,4390817500
505,673.574672,0x3900690,A1,4376782332
506,673.575524,0x3900690,A1,4362747164
507,673.576074,0x3900690,A1,4232077636
508,673.579890,0x3900690,A1,4362747164
509,673.596512,0x3d66fc0,A0,4233691844
510,673.599947,0x3d66fc0,A0,4233253388
511,673.601359,0x3d66fc0,A0,4233238812
512,673.605174,0x3d66fc0,A0,4363908340
513,673.615068,0x4497370,A3,4133163140
514,673.618753,0x37e4630,A2,4149851236
515,673.618793,0x4497370,A3,4132515364
516,673.620025,0x4497370,A3,4132290700
517,673.622899,0x37e4630,A2,4149203460
518,673.623349,0x4497370,A3,4262960236
519,673.627415,0x37e4630,A2,4279872988
520,673.656935,0x3900690,A1,4376782332
521,673.676372,0x3900690,A1,4390817500
522,673.695318,0x3900690,A1,4404852668
523,673.710299,0x37e4630,A2,4291295620
524,673.714565,0x3900690,A1,4418887836
525,673.730777,0x37e4630,A2,4302718252
526,673.735263,0x3900690,A1,4418888064
527,673.751916,0x3900690,A1,4549557592
528,673.761860,0x37e4630,A2,4314140884
529,673.781607,0x37e4630,A2,4325563516
530,673.800002,0x37e4630,A2,4325563744
531,673.827820,0x37e4630,A2,4325563516
532,673.828341,0x3900690,A1,4563592760
533,673.829282,0x37e4630,A2,4314140884
534,673.830003,0x37e4630,A2,4302718252
535,673.830995,0x37e4630,A2,4291295620
536,673.831816,0x37e4630,A2,4279872988
537,673.832467,0x37e4630,A2,4149203460
538,673.834870,0x37e4630,A2,4279872988
539,673.847307,0x3900690,A1,4577627928
540,673.866343,0x3900690,A1,4591663096
541,673.885239,0x3900690,A1,4605698264
542,673.905517,0x3900690,A1,4605698492
543,673.909542,0x37e4630,A2,4291295620
544,673.920217,0x3900690,A1,4736368020
545,673.927788,0x37e4630,A2,4302718252
546,673.945121,0x37e4630,A2,4314140884
547,673.976725,0x37e4630,A2,4325563516
548,673.995851,0x37e4630,A2,4325563744
549,673.996542,0x3900690,A1,4750403188
550,674.010992,0x37e4630,A2,4456233272
551,674.015698,0x3900690,A1,4764438356
552,674.034825,0x3900690,A1,4778473524
553,674.053410,0x3900690,A1,4792508692
554,674.072406,0x3900690,A1,4792508920
555,674.085574,0x37e4630,A2,4467655904
556,674.090391,0x3900690,A1,4923178448
557,674.103469,0x37e4630,A2,4479078536
558,674.123076,0x37e4630,A2,4490501168
559,674.125409,0x3d66fc0,A0,4378008804
560,674.140420,0x37e4630,A2,4501923800
561,674.158194,0x37e4630,A2,4501924028
562,674.165694,0x3900690,A1,4937213616
563,674.172784,0x37e4630,A2,4632593556
564,674.185111,0x3900690,A1,4951248784
565,674.205589,0x3900690,A1,4965283952
566,674.224375,0x3900690,A1,4979319120
567,674.243722,0x3900690,A1,4979319348
568,674.249970,0x37e4630,A2,4644016188
569,674.258532,0x3900690,A1,5109988876
570,674.267675,0x37e4630,A2,4655438820
571,674.285149,0x37e4630,A2,4666861452
572,674.302212,0x37e4630,A2,4678284084
573,674.321939,0x37e4630,A2,4678284312
574,674.335277,0x3900690,A1,5124024044
575,674.336299,0x37e4630,A2,4808953840
576,674.354394,0x3900690,A1,5138059212
577,674.370606,0x4497370,A3,4273858212
578,674.374231,0x3900690,A1,5152094380
579,674.393167,0x3900690,A1,5166129548
580,674.410661,0x37e4630,A2,4820376472
581,674.411612,0x3900690,A1,5166129776
582,674.428656,0x37e4630,A2,4831799104
583,674.440302,0x3900690,A1,5296799304
584,674.448022,0x37e4630,A2,4843221736
585,674.466127,0x37e4630,A2,4854644368
586,674.483922,0x37e4630,A2,4854644596
587,674.497340,0x37e4630,A2,4985314124
588,674.517318,0x3d66fc0,A0,4392109268
589,674.517558,0x3900690,A1,5310834472
590,674.541721,0x3900690,A1,5324869640
591,674.560807,0x3900690,A1,5338904808
592,674.573214,0x37e4630,A2,4996736756
593,674.579523,0x3900690,A1,5352939976
594,674.591229,0x37e4630,A2,5008159388
595,674.600151,0x3900690,A1,5352940204
596,674.609544,0x37e4630,A2,5019582020
597,674.616173,0x3900690,A1,5483609732
598,674.627299,0x37e4630,A2,5031004652
599,674.644863,0x37e4630,A2,5031004880
600,674.661966,0x37e4630,A2,5161674408
601,674.680702,0x4497370,A3,4284756188
602,674.691537,0x3900690,A1,5497644900
603,674.710894,0x3900690,A1,5511680068
604,674.730250,0x3900690,A1,5525715236
605,674.738461,0x37e4630,A2,5173097040
606,674.749116,0x3900690,A1,5539750404
607,674.761073,0x37e4630,A2,5184519672
608,674.767782,0x3900690,A1,5539750632
609,674.778527,0x37e4630,A2,5195942304
610,674.780339,0x3900690,A1,5670420160
611,674.795991,0x37e4630,A2,5207364936
612,674.813805,0x37e4630,A2,5207365164
613,674.827404,0x37e4630,A2,5338034692
614,674.849043,0x3d66fc0,A0,4406209732
615,674.857004,0x3900690,A1,5684455328
616,674.876211,0x3900690,A1,5698490496
617,674.902146,0x37e4630,A2,5349457324
618,674.921713,0x37e4630,A2,5360879956
619,674.939398,0x37e4630,A2,5372302588
620,674.956852,0x37e4630,A2,5383725220
621,674.975167,0x37e4630,A2,5383725448
622,674.980524,0x3900690,A1,5712525664
623,674.988074,0x37e4630,A2,5514394976
624,675.004617,0x3900690,A1,5726560832
625,675.012127,0x4497370,A3,4295654164
626,675.024364,0x3900690,A1,5726561060
627,675.042639,0x3900690,A1,5726560832
628,675.043961,0x3900690,A1,5712525664
629,675.044382,0x3900690,A1,5698490496
630,675.044903,0x3900690,A1,5684455328
631,675.045624,0x3900690,A1,5670420160
632,675.046124,0x3900690,A1,5539750632
633,675.051391,0x3900690,A1,5670420160
634,675.064089,0x37e4630,A2,5525817608
635,675.081953,0x37e4630,A2,5537240240
636,675.128407,0x3900690,A1,5684455328
637,675.147133,0x3900690,A1,5698490496
638,675.165729,0x3900690,A1,5712525664
639,675.174000,0x3d66fc0,A0,4420310196
640,675.185115,0x3900690,A1,5726560832
641,675.185506,0x37e4630,A2,5548662872
642,675.205493,0x3900690,A1,5726561060
643,675.208758,0x37e4630,A2,5560085504
644,675.222116,0x3900690,A1,5726560832
645,675.222587,0x3900690,A1,5712525664
646,675.222977,0x3900690,A1,5698490496
647,675.223428,0x3900690,A1,5684455328
648,675.223798,0x3900690,A1,5670420160
649,675.224239,0x3900690,A1,5539750632
650,675.227333,0x3900690,A1,5539750404
651,675.227393,0x37e4630,A2,5560085732
652,675.227954,0x3900690,A1,5525715236
653,675.228345,0x3900690,A1,5511680068
654,675.228985,0x3900690,A1,5497644900
655,675.229436,0x3900690,A1,5483609732
656,675.230057,0x3900690,A1,5352940204
657,675.233792,0x3900690,A1,5352939976
658,675.234293,0x3900690,A1,5338904808
659,675.234753,0x3900690,A1,5324869640
660,675.238949,0x3900690,A1,5310834472
661,675.239350,0x3900690,A1,5296799304
662,675.239961,0x3900690,A1,5166129776
663,675.243786,0x3900690,A1,5296799304
664,675.245728,0x37e4630,A2,5560085504
665,675.246900,0x37e4630,A2,5548662872
666,675.247331,0x37e4630,A2,5537240240
667,675.247851,0x37e4630,A2,5525817608
668,675.248292,0x37e4630,A2,5514394976
669,675.248913,0x37e4630,A2,5383725448
670,675.252428,0x37e4630,A2,5514394976
671,675.320221,0x3900690,A1,5310834472
672,675.328732,0x37e4630,A2,5525817608
673,675.336673,0x4497370,A3,4306552140
674,675.339337,0x3900690,A1,5324869640
675,675.346727,0x37e4630,A2,5537240240
676,675.358213,0x3900690,A1,5338904808
677,675.364472,0x37e4630,A2,5548662872
678,675.378250,0x3900690,A1,5352939976
679,675.382196,0x37e4630,A2,5560085504
680,675.397267,0x3900690,A1,5352940204
681,675.399510,0x37e4630,A2,5560085732
682,675.412107,0x3900690,A1,5483609732
683,675.415001,0x37e4630,A2,5560085504
684,675.415512,0x37e4630,A2,5548662872
685,675.415912,0x37e4630,A2,5537240240
686,675.416313,0x37e4630,A2,5525817608
687,675.416723,0x37e4630,A2,5514394976
688,675.417294,0x37e4630,A2,5383725448
689,675.420298,0x37e4630,A2,5383725220
690,675.420879,0x37e4630,A2,5372302588
691,675.421280,0x37e4630,A2,5360879956
692,675.421670,0x37e4630,A2,5349457324
693,675.422081,0x37e4630,A2,5338034692
694,675.422601,0x37e4630,A2,5207365164
695,675.426737,0x37e4630,A2,5207364936
696,675.427398,0x37e4630,A2,5195942304
697,675.427849,0x37e4630,A2,5184519672
698,675.434277,0x37e4630,A2,5173097040
699,675.434688,0x37e4630,A2,5161674408
700,675.435429,0x37e4630,A2,5031004880
701,675.438083,0x37e4630,A2,5161674408
702,675.487370,0x3900690,A1,5497644900
703,675.503232,0x3d66fc0,A0,4420310428
704,675.507929,0x3900690,A1,5511680068
705,675.512415,0x37e4630,A2,5173097040
706,675.526224,0x3900690,A1,5525715236
707,675.530550,0x37e4630,A2,5184519672
708,675.545200,0x3900690,A1,5539750404
709,675.548124,0x37e4630,A2,5195942304
710,675.564166,0x3900690,A1,5539750632
711,675.566179,0x37e4630,A2,5207364936
712,675.575722,0x3900690,A1,5670420160
713,675.583583,0x37e4630,A2,5207365164
714,675.597311,0x37e4630,A2,5338034692
715,675.652397,0x3900690,A1,5684455328
716,675.666497,0x4497370,A3,4306552372
717,675.671754,0x3900690,A1,5698490496
718,675.674287,0x37e4630,A2,5349457324
719,675.690489,0x3900690,A1,5712525664
720,675.692322,0x37e4630,A2,5360879956
721,675.709025,0x3900690,A1,5726560832
722,675.709856,0x37e4630,A2,5372302588
723,675.727831,0x3900690,A1,5726561060
724,675.728652,0x37e4630,A2,5383725220
725,675.740899,0x3900690,A1,5857230588
726,675.746146,0x37e4630,A2,5383725448
727,675.758142,0x37e4630,A2,5514394976
728,675.817264,0x3900690,A1,5871265756
729,675.834407,0x37e4630,A2,5525817608
730,675.836290,0x3900690,A1,5885300924
731,675.837692,0x3d66fc0,A0,4420310196
732,675.839094,0x3d66fc0,A0,4406209732
733,675.839765,0x3d66fc0,A0,4392109268
734,675.840566,0x3d66fc0,A0,4378008804
735,675.841287,0x3d66fc0,A0,4363908340
736,675.841867,0x3d66fc0,A0,4233238812
737,675.844271,0x3d66fc0,A0,4363908340
738,675.852392,0x37e4630,A2,5537240240
739,675.854975,0x3900690,A1,5899336092
740,675.869586,0x37e4630,A2,5548662872
741,675.873591,0x3900690,A1,5913371260
742,675.887440,0x37e4630,A2,5560085504
743,675.891876,0x3900690,A1,5913371488
744,675.904363,0x37e4630,A2,5560085732
745,675.905515,0x3900690,A1,5913371260
746,675.905986,0x3900690,A1,5899336092
747,675.906416,0x3900690,A1,5885300924
748,675.906787,0x3900690,A1,5871265756
749,675.907157,0x3900690,A1,5857230588
750,675.907618,0x3900690,A1,5726561060
751,675.908719,0x3900690,A1,5857230588
752,675.916780,0x37e4630,A2,5690755260
753,675.984023,0x3900690,A1,5871265756
754,675.991163,0x37e4630,A2,5702177892
755,675.997521,0x4497370,A3,4306552140
756,675.999434,0x4497370,A3,4295654164
757,676.000145,0x4497370,A3,4284756188
758,676.000886,0x4497370,A3,4273858212
759,676.001467,0x4497370,A3,4262960236
760,676.001967,0x4497370,A3,4132290700
761,676.005162,0x3900690,A1,5885300924
762,676.005312,0x4497370,A3,4262960236
763,676.009017,0x37e4630,A2,5713600524
764,676.024058,0x3900690,A1,5899336092
765,676.028083,0x37e4630,A2,5725023156
766,676.042513,0x3900690,A1,5913371260
767,676.045297,0x37e4630,A2,5736445788
768,676.061429,0x3900690,A1,5913371488
769,676.064804,0x37e4630,A2,5736446016
770,676.074858,0x3900690,A1,5913371260
771,676.075318,0x3900690,A1,5899336092
772,676.075689,0x3900690,A1,5885300924
773,676.076049,0x3900690,A1,5871265756
774,676.077952,0x37e4630,A2,5736445788
775,676.078663,0x3900690,A1,5857230588
776,676.078713,0x37e4630,A2,5725023156
777,676.079073,0x3900690,A1,5726561060
778,676.079173,0x37e4630,A2,5713600524
779,676.079624,0x37e4630,A2,5702177892
780,676.080065,0x37e4630,A2,5690755260
781,676.080465,0x37e4630,A2,5560085732
782,676.081597,0x37e4630,A2,5690755260
783,676.081697,0x3900690,A1,5726560832
784,676.082178,0x3900690,A1,5712525664
785,676.082568,0x3900690,A1,5698490496
786,676.082959,0x3900690,A1,5684455328
787,676.083329,0x3900690,A1,5670420160
788,676.083720,0x3900690,A1,5539750632
789,676.086233,0x3900690,A1,5539750404
790,676.086724,0x3900690,A1,5525715236
791,676.087104,0x3900690,A1,5511680068
792,676.087485,0x3900690,A1,5497644900
793,676.087875,0x3900690,A1,5483609732
794,676.088266,0x3900690,A1,5352940204
795,676.090990,0x3900690,A1,5352939976
796,676.091611,0x3900690,A1,5338904808
797,676.092211,0x3900690,A1,5324869640
798,676.092822,0x3900690,A1,5310834472
799,676.093443,0x3900690,A1,5296799304
800,676.093934,0x3900690,A1,5166129776
801,676.097519,0x3900690,A1,5166129548
802,676.098150,0x3900690,A1,5152094380
803,676.098510,0x3900690,A1,5138059212
804,676.099071,0x3900690,A1,5124024044
805,676.099592,0x3900690,A1,5109988876
806,676.100002,0x3900690,A1,4979319348
807,676.104048,0x3900690,A1,4979319120
808,676.104628,0x3900690,A1,4965283952
809,676.105019,0x3900690,A1,4951248784
810,676.105500,0x3900690,A1,4937213616
811,676.106451,0x3900690,A1,4923178448
812,676.106821,0x3900690,A1,4792508920
813,676.110176,0x3900690,A1,4792508692
814,676.110647,0x3900690,A1,4778473524
815,676.111027,0x3900690,A1,4764438356
816,676.111508,0x3900690,A1,4750403188
817,676.111878,0x3900690,A1,4736368020
818,676.112359,0x3900690,A1,4605698492
819,676.114031,0x3900690,A1,4605698264
820,676.114622,0x3900690,A1,4591663096
821,676.115293,0x3900690,A1,4577627928
822,676.115774,0x3900690,A1,4563592760
823,676.116194,0x3900690,A1,4549557592
824,676.116615,0x3900690,A1,4418888064
825,676.119429,0x3900690,A1,4418887836
826,676.119889,0x3900690,A1,4404852668
827,676.120270,0x3900690,A1,4390817500
828,676.122924,0x3900690,A1,4376782332
829,676.123324,0x3900690,A1,4362747164
830,676.123895,0x3900690,A1,4232077636
831,676.127760,0x3900690,A1,4362747164
832,676.157291,0x37e4630,A2,5702177892
833,676.174975,0x37e4630,A2,5713600524
834,676.191378,0x3d66fc0,A0,4378008804
835,676.192279,0x37e4630,A2,5725023156
836,676.204325,0x3900690,A1,4376782332
837,676.209883,0x37e4630,A2,5736445788
838,676.223201,0x3900690,A1,4390817500
839,676.228238,0x37e4630,A2,5736446016
840,676.241797,0x37e4630,A2,5736445788
841,676.242268,0x37e4630,A2,5725023156
842,676.242508,0x3900690,A1,4404852668
843,676.242658,0x37e4630,A2,5713600524
844,676.243049,0x37e4630,A2,5702177892
845,676.245332,0x37e4630,A2,5690755260
846,676.245712,0x37e4630,A2,5560085732
847,676.248356,0x37e4630,A2,5560085504
848,676.248837,0x37e4630,A2,5548662872
849,676.249237,0x37e4630,A2,5537240240
850,676.249648,0x37e4630,A2,5525817608
851,676.250058,0x37e4630,A2,5514394976
852,676.250479,0x37e4630,A2,5383725448
853,676.253002,0x37e4630,A2,5383725220
854,676.253453,0x37e4630,A2,5372302588
855,676.253853,0x37e4630,A2,5360879956
856,676.254244,0x37e4630,A2,5349457324
857,676.254635,0x37e4630,A2,5338034692
858,676.255045,0x37e4630,A2,5207365164
859,676.257629,0x37e4630,A2,5207364936
860,676.258209,0x37e4630,A2,5195942304
861,676.258670,0x37e4630,A2,5184519672
862,676.259041,0x37e4630,A2,5173097040
863,676.259411,0x37e4630,A2,5161674408
864,676.259992,0x37e4630,A2,5031004880
865,676.261113,0x3900690,A1,4418887836
866,676.262776,0x37e4630,A2,5031004652
867,676.263296,0x37e4630,A2,5019582020
868,676.263667,0x37e4630,A2,5008159388
869,676.264047,0x37e4630,A2,4996736756
870,676.264768,0x37e4630,A2,4985314124
871,676.265189,0x37e4630,A2,4854644596
872,676.269195,0x37e4630,A2,4854644368
873,676.269705,0x37e4630,A2,4843221736
874,676.270096,0x37e4630,A2,4831799104
875,676.270566,0x37e4630,A2,4820376472
876,676.271157,0x37e4630,A2,4808953840
877,676.271618,0x37e4630,A2,4678284312
878,676.275063,0x37e4630,A2,4678284084
879,676.275613,0x37e4630,A2,4666861452
880,676.276014,0x37e4630,A2,4655438820
881,676.276394,0x37e4630,A2,4644016188
882,676.276785,0x37e4630,A2,4632593556
883,676.277165,0x37e4630,A2,4501924028
884,676.278557,0x37e4630,A2,4501923800
885,676.279018,0x37e4630,A2,4490501168
886,676.279409,0x37e4630,A2,4479078536
887,676.279849,0x37e4630,A2,4467655904
888,676.279969,0x3900690,A1,4418888064
889,676.280410,0x37e4630,A2,4456233272
890,676.280831,0x37e4630,A2,4325563744
891,676.283755,0x37e4630,A2,4325563516
892,676.284175,0x37e4630,A2,4314140884
893,676.284586,0x37e4630,A2,4302718252
894,676.286669,0x37e4630,A2,4291295620
895,676.287069,0x37e4630,A2,4279872988
896,676.287490,0x37e4630,A2,4149203460
897,676.290073,0x37e4630,A2,4279872988
898,676.297704,0x3900690,A1,4418887836
899,676.298174,0x3900690,A1,4404852668
900,676.298545,0x3900690,A1,4390817500
901,676.298955,0x3900690,A1,4376782332
902,676.299346,0x3900690,A1,4362747164
903,676.299737,0x3900690,A1,4232077636
904,676.311993,0x3900690,A1,4362747164
905,676.365717,0x37e4630,A2,4291295620
906,676.383341,0x37e4630,A2,4302718252
907,676.387066,0x3900690,A1,4376782332
908,676.400956,0x37e4630,A2,4314140884
909,676.408055,0x3900690,A1,4390817500
910,676.415976,0x4497370,A3,4273858212
911,676.419681,0x37e4630,A2,4325563516
912,676.429014,0x3900690,A1,4404852668
913,676.437796,0x37e4630,A2,4325563744
914,676.447530,0x3900690,A1,4418887836
915,676.456061,0x37e4630,A2,4325563516
916,676.456532,0x37e4630,A2,4314140884
917,676.456922,0x37e4630,A2,4302718252
918,676.457293,0x37e4630,A2,4291295620
919,676.457653,0x37e4630,A2,4279872988
920,676.458014,0x37e4630,A2,4149203460
921,676.464243,0x37e4630,A2,4279872988
922,676.466255,0x3900690,A1,4418888064
923,676.484691,0x3900690,A1,4418887836
924,676.485281,0x3900690,A1,4404852668
925,676.485682,0x3900690,A1,4390817500
926,676.486062,0x3900690,A1,4376782332
927,676.486433,0x3900690,A1,4362747164
928,676.486814,0x3900690,A1,4232077636
929,676.540397,0x37e4630,A2,4291295620
930,676.558282,0x37e4630,A2,4302718252
931,676.578359,0x37e4630,A2,4314140884
932,676.584267,0x3d66fc0,A0,4392109268
933,676.595643,0x37e4630,A2,4325563516
934,676.613468,0x37e4630,A2,4325563744
935,676.630701,0x37e4630,A2,4325563516
936,676.631342,0x37e4630,A2,4314140884
937,676.631773,0x37e4630,A2,4302718252
938,676.632163,0x37e4630,A2,4291295620
939,676.632544,0x37e4630,A2,4279872988
940,676.632944,0x37e4630,A2,4149203460
941,676.703281,0x3900690,A1,4232516092
942,676.707827,0x3900690,A1,4232516092
943,676.719013,0x3900690,A1,4232516092
944,676.730819,0x3900690,A1,4232740756
945,676.733683,0x3900690,A1,4232740756
946,676.737428,0x3900690,A1,4232740756
947,676.738399,0x3900690,A1,4232740756
948,676.746590,0x4497370,A3,4284756188
949,676.788999,0x37e4630,A2,4149431572
950,676.794176,0x37e4630,A2,4149431572
951,676.808736,0x37e4630,A2,4149431572
952,676.822034,0x37e4630,A2,4150079348
953,676.825018,0x37e4630,A2,4150079348
954,676.829554,0x37e4630,A2,4150079348
955,676.830646,0x37e4630,A2,4150079348
956,676.912578,0x3d66fc0,A0,4406209732
957,677.076333,0x4497370,A3,4295654164
958,677.241110,0x3d66fc0,A0,4420310196
959,677.403503,0x4497370,A3,4306552140
960,677.568980,0x3d66fc0,A0,4420310428
961,677.732705,0x4497370,A3,4306552372
962,677.893616,0x3d66fc0,A0,4550979956
963,678.046687,0x4497370,A3,4437221908
964,678.258378,0x3d66fc0,A0,4565080420
965,678.482245,0x4497370,A3,4448119884
966,678.650356,0x3d66fc0,A0,4579180884
967,678.816444,0x4497370,A3,4459017860
968,678.981010,0x3d66fc0,A0,4593281348
969,679.145456,0x4497370,A3,4469915836
970,679.310734,0x3d66fc0,A0,4607381812
971,679.474368,0x4497370,A3,4480813812
972,679.639555,0x3d66fc0,A0,4607382044
973,679.802730,0x4497370,A3,4480814044
974,679.968607,0x3d66fc0,A0,4738051572
975,680.115429,0x4497370,A3,4611483580
976,680.329173,0x3d66fc0,A0,4752152036
977,680.555484,0x4497370,A3,4622381556
978,680.723144,0x3d66fc0,A0,4766252500
979,680.886759,0x4497370,A3,4633279532
980,681.051996,0x3d66fc0,A0,4780352964
981,681.215350,0x4497370,A3,4644177508
982,681.379946,0x3d66fc0,A0,4794453428
983,681.542920,0x4497370,A3,4655075484
984,681.708328,0x3d66fc0,A0,4794453660
985,681.870661,0x4497370,A3,4655075716
986,682.033655,0x3d66fc0,A0,4925123188
987,682.183861,0x4497370,A3,4785745252
988,682.397354,0x3d66fc0,A0,4939223652
989,682.622203,0x4497370,A3,4796643228
990,682.790284,0x3d66fc0,A0,4953324116
991,682.953849,0x4497370,A3,4807541204
992,683.119867,0x3d66fc0,A0,4967424580
993,683.283382,0x4497370,A3,4818439180
994,683.447157,0x3d66fc0,A0,4981525044
995,683.611533,0x4497370,A3,4829337156
996,683.776519,0x3d66fc0,A0,4981525276
997,683.941606,0x4497370,A3,4829337388
998,684.100494,0x3d66fc0,A0,5112194804
999,684.252153,0x4497370,A3,4960006924
1000,684.466167,0x3d66fc0,A0,5126295268
1001,684.690725,0x4497370,A3,4970904900
1002,684.859477,0x3d66fc0,A0,5140395732
1003,685.023873,0x4497370,A3,4981802876
1004,685.188569,0x3d66fc0,A0,5154496196
1005,685.354067,0x4497370,A3,4992700852
1006,685.519134,0x3d66fc0,A0,5168596660
1007,685.682648,0x4497370,A3,5003598828
1008,685.847204,0x3d66fc0,A0,5168596892
1009,686.011570,0x4497370,A3,5003599060
1010,686.176527,0x3d66fc0,A0,5299266420
1011,686.328145,0x4497370,A3,5134268596
1012,686.538544,0x3d66fc0,A0,5313366884
1013,686.763914,0x4497370,A3,5145166572
1014,686.932535,0x3d66fc0,A0,5327467348
1015,687.096641,0x4497370,A3,5156064548
1016,687.262118,0x3d66fc0,A0,5341567812
1017,687.425353,0x4497370,A3,5166962524
1018,687.589959,0x3d66fc0,A0,5355668276
1019,687.753824,0x4497370,A3,5177860500
1020,687.919932,0x3d66fc0,A0,5355668508
1021,688.082886,0x4497370,A3,5177860732
1022,688.245570,0x3d66fc0,A0,5486338036
1023,688.396377,0x4497370,A3,5308530268
1024,688.608979,0x3d66fc0,A0,5500438500
1025,688.834729,0x4497370,A3,5319428244
1026,689.003851,0x3d66fc0,A0,5514538964
1027,689.167266,0x4497370,A3,5330326220
1028,689.333554,0x3d66fc0,A0,5528639428
1029,689.497430,0x4497370,A3,5341224196
1030,689.662837,0x3d66fc0,A0,5542739892
1031,689.826382,0x4497370,A3,5352122172
1032,689.991509,0x3d66fc0,A0,5542740124
1033,690.154663,0x4497370,A3,5352122404
1034,690.313721,0x3d66fc0,A0,5673409652
1035,690.465339,0x4497370,A3,5482791940
1036,690.760996,0x3d66fc0,A0,5687510116
1037,690.905925,0x4497370,A3,5493689916
1038,691.073375,0x3d66fc0,A0,5701610580
1039,691.236829,0x4497370,A3,5504587892
1040,691.401145,0x3d66fc0,A0,5715711044
1041,691.565521,0x4497370,A3,5515485868
1042,691.730037,0x3d66fc0,A0,5729811508
1043,691.892180,0x4497370,A3,5526383844
1044,692.058058,0x3d66fc0,A0,5729811740
1045,692.222133,0x4497370,A3,5526384076
1046,692.384086,0x3d66fc0,A0,5729811508
1047,692.385267,0x3d66fc0,A0,5715711044
1048,692.385718,0x3d66fc0,A0,5701610580
1049,692.386209,0x3d66fc0,A0,5687510116
1050,692.386619,0x3d66fc0,A0,5673409652
1051,692.387040,0x3d66fc0,A0,5542740124
1052,692.390004,0x3d66fc0,A0,5673409652
1053,692.535103,0x4497370,A3,5526383844
1054,692.536385,0x4497370,A3,5515485868
1055,692.536856,0x4497370,A3,5504587892
1056,692.537316,0x4497370,A3,5493689916
1057,692.537797,0x4497370,A3,5482791940
1058,692.538248,0x4497370,A3,5352122404
1059,692.541252,0x4497370,A3,5482791940
1060,692.748747,0x3d66fc0,A0,5687510116
1061,692.974387,0x4497370,A3,5493689916
1062,693.142948,0x3d66fc0,A0,5701610580
1063,693.307254,0x4497370,A3,5504587892
1064,693.473092,0x3d66fc0,A0,5715711044
1065,693.636647,0x4497370,A3,5515485868
1066,693.802535,0x3d66fc0,A0,5729811508
1067,693.964447,0x4497370,A3,5526383844
1068,694.129304,0x3d66fc0,A0,5729811740
1069,694.293179,0x4497370,A3,5526384076
1070,694.454811,0x3d66fc0,A0,5729811508
1071,694.455311,0x3d66fc0,A0,5715711044
1072,694.455712,0x3d66fc0,A0,5701610580
1073,694.456223,0x3d66fc0,A0,5687510116
1074,694.456603,0x3d66fc0,A0,5673409652
1075,694.456994,0x3d66fc0,A0,5542740124
1076,694.460288,0x3d66fc0,A0,5542739892
1077,694.460879,0x3d66fc0,A0,5528639428
1078,694.461290,0x3d66fc0,A0,5514538964
1079,694.461800,0x3d66fc0,A0,5500438500
1080,694.467388,0x3d66fc0,A0,5486338036
1081,694.467819,0x3d66fc0,A0,5355668508
1082,694.471153,0x3d66fc0,A0,5355668276
1083,694.471664,0x3d66fc0,A0,5341567812
1084,694.472064,0x3d66fc0,A0,5327467348
1085,694.472595,0x3d66fc0,A0,5313366884
1086,694.473046,0x3d66fc0,A0,5299266420
1087,694.473466,0x3d66fc0,A0,5168596892
1088,694.476130,0x3d66fc0,A0,5299266420
1089,694.606519,0x4497370,A3,5526383844
1090,694.607020,0x4497370,A3,5515485868
1091,694.607430,0x4497370,A3,5504587892
1092,694.607851,0x4497370,A3,5493689916
1093,694.608272,0x4497370,A3,5482791940
1094,694.608702,0x4497370,A3,5352122404
1095,694.611796,0x4497370,A3,5352122172
1096,694.612307,0x4497370,A3,5341224196
1097,694.612878,0x4497370,A3,5330326220
1098,694.613278,0x4497370,A3,5319428244
1099,694.616613,0x4497370,A3,5308530268
1100,694.617024,0x4497370,A3,5177860732
1101,694.619878,0x4497370,A3,5177860500
1102,694.620408,0x4497370,A3,5166962524
1103,694.620899,0x4497370,A3,5156064548
1104,694.621320,0x4497370,A3,5145166572
1105,694.621720,0x4497370,A3,5134268596
1106,694.622171,0x4497370,A3,5003599060
1107,694.624474,0x4497370,A3,5134268596
1108,694.817990,0x3d66fc0,A0,5313366884
1109,695.044090,0x4497370,A3,5145166572
1110,695.212862,0x3d66fc0,A0,5327467348
1111,695.376247,0x4497370,A3,5156064548
1112,695.541274,0x3d66fc0,A0,5341567812
1113,695.704518,0x4497370,A3,5166962524
1114,695.870085,0x3d66fc0,A0,5355668276
1115,696.034962,0x4497370,A3,5177860500
1116,696.200109,0x3d66fc0,A0,5355668508
1117,696.362221,0x4497370,A3,5177860732
1118,696.523633,0x3d66fc0,A0,5486338036
1119,696.674951,0x4497370,A3,5308530268
1120,696.889426,0x3d66fc0,A0,5500438500
1121,697.114215,0x4497370,A3,5319428244
1122,697.281855,0x3d66fc0,A0,5514538964
1123,697.445119,0x4497370,A3,5330326220
1124,697.610597,0x3d66fc0,A0,5528639428
1125,697.773621,0x4497370,A3,5341224196
1126,697.939559,0x3d66fc0,A0,5542739892
1127,698.104505,0x4497370,A3,5352122172
1128,698.269382,0x3d66fc0,A0,5542740124
1129,698.432736,0x4497370,A3,5352122404
1130,698.590904,0x3d66fc0,A0,5673409652
1131,698.742892,0x4497370,A3,5482791940
1132,698.963826,0x3d66fc0,A0,5687510116
1133,699.186101,0x4497370,A3,5493689916
1134,699.354473,0x3d66fc0,A0,5701610580
1135,699.519359,0x4497370,A3,5504587892
1136,699.685928,0x3d66fc0,A0,5715711044
1137,699.850204,0x4497370,A3,5515485868
1138,700.016542,0x3d66fc0,A0,5729811508
1139,700.178715,0x4497370,A3,5526383844
1140,700.344713,0x3d66fc0,A0,5729811740
1141,700.507477,0x4497370,A3,5526384076
1142,700.664713,0x3d66fc0,A0,5860481268
1143,700.816101,0x4497370,A3,5657053612
1144,701.034611,0x3d66fc0,A0,5874581732
1145,701.260051,0x4497370,A3,5667951588
1146,701.427891,0x3d66fc0,A0,5888682196
1147,701.590775,0x4497370,A3,5678849564
1148,701.756333,0x3d66fc0,A0,5902782660
1149,701.922501,0x4497370,A3,5689747540
1150,702.087217,0x3d66fc0,A0,5916883124
1151,702.250211,0x4497370,A3,5700645516
1152,702.414767,0x3d66fc0,A0,5916883356
1153,702.578122,0x4497370,A3,5700645748
1154,702.738032,0x3d66fc0,A0,5916883124
1155,702.738602,0x3d66fc0,A0,5902782660
1156,702.739013,0x3d66fc0,A0,5888682196
1157,702.739393,0x3d66fc0,A0,5874581732
1158,702.739784,0x3d66fc0,A0,5860481268
1159,702.740185,0x3d66fc0,A0,5729811740
1160,702.741556,0x3d66fc0,A0,5860481268
1161,702.890661,0x4497370,A3,5700645516
1162,702.891232,0x4497370,A3,5689747540
1163,702.891673,0x4497370,A3,5678849564
1164,702.892043,0x4497370,A3,5667951588
1165,702.892394,0x4497370,A3,5657053612
1166,702.892754,0x4497370,A3,5526384076
1167,702.893956,0x4497370,A3,5657053612
1168,703.104545,0x3d66fc0,A0,5874581732
1169,703.328903,0x4497370,A3,5667951588
1170,703.497675,0x3d66fc0,A0,5888682196
1171,703.660769,0x4497370,A3,5678849564
1172,703.825265,0x3d66fc0,A0,5902782660
1173,703.989331,0x4497370,A3,5689747540
1174,704.154998,0x3d66fc0,A0,5916883124
1175,704.318062,0x4497370,A3,5700645516
1176,704.481827,0x3d66fc0,A0,5916883356
1177,704.645112,0x4497370,A3,5700645748
1178,704.805602,0x3d66fc0,A0,5916883124
1179,704.806133,0x3d66fc0,A0,5902782660
1180,704.806514,0x3d66fc0,A0,5888682196
1181,704.806884,0x3d66fc0,A0,5874581732
1182,704.807245,0x3d66fc0,A0,5860481268
1183,704.807635,0x3d66fc0,A0,5729811740
1184,704.810279,0x3d66fc0,A0,5729811508
1185,704.810729,0x3d66fc0,A0,5715711044
1186,704.811150,0x3d66fc0,A0,5701610580
1187,704.811550,0x3d66fc0,A0,5687510116
1188,704.811931,0x3d66fc0,A0,5673409652
1189,704.812331,0x3d66fc0,A0,5542740124
1190,704.814965,0x3d66fc0,A0,5542739892
1191,704.815436,0x3d66fc0,A0,5528639428
1192,704.815816,0x3d66fc0,A0,5514538964
1193,704.816207,0x3d66fc0,A0,5500438500
1194,704.816607,0x3d66fc0,A0,5486338036
1195,704.817008,0x3d66fc0,A0,5355668508
1196,704.819762,0x3d66fc0,A0,5355668276
1197,704.820332,0x3d66fc0,A0,5341567812
1198,704.820753,0x3d66fc0,A0,5327467348
1199,704.821164,0x3d66fc0,A0,5313366884
1200,704.821614,0x3d66fc0,A0,5299266420
1201,704.822015,0x3d66fc0,A0,5168596892
1202,704.824749,0x3d66fc0,A0,5168596660
1203,704.825219,0x3d66fc0,A0,5154496196
1204,704.825610,0x3d66fc0,A0,5140395732
1205,704.826130,0x3d66fc0,A0,5126295268
1206,704.826521,0x3d66fc0,A0,5112194804
1207,704.826902,0x3d66fc0,A0,4981525276
1208,704.829495,0x3d66fc0,A0,4981525044
1209,704.829976,0x3d66fc0,A0,4967424580
1210,704.830376,0x3d66fc0,A0,4953324116
1211,704.830767,0x3d66fc0,A0,4939223652
1212,704.831187,0x3d66fc0,A0,4925123188
1213,704.831568,0x3d66fc0,A0,4794453660
1214,704.834292,0x3d66fc0,A0,4794453428
1215,704.834852,0x3d66fc0,A0,4780352964
1216,704.835353,0x3d66fc0,A0,4766252500
1217,704.835744,0x3d66fc0,A0,4752152036
1218,704.836114,0x3d66fc0,A0,4738051572
1219,704.836525,0x3d66fc0,A0,4607382044
1220,704.837796,0x3d66fc0,A0,4607381812
1221,704.838287,0x3d66fc0,A0,4593281348
1222,704.838708,0x3d66fc0,A0,4579180884
1223,704.841361,0x3d66fc0,A0,4565080420
1224,704.841792,0x3d66fc0,A0,4550979956
1225,704.842213,0x3d66fc0,A0,4420310428
1226,704.845247,0x3d66fc0,A0,4420310196
1227,704.845707,0x3d66fc0,A0,4406209732
1228,704.846088,0x3d66fc0,A0,4392109268
1229,704.846478,0x3d66fc0,A0,4378008804
1230,704.846889,0x3d66fc0,A0,4363908340
1231,704.847380,0x3d66fc0,A0,4233238812
1232,704.849763,0x3d66fc0,A0,4363908340
1233,704.957701,0x4497370,A3,5700645516
1234,704.958152,0x4497370,A3,5689747540
1235,704.958542,0x4497370,A3,5678849564
1236,704.958903,0x4497370,A3,5667951588
1237,704.961516,0x4497370,A3,5657053612
1238,704.961977,0x4497370,A3,5526384076
1239,704.964541,0x4497370,A3,5526383844
1240,704.965001,0x4497370,A3,5515485868
1241,704.965402,0x4497370,A3,5504587892
1242,704.965822,0x4497370,A3,5493689916
1243,704.966233,0x4497370,A3,5482791940
1244,704.966654,0x4497370,A3,5352122404
1245,704.969217,0x4497370,A3,5352122172
1246,704.969688,0x4497370,A3,5341224196
1247,704.970098,0x4497370,A3,5330326220
1248,705.048806,0x4497370,A3,5319428244
1249,705.050599,0x4497370,A3,5308530268
1250,705.051110,0x4497370,A3,5177860732
1251,705.056918,0x4497370,A3,5177860500
1252,705.057779,0x4497370,A3,5166962524
1253,705.058249,0x4497370,A3,5156064548
1254,705.058680,0x4497370,A3,5145166572
1255,705.059081,0x4497370,A3,5134268596
1256,705.059481,0x4497370,A3,5003599060
1257,705.062635,0x4497370,A3,5003598828
1258,705.063196,0x4497370,A3,4992700852
1259,705.063657,0x4497370,A3,4981802876
1260,705.064168,0x4497370,A3,4970904900
1261,705.064658,0x4497370,A3,4960006924
1262,705.065069,0x4497370,A3,4829337388
1263,705.068123,0x4497370,A3,4829337156
1264,705.068594,0x4497370,A3,4818439180
1265,705.068944,0x4497370,A3,4807541204
1266,705.069505,0x4497370,A3,4796643228
1267,705.069996,0x4497370,A3,4785745252
1268,705.070386,0x4497370,A3,4655075716
1269,705.073470,0x4497370,A3,4655075484
1270,705.073921,0x4497370,A3,4644177508
1271,705.074321,0x4497370,A3,4633279532
1272,705.074702,0x4497370,A3,4622381556
1273,705.075173,0x4497370,A3,4611483580
1274,705.075593,0x4497370,A3,4480814044
1275,705.077195,0x4497370,A3,4480813812
1276,705.077806,0x4497370,A3,4469915836
1277,705.078267,0x4497370,A3,4459017860
1278,705.103241,0x4497370,A3,4448119884
1279,705.103662,0x4497370,A3,4437221908
1280,705.104213,0x4497370,A3,4306552372
1281,705.107357,0x4497370,A3,4306552140
1282,705.107807,0x4497370,A3,4295654164
1283,705.108178,0x4497370,A3,4284756188
1284,705.108559,0x4497370,A3,4273858212
1285,705.108989,0x4497370,A3,4262960236
1286,705.109380,0x4497370,A3,4132290700
1287,705.113125,0x4497370,A3,4262960236
1288,705.173368,0x3d66fc0,A0,4378008804
1289,705.399158,0x4497370,A3,4273858212
1290,705.566378,0x3d66fc0,A0,4392109268
1291,705.730293,0x4497370,A3,4284756188
1292,705.895900,0x3d66fc0,A0,4406209732
1293,706.059816,0x4497370,A3,4295654164
1294,706.224862,0x3d66fc0,A0,4420310196
1295,706.387876,0x4497370,A3,4306552140
1296,706.553073,0x3d66fc0,A0,4420310428
1297,706.716798,0x4497370,A3,4306552372
1298,706.881314,0x3d66fc0,A0,4420310196
1299,706.881795,0x3d66fc0,A0,4406209732
1300,706.882185,0x3d66fc0,A0,4392109268
1301,706.882586,0x3d66fc0,A0,4378008804
1302,706.882977,0x3d66fc0,A0,4363908340
1303,706.883387,0x3d66fc0,A0,4233238812
1304,706.888444,0x3d66fc0,A0,4363908340
1305,707.038210,0x4497370,A3,4306552140
1306,707.038680,0x4497370,A3,4295654164
1307,707.039051,0x4497370,A3,4284756188
1308,707.039441,0x4497370,A3,4273858212
1309,707.039862,0x4497370,A3,4262960236
1310,707.040263,0x4497370,A3,4132290700
1311,707.045990,0x4497370,A3,4262960236
1312,707.244463,0x3d66fc0,A0,4378008804
1313,707.470063,0x4497370,A3,4273858212
1314,707.640808,0x3d66fc0,A0,4392109268
1315,707.804493,0x4497370,A3,4284756188
1316,707.970190,0x3d66fc0,A0,4406209732
1317,708.133945,0x4497370,A3,4295654164
1318,708.299192,0x3d66fc0,A0,4420310196
1319,708.461826,0x4497370,A3,4306552140
1320,708.627523,0x3d66fc0,A0,4420310428
1321,708.791198,0x4497370,A3,4306552372
1322,708.953742,0x3d66fc0,A0,4420310196
1323,708.954453,0x3d66fc0,A0,4406209732
1324,708.954893,0x3d66fc0,A0,4392109268
1325,708.955294,0x3d66fc0,A0,4378008804
1326,708.955674,0x3d66fc0,A0,4363908340
1327,708.956055,0x3d66fc0,A0,4233238812
1328,709.106101,0x4497370,A3,4306552140
1329,709.106702,0x4497370,A3,4295654164
1330,709.107162,0x4497370,A3,4284756188
1331,709.107553,0x4497370,A3,4273858212
1332,709.107913,0x4497370,A3,4262960236
1333,709.108324,0x4497370,A3,4132290700
1334,709.438868,0x3d66fc0,A0,4233466924
1335,709.442613,0x3d66fc0,A0,4233466924
1336,709.456212,0x3d66fc0,A0,4233466924
1337,709.724300,0x4497370,A3,4132305276
1338,709.728156,0x4497370,A3,4132305276
1339,709.750877,0x4497370,A3,4132305276
1340,709.874166,0x3d66fc0,A0,4233905380
1341,709.877120,0x3d66fc0,A0,4233905380
1342,709.881096,0x3d66fc0,A0,4233905380
1343,709.882167,0x3d66fc0,A0,4233905380
1344,710.031753,0x4497370,A3,4132953052
1345,710.034557,0x4497370,A3,4132953052
1346,710.039964,0x4497370,A3,4132953052
1347,710.041126,0x4497370,A3,4132953052
1348,710.189039,0x3d66fc0,A0,4233919956
1349,710.191903,0x3d66fc0,A0,4233919956
1350,710.195458,0x3d66fc0,A0,4233919956
1351,710.196409,0x3d66fc0,A0,4233919956
1352,710.197320,0x3d66fc0,A0,4233919956
1353,710.345985,0x4497370,A3,4133177716
1354,710.348618,0x4497370,A3,4133177716
1355,710.352433,0x4497370,A3,4133177716
1356,710.353455,0x4497370,A3,4133177716
1357,710.354456,0x4497370,A3,4133177716
1358,717.203066,0x3d66fc0,A0,4233691844
1359,717.204197,0x3d66fc0,A0,4233253388
1360,717.204878,0x3d66fc0,A0,4233238812
1361,717.314048,0x3900690,A1,4232302300
1362,717.315631,0x3900690,A1,4232077636
1363,717.428546,0x4497370,A3,4133163140
1364,717.429938,0x4497370,A3,4132515364
1365,717.430218,0x37e4630,A2,4149851236
1366,717.430548,0x4497370,A3,4132290700
1367,717.431890,0x37e4630,A2,4149203460
1368,875.965689,0x3900690,A1,4624086220
1369,876.090811,0x3900690,A1,4666191724
1370,876.097149,0x3900690,A1,4708297228
1371,876.102036,0x3900690,A1,4722332396
1372,876.108765,0x3900690,A1,4764437900
1373,876.113202,0x3900690,A1,4764438128
1374,876.451106,0x3900690,A1,5156446712
1375,876.673902,0x3900690,A1,5198552216
1376,876.733324,0x3900690,A1,5240657720
1377,876.769083,0x3900690,A1,5254692888
1378,876.791243,0x3900690,A1,5296798392
1379,876.824829,0x3900690,A1,5296798620
1380,876.844687,0x3900690,A1,5296798392
1381,876.861450,0x3900690,A1,5254692888
1382,876.863673,0x3900690,A1,5240657720
1383,876.864394,0x3900690,A1,5198552216
1384,876.864934,0x3900690,A1,5156446712
1385,876.865595,0x3900690,A1,4764438128
1386,876.879024,0x3900690,A1,5156446712
1387,878.750525,0x3d66fc0,A0,4625247396
1388,878.887263,0x3d66fc0,A0,4667548788
1389,878.894253,0x3d66fc0,A0,4709850180
1390,878.899750,0x3d66fc0,A0,4723950644
1391,878.908152,0x3d66fc0,A0,4766252036
1392,878.913289,0x3d66fc0,A0,4766252268
1393,879.336680,0x3d66fc0,A0,5158260852
1394,879.560187,0x3d66fc0,A0,5200562244
1395,879.596918,0x3d66fc0,A0,5242863636
1396,879.631435,0x3d66fc0,A0,5256964100
1397,879.652384,0x3d66fc0,A0,5299265492
1398,879.685229,0x3d66fc0,A0,5299265724
1399,879.705377,0x3d66fc0,A0,5299265492
1400,879.723161,0x3d66fc0,A0,5256964100
1401,879.725434,0x3d66fc0,A0,5242863636
1402,879.726286,0x3d66fc0,A0,5200562244
1403,879.726987,0x3d66fc0,A0,5158260852
1404,879.727437,0x3d66fc0,A0,4766252268
1405,879.743479,0x3d66fc0,A0,5158260852
1406,890.784079,0x3900690,A1,4764438128
1407,893.281590,0x3d66fc0,A0,4766252268
1408,894.778707,0x3900690,A1,4806543632
1409,896.155048,0x3900690,A1,4764438128
1410,896.494915,0x3900690,A1,4765753496
1411,896.504428,0x3900690,A1,4765753496
1412,896.554156,0x3900690,A1,4765753496
1413,896.568967,0x3900690,A1,4766427488
1414,896.571971,0x3900690,A1,4766427488
1415,896.577599,0x3900690,A1,4766427488
1416,896.578810,0x3900690,A1,4766427488
1417,897.178004,0x3d66fc0,A0,4808553660
1418,898.415294,0x3d66fc0,A0,4766252268
1419,898.716558,0x3d66fc0,A0,4766936604
1420,898.724038,0x3d66fc0,A0,4766936604
1421,898.748942,0x3d66fc0,A0,4766936604
1422,898.764283,0x3d66fc0,A0,4768251972
1423,898.767107,0x3d66fc0,A0,4768251972
1424,898.772845,0x3d66fc0,A0,4768251972
1425,898.774287,0x3d66fc0,A0,4768251972
1426,898.785602,0x3d66fc0,A0,4768295700
1427,898.788136,0x3d66fc0,A0,4768295700
1428,898.792332,0x3d66fc0,A0,4768295700
1429,898.793393,0x3d66fc0,A0,4768295700
1430,898.794314,0x3d66fc0,A0,4768295700
1431,924.244812,0x37e4630,A2,4541212044
1432,924.350517,0x37e4630,A2,4575479940
1433,924.356285,0x37e4630,A2,4609747836
1434,924.360762,0x37e4630,A2,4621170468
1435,924.368692,0x37e4630,A2,4655438364
1436,924.373809,0x37e4630,A2,4655438592
1437,924.673441,0x37e4630,A2,5047447176
1438,924.891190,0x37e4630,A2,5081715072
1439,924.964381,0x37e4630,A2,5115982968
1440,924.998848,0x37e4630,A2,5127405600
1441,925.018946,0x37e4630,A2,5161673496
1442,925.048276,0x37e4630,A2,5161673724
1443,925.065320,0x37e4630,A2,5161673496
1444,925.079038,0x37e4630,A2,5127405600
1445,925.080550,0x37e4630,A2,5115982968
1446,925.081301,0x37e4630,A2,5081715072
1447,925.081832,0x37e4630,A2,5047447176
1448,925.082273,0x37e4630,A2,4655438592
1449,925.095531,0x37e4630,A2,5047447176
1450,931.227386,0x4497370,A3,4524299308
1451,931.344367,0x4497370,A3,4556993236
1452,931.351637,0x4497370,A3,4589687164
1453,931.357595,0x4497370,A3,4600585140
1454,931.364554,0x4497370,A3,4633279068
1455,931.369942,0x4497370,A3,4633279300
1456,931.804719,0x4497370,A3,5025287908
1457,932.025613,0x4497370,A3,5057981836
1458,932.056435,0x4497370,A3,5090675764
1459,932.088870,0x4497370,A3,5101573740
1460,932.108587,0x4497370,A3,5134267668
1461,932.137426,0x4497370,A3,5134267900
1462,932.156032,0x4497370,A3,5134267668
1463,932.170051,0x4497370,A3,5101573740
1464,932.171904,0x4497370,A3,5090675764
1465,932.173005,0x4497370,A3,5057981836
1466,932.173566,0x4497370,A3,5025287908
1467,932.174187,0x4497370,A3,4633279300
1468,932.188176,0x4497370,A3,5025287908
1469,937.270659,0x37e4630,A2,4655438592
1470,940.801390,0x37e4630,A2,4689706488
1471,942.081078,0x37e4630,A2,4655438592
1472,942.361624,0x37e4630,A2,4656122928
1473,942.370666,0x37e4630,A2,4656122928
1474,942.405684,0x37e4630,A2,4656122928
1475,942.422377,0x37e4630,A2,4658066256
1476,942.425622,0x37e4630,A2,4658066256
1477,942.431620,0x37e4630,A2,4658066256
1478,942.432732,0x37e4630,A2,4658066256
1479,944.787737,0x4497370,A3,4633279300
1480,947.243561,0x4497370,A3,4665973228
1481,948.169924,0x4497370,A3,4633279300
1482,948.425425,0x4497370,A3,4633323028
1483,948.432415,0x4497370,A3,4633323028
1484,948.462116,0x4497370,A3,4633323028
1485,948.478058,0x4497370,A3,4635266356
1486,948.480721,0x4497370,A3,4635266356
1487,948.486629,0x4497370,A3,4635266356
1488,948.487831,0x4497370,A3,4635266356
1489,948.500298,0x4497370,A3,4635940348
1490,948.502832,0x4497370,A3,4635940348
1491,948.507428,0x4497370,A3,4635940348
1492,948.508419,0x4497370,A3,4635940348
1493,948.509411,0x4497370,A3,4635940348
1494,949.469730,0x3d66fc0,A0,4767611364
1495,949.476580,0x3d66fc0,A0,4766295996
1496,949.477971,0x3d66fc0,A0,4766252268
1497,949.485502,0x3d66fc0,A0,5158260852
1498,949.703471,0x3d66fc0,A0,5200562244
1499,950.039613,0x3d66fc0,A0,5242863636
1500,950.374994,0x3d66fc0,A0,5256964100
1501,950.694583,0x3d66fc0,A0,5299265492
1502,951.028051,0x3d66fc0,A0,5299265724
1503,951.519116,0x3d66fc0,A0,5299265492
1504,951.523722,0x3d66fc0,A0,5256964100
1505,951.524653,0x3d66fc0,A0,5242863636
1506,951.525665,0x3d66fc0,A0,5200562244
1507,951.526786,0x3d66fc0,A0,5158260852
1508,951.527628,0x3d66fc0,A0,4766252268
1509,951.533876,0x3d66fc0,A0,5158260852
1510,951.892759,0x3d66fc0,A0,5200562244
1511,952.228100,0x3d66fc0,A0,5242863636
1512,952.564172,0x3d66fc0,A0,5256964100
1513,952.884532,0x3d66fc0,A0,5299265492
1514,953.217429,0x3d66fc0,A0,5299265724
1515,953.541715,0x3d66fc0,A0,5691274308
1516,954.029735,0x3d66fc0,A0,5733575700
1517,954.364165,0x3d66fc0,A0,5775877092
1518,954.700297,0x3d66fc0,A0,5789977556
1519,955.022169,0x3d66fc0,A0,5832278948
1520,955.353714,0x3d66fc0,A0,5832279180
1521,955.674065,0x3d66fc0,A0,6224287764
1522,956.167222,0x3d66fc0,A0,6266589156
1523,956.502403,0x3d66fc0,A0,6308890548
1524,956.837383,0x3d66fc0,A0,6322991012
1525,957.158724,0x3d66fc0,A0,6365292404
1526,957.490150,0x3d66fc0,A0,6365292636
1527,957.808858,0x3d66fc0,A0,6757301220
1528,958.301214,0x3d66fc0,A0,6799602612
1529,958.636685,0x3d66fc0,A0,6841904004
1530,958.972537,0x3d66fc0,A0,6856004468
1531,959.294940,0x3d66fc0,A0,6898305860
1532,959.627757,0x3d66fc0,A0,6898306092
1533,960.027075,0x3d66fc0,A0,7290314676
1534,960.443488,0x3d66fc0,A0,7332616068
1535,960.779269,0x3d66fc0,A0,7374917460
1536,961.114189,0x3d66fc0,A0,7389017924
1537,961.435951,0x3d66fc0,A0,7431319316
1538,961.766706,0x3d66fc0,A0,7431319548
1539,962.090470,0x3d66fc0,A0,7823328132
1540,962.580133,0x3d66fc0,A0,7865629524
1541,962.913591,0x3d66fc0,A0,7907930916
1542,963.249573,0x3d66fc0,A0,7922031380
1543,963.570874,0x3d66fc0,A0,7964332772
1544,963.901469,0x3d66fc0,A0,7964333004
1545,964.218975,0x3d66fc0,A0,8356341588
1546,964.713544,0x3d66fc0,A0,8398642980
1547,965.048575,0x3d66fc0,A0,8440944372
1548,965.063335,0x3900690,A1,4765112120
1549,965.068302,0x3900690,A1,4764438128
1550,965.074250,0x3900690,A1,5156446712
1551,965.083953,0x3d66fc0,A0,8455044836
1552,965.103520,0x3d66fc0,A0,8497346228
1553,965.137867,0x3d66fc0,A0,8497346460
1554,965.151656,0x3d66fc0,A0,8889355044
1555,965.289145,0x3900690,A1,5198552216
1556,965.323963,0x3900690,A1,5240657720
1557,965.356578,0x3d66fc0,A0,8931656436
1558,965.358050,0x3900690,A1,5254692888
1559,965.378288,0x3900690,A1,5296798392
1560,965.389804,0x3d66fc0,A0,8973957828
1561,965.411644,0x3900690,A1,5296798620
1562,965.424361,0x3d66fc0,A0,8988058292
1563,965.443688,0x3d66fc0,A0,9030359684
1564,965.476433,0x3d66fc0,A0,9030359916
1565,965.495268,0x3d66fc0,A0,9030359684
1566,965.496620,0x3d66fc0,A0,8988058292
1567,965.497391,0x3d66fc0,A0,8973957828
1568,965.497822,0x3d66fc0,A0,8931656436
1569,965.498253,0x3d66fc0,A0,8889355044
1570,965.498693,0x3d66fc0,A0,8497346460
1571,965.501737,0x3d66fc0,A0,8889355044
1572,965.577031,0x3900690,A1,5296798392
1573,965.579945,0x3900690,A1,5254692888
1574,965.580916,0x3900690,A1,5240657720
1575,965.581897,0x3900690,A1,5198552216
1576,965.582869,0x3900690,A1,5156446712
1577,965.583670,0x3900690,A1,4764438128
1578,965.589027,0x3900690,A1,5156446712
1579,965.601374,0x37e4630,A2,4657381920
1580,965.605620,0x37e4630,A2,4655438592
1581,965.609876,0x4497370,A3,4635896620
1582,965.610887,0x37e4630,A2,5047447176
1583,965.615023,0x4497370,A3,4633953292
1584,965.616235,0x4497370,A3,4633279300
1585,965.620691,0x4497370,A3,5025287908
1586,965.706148,0x3d66fc0,A0,8931656436
1587,965.797303,0x3900690,A1,5198552216
1588,965.823419,0x37e4630,A2,5081715072
1589,965.833123,0x3900690,A1,5240657720
1590,965.856314,0x37e4630,A2,5115982968
1591,965.866599,0x3900690,A1,5254692888
1592,965.886446,0x37e4630,A2,5127405600
1593,965.886846,0x3900690,A1,5296798392
1594,965.905913,0x37e4630,A2,5161673496
1595,965.920142,0x3900690,A1,5296798620
1596,965.935954,0x37e4630,A2,5161673724
1597,965.942513,0x3900690,A1,5688807204
1598,966.054327,0x3d66fc0,A0,8973957828
1599,966.106068,0x37e4630,A2,5161673496
1600,966.108341,0x37e4630,A2,5127405600
1601,966.109542,0x37e4630,A2,5115982968
1602,966.110283,0x37e4630,A2,5081715072
1603,966.111055,0x37e4630,A2,5047447176
1604,966.111765,0x37e4630,A2,4655438592
1605,966.116031,0x37e4630,A2,5047447176
1606,966.148035,0x3900690,A1,5730912708
1607,966.198224,0x3900690,A1,5773018212
1608,966.233343,0x3900690,A1,5787053380
1609,966.253380,0x3900690,A1,5829158884
1610,966.286065,0x3900690,A1,5829159112
1611,966.303038,0x3900690,A1,6221167696
1612,966.322805,0x37e4630,A2,5081715072
1613,966.354379,0x37e4630,A2,5115982968
1614,966.384390,0x37e4630,A2,5127405600
1615,966.403086,0x37e4630,A2,5161673496
1616,966.408954,0x4497370,A3,5057981836
1617,966.432556,0x37e4630,A2,5161673724
1618,966.450361,0x37e4630,A2,5553682308
1619,966.507519,0x3900690,A1,6263273200
1620,966.543679,0x3900690,A1,6305378704
1621,966.576945,0x3900690,A1,6319413872
1622,966.589292,0x3d66fc0,A0,8988058292
1623,966.597573,0x3900690,A1,6361519376
1624,966.631520,0x3900690,A1,6361519604
1625,966.647331,0x3900690,A1,6753528188
1626,966.652989,0x37e4630,A2,5587950204
1627,966.692393,0x37e4630,A2,5622218100
1628,966.721934,0x37e4630,A2,5633640732
1629,966.740830,0x37e4630,A2,5667908628
1630,966.766575,0x4497370,A3,5090675764
1631,966.771061,0x37e4630,A2,5667908856
1632,966.787314,0x37e4630,A2,6059917440
1633,966.853114,0x3900690,A1,6795633692
1634,966.886460,0x3900690,A1,6837739196
1635,966.920106,0x3900690,A1,6851774364
1636,966.935918,0x3d66fc0,A0,9030359684
1637,966.941466,0x3900690,A1,6893879868
1638,966.974361,0x3900690,A1,6893880096
1639,966.987769,0x3900690,A1,7285888680
1640,966.991374,0x37e4630,A2,6094185336
1641,967.021516,0x37e4630,A2,6128453232
1642,967.051917,0x37e4630,A2,6139875864
1643,967.069712,0x37e4630,A2,6174143760
1644,967.098481,0x37e4630,A2,6174143988
1645,967.112090,0x4497370,A3,5101573740
1646,967.113292,0x37e4630,A2,6566152572
1647,967.192751,0x3900690,A1,7327994184
1648,967.226197,0x3900690,A1,7370099688
1649,967.293409,0x3d66fc0,A0,9030359916
1650,967.317542,0x37e4630,A2,6600420468
1651,967.339272,0x3900690,A1,7384134856
1652,967.346963,0x37e4630,A2,6634688364
1653,967.366429,0x3900690,A1,7426240360
1654,967.376023,0x37e4630,A2,6646110996
1655,967.393857,0x37e4630,A2,6680378892
1656,967.399765,0x3900690,A1,7426240588
1657,967.418761,0x3900690,A1,7818249172
1658,967.423338,0x37e4630,A2,6680379120
1659,967.437437,0x37e4630,A2,7072387704
1660,967.460358,0x4497370,A3,5134267668
1661,967.622712,0x3900690,A1,7860354676
1662,967.623863,0x3d66fc0,A0,9030359684
1663,967.624444,0x3d66fc0,A0,8988058292
1664,967.624864,0x3d66fc0,A0,8973957828
1665,967.625505,0x3d66fc0,A0,8931656436
1666,967.625916,0x3d66fc0,A0,8889355044
1667,967.626357,0x3d66fc0,A0,8497346460
1668,967.629611,0x3d66fc0,A0,8497346228
1669,967.630162,0x3d66fc0,A0,8455044836
1670,967.630602,0x3d66fc0,A0,8440944372
1671,967.631043,0x3d66fc0,A0,8398642980
1672,967.631443,0x3d66fc0,A0,8356341588
1673,967.631874,0x3d66fc0,A0,7964333004
1674,967.634918,0x3d66fc0,A0,7964332772
1675,967.635429,0x3d66fc0,A0,7922031380
1676,967.635840,0x3d66fc0,A0,7907930916
1677,967.636270,0x3d66fc0,A0,7865629524
1678,967.636681,0x3d66fc0,A0,7823328132
1679,967.639855,0x37e4630,A2,7106655600
1680,967.641497,0x3d66fc0,A0,7431319548
1681,967.643140,0x3d66fc0,A0,7823328132
1682,967.659011,0x3900690,A1,7902460180
1683,967.671208,0x37e4630,A2,7140923496
1684,967.692197,0x3900690,A1,7916495348
1685,967.711143,0x3900690,A1,7958600852
1686,967.745510,0x3900690,A1,7958601080
1687,967.759660,0x3900690,A1,8350609664
1688,967.778035,0x37e4630,A2,7152346128
1689,967.787718,0x4497370,A3,5134267900
1690,967.802809,0x37e4630,A2,7186614024
1691,967.832319,0x37e4630,A2,7186614252
1692,967.849373,0x37e4630,A2,7578622836
1693,967.965583,0x3900690,A1,8392715168
1694,967.998688,0x3900690,A1,8434820672
1695,968.033175,0x3900690,A1,8448855840
1696,968.050459,0x37e4630,A2,7612890732
1697,968.052232,0x3900690,A1,8490961344
1698,968.080420,0x37e4630,A2,7647158628
1699,968.085487,0x3900690,A1,8490961572
1700,968.098225,0x3900690,A1,8882970156
1701,968.109570,0x37e4630,A2,7658581260
1702,968.127695,0x37e4630,A2,7692849156
1703,968.140513,0x3d66fc0,A0,7865629524
1704,968.158618,0x37e4630,A2,7692849384
1705,968.172377,0x37e4630,A2,8084857968
1706,968.303657,0x3900690,A1,8925075660
1707,968.317366,0x4497370,A3,5134267668
1708,968.319128,0x4497370,A3,5101573740
1709,968.319919,0x4497370,A3,5090675764
1710,968.320600,0x4497370,A3,5057981836
1711,968.321762,0x4497370,A3,5025287908
1712,968.322783,0x4497370,A3,4633279300
1713,968.325477,0x4497370,A3,5025287908
1714,968.339246,0x3900690,A1,8967181164
1715,968.374545,0x3900690,A1,8981216332
1716,968.376317,0x37e4630,A2,8119125864
1717,968.394101,0x3900690,A1,9023321836
1718,968.405577,0x37e4630,A2,8153393760
1719,968.426906,0x3900690,A1,9023322064
1720,968.434927,0x37e4630,A2,8164816392
1721,968.443149,0x3900690,A1,9023321836
1722,968.449397,0x3900690,A1,8981216332
1723,968.449928,0x3900690,A1,8967181164
1724,968.450419,0x3900690,A1,8925075660
1725,968.450849,0x3900690,A1,8882970156
1726,968.451270,0x3900690,A1,8490961572
1727,968.453453,0x3900690,A1,8882970156
1728,968.454845,0x37e4630,A2,8199084288
1729,968.474462,0x3d66fc0,A0,7907930916
1730,968.485076,0x37e4630,A2,8199084516
1731,968.498815,0x37e4630,A2,8591093100
1732,968.659035,0x3900690,A1,8925075660
1733,968.692822,0x3900690,A1,8967181164
1734,968.704187,0x37e4630,A2,8625360996
1735,968.725276,0x3900690,A1,8981216332
1736,968.733778,0x37e4630,A2,8659628892
1737,968.745604,0x3900690,A1,9023321836
1738,968.765271,0x37e4630,A2,8671051524
1739,968.778800,0x3900690,A1,9023322064
1740,968.783316,0x37e4630,A2,8705319420
1741,968.794862,0x3900690,A1,9023321836
1742,968.795453,0x3900690,A1,8981216332
1743,968.795944,0x3900690,A1,8967181164
1744,968.796364,0x3900690,A1,8925075660
1745,968.796795,0x3900690,A1,8882970156
1746,968.797225,0x3900690,A1,8490961572
1747,968.800350,0x3900690,A1,8490961344
1748,968.800870,0x3900690,A1,8448855840
1749,968.801291,0x3900690,A1,8434820672
1750,968.801742,0x3900690,A1,8392715168
1751,968.802392,0x3900690,A1,8350609664
1752,968.802823,0x3900690,A1,7958601080
1753,968.805737,0x3900690,A1,7958600852
1754,968.806228,0x3900690,A1,7916495348
1755,968.806628,0x3900690,A1,7902460180
1756,968.807039,0x3900690,A1,7860354676
1757,968.807439,0x3900690,A1,7818249172
1758,968.807840,0x3900690,A1,7426240588
1759,968.809322,0x3900690,A1,7818249172
1760,968.812456,0x37e4630,A2,8705319648
1761,968.826455,0x4497370,A3,5057981836
1762,968.828498,0x37e4630,A2,8705319420
1763,968.834356,0x37e4630,A2,8671051524
1764,968.834967,0x37e4630,A2,8659628892
1765,968.835468,0x37e4630,A2,8625360996
1766,968.835898,0x37e4630,A2,8591093100
1767,968.836349,0x37e4630,A2,8199084516
1768,968.838312,0x37e4630,A2,8591093100
1769,969.008095,0x3d66fc0,A0,7922031380
1770,969.013943,0x3900690,A1,7860354676
1771,969.042292,0x37e4630,A2,8625360996
1772,969.050293,0x3900690,A1,7902460180
1773,969.073966,0x37e4630,A2,8659628892
1774,969.083509,0x3900690,A1,7916495348
1775,969.102365,0x3900690,A1,7958600852
1776,969.103526,0x37e4630,A2,8671051524
1777,969.121421,0x37e4630,A2,8705319420
1778,969.135039,0x3900690,A1,7958601080
1779,969.149690,0x3900690,A1,8350609664
1780,969.150280,0x37e4630,A2,8705319648
1781,969.166563,0x37e4630,A2,8705319420
1782,969.167083,0x37e4630,A2,8671051524
1783,969.167594,0x37e4630,A2,8659628892
1784,969.168075,0x37e4630,A2,8625360996
1785,969.168495,0x37e4630,A2,8591093100
1786,969.168956,0x37e4630,A2,8199084516
1787,969.172050,0x37e4630,A2,8199084288
1788,969.172521,0x37e4630,A2,8164816392
1789,969.172952,0x37e4630,A2,8153393760
1790,969.173372,0x37e4630,A2,8119125864
1791,969.173873,0x37e4630,A2,8084857968
1792,969.174343,0x37e4630,A2,7692849384
1793,969.177197,0x37e4630,A2,7692849156
1794,969.177688,0x37e4630,A2,7658581260
1795,969.178049,0x37e4630,A2,7647158628
1796,969.178469,0x37e4630,A2,7612890732
1797,969.178880,0x37e4630,A2,7578622836
1798,969.179260,0x37e4630,A2,7186614252
1799,969.180762,0x37e4630,A2,7578622836
1800,969.185809,0x4497370,A3,5090675764
1801,969.354010,0x3900690,A1,8392715168
1802,969.354090,0x3d66fc0,A0,7964332772
1803,969.384502,0x37e4630,A2,7612890732
1804,969.387496,0x3900690,A1,8434820672
1805,969.413492,0x37e4630,A2,7647158628
1806,969.420592,0x3900690,A1,8448855840
1807,969.441761,0x3900690,A1,8490961344
1808,969.442382,0x37e4630,A2,7658581260
1809,969.462159,0x37e4630,A2,7692849156
1810,969.473855,0x3900690,A1,8490961572
1811,969.486382,0x3900690,A1,8882970156
1812,969.491980,0x37e4630,A2,7692849384
1813,969.506900,0x37e4630,A2,8084857968
1814,969.526327,0x4497370,A3,5101573740
1815,969.691744,0x3900690,A1,8925075660
1816,969.707256,0x3d66fc0,A0,7964333004
1817,969.710069,0x37e4630,A2,8119125864
1818,969.724910,0x3900690,A1,8967181164
1819,969.739220,0x37e4630,A2,8153393760
1820,969.761120,0x3900690,A1,8981216332
1821,969.770052,0x37e4630,A2,8164816392
1822,969.780226,0x3900690,A1,9023321836
1823,969.787566,0x37e4630,A2,8199084288
1824,969.812710,0x3900690,A1,9023322064
1825,969.816065,0x37e4630,A2,8199084516
1826,969.825418,0x3900690,A1,9415330648
1827,969.828733,0x37e4630,A2,8591093100
1828,969.874005,0x4497370,A3,5134267668
1829,970.028877,0x3900690,A1,9457436152
1830,970.033424,0x37e4630,A2,8625360996
1831,970.035577,0x3d66fc0,A0,8356341588
1832,970.062694,0x3900690,A1,9499541656
1833,970.064897,0x37e4630,A2,8659628892
1834,970.095619,0x37e4630,A2,8671051524
1835,970.095990,0x3900690,A1,9513576824
1836,970.113954,0x37e4630,A2,8705319420
1837,970.115476,0x3900690,A1,9555682328
1838,970.142103,0x37e4630,A2,8705319648
1839,970.150805,0x3900690,A1,9555682556
1840,970.154881,0x37e4630,A2,9097328232
1841,970.165145,0x3900690,A1,9555682328
1842,970.165685,0x3900690,A1,9513576824
1843,970.166096,0x3900690,A1,9499541656
1844,970.166587,0x3900690,A1,9457436152
1845,970.167007,0x3900690,A1,9415330648
1846,970.167418,0x3900690,A1,9023322064
1847,970.168499,0x3900690,A1,9415330648
1848,970.200523,0x4497370,A3,5134267900
1849,970.358230,0x37e4630,A2,9131596128
1850,970.372820,0x3900690,A1,9457436152
1851,970.387530,0x37e4630,A2,9165864024
1852,970.406236,0x3900690,A1,9499541656
1853,970.416851,0x37e4630,A2,9177286656
1854,970.435176,0x37e4630,A2,9211554552
1855,970.440763,0x3900690,A1,9513576824
1856,970.460310,0x3900690,A1,9555682328
1857,970.465988,0x37e4630,A2,9211554780
1858,970.480258,0x37e4630,A2,9211554552
1859,970.480788,0x37e4630,A2,9177286656
1860,970.481229,0x37e4630,A2,9165864024
1861,970.481670,0x37e4630,A2,9131596128
1862,970.482070,0x37e4630,A2,9097328232
1863,970.482501,0x37e4630,A2,8705319648
1864,970.483522,0x37e4630,A2,9097328232
1865,970.492895,0x3900690,A1,9555682556
1866,970.507996,0x3900690,A1,9555682328
1867,970.508476,0x3900690,A1,9513576824
1868,970.508897,0x3900690,A1,9499541656
1869,970.509318,0x3900690,A1,9457436152
1870,970.509718,0x3900690,A1,9415330648
1871,970.510099,0x3900690,A1,9023322064
1872,970.512832,0x3900690,A1,9023321836
1873,970.513323,0x3900690,A1,8981216332
1874,970.513754,0x3900690,A1,8967181164
1875,970.514164,0x3900690,A1,8925075660
1876,970.514585,0x3900690,A1,8882970156
1877,970.514995,0x3900690,A1,8490961572
1878,970.517729,0x3900690,A1,8490961344
1879,970.518230,0x3900690,A1,8448855840
1880,970.518620,0x3900690,A1,8434820672
1881,970.519031,0x3900690,A1,8392715168
1882,970.519421,0x3900690,A1,8350609664
1883,970.519852,0x3900690,A1,7958601080
1884,970.522756,0x3900690,A1,7958600852
1885,970.523277,0x3900690,A1,7916495348
1886,970.523767,0x3900690,A1,7902460180
1887,970.524188,0x3900690,A1,7860354676
1888,970.524609,0x3900690,A1,7818249172
1889,970.527683,0x3900690,A1,7426240588
1890,970.530637,0x3900690,A1,7426240360
1891,970.531318,0x3900690,A1,7384134856
1892,970.531869,0x3900690,A1,7370099688
1893,970.532409,0x3900690,A1,7327994184
1894,970.533100,0x3900690,A1,7285888680
1895,970.533541,0x3900690,A1,6893880096
1896,970.538167,0x3900690,A1,6893879868
1897,970.538738,0x3900690,A1,6851774364
1898,970.539229,0x3900690,A1,6837739196
1899,970.539880,0x3900690,A1,6795633692
1900,970.540260,0x3900690,A1,6753528188
1901,970.540771,0x3900690,A1,6361519604
1902,970.544476,0x3900690,A1,6361519376
1903,970.544946,0x3900690,A1,6319413872
1904,970.545377,0x3900690,A1,6305378704
1905,970.545778,0x3900690,A1,6263273200
1906,970.546158,0x3900690,A1,6221167696
1907,970.546549,0x3900690,A1,5829159112
1908,970.547810,0x3900690,A1,5829158884
1909,970.548772,0x3900690,A1,5787053380
1910,970.549262,0x3900690,A1,5773018212
1911,970.549683,0x3900690,A1,5730912708
1912,970.550314,0x3900690,A1,5688807204
1913,970.550855,0x3900690,A1,5296798620
1914,970.554279,0x3d66fc0,A0,8398642980
1915,970.556012,0x3900690,A1,5296798392
1916,970.556462,0x3900690,A1,5254692888
1917,970.556843,0x3900690,A1,5240657720
1918,970.557233,0x3900690,A1,5198552216
1919,970.557624,0x3900690,A1,5156446712
1920,970.558014,0x3900690,A1,4764438128
1921,970.559587,0x3900690,A1,5156446712
1922,970.686591,0x37e4630,A2,9131596128
1923,970.716322,0x37e4630,A2,9165864024
1924,970.720147,0x4497370,A3,5526276508
1925,970.745302,0x37e4630,A2,9177286656
1926,970.763016,0x3900690,A1,5198552216
1927,970.764668,0x37e4630,A2,9211554552
1928,970.793107,0x37e4630,A2,9211554780
1929,970.796452,0x3900690,A1,5240657720
1930,970.808078,0x37e4630,A2,9211554552
1931,970.808579,0x37e4630,A2,9177286656
1932,970.808999,0x37e4630,A2,9165864024
1933,970.809390,0x37e4630,A2,9131596128
1934,970.809790,0x37e4630,A2,9097328232
1935,970.810201,0x37e4630,A2,8705319648
1936,970.812985,0x37e4630,A2,8705319420
1937,970.813465,0x37e4630,A2,8671051524
1938,970.813886,0x37e4630,A2,8659628892
1939,970.814287,0x37e4630,A2,8625360996
1940,970.814687,0x37e4630,A2,8591093100
1941,970.815088,0x37e4630,A2,8199084516
1942,970.817871,0x37e4630,A2,8199084288
1943,970.818332,0x37e4630,A2,8164816392
1944,970.818773,0x37e4630,A2,8153393760
1945,970.819183,0x37e4630,A2,8119125864
1946,970.819604,0x37e4630,A2,8084857968
1947,970.820014,0x37e4630,A2,7692849384
1948,970.822798,0x37e4630,A2,7692849156
1949,970.823329,0x37e4630,A2,7658581260
1950,970.823760,0x37e4630,A2,7647158628
1951,970.824130,0x37e4630,A2,7612890732
1952,970.824501,0x37e4630,A2,7578622836
1953,970.826854,0x37e4630,A2,7186614252
1954,970.828927,0x3900690,A1,5254692888
1955,970.829638,0x37e4630,A2,7186614024
1956,970.830198,0x37e4630,A2,7152346128
1957,970.830619,0x37e4630,A2,7140923496
1958,970.830999,0x37e4630,A2,7106655600
1959,970.831490,0x37e4630,A2,7072387704
1960,970.831881,0x37e4630,A2,6680379120
1961,970.836066,0x37e4630,A2,6680378892
1962,970.836527,0x37e4630,A2,6646110996
1963,970.836918,0x37e4630,A2,6634688364
1964,970.837508,0x37e4630,A2,6600420468
1965,970.837899,0x37e4630,A2,6566152572
1966,970.838269,0x37e4630,A2,6174143988
1967,970.842255,0x37e4630,A2,6174143760
1968,970.842796,0x37e4630,A2,6139875864
1969,970.843196,0x37e4630,A2,6128453232
1970,970.843607,0x37e4630,A2,6094185336
1971,970.844148,0x37e4630,A2,6059917440
1972,970.844608,0x37e4630,A2,5667908856
1973,970.845980,0x37e4630,A2,5667908628
1974,970.846881,0x37e4630,A2,5633640732
1975,970.847482,0x37e4630,A2,5622218100
1976,970.847923,0x37e4630,A2,5587950204
1977,970.848514,0x37e4630,A2,5553682308
1978,970.848944,0x37e4630,A2,5161673724
1979,970.849415,0x3900690,A1,5296798392
1980,970.852489,0x37e4630,A2,5161673496
1981,970.852980,0x37e4630,A2,5127405600
1982,970.853390,0x37e4630,A2,5115982968
1983,970.853881,0x37e4630,A2,5081715072
1984,970.854271,0x37e4630,A2,5047447176
1985,970.854662,0x37e4630,A2,4655438592
1986,970.855733,0x37e4630,A2,5047447176
1987,970.882030,0x3900690,A1,5296798620
1988,970.888649,0x3d66fc0,A0,8440944372
1989,970.902327,0x3900690,A1,5296798392
1990,970.902858,0x3900690,A1,5254692888
1991,970.903279,0x3900690,A1,5240657720
1992,970.903689,0x3900690,A1,5198552216
1993,970.904100,0x3900690,A1,5156446712
1994,970.904490,0x3900690,A1,4764438128
1995,970.909037,0x3900690,A1,5156446712
1996,971.058813,0x37e4630,A2,5081715072
1997,971.088263,0x37e4630,A2,5115982968
1998,971.112366,0x3900690,A1,5198552216
1999,971.116982,0x37e4630,A2,5127405600
2000,971.135288,0x37e4630,A2,5161673496
2001,971.148936,0x3900690,A1,5240657720
2002,971.165449,0x37e4630,A2,5161673724
2003,971.184035,0x3900690,A1,5254692888
2004,971.185567,0x37e4630,A2,5161673496
2005,971.186097,0x37e4630,A2,5127405600
2006,971.186478,0x37e4630,A2,5115982968
2007,971.186939,0x37e4630,A2,5081715072
2008,971.187349,0x37e4630,A2,5047447176
2009,971.187750,0x37e4630,A2,4655438592
2010,971.190353,0x37e4630,A2,5047447176
2011,971.203331,0x3900690,A1,5296798392
2012,971.237638,0x3900690,A1,5296798620
2013,971.243827,0x4497370,A3,5558970436
2014,971.252959,0x3900690,A1,5296798392
2015,971.253520,0x3900690,A1,5254692888
2016,971.253961,0x3900690,A1,5240657720
2017,971.254441,0x3900690,A1,5198552216
2018,971.254862,0x3900690,A1,5156446712
2019,971.255262,0x3900690,A1,4764438128
2020,971.393242,0x37e4630,A2,5081715072
2021,971.422422,0x37e4630,A2,5115982968
2022,971.424745,0x3d66fc0,A0,8455044836
2023,971.453074,0x37e4630,A2,5127405600
2024,971.463098,0x3900690,A1,4765753496
2025,971.469046,0x3900690,A1,4765753496
2026,971.470929,0x37e4630,A2,5161673496
2027,971.489574,0x3900690,A1,4765753496
2028,971.499378,0x37e4630,A2,5161673724
2029,971.502052,0x3900690,A1,4766427488
2030,971.504855,0x3900690,A1,4766427488
2031,971.508661,0x3900690,A1,4766427488
2032,971.509722,0x3900690,A1,4766427488
2033,971.514519,0x37e4630,A2,5161673496
2034,971.514999,0x37e4630,A2,5127405600
2035,971.515390,0x37e4630,A2,5115982968
2036,971.515830,0x37e4630,A2,5081715072
2037,971.516221,0x37e4630,A2,5047447176
2038,971.516622,0x37e4630,A2,4655438592
2039,971.602389,0x4497370,A3,5591664364
2040,971.666167,0x37e4630,A2,4656122928
2041,971.671725,0x37e4630,A2,4656122928
2042,971.688117,0x37e4630,A2,4656122928
2043,971.702467,0x37e4630,A2,4658066256
2044,971.705451,0x37e4630,A2,4658066256
2045,971.709647,0x37e4630,A2,4658066256
2046,971.710788,0x37e4630,A2,4658066256
2047,971.770841,0x3d66fc0,A0,8497346228
2048,971.945411,0x4497370,A3,5602562340
2049,972.126580,0x3d66fc0,A0,8497346460
2050,972.293669,0x4497370,A3,5635256268
2051,972.452537,0x3d66fc0,A0,8889355044
2052,972.620608,0x4497370,A3,5635256500
2053,972.974855,0x3d66fc0,A0,8931656436
2054,973.139261,0x4497370,A3,6027265108
2055,973.309375,0x3d66fc0,A0,8973957828
2056,973.663601,0x4497370,A3,6059959036
2057,973.846453,0x3d66fc0,A0,8988058292
2058,974.024067,0x4497370,A3,6092652964
2059,974.192378,0x3d66fc0,A0,9030359684
2060,974.368370,0x4497370,A3,6103550940
2061,974.550730,0x3d66fc0,A0,9030359916
2062,974.719372,0x4497370,A3,6136244868
2063,974.877349,0x3d66fc0,A0,9422368500
2064,975.046962,0x4497370,A3,6136245100
2065,975.400548,0x3d66fc0,A0,9464669892
2066,975.562270,0x4497370,A3,6528253708
2067,975.733706,0x3d66fc0,A0,9506971284
2068,976.088433,0x4497370,A3,6560947636
2069,976.270303,0x3d66fc0,A0,9521071748
2070,976.447777,0x4497370,A3,6593641564
2071,976.615978,0x3d66fc0,A0,9563373140
2072,976.789837,0x4497370,A3,6604539540
2073,976.971797,0x3d66fc0,A0,9563373372
2074,977.138065,0x4497370,A3,6637233468
2075,977.298716,0x3d66fc0,A0,9563373140
2076,977.299437,0x3d66fc0,A0,9521071748
2077,977.299968,0x3d66fc0,A0,9506971284
2078,977.300468,0x3d66fc0,A0,9464669892
2079,977.300889,0x3d66fc0,A0,9422368500
2080,977.301289,0x3d66fc0,A0,9030359916
2081,977.302631,0x3d66fc0,A0,9422368500
2082,977.463703,0x4497370,A3,6637233700
2083,977.817669,0x3d66fc0,A0,9464669892
2084,977.982425,0x4497370,A3,7029242308
2085,978.153210,0x3d66fc0,A0,9506971284
2086,978.506515,0x4497370,A3,7061936236
2087,978.688335,0x3d66fc0,A0,9521071748
2088,978.865409,0x4497370,A3,7094630164
2089,979.035452,0x3d66fc0,A0,9563373140
2090,979.208620,0x4497370,A3,7105528140
2091,979.390870,0x3d66fc0,A0,9563373372
2092,979.558331,0x4497370,A3,7138222068
2093,979.718841,0x3d66fc0,A0,9563373140
2094,979.719342,0x3d66fc0,A0,9521071748
2095,979.719782,0x3d66fc0,A0,9506971284
2096,979.720193,0x3d66fc0,A0,9464669892
2097,979.720583,0x3d66fc0,A0,9422368500
2098,979.724208,0x3d66fc0,A0,9030359916
2099,979.727132,0x3d66fc0,A0,9030359684
2100,979.727613,0x3d66fc0,A0,8988058292
2101,979.728024,0x3d66fc0,A0,8973957828
2102,979.728514,0x3d66fc0,A0,8931656436
2103,979.728995,0x3d66fc0,A0,8889355044
2104,979.729406,0x3d66fc0,A0,8497346460
2105,979.732099,0x3d66fc0,A0,8497346228
2106,979.732570,0x3d66fc0,A0,8455044836
2107,979.732971,0x3d66fc0,A0,8440944372
2108,979.733391,0x3d66fc0,A0,8398642980
2109,979.733782,0x3d66fc0,A0,8356341588
2110,979.734192,0x3d66fc0,A0,7964333004
2111,979.737096,0x3d66fc0,A0,7964332772
2112,979.737747,0x3d66fc0,A0,7922031380
2113,979.738288,0x3d66fc0,A0,7907930916
2114,979.738718,0x3d66fc0,A0,7865629524
2115,979.739119,0x3d66fc0,A0,7823328132
2116,979.739620,0x3d66fc0,A0,7431319548
2117,979.742714,0x3d66fc0,A0,7431319316
2118,979.743335,0x3d66fc0,A0,7389017924
2119,979.743896,0x3d66fc0,A0,7374917460
2120,979.744306,0x3d66fc0,A0,7332616068
2121,979.744887,0x3d66fc0,A0,7290314676
2122,979.745408,0x3d66fc0,A0,6898306092
2123,979.750525,0x3d66fc0,A0,6898305860
2124,979.751025,0x3d66fc0,A0,6856004468
2125,979.751526,0x3d66fc0,A0,6841904004
2126,979.752037,0x3d66fc0,A0,6799602612
2127,979.752437,0x3d66fc0,A0,6757301220
2128,979.753098,0x3d66fc0,A0,6365292636
2129,979.756623,0x3d66fc0,A0,6365292404
2130,979.757254,0x3d66fc0,A0,6322991012
2131,979.757755,0x3d66fc0,A0,6308890548
2132,979.758335,0x3d66fc0,A0,6266589156
2133,979.758766,0x3d66fc0,A0,6224287764
2134,979.759297,0x3d66fc0,A0,5832279180
2135,979.760669,0x3d66fc0,A0,5832278948
2136,979.761179,0x3d66fc0,A0,5789977556
2137,979.761730,0x3d66fc0,A0,5775877092
2138,979.762141,0x3d66fc0,A0,5733575700
2139,979.762651,0x3d66fc0,A0,5691274308
2140,979.763082,0x3d66fc0,A0,5299265724
2141,979.766497,0x3d66fc0,A0,5299265492
2142,979.766947,0x3d66fc0,A0,5256964100
2143,979.767548,0x3d66fc0,A0,5242863636
2144,979.768019,0x3d66fc0,A0,5200562244
2145,979.768399,0x3d66fc0,A0,5158260852
2146,979.770662,0x3d66fc0,A0,4766252268
2147,979.772034,0x3d66fc0,A0,5158260852
2148,979.883998,0x4497370,A3,7138222300
2149,980.237043,0x3d66fc0,A0,5200562244
2150,980.400067,0x4497370,A3,7530230908
2151,980.570091,0x3d66fc0,A0,5242863636
2152,980.923877,0x4497370,A3,7562924836
2153,981.154183,0x3d66fc0,A0,5256964100
2154,981.284142,0x4497370,A3,7595618764
2155,981.452493,0x3d66fc0,A0,5299265492
2156,981.626983,0x4497370,A3,7606516740
2157,981.808672,0x3d66fc0,A0,5299265724
2158,981.975271,0x4497370,A3,7639210668
2159,982.149381,0x3d66fc0,A0,5299265492
2160,982.150642,0x3d66fc0,A0,5256964100
2161,982.151143,0x3d66fc0,A0,5242863636
2162,982.151644,0x3d66fc0,A0,5200562244
2163,982.152054,0x3d66fc0,A0,5158260852
2164,982.152545,0x3d66fc0,A0,4766252268
2165,982.155148,0x3d66fc0,A0,5158260852
2166,982.302341,0x4497370,A3,7639210900
2167,982.656267,0x3d66fc0,A0,5200562244
2168,982.817468,0x4497370,A3,8031219508
2169,982.990807,0x3d66fc0,A0,5242863636
2170,983.344082,0x4497370,A3,8063913436
2171,983.524730,0x3d66fc0,A0,5256964100
2172,983.702234,0x4497370,A3,8096607364
2173,983.869995,0x3d66fc0,A0,5299265492
2174,984.044324,0x4497370,A3,8107505340
2175,984.225984,0x3d66fc0,A0,5299265724
2176,984.391892,0x4497370,A3,8140199268
2177,984.554956,0x3d66fc0,A0,5299265492
2178,984.555557,0x3d66fc0,A0,5256964100
2179,984.556268,0x3d66fc0,A0,5242863636
2180,984.556718,0x3d66fc0,A0,5200562244
2181,984.557119,0x3d66fc0,A0,5158260852
2182,984.557539,0x3d66fc0,A0,4766252268
2183,984.719652,0x4497370,A3,8140199500
2184,985.072226,0x3d66fc0,A0,4766936604
2185,985.079757,0x3d66fc0,A0,4766936604
2186,985.109377,0x3d66fc0,A0,4766936604
2187,985.217506,0x4497370,A3,8532208108
2188,985.372559,0x3d66fc0,A0,4768251972
2189,985.375443,0x3d66fc0,A0,4768251972
2190,985.380029,0x3d66fc0,A0,4768251972
2191,985.381231,0x3d66fc0,A0,4768251972
2192,985.724763,0x4497370,A3,8564902036
2193,985.887977,0x3d66fc0,A0,4768295700
2194,985.890541,0x3d66fc0,A0,4768295700
2195,985.894306,0x3d66fc0,A0,4768295700
2196,985.895257,0x3d66fc0,A0,4768295700
2197,985.896148,0x3d66fc0,A0,4768295700
2198,986.064299,0x4497370,A3,8597595964
2199,986.394924,0x4497370,A3,8608493940
2200,986.716516,0x4497370,A3,8641187868
2201,987.044266,0x4497370,A3,8641188100
2202,987.362894,0x4497370,A3,8641187868
2203,987.363765,0x4497370,A3,8608493940
2204,987.364346,0x4497370,A3,8597595964
2205,987.364836,0x4497370,A3,8564902036
2206,987.365307,0x4497370,A3,8532208108
2207,987.365708,0x4497370,A3,8140199500
2208,987.367800,0x4497370,A3,8532208108
2209,987.858294,0x4497370,A3,8564902036
2210,988.191242,0x4497370,A3,8597595964
2211,988.521916,0x4497370,A3,8608493940
2212,988.843999,0x4497370,A3,8641187868
2213,989.172590,0x4497370,A3,8641188100
2214,989.490807,0x4497370,A3,8641187868
2215,989.491428,0x4497370,A3,8608493940
2216,989.491919,0x4497370,A3,8597595964
2217,989.492309,0x4497370,A3,8564902036
2218,989.492750,0x4497370,A3,8532208108
2219,989.493161,0x4497370,A3,8140199500
2220,989.496165,0x4497370,A3,8140199268
2221,989.496695,0x4497370,A3,8107505340
2222,989.497136,0x4497370,A3,8096607364
2223,989.497597,0x4497370,A3,8063913436
2224,989.498067,0x4497370,A3,8031219508
2225,989.498518,0x4497370,A3,7639210900
2226,989.501322,0x4497370,A3,7639210668
2227,989.501782,0x4497370,A3,7606516740
2228,989.502183,0x4497370,A3,7595618764
2229,989.502574,0x4497370,A3,7562924836
2230,989.503004,0x4497370,A3,7530230908
2231,989.506038,0x4497370,A3,7138222300
2232,989.507250,0x4497370,A3,7530230908
2233,989.986238,0x4497370,A3,7562924836
2234,990.316932,0x4497370,A3,7595618764
2235,990.648678,0x4497370,A3,7606516740
2236,990.969789,0x4497370,A3,7639210668
2237,991.297880,0x4497370,A3,7639210900
2238,991.613514,0x4497370,A3,8031219508
2239,992.110507,0x4497370,A3,8063913436
2240,992.441141,0x4497370,A3,8096607364
2241,992.774769,0x4497370,A3,8107505340
2242,993.095770,0x4497370,A3,8140199268
2243,993.422810,0x4497370,A3,8140199500
2244,993.738443,0x4497370,A3,8532208108
2245,994.236978,0x4497370,A3,8564902036
2246,994.569575,0x4497370,A3,8597595964
2247,994.901071,0x4497370,A3,8608493940
2248,995.220980,0x4497370,A3,8641187868
2249,995.547459,0x4497370,A3,8641188100
2250,995.861540,0x4497370,A3,9033196708
2251,996.359404,0x4497370,A3,9065890636
2252,996.690900,0x4497370,A3,9098584564
2253,997.022345,0x4497370,A3,9109482540
2254,997.341974,0x4497370,A3,9142176468
2255,997.668683,0x4497370,A3,9142176700
2256,997.984567,0x4497370,A3,9142176468
2257,997.985088,0x4497370,A3,9109482540
2258,997.985549,0x4497370,A3,9098584564
2259,997.985989,0x4497370,A3,9065890636
2260,997.986390,0x4497370,A3,9033196708
2261,997.986820,0x4497370,A3,8641188100
2262,997.988102,0x4497370,A3,9033196708
2263,998.482692,0x4497370,A3,9065890636
2264,998.812835,0x4497370,A3,9098584564
2265,999.143660,0x4497370,A3,9109482540
2266,999.463109,0x4497370,A3,9142176468
2267,999.792822,0x4497370,A3,9142176700
2268,1000.109667,0x4497370,A3,9142176468
2269,1000.110188,0x4497370,A3,9109482540
2270,1000.110608,0x4497370,A3,9098584564
2271,1000.111009,0x4497370,A3,9065890636
2272,1000.111390,0x4497370,A3,9033196708
2273,1000.114153,0x4497370,A3,8641188100
2274,1000.116977,0x4497370,A3,8641187868
2275,1000.117508,0x4497370,A3,8608493940
2276,1000.117929,0x4497370,A3,8597595964
2277,1000.118429,0x4497370,A3,8564902036
2278,1000.118920,0x4497370,A3,8532208108
2279,1000.119320,0x4497370,A3,8140199500
2280,1000.122054,0x4497370,A3,8140199268
2281,1000.122565,0x4497370,A3,8107505340
2282,1000.123026,0x4497370,A3,8096607364
2283,1000.123456,0x4497370,A3,8063913436
2284,1000.123897,0x4497370,A3,8031219508
2285,1000.124337,0x4497370,A3,7639210900
2286,1000.127101,0x4497370,A3,7639210668
2287,1000.127682,0x4497370,A3,7606516740
2288,1000.128123,0x4497370,A3,7595618764
2289,1000.128533,0x4497370,A3,7562924836
2290,1000.128914,0x4497370,A3,7530230908
2291,1000.129324,0x4497370,A3,7138222300
2292,1000.132178,0x4497370,A3,7138222068
2293,1000.132779,0x4497370,A3,7105528140
2294,1000.133250,0x4497370,A3,7094630164
2295,1000.133660,0x4497370,A3,7061936236
2296,1000.134071,0x4497370,A3,7029242308
2297,1000.134451,0x4497370,A3,6637233700
2298,1000.138096,0x4497370,A3,6637233468
2299,1000.138547,0x4497370,A3,6604539540
2300,1000.139058,0x4497370,A3,6593641564
2301,1000.139468,0x4497370,A3,6560947636
2302,1000.139859,0x4497370,A3,6528253708
2303,1000.140259,0x4497370,A3,6136245100
2304,1000.143534,0x4497370,A3,6136244868
2305,1000.144084,0x4497370,A3,6103550940
2306,1000.144615,0x4497370,A3,6092652964
2307,1000.145046,0x4497370,A3,6059959036
2308,1000.145566,0x4497370,A3,6027265108
2309,1000.146147,0x4497370,A3,5635256500
2310,1000.147559,0x4497370,A3,5635256268
2311,1000.148230,0x4497370,A3,5602562340
2312,1000.148751,0x4497370,A3,5591664364
2313,1000.149171,0x4497370,A3,5558970436
2314,1000.149582,0x4497370,A3,5526276508
2315,1000.150033,0x4497370,A3,5134267900
2316,1000.153718,0x4497370,A3,5134267668
2317,1000.154178,0x4497370,A3,5101573740
2318,1000.154599,0x4497370,A3,5090675764
2319,1000.154999,0x4497370,A3,5057981836
2320,1000.155400,0x4497370,A3,5025287908
2321,1000.158795,0x4497370,A3,4633279300
2322,1000.159946,0x4497370,A3,5025287908
2323,1000.607020,0x4497370,A3,5057981836
2324,1000.937124,0x4497370,A3,5090675764
2325,1001.266366,0x4497370,A3,5101573740
2326,1001.586226,0x4497370,A3,5134267668
2327,1001.913345,0x4497370,A3,5134267900
2328,1002.236189,0x4497370,A3,5134267668
2329,1002.236750,0x4497370,A3,5101573740
2330,1002.237160,0x4497370,A3,5090675764
2331,1002.237621,0x4497370,A3,5057981836
2332,1002.238041,0x4497370,A3,5025287908
2333,1002.238462,0x4497370,A3,4633279300
2334,1002.240996,0x4497370,A3,5025287908
2335,1002.725701,0x4497370,A3,5057981836
2336,1003.056786,0x4497370,A3,5090675764
2337,1003.388262,0x4497370,A3,5101573740
2338,1003.708352,0x4497370,A3,5134267668
2339,1004.033729,0x4497370,A3,5134267900
2340,1004.048980,0x4497370,A3,5134267668
2341,1004.049550,0x4497370,A3,5101573740
2342,1004.050001,0x4497370,A3,5090675764
2343,1004.050421,0x4497370,A3,5057981836
2344,1004.050882,0x4497370,A3,5025287908
2345,1004.051293,0x4497370,A3,4633279300
2346,1004.193588,0x4497370,A3,4633323028
2347,1004.198385,0x4497370,A3,4633323028
2348,1004.214317,0x4497370,A3,4633323028
2349,1004.587289,0x4497370,A3,4635266356
2350,1004.593378,0x4497370,A3,4635266356
2351,1004.601078,0x4497370,A3,4635266356
2352,1004.602180,0x4497370,A3,4635266356
2353,1004.825396,0x4497370,A3,4635940348
2354,1004.828370,0x4497370,A3,4635940348
2355,1004.832216,0x4497370,A3,4635940348
2356,1004.833297,0x4497370,A3,4635940348
2357,1004.834259,0x4497370,A3,4635940348
2358,1008.288595,0x3d66fc0,A0,4767611364
2359,1008.290357,0x3d66fc0,A0,4766295996
2360,1008.290988,0x3d66fc0,A0,4766252268
2361,1009.195080,0x3900690,A1,4765112120
2362,1009.196512,0x3900690,A1,4764438128
2363,1009.545602,0x4497370,A3,4635896620
2364,1009.547154,0x4497370,A3,4633953292
2365,1009.547775,0x4497370,A3,4633279300
2366,1009.573490,0x37e4630,A2,4657381920
2367,1009.581391,0x37e4630,A2,4655438592
2368,1043.334046,0x3900690,A1,5159106024
2369,1043.352220,0x3900690,A1,5173141192
2370,1043.356416,0x3900690,A1,5187176360
2371,1043.359541,0x3900690,A1,5201211528
2372,1043.362334,0x3900690,A1,5215246696
2373,1043.366760,0x3900690,A1,5215246924
2374,1043.509156,0x3d66fc0,A0,5160819324
2375,1043.524177,0x3d66fc0,A0,5174919788
2376,1043.528292,0x3d66fc0,A0,5189020252
2377,1043.532158,0x3d66fc0,A0,5203120716
2378,1043.576799,0x3d66fc0,A0,5217221180
2379,1043.580174,0x3d66fc0,A0,5217221412
2380,1043.674714,0x3900690,A1,5609914820
2381,1043.892823,0x3900690,A1,5623949988
2382,1043.913181,0x3900690,A1,5637985156
2383,1043.932378,0x3900690,A1,5652020324
2384,1043.953146,0x3900690,A1,5666055492
2385,1043.975196,0x3900690,A1,5666055720
2386,1043.988845,0x3900690,A1,5666055492
2387,1043.992130,0x3900690,A1,5652020324
2388,1043.992751,0x3900690,A1,5637985156
2389,1043.993381,0x3900690,A1,5623949988
2390,1043.993782,0x3d66fc0,A0,5611788468
2391,1043.993792,0x3900690,A1,5609914820
2392,1043.994243,0x3900690,A1,5215246924
2393,1044.210440,0x3d66fc0,A0,5625888932
2394,1044.231198,0x3d66fc0,A0,5639989396
2395,1044.252137,0x3d66fc0,A0,5654089860
2396,1044.270943,0x3d66fc0,A0,5668190324
2397,1044.291291,0x3d66fc0,A0,5668190556
2398,1044.303167,0x3d66fc0,A0,5668190324
2399,1044.305560,0x3d66fc0,A0,5654089860
2400,1044.306582,0x3d66fc0,A0,5639989396
2401,1044.307112,0x3d66fc0,A0,5625888932
2402,1044.307713,0x3d66fc0,A0,5611788468
2403,1044.308214,0x3d66fc0,A0,5217221412
2404,1053.080106,0x37e4630,A2,5049530928
2405,1053.120352,0x37e4630,A2,5060953560
2406,1053.124547,0x37e4630,A2,5072376192
2407,1053.128232,0x37e4630,A2,5083798824
2408,1053.131236,0x37e4630,A2,5095221456
2409,1053.137605,0x37e4630,A2,5095221684
2410,1053.439600,0x37e4630,A2,5489314020
2411,1053.440391,0x4497370,A3,5027224300
2412,1053.457004,0x4497370,A3,5038122276
2413,1053.461791,0x4497370,A3,5049020252
2414,1053.465045,0x4497370,A3,5059918228
2415,1053.490670,0x4497370,A3,5070816204
2416,1053.494826,0x4497370,A3,5070816436
2417,1053.666221,0x37e4630,A2,5500736652
2418,1053.688272,0x37e4630,A2,5512159284
2419,1053.708740,0x37e4630,A2,5523581916
2420,1053.726634,0x37e4630,A2,5535004548
2421,1053.747053,0x37e4630,A2,5535004776
2422,1053.762103,0x37e4630,A2,5535004548
2423,1053.768582,0x37e4630,A2,5523581916
2424,1053.769213,0x37e4630,A2,5512159284
2425,1053.770024,0x37e4630,A2,5500736652
2426,1053.770415,0x37e4630,A2,5489314020
2427,1053.770925,0x37e4630,A2,5095221684
2428,1053.924536,0x4497370,A3,5464761436
2429,1054.145590,0x4497370,A3,5475659412
2430,1054.166679,0x4497370,A3,5486557388
2431,1054.184844,0x4497370,A3,5497455364
2432,1054.203640,0x4497370,A3,5508353340
2433,1054.223878,0x4497370,A3,5508353572
2434,1054.239119,0x4497370,A3,5508353340
2435,1054.247460,0x4497370,A3,5497455364
2436,1054.248081,0x4497370,A3,5486557388
2437,1054.248962,0x4497370,A3,5475659412
2438,1054.249593,0x4497370,A3,5464761436
2439,1054.250044,0x4497370,A3,5070816436
2440,1089.816490,0x3900690,A1,5609914820
2441,1090.215999,0x3d66fc0,A0,5611788468
2442,1104.627610,0x4497370,A3,5464761436
2443,1104.830529,0x37e4630,A2,5489314020
2444,1112.285612,0x3900690,A1,5215246924
2445,1112.305049,0x3900690,A1,5229282092
2446,1113.415945,0x3d66fc0,A0,5217221412
2447,1113.425398,0x3d66fc0,A0,5231321876
2448,1113.513129,0x3900690,A1,5215246924
2449,1113.516063,0x3900690,A1,5609914820
2450,1113.737987,0x3900690,A1,5623949988
2451,1113.759998,0x3900690,A1,5637985156
2452,1113.780336,0x3900690,A1,5652020324
2453,1113.826209,0x3900690,A1,5666055492
2454,1113.847438,0x3900690,A1,5666055720
2455,1114.640377,0x3900690,A1,5666055492
2456,1114.644924,0x3900690,A1,5652020324
2457,1114.646215,0x3900690,A1,5637985156
2458,1114.647427,0x3900690,A1,5623949988
2459,1114.648398,0x3900690,A1,5609914820
2460,1114.649520,0x3900690,A1,5215246924
2461,1114.653495,0x3d66fc0,A0,5217221412
2462,1114.655278,0x3900690,A1,5609914820
2463,1114.658993,0x3d66fc0,A0,5611788468
2464,1114.872606,0x3900690,A1,5623949988
2465,1114.879756,0x3d66fc0,A0,5625888932
2466,1114.892754,0x3900690,A1,5637985156
2467,1114.900785,0x3d66fc0,A0,5639989396
2468,1114.913122,0x3900690,A1,5652020324
2469,1114.920312,0x3d66fc0,A0,5654089860
2470,1114.932739,0x3900690,A1,5666055492
2471,1114.942292,0x3d66fc0,A0,5668190324
2472,1114.954629,0x3900690,A1,5666055720
2473,1114.967557,0x3d66fc0,A0,5668190556
2474,1114.980375,0x3900690,A1,6060723616
2475,1115.186287,0x3900690,A1,6074758784
2476,1115.206085,0x3900690,A1,6088793952
2477,1115.225762,0x3900690,A1,6102829120
2478,1115.245118,0x3900690,A1,6116864288
2479,1115.264976,0x3900690,A1,6116864516
2480,1115.282319,0x3900690,A1,6511532412
2481,1115.488443,0x3900690,A1,6525567580
2482,1115.508260,0x3900690,A1,6539602748
2483,1115.528087,0x3900690,A1,6553637916
2484,1115.547444,0x3900690,A1,6567673084
2485,1115.566690,0x3900690,A1,6567673312
2486,1115.584004,0x3900690,A1,6962341208
2487,1115.637457,0x3d66fc0,A0,5668190324
2488,1115.642905,0x3d66fc0,A0,5654089860
2489,1115.644257,0x3d66fc0,A0,5639989396
2490,1115.645598,0x3d66fc0,A0,5625888932
2491,1115.646570,0x3d66fc0,A0,5611788468
2492,1115.647271,0x3d66fc0,A0,5217221412
2493,1115.653329,0x3d66fc0,A0,5611788468
2494,1115.790347,0x3900690,A1,6976376376
2495,1115.810064,0x3900690,A1,6990411544
2496,1115.830452,0x3900690,A1,7004446712
2497,1115.849689,0x3900690,A1,7018481880
2498,1115.869196,0x3900690,A1,7018482108
2499,1115.871909,0x3d66fc0,A0,5625888932
2500,1115.885098,0x3900690,A1,7413150004
2501,1115.893910,0x3d66fc0,A0,5639989396
2502,1115.914187,0x3d66fc0,A0,5654089860
2503,1115.934816,0x3d66fc0,A0,5668190324
2504,1115.956405,0x3d66fc0,A0,5668190556
2505,1115.984144,0x3d66fc0,A0,6062757612
2506,1116.093113,0x3900690,A1,7427185172
2507,1116.120231,0x3900690,A1,7441220340
2508,1116.140058,0x3900690,A1,7455255508
2509,1116.161347,0x3900690,A1,7469290676
2510,1116.180924,0x3900690,A1,7469290904
2511,1116.192600,0x3d66fc0,A0,6076858076
2512,1116.201252,0x3900690,A1,7863958800
2513,1116.214130,0x3d66fc0,A0,6090958540
2514,1116.236510,0x3d66fc0,A0,6105059004
2515,1116.258300,0x3d66fc0,A0,6119159468
2516,1116.278698,0x3d66fc0,A0,6119159700
2517,1116.297074,0x3d66fc0,A0,6513726756
2518,1116.406824,0x3900690,A1,7877993968
2519,1116.427202,0x3900690,A1,7892029136
2520,1116.453729,0x3900690,A1,7906064304
2521,1116.472855,0x3900690,A1,7920099472
2522,1116.491541,0x3900690,A1,7920099700
2523,1116.506311,0x3900690,A1,8314767596
2524,1116.525067,0x3d66fc0,A0,6527827220
2525,1116.545975,0x3d66fc0,A0,6541927684
2526,1116.565372,0x3d66fc0,A0,6556028148
2527,1116.587132,0x3d66fc0,A0,6570128612
2528,1116.606018,0x3d66fc0,A0,6570128844
2529,1116.622641,0x3d66fc0,A0,6964695900
2530,1116.712064,0x3900690,A1,8328802764
2531,1116.733113,0x3900690,A1,8342837932
2532,1116.753711,0x3900690,A1,8356873100
2533,1116.773077,0x3900690,A1,8370908268
2534,1116.792454,0x3900690,A1,8370908496
2535,1116.807625,0x3900690,A1,8765576392
2536,1116.829465,0x3d66fc0,A0,6978796364
2537,1116.853778,0x3d66fc0,A0,6992896828
2538,1116.873435,0x3d66fc0,A0,7006997292
2539,1116.896948,0x3d66fc0,A0,7021097756
2540,1116.915593,0x3d66fc0,A0,7021097988
2541,1116.932056,0x3d66fc0,A0,7415665044
2542,1117.013227,0x3900690,A1,8779611560
2543,1117.032714,0x3900690,A1,8793646728
2544,1117.052091,0x3900690,A1,8807681896
2545,1117.072629,0x3900690,A1,8821717064
2546,1117.092687,0x3900690,A1,8821717292
2547,1117.109229,0x3900690,A1,8821717064
2548,1117.110111,0x3900690,A1,8807681896
2549,1117.110701,0x3900690,A1,8793646728
2550,1117.111202,0x3900690,A1,8779611560
2551,1117.111603,0x3900690,A1,8765576392
2552,1117.112033,0x3900690,A1,8370908496
2553,1117.115097,0x3900690,A1,8765576392
2554,1117.139861,0x3d66fc0,A0,7429765508
2555,1117.164455,0x3d66fc0,A0,7443865972
2556,1117.184513,0x3d66fc0,A0,7457966436
2557,1117.205962,0x3d66fc0,A0,7472066900
2558,1117.226611,0x3d66fc0,A0,7472067132
2559,1117.253978,0x3d66fc0,A0,7866634188
2560,1117.320259,0x3900690,A1,8779611560
2561,1117.340377,0x3900690,A1,8793646728
2562,1117.361967,0x3900690,A1,8807681896
2563,1117.381173,0x3900690,A1,8821717064
2564,1117.400520,0x3900690,A1,8821717292
2565,1117.415100,0x3900690,A1,8821717064
2566,1117.415710,0x3900690,A1,8807681896
2567,1117.416211,0x3900690,A1,8793646728
2568,1117.416692,0x3900690,A1,8779611560
2569,1117.417152,0x3900690,A1,8765576392
2570,1117.417553,0x3900690,A1,8370908496
2571,1117.420107,0x3900690,A1,8370908268
2572,1117.420577,0x3900690,A1,8356873100
2573,1117.420968,0x3900690,A1,8342837932
2574,1117.421378,0x3900690,A1,8328802764
2575,1117.421889,0x3900690,A1,8314767596
2576,1117.422450,0x3900690,A1,7920099700
2577,1117.425234,0x3900690,A1,7920099472
2578,1117.425744,0x3900690,A1,7906064304
2579,1117.426315,0x3900690,A1,7892029136
2580,1117.426846,0x3900690,A1,7877993968
2581,1117.430491,0x3900690,A1,7863958800
2582,1117.430911,0x3900690,A1,7469290904
2583,1117.432794,0x3900690,A1,7863958800
2584,1117.464167,0x3d66fc0,A0,7880734652
2585,1117.487699,0x3d66fc0,A0,7894835116
2586,1117.509019,0x3d66fc0,A0,7908935580
2587,1117.528525,0x3d66fc0,A0,7923036044
2588,1117.550125,0x3d66fc0,A0,7923036276
2589,1117.564305,0x3d66fc0,A0,8317603332
2590,1117.637485,0x3900690,A1,7877993968
2591,1117.660417,0x3900690,A1,7892029136
2592,1117.679593,0x3900690,A1,7906064304
2593,1117.698569,0x3900690,A1,7920099472
2594,1117.717776,0x3900690,A1,7920099700
2595,1117.732105,0x3900690,A1,8314767596
2596,1117.774103,0x3d66fc0,A0,8331703796
2597,1117.794381,0x3d66fc0,A0,8345804260
2598,1117.815420,0x3d66fc0,A0,8359904724
2599,1117.835347,0x3d66fc0,A0,8374005188
2600,1117.857277,0x3d66fc0,A0,8374005420
2601,1117.871587,0x3d66fc0,A0,8768572476
2602,1117.937067,0x3900690,A1,8328802764
2603,1117.958606,0x3900690,A1,8342837932
2604,1117.981768,0x3900690,A1,8356873100
2605,1118.001245,0x3900690,A1,8370908268
2606,1118.020401,0x3900690,A1,8370908496
2607,1118.032788,0x3900690,A1,8765576392
2608,1118.081615,0x3d66fc0,A0,8782672940
2609,1118.102364,0x3d66fc0,A0,8796773404
2610,1118.123163,0x3d66fc0,A0,8810873868
2611,1118.142419,0x3d66fc0,A0,8824974332
2612,1118.162186,0x3d66fc0,A0,8824974564
2613,1118.180251,0x3d66fc0,A0,8824974332
2614,1118.181893,0x3d66fc0,A0,8810873868
2615,1118.182664,0x3d66fc0,A0,8796773404
2616,1118.183315,0x3d66fc0,A0,8782672940
2617,1118.183806,0x3d66fc0,A0,8768572476
2618,1118.184216,0x3d66fc0,A0,8374005420
2619,1118.192368,0x3d66fc0,A0,8768572476
2620,1118.238211,0x3900690,A1,8779611560
2621,1118.261072,0x3900690,A1,8793646728
2622,1118.280198,0x3900690,A1,8807681896
2623,1118.299365,0x3900690,A1,8821717064
2624,1118.318811,0x3900690,A1,8821717292
2625,1118.332130,0x3900690,A1,9216385188
2626,1118.401615,0x3d66fc0,A0,8782672940
2627,1118.422213,0x3d66fc0,A0,8796773404
2628,1118.442802,0x3d66fc0,A0,8810873868
2629,1118.462329,0x3d66fc0,A0,8824974332
2630,1118.483668,0x3d66fc0,A0,8824974564
2631,1118.498588,0x3d66fc0,A0,8824974332
2632,1118.499119,0x3d66fc0,A0,8810873868
2633,1118.499620,0x3d66fc0,A0,8796773404
2634,1118.500100,0x3d66fc0,A0,8782672940
2635,1118.500701,0x3d66fc0,A0,8768572476
2636,1118.501112,0x3d66fc0,A0,8374005420
2637,1118.503755,0x3d66fc0,A0,8374005188
2638,1118.504206,0x3d66fc0,A0,8359904724
2639,1118.504637,0x3d66fc0,A0,8345804260
2640,1118.505037,0x3d66fc0,A0,8331703796
2641,1118.505708,0x3d66fc0,A0,8317603332
2642,1118.506319,0x3d66fc0,A0,7923036276
2643,1118.509183,0x3d66fc0,A0,7923036044
2644,1118.509794,0x3d66fc0,A0,7908935580
2645,1118.510334,0x3d66fc0,A0,7894835116
2646,1118.511106,0x3d66fc0,A0,7880734652
2647,1118.511636,0x3d66fc0,A0,7866634188
2648,1118.512457,0x3d66fc0,A0,7472067132
2649,1118.514190,0x3d66fc0,A0,7866634188
2650,1118.538313,0x3900690,A1,9230420356
2651,1118.560303,0x3900690,A1,9244455524
2652,1118.579930,0x3900690,A1,9258490692
2653,1118.599677,0x3900690,A1,9272525860
2654,1118.621437,0x3900690,A1,9272526088
2655,1118.636217,0x3900690,A1,9272525860
2656,1118.636898,0x3900690,A1,9258490692
2657,1118.637499,0x3900690,A1,9244455524
2658,1118.637940,0x3900690,A1,9230420356
2659,1118.638571,0x3900690,A1,9216385188
2660,1118.639161,0x3900690,A1,8821717292
2661,1118.640423,0x3900690,A1,9216385188
2662,1118.720844,0x3d66fc0,A0,7880734652
2663,1118.742413,0x3d66fc0,A0,7894835116
2664,1118.763322,0x3d66fc0,A0,7908935580
2665,1118.783740,0x3d66fc0,A0,7923036044
2666,1118.802906,0x3d66fc0,A0,7923036276
2667,1118.819249,0x3d66fc0,A0,8317603332
2668,1118.845715,0x3900690,A1,9230420356
2669,1118.867065,0x3900690,A1,9244455524
2670,1118.886411,0x3900690,A1,9258490692
2671,1118.905848,0x3900690,A1,9272525860
2672,1118.924934,0x3900690,A1,9272526088
2673,1118.938403,0x3900690,A1,9272525860
2674,1118.938953,0x3900690,A1,9258490692
2675,1118.939454,0x3900690,A1,9244455524
2676,1118.939865,0x3900690,A1,9230420356
2677,1118.944181,0x3900690,A1,9216385188
2678,1118.944811,0x3900690,A1,8821717292
2679,1118.947285,0x3900690,A1,8821717064
2680,1118.947765,0x3900690,A1,8807681896
2681,1118.948256,0x3900690,A1,8793646728
2682,1118.948757,0x3900690,A1,8779611560
2683,1118.949237,0x3900690,A1,8765576392
2684,1118.949648,0x3900690,A1,8370908496
2685,1118.952001,0x3900690,A1,8370908268
2686,1118.952622,0x3900690,A1,8356873100
2687,1118.953023,0x3900690,A1,8342837932
2688,1118.953453,0x3900690,A1,8328802764
2689,1118.953954,0x3900690,A1,8314767596
2690,1118.954455,0x3900690,A1,7920099700
2691,1118.957158,0x3900690,A1,7920099472
2692,1118.957689,0x3900690,A1,7906064304
2693,1118.958190,0x3900690,A1,7892029136
2694,1118.958660,0x3900690,A1,7877993968
2695,1118.962045,0x3900690,A1,7863958800
2696,1118.962876,0x3900690,A1,7469290904
2697,1118.965980,0x3900690,A1,7469290676
2698,1118.966531,0x3900690,A1,7455255508
2699,1118.966982,0x3900690,A1,7441220340
2700,1118.967382,0x3900690,A1,7427185172
2701,1118.968003,0x3900690,A1,7413150004
2702,1118.968534,0x3900690,A1,7018482108
2703,1118.972730,0x3900690,A1,7018481880
2704,1118.973210,0x3900690,A1,7004446712
2705,1118.973771,0x3900690,A1,6990411544
2706,1118.974242,0x3900690,A1,6976376376
2707,1118.974803,0x3900690,A1,6962341208
2708,1118.975333,0x3900690,A1,6567673312
2709,1118.978227,0x3900690,A1,6567673084
2710,1118.978778,0x3900690,A1,6553637916
2711,1118.979139,0x3900690,A1,6539602748
2712,1118.979539,0x3900690,A1,6525567580
2713,1118.979930,0x3900690,A1,6511532412
2714,1118.980430,0x3900690,A1,6116864516
2715,1118.982012,0x3900690,A1,6116864288
2716,1118.982523,0x3900690,A1,6102829120
2717,1118.982994,0x3900690,A1,6088793952
2718,1118.983464,0x3900690,A1,6074758784
2719,1118.984075,0x3900690,A1,6060723616
2720,1118.984506,0x3900690,A1,5666055720
2721,1118.989092,0x3900690,A1,5666055492
2722,1118.989623,0x3900690,A1,5652020324
2723,1118.990044,0x3900690,A1,5637985156
2724,1118.990664,0x3900690,A1,5623949988
2725,1118.993568,0x3900690,A1,5609914820
2726,1118.994279,0x3900690,A1,5215246924
2727,1118.996793,0x3900690,A1,5609914820
2728,1119.026994,0x3d66fc0,A0,8331703796
2729,1119.047913,0x3d66fc0,A0,8345804260
2730,1119.068151,0x3d66fc0,A0,8359904724
2731,1119.088299,0x3d66fc0,A0,8374005188
2732,1119.107184,0x3d66fc0,A0,8374005420
2733,1119.119632,0x3d66fc0,A0,8768572476
2734,1119.202706,0x3900690,A1,5623949988
2735,1119.222413,0x3900690,A1,5637985156
2736,1119.241509,0x3900690,A1,5652020324
2737,1119.262558,0x3900690,A1,5666055492
2738,1119.282235,0x3900690,A1,5666055720
2739,1119.302002,0x3900690,A1,5666055492
2740,1119.302563,0x3900690,A1,5652020324
2741,1119.303044,0x3900690,A1,5637985156
2742,1119.303424,0x3900690,A1,5623949988
2743,1119.303915,0x3900690,A1,5609914820
2744,1119.304436,0x3900690,A1,5215246924
2745,1119.310714,0x3900690,A1,5609914820
2746,1119.327407,0x3d66fc0,A0,8782672940
2747,1119.347515,0x3d66fc0,A0,8796773404
2748,1119.367542,0x3d66fc0,A0,8810873868
2749,1119.387510,0x3d66fc0,A0,8824974332
2750,1119.406946,0x3d66fc0,A0,8824974564
2751,1119.419814,0x3d66fc0,A0,9219541620
2752,1119.515526,0x3900690,A1,5623949988
2753,1119.535133,0x3900690,A1,5637985156
2754,1119.554479,0x3900690,A1,5652020324
2755,1119.574667,0x3900690,A1,5666055492
2756,1119.593693,0x3900690,A1,5666055720
2757,1119.608834,0x3900690,A1,5666055492
2758,1119.609855,0x3900690,A1,5652020324
2759,1119.610376,0x3900690,A1,5637985156
2760,1119.610817,0x3900690,A1,5623949988
2761,1119.611287,0x3900690,A1,5609914820
2762,1119.611778,0x3900690,A1,5215246924
2763,1119.631475,0x3d66fc0,A0,9233642084
2764,1119.653826,0x3d66fc0,A0,9247742548
2765,1119.674334,0x3d66fc0,A0,9261843012
2766,1119.693380,0x3d66fc0,A0,9275943476
2767,1119.712646,0x3d66fc0,A0,9275943708
2768,1119.727166,0x3d66fc0,A0,9275943476
2769,1119.727757,0x3d66fc0,A0,9261843012
2770,1119.728278,0x3d66fc0,A0,9247742548
2771,1119.728709,0x3d66fc0,A0,9233642084
2772,1119.729219,0x3d66fc0,A0,9219541620
2773,1119.729720,0x3d66fc0,A0,8824974564
2774,1119.731132,0x3d66fc0,A0,9219541620
2775,1119.941180,0x3d66fc0,A0,9233642084
2776,1119.963792,0x3d66fc0,A0,9247742548
2777,1119.985652,0x3d66fc0,A0,9261843012
2778,1120.004487,0x3d66fc0,A0,9275943476
2779,1120.025566,0x3d66fc0,A0,9275943708
2780,1120.039175,0x3d66fc0,A0,9275943476
2781,1120.039776,0x3d66fc0,A0,9261843012
2782,1120.040307,0x3d66fc0,A0,9247742548
2783,1120.040697,0x3d66fc0,A0,9233642084
2784,1120.041238,0x3d66fc0,A0,9219541620
2785,1120.041628,0x3d66fc0,A0,8824974564
2786,1120.044032,0x3d66fc0,A0,8824974332
2787,1120.044502,0x3d66fc0,A0,8810873868
2788,1120.044933,0x3d66fc0,A0,8796773404
2789,1120.045334,0x3d66fc0,A0,8782672940
2790,1120.045734,0x3d66fc0,A0,8768572476
2791,1120.046135,0x3d66fc0,A0,8374005420
2792,1120.048548,0x3d66fc0,A0,8374005188
2793,1120.049179,0x3d66fc0,A0,8359904724
2794,1120.049619,0x3d66fc0,A0,8345804260
2795,1120.050030,0x3d66fc0,A0,8331703796
2796,1120.050751,0x3d66fc0,A0,8317603332
2797,1120.051202,0x3d66fc0,A0,7923036276
2798,1120.054406,0x3d66fc0,A0,7923036044
2799,1120.055087,0x3d66fc0,A0,7908935580
2800,1120.055818,0x3d66fc0,A0,7894835116
2801,1120.056389,0x3d66fc0,A0,7880734652
2802,1120.056879,0x3d66fc0,A0,7866634188
2803,1120.057620,0x3d66fc0,A0,7472067132
2804,1120.061025,0x3d66fc0,A0,7472066900
2805,1120.061726,0x3d66fc0,A0,7457966436
2806,1120.062157,0x3d66fc0,A0,7443865972
2807,1120.062587,0x3d66fc0,A0,7429765508
2808,1120.067254,0x3d66fc0,A0,7415665044
2809,1120.067935,0x3d66fc0,A0,7021097988
2810,1120.074904,0x3d66fc0,A0,7021097756
2811,1120.075495,0x3d66fc0,A0,7006997292
2812,1120.076296,0x3d66fc0,A0,6992896828
2813,1120.076887,0x3d66fc0,A0,6978796364
2814,1120.077378,0x3d66fc0,A0,6964695900
2815,1120.077978,0x3d66fc0,A0,6570128844
2816,1120.083085,0x3d66fc0,A0,6570128612
2817,1120.083796,0x3d66fc0,A0,6556028148
2818,1120.084187,0x3d66fc0,A0,6541927684
2819,1120.085028,0x3d66fc0,A0,6527827220
2820,1120.086050,0x3d66fc0,A0,6513726756
2821,1120.086861,0x3d66fc0,A0,6119159700
2822,1120.088573,0x3d66fc0,A0,6119159468
2823,1120.089434,0x3d66fc0,A0,6105059004
2824,1120.090045,0x3d66fc0,A0,6090958540
2825,1120.090576,0x3d66fc0,A0,6076858076
2826,1120.090976,0x3d66fc0,A0,6062757612
2827,1120.091547,0x3d66fc0,A0,5668190556
2828,1120.096213,0x3d66fc0,A0,5668190324
2829,1120.096894,0x3d66fc0,A0,5654089860
2830,1120.097415,0x3d66fc0,A0,5639989396
2831,1120.098066,0x3d66fc0,A0,5625888932
2832,1120.098887,0x3d66fc0,A0,5611788468
2833,1120.099588,0x3d66fc0,A0,5217221412
2834,1120.101741,0x3d66fc0,A0,5611788468
2835,1120.309577,0x3d66fc0,A0,5625888932
2836,1120.331336,0x3d66fc0,A0,5639989396
2837,1120.350142,0x3d66fc0,A0,5654089860
2838,1120.370040,0x3d66fc0,A0,5668190324
2839,1120.389907,0x3d66fc0,A0,5668190556
2840,1120.412087,0x3d66fc0,A0,5668190324
2841,1120.412718,0x3d66fc0,A0,5654089860
2842,1120.413199,0x3d66fc0,A0,5639989396
2843,1120.413579,0x3d66fc0,A0,5625888932
2844,1120.414080,0x3d66fc0,A0,5611788468
2845,1120.414581,0x3d66fc0,A0,5217221412
2846,1120.417625,0x3d66fc0,A0,5611788468
2847,1120.625711,0x3d66fc0,A0,5625888932
2848,1120.646640,0x3d66fc0,A0,5639989396
2849,1120.665506,0x3d66fc0,A0,5654089860
2850,1120.686494,0x3d66fc0,A0,5668190324
2851,1120.705400,0x3d66fc0,A0,5668190556
2852,1120.722424,0x3d66fc0,A0,5668190324
2853,1120.726059,0x3d66fc0,A0,5654089860
2854,1120.726549,0x3d66fc0,A0,5639989396
2855,1120.726960,0x3d66fc0,A0,5625888932
2856,1120.727451,0x3d66fc0,A0,5611788468
2857,1120.727921,0x3d66fc0,A0,5217221412
2858,1122.055555,0x3900690,A1,5345916452
2859,1122.072569,0x3900690,A1,5359951620
2860,1122.077556,0x3900690,A1,5373986788
2861,1122.081030,0x3900690,A1,5388021956
2862,1122.084145,0x3900690,A1,5402057124
2863,1122.090303,0x3900690,A1,5402057352
2864,1122.220542,0x3900690,A1,5532726880
2865,1122.307762,0x3900690,A1,5546762048
2866,1122.328811,0x3900690,A1,5560797216
2867,1122.349549,0x3900690,A1,5574832384
2868,1122.375094,0x3900690,A1,5588867552
2869,1122.395282,0x3900690,A1,5588867780
2870,1122.409922,0x3900690,A1,5588867552
2871,1122.416021,0x3900690,A1,5574832384
2872,1122.417012,0x3900690,A1,5560797216
2873,1122.417863,0x3900690,A1,5546762048
2874,1123.173381,0x3d66fc0,A0,5347890940
2875,1123.192097,0x3d66fc0,A0,5361991404
2876,1123.197004,0x3d66fc0,A0,5376091868
2877,1123.201650,0x3d66fc0,A0,5390192332
2878,1123.205205,0x3d66fc0,A0,5404292796
2879,1123.209881,0x3d66fc0,A0,5404293028
2880,1123.345097,0x3d66fc0,A0,5534962556
2881,1123.432557,0x3d66fc0,A0,5549063020
2882,1123.455649,0x3d66fc0,A0,5563163484
2883,1123.482736,0x3d66fc0,A0,5577263948
2884,1123.507440,0x3d66fc0,A0,5591364412
2885,1123.528459,0x3d66fc0,A0,5591364644
2886,1123.542559,0x3d66fc0,A0,5591364412
2887,1123.547195,0x3d66fc0,A0,5577263948
2888,1123.548316,0x3d66fc0,A0,5563163484
2889,1123.549218,0x3d66fc0,A0,5549063020
2890,1123.549778,0x3d66fc0,A0,5534962556
2891,1123.550409,0x3d66fc0,A0,5404293028
2892,1123.572460,0x3d66fc0,A0,5534962556
2893,1124.208804,0x4497370,A3,5070816436
2894,1124.221241,0x4497370,A3,5081714412
2895,1124.354815,0x37e4630,A2,5095221684
2896,1124.360773,0x37e4630,A2,5106644316
2897,1125.466933,0x4497370,A3,5070816436
2898,1125.472280,0x4497370,A3,5464761436
2899,1125.484326,0x37e4630,A2,5095221684
2900,1125.488512,0x37e4630,A2,5489314020
2901,1125.689218,0x4497370,A3,5475659412
2902,1125.705991,0x37e4630,A2,5500736652
2903,1125.709946,0x4497370,A3,5486557388
2904,1125.725488,0x37e4630,A2,5512159284
2905,1125.728933,0x4497370,A3,5497455364
2906,1125.744864,0x37e4630,A2,5523581916
2907,1125.749561,0x4497370,A3,5508353340
2908,1125.774225,0x4497370,A3,5508353572
2909,1125.784899,0x37e4630,A2,5535004548
2910,1125.804827,0x37e4630,A2,5535004776
2911,1126.538805,0x37e4630,A2,5535004548
2912,1126.540127,0x4497370,A3,5508353340
2913,1126.543822,0x37e4630,A2,5523581916
2914,1126.545404,0x37e4630,A2,5512159284
2915,1126.546255,0x4497370,A3,5497455364
2916,1126.547687,0x37e4630,A2,5500736652
2917,1126.547687,0x4497370,A3,5486557388
2918,1126.548709,0x4497370,A3,5475659412
2919,1126.548909,0x37e4630,A2,5489314020
2920,1126.549610,0x37e4630,A2,5095221684
2921,1126.550001,0x4497370,A3,5464761436
2922,1126.550962,0x4497370,A3,5070816436
2923,1126.553786,0x37e4630,A2,5489314020
2924,1126.556089,0x4497370,A3,5464761436
2925,1126.772536,0x37e4630,A2,5500736652
2926,1126.773728,0x4497370,A3,5475659412
2927,1126.793095,0x4497370,A3,5486557388
2928,1126.794957,0x37e4630,A2,5512159284
2929,1126.813713,0x4497370,A3,5497455364
2930,1126.814784,0x37e4630,A2,5523581916
2931,1126.832829,0x4497370,A3,5508353340
2932,1126.833831,0x37e4630,A2,5535004548
2933,1126.852616,0x37e4630,A2,5535004776
2934,1126.852817,0x4497370,A3,5508353572
2935,1126.876149,0x37e4630,A2,5929097112
2936,1126.877260,0x4497370,A3,5902298572
2937,1127.081531,0x37e4630,A2,5940519744
2938,1127.085146,0x4497370,A3,5913196548
2939,1127.102359,0x37e4630,A2,5951942376
2940,1127.104783,0x4497370,A3,5924094524
2941,1127.120745,0x37e4630,A2,5963365008
2942,1127.123869,0x4497370,A3,5934992500
2943,1127.139150,0x37e4630,A2,5974787640
2944,1127.143376,0x4497370,A3,5945890476
2945,1127.158006,0x37e4630,A2,5974787868
2946,1127.162122,0x4497370,A3,5945890708
2947,1127.176261,0x37e4630,A2,6368880204
2948,1127.181558,0x4497370,A3,6339835708
2949,1127.381864,0x37e4630,A2,6380302836
2950,1127.402352,0x37e4630,A2,6391725468
2951,1127.408290,0x4497370,A3,6350733684
2952,1127.421087,0x37e4630,A2,6403148100
2953,1127.426575,0x4497370,A3,6361631660
2954,1127.439693,0x37e4630,A2,6414570732
2955,1127.445902,0x4497370,A3,6372529636
2956,1127.457988,0x37e4630,A2,6414570960
2957,1127.464908,0x4497370,A3,6383427612
2958,1127.475212,0x37e4630,A2,6808663296
2959,1127.484034,0x4497370,A3,6383427844
2960,1127.499205,0x4497370,A3,6777372844
2961,1127.680284,0x37e4630,A2,6820085928
2962,1127.700541,0x37e4630,A2,6831508560
2963,1127.708222,0x4497370,A3,6788270820
2964,1127.718586,0x37e4630,A2,6842931192
2965,1127.727849,0x4497370,A3,6799168796
2966,1127.736931,0x37e4630,A2,6854353824
2967,1127.747266,0x4497370,A3,6810066772
2968,1127.754816,0x37e4630,A2,6854354052
2969,1127.770197,0x37e4630,A2,7248446388
2970,1127.774103,0x4497370,A3,6820964748
2971,1127.792988,0x4497370,A3,6820964980
2972,1127.809471,0x4497370,A3,7214909980
2973,1127.976140,0x37e4630,A2,7259869020
2974,1128.001004,0x37e4630,A2,7271291652
2975,1128.018358,0x4497370,A3,7225807956
2976,1128.019760,0x37e4630,A2,7282714284
2977,1128.036974,0x4497370,A3,7236705932
2978,1128.038536,0x37e4630,A2,7294136916
2979,1128.055850,0x4497370,A3,7247603908
2980,1128.056641,0x37e4630,A2,7294137144
2981,1128.075777,0x4497370,A3,7258501884
2982,1128.081405,0x37e4630,A2,7688229480
2983,1128.095144,0x4497370,A3,7258502116
2984,1128.112938,0x4497370,A3,7652447116
2985,1128.286727,0x37e4630,A2,7699652112
2986,1128.305773,0x37e4630,A2,7711074744
2987,1128.320724,0x4497370,A3,7663345092
2988,1128.332159,0x37e4630,A2,7722497376
2989,1128.340130,0x4497370,A3,7674243068
2990,1128.350925,0x37e4630,A2,7733920008
2991,1128.359717,0x4497370,A3,7685141044
2992,1128.368890,0x37e4630,A2,7733920236
2993,1128.377702,0x4497370,A3,7696039020
2994,1128.385643,0x37e4630,A2,8128012572
2995,1128.396778,0x4497370,A3,7696039252
2996,1128.412420,0x4497370,A3,8089984252
2997,1128.589102,0x37e4630,A2,8139435204
2998,1128.608619,0x37e4630,A2,8150857836
2999,1128.621537,0x4497370,A3,8100882228
3000,1128.626724,0x37e4630,A2,8162280468
3001,1128.641624,0x4497370,A3,8111780204
3002,1128.645089,0x37e4630,A2,8173703100
3003,1128.661402,0x4497370,A3,8122678180
3004,1128.662934,0x37e4630,A2,8173703328
3005,1128.678064,0x37e4630,A2,8567795664
3006,1128.681039,0x4497370,A3,8133576156
3007,1128.698863,0x4497370,A3,8133576388
3008,1128.715436,0x4497370,A3,8527521388
3009,1128.881874,0x37e4630,A2,8579218296
3010,1128.902793,0x37e4630,A2,8590640928
3011,1128.921269,0x37e4630,A2,8602063560
3012,1128.921479,0x4497370,A3,8538419364
3013,1128.939103,0x37e4630,A2,8613486192
3014,1128.940856,0x4497370,A3,8549317340
3015,1128.956908,0x37e4630,A2,8613486420
3016,1128.958450,0x4497370,A3,8560215316
3017,1128.974472,0x37e4630,A2,8613486192
3018,1128.975313,0x37e4630,A2,8602063560
3019,1128.975894,0x37e4630,A2,8590640928
3020,1128.976384,0x37e4630,A2,8579218296
3021,1128.976815,0x37e4630,A2,8567795664
3022,1128.977366,0x37e4630,A2,8173703328
3023,1128.980059,0x37e4630,A2,8567795664
3024,1128.980720,0x4497370,A3,8571113292
3025,1128.998815,0x4497370,A3,8571113524
3026,1129.016379,0x4497370,A3,8571113292
3027,1129.017821,0x4497370,A3,8560215316
3028,1129.018512,0x4497370,A3,8549317340
3029,1129.019183,0x4497370,A3,8538419364
3030,1129.019714,0x4497370,A3,8527521388
3031,1129.020195,0x4497370,A3,8133576388
3032,1129.025822,0x4497370,A3,8527521388
3033,1129.183819,0x37e4630,A2,8579218296
3034,1129.196747,0x3d66fc0,A0,5404293028
3035,1129.203216,0x37e4630,A2,8590640928
3036,1129.221121,0x37e4630,A2,8602063560
3037,1129.232326,0x4497370,A3,8538419364
3038,1129.239045,0x37e4630,A2,8613486192
3039,1129.257280,0x37e4630,A2,8613486420
3040,1129.271850,0x37e4630,A2,8613486192
3041,1129.272391,0x37e4630,A2,8602063560
3042,1129.272902,0x37e4630,A2,8590640928
3043,1129.273332,0x37e4630,A2,8579218296
3044,1129.273743,0x37e4630,A2,8567795664
3045,1129.274234,0x37e4630,A2,8173703328
3046,1129.276817,0x37e4630,A2,8173703100
3047,1129.277238,0x37e4630,A2,8162280468
3048,1129.277698,0x37e4630,A2,8150857836
3049,1129.278099,0x37e4630,A2,8139435204
3050,1129.278690,0x37e4630,A2,8128012572
3051,1129.279210,0x37e4630,A2,7733920236
3052,1129.281784,0x37e4630,A2,7733920008
3053,1129.282365,0x37e4630,A2,7722497376
3054,1129.282865,0x37e4630,A2,7711074744
3055,1129.283366,0x37e4630,A2,7699652112
3056,1129.286470,0x37e4630,A2,7688229480
3057,1129.286991,0x37e4630,A2,7294137144
3058,1129.288734,0x37e4630,A2,7688229480
3059,1129.491452,0x37e4630,A2,7699652112
3060,1129.510208,0x37e4630,A2,7711074744
3061,1129.528042,0x37e4630,A2,7722497376
3062,1129.546187,0x37e4630,A2,7733920008
3063,1129.564362,0x37e4630,A2,7733920236
3064,1129.579062,0x37e4630,A2,8128012572
3065,1129.642800,0x4497370,A3,8549317340
3066,1129.660665,0x4497370,A3,8560215316
3067,1129.677908,0x4497370,A3,8571113292
3068,1129.695142,0x4497370,A3,8571113524
3069,1129.709432,0x4497370,A3,8571113292
3070,1129.709962,0x4497370,A3,8560215316
3071,1129.710403,0x4497370,A3,8549317340
3072,1129.710824,0x4497370,A3,8538419364
3073,1129.711254,0x4497370,A3,8527521388
3074,1129.711705,0x4497370,A3,8133576388
3075,1129.714519,0x4497370,A3,8133576156
3076,1129.715009,0x4497370,A3,8122678180
3077,1129.715430,0x4497370,A3,8111780204
3078,1129.715830,0x4497370,A3,8100882228
3079,1129.716261,0x4497370,A3,8089984252
3080,1129.716742,0x4497370,A3,7696039252
3081,1129.719365,0x4497370,A3,7696039020
3082,1129.719876,0x4497370,A3,7685141044
3083,1129.720337,0x4497370,A3,7674243068
3084,1129.720757,0x4497370,A3,7663345092
3085,1129.721168,0x4497370,A3,7652447116
3086,1129.721578,0x4497370,A3,7258502116
3087,1129.723060,0x4497370,A3,7652447116
3088,1129.783353,0x37e4630,A2,8139435204
3089,1129.803721,0x37e4630,A2,8150857836
3090,1129.821806,0x37e4630,A2,8162280468
3091,1129.839500,0x37e4630,A2,8173703100
3092,1129.857004,0x37e4630,A2,8173703328
3093,1129.868971,0x37e4630,A2,8567795664
3094,1129.872776,0x3d66fc0,A0,5418393492
3095,1129.928983,0x4497370,A3,7663345092
3096,1129.948410,0x4497370,A3,7674243068
3097,1129.968518,0x4497370,A3,7685141044
3098,1129.986132,0x4497370,A3,7696039020
3099,1130.004817,0x4497370,A3,7696039252
3100,1130.020970,0x4497370,A3,8089984252
3101,1130.072691,0x37e4630,A2,8579218296
3102,1130.090715,0x37e4630,A2,8590640928
3103,1130.108660,0x37e4630,A2,8602063560
3104,1130.126364,0x37e4630,A2,8613486192
3105,1130.145601,0x37e4630,A2,8613486420
3106,1130.157467,0x37e4630,A2,9007578756
3107,1130.228895,0x4497370,A3,8100882228
3108,1130.248162,0x4497370,A3,8111780204
3109,1130.267148,0x4497370,A3,8122678180
3110,1130.285433,0x4497370,A3,8133576156
3111,1130.289689,0x3d66fc0,A0,5404293028
3112,1130.362289,0x37e4630,A2,9019001388
3113,1130.380273,0x37e4630,A2,9030424020
3114,1130.399990,0x37e4630,A2,9041846652
3115,1130.417655,0x37e4630,A2,9053269284
3116,1130.435689,0x37e4630,A2,9053269512
3117,1130.449388,0x37e4630,A2,9053269284
3118,1130.449849,0x37e4630,A2,9041846652
3119,1130.450249,0x37e4630,A2,9030424020
3120,1130.450650,0x37e4630,A2,9019001388
3121,1130.451051,0x37e4630,A2,9007578756
3122,1130.451471,0x37e4630,A2,8613486420
3123,1130.452472,0x37e4630,A2,9007578756
3124,1130.482053,0x3d66fc0,A0,5404521140
3125,1130.487340,0x3d66fc0,A0,5404521140
3126,1130.516851,0x3d66fc0,A0,5404521140
3127,1130.636595,0x4497370,A3,8133576388
3128,1130.656973,0x37e4630,A2,9019001388
3129,1130.674928,0x37e4630,A2,9030424020
3130,1130.692723,0x37e4630,A2,9041846652
3131,1130.709816,0x37e4630,A2,9053269284
3132,1130.726970,0x37e4630,A2,9053269512
3133,1130.740518,0x37e4630,A2,9053269284
3134,1130.740969,0x37e4630,A2,9041846652
3135,1130.741379,0x37e4630,A2,9030424020
3136,1130.741760,0x37e4630,A2,9019001388
3137,1130.745125,0x37e4630,A2,9007578756
3138,1130.745565,0x37e4630,A2,8613486420
3139,1130.747958,0x37e4630,A2,8613486192
3140,1130.748419,0x37e4630,A2,8602063560
3141,1130.748820,0x37e4630,A2,8590640928
3142,1130.749230,0x37e4630,A2,8579218296
3143,1130.749631,0x37e4630,A2,8567795664
3144,1130.750051,0x37e4630,A2,8173703328
3145,1130.752425,0x37e4630,A2,8173703100
3146,1130.752885,0x37e4630,A2,8162280468
3147,1130.753286,0x37e4630,A2,8150857836
3148,1130.753716,0x37e4630,A2,8139435204
3149,1130.754147,0x37e4630,A2,8128012572
3150,1130.754568,0x37e4630,A2,7733920236
3151,1130.757141,0x37e4630,A2,7733920008
3152,1130.757672,0x37e4630,A2,7722497376
3153,1130.758072,0x37e4630,A2,7711074744
3154,1130.758493,0x37e4630,A2,7699652112
3155,1130.758924,0x37e4630,A2,7688229480
3156,1130.759344,0x37e4630,A2,7294137144
3157,1130.761958,0x37e4630,A2,7294136916
3158,1130.762468,0x37e4630,A2,7282714284
3159,1130.762889,0x37e4630,A2,7271291652
3160,1130.763279,0x37e4630,A2,7259869020
3161,1130.763680,0x37e4630,A2,7248446388
3162,1130.764151,0x37e4630,A2,6854354052
3163,1130.766644,0x37e4630,A2,6854353824
3164,1130.767125,0x37e4630,A2,6842931192
3165,1130.767515,0x37e4630,A2,6831508560
3166,1130.767956,0x37e4630,A2,6820085928
3167,1130.768366,0x37e4630,A2,6808663296
3168,1130.768747,0x37e4630,A2,6414570960
3169,1130.771351,0x37e4630,A2,6414570732
3170,1130.771821,0x37e4630,A2,6403148100
3171,1130.772242,0x37e4630,A2,6391725468
3172,1130.772642,0x37e4630,A2,6380302836
3173,1130.773003,0x37e4630,A2,6368880204
3174,1130.773413,0x37e4630,A2,5974787868
3175,1130.774705,0x37e4630,A2,5974787640
3176,1130.775196,0x37e4630,A2,5963365008
3177,1130.775616,0x37e4630,A2,5951942376
3178,1130.776037,0x37e4630,A2,5940519744
3179,1130.776448,0x37e4630,A2,5929097112
3180,1130.776848,0x37e4630,A2,5535004776
3181,1130.779592,0x37e4630,A2,5535004548
3182,1130.780223,0x37e4630,A2,5523581916
3183,1130.780743,0x37e4630,A2,5512159284
3184,1130.781224,0x37e4630,A2,5500736652
3185,1130.783698,0x37e4630,A2,5489314020
3186,1130.784318,0x37e4630,A2,5095221684
3187,1130.786051,0x37e4630,A2,5489314020
3188,1130.795894,0x3d66fc0,A0,5404959596
3189,1130.798388,0x3d66fc0,A0,5404959596
3190,1130.803555,0x3d66fc0,A0,5404959596
3191,1130.805007,0x3d66fc0,A0,5404959596
3192,1130.950857,0x4497370,A3,8527521388
3193,1130.989190,0x37e4630,A2,5500736652
3194,1131.007535,0x37e4630,A2,5512159284
3195,1131.025470,0x37e4630,A2,5523581916
3196,1131.042824,0x37e4630,A2,5535004548
3197,1131.060247,0x37e4630,A2,5535004776
3198,1131.079073,0x37e4630,A2,5535004548
3199,1131.079544,0x37e4630,A2,5523581916
3200,1131.080025,0x37e4630,A2,5512159284
3201,1131.080425,0x37e4630,A2,5500736652
3202,1131.080886,0x37e4630,A2,5489314020
3203,1131.081296,0x37e4630,A2,5095221684
3204,1131.085152,0x37e4630,A2,5489314020
3205,1131.104228,0x3d66fc0,A0,5404974172
3206,1131.106701,0x3d66fc0,A0,5404974172
3207,1131.110857,0x3d66fc0,A0,5404974172
3208,1131.111798,0x3d66fc0,A0,5404974172
3209,1131.112700,0x3d66fc0,A0,5404974172
3210,1131.288731,0x37e4630,A2,5500736652
3211,1131.307707,0x37e4630,A2,5512159284
3212,1131.325642,0x37e4630,A2,5523581916
3213,1131.343397,0x37e4630,A2,5535004548
3214,1131.360740,0x37e4630,A2,5535004776
3215,1131.375631,0x37e4630,A2,5535004548
3216,1131.376332,0x37e4630,A2,5523581916
3217,1131.376822,0x37e4630,A2,5512159284
3218,1131.377263,0x37e4630,A2,5500736652
3219,1131.377644,0x37e4630,A2,5489314020
3220,1131.378074,0x37e4630,A2,5095221684
3221,1131.451445,0x4497370,A3,8538419364
3222,1131.774359,0x4497370,A3,8549317340
3223,1132.091514,0x4497370,A3,8560215316
3224,1132.407208,0x4497370,A3,8571113292
3225,1132.723653,0x4497370,A3,8571113524
3226,1133.033939,0x4497370,A3,8965058524
3227,1133.471571,0x37e4630,A2,5225891212
3228,1133.483567,0x37e4630,A2,5237313844
3229,1133.487763,0x37e4630,A2,5248736476
3230,1133.491668,0x37e4630,A2,5260159108
3231,1133.494332,0x37e4630,A2,5271581740
3232,1133.498618,0x37e4630,A2,5271581968
3233,1133.533496,0x4497370,A3,8975956500
3234,1133.620215,0x37e4630,A2,5402251496
3235,1133.704801,0x37e4630,A2,5413674128
3236,1133.723707,0x37e4630,A2,5425096760
3237,1133.742663,0x37e4630,A2,5436519392
3238,1133.762941,0x37e4630,A2,5447942024
3239,1133.780725,0x37e4630,A2,5447942252
3240,1133.792702,0x37e4630,A2,5447942024
3241,1133.795816,0x37e4630,A2,5436519392
3242,1133.796587,0x37e4630,A2,5425096760
3243,1133.797548,0x37e4630,A2,5413674128
3244,1133.853676,0x4497370,A3,8986854476
3245,1134.170551,0x4497370,A3,8997752452
3246,1134.485333,0x4497370,A3,9008650428
3247,1134.801808,0x4497370,A3,9008650660
3248,1135.113947,0x4497370,A3,9008650428
3249,1135.114678,0x4497370,A3,8997752452
3250,1135.115129,0x4497370,A3,8986854476
3251,1135.115549,0x4497370,A3,8975956500
3252,1135.115970,0x4497370,A3,8965058524
3253,1135.116401,0x4497370,A3,8571113524
3254,1135.117502,0x4497370,A3,8965058524
3255,1135.611661,0x4497370,A3,8975956500
3256,1135.932382,0x4497370,A3,8986854476
3257,1136.246954,0x4497370,A3,8997752452
3258,1136.264418,0x4497370,A3,9008650428
3259,1136.283144,0x4497370,A3,9008650660
3260,1136.296512,0x4497370,A3,9008650428
3261,1136.297023,0x4497370,A3,8997752452
3262,1136.297443,0x4497370,A3,8986854476
3263,1136.297904,0x4497370,A3,8975956500
3264,1136.298294,0x4497370,A3,8965058524
3265,1136.298705,0x4497370,A3,8571113524
3266,1136.301218,0x4497370,A3,8571113292
3267,1136.301719,0x4497370,A3,8560215316
3268,1136.302150,0x4497370,A3,8549317340
3269,1136.302550,0x4497370,A3,8538419364
3270,1136.302961,0x4497370,A3,8527521388
3271,1136.303411,0x4497370,A3,8133576388
3272,1136.305795,0x4497370,A3,8133576156
3273,1136.306305,0x4497370,A3,8122678180
3274,1136.306716,0x4497370,A3,8111780204
3275,1136.307116,0x4497370,A3,8100882228
3276,1136.307537,0x4497370,A3,8089984252
3277,1136.307988,0x4497370,A3,7696039252
3278,1136.310741,0x4497370,A3,7696039020
3279,1136.311302,0x4497370,A3,7685141044
3280,1136.311763,0x4497370,A3,7674243068
3281,1136.312484,0x4497370,A3,7663345092
3282,1136.312914,0x4497370,A3,7652447116
3283,1136.313315,0x4497370,A3,7258502116
3284,1136.315899,0x4497370,A3,7258501884
3285,1136.316419,0x4497370,A3,7247603908
3286,1136.316890,0x4497370,A3,7236705932
3287,1136.317310,0x4497370,A3,7225807956
3288,1136.319744,0x4497370,A3,7214909980
3289,1136.320154,0x4497370,A3,6820964980
3290,1136.322968,0x4497370,A3,6820964748
3291,1136.323499,0x4497370,A3,6810066772
3292,1136.323920,0x4497370,A3,6799168796
3293,1136.324450,0x4497370,A3,6788270820
3294,1136.324841,0x4497370,A3,6777372844
3295,1136.325231,0x4497370,A3,6383427844
3296,1136.327965,0x4497370,A3,6383427612
3297,1136.328476,0x4497370,A3,6372529636
3298,1136.328936,0x4497370,A3,6361631660
3299,1136.329477,0x4497370,A3,6350733684
3300,1136.329878,0x4497370,A3,6339835708
3301,1136.330288,0x4497370,A3,5945890708
3302,1136.331590,0x4497370,A3,5945890476
3303,1136.332131,0x4497370,A3,5934992500
3304,1136.332551,0x4497370,A3,5924094524
3305,1136.332962,0x4497370,A3,5913196548
3306,1136.333443,0x4497370,A3,5902298572
3307,1136.333863,0x4497370,A3,5508353572
3308,1136.337028,0x4497370,A3,5508353340
3309,1136.337708,0x4497370,A3,5497455364
3310,1136.338099,0x4497370,A3,5486557388
3311,1136.338770,0x4497370,A3,5475659412
3312,1136.339431,0x4497370,A3,5464761436
3313,1136.339962,0x4497370,A3,5070816436
3314,1136.341484,0x4497370,A3,5464761436
3315,1136.547947,0x4497370,A3,5475659412
3316,1136.566613,0x4497370,A3,5486557388
3317,1136.586671,0x4497370,A3,5497455364
3318,1136.604185,0x4497370,A3,5508353340
3319,1136.621548,0x4497370,A3,5508353572
3320,1136.641546,0x4497370,A3,5508353340
3321,1136.642057,0x4497370,A3,5497455364
3322,1136.642517,0x4497370,A3,5486557388
3323,1136.642968,0x4497370,A3,5475659412
3324,1136.643378,0x4497370,A3,5464761436
3325,1136.643919,0x4497370,A3,5070816436
3326,1136.648235,0x4497370,A3,5464761436
3327,1136.853858,0x4497370,A3,5475659412
3328,1136.871662,0x4497370,A3,5486557388
3329,1136.888956,0x4497370,A3,5497455364
3330,1136.906370,0x4497370,A3,5508353340
3331,1136.923613,0x4497370,A3,5508353572
3332,1136.938995,0x4497370,A3,5508353340
3333,1136.943441,0x4497370,A3,5497455364
3334,1136.943971,0x4497370,A3,5486557388
3335,1136.944402,0x4497370,A3,5475659412
3336,1136.944823,0x4497370,A3,5464761436
3337,1136.945223,0x4497370,A3,5070816436
3338,1139.064655,0x4497370,A3,5201485972
3339,1139.076261,0x4497370,A3,5212383948
3340,1139.080647,0x4497370,A3,5223281924
3341,1139.084322,0x4497370,A3,5234179900
3342,1139.087296,0x4497370,A3,5245077876
3343,1139.091552,0x4497370,A3,5245078108
3344,1139.363396,0x4497370,A3,5375747644
3345,1139.448433,0x4497370,A3,5386645620
3346,1139.467539,0x4497370,A3,5397543596
3347,1139.488458,0x4497370,A3,5408441572
3348,1139.509446,0x4497370,A3,5419339548
3349,1139.527591,0x4497370,A3,5419339780
3350,1139.539688,0x4497370,A3,5419339548
3351,1139.543223,0x4497370,A3,5408441572
3352,1139.544014,0x4497370,A3,5397543596
3353,1139.544945,0x4497370,A3,5386645620
3354,1139.545466,0x4497370,A3,5375747644
3355,1139.546107,0x4497370,A3,5245078108
3356,1139.560977,0x4497370,A3,5375747644
3357,1143.136800,0x4497370,A3,5245078108
3358,1143.569435,0x4497370,A3,5255976084
3359,1143.886020,0x4497370,A3,5245078108
3360,1143.930991,0x4497370,A3,5245092684
3361,1143.936449,0x4497370,A3,5245092684
3362,1143.965318,0x4497370,A3,5245092684
3363,1143.979037,0x4497370,A3,5245740460
3364,1143.981511,0x4497370,A3,5245740460
3365,1143.986448,0x4497370,A3,5245740460
3366,1143.987589,0x4497370,A3,5245740460
3367,1143.999395,0x4497370,A3,5245965124
3368,1144.001759,0x4497370,A3,5245965124
3369,1144.005854,0x4497370,A3,5245965124
3370,1144.006815,0x4497370,A3,5245965124
3371,1144.007777,0x4497370,A3,5245965124
3372,1144.737029,0x4497370,A3,5245950548
3373,1144.737950,0x4497370,A3,5245302772
3374,1144.738781,0x4497370,A3,5245078108
3375,1144.740474,0x4497370,A3,5375747644
3376,1144.742977,0x3d66fc0,A0,5404746060
3377,1144.746602,0x3d66fc0,A0,5404307604
3378,1144.747463,0x3d66fc0,A0,5404293028
3379,1144.750147,0x3d66fc0,A0,5534962556
3380,1145.273145,0x3d66fc0,A0,5549063020
3381,1145.497924,0x4497370,A3,5386645620
