/*---------------------------------------------------------------------------*\
| =========                 |                                                 |
| \\      /  F ield         | OpenFOAM: The Open Source CFD Toolbox           |
|  \\    /   O peration     | Version:  2506                                  |
|   \\  /    A nd           | Website:  www.openfoam.com                      |
|    \\/     M anipulation  |                                                 |
\*---------------------------------------------------------------------------*/
Build  : b050cd9480-20250814 OPENFOAM=2506 version=v2506
Arch   : "LSB;label=32;scalar=64"
Exec   : /storage/home/greole/code/NeoFOAM/build/profilingnvidia_h200/bin/neoSimpleFoam -parallel
Date   : Jun 28 2026
Time   : 10:24:30
Host   : gpu-nvidia-h200-3.int.coma-cluster.de
PID    : 491201
I/O    : uncollated
Case   : /storage/home/greole/code/NeoFOAM/occDrivAerStaticMesh
nProcs : 4
Hosts  :
(
    (gpu-nvidia-h200-3.int.coma-cluster.de 4)
)
Pstream initialized with:
    node communication : off [type=host] (4 ranks, 1 nodes)
    topology controls  : none
    consensus exchange : 0 (tuning: 0)
    exchange algorithm : 0
    commsType          : nonBlocking
    polling iterations : 0
trapFpe: Floating point exception trapping enabled (FOAM_SIGFPE).
fileModificationChecking : Monitoring run-time modified files using timeStampMaster (fileModificationSkew 5, maxFileModificationPolls 20)
allowSystemOperations : Allowing user-supplied system call operations

// * * * * * * * * * * * * * * * * * * * * * * * * * * * * * * * * * * * * * //
Create time

Initializing NeoN
Creating Executor GPU
Creating NeoFOAM runTime

SIMPLE: no convergence criteria found. Calculations will run for 30 steps.

Reading field p

Reading field U

Reading/calculating face flux field phi

Selecting incompressible transport model Newtonian
NeoFOAM solver config (from fvSolution configFile) for 'config(Cg+Schwarz(Jacobi))':
{
    configFile: <NeoN::TokenList>
    l1ScaledResidual: true
    relTol: 0.010000
    reportName: config(Cg+Schwarz(Jacobi))
    solver: Ginkgo
    tolerance: 0.000000
}
    effective optimize: false
    effective checkFrequency: 1
Mapping OpenFOAM solver settings to NeoN settings.
Currently, it is advisable to specify a configFile
for fine grained Ginkgo solver control

Replacing solver PBiCGStab by solver::Bicgstab
Replacing preconditioner diagonal by preconditioner::Schwarz (Schwarz-wrapped for distributed run)
NeoFOAM solver config (mapped from fvSolution) for 'Schwarz(Jacobi)+Bicgstab':
{
    cacheSolver: true
    criteria: {
        absolute_residual_norm: 0.000000
        initial_residual_norm: 0.100000
        iteration: 1000
    }
    l1ScaledResidual: true
    optimize: true
    preconditioner: {
        local_solver: {
            max_block_size: 1
            type: preconditioner::Jacobi
        }
        type: preconditioner::Schwarz
    }
    reportName: Schwarz(Jacobi)+Bicgstab
    solver: Ginkgo
    type: solver::Bicgstab
}
    effective optimize: true
    effective checkFrequency: 1
Creating phi

[NF][/storage/home/greole/code/NeoFOAM/include/NeoFOAM/auxiliary/readers.hpp::434]: Internal: 49333487, Boundary: 1754396

[NF][/storage/home/greole/code/NeoFOAM/include/NeoFOAM/auxiliary/readers.hpp::434]: Internal: 49320882, Boundary: 1762558

[NF][/storage/home/greole/code/NeoFOAM/include/NeoFOAM/auxiliary/readers.hpp::434]: Internal: 49261542, Boundary: 1427829

[NF][/storage/home/greole/code/NeoFOAM/include/NeoFOAM/auxiliary/readers.hpp::434]: Internal: 49243125, Boundary: 1362247
Selecting patchDistMethod meshWave
Mapping OpenFOAM solver settings to NeoN settings.
Currently, it is advisable to specify a configFile
for fine grained Ginkgo solver control

Replacing solver PBiCGStab by solver::Bicgstab
Replacing preconditioner diagonal by preconditioner::Schwarz (Schwarz-wrapped for distributed run)
NeoFOAM solver config (mapped from fvSolution) for 'Schwarz(Jacobi)+Bicgstab':
{
    cacheSolver: true
    criteria: {
        absolute_residual_norm: 0.000000
        initial_residual_norm: 0.100000
        iteration: 1000
    }
    l1ScaledResidual: true
    optimize: true
    preconditioner: {
        local_solver: {
            max_block_size: 1
            type: preconditioner::Jacobi
        }
        type: preconditioner::Schwarz
    }
    reportName: Schwarz(Jacobi)+Bicgstab
    solver: Ginkgo
    type: solver::Bicgstab
}
    effective optimize: true
    effective checkFrequency: 1
Mapping OpenFOAM solver settings to NeoN settings.
Currently, it is advisable to specify a configFile
for fine grained Ginkgo solver control

Replacing solver PBiCGStab by solver::Bicgstab
Replacing preconditioner diagonal by preconditioner::Schwarz (Schwarz-wrapped for distributed run)
NeoFOAM solver config (mapped from fvSolution) for 'Schwarz(Jacobi)+Bicgstab':
{
    cacheSolver: true
    criteria: {
        absolute_residual_norm: 0.000000
        initial_residual_norm: 0.100000
        iteration: 1000
    }
    l1ScaledResidual: true
    optimize: true
    preconditioner: {
        local_solver: {
            max_block_size: 1
            type: preconditioner::Jacobi
        }
        type: preconditioner::Schwarz
    }
    reportName: Schwarz(Jacobi)+Bicgstab
    solver: Ginkgo
    type: solver::Bicgstab
}
    effective optimize: true
    effective checkFrequency: 1
Starting time loop
Time = 1
[mem] step-start: DEVICE_POOL current=16605 MB  actual(reserved)=38146 MB  highWater=19132 MB
Schwarz(Jacobi)+Bicgstab:  Solving for Ux, Initial residual = 0.0019488955966077421, Final residual = 0.00023894144179944406, No Iterations 3, Solve time = 163.353 ms
Schwarz(Jacobi)+Bicgstab:  Solving for Uy, Initial residual = 0.16486889485444556, Final residual = 0.00821141717338584, No Iterations 3, Solve time = 163.353 ms
Schwarz(Jacobi)+Bicgstab:  Solving for Uz, Initial residual = 0.10478399166434318, Final residual = 0.004988129972801334, No Iterations 3, Solve time = 163.353 ms
[mem] after-UEqn: DEVICE_POOL current=19099 MB  actual(reserved)=38146 MB  highWater=24387 MB
config(Cg+Schwarz(Jacobi)):  Solving for p, Initial residual = 1, Final residual = 0.009903553252830707, No Iterations 792, Solve time = 6679.797 ms
time step continuity errors : sum local = 6.613718372002882e-05, global = -3.288936058579023e-06, cumulative = -3.288936058579023e-06
[mem] after-pEqn: DEVICE_POOL current=20567 MB  actual(reserved)=38146 MB  highWater=24387 MB
[GinkgoSolver] p-cache: rebuild(generate) solve=1 rebuildInterval=0
Schwarz(Jacobi)+Bicgstab:  Solving for omega, Initial residual = 0.9999999999999999, Final residual = 0.030747613670024203, No Iterations 1, Solve time = 34.252 ms
bounding omega, min: -52.867336715216084 max: 46109499.07430652 average: 2443.6822108812753
[GinkgoSolver] p-cache: rebuild(generate) solve=1 rebuildInterval=0
Schwarz(Jacobi)+Bicgstab:  Solving for k, Initial residual = 0.999999999999973, Final residual = 0.043859954533373595, No Iterations 1, Solve time = 35.271 ms
[mem] after-turb: DEVICE_POOL current=22752 MB  actual(reserved)=38146 MB  highWater=24811 MB
ExecutionTime = 56.23 s  ClockTime = 57 s

Time = 2
[mem] step-start: DEVICE_POOL current=22752 MB  actual(reserved)=38146 MB  highWater=24811 MB
Schwarz(Jacobi)+Bicgstab:  Solving for Ux, Initial residual = 0.0012906891754915597, Final residual = 5.907411395176838e-05, No Iterations 5, Solve time = 185.226 ms
Schwarz(Jacobi)+Bicgstab:  Solving for Uy, Initial residual = 0.06543837697801648, Final residual = 0.0029830116692140278, No Iterations 5, Solve time = 185.226 ms
Schwarz(Jacobi)+Bicgstab:  Solving for Uz, Initial residual = 0.040823607228001046, Final residual = 0.0009085015224839621, No Iterations 5, Solve time = 185.226 ms
[mem] after-UEqn: DEVICE_POOL current=22752 MB  actual(reserved)=38146 MB  highWater=28040 MB
config(Cg+Schwarz(Jacobi)):  Solving for p, Initial residual = 0.040090144996449056, Final residual = 0.00039837549602962424, No Iterations 793, Solve time = 6697.995 ms
time step continuity errors : sum local = 4.247727399493877e-05, global = 7.686330568617742e-07, cumulative = -2.520303001717249e-06
[mem] after-pEqn: DEVICE_POOL current=22752 MB  actual(reserved)=38146 MB  highWater=28040 MB
[GinkgoSolver] p-cache: reuse(update_matrix_value) solve=2 rebuildInterval=0
Schwarz(Jacobi)+Bicgstab:  Solving for omega, Initial residual = 0.008192891816263412, Final residual = 0.00047790183131982144, No Iterations 1, Solve time = 33.308 ms
bounding omega, min: -1306.4405867926505 max: 45305779.129855834 average: 2705.9780885994783
[GinkgoSolver] p-cache: reuse(update_matrix_value) solve=2 rebuildInterval=0
Schwarz(Jacobi)+Bicgstab:  Solving for k, Initial residual = 0.07500395895549708, Final residual = 0.0044551341487249424, No Iterations 1, Solve time = 33.795 ms
[mem] after-turb: DEVICE_POOL current=22752 MB  actual(reserved)=38146 MB  highWater=28040 MB
ExecutionTime = 64.7 s  ClockTime = 65 s

Time = 3
[mem] step-start: DEVICE_POOL current=22752 MB  actual(reserved)=38146 MB  highWater=28040 MB
Schwarz(Jacobi)+Bicgstab:  Solving for Ux, Initial residual = 0.0008090400958522686, Final residual = 4.765984309200641e-05, No Iterations 6, Solve time = 215.747 ms
Schwarz(Jacobi)+Bicgstab:  Solving for Uy, Initial residual = 0.032524584854616206, Final residual = 0.0006319727420084603, No Iterations 6, Solve time = 215.747 ms
Schwarz(Jacobi)+Bicgstab:  Solving for Uz, Initial residual = 0.018196279704119633, Final residual = 0.0002675622318184134, No Iterations 6, Solve time = 215.747 ms
[mem] after-UEqn: DEVICE_POOL current=22752 MB  actual(reserved)=38146 MB  highWater=28040 MB
config(Cg+Schwarz(Jacobi)):  Solving for p, Initial residual = 0.01780231951270908, Final residual = 0.00017676306665286902, No Iterations 755, Solve time = 6360.038 ms
time step continuity errors : sum local = 3.455736937348495e-05, global = 1.797463276900983e-06, cumulative = -7.228397248162659e-07
[mem] after-pEqn: DEVICE_POOL current=22752 MB  actual(reserved)=38146 MB  highWater=28040 MB
[GinkgoSolver] p-cache: reuse(update_matrix_value) solve=3 rebuildInterval=0
Schwarz(Jacobi)+Bicgstab:  Solving for omega, Initial residual = 0.003520254826016265, Final residual = 0.00028989698735389357, No Iterations 1, Solve time = 32.522 ms
bounding omega, min: -11.965426361411868 max: 45385816.17593314 average: 3322.3232152566334
[GinkgoSolver] p-cache: reuse(update_matrix_value) solve=3 rebuildInterval=0
Schwarz(Jacobi)+Bicgstab:  Solving for k, Initial residual = 0.013997728320610468, Final residual = 0.0010053764141328074, No Iterations 1, Solve time = 32.942 ms
[mem] after-turb: DEVICE_POOL current=22752 MB  actual(reserved)=38146 MB  highWater=28040 MB
ExecutionTime = 72.87 s  ClockTime = 74 s

Time = 4
[mem] step-start: DEVICE_POOL current=22752 MB  actual(reserved)=38146 MB  highWater=28040 MB
Schwarz(Jacobi)+Bicgstab:  Solving for Ux, Initial residual = 0.0005599886218810762, Final residual = 4.7076423822869244e-05, No Iterations 4, Solve time = 155.747 ms
Schwarz(Jacobi)+Bicgstab:  Solving for Uy, Initial residual = 0.02025087260800722, Final residual = 0.0026732370660657984, No Iterations 4, Solve time = 155.747 ms
Schwarz(Jacobi)+Bicgstab:  Solving for Uz, Initial residual = 0.010488527217064088, Final residual = 0.0007748231076877524, No Iterations 4, Solve time = 155.747 ms
[mem] after-UEqn: DEVICE_POOL current=22752 MB  actual(reserved)=38146 MB  highWater=28040 MB
config(Cg+Schwarz(Jacobi)):  Solving for p, Initial residual = 0.012331864447141907, Final residual = 0.00012316696469469418, No Iterations 810, Solve time = 6857.714 ms
time step continuity errors : sum local = 3.207667969503583e-05, global = 3.3960267245681183e-06, cumulative = 2.6731869997518523e-06
[mem] after-pEqn: DEVICE_POOL current=22752 MB  actual(reserved)=38146 MB  highWater=28040 MB
[GinkgoSolver] p-cache: reuse(update_matrix_value) solve=4 rebuildInterval=0
Schwarz(Jacobi)+Bicgstab:  Solving for omega, Initial residual = 0.0017241935693717379, Final residual = 4.830739546275151e-05, No Iterations 2, Solve time = 46.977 ms
[GinkgoSolver] p-cache: reuse(update_matrix_value) solve=4 rebuildInterval=0
Schwarz(Jacobi)+Bicgstab:  Solving for k, Initial residual = 0.004641118410039037, Final residual = 0.00039338379652627123, No Iterations 1, Solve time = 33.166 ms
[mem] after-turb: DEVICE_POOL current=22752 MB  actual(reserved)=38146 MB  highWater=28040 MB
ExecutionTime = 81.45999999999999 s  ClockTime = 82 s

Time = 5
[mem] step-start: DEVICE_POOL current=22752 MB  actual(reserved)=38146 MB  highWater=28040 MB
Schwarz(Jacobi)+Bicgstab:  Solving for Ux, Initial residual = 0.0004851912225951975, Final residual = 3.77740977976518e-05, No Iterations 4, Solve time = 156.6 ms
Schwarz(Jacobi)+Bicgstab:  Solving for Uy, Initial residual = 0.018527996681065657, Final residual = 0.001184035741391349, No Iterations 4, Solve time = 156.6 ms
Schwarz(Jacobi)+Bicgstab:  Solving for Uz, Initial residual = 0.008321064034255149, Final residual = 0.0008110775590351965, No Iterations 4, Solve time = 156.6 ms
[mem] after-UEqn: DEVICE_POOL current=22752 MB  actual(reserved)=38146 MB  highWater=28040 MB
config(Cg+Schwarz(Jacobi)):  Solving for p, Initial residual = 0.010492801539413963, Final residual = 0.00010465658623933148, No Iterations 765, Solve time = 6431.729 ms
time step continuity errors : sum local = 2.996760296094685e-05, global = 5.0287588611667806e-06, cumulative = 7.701945860918632e-06
[mem] after-pEqn: DEVICE_POOL current=22752 MB  actual(reserved)=38146 MB  highWater=28040 MB
[GinkgoSolver] p-cache: reuse(update_matrix_value) solve=5 rebuildInterval=0
Schwarz(Jacobi)+Bicgstab:  Solving for omega, Initial residual = 0.0009943763774036987, Final residual = 9.812776549838976e-05, No Iterations 1, Solve time = 33.071 ms
[GinkgoSolver] p-cache: reuse(update_matrix_value) solve=5 rebuildInterval=0
Schwarz(Jacobi)+Bicgstab:  Solving for k, Initial residual = 0.0023566955796401117, Final residual = 0.0002236679922472604, No Iterations 1, Solve time = 32.95 ms
[mem] after-turb: DEVICE_POOL current=22752 MB  actual(reserved)=38146 MB  highWater=28040 MB
ExecutionTime = 89.61 s  ClockTime = 90 s

Time = 6
[mem] step-start: DEVICE_POOL current=22752 MB  actual(reserved)=38146 MB  highWater=28040 MB
Schwarz(Jacobi)+Bicgstab:  Solving for Ux, Initial residual = 0.0004371679746778508, Final residual = 2.6170195404367988e-05, No Iterations 5, Solve time = 184.165 ms
Schwarz(Jacobi)+Bicgstab:  Solving for Uy, Initial residual = 0.017960609491058026, Final residual = 0.0015403256162307727, No Iterations 5, Solve time = 184.165 ms
Schwarz(Jacobi)+Bicgstab:  Solving for Uz, Initial residual = 0.0067386598053609005, Final residual = 0.0005125745109060794, No Iterations 5, Solve time = 184.165 ms
[mem] after-UEqn: DEVICE_POOL current=22752 MB  actual(reserved)=38146 MB  highWater=28040 MB
config(Cg+Schwarz(Jacobi)):  Solving for p, Initial residual = 0.01110635372766534, Final residual = 0.00011032508373760615, No Iterations 727, Solve time = 6099.838 ms
time step continuity errors : sum local = 3.073851598855608e-05, global = 3.9212779304033455e-06, cumulative = 1.1623223791321978e-05
[mem] after-pEqn: DEVICE_POOL current=22752 MB  actual(reserved)=38146 MB  highWater=28040 MB
[GinkgoSolver] p-cache: reuse(update_matrix_value) solve=6 rebuildInterval=0
Schwarz(Jacobi)+Bicgstab:  Solving for omega, Initial residual = 0.0006247217455798414, Final residual = 2.4304947741015956e-05, No Iterations 2, Solve time = 47.03 ms
[GinkgoSolver] p-cache: reuse(update_matrix_value) solve=6 rebuildInterval=0
Schwarz(Jacobi)+Bicgstab:  Solving for k, Initial residual = 0.001624365257508153, Final residual = 0.000154892270231886, No Iterations 1, Solve time = 32.618 ms
[mem] after-turb: DEVICE_POOL current=22752 MB  actual(reserved)=38146 MB  highWater=28040 MB
ExecutionTime = 97.51000000000001 s  ClockTime = 98 s

Time = 7
[mem] step-start: DEVICE_POOL current=22752 MB  actual(reserved)=38146 MB  highWater=28040 MB
Schwarz(Jacobi)+Bicgstab:  Solving for Ux, Initial residual = 0.0003743781980767422, Final residual = 2.3564569062191304e-05, No Iterations 5, Solve time = 187.832 ms
Schwarz(Jacobi)+Bicgstab:  Solving for Uy, Initial residual = 0.015244245394338688, Final residual = 0.0011217543313487399, No Iterations 5, Solve time = 187.832 ms
Schwarz(Jacobi)+Bicgstab:  Solving for Uz, Initial residual = 0.0051462971399866865, Final residual = 0.0002781482763036392, No Iterations 5, Solve time = 187.832 ms
[mem] after-UEqn: DEVICE_POOL current=22752 MB  actual(reserved)=38146 MB  highWater=28040 MB
config(Cg+Schwarz(Jacobi)):  Solving for p, Initial residual = 0.01215776557822266, Final residual = 0.00012109152621925709, No Iterations 678, Solve time = 5711.985 ms
time step continuity errors : sum local = 3.0234761969818224e-05, global = 4.4173127610401543e-07, cumulative = 1.2064955067425993e-05
[mem] after-pEqn: DEVICE_POOL current=22752 MB  actual(reserved)=38146 MB  highWater=28040 MB
[GinkgoSolver] p-cache: reuse(update_matrix_value) solve=7 rebuildInterval=0
Schwarz(Jacobi)+Bicgstab:  Solving for omega, Initial residual = 0.0004898270536549616, Final residual = 1.5227075105674118e-05, No Iterations 2, Solve time = 46.691 ms
bounding omega, min: -1065.974934767952 max: 45358180.51305534 average: 5415.606189761262
[GinkgoSolver] p-cache: reuse(update_matrix_value) solve=7 rebuildInterval=0
Schwarz(Jacobi)+Bicgstab:  Solving for k, Initial residual = 0.0011597073121141477, Final residual = 2.4108461331611093e-05, No Iterations 3, Solve time = 61.876 ms
[mem] after-turb: DEVICE_POOL current=22752 MB  actual(reserved)=38146 MB  highWater=28040 MB
ExecutionTime = 105.04 s  ClockTime = 106 s

Time = 8
[mem] step-start: DEVICE_POOL current=22752 MB  actual(reserved)=38146 MB  highWater=28040 MB
Schwarz(Jacobi)+Bicgstab:  Solving for Ux, Initial residual = 0.0003154614547410736, Final residual = 2.4675336096899335e-05, No Iterations 5, Solve time = 186.839 ms
Schwarz(Jacobi)+Bicgstab:  Solving for Uy, Initial residual = 0.011406914178127406, Final residual = 0.0004066844185128568, No Iterations 5, Solve time = 186.839 ms
Schwarz(Jacobi)+Bicgstab:  Solving for Uz, Initial residual = 0.003625198517269018, Final residual = 0.00019879441178892684, No Iterations 5, Solve time = 186.839 ms
[mem] after-UEqn: DEVICE_POOL current=22752 MB  actual(reserved)=38146 MB  highWater=28040 MB
config(Cg+Schwarz(Jacobi)):  Solving for p, Initial residual = 0.013201529693284034, Final residual = 0.00013190943312316693, No Iterations 593, Solve time = 5016.592 ms
time step continuity errors : sum local = 2.8387140153070733e-05, global = 8.403526433135324e-07, cumulative = 1.2905307710739526e-05
[mem] after-pEqn: DEVICE_POOL current=22752 MB  actual(reserved)=38146 MB  highWater=28040 MB
[GinkgoSolver] p-cache: reuse(update_matrix_value) solve=8 rebuildInterval=0
Schwarz(Jacobi)+Bicgstab:  Solving for omega, Initial residual = 0.0003596435150897728, Final residual = 1.243711979134267e-05, No Iterations 2, Solve time = 47.133 ms
[GinkgoSolver] p-cache: reuse(update_matrix_value) solve=8 rebuildInterval=0
Schwarz(Jacobi)+Bicgstab:  Solving for k, Initial residual = 0.0008654944657793875, Final residual = 5.247386475462047e-05, No Iterations 2, Solve time = 47.426 ms
[mem] after-turb: DEVICE_POOL current=22752 MB  actual(reserved)=38146 MB  highWater=28040 MB
ExecutionTime = 111.84 s  ClockTime = 113 s

Time = 9
[mem] step-start: DEVICE_POOL current=22752 MB  actual(reserved)=38146 MB  highWater=28040 MB
Schwarz(Jacobi)+Bicgstab:  Solving for Ux, Initial residual = 0.0002744771095024346, Final residual = 7.343556431226545e-06, No Iterations 5, Solve time = 184.965 ms
Schwarz(Jacobi)+Bicgstab:  Solving for Uy, Initial residual = 0.009219394930050974, Final residual = 0.00046440800932558444, No Iterations 5, Solve time = 184.965 ms
Schwarz(Jacobi)+Bicgstab:  Solving for Uz, Initial residual = 0.0026377908082022166, Final residual = 0.00015546723794640865, No Iterations 5, Solve time = 184.965 ms
[mem] after-UEqn: DEVICE_POOL current=22752 MB  actual(reserved)=38146 MB  highWater=28040 MB
config(Cg+Schwarz(Jacobi)):  Solving for p, Initial residual = 0.014109023443011825, Final residual = 0.00014072722088639026, No Iterations 670, Solve time = 5675.731 ms
time step continuity errors : sum local = 2.595474272692506e-05, global = -2.5672402355095017e-07, cumulative = 1.2648583687188575e-05
[mem] after-pEqn: DEVICE_POOL current=22752 MB  actual(reserved)=38146 MB  highWater=28040 MB
[GinkgoSolver] p-cache: reuse(update_matrix_value) solve=9 rebuildInterval=0
Schwarz(Jacobi)+Bicgstab:  Solving for omega, Initial residual = 0.00027806460835257693, Final residual = 1.0634063097844517e-05, No Iterations 2, Solve time = 47.197 ms
[GinkgoSolver] p-cache: reuse(update_matrix_value) solve=9 rebuildInterval=0
Schwarz(Jacobi)+Bicgstab:  Solving for k, Initial residual = 0.0006654840045387078, Final residual = 3.8867634401101156e-05, No Iterations 2, Solve time = 47.307 ms
[mem] after-turb: DEVICE_POOL current=22752 MB  actual(reserved)=38146 MB  highWater=28040 MB
ExecutionTime = 119.31 s  ClockTime = 120 s

Time = 10
[mem] step-start: DEVICE_POOL current=22752 MB  actual(reserved)=38146 MB  highWater=28040 MB
Schwarz(Jacobi)+Bicgstab:  Solving for Ux, Initial residual = 0.0002544346893331696, Final residual = 3.2179050516894576e-06, No Iterations 6, Solve time = 214.757 ms
Schwarz(Jacobi)+Bicgstab:  Solving for Uy, Initial residual = 0.010112025050381137, Final residual = 0.0004464129297713791, No Iterations 6, Solve time = 214.757 ms
Schwarz(Jacobi)+Bicgstab:  Solving for Uz, Initial residual = 0.00249830623002981, Final residual = 4.178217433921734e-05, No Iterations 6, Solve time = 214.757 ms
[mem] after-UEqn: DEVICE_POOL current=22752 MB  actual(reserved)=38146 MB  highWater=28040 MB
config(Cg+Schwarz(Jacobi)):  Solving for p, Initial residual = 0.01439089803368774, Final residual = 0.00014283346036441963, No Iterations 757, Solve time = 6365.794 ms
time step continuity errors : sum local = 2.393411689685673e-05, global = -3.429314763384558e-06, cumulative = 9.219268923804016e-06
[mem] after-pEqn: DEVICE_POOL current=22752 MB  actual(reserved)=38146 MB  highWater=28040 MB
[GinkgoSolver] p-cache: reuse(update_matrix_value) solve=10 rebuildInterval=0
Schwarz(Jacobi)+Bicgstab:  Solving for omega, Initial residual = 0.00022457561319756694, Final residual = 9.225409355393555e-06, No Iterations 2, Solve time = 47.012 ms
[GinkgoSolver] p-cache: reuse(update_matrix_value) solve=10 rebuildInterval=0
Schwarz(Jacobi)+Bicgstab:  Solving for k, Initial residual = 0.0005268301304222076, Final residual = 3.276773024896545e-05, No Iterations 2, Solve time = 47.075 ms
[mem] after-turb: DEVICE_POOL current=22752 MB  actual(reserved)=38146 MB  highWater=28040 MB
ExecutionTime = 127.47 s  ClockTime = 128 s

Time = 11
[mem] step-start: DEVICE_POOL current=22752 MB  actual(reserved)=38146 MB  highWater=28040 MB
Schwarz(Jacobi)+Bicgstab:  Solving for Ux, Initial residual = 0.0002437624356027621, Final residual = 1.009121479721995e-05, No Iterations 5, Solve time = 184.265 ms
Schwarz(Jacobi)+Bicgstab:  Solving for Uy, Initial residual = 0.011118236984400983, Final residual = 0.0003280222713488965, No Iterations 5, Solve time = 184.265 ms
Schwarz(Jacobi)+Bicgstab:  Solving for Uz, Initial residual = 0.002552805887994725, Final residual = 7.295270100797797e-05, No Iterations 5, Solve time = 184.265 ms
[mem] after-UEqn: DEVICE_POOL current=22752 MB  actual(reserved)=38146 MB  highWater=28040 MB
config(Cg+Schwarz(Jacobi)):  Solving for p, Initial residual = 0.013839495218984607, Final residual = 0.00013688172536420562, No Iterations 729, Solve time = 6126.908 ms
time step continuity errors : sum local = 2.3744821232879336e-05, global = -3.543109175126374e-06, cumulative = 5.6761597486776425e-06
[mem] after-pEqn: DEVICE_POOL current=22752 MB  actual(reserved)=38146 MB  highWater=28040 MB
[GinkgoSolver] p-cache: reuse(update_matrix_value) solve=11 rebuildInterval=0
Schwarz(Jacobi)+Bicgstab:  Solving for omega, Initial residual = 0.00018510864466242467, Final residual = 8.099155538134848e-06, No Iterations 2, Solve time = 47.669 ms
[GinkgoSolver] p-cache: reuse(update_matrix_value) solve=11 rebuildInterval=0
Schwarz(Jacobi)+Bicgstab:  Solving for k, Initial residual = 0.00043949834551110613, Final residual = 2.8292442762884864e-05, No Iterations 2, Solve time = 47.506 ms
[mem] after-turb: DEVICE_POOL current=22752 MB  actual(reserved)=38146 MB  highWater=28040 MB
ExecutionTime = 135.39 s  ClockTime = 136 s

Time = 12
[mem] step-start: DEVICE_POOL current=22752 MB  actual(reserved)=38146 MB  highWater=28040 MB
Schwarz(Jacobi)+Bicgstab:  Solving for Ux, Initial residual = 0.00023109212413496076, Final residual = 1.3976108957085302e-05, No Iterations 4, Solve time = 154.748 ms
Schwarz(Jacobi)+Bicgstab:  Solving for Uy, Initial residual = 0.011058354019476158, Final residual = 0.0008091870318905186, No Iterations 4, Solve time = 154.748 ms
Schwarz(Jacobi)+Bicgstab:  Solving for Uz, Initial residual = 0.0024843963041937447, Final residual = 0.0001210253317537139, No Iterations 4, Solve time = 154.748 ms
[mem] after-UEqn: DEVICE_POOL current=22752 MB  actual(reserved)=38146 MB  highWater=28040 MB
config(Cg+Schwarz(Jacobi)):  Solving for p, Initial residual = 0.012423442755069864, Final residual = 0.0001239283161762752, No Iterations 690, Solve time = 5798.528 ms
time step continuity errors : sum local = 2.4155994404717005e-05, global = -1.4045351095569551e-06, cumulative = 4.271624639120688e-06
[mem] after-pEqn: DEVICE_POOL current=22752 MB  actual(reserved)=38146 MB  highWater=28040 MB
[GinkgoSolver] p-cache: reuse(update_matrix_value) solve=12 rebuildInterval=0
Schwarz(Jacobi)+Bicgstab:  Solving for omega, Initial residual = 0.00015608005873842196, Final residual = 7.142625276545431e-06, No Iterations 2, Solve time = 48.273 ms
[GinkgoSolver] p-cache: reuse(update_matrix_value) solve=12 rebuildInterval=0
Schwarz(Jacobi)+Bicgstab:  Solving for k, Initial residual = 0.0003876167442289327, Final residual = 2.5736967625892456e-05, No Iterations 2, Solve time = 47.734 ms
[mem] after-turb: DEVICE_POOL current=22752 MB  actual(reserved)=38146 MB  highWater=28040 MB
ExecutionTime = 142.94 s  ClockTime = 144 s

Time = 13
[mem] step-start: DEVICE_POOL current=22752 MB  actual(reserved)=38146 MB  highWater=28040 MB
Schwarz(Jacobi)+Bicgstab:  Solving for Ux, Initial residual = 0.00021686385024803138, Final residual = 9.36109239453775e-06, No Iterations 4, Solve time = 155.942 ms
Schwarz(Jacobi)+Bicgstab:  Solving for Uy, Initial residual = 0.010292990214297094, Final residual = 0.0005850520395531358, No Iterations 4, Solve time = 155.942 ms
Schwarz(Jacobi)+Bicgstab:  Solving for Uz, Initial residual = 0.002299105852050339, Final residual = 0.00010753172699195433, No Iterations 4, Solve time = 155.942 ms
[mem] after-UEqn: DEVICE_POOL current=22752 MB  actual(reserved)=38146 MB  highWater=28040 MB
config(Cg+Schwarz(Jacobi)):  Solving for p, Initial residual = 0.010661699177541712, Final residual = 0.00010631586779519909, No Iterations 661, Solve time = 5556.447 ms
time step continuity errors : sum local = 2.3737169675845897e-05, global = 1.5946824464515162e-06, cumulative = 5.866307085572204e-06
[mem] after-pEqn: DEVICE_POOL current=22752 MB  actual(reserved)=38146 MB  highWater=28040 MB
[GinkgoSolver] p-cache: reuse(update_matrix_value) solve=13 rebuildInterval=0
Schwarz(Jacobi)+Bicgstab:  Solving for omega, Initial residual = 0.00013496993747112224, Final residual = 6.4234825717181475e-06, No Iterations 2, Solve time = 47.281 ms
bounding omega, min: -9.468647529324357 max: 45357111.960658275 average: 6529.703080841683
[GinkgoSolver] p-cache: reuse(update_matrix_value) solve=13 rebuildInterval=0
Schwarz(Jacobi)+Bicgstab:  Solving for k, Initial residual = 0.0003677289823017677, Final residual = 2.5897540763972737e-05, No Iterations 2, Solve time = 47.127 ms
[mem] after-turb: DEVICE_POOL current=22752 MB  actual(reserved)=38146 MB  highWater=28040 MB
ExecutionTime = 150.26 s  ClockTime = 151 s

Time = 14
[mem] step-start: DEVICE_POOL current=22752 MB  actual(reserved)=38146 MB  highWater=28040 MB
Schwarz(Jacobi)+Bicgstab:  Solving for Ux, Initial residual = 0.0002056814314384143, Final residual = 1.2273411304261582e-05, No Iterations 4, Solve time = 154.339 ms
Schwarz(Jacobi)+Bicgstab:  Solving for Uy, Initial residual = 0.009303724753634177, Final residual = 0.0012995141121226945, No Iterations 4, Solve time = 154.339 ms
Schwarz(Jacobi)+Bicgstab:  Solving for Uz, Initial residual = 0.002093663431049068, Final residual = 0.00024691081638915857, No Iterations 4, Solve time = 154.339 ms
[mem] after-UEqn: DEVICE_POOL current=22752 MB  actual(reserved)=38146 MB  highWater=28040 MB
config(Cg+Schwarz(Jacobi)):  Solving for p, Initial residual = 0.009131099437203838, Final residual = 9.125038265888613e-05, No Iterations 603, Solve time = 5068.019 ms
time step continuity errors : sum local = 2.297874764773936e-05, global = 1.8172000042017797e-06, cumulative = 7.683507089773984e-06
[mem] after-pEqn: DEVICE_POOL current=22752 MB  actual(reserved)=38146 MB  highWater=28040 MB
[GinkgoSolver] p-cache: reuse(update_matrix_value) solve=14 rebuildInterval=0
Schwarz(Jacobi)+Bicgstab:  Solving for omega, Initial residual = 0.00012045596440036414, Final residual = 5.875513898399515e-06, No Iterations 2, Solve time = 47.101 ms
[GinkgoSolver] p-cache: reuse(update_matrix_value) solve=14 rebuildInterval=0
Schwarz(Jacobi)+Bicgstab:  Solving for k, Initial residual = 0.0003601990433899361, Final residual = 2.9106498596497116e-05, No Iterations 2, Solve time = 47.837 ms
[mem] after-turb: DEVICE_POOL current=22752 MB  actual(reserved)=38146 MB  highWater=28040 MB
ExecutionTime = 157.08 s  ClockTime = 158 s

Time = 15
[mem] step-start: DEVICE_POOL current=22752 MB  actual(reserved)=38146 MB  highWater=28040 MB
Schwarz(Jacobi)+Bicgstab:  Solving for Ux, Initial residual = 0.00019800886104239134, Final residual = 1.4683129762788707e-05, No Iterations 4, Solve time = 154.793 ms
Schwarz(Jacobi)+Bicgstab:  Solving for Uy, Initial residual = 0.00857462104883668, Final residual = 0.0005191900817074558, No Iterations 4, Solve time = 154.793 ms
Schwarz(Jacobi)+Bicgstab:  Solving for Uz, Initial residual = 0.0019416909856594929, Final residual = 0.00010401344687593816, No Iterations 4, Solve time = 154.793 ms
[mem] after-UEqn: DEVICE_POOL current=22752 MB  actual(reserved)=38146 MB  highWater=28040 MB
config(Cg+Schwarz(Jacobi)):  Solving for p, Initial residual = 0.008150849575492343, Final residual = 8.146949574415067e-05, No Iterations 502, Solve time = 4224.367 ms
time step continuity errors : sum local = 2.2239254306100058e-05, global = -7.441448520488099e-07, cumulative = 6.939362237725174e-06
[mem] after-pEqn: DEVICE_POOL current=22752 MB  actual(reserved)=38146 MB  highWater=28040 MB
[GinkgoSolver] p-cache: reuse(update_matrix_value) solve=15 rebuildInterval=0
Schwarz(Jacobi)+Bicgstab:  Solving for omega, Initial residual = 0.00010977166705114798, Final residual = 5.424414367636333e-06, No Iterations 2, Solve time = 47.374 ms
[GinkgoSolver] p-cache: reuse(update_matrix_value) solve=15 rebuildInterval=0
Schwarz(Jacobi)+Bicgstab:  Solving for k, Initial residual = 0.00035465163029879, Final residual = 9.50190847257597e-06, No Iterations 3, Solve time = 61.627 ms
[mem] after-turb: DEVICE_POOL current=22752 MB  actual(reserved)=38146 MB  highWater=28040 MB
ExecutionTime = 163.08 s  ClockTime = 164 s

Time = 16
[mem] step-start: DEVICE_POOL current=22752 MB  actual(reserved)=38146 MB  highWater=28040 MB
Schwarz(Jacobi)+Bicgstab:  Solving for Ux, Initial residual = 0.00018981254058260334, Final residual = 7.999758336618682e-06, No Iterations 4, Solve time = 155.924 ms
Schwarz(Jacobi)+Bicgstab:  Solving for Uy, Initial residual = 0.008163890955313868, Final residual = 0.0004348187042054083, No Iterations 4, Solve time = 155.924 ms
Schwarz(Jacobi)+Bicgstab:  Solving for Uz, Initial residual = 0.0018806706145148469, Final residual = 0.00012407173371803583, No Iterations 4, Solve time = 155.924 ms
[mem] after-UEqn: DEVICE_POOL current=22752 MB  actual(reserved)=38146 MB  highWater=28040 MB
config(Cg+Schwarz(Jacobi)):  Solving for p, Initial residual = 0.007653322159556551, Final residual = 7.61031347960882e-05, No Iterations 489, Solve time = 4114.673 ms
time step continuity errors : sum local = 2.165071451323568e-05, global = -1.4009392172577014e-06, cumulative = 5.538423020467473e-06
[mem] after-pEqn: DEVICE_POOL current=22752 MB  actual(reserved)=38146 MB  highWater=28040 MB
[GinkgoSolver] p-cache: reuse(update_matrix_value) solve=16 rebuildInterval=0
Schwarz(Jacobi)+Bicgstab:  Solving for omega, Initial residual = 0.0001012630966117102, Final residual = 5.118007788294371e-06, No Iterations 2, Solve time = 46.797 ms
[GinkgoSolver] p-cache: reuse(update_matrix_value) solve=16 rebuildInterval=0
Schwarz(Jacobi)+Bicgstab:  Solving for k, Initial residual = 0.00035200016080538414, Final residual = 2.7372813913745363e-05, No Iterations 2, Solve time = 47.335 ms
[mem] after-turb: DEVICE_POOL current=22752 MB  actual(reserved)=38146 MB  highWater=28040 MB
ExecutionTime = 168.95 s  ClockTime = 170 s

Time = 17
[mem] step-start: DEVICE_POOL current=22752 MB  actual(reserved)=38146 MB  highWater=28040 MB
Schwarz(Jacobi)+Bicgstab:  Solving for Ux, Initial residual = 0.00018284703693655912, Final residual = 6.87082540016617e-06, No Iterations 4, Solve time = 156.34 ms
Schwarz(Jacobi)+Bicgstab:  Solving for Uy, Initial residual = 0.007898457968863157, Final residual = 0.0006044503920468315, No Iterations 4, Solve time = 156.34 ms
Schwarz(Jacobi)+Bicgstab:  Solving for Uz, Initial residual = 0.0018133502894497621, Final residual = 9.179982896297622e-05, No Iterations 4, Solve time = 156.34 ms
[mem] after-UEqn: DEVICE_POOL current=22752 MB  actual(reserved)=38146 MB  highWater=28040 MB
config(Cg+Schwarz(Jacobi)):  Solving for p, Initial residual = 0.007284636139319022, Final residual = 7.189303890279801e-05, No Iterations 491, Solve time = 4100.979 ms
time step continuity errors : sum local = 2.106055699557661e-05, global = -9.572382376980801e-07, cumulative = 4.5811847827693926e-06
[mem] after-pEqn: DEVICE_POOL current=22752 MB  actual(reserved)=38146 MB  highWater=28040 MB
[GinkgoSolver] p-cache: reuse(update_matrix_value) solve=17 rebuildInterval=0
Schwarz(Jacobi)+Bicgstab:  Solving for omega, Initial residual = 9.429569674455463e-05, Final residual = 4.80465196746986e-06, No Iterations 2, Solve time = 46.997 ms
[GinkgoSolver] p-cache: reuse(update_matrix_value) solve=17 rebuildInterval=0
Schwarz(Jacobi)+Bicgstab:  Solving for k, Initial residual = 0.0003501628978111203, Final residual = 8.385501583361983e-06, No Iterations 3, Solve time = 61.871 ms
[mem] after-turb: DEVICE_POOL current=22752 MB  actual(reserved)=38146 MB  highWater=28040 MB
ExecutionTime = 174.83 s  ClockTime = 176 s

Time = 18
[mem] step-start: DEVICE_POOL current=22752 MB  actual(reserved)=38146 MB  highWater=28040 MB
Schwarz(Jacobi)+Bicgstab:  Solving for Ux, Initial residual = 0.00017554188621358402, Final residual = 6.715395441307194e-06, No Iterations 4, Solve time = 156.734 ms
Schwarz(Jacobi)+Bicgstab:  Solving for Uy, Initial residual = 0.007602993820768164, Final residual = 0.0003190668002538907, No Iterations 4, Solve time = 156.734 ms
Schwarz(Jacobi)+Bicgstab:  Solving for Uz, Initial residual = 0.0017432298197854186, Final residual = 7.19022626929617e-05, No Iterations 4, Solve time = 156.734 ms
[mem] after-UEqn: DEVICE_POOL current=22752 MB  actual(reserved)=38146 MB  highWater=28040 MB
config(Cg+Schwarz(Jacobi)):  Solving for p, Initial residual = 0.0069966470978577505, Final residual = 6.971030130878877e-05, No Iterations 488, Solve time = 4104.863 ms
time step continuity errors : sum local = 2.0865576204799197e-05, global = 1.5790541974543682e-07, cumulative = 4.739090202514829e-06
[mem] after-pEqn: DEVICE_POOL current=22752 MB  actual(reserved)=38146 MB  highWater=28040 MB
[GinkgoSolver] p-cache: reuse(update_matrix_value) solve=18 rebuildInterval=0
Schwarz(Jacobi)+Bicgstab:  Solving for omega, Initial residual = 8.818716522049029e-05, Final residual = 4.5981550768783795e-06, No Iterations 2, Solve time = 47.027 ms
bounding omega, min: -385.49819392064734 max: 45356873.31000148 average: 6857.749002187642
[GinkgoSolver] p-cache: reuse(update_matrix_value) solve=18 rebuildInterval=0
Schwarz(Jacobi)+Bicgstab:  Solving for k, Initial residual = 0.0003501779936817681, Final residual = 3.1946111218709185e-05, No Iterations 2, Solve time = 47.093 ms
[mem] after-turb: DEVICE_POOL current=22752 MB  actual(reserved)=38146 MB  highWater=28040 MB
ExecutionTime = 180.7 s  ClockTime = 182 s

Time = 19
[mem] step-start: DEVICE_POOL current=22752 MB  actual(reserved)=38146 MB  highWater=28040 MB
Schwarz(Jacobi)+Bicgstab:  Solving for Ux, Initial residual = 0.0001684147660826594, Final residual = 1.3521042291722385e-05, No Iterations 3, Solve time = 126.691 ms
Schwarz(Jacobi)+Bicgstab:  Solving for Uy, Initial residual = 0.007370359840243677, Final residual = 0.000643848356204179, No Iterations 3, Solve time = 126.691 ms
Schwarz(Jacobi)+Bicgstab:  Solving for Uz, Initial residual = 0.001701715119369013, Final residual = 0.0001613780654688251, No Iterations 3, Solve time = 126.691 ms
[mem] after-UEqn: DEVICE_POOL current=22752 MB  actual(reserved)=38146 MB  highWater=28040 MB
config(Cg+Schwarz(Jacobi)):  Solving for p, Initial residual = 0.006745984596450743, Final residual = 6.648428407342756e-05, No Iterations 491, Solve time = 4150.362 ms
time step continuity errors : sum local = 2.021434478350633e-05, global = 1.245017608669484e-06, cumulative = 5.984107811184313e-06
[mem] after-pEqn: DEVICE_POOL current=22752 MB  actual(reserved)=38146 MB  highWater=28040 MB
[GinkgoSolver] p-cache: reuse(update_matrix_value) solve=19 rebuildInterval=0
Schwarz(Jacobi)+Bicgstab:  Solving for omega, Initial residual = 8.318460987468474e-05, Final residual = 4.400284003136861e-06, No Iterations 2, Solve time = 47.084 ms
[GinkgoSolver] p-cache: reuse(update_matrix_value) solve=19 rebuildInterval=0
Schwarz(Jacobi)+Bicgstab:  Solving for k, Initial residual = 0.0003504403474245254, Final residual = 8.61545057898163e-06, No Iterations 3, Solve time = 61.219 ms
[mem] after-turb: DEVICE_POOL current=22752 MB  actual(reserved)=38146 MB  highWater=28040 MB
ExecutionTime = 186.6 s  ClockTime = 188 s

Time = 20
[mem] step-start: DEVICE_POOL current=22752 MB  actual(reserved)=38146 MB  highWater=28040 MB
Schwarz(Jacobi)+Bicgstab:  Solving for Ux, Initial residual = 0.00016301792853321882, Final residual = 6.755943970907425e-06, No Iterations 4, Solve time = 156.106 ms
Schwarz(Jacobi)+Bicgstab:  Solving for Uy, Initial residual = 0.007278388278185504, Final residual = 0.00042367065554700905, No Iterations 4, Solve time = 156.106 ms
Schwarz(Jacobi)+Bicgstab:  Solving for Uz, Initial residual = 0.0017036253684967822, Final residual = 0.0001910459853347894, No Iterations 4, Solve time = 156.106 ms
[mem] after-UEqn: DEVICE_POOL current=22752 MB  actual(reserved)=38146 MB  highWater=28040 MB
config(Cg+Schwarz(Jacobi)):  Solving for p, Initial residual = 0.006516893636136135, Final residual = 6.502928808349096e-05, No Iterations 493, Solve time = 4184.247 ms
time step continuity errors : sum local = 2.0026856054690914e-05, global = 1.8783318554017381e-06, cumulative = 7.862439666586052e-06
[mem] after-pEqn: DEVICE_POOL current=22752 MB  actual(reserved)=38146 MB  highWater=28040 MB
[GinkgoSolver] p-cache: reuse(update_matrix_value) solve=20 rebuildInterval=0
Schwarz(Jacobi)+Bicgstab:  Solving for omega, Initial residual = 7.80649985066689e-05, Final residual = 4.19771286610645e-06, No Iterations 2, Solve time = 47.011 ms
[GinkgoSolver] p-cache: reuse(update_matrix_value) solve=20 rebuildInterval=0
Schwarz(Jacobi)+Bicgstab:  Solving for k, Initial residual = 0.00035062192781407147, Final residual = 8.270342132884715e-06, No Iterations 3, Solve time = 61.756 ms
[mem] after-turb: DEVICE_POOL current=22752 MB  actual(reserved)=38146 MB  highWater=28040 MB
ExecutionTime = 192.55 s  ClockTime = 194 s

Time = 21
[mem] step-start: DEVICE_POOL current=22752 MB  actual(reserved)=38146 MB  highWater=28040 MB
Schwarz(Jacobi)+Bicgstab:  Solving for Ux, Initial residual = 0.00015879017617096447, Final residual = 1.27481518603867e-05, No Iterations 4, Solve time = 156.635 ms
Schwarz(Jacobi)+Bicgstab:  Solving for Uy, Initial residual = 0.007255088024682502, Final residual = 0.0003105798574753339, No Iterations 4, Solve time = 156.635 ms
Schwarz(Jacobi)+Bicgstab:  Solving for Uz, Initial residual = 0.001728906728302364, Final residual = 7.876282480299144e-05, No Iterations 4, Solve time = 156.635 ms
[mem] after-UEqn: DEVICE_POOL current=22752 MB  actual(reserved)=38146 MB  highWater=28040 MB
config(Cg+Schwarz(Jacobi)):  Solving for p, Initial residual = 0.006296711286558412, Final residual = 6.255404172540948e-05, No Iterations 488, Solve time = 4091.776 ms
time step continuity errors : sum local = 1.951249053128478e-05, global = 1.995781127627709e-06, cumulative = 9.858220794213761e-06
[mem] after-pEqn: DEVICE_POOL current=22752 MB  actual(reserved)=38146 MB  highWater=28040 MB
[GinkgoSolver] p-cache: reuse(update_matrix_value) solve=21 rebuildInterval=0
Schwarz(Jacobi)+Bicgstab:  Solving for omega, Initial residual = 7.363661912486522e-05, Final residual = 4.017686482185638e-06, No Iterations 2, Solve time = 46.941 ms
[GinkgoSolver] p-cache: reuse(update_matrix_value) solve=21 rebuildInterval=0
Schwarz(Jacobi)+Bicgstab:  Solving for k, Initial residual = 0.00035166924507367645, Final residual = 8.377949563652763e-06, No Iterations 3, Solve time = 61.278 ms
[mem] after-turb: DEVICE_POOL current=22752 MB  actual(reserved)=38146 MB  highWater=28040 MB
ExecutionTime = 198.41 s  ClockTime = 199 s

Time = 22
[mem] step-start: DEVICE_POOL current=22752 MB  actual(reserved)=38146 MB  highWater=28040 MB
Schwarz(Jacobi)+Bicgstab:  Solving for Ux, Initial residual = 0.00015619729252720445, Final residual = 1.4726653853324981e-05, No Iterations 3, Solve time = 125.289 ms
Schwarz(Jacobi)+Bicgstab:  Solving for Uy, Initial residual = 0.007208710908734036, Final residual = 0.0006064530774946166, No Iterations 3, Solve time = 125.289 ms
Schwarz(Jacobi)+Bicgstab:  Solving for Uz, Initial residual = 0.001749980628043026, Final residual = 0.00015202245780260147, No Iterations 3, Solve time = 125.289 ms
[mem] after-UEqn: DEVICE_POOL current=22752 MB  actual(reserved)=38146 MB  highWater=28040 MB
config(Cg+Schwarz(Jacobi)):  Solving for p, Initial residual = 0.006102422632990837, Final residual = 6.052987892567218e-05, No Iterations 481, Solve time = 4022.331 ms
time step continuity errors : sum local = 1.913020754553832e-05, global = 1.4650435700995876e-06, cumulative = 1.1323264364313348e-05
[mem] after-pEqn: DEVICE_POOL current=22752 MB  actual(reserved)=38146 MB  highWater=28040 MB
[GinkgoSolver] p-cache: reuse(update_matrix_value) solve=22 rebuildInterval=0
Schwarz(Jacobi)+Bicgstab:  Solving for omega, Initial residual = 6.981952952244202e-05, Final residual = 3.881742204123677e-06, No Iterations 2, Solve time = 47.761 ms
[GinkgoSolver] p-cache: reuse(update_matrix_value) solve=22 rebuildInterval=0
Schwarz(Jacobi)+Bicgstab:  Solving for k, Initial residual = 0.0003550071789517408, Final residual = 8.608726765101572e-06, No Iterations 3, Solve time = 62.278 ms
[mem] after-turb: DEVICE_POOL current=22752 MB  actual(reserved)=38146 MB  highWater=28040 MB
ExecutionTime = 204.18 s  ClockTime = 205 s

Time = 23
[mem] step-start: DEVICE_POOL current=22752 MB  actual(reserved)=38146 MB  highWater=28040 MB
Schwarz(Jacobi)+Bicgstab:  Solving for Ux, Initial residual = 0.00015475387551305218, Final residual = 1.3179980992176298e-05, No Iterations 3, Solve time = 126.401 ms
Schwarz(Jacobi)+Bicgstab:  Solving for Uy, Initial residual = 0.0071108940935601245, Final residual = 0.0005647570192196449, No Iterations 3, Solve time = 126.401 ms
Schwarz(Jacobi)+Bicgstab:  Solving for Uz, Initial residual = 0.0017607741531580953, Final residual = 0.00014410228789512932, No Iterations 3, Solve time = 126.401 ms
[mem] after-UEqn: DEVICE_POOL current=22752 MB  actual(reserved)=38146 MB  highWater=28040 MB
config(Cg+Schwarz(Jacobi)):  Solving for p, Initial residual = 0.0059492277967925, Final residual = 5.910215985258917e-05, No Iterations 245, Solve time = 2054.629 ms
time step continuity errors : sum local = 1.8881650276224904e-05, global = 5.388372910182993e-07, cumulative = 1.1862101655331648e-05
[mem] after-pEqn: DEVICE_POOL current=22752 MB  actual(reserved)=38146 MB  highWater=28040 MB
[GinkgoSolver] p-cache: reuse(update_matrix_value) solve=23 rebuildInterval=0
Schwarz(Jacobi)+Bicgstab:  Solving for omega, Initial residual = 6.618594668870485e-05, Final residual = 3.721259622597055e-06, No Iterations 2, Solve time = 47.95 ms
[GinkgoSolver] p-cache: reuse(update_matrix_value) solve=23 rebuildInterval=0
Schwarz(Jacobi)+Bicgstab:  Solving for k, Initial residual = 0.00035649014230595564, Final residual = 8.750222356885767e-06, No Iterations 3, Solve time = 62.315 ms
[mem] after-turb: DEVICE_POOL current=22752 MB  actual(reserved)=38146 MB  highWater=28040 MB
ExecutionTime = 207.99 s  ClockTime = 209 s

Time = 24
[mem] step-start: DEVICE_POOL current=22752 MB  actual(reserved)=38146 MB  highWater=28040 MB
Schwarz(Jacobi)+Bicgstab:  Solving for Ux, Initial residual = 0.00015185153870044175, Final residual = 9.740653828987853e-06, No Iterations 3, Solve time = 126.825 ms
Schwarz(Jacobi)+Bicgstab:  Solving for Uy, Initial residual = 0.006959819135115979, Final residual = 0.0005339678904737025, No Iterations 3, Solve time = 126.825 ms
Schwarz(Jacobi)+Bicgstab:  Solving for Uz, Initial residual = 0.001755417332690201, Final residual = 0.00013921601091227776, No Iterations 3, Solve time = 126.825 ms
[mem] after-UEqn: DEVICE_POOL current=22752 MB  actual(reserved)=38146 MB  highWater=28040 MB
config(Cg+Schwarz(Jacobi)):  Solving for p, Initial residual = 0.00590992331310032, Final residual = 5.8954666672476194e-05, No Iterations 249, Solve time = 2114.424 ms
time step continuity errors : sum local = 1.87154129746312e-05, global = 6.056619974774548e-07, cumulative = 1.2467763652809104e-05
[mem] after-pEqn: DEVICE_POOL current=22752 MB  actual(reserved)=38146 MB  highWater=28040 MB
[GinkgoSolver] p-cache: reuse(update_matrix_value) solve=24 rebuildInterval=0
Schwarz(Jacobi)+Bicgstab:  Solving for omega, Initial residual = 6.301338710656726e-05, Final residual = 3.5850869899974727e-06, No Iterations 2, Solve time = 46.981 ms
[GinkgoSolver] p-cache: reuse(update_matrix_value) solve=24 rebuildInterval=0
Schwarz(Jacobi)+Bicgstab:  Solving for k, Initial residual = 0.00036009861619114986, Final residual = 8.877707576099136e-06, No Iterations 3, Solve time = 61.71 ms
[mem] after-turb: DEVICE_POOL current=22752 MB  actual(reserved)=38146 MB  highWater=28040 MB
ExecutionTime = 211.86 s  ClockTime = 213 s

Time = 25
[mem] step-start: DEVICE_POOL current=22752 MB  actual(reserved)=38146 MB  highWater=28040 MB
Schwarz(Jacobi)+Bicgstab:  Solving for Ux, Initial residual = 0.0001493279329767153, Final residual = 8.748171935847726e-06, No Iterations 3, Solve time = 125.229 ms
Schwarz(Jacobi)+Bicgstab:  Solving for Uy, Initial residual = 0.00678699889928628, Final residual = 0.0005047861843315593, No Iterations 3, Solve time = 125.229 ms
Schwarz(Jacobi)+Bicgstab:  Solving for Uz, Initial residual = 0.0017464927140687801, Final residual = 0.00013742639327922874, No Iterations 3, Solve time = 125.229 ms
[mem] after-UEqn: DEVICE_POOL current=22752 MB  actual(reserved)=38146 MB  highWater=28040 MB
config(Cg+Schwarz(Jacobi)):  Solving for p, Initial residual = 0.005855426308304912, Final residual = 5.8289679940744764e-05, No Iterations 257, Solve time = 2182.009 ms
time step continuity errors : sum local = 1.843219016308367e-05, global = 6.886554778760109e-07, cumulative = 1.3156419130685115e-05
[mem] after-pEqn: DEVICE_POOL current=22752 MB  actual(reserved)=38146 MB  highWater=28040 MB
[GinkgoSolver] p-cache: reuse(update_matrix_value) solve=25 rebuildInterval=0
Schwarz(Jacobi)+Bicgstab:  Solving for omega, Initial residual = 6.017425297355118e-05, Final residual = 3.4469982660651983e-06, No Iterations 2, Solve time = 47.492 ms
[GinkgoSolver] p-cache: reuse(update_matrix_value) solve=25 rebuildInterval=0
Schwarz(Jacobi)+Bicgstab:  Solving for k, Initial residual = 0.0003635460080002266, Final residual = 9.042605960477658e-06, No Iterations 3, Solve time = 62.346 ms
[mem] after-turb: DEVICE_POOL current=22752 MB  actual(reserved)=38146 MB  highWater=28040 MB
ExecutionTime = 215.8 s  ClockTime = 217 s

Time = 26
[mem] step-start: DEVICE_POOL current=22752 MB  actual(reserved)=38146 MB  highWater=28040 MB
Schwarz(Jacobi)+Bicgstab:  Solving for Ux, Initial residual = 0.00014675405656833636, Final residual = 1.0865357652887446e-05, No Iterations 3, Solve time = 125.333 ms
Schwarz(Jacobi)+Bicgstab:  Solving for Uy, Initial residual = 0.006625547747112381, Final residual = 0.00048277369186957946, No Iterations 3, Solve time = 125.333 ms
Schwarz(Jacobi)+Bicgstab:  Solving for Uz, Initial residual = 0.0017426146304166331, Final residual = 0.00013734953761487272, No Iterations 3, Solve time = 125.333 ms
[mem] after-UEqn: DEVICE_POOL current=22752 MB  actual(reserved)=38146 MB  highWater=28040 MB
config(Cg+Schwarz(Jacobi)):  Solving for p, Initial residual = 0.005784070724409709, Final residual = 5.735192807363737e-05, No Iterations 259, Solve time = 2194.338 ms
time step continuity errors : sum local = 1.8098001033426425e-05, global = 7.834275082186802e-07, cumulative = 1.3939846638903795e-05
[mem] after-pEqn: DEVICE_POOL current=22752 MB  actual(reserved)=38146 MB  highWater=28040 MB
[GinkgoSolver] p-cache: reuse(update_matrix_value) solve=26 rebuildInterval=0
Schwarz(Jacobi)+Bicgstab:  Solving for omega, Initial residual = 5.766751569181961e-05, Final residual = 3.341920592504194e-06, No Iterations 2, Solve time = 47.752 ms
bounding omega, min: -60161.58818060968 max: 45356131.50438012 average: 7144.411936314702
[GinkgoSolver] p-cache: reuse(update_matrix_value) solve=26 rebuildInterval=0
Schwarz(Jacobi)+Bicgstab:  Solving for k, Initial residual = 0.00036753978987615895, Final residual = 9.28548391055643e-06, No Iterations 3, Solve time = 62.307 ms
[mem] after-turb: DEVICE_POOL current=22752 MB  actual(reserved)=38146 MB  highWater=28040 MB
ExecutionTime = 219.75 s  ClockTime = 221 s

Time = 27
[mem] step-start: DEVICE_POOL current=22752 MB  actual(reserved)=38146 MB  highWater=28040 MB
Schwarz(Jacobi)+Bicgstab:  Solving for Ux, Initial residual = 0.00014402468478965223, Final residual = 8.353581803949205e-06, No Iterations 3, Solve time = 124.642 ms
Schwarz(Jacobi)+Bicgstab:  Solving for Uy, Initial residual = 0.0064822410725705795, Final residual = 0.00046539830554918394, No Iterations 3, Solve time = 124.642 ms
Schwarz(Jacobi)+Bicgstab:  Solving for Uz, Initial residual = 0.0017449713492307358, Final residual = 0.0001389988670087585, No Iterations 3, Solve time = 124.642 ms
[mem] after-UEqn: DEVICE_POOL current=22752 MB  actual(reserved)=38146 MB  highWater=28040 MB
config(Cg+Schwarz(Jacobi)):  Solving for p, Initial residual = 0.005701665160203029, Final residual = 5.6832489349952053e-05, No Iterations 278, Solve time = 2348.877 ms
time step continuity errors : sum local = 1.7904514319716045e-05, global = 6.91063204170182e-07, cumulative = 1.4630909843073977e-05
[mem] after-pEqn: DEVICE_POOL current=22752 MB  actual(reserved)=38146 MB  highWater=28040 MB
[GinkgoSolver] p-cache: reuse(update_matrix_value) solve=27 rebuildInterval=0
Schwarz(Jacobi)+Bicgstab:  Solving for omega, Initial residual = 5.5421421478606516e-05, Final residual = 3.2464145197135107e-06, No Iterations 2, Solve time = 47.164 ms
[GinkgoSolver] p-cache: reuse(update_matrix_value) solve=27 rebuildInterval=0
Schwarz(Jacobi)+Bicgstab:  Solving for k, Initial residual = 0.0003724104547094402, Final residual = 9.826301028029105e-06, No Iterations 3, Solve time = 62.491 ms
[mem] after-turb: DEVICE_POOL current=22752 MB  actual(reserved)=38146 MB  highWater=28040 MB
ExecutionTime = 223.84 s  ClockTime = 225 s

Time = 28
[mem] step-start: DEVICE_POOL current=22752 MB  actual(reserved)=38146 MB  highWater=28040 MB
Schwarz(Jacobi)+Bicgstab:  Solving for Ux, Initial residual = 0.0001416077436345992, Final residual = 5.770026154753768e-06, No Iterations 4, Solve time = 155.103 ms
Schwarz(Jacobi)+Bicgstab:  Solving for Uy, Initial residual = 0.006351981949343353, Final residual = 0.0014729107075690182, No Iterations 4, Solve time = 155.103 ms
Schwarz(Jacobi)+Bicgstab:  Solving for Uz, Initial residual = 0.0017501754348088873, Final residual = 0.00013887367096857697, No Iterations 4, Solve time = 155.103 ms
[mem] after-UEqn: DEVICE_POOL current=22752 MB  actual(reserved)=38146 MB  highWater=28040 MB
config(Cg+Schwarz(Jacobi)):  Solving for p, Initial residual = 0.005648012990951238, Final residual = 5.6251050960650725e-05, No Iterations 307, Solve time = 2573.715 ms
time step continuity errors : sum local = 1.7678264024400273e-05, global = 2.0759019484756312e-07, cumulative = 1.483850003792154e-05
[mem] after-pEqn: DEVICE_POOL current=22752 MB  actual(reserved)=38146 MB  highWater=28040 MB
[GinkgoSolver] p-cache: reuse(update_matrix_value) solve=28 rebuildInterval=0
Schwarz(Jacobi)+Bicgstab:  Solving for omega, Initial residual = 5.3509210284022656e-05, Final residual = 3.1741274022824756e-06, No Iterations 2, Solve time = 47.603 ms
[GinkgoSolver] p-cache: reuse(update_matrix_value) solve=28 rebuildInterval=0
Schwarz(Jacobi)+Bicgstab:  Solving for k, Initial residual = 0.0003773750995799454, Final residual = 9.719667422886609e-06, No Iterations 3, Solve time = 61.251 ms
[mem] after-turb: DEVICE_POOL current=22752 MB  actual(reserved)=38146 MB  highWater=28040 MB
ExecutionTime = 228.18 s  ClockTime = 229 s

Time = 29
[mem] step-start: DEVICE_POOL current=22752 MB  actual(reserved)=38146 MB  highWater=28040 MB
Schwarz(Jacobi)+Bicgstab:  Solving for Ux, Initial residual = 0.00013915484263486656, Final residual = 1.11916510096276e-05, No Iterations 3, Solve time = 125.095 ms
Schwarz(Jacobi)+Bicgstab:  Solving for Uy, Initial residual = 0.006189891892923615, Final residual = 0.0007307192419658731, No Iterations 3, Solve time = 125.095 ms
Schwarz(Jacobi)+Bicgstab:  Solving for Uz, Initial residual = 0.001758322379457568, Final residual = 0.0001396889436236805, No Iterations 3, Solve time = 125.095 ms
[mem] after-UEqn: DEVICE_POOL current=22752 MB  actual(reserved)=38146 MB  highWater=28040 MB
config(Cg+Schwarz(Jacobi)):  Solving for p, Initial residual = 0.005555848024899336, Final residual = 5.555773401257832e-05, No Iterations 418, Solve time = 3528.887 ms
time step continuity errors : sum local = 1.7378113551225858e-05, global = -9.512019506976298e-07, cumulative = 1.388729808722391e-05
[mem] after-pEqn: DEVICE_POOL current=22752 MB  actual(reserved)=38146 MB  highWater=28040 MB
[GinkgoSolver] p-cache: reuse(update_matrix_value) solve=29 rebuildInterval=0
Schwarz(Jacobi)+Bicgstab:  Solving for omega, Initial residual = 5.193261245847178e-05, Final residual = 3.112439097154858e-06, No Iterations 2, Solve time = 47.557 ms
bounding omega, min: -279.75557139599744 max: 45356040.22541279 average: 7212.934228243568
[GinkgoSolver] p-cache: reuse(update_matrix_value) solve=29 rebuildInterval=0
Schwarz(Jacobi)+Bicgstab:  Solving for k, Initial residual = 0.00038395179186318776, Final residual = 9.887797427076466e-06, No Iterations 3, Solve time = 61.679 ms
[mem] after-turb: DEVICE_POOL current=22752 MB  actual(reserved)=38146 MB  highWater=28040 MB
ExecutionTime = 233.46 s  ClockTime = 235 s

Time = 30
[mem] step-start: DEVICE_POOL current=22752 MB  actual(reserved)=38146 MB  highWater=28040 MB
Schwarz(Jacobi)+Bicgstab:  Solving for Ux, Initial residual = 0.0001369211264873016, Final residual = 8.46951484797293e-06, No Iterations 3, Solve time = 125.705 ms
Schwarz(Jacobi)+Bicgstab:  Solving for Uy, Initial residual = 0.006100251429175691, Final residual = 0.0004824646713482601, No Iterations 3, Solve time = 125.705 ms
Schwarz(Jacobi)+Bicgstab:  Solving for Uz, Initial residual = 0.001762578871929096, Final residual = 0.0001368372619746176, No Iterations 3, Solve time = 125.705 ms
[mem] after-UEqn: DEVICE_POOL current=22752 MB  actual(reserved)=38146 MB  highWater=28040 MB
config(Cg+Schwarz(Jacobi)):  Solving for p, Initial residual = 0.005548180420757302, Final residual = 5.529497441141747e-05, No Iterations 482, Solve time = 4074.169 ms
time step continuity errors : sum local = 1.700626436109395e-05, global = -1.0127316644102116e-06, cumulative = 1.2874566422813698e-05
[mem] after-pEqn: DEVICE_POOL current=22752 MB  actual(reserved)=38146 MB  highWater=28040 MB
[GinkgoSolver] p-cache: reuse(update_matrix_value) solve=30 rebuildInterval=0
Schwarz(Jacobi)+Bicgstab:  Solving for omega, Initial residual = 5.080949795506103e-05, Final residual = 3.04880439566614e-06, No Iterations 2, Solve time = 47.66 ms
[GinkgoSolver] p-cache: reuse(update_matrix_value) solve=30 rebuildInterval=0
Schwarz(Jacobi)+Bicgstab:  Solving for k, Initial residual = 0.0003911964113767984, Final residual = 1.0218978084843616e-05, No Iterations 3, Solve time = 61.466 ms
[mem] after-turb: DEVICE_POOL current=22752 MB  actual(reserved)=38146 MB  highWater=28040 MB
Writing p
Writing U
Writing turbulence variables
ExecutionTime = 240.33 s  ClockTime = 243 s


BEGIN KOKKOS PROFILING REPORT:
TOTAL TIME: 244.615461783 seconds
TOP-DOWN TIME TREE:
<average time> <percent of total time> <percent time in Kokkos> <percent MPI imbalance> <remainder> <kernels per second> <number of calls> <name> [type]
===================
|-> 1.98e+02 sec 81.1% 3.7% 0.0% 0.0% 2.44e+02 30 neoSimpleFoam.timeStep [region]
|   |-> 1.56e+02 sec 63.6% 1.2% 0.0% 7.1% 1.57e+02 30 neoSimpleFoam.pressureCorrector [region]
|   |   |-> 1.43e+02 sec 58.5% 0.4% 0.0% 97.3% 2.88e+01 30 neoSimpleFoam.pressureCorrector.pEqn [region]
|   |   |   |-> 3.20e+00 sec 1.3% 0.0% 0.0% 100.0% 1.09e+01 30 ginkgo.createMtx [region]
|   |   |   |-> 4.79e-01 sec 0.2% 92.3% 0.0% 7.7% 3.69e+03 30 assemble.spatialImplicit [region]
|   |   |-> 7.16e-01 sec 0.3% 100.0% 0.0% ------ 90 computeGradInternal [for]
|   |-> 2.06e+01 sec 8.4% 14.9% 0.0% 23.4% 2.80e+02 30 neoSimpleFoam.momentumPredictor [region]
|   |   |-> 9.44e+00 sec 3.9% 28.8% 0.0% 0.0% 5.47e+02 30 momentum.assemble [region]
|   |   |   |-> 9.01e+00 sec 3.7% 25.9% 0.0% 0.0% 4.60e+02 30 assemble.spatialImplicit [region]
|   |   |   |   |-> 7.86e+00 sec 3.2% 16.1% 0.0% 0.3% 2.90e+02 30 divlap.deferredCorr [region]
|   |   |   |   |   |-> 4.86e+00 sec 2.0% 1.0% 0.0% 99.0% 5.55e+01 30 luw.applyCorr [region]
|   |   |   |   |   |-> 1.72e+00 sec 0.7% 1.1% 0.0% 98.9% 1.75e+00 30 luw.gradOpCtor [region]
|   |   |   |   |   |-> 7.72e-01 sec 0.3% 96.5% 0.0% 0.0% 2.02e+03 30 luw.gradCompute [region]
|   |   |   |   |   |   |-> 5.58e-01 sec 0.2% 95.4% 0.0% 4.6% 2.20e+03 30 clg.baseGrad [region]
|   |   |   |   |   |   |   |-> 3.43e-01 sec 0.1% 100.0% 0.0% ------ 30 computeGradTensorInternal [for]
|   |   |   |   |   |-> 2.89e-01 sec 0.1% 100.0% 0.0% ------ 30 addDivCorrectionToRhs [for]
|   |   |   |   |-> 1.01e+00 sec 0.4% 91.9% 0.0% 8.1% 1.67e+03 30 divlap.nonOrthCorr [region]
|   |   |   |   |   |-> 3.43e-01 sec 0.1% 100.0% 0.0% ------ 30 computeGradTensorInternal [for]
|   |   |   |   |   |-> 2.49e-01 sec 0.1% 100.0% 0.0% ------ 30 computeLaplacianImplicitCorrection [for]
|   |   |   |-> 3.68e-01 sec 0.2% 87.5% 0.0% 12.5% 2.28e+03 30 assemble.explicitSource [region]
|   |   |-> 3.60e+00 sec 1.5% 0.0% 0.0% 100.0% 9.73e+00 30 ginkgo.createMtx [region]
|   |   |-> 2.27e+00 sec 0.9% 1.1% 0.0% 98.9% 1.19e+01 30 momentum.construct [region]
|   |   |-> 3.34e-01 sec 0.1% 94.5% 0.0% 5.5% 1.53e+03 30 assemble.explicitSource [region]
|   |-> 2.00e+01 sec 8.2% 12.4% 0.0% 50.8% 9.11e+02 30 neoSimpleFoam.turbulenceCorrect [region]
|   |   |-> 7.03e+00 sec 2.9% 0.0% 0.0% 100.0% 9.96e+00 60 ginkgo.createMtx [region]
|   |   |-> 1.09e+00 sec 0.4% 92.7% 0.0% 7.3% 3.48e+03 60 assemble.spatialImplicit [region]
|   |   |   |-> 4.78e-01 sec 0.2% 100.0% 0.0% ------ 60 computeGradInternal [for]
|   |   |-> 4.78e-01 sec 0.2% 100.0% 0.0% ------ 60 computeGradInternal [for]
|   |   |-> 3.43e-01 sec 0.1% 100.0% 0.0% ------ 30 computeGradTensorInternal [for]
|   |-> 2.31e+00 sec 0.9% 0.0% 0.0% 100.0% 0.00e+00 30 neoSimpleFoam.write [region]
|-> 4.33e+01 sec 17.7% 0.2% 0.0% 99.8% 2.06e+01 1 neoSimpleFoam.setup [region]

BOTTOM-UP TIME TREE:
<average time> <percent of total time> <percent time in Kokkos> <percent MPI imbalance> <number of calls> <name> [type]
===================
|-> 1.39e+02 sec 56.9% 0.0% 0.0% 0.0% 0.00e+00 30 neoSimpleFoam.pressureCorrector.pEqn [region]
|   |-> 1.39e+02 sec 56.9% 0.0% 0.0% 0.0% 0.00e+00 30 neoSimpleFoam.pressureCorrector [region]
|       |-> 1.39e+02 sec 56.9% 0.0% 0.0% 0.0% 0.00e+00 30 neoSimpleFoam.timeStep [region]
|-> 4.32e+01 sec 17.7% 0.0% 0.0% 0.0% 0.00e+00 1 neoSimpleFoam.setup [region]
|-> 1.38e+01 sec 5.7% 0.0% 0.0% 0.0% 0.00e+00 120 ginkgo.createMtx [region]
|   |-> 7.02e+00 sec 2.9% 0.0% 0.0% 0.0% 0.00e+00 60 neoSimpleFoam.turbulenceCorrect [region]
|   |   |-> 7.02e+00 sec 2.9% 0.0% 0.0% 0.0% 0.00e+00 60 neoSimpleFoam.timeStep [region]
|   |-> 3.60e+00 sec 1.5% 0.0% 0.0% 0.0% 0.00e+00 30 neoSimpleFoam.momentumPredictor [region]
|   |   |-> 3.60e+00 sec 1.5% 0.0% 0.0% 0.0% 0.00e+00 30 neoSimpleFoam.timeStep [region]
|   |-> 3.20e+00 sec 1.3% 0.0% 0.0% 0.0% 0.00e+00 30 neoSimpleFoam.pressureCorrector.pEqn [region]
|       |-> 3.20e+00 sec 1.3% 0.0% 0.0% 0.0% 0.00e+00 30 neoSimpleFoam.pressureCorrector [region]
|           |-> 3.20e+00 sec 1.3% 0.0% 0.0% 0.0% 0.00e+00 30 neoSimpleFoam.timeStep [region]
|-> 1.10e+01 sec 4.5% 0.0% 0.0% 0.0% 0.00e+00 30 neoSimpleFoam.pressureCorrector [region]
|   |-> 1.10e+01 sec 4.5% 0.0% 0.0% 0.0% 0.00e+00 30 neoSimpleFoam.timeStep [region]
|-> 1.02e+01 sec 4.2% 0.0% 0.0% 0.0% 0.00e+00 30 neoSimpleFoam.turbulenceCorrect [region]
|   |-> 1.02e+01 sec 4.2% 0.0% 0.0% 0.0% 0.00e+00 30 neoSimpleFoam.timeStep [region]
|-> 4.81e+00 sec 2.0% 0.0% 0.0% 0.0% 0.00e+00 30 luw.applyCorr [region]
|   |-> 4.81e+00 sec 2.0% 0.0% 0.0% 0.0% 0.00e+00 30 divlap.deferredCorr [region]
|       |-> 4.81e+00 sec 2.0% 0.0% 0.0% 0.0% 0.00e+00 30 assemble.spatialImplicit [region]
|           |-> 4.81e+00 sec 2.0% 0.0% 0.0% 0.0% 0.00e+00 30 momentum.assemble [region]
|               |-> 4.81e+00 sec 2.0% 0.0% 0.0% 0.0% 0.00e+00 30 neoSimpleFoam.momentumPredictor [region]
|                   |-> 4.81e+00 sec 2.0% 0.0% 0.0% 0.0% 0.00e+00 30 neoSimpleFoam.timeStep [region]
|-> 4.81e+00 sec 2.0% 0.0% 0.0% 0.0% 0.00e+00 30 neoSimpleFoam.momentumPredictor [region]
|   |-> 4.81e+00 sec 2.0% 0.0% 0.0% 0.0% 0.00e+00 30 neoSimpleFoam.timeStep [region]
|-> 2.31e+00 sec 0.9% 0.0% 0.0% 0.0% 0.00e+00 30 neoSimpleFoam.write [region]
|   |-> 2.31e+00 sec 0.9% 0.0% 0.0% 0.0% 0.00e+00 30 neoSimpleFoam.timeStep [region]
|-> 2.25e+00 sec 0.9% 0.0% 0.0% 0.0% 0.00e+00 30 momentum.construct [region]
|   |-> 2.25e+00 sec 0.9% 0.0% 0.0% 0.0% 0.00e+00 30 neoSimpleFoam.momentumPredictor [region]
|       |-> 2.25e+00 sec 0.9% 0.0% 0.0% 0.0% 0.00e+00 30 neoSimpleFoam.timeStep [region]
|-> 2.16e+00 sec 0.9% 100.0% 0.0% ------ 272 computeGradInternal [for]
|   |-> 7.16e-01 sec 0.3% 100.0% 0.0% 0.0% 0.00e+00 90 assemble.spatialImplicit [region]
|   |   |-> 4.78e-01 sec 0.2% 100.0% 0.0% 0.0% 0.00e+00 60 neoSimpleFoam.turbulenceCorrect [region]
|   |   |   |-> 4.78e-01 sec 0.2% 100.0% 0.0% 0.0% 0.00e+00 60 neoSimpleFoam.timeStep [region]
|   |-> 7.16e-01 sec 0.3% 100.0% 0.0% 0.0% 0.00e+00 90 neoSimpleFoam.pressureCorrector [region]
|   |   |-> 7.16e-01 sec 0.3% 100.0% 0.0% 0.0% 0.00e+00 90 neoSimpleFoam.timeStep [region]
|   |-> 4.78e-01 sec 0.2% 100.0% 0.0% 0.0% 0.00e+00 60 neoSimpleFoam.turbulenceCorrect [region]
|   |   |-> 4.78e-01 sec 0.2% 100.0% 0.0% 0.0% 0.00e+00 60 neoSimpleFoam.timeStep [region]
|-> 1.70e+00 sec 0.7% 0.0% 0.0% 0.0% 0.00e+00 30 luw.gradOpCtor [region]
|   |-> 1.70e+00 sec 0.7% 0.0% 0.0% 0.0% 0.00e+00 30 divlap.deferredCorr [region]
|       |-> 1.70e+00 sec 0.7% 0.0% 0.0% 0.0% 0.00e+00 30 assemble.spatialImplicit [region]
|           |-> 1.70e+00 sec 0.7% 0.0% 0.0% 0.0% 0.00e+00 30 momentum.assemble [region]
|               |-> 1.70e+00 sec 0.7% 0.0% 0.0% 0.0% 0.00e+00 30 neoSimpleFoam.momentumPredictor [region]
|                   |-> 1.70e+00 sec 0.7% 0.0% 0.0% 0.0% 0.00e+00 30 neoSimpleFoam.timeStep [region]
|-> 1.15e+00 sec 0.5% 100.0% 0.0% ------ 9369 fill [for]
|-> 1.04e+00 sec 0.4% 100.0% 0.0% ------ 91 computeGradTensorInternal [for]
|   |-> 3.43e-01 sec 0.1% 100.0% 0.0% 0.0% 0.00e+00 30 divlap.nonOrthCorr [region]
|   |   |-> 3.43e-01 sec 0.1% 100.0% 0.0% 0.0% 0.00e+00 30 assemble.spatialImplicit [region]
|   |       |-> 3.43e-01 sec 0.1% 100.0% 0.0% 0.0% 0.00e+00 30 momentum.assemble [region]
|   |           |-> 3.43e-01 sec 0.1% 100.0% 0.0% 0.0% 0.00e+00 30 neoSimpleFoam.momentumPredictor [region]
|   |               |-> 3.43e-01 sec 0.1% 100.0% 0.0% 0.0% 0.00e+00 30 neoSimpleFoam.timeStep [region]
|   |-> 3.43e-01 sec 0.1% 100.0% 0.0% 0.0% 0.00e+00 30 clg.baseGrad [region]
|   |   |-> 3.43e-01 sec 0.1% 100.0% 0.0% 0.0% 0.00e+00 30 luw.gradCompute [region]
|   |       |-> 3.43e-01 sec 0.1% 100.0% 0.0% 0.0% 0.00e+00 30 divlap.deferredCorr [region]
|   |           |-> 3.43e-01 sec 0.1% 100.0% 0.0% 0.0% 0.00e+00 30 assemble.spatialImplicit [region]
|   |               |-> 3.43e-01 sec 0.1% 100.0% 0.0% 0.0% 0.00e+00 30 momentum.assemble [region]
|   |                   |-> 3.43e-01 sec 0.1% 100.0% 0.0% 0.0% 0.00e+00 30 neoSimpleFoam.momentumPredictor [region]
|   |                       |-> 3.43e-01 sec 0.1% 100.0% 0.0% 0.0% 0.00e+00 30 neoSimpleFoam.timeStep [region]
|   |-> 3.43e-01 sec 0.1% 100.0% 0.0% 0.0% 0.00e+00 30 neoSimpleFoam.turbulenceCorrect [region]
|   |   |-> 3.43e-01 sec 0.1% 100.0% 0.0% 0.0% 0.00e+00 30 neoSimpleFoam.timeStep [region]
|-> 4.81e-01 sec 0.2% 0.0% 0.0% 0.0% 0.00e+00 120 ginkgo.solverSetup [region]
|-> 3.21e-01 sec 0.1% 100.0% 0.0% ------ 120 computeLaplacianImplicitCorrection [for]
|   |-> 2.49e-01 sec 0.1% 100.0% 0.0% 0.0% 0.00e+00 30 divlap.nonOrthCorr [region]
|   |   |-> 2.49e-01 sec 0.1% 100.0% 0.0% 0.0% 0.00e+00 30 assemble.spatialImplicit [region]
|   |       |-> 2.49e-01 sec 0.1% 100.0% 0.0% 0.0% 0.00e+00 30 momentum.assemble [region]
|   |           |-> 2.49e-01 sec 0.1% 100.0% 0.0% 0.0% 0.00e+00 30 neoSimpleFoam.momentumPredictor [region]
|   |               |-> 2.49e-01 sec 0.1% 100.0% 0.0% 0.0% 0.00e+00 30 neoSimpleFoam.timeStep [region]
|-> 2.89e-01 sec 0.1% 100.0% 0.0% ------ 30 addDivCorrectionToRhs [for]
|   |-> 2.89e-01 sec 0.1% 100.0% 0.0% 0.0% 0.00e+00 30 divlap.deferredCorr [region]
|       |-> 2.89e-01 sec 0.1% 100.0% 0.0% 0.0% 0.00e+00 30 assemble.spatialImplicit [region]
|           |-> 2.89e-01 sec 0.1% 100.0% 0.0% 0.0% 0.00e+00 30 momentum.assemble [region]
|               |-> 2.89e-01 sec 0.1% 100.0% 0.0% 0.0% 0.00e+00 30 neoSimpleFoam.momentumPredictor [region]
|                   |-> 2.89e-01 sec 0.1% 100.0% 0.0% 0.0% 0.00e+00 30 neoSimpleFoam.timeStep [region]
|-> 2.50e-01 sec 0.1% 100.0% 0.0% ------ 554 computeLinearInterpolationInternal [for]

KOKKOS HOST SPACE:
===================
MAX MEMORY ALLOCATED: 1287770.6 kB
ALLOCATIONS AT TIME OF HIGH WATER MARK:
  29.9% neoSimpleFoam.timeStep/neoSimpleFoam.momentumPredictor/momentum.assemble/assemble.spatialImplicit/divlap.deferredCorr/luw.gradOpCtor/Vector
  29.9% neoSimpleFoam.timeStep/neoSimpleFoam.momentumPredictor/momentum.assemble/assemble.spatialImplicit/divlap.deferredCorr/luw.gradOpCtor/Vector
  15.4% neoSimpleFoam.timeStep/neoSimpleFoam.momentumPredictor/momentum.assemble/assemble.spatialImplicit/divlap.deferredCorr/luw.gradOpCtor/Vector
  14.9% neoSimpleFoam.timeStep/neoSimpleFoam.momentumPredictor/momentum.assemble/assemble.spatialImplicit/divlap.deferredCorr/luw.gradOpCtor/Vector
  5.0% neoSimpleFoam.timeStep/neoSimpleFoam.momentumPredictor/momentum.assemble/assemble.spatialImplicit/divlap.deferredCorr/luw.gradOpCtor/Vector
  5.0% neoSimpleFoam.timeStep/neoSimpleFoam.momentumPredictor/momentum.assemble/assemble.spatialImplicit/divlap.deferredCorr/luw.gradOpCtor/Vector

KOKKOS CUDA SPACE:
===================
MAX MEMORY ALLOCATED: 0.0 kB
ALLOCATIONS AT TIME OF HIGH WATER MARK:

KOKKOS HIP SPACE:
===================
MAX MEMORY ALLOCATED: 0.0 kB
ALLOCATIONS AT TIME OF HIGH WATER MARK:

KOKKOS SYCL SPACE:
===================
MAX MEMORY ALLOCATED: 0.0 kB
ALLOCATIONS AT TIME OF HIGH WATER MARK:

KOKKOS OpenMPTarget SPACE:
===================
MAX MEMORY ALLOCATED: 0.0 kB
ALLOCATIONS AT TIME OF HIGH WATER MARK:

Host process high water mark memory consumption: 14455552 kB

END KOKKOS PROFILING REPORT.

BEGIN KOKKOS PROFILING REPORT:
TOTAL TIME: 244.679819026 seconds
TOP-DOWN TIME TREE:
<average time> <percent of total time> <percent time in Kokkos> <percent MPI imbalance> <remainder> <kernels per second> <number of calls> <name> [type]
===================
|-> 1.99e+02 sec 81.1% 12.8% 0.0% 0.0% 2.49e+02 30 neoSimpleFoam.timeStep [region]
|   |-> 1.55e+02 sec 63.5% 5.8% 0.0% 3.3% 1.62e+02 30 neoSimpleFoam.pressureCorrector [region]
|   |   |-> 1.43e+02 sec 58.5% 1.4% 0.0% 97.0% 2.92e+01 30 neoSimpleFoam.pressureCorrector.pEqn [region]
|   |   |   |-> 1.92e+00 sec 0.8% 0.4% 0.0% 99.6% 1.82e+01 30 ginkgo.createMtx [region]
|   |   |   |-> 1.63e+00 sec 0.7% 86.3% 0.0% 13.7% 1.07e+03 30 assemble.spatialImplicit [region]
|   |   |   |   |-> 5.05e-01 sec 0.2% 100.0% 0.0% ------ 30 computeGradInternal [for]
|   |   |   |   |-> 2.54e-01 sec 0.1% 100.0% 0.0% ------ 601 fill [for]
|   |   |-> 1.41e+00 sec 0.6% 100.0% 0.0% ------ 3660 fill [for]
|   |   |-> 1.26e+00 sec 0.5% 100.0% 0.0% ------ 90 computeGradInternal [for]
|   |   |-> 1.10e+00 sec 0.5% 100.0% 0.0% ------ 8250 extrapolateValue [for]
|   |   |-> 7.20e-01 sec 0.3% 100.0% 0.0% ------ 2250 computeGradBoundaryRefGrad [for]
|   |   |-> 5.51e-01 sec 0.2% 100.0% 0.0% ------ 1530 parallelFor [for]
|   |-> 2.06e+01 sec 8.4% 37.1% 0.0% 23.0% 2.79e+02 30 neoSimpleFoam.momentumPredictor [region]
|   |   |-> 1.05e+01 sec 4.3% 65.5% 0.0% 0.0% 4.94e+02 30 momentum.assemble [region]
|   |   |   |-> 9.09e+00 sec 3.7% 63.2% 0.0% 0.0% 4.56e+02 30 assemble.spatialImplicit [region]
|   |   |   |   |-> 6.15e+00 sec 2.5% 50.6% 0.0% 1.6% 3.76e+02 30 divlap.deferredCorr [region]
|   |   |   |   |   |-> 2.06e+00 sec 0.8% 94.7% 0.0% 0.0% 7.42e+02 30 luw.gradCompute [region]
|   |   |   |   |   |   |-> 1.74e+00 sec 0.7% 93.8% 0.0% 6.2% 6.90e+02 30 clg.baseGrad [region]
|   |   |   |   |   |   |   |-> 6.73e-01 sec 0.3% 100.0% 0.0% ------ 780 computeGradTensorBoundaryReconstruct [for]
|   |   |   |   |   |   |   |-> 5.14e-01 sec 0.2% 100.0% 0.0% ------ 30 computeGradTensorInternal [for]
|   |   |   |   |   |   |-> 3.22e-01 sec 0.1% 99.7% 0.0% 0.3% 1.02e+03 30 clg.limiter [region]
|   |   |   |   |   |-> 1.79e+00 sec 0.7% 1.1% 0.0% 98.9% 1.68e+00 30 luw.gradOpCtor [region]
|   |   |   |   |   |-> 1.07e+00 sec 0.4% 11.7% 0.0% 88.3% 3.09e+02 30 luw.applyCorr [region]
|   |   |   |   |   |-> 6.38e-01 sec 0.3% 82.3% 0.0% 17.7% 3.29e+02 30 luw.gradAlloc [region]
|   |   |   |   |   |   |-> 5.25e-01 sec 0.2% 100.0% 0.0% ------ 210 fill [for]
|   |   |   |   |   |-> 3.75e-01 sec 0.2% 100.0% 0.0% ------ 30 addDivCorrectionToRhs [for]
|   |   |   |   |-> 2.50e+00 sec 1.0% 87.7% 0.0% 12.3% 6.60e+02 30 divlap.nonOrthCorr [region]
|   |   |   |   |   |-> 7.07e-01 sec 0.3% 100.0% 0.0% ------ 30 computeGradTensorInternal [for]
|   |   |   |   |   |-> 6.16e-01 sec 0.3% 100.0% 0.0% ------ 601 fill [for]
|   |   |   |   |   |-> 2.94e-01 sec 0.1% 100.0% 0.0% ------ 30 computeLaplacianImplicitCorrection [for]
|   |   |   |   |   |-> 2.73e-01 sec 0.1% 100.0% 0.0% ------ 780 computeGradTensorBoundaryReconstruct [for]
|   |   |   |-> 1.22e+00 sec 0.5% 78.9% 0.0% 21.1% 6.89e+02 30 assemble.explicitSource [region]
|   |   |   |   |-> 5.15e-01 sec 0.2% 100.0% 0.0% ------ 420 fill [for]
|   |   |-> 2.29e+00 sec 0.9% 1.3% 0.0% 98.7% 1.18e+01 30 momentum.construct [region]
|   |   |-> 1.98e+00 sec 0.8% 0.3% 0.0% 99.7% 1.77e+01 30 ginkgo.createMtx [region]
|   |   |-> 9.01e-01 sec 0.4% 84.0% 0.0% 16.0% 5.66e+02 30 assemble.explicitSource [region]
|   |   |   |-> 3.07e-01 sec 0.1% 100.0% 0.0% ------ 30 computeGradInternal [for]
|   |   |-> 2.52e-01 sec 0.1% 0.0% 0.0% 100.0% 0.00e+00 30 ginkgo.solverSetup [region]
|   |-> 2.02e+01 sec 8.3% 43.1% 0.0% 32.0% 9.21e+02 30 neoSimpleFoam.turbulenceCorrect [region]
|   |   |-> 4.02e+00 sec 1.6% 0.3% 0.0% 99.7% 1.74e+01 60 ginkgo.createMtx [region]
|   |   |-> 3.51e+00 sec 1.4% 85.5% 0.0% 14.5% 1.06e+03 60 assemble.spatialImplicit [region]
|   |   |   |-> 7.71e-01 sec 0.3% 100.0% 0.0% ------ 60 computeGradInternal [for]
|   |   |   |-> 5.51e-01 sec 0.2% 100.0% 0.0% ------ 1202 fill [for]
|   |   |   |-> 4.44e-01 sec 0.2% 100.0% 0.0% ------ 630 computeGradBoundaryFixedValue [for]
|   |   |   |-> 3.29e-01 sec 0.1% 100.0% 0.0% ------ 930 computeGradBoundaryRefGrad [for]
|   |   |   |-> 2.80e-01 sec 0.1% 100.0% 0.0% ------ 60 computeLocalGaussGreenDivLaplacianCoefficients [for]
|   |   |-> 8.09e-01 sec 0.3% 100.0% 0.0% ------ 1466 fill [for]
|   |   |-> 6.17e-01 sec 0.3% 100.0% 0.0% ------ 60 computeGradInternal [for]
|   |   |-> 5.26e-01 sec 0.2% 100.0% 0.0% ------ 30 computeGradTensorInternal [for]
|   |   |-> 4.90e-01 sec 0.2% 0.0% 0.0% 100.0% 0.00e+00 60 ginkgo.solverSetup [region]
|   |   |-> 4.64e-01 sec 0.2% 100.0% 0.0% ------ 780 computeGradTensorBoundaryReconstruct [for]
|   |   |-> 4.31e-01 sec 0.2% 100.0% 0.0% ------ 930 computeGradBoundaryRefGrad [for]
|   |-> 2.28e+00 sec 0.9% 0.0% 0.0% 100.0% 0.00e+00 30 neoSimpleFoam.write [region]
|-> 4.33e+01 sec 17.7% 0.7% 0.0% 99.3% 2.17e+01 1 neoSimpleFoam.setup [region]

BOTTOM-UP TIME TREE:
<average time> <percent of total time> <percent time in Kokkos> <percent MPI imbalance> <number of calls> <name> [type]
===================
|-> 1.39e+02 sec 56.7% 0.0% 0.0% 0.0% 0.00e+00 30 neoSimpleFoam.pressureCorrector.pEqn [region]
|   |-> 1.39e+02 sec 56.7% 0.0% 0.0% 0.0% 0.00e+00 30 neoSimpleFoam.pressureCorrector [region]
|       |-> 1.39e+02 sec 56.7% 0.0% 0.0% 0.0% 0.00e+00 30 neoSimpleFoam.timeStep [region]
|-> 4.30e+01 sec 17.6% 0.0% 0.0% 0.0% 0.00e+00 1 neoSimpleFoam.setup [region]
|-> 7.90e+00 sec 3.2% 0.0% 0.0% 0.0% 0.00e+00 120 ginkgo.createMtx [region]
|   |-> 4.01e+00 sec 1.6% 0.0% 0.0% 0.0% 0.00e+00 60 neoSimpleFoam.turbulenceCorrect [region]
|   |   |-> 4.01e+00 sec 1.6% 0.0% 0.0% 0.0% 0.00e+00 60 neoSimpleFoam.timeStep [region]
|   |-> 1.97e+00 sec 0.8% 0.0% 0.0% 0.0% 0.00e+00 30 neoSimpleFoam.momentumPredictor [region]
|   |   |-> 1.97e+00 sec 0.8% 0.0% 0.0% 0.0% 0.00e+00 30 neoSimpleFoam.timeStep [region]
|   |-> 1.92e+00 sec 0.8% 0.0% 0.0% 0.0% 0.00e+00 30 neoSimpleFoam.pressureCorrector.pEqn [region]
|       |-> 1.92e+00 sec 0.8% 0.0% 0.0% 0.0% 0.00e+00 30 neoSimpleFoam.pressureCorrector [region]
|           |-> 1.92e+00 sec 0.8% 0.0% 0.0% 0.0% 0.00e+00 30 neoSimpleFoam.timeStep [region]
|-> 6.47e+00 sec 2.6% 0.0% 0.0% 0.0% 0.00e+00 30 neoSimpleFoam.turbulenceCorrect [region]
|   |-> 6.47e+00 sec 2.6% 0.0% 0.0% 0.0% 0.00e+00 30 neoSimpleFoam.timeStep [region]
|-> 5.61e+00 sec 2.3% 100.0% 0.0% ------ 9833 fill [for]
|   |-> 1.41e+00 sec 0.6% 100.0% 0.0% 0.0% 0.00e+00 3660 neoSimpleFoam.pressureCorrector [region]
|   |   |-> 1.41e+00 sec 0.6% 100.0% 0.0% 0.0% 0.00e+00 3660 neoSimpleFoam.timeStep [region]
|   |-> 8.09e-01 sec 0.3% 100.0% 0.0% 0.0% 0.00e+00 1466 neoSimpleFoam.turbulenceCorrect [region]
|   |   |-> 8.09e-01 sec 0.3% 100.0% 0.0% 0.0% 0.00e+00 1466 neoSimpleFoam.timeStep [region]
|   |-> 8.04e-01 sec 0.3% 100.0% 0.0% 0.0% 0.00e+00 1803 assemble.spatialImplicit [region]
|   |   |-> 5.51e-01 sec 0.2% 100.0% 0.0% 0.0% 0.00e+00 1202 neoSimpleFoam.turbulenceCorrect [region]
|   |   |   |-> 5.51e-01 sec 0.2% 100.0% 0.0% 0.0% 0.00e+00 1202 neoSimpleFoam.timeStep [region]
|   |   |-> 2.54e-01 sec 0.1% 100.0% 0.0% 0.0% 0.00e+00 601 neoSimpleFoam.pressureCorrector.pEqn [region]
|   |       |-> 2.54e-01 sec 0.1% 100.0% 0.0% 0.0% 0.00e+00 601 neoSimpleFoam.pressureCorrector [region]
|   |           |-> 2.54e-01 sec 0.1% 100.0% 0.0% 0.0% 0.00e+00 601 neoSimpleFoam.timeStep [region]
|   |-> 7.42e-01 sec 0.3% 100.0% 0.0% 0.0% 0.00e+00 780 assemble.explicitSource [region]
|   |   |-> 5.15e-01 sec 0.2% 100.0% 0.0% 0.0% 0.00e+00 420 momentum.assemble [region]
|   |   |   |-> 5.15e-01 sec 0.2% 100.0% 0.0% 0.0% 0.00e+00 420 neoSimpleFoam.momentumPredictor [region]
|   |   |       |-> 5.15e-01 sec 0.2% 100.0% 0.0% 0.0% 0.00e+00 420 neoSimpleFoam.timeStep [region]
|   |-> 6.16e-01 sec 0.3% 100.0% 0.0% 0.0% 0.00e+00 601 divlap.nonOrthCorr [region]
|   |   |-> 6.16e-01 sec 0.3% 100.0% 0.0% 0.0% 0.00e+00 601 assemble.spatialImplicit [region]
|   |       |-> 6.16e-01 sec 0.3% 100.0% 0.0% 0.0% 0.00e+00 601 momentum.assemble [region]
|   |           |-> 6.16e-01 sec 0.3% 100.0% 0.0% 0.0% 0.00e+00 601 neoSimpleFoam.momentumPredictor [region]
|   |               |-> 6.16e-01 sec 0.3% 100.0% 0.0% 0.0% 0.00e+00 601 neoSimpleFoam.timeStep [region]
|   |-> 5.25e-01 sec 0.2% 100.0% 0.0% 0.0% 0.00e+00 210 luw.gradAlloc [region]
|   |   |-> 5.25e-01 sec 0.2% 100.0% 0.0% 0.0% 0.00e+00 210 divlap.deferredCorr [region]
|   |       |-> 5.25e-01 sec 0.2% 100.0% 0.0% 0.0% 0.00e+00 210 assemble.spatialImplicit [region]
|   |           |-> 5.25e-01 sec 0.2% 100.0% 0.0% 0.0% 0.00e+00 210 momentum.assemble [region]
|   |               |-> 5.25e-01 sec 0.2% 100.0% 0.0% 0.0% 0.00e+00 210 neoSimpleFoam.momentumPredictor [region]
|   |                   |-> 5.25e-01 sec 0.2% 100.0% 0.0% 0.0% 0.00e+00 210 neoSimpleFoam.timeStep [region]
|-> 5.20e+00 sec 2.1% 0.0% 0.0% 0.0% 0.00e+00 30 neoSimpleFoam.pressureCorrector [region]
|   |-> 5.20e+00 sec 2.1% 0.0% 0.0% 0.0% 0.00e+00 30 neoSimpleFoam.timeStep [region]
|-> 4.74e+00 sec 1.9% 0.0% 0.0% 0.0% 0.00e+00 30 neoSimpleFoam.momentumPredictor [region]
|   |-> 4.74e+00 sec 1.9% 0.0% 0.0% 0.0% 0.00e+00 30 neoSimpleFoam.timeStep [region]
|-> 3.48e+00 sec 1.4% 100.0% 0.0% ------ 272 computeGradInternal [for]
|   |-> 1.28e+00 sec 0.5% 100.0% 0.0% 0.0% 0.00e+00 90 assemble.spatialImplicit [region]
|   |   |-> 7.71e-01 sec 0.3% 100.0% 0.0% 0.0% 0.00e+00 60 neoSimpleFoam.turbulenceCorrect [region]
|   |   |   |-> 7.71e-01 sec 0.3% 100.0% 0.0% 0.0% 0.00e+00 60 neoSimpleFoam.timeStep [region]
|   |   |-> 5.05e-01 sec 0.2% 100.0% 0.0% 0.0% 0.00e+00 30 neoSimpleFoam.pressureCorrector.pEqn [region]
|   |       |-> 5.05e-01 sec 0.2% 100.0% 0.0% 0.0% 0.00e+00 30 neoSimpleFoam.pressureCorrector [region]
|   |           |-> 5.05e-01 sec 0.2% 100.0% 0.0% 0.0% 0.00e+00 30 neoSimpleFoam.timeStep [region]
|   |-> 1.26e+00 sec 0.5% 100.0% 0.0% 0.0% 0.00e+00 90 neoSimpleFoam.pressureCorrector [region]
|   |   |-> 1.26e+00 sec 0.5% 100.0% 0.0% 0.0% 0.00e+00 90 neoSimpleFoam.timeStep [region]
|   |-> 6.17e-01 sec 0.3% 100.0% 0.0% 0.0% 0.00e+00 60 neoSimpleFoam.turbulenceCorrect [region]
|   |   |-> 6.17e-01 sec 0.3% 100.0% 0.0% 0.0% 0.00e+00 60 neoSimpleFoam.timeStep [region]
|   |-> 3.07e-01 sec 0.1% 100.0% 0.0% 0.0% 0.00e+00 30 assemble.explicitSource [region]
|   |   |-> 3.07e-01 sec 0.1% 100.0% 0.0% 0.0% 0.00e+00 30 neoSimpleFoam.momentumPredictor [region]
|   |       |-> 3.07e-01 sec 0.1% 100.0% 0.0% 0.0% 0.00e+00 30 neoSimpleFoam.timeStep [region]
|-> 2.28e+00 sec 0.9% 0.0% 0.0% 0.0% 0.00e+00 30 neoSimpleFoam.write [region]
|   |-> 2.28e+00 sec 0.9% 0.0% 0.0% 0.0% 0.00e+00 30 neoSimpleFoam.timeStep [region]
|-> 2.26e+00 sec 0.9% 0.0% 0.0% 0.0% 0.00e+00 30 momentum.construct [region]
|   |-> 2.26e+00 sec 0.9% 0.0% 0.0% 0.0% 0.00e+00 30 neoSimpleFoam.momentumPredictor [region]
|       |-> 2.26e+00 sec 0.9% 0.0% 0.0% 0.0% 0.00e+00 30 neoSimpleFoam.timeStep [region]
|-> 1.77e+00 sec 0.7% 100.0% 0.0% ------ 91 computeGradTensorInternal [for]
|   |-> 7.07e-01 sec 0.3% 100.0% 0.0% 0.0% 0.00e+00 30 divlap.nonOrthCorr [region]
|   |   |-> 7.07e-01 sec 0.3% 100.0% 0.0% 0.0% 0.00e+00 30 assemble.spatialImplicit [region]
|   |       |-> 7.07e-01 sec 0.3% 100.0% 0.0% 0.0% 0.00e+00 30 momentum.assemble [region]
|   |           |-> 7.07e-01 sec 0.3% 100.0% 0.0% 0.0% 0.00e+00 30 neoSimpleFoam.momentumPredictor [region]
|   |               |-> 7.07e-01 sec 0.3% 100.0% 0.0% 0.0% 0.00e+00 30 neoSimpleFoam.timeStep [region]
|   |-> 5.26e-01 sec 0.2% 100.0% 0.0% 0.0% 0.00e+00 30 neoSimpleFoam.turbulenceCorrect [region]
|   |   |-> 5.26e-01 sec 0.2% 100.0% 0.0% 0.0% 0.00e+00 30 neoSimpleFoam.timeStep [region]
|   |-> 5.14e-01 sec 0.2% 100.0% 0.0% 0.0% 0.00e+00 30 clg.baseGrad [region]
|   |   |-> 5.14e-01 sec 0.2% 100.0% 0.0% 0.0% 0.00e+00 30 luw.gradCompute [region]
|   |       |-> 5.14e-01 sec 0.2% 100.0% 0.0% 0.0% 0.00e+00 30 divlap.deferredCorr [region]
|   |           |-> 5.14e-01 sec 0.2% 100.0% 0.0% 0.0% 0.00e+00 30 assemble.spatialImplicit [region]
|   |               |-> 5.14e-01 sec 0.2% 100.0% 0.0% 0.0% 0.00e+00 30 momentum.assemble [region]
|   |                   |-> 5.14e-01 sec 0.2% 100.0% 0.0% 0.0% 0.00e+00 30 neoSimpleFoam.momentumPredictor [region]
|   |                       |-> 5.14e-01 sec 0.2% 100.0% 0.0% 0.0% 0.00e+00 30 neoSimpleFoam.timeStep [region]
|-> 1.77e+00 sec 0.7% 0.0% 0.0% 0.0% 0.00e+00 30 luw.gradOpCtor [region]
|   |-> 1.77e+00 sec 0.7% 0.0% 0.0% 0.0% 0.00e+00 30 divlap.deferredCorr [region]
|       |-> 1.77e+00 sec 0.7% 0.0% 0.0% 0.0% 0.00e+00 30 assemble.spatialImplicit [region]
|           |-> 1.77e+00 sec 0.7% 0.0% 0.0% 0.0% 0.00e+00 30 momentum.assemble [region]
|               |-> 1.77e+00 sec 0.7% 0.0% 0.0% 0.0% 0.00e+00 30 neoSimpleFoam.momentumPredictor [region]
|                   |-> 1.77e+00 sec 0.7% 0.0% 0.0% 0.0% 0.00e+00 30 neoSimpleFoam.timeStep [region]
|-> 1.73e+00 sec 0.7% 100.0% 0.0% ------ 4891 computeGradBoundaryRefGrad [for]
|   |-> 7.20e-01 sec 0.3% 100.0% 0.0% 0.0% 0.00e+00 2250 neoSimpleFoam.pressureCorrector [region]
|   |   |-> 7.20e-01 sec 0.3% 100.0% 0.0% 0.0% 0.00e+00 2250 neoSimpleFoam.timeStep [region]
|   |-> 5.61e-01 sec 0.2% 100.0% 0.0% 0.0% 0.00e+00 1680 assemble.spatialImplicit [region]
|   |   |-> 3.29e-01 sec 0.1% 100.0% 0.0% 0.0% 0.00e+00 930 neoSimpleFoam.turbulenceCorrect [region]
|   |   |   |-> 3.29e-01 sec 0.1% 100.0% 0.0% 0.0% 0.00e+00 930 neoSimpleFoam.timeStep [region]
|   |-> 4.31e-01 sec 0.2% 100.0% 0.0% 0.0% 0.00e+00 930 neoSimpleFoam.turbulenceCorrect [region]
|   |   |-> 4.31e-01 sec 0.2% 100.0% 0.0% 0.0% 0.00e+00 930 neoSimpleFoam.timeStep [region]
|-> 1.42e+00 sec 0.6% 100.0% 0.0% ------ 2366 computeGradTensorBoundaryReconstruct [for]
|   |-> 6.73e-01 sec 0.3% 100.0% 0.0% 0.0% 0.00e+00 780 clg.baseGrad [region]
|   |   |-> 6.73e-01 sec 0.3% 100.0% 0.0% 0.0% 0.00e+00 780 luw.gradCompute [region]
|   |       |-> 6.73e-01 sec 0.3% 100.0% 0.0% 0.0% 0.00e+00 780 divlap.deferredCorr [region]
|   |           |-> 6.73e-01 sec 0.3% 100.0% 0.0% 0.0% 0.00e+00 780 assemble.spatialImplicit [region]
|   |               |-> 6.73e-01 sec 0.3% 100.0% 0.0% 0.0% 0.00e+00 780 momentum.assemble [region]
|   |                   |-> 6.73e-01 sec 0.3% 100.0% 0.0% 0.0% 0.00e+00 780 neoSimpleFoam.momentumPredictor [region]
|   |                       |-> 6.73e-01 sec 0.3% 100.0% 0.0% 0.0% 0.00e+00 780 neoSimpleFoam.timeStep [region]
|   |-> 4.64e-01 sec 0.2% 100.0% 0.0% 0.0% 0.00e+00 780 neoSimpleFoam.turbulenceCorrect [region]
|   |   |-> 4.64e-01 sec 0.2% 100.0% 0.0% 0.0% 0.00e+00 780 neoSimpleFoam.timeStep [region]
|   |-> 2.73e-01 sec 0.1% 100.0% 0.0% 0.0% 0.00e+00 780 divlap.nonOrthCorr [region]
|   |   |-> 2.73e-01 sec 0.1% 100.0% 0.0% 0.0% 0.00e+00 780 assemble.spatialImplicit [region]
|   |       |-> 2.73e-01 sec 0.1% 100.0% 0.0% 0.0% 0.00e+00 780 momentum.assemble [region]
|   |           |-> 2.73e-01 sec 0.1% 100.0% 0.0% 0.0% 0.00e+00 780 neoSimpleFoam.momentumPredictor [region]
|   |               |-> 2.73e-01 sec 0.1% 100.0% 0.0% 0.0% 0.00e+00 780 neoSimpleFoam.timeStep [region]
|-> 1.35e+00 sec 0.5% 100.0% 0.0% ------ 9955 extrapolateValue [for]
|   |-> 1.10e+00 sec 0.5% 100.0% 0.0% 0.0% 0.00e+00 8250 neoSimpleFoam.pressureCorrector [region]
|   |   |-> 1.10e+00 sec 0.5% 100.0% 0.0% 0.0% 0.00e+00 8250 neoSimpleFoam.timeStep [region]
|-> 1.06e+00 sec 0.4% 100.0% 0.0% ------ 2532 parallelFor [for]
|   |-> 5.51e-01 sec 0.2% 100.0% 0.0% 0.0% 0.00e+00 1530 neoSimpleFoam.pressureCorrector [region]
|   |   |-> 5.51e-01 sec 0.2% 100.0% 0.0% 0.0% 0.00e+00 1530 neoSimpleFoam.timeStep [region]
|   |-> 2.47e-01 sec 0.1% 100.0% 0.0% -0.0% 0.00e+00 240 assemble.explicitSource [region]
|-> 9.80e-01 sec 0.4% 0.0% 0.0% 0.0% 0.00e+00 120 ginkgo.solverSetup [region]
|   |-> 4.90e-01 sec 0.2% 0.0% 0.0% 0.0% 0.00e+00 60 neoSimpleFoam.turbulenceCorrect [region]
|   |   |-> 4.90e-01 sec 0.2% 0.0% 0.0% 0.0% 0.00e+00 60 neoSimpleFoam.timeStep [region]
|   |-> 2.52e-01 sec 0.1% 0.0% 0.0% 0.0% 0.00e+00 30 neoSimpleFoam.momentumPredictor [region]
|   |   |-> 2.52e-01 sec 0.1% 0.0% 0.0% 0.0% 0.00e+00 30 neoSimpleFoam.timeStep [region]
|-> 9.44e-01 sec 0.4% 0.0% 0.0% 0.0% 0.00e+00 30 luw.applyCorr [region]
|   |-> 9.44e-01 sec 0.4% 0.0% 0.0% 0.0% 0.00e+00 30 divlap.deferredCorr [region]
|       |-> 9.44e-01 sec 0.4% 0.0% 0.0% 0.0% 0.00e+00 30 assemble.spatialImplicit [region]
|           |-> 9.44e-01 sec 0.4% 0.0% 0.0% 0.0% 0.00e+00 30 momentum.assemble [region]
|               |-> 9.44e-01 sec 0.4% 0.0% 0.0% 0.0% 0.00e+00 30 neoSimpleFoam.momentumPredictor [region]
|                   |-> 9.44e-01 sec 0.4% 0.0% 0.0% 0.0% 0.00e+00 30 neoSimpleFoam.timeStep [region]
|-> 7.39e-01 sec 0.3% 100.0% 0.0% ------ 1401 computeGradBoundaryFixedValue [for]
|   |-> 4.57e-01 sec 0.2% 100.0% 0.0% 0.0% 0.00e+00 660 assemble.spatialImplicit [region]
|   |   |-> 4.44e-01 sec 0.2% 100.0% 0.0% 0.0% 0.00e+00 630 neoSimpleFoam.turbulenceCorrect [region]
|   |   |   |-> 4.44e-01 sec 0.2% 100.0% 0.0% 0.0% 0.00e+00 630 neoSimpleFoam.timeStep [region]
|-> 7.31e-01 sec 0.3% 0.0% 0.0% 0.0% 0.00e+00 120 assemble.spatialImplicit [region]
|   |-> 5.08e-01 sec 0.2% 0.0% 0.0% 0.0% 0.00e+00 60 neoSimpleFoam.turbulenceCorrect [region]
|   |   |-> 5.08e-01 sec 0.2% 0.0% 0.0% 0.0% 0.00e+00 60 neoSimpleFoam.timeStep [region]
|-> 6.17e-01 sec 0.3% 100.0% 0.0% ------ 4954 setGradientValue [for]
|-> 5.36e-01 sec 0.2% 100.0% 0.0% ------ 554 computeLinearInterpolationInternal [for]
|-> 4.60e-01 sec 0.2% 100.0% 0.0% ------ 90 computeLocalGaussGreenDivLaplacianCoefficients [for]
|   |-> 2.80e-01 sec 0.1% 100.0% 0.0% 0.0% 0.00e+00 60 assemble.spatialImplicit [region]
|   |   |-> 2.80e-01 sec 0.1% 100.0% 0.0% 0.0% 0.00e+00 60 neoSimpleFoam.turbulenceCorrect [region]
|   |       |-> 2.80e-01 sec 0.1% 100.0% 0.0% 0.0% 0.00e+00 60 neoSimpleFoam.timeStep [region]
|-> 4.37e-01 sec 0.2% 0.0% 0.0% 0.0% 0.00e+00 150 assemble.explicitSource [region]
|   |-> 2.57e-01 sec 0.1% 0.0% 0.0% 0.0% 0.00e+00 30 momentum.assemble [region]
|   |   |-> 2.57e-01 sec 0.1% 0.0% 0.0% 0.0% 0.00e+00 30 neoSimpleFoam.momentumPredictor [region]
|   |       |-> 2.57e-01 sec 0.1% 0.0% 0.0% 0.0% 0.00e+00 30 neoSimpleFoam.timeStep [region]
|-> 3.92e-01 sec 0.2% 100.0% 0.0% ------ 1302 updateProcBoundaryOwnerValue [for]
|-> 3.91e-01 sec 0.2% 100.0% 0.0% ------ 120 computeLaplacianImplicitCorrection [for]
|   |-> 2.94e-01 sec 0.1% 100.0% 0.0% 0.0% 0.00e+00 30 divlap.nonOrthCorr [region]
|   |   |-> 2.94e-01 sec 0.1% 100.0% 0.0% 0.0% 0.00e+00 30 assemble.spatialImplicit [region]
|   |       |-> 2.94e-01 sec 0.1% 100.0% 0.0% 0.0% 0.00e+00 30 momentum.assemble [region]
|   |           |-> 2.94e-01 sec 0.1% 100.0% 0.0% 0.0% 0.00e+00 30 neoSimpleFoam.momentumPredictor [region]
|   |               |-> 2.94e-01 sec 0.1% 100.0% 0.0% 0.0% 0.00e+00 30 neoSimpleFoam.timeStep [region]
|-> 3.75e-01 sec 0.2% 100.0% 0.0% ------ 30 addDivCorrectionToRhs [for]
|   |-> 3.75e-01 sec 0.2% 100.0% 0.0% 0.0% 0.00e+00 30 divlap.deferredCorr [region]
|       |-> 3.75e-01 sec 0.2% 100.0% 0.0% 0.0% 0.00e+00 30 assemble.spatialImplicit [region]
|           |-> 3.75e-01 sec 0.2% 100.0% 0.0% 0.0% 0.00e+00 30 momentum.assemble [region]
|               |-> 3.75e-01 sec 0.2% 100.0% 0.0% 0.0% 0.00e+00 30 neoSimpleFoam.momentumPredictor [region]
|                   |-> 3.75e-01 sec 0.2% 100.0% 0.0% 0.0% 0.00e+00 30 neoSimpleFoam.timeStep [region]
|-> 3.10e-01 sec 0.1% 100.0% 0.0% ------ 554 computeLinearInterpolationProcBoundary [for]
|-> 3.07e-01 sec 0.1% 0.0% 0.0% 0.0% 0.00e+00 30 divlap.nonOrthCorr [region]
|   |-> 3.07e-01 sec 0.1% 0.0% 0.0% 0.0% 0.00e+00 30 assemble.spatialImplicit [region]
|       |-> 3.07e-01 sec 0.1% 0.0% 0.0% 0.0% 0.00e+00 30 momentum.assemble [region]
|           |-> 3.07e-01 sec 0.1% 0.0% 0.0% 0.0% 0.00e+00 30 neoSimpleFoam.momentumPredictor [region]
|               |-> 3.07e-01 sec 0.1% 0.0% 0.0% 0.0% 0.00e+00 30 neoSimpleFoam.timeStep [region]
|-> 3.05e-01 sec 0.1% 100.0% 0.0% ------ 272 computeGradBoundary [for]
|-> 2.90e-01 sec 0.1% 100.0% 0.0% ------ 554 computeLinearInterpolationBoundary [for]
|-> 2.78e-01 sec 0.1% 100.0% 0.0% ------ 91 computeGradTensorCells [for]
|-> 2.63e-01 sec 0.1% 100.0% 0.0% ------ 858 setProcBoundaryCoefficients [for]
|-> 2.59e-01 sec 0.1% 100.0% 0.0% ------ 272 computeGradCells [for]

KOKKOS HOST SPACE:
===================
MAX MEMORY ALLOCATED: 1287083.0 kB
ALLOCATIONS AT TIME OF HIGH WATER MARK:
  29.9% neoSimpleFoam.timeStep/neoSimpleFoam.momentumPredictor/momentum.assemble/assemble.spatialImplicit/divlap.deferredCorr/luw.gradOpCtor/Vector
  29.9% neoSimpleFoam.timeStep/neoSimpleFoam.momentumPredictor/momentum.assemble/assemble.spatialImplicit/divlap.deferredCorr/luw.gradOpCtor/Vector
  15.4% neoSimpleFoam.timeStep/neoSimpleFoam.momentumPredictor/momentum.assemble/assemble.spatialImplicit/divlap.deferredCorr/luw.gradOpCtor/Vector
  14.9% neoSimpleFoam.timeStep/neoSimpleFoam.momentumPredictor/momentum.assemble/assemble.spatialImplicit/divlap.deferredCorr/luw.gradOpCtor/Vector
  5.0% neoSimpleFoam.timeStep/neoSimpleFoam.momentumPredictor/momentum.assemble/assemble.spatialImplicit/divlap.deferredCorr/luw.gradOpCtor/Vector
  5.0% neoSimpleFoam.timeStep/neoSimpleFoam.momentumPredictor/momentum.assemble/assemble.spatialImplicit/divlap.deferredCorr/luw.gradOpCtor/Vector

KOKKOS CUDA SPACE:
===================
MAX MEMORY ALLOCATED: 0.0 kB
ALLOCATIONS AT TIME OF HIGH WATER MARK:

KOKKOS HIP SPACE:
===================
MAX MEMORY ALLOCATED: 0.0 kB
ALLOCATIONS AT TIME OF HIGH WATER MARK:

KOKKOS SYCL SPACE:
===================
MAX MEMORY ALLOCATED: 0.0 kB
ALLOCATIONS AT TIME OF HIGH WATER MARK:

KOKKOS OpenMPTarget SPACE:
===================
MAX MEMORY ALLOCATED: 0.0 kB
ALLOCATIONS AT TIME OF HIGH WATER MARK:

Host process high water mark memory consumption: 14415012 kB

END KOKKOS PROFILING REPORT.

BEGIN KOKKOS PROFILING REPORT:
TOTAL TIME: 244.907235962 seconds
TOP-DOWN TIME TREE:
<average time> <percent of total time> <percent time in Kokkos> <percent MPI imbalance> <remainder> <kernels per second> <number of calls> <name> [type]
===================
|-> 1.99e+02 sec 81.1% 3.9% 0.0% 0.0% 2.77e+02 30 neoSimpleFoam.timeStep [region]
|   |-> 1.56e+02 sec 63.5% 1.3% 0.0% 7.0% 1.77e+02 30 neoSimpleFoam.pressureCorrector [region]
|   |   |-> 1.43e+02 sec 58.5% 0.4% 0.0% 97.3% 3.24e+01 30 neoSimpleFoam.pressureCorrector.pEqn [region]
|   |   |   |-> 3.19e+00 sec 1.3% 0.0% 0.0% 100.0% 1.10e+01 30 ginkgo.createMtx [region]
|   |   |   |-> 4.94e-01 sec 0.2% 92.2% 0.0% 7.8% 4.62e+03 30 assemble.spatialImplicit [region]
|   |   |-> 7.31e-01 sec 0.3% 100.0% 0.0% ------ 90 computeGradInternal [for]
|   |-> 2.06e+01 sec 8.4% 15.3% 0.0% 23.3% 3.30e+02 30 neoSimpleFoam.momentumPredictor [region]
|   |   |-> 9.38e+00 sec 3.8% 29.8% 0.0% 0.0% 6.60e+02 30 momentum.assemble [region]
|   |   |   |-> 8.94e+00 sec 3.6% 26.9% 0.0% 0.0% 5.78e+02 30 assemble.spatialImplicit [region]
|   |   |   |   |-> 7.75e+00 sec 3.2% 16.8% 0.0% 0.3% 3.60e+02 30 divlap.deferredCorr [region]
|   |   |   |   |   |-> 4.72e+00 sec 1.9% 1.1% 0.0% 98.9% 5.72e+01 30 luw.applyCorr [region]
|   |   |   |   |   |-> 1.72e+00 sec 0.7% 1.1% 0.0% 98.9% 1.75e+00 30 luw.gradOpCtor [region]
|   |   |   |   |   |-> 7.84e-01 sec 0.3% 96.3% 0.0% 0.0% 2.64e+03 30 luw.gradCompute [region]
|   |   |   |   |   |   |-> 5.71e-01 sec 0.2% 95.1% 0.0% 4.9% 3.05e+03 30 clg.baseGrad [region]
|   |   |   |   |   |   |   |-> 3.42e-01 sec 0.1% 100.0% 0.0% ------ 30 computeGradTensorInternal [for]
|   |   |   |   |   |-> 2.96e-01 sec 0.1% 100.0% 0.0% ------ 30 addDivCorrectionToRhs [for]
|   |   |   |   |-> 1.04e+00 sec 0.4% 92.0% 0.0% 8.0% 2.11e+03 30 divlap.nonOrthCorr [region]
|   |   |   |   |   |-> 3.42e-01 sec 0.1% 100.0% 0.0% ------ 30 computeGradTensorInternal [for]
|   |   |   |   |   |-> 2.57e-01 sec 0.1% 100.0% 0.0% ------ 30 computeLaplacianImplicitCorrection [for]
|   |   |   |-> 3.79e-01 sec 0.2% 87.6% 0.0% 12.4% 2.22e+03 30 assemble.explicitSource [region]
|   |   |-> 3.65e+00 sec 1.5% 0.0% 0.0% 100.0% 9.59e+00 30 ginkgo.createMtx [region]
|   |   |-> 2.28e+00 sec 0.9% 1.1% 0.0% 98.9% 1.18e+01 30 momentum.construct [region]
|   |   |-> 3.40e-01 sec 0.1% 94.7% 0.0% 5.3% 1.50e+03 30 assemble.explicitSource [region]
|   |-> 2.00e+01 sec 8.2% 13.0% 0.0% 50.5% 1.04e+03 30 neoSimpleFoam.turbulenceCorrect [region]
|   |   |-> 6.99e+00 sec 2.9% 0.0% 0.0% 100.0% 1.00e+01 60 ginkgo.createMtx [region]
|   |   |-> 1.13e+00 sec 0.5% 92.7% 0.0% 7.3% 4.26e+03 60 assemble.spatialImplicit [region]
|   |   |   |-> 4.87e-01 sec 0.2% 100.0% 0.0% ------ 60 computeGradInternal [for]
|   |   |-> 4.87e-01 sec 0.2% 100.0% 0.0% ------ 60 computeGradInternal [for]
|   |   |-> 3.42e-01 sec 0.1% 100.0% 0.0% ------ 30 computeGradTensorInternal [for]
|   |   |-> 2.48e-01 sec 0.1% 0.0% 0.0% 100.0% 0.00e+00 60 ginkgo.solverSetup [region]
|   |-> 2.58e+00 sec 1.1% 0.0% 0.0% 100.0% 0.00e+00 30 neoSimpleFoam.write [region]
|-> 4.33e+01 sec 17.7% 0.2% 0.0% 99.8% 2.31e+01 1 neoSimpleFoam.setup [region]

BOTTOM-UP TIME TREE:
<average time> <percent of total time> <percent time in Kokkos> <percent MPI imbalance> <number of calls> <name> [type]
===================
|-> 1.39e+02 sec 56.9% 0.0% 0.0% 0.0% 0.00e+00 30 neoSimpleFoam.pressureCorrector.pEqn [region]
|   |-> 1.39e+02 sec 56.9% 0.0% 0.0% 0.0% 0.00e+00 30 neoSimpleFoam.pressureCorrector [region]
|       |-> 1.39e+02 sec 56.9% 0.0% 0.0% 0.0% 0.00e+00 30 neoSimpleFoam.timeStep [region]
|-> 4.32e+01 sec 17.7% 0.0% 0.0% 0.0% 0.00e+00 1 neoSimpleFoam.setup [region]
|-> 1.38e+01 sec 5.6% 0.0% 0.0% 0.0% 0.00e+00 120 ginkgo.createMtx [region]
|   |-> 6.99e+00 sec 2.9% 0.0% 0.0% 0.0% 0.00e+00 60 neoSimpleFoam.turbulenceCorrect [region]
|   |   |-> 6.99e+00 sec 2.9% 0.0% 0.0% 0.0% 0.00e+00 60 neoSimpleFoam.timeStep [region]
|   |-> 3.65e+00 sec 1.5% 0.0% 0.0% 0.0% 0.00e+00 30 neoSimpleFoam.momentumPredictor [region]
|   |   |-> 3.65e+00 sec 1.5% 0.0% 0.0% 0.0% 0.00e+00 30 neoSimpleFoam.timeStep [region]
|   |-> 3.19e+00 sec 1.3% 0.0% 0.0% 0.0% 0.00e+00 30 neoSimpleFoam.pressureCorrector.pEqn [region]
|       |-> 3.19e+00 sec 1.3% 0.0% 0.0% 0.0% 0.00e+00 30 neoSimpleFoam.pressureCorrector [region]
|           |-> 3.19e+00 sec 1.3% 0.0% 0.0% 0.0% 0.00e+00 30 neoSimpleFoam.timeStep [region]
|-> 1.09e+01 sec 4.5% 0.0% 0.0% 0.0% 0.00e+00 30 neoSimpleFoam.pressureCorrector [region]
|   |-> 1.09e+01 sec 4.5% 0.0% 0.0% 0.0% 0.00e+00 30 neoSimpleFoam.timeStep [region]
|-> 1.01e+01 sec 4.1% 0.0% 0.0% 0.0% 0.00e+00 30 neoSimpleFoam.turbulenceCorrect [region]
|   |-> 1.01e+01 sec 4.1% 0.0% 0.0% 0.0% 0.00e+00 30 neoSimpleFoam.timeStep [region]
|-> 4.80e+00 sec 2.0% 0.0% 0.0% 0.0% 0.00e+00 30 neoSimpleFoam.momentumPredictor [region]
|   |-> 4.80e+00 sec 2.0% 0.0% 0.0% 0.0% 0.00e+00 30 neoSimpleFoam.timeStep [region]
|-> 4.67e+00 sec 1.9% 0.0% 0.0% 0.0% 0.00e+00 30 luw.applyCorr [region]
|   |-> 4.67e+00 sec 1.9% 0.0% 0.0% 0.0% 0.00e+00 30 divlap.deferredCorr [region]
|       |-> 4.67e+00 sec 1.9% 0.0% 0.0% 0.0% 0.00e+00 30 assemble.spatialImplicit [region]
|           |-> 4.67e+00 sec 1.9% 0.0% 0.0% 0.0% 0.00e+00 30 momentum.assemble [region]
|               |-> 4.67e+00 sec 1.9% 0.0% 0.0% 0.0% 0.00e+00 30 neoSimpleFoam.momentumPredictor [region]
|                   |-> 4.67e+00 sec 1.9% 0.0% 0.0% 0.0% 0.00e+00 30 neoSimpleFoam.timeStep [region]
|-> 2.58e+00 sec 1.1% 0.0% 0.0% 0.0% 0.00e+00 30 neoSimpleFoam.write [region]
|   |-> 2.58e+00 sec 1.1% 0.0% 0.0% 0.0% 0.00e+00 30 neoSimpleFoam.timeStep [region]
|-> 2.25e+00 sec 0.9% 0.0% 0.0% 0.0% 0.00e+00 30 momentum.construct [region]
|   |-> 2.25e+00 sec 0.9% 0.0% 0.0% 0.0% 0.00e+00 30 neoSimpleFoam.momentumPredictor [region]
|       |-> 2.25e+00 sec 0.9% 0.0% 0.0% 0.0% 0.00e+00 30 neoSimpleFoam.timeStep [region]
|-> 2.21e+00 sec 0.9% 100.0% 0.0% ------ 272 computeGradInternal [for]
|   |-> 7.31e-01 sec 0.3% 100.0% 0.0% 0.0% 0.00e+00 90 assemble.spatialImplicit [region]
|   |   |-> 4.87e-01 sec 0.2% 100.0% 0.0% 0.0% 0.00e+00 60 neoSimpleFoam.turbulenceCorrect [region]
|   |   |   |-> 4.87e-01 sec 0.2% 100.0% 0.0% 0.0% 0.00e+00 60 neoSimpleFoam.timeStep [region]
|   |-> 7.31e-01 sec 0.3% 100.0% 0.0% 0.0% 0.00e+00 90 neoSimpleFoam.pressureCorrector [region]
|   |   |-> 7.31e-01 sec 0.3% 100.0% 0.0% 0.0% 0.00e+00 90 neoSimpleFoam.timeStep [region]
|   |-> 4.87e-01 sec 0.2% 100.0% 0.0% 0.0% 0.00e+00 60 neoSimpleFoam.turbulenceCorrect [region]
|   |   |-> 4.87e-01 sec 0.2% 100.0% 0.0% 0.0% 0.00e+00 60 neoSimpleFoam.timeStep [region]
|-> 1.70e+00 sec 0.7% 0.0% 0.0% 0.0% 0.00e+00 30 luw.gradOpCtor [region]
|   |-> 1.70e+00 sec 0.7% 0.0% 0.0% 0.0% 0.00e+00 30 divlap.deferredCorr [region]
|       |-> 1.70e+00 sec 0.7% 0.0% 0.0% 0.0% 0.00e+00 30 assemble.spatialImplicit [region]
|           |-> 1.70e+00 sec 0.7% 0.0% 0.0% 0.0% 0.00e+00 30 momentum.assemble [region]
|               |-> 1.70e+00 sec 0.7% 0.0% 0.0% 0.0% 0.00e+00 30 neoSimpleFoam.momentumPredictor [region]
|                   |-> 1.70e+00 sec 0.7% 0.0% 0.0% 0.0% 0.00e+00 30 neoSimpleFoam.timeStep [region]
|-> 1.20e+00 sec 0.5% 100.0% 0.0% ------ 9369 fill [for]
|-> 1.04e+00 sec 0.4% 100.0% 0.0% ------ 91 computeGradTensorInternal [for]
|   |-> 3.42e-01 sec 0.1% 100.0% 0.0% 0.0% 0.00e+00 30 divlap.nonOrthCorr [region]
|   |   |-> 3.42e-01 sec 0.1% 100.0% 0.0% 0.0% 0.00e+00 30 assemble.spatialImplicit [region]
|   |       |-> 3.42e-01 sec 0.1% 100.0% 0.0% 0.0% 0.00e+00 30 momentum.assemble [region]
|   |           |-> 3.42e-01 sec 0.1% 100.0% 0.0% 0.0% 0.00e+00 30 neoSimpleFoam.momentumPredictor [region]
|   |               |-> 3.42e-01 sec 0.1% 100.0% 0.0% 0.0% 0.00e+00 30 neoSimpleFoam.timeStep [region]
|   |-> 3.42e-01 sec 0.1% 100.0% 0.0% 0.0% 0.00e+00 30 neoSimpleFoam.turbulenceCorrect [region]
|   |   |-> 3.42e-01 sec 0.1% 100.0% 0.0% 0.0% 0.00e+00 30 neoSimpleFoam.timeStep [region]
|   |-> 3.42e-01 sec 0.1% 100.0% 0.0% 0.0% 0.00e+00 30 clg.baseGrad [region]
|   |   |-> 3.42e-01 sec 0.1% 100.0% 0.0% 0.0% 0.00e+00 30 luw.gradCompute [region]
|   |       |-> 3.42e-01 sec 0.1% 100.0% 0.0% 0.0% 0.00e+00 30 divlap.deferredCorr [region]
|   |           |-> 3.42e-01 sec 0.1% 100.0% 0.0% 0.0% 0.00e+00 30 assemble.spatialImplicit [region]
|   |               |-> 3.42e-01 sec 0.1% 100.0% 0.0% 0.0% 0.00e+00 30 momentum.assemble [region]
|   |                   |-> 3.42e-01 sec 0.1% 100.0% 0.0% 0.0% 0.00e+00 30 neoSimpleFoam.momentumPredictor [region]
|   |                       |-> 3.42e-01 sec 0.1% 100.0% 0.0% 0.0% 0.00e+00 30 neoSimpleFoam.timeStep [region]
|-> 4.92e-01 sec 0.2% 0.0% 0.0% 0.0% 0.00e+00 120 ginkgo.solverSetup [region]
|   |-> 2.48e-01 sec 0.1% 0.0% 0.0% 0.0% 0.00e+00 60 neoSimpleFoam.turbulenceCorrect [region]
|   |   |-> 2.48e-01 sec 0.1% 0.0% 0.0% 0.0% 0.00e+00 60 neoSimpleFoam.timeStep [region]
|-> 3.31e-01 sec 0.1% 100.0% 0.0% ------ 120 computeLaplacianImplicitCorrection [for]
|   |-> 2.57e-01 sec 0.1% 100.0% 0.0% 0.0% 0.00e+00 30 divlap.nonOrthCorr [region]
|   |   |-> 2.57e-01 sec 0.1% 100.0% 0.0% 0.0% 0.00e+00 30 assemble.spatialImplicit [region]
|   |       |-> 2.57e-01 sec 0.1% 100.0% 0.0% 0.0% 0.00e+00 30 momentum.assemble [region]
|   |           |-> 2.57e-01 sec 0.1% 100.0% 0.0% 0.0% 0.00e+00 30 neoSimpleFoam.momentumPredictor [region]
|   |               |-> 2.57e-01 sec 0.1% 100.0% 0.0% 0.0% 0.00e+00 30 neoSimpleFoam.timeStep [region]
|-> 2.96e-01 sec 0.1% 100.0% 0.0% ------ 30 addDivCorrectionToRhs [for]
|   |-> 2.96e-01 sec 0.1% 100.0% 0.0% 0.0% 0.00e+00 30 divlap.deferredCorr [region]
|       |-> 2.96e-01 sec 0.1% 100.0% 0.0% 0.0% 0.00e+00 30 assemble.spatialImplicit [region]
|           |-> 2.96e-01 sec 0.1% 100.0% 0.0% 0.0% 0.00e+00 30 momentum.assemble [region]
|               |-> 2.96e-01 sec 0.1% 100.0% 0.0% 0.0% 0.00e+00 30 neoSimpleFoam.momentumPredictor [region]
|                   |-> 2.96e-01 sec 0.1% 100.0% 0.0% 0.0% 0.00e+00 30 neoSimpleFoam.timeStep [region]
|-> 2.56e-01 sec 0.1% 100.0% 0.0% ------ 554 computeLinearInterpolationInternal [for]
|-> 2.49e-01 sec 0.1% 100.0% 0.0% ------ 90 computeLocalGaussGreenDivLaplacianCoefficients [for]

KOKKOS HOST SPACE:
===================
MAX MEMORY ALLOCATED: 1290732.5 kB
ALLOCATIONS AT TIME OF HIGH WATER MARK:
  29.9% neoSimpleFoam.timeStep/neoSimpleFoam.momentumPredictor/momentum.assemble/assemble.spatialImplicit/divlap.deferredCorr/luw.gradOpCtor/Vector
  29.9% neoSimpleFoam.timeStep/neoSimpleFoam.momentumPredictor/momentum.assemble/assemble.spatialImplicit/divlap.deferredCorr/luw.gradOpCtor/Vector
  15.5% neoSimpleFoam.timeStep/neoSimpleFoam.momentumPredictor/momentum.assemble/assemble.spatialImplicit/divlap.deferredCorr/luw.gradOpCtor/Vector
  14.9% neoSimpleFoam.timeStep/neoSimpleFoam.momentumPredictor/momentum.assemble/assemble.spatialImplicit/divlap.deferredCorr/luw.gradOpCtor/Vector
  4.9% neoSimpleFoam.timeStep/neoSimpleFoam.momentumPredictor/momentum.assemble/assemble.spatialImplicit/divlap.deferredCorr/luw.gradOpCtor/Vector
  4.9% neoSimpleFoam.timeStep/neoSimpleFoam.momentumPredictor/momentum.assemble/assemble.spatialImplicit/divlap.deferredCorr/luw.gradOpCtor/Vector

KOKKOS CUDA SPACE:
===================
MAX MEMORY ALLOCATED: 0.0 kB
ALLOCATIONS AT TIME OF HIGH WATER MARK:

KOKKOS HIP SPACE:
===================
MAX MEMORY ALLOCATED: 0.0 kB
ALLOCATIONS AT TIME OF HIGH WATER MARK:

KOKKOS SYCL SPACE:
===================
MAX MEMORY ALLOCATED: 0.0 kB
ALLOCATIONS AT TIME OF HIGH WATER MARK:

KOKKOS OpenMPTarget SPACE:
===================
MAX MEMORY ALLOCATED: 0.0 kB
ALLOCATIONS AT TIME OF HIGH WATER MARK:

Host process high water mark memory consumption: 14726724 kB

END KOKKOS PROFILING REPORT.
Finalizing NeoN

BEGIN KOKKOS PROFILING REPORT:
TOTAL TIME: 244.998539867 seconds
TOP-DOWN TIME TREE:
<average time> <percent of total time> <percent time in Kokkos> <percent MPI imbalance> <remainder> <kernels per second> <number of calls> <name> [type]
===================
|-> 1.99e+02 sec 81.2% 14.6% 0.0% 0.0% 2.85e+02 30 neoSimpleFoam.timeStep [region]
|   |-> 1.56e+02 sec 63.5% 7.1% 0.0% 2.3% 1.83e+02 30 neoSimpleFoam.pressureCorrector [region]
|   |   |-> 1.43e+02 sec 58.5% 1.5% 0.0% 96.9% 3.30e+01 30 neoSimpleFoam.pressureCorrector.pEqn [region]
|   |   |   |-> 1.84e+00 sec 0.8% 0.4% 0.0% 99.6% 1.90e+01 30 ginkgo.createMtx [region]
|   |   |   |-> 1.80e+00 sec 0.7% 87.5% 0.0% 12.5% 1.27e+03 30 assemble.spatialImplicit [region]
|   |   |   |   |-> 5.11e-01 sec 0.2% 100.0% 0.0% ------ 30 computeGradInternal [for]
|   |   |   |   |-> 4.45e-01 sec 0.2% 100.0% 0.0% ------ 1320 computeGradBoundaryRefGrad [for]
|   |   |   |-> 3.41e-01 sec 0.1% 100.0% 0.0% ------ 1560 setGradientValue [for]
|   |   |-> 1.88e+00 sec 0.8% 100.0% 0.0% ------ 8250 extrapolateValue [for]
|   |   |-> 1.37e+00 sec 0.6% 100.0% 0.0% ------ 3660 fill [for]
|   |   |-> 1.35e+00 sec 0.5% 100.0% 0.0% ------ 3960 computeGradBoundaryRefGrad [for]
|   |   |-> 1.26e+00 sec 0.5% 100.0% 0.0% ------ 90 computeGradInternal [for]
|   |   |-> 8.21e-01 sec 0.3% 100.0% 0.0% ------ 2100 parallelFor [for]
|   |   |-> 3.70e-01 sec 0.2% 100.0% 0.0% ------ 1230 setFixedValueVolume [for]
|   |   |-> 3.60e-01 sec 0.1% 100.0% 0.0% ------ 1590 setGradientValue [for]
|   |-> 2.06e+01 sec 8.4% 38.8% 0.0% 22.9% 3.32e+02 30 neoSimpleFoam.momentumPredictor [region]
|   |   |-> 1.06e+01 sec 4.3% 68.6% 0.0% 0.0% 5.88e+02 30 momentum.assemble [region]
|   |   |   |-> 9.39e+00 sec 3.8% 67.2% 0.0% 0.0% 5.56e+02 30 assemble.spatialImplicit [region]
|   |   |   |   |-> 5.93e+00 sec 2.4% 53.6% 0.0% 3.7% 4.81e+02 30 divlap.deferredCorr [region]
|   |   |   |   |   |-> 2.14e+00 sec 0.9% 93.4% 0.0% 0.0% 9.68e+02 30 luw.gradCompute [region]
|   |   |   |   |   |   |-> 1.82e+00 sec 0.7% 92.3% 0.0% 7.7% 9.55e+02 30 clg.baseGrad [region]
|   |   |   |   |   |   |   |-> 6.48e-01 sec 0.3% 100.0% 0.0% ------ 1320 computeGradTensorBoundaryReconstruct [for]
|   |   |   |   |   |   |   |-> 4.78e-01 sec 0.2% 100.0% 0.0% ------ 210 fill [for]
|   |   |   |   |   |   |   |-> 4.10e-01 sec 0.2% 100.0% 0.0% ------ 30 computeGradTensorInternal [for]
|   |   |   |   |   |   |-> 3.16e-01 sec 0.1% 99.6% 0.0% 0.4% 1.04e+03 30 clg.limiter [region]
|   |   |   |   |   |-> 1.74e+00 sec 0.7% 1.1% 0.0% 98.9% 1.73e+00 30 luw.gradOpCtor [region]
|   |   |   |   |   |-> 8.83e-01 sec 0.4% 36.4% 0.0% 63.6% 3.74e+02 30 luw.applyCorr [region]
|   |   |   |   |   |-> 4.41e-01 sec 0.2% 100.0% 0.0% ------ 30 addDivCorrectionToRhs [for]
|   |   |   |   |   |-> 3.80e-01 sec 0.2% 70.4% 0.0% 29.6% 5.52e+02 30 luw.gradAlloc [region]
|   |   |   |   |   |   |-> 2.67e-01 sec 0.1% 100.0% 0.0% ------ 210 fill [for]
|   |   |   |   |-> 3.10e+00 sec 1.3% 89.5% 0.0% 10.5% 7.07e+02 30 divlap.nonOrthCorr [region]
|   |   |   |   |   |-> 7.95e-01 sec 0.3% 100.0% 0.0% ------ 1320 computeGradTensorBoundaryReconstruct [for]
|   |   |   |   |   |-> 6.85e-01 sec 0.3% 100.0% 0.0% ------ 30 computeGradTensorInternal [for]
|   |   |   |   |   |-> 6.05e-01 sec 0.2% 100.0% 0.0% ------ 601 fill [for]
|   |   |   |   |   |-> 3.70e-01 sec 0.2% 100.0% 0.0% ------ 30 computeLaplacianImplicitCorrection [for]
|   |   |   |-> 1.09e+00 sec 0.4% 76.7% 0.0% 23.3% 7.71e+02 30 assemble.explicitSource [region]
|   |   |   |   |-> 3.08e-01 sec 0.1% 100.0% 0.0% ------ 420 fill [for]
|   |   |-> 2.29e+00 sec 0.9% 1.3% 0.0% 98.7% 1.18e+01 30 momentum.construct [region]
|   |   |-> 1.90e+00 sec 0.8% 0.4% 0.0% 99.6% 1.84e+01 30 ginkgo.createMtx [region]
|   |   |-> 8.53e-01 sec 0.3% 78.4% 0.0% 21.6% 5.98e+02 30 assemble.explicitSource [region]
|   |   |   |-> 3.19e-01 sec 0.1% 100.0% 0.0% ------ 30 computeGradInternal [for]
|   |-> 2.01e+01 sec 8.2% 50.1% 0.0% 26.3% 1.06e+03 30 neoSimpleFoam.turbulenceCorrect [region]
|   |   |-> 3.75e+00 sec 1.5% 0.3% 0.0% 99.7% 1.87e+01 60 ginkgo.createMtx [region]
|   |   |-> 3.62e+00 sec 1.5% 84.9% 0.0% 15.1% 1.33e+03 60 assemble.spatialImplicit [region]
|   |   |   |-> 7.79e-01 sec 0.3% 100.0% 0.0% ------ 60 computeGradInternal [for]
|   |   |   |-> 6.35e-01 sec 0.3% 100.0% 0.0% ------ 1202 fill [for]
|   |   |   |-> 4.73e-01 sec 0.2% 100.0% 0.0% ------ 1440 computeGradBoundaryRefGrad [for]
|   |   |   |-> 3.59e-01 sec 0.1% 100.0% 0.0% ------ 1200 computeGradBoundaryFixedValue [for]
|   |   |   |-> 2.88e-01 sec 0.1% 100.0% 0.0% ------ 60 computeLocalGaussGreenDivLaplacianCoefficients [for]
|   |   |-> 7.75e-01 sec 0.3% 100.0% 0.0% ------ 1466 fill [for]
|   |   |-> 6.41e-01 sec 0.3% 100.0% 0.0% ------ 60 computeGradInternal [for]
|   |   |-> 6.33e-01 sec 0.3% 100.0% 0.0% ------ 1440 computeGradBoundaryRefGrad [for]
|   |   |-> 5.58e-01 sec 0.2% 100.0% 0.0% ------ 30 computeGradTensorInternal [for]
|   |   |-> 5.48e-01 sec 0.2% 100.0% 0.0% ------ 1200 computeGradBoundaryFixedValue [for]
|   |   |-> 4.54e-01 sec 0.2% 0.0% 0.0% 100.0% 0.00e+00 60 ginkgo.solverSetup [region]
|   |   |-> 4.54e-01 sec 0.2% 100.0% 0.0% ------ 1530 kOmegaSST::omegaWFGFeedback [for]
|   |   |-> 4.18e-01 sec 0.2% 100.0% 0.0% ------ 1320 computeGradTensorBoundaryReconstruct [for]
|   |   |-> 3.68e-01 sec 0.2% 100.0% 0.0% ------ 1530 setNutUSpaldingWallFunction [for]
|   |   |-> 3.67e-01 sec 0.1% 100.0% 0.0% ------ 1650 extrapolateValue [for]
|   |   |-> 3.50e-01 sec 0.1% 100.0% 0.0% ------ 1590 setGradientValue [for]
|   |   |-> 3.48e-01 sec 0.1% 100.0% 0.0% ------ 1530 setOmegaWallFunction [for]
|   |-> 2.58e+00 sec 1.1% 0.0% 0.0% 100.0% 0.00e+00 30 neoSimpleFoam.write [region]
|-> 4.33e+01 sec 17.7% 0.7% 0.0% 99.3% 2.43e+01 1 neoSimpleFoam.setup [region]

BOTTOM-UP TIME TREE:
<average time> <percent of total time> <percent time in Kokkos> <percent MPI imbalance> <number of calls> <name> [type]
===================
|-> 1.39e+02 sec 56.6% 0.0% 0.0% 0.0% 0.00e+00 30 neoSimpleFoam.pressureCorrector.pEqn [region]
|   |-> 1.39e+02 sec 56.6% 0.0% 0.0% 0.0% 0.00e+00 30 neoSimpleFoam.pressureCorrector [region]
|       |-> 1.39e+02 sec 56.6% 0.0% 0.0% 0.0% 0.00e+00 30 neoSimpleFoam.timeStep [region]
|-> 4.30e+01 sec 17.5% 0.0% 0.0% 0.0% 0.00e+00 1 neoSimpleFoam.setup [region]
|-> 7.47e+00 sec 3.0% 0.0% 0.0% 0.0% 0.00e+00 120 ginkgo.createMtx [region]
|   |-> 3.74e+00 sec 1.5% 0.0% 0.0% 0.0% 0.00e+00 60 neoSimpleFoam.turbulenceCorrect [region]
|   |   |-> 3.74e+00 sec 1.5% 0.0% 0.0% 0.0% 0.00e+00 60 neoSimpleFoam.timeStep [region]
|   |-> 1.90e+00 sec 0.8% 0.0% 0.0% 0.0% 0.00e+00 30 neoSimpleFoam.momentumPredictor [region]
|   |   |-> 1.90e+00 sec 0.8% 0.0% 0.0% 0.0% 0.00e+00 30 neoSimpleFoam.timeStep [region]
|   |-> 1.83e+00 sec 0.7% 0.0% 0.0% 0.0% 0.00e+00 30 neoSimpleFoam.pressureCorrector.pEqn [region]
|       |-> 1.83e+00 sec 0.7% 0.0% 0.0% 0.0% 0.00e+00 30 neoSimpleFoam.pressureCorrector [region]
|           |-> 1.83e+00 sec 0.7% 0.0% 0.0% 0.0% 0.00e+00 30 neoSimpleFoam.timeStep [region]
|-> 5.34e+00 sec 2.2% 100.0% 0.0% ------ 9833 fill [for]
|   |-> 1.37e+00 sec 0.6% 100.0% 0.0% 0.0% 0.00e+00 3660 neoSimpleFoam.pressureCorrector [region]
|   |   |-> 1.37e+00 sec 0.6% 100.0% 0.0% 0.0% 0.00e+00 3660 neoSimpleFoam.timeStep [region]
|   |-> 8.79e-01 sec 0.4% 100.0% 0.0% 0.0% 0.00e+00 1803 assemble.spatialImplicit [region]
|   |   |-> 6.35e-01 sec 0.3% 100.0% 0.0% 0.0% 0.00e+00 1202 neoSimpleFoam.turbulenceCorrect [region]
|   |   |   |-> 6.35e-01 sec 0.3% 100.0% 0.0% 0.0% 0.00e+00 1202 neoSimpleFoam.timeStep [region]
|   |-> 7.75e-01 sec 0.3% 100.0% 0.0% 0.0% 0.00e+00 1466 neoSimpleFoam.turbulenceCorrect [region]
|   |   |-> 7.75e-01 sec 0.3% 100.0% 0.0% 0.0% 0.00e+00 1466 neoSimpleFoam.timeStep [region]
|   |-> 6.05e-01 sec 0.2% 100.0% 0.0% 0.0% 0.00e+00 601 divlap.nonOrthCorr [region]
|   |   |-> 6.05e-01 sec 0.2% 100.0% 0.0% 0.0% 0.00e+00 601 assemble.spatialImplicit [region]
|   |       |-> 6.05e-01 sec 0.2% 100.0% 0.0% 0.0% 0.00e+00 601 momentum.assemble [region]
|   |           |-> 6.05e-01 sec 0.2% 100.0% 0.0% 0.0% 0.00e+00 601 neoSimpleFoam.momentumPredictor [region]
|   |               |-> 6.05e-01 sec 0.2% 100.0% 0.0% 0.0% 0.00e+00 601 neoSimpleFoam.timeStep [region]
|   |-> 4.78e-01 sec 0.2% 100.0% 0.0% 0.0% 0.00e+00 210 clg.baseGrad [region]
|   |   |-> 4.78e-01 sec 0.2% 100.0% 0.0% 0.0% 0.00e+00 210 luw.gradCompute [region]
|   |       |-> 4.78e-01 sec 0.2% 100.0% 0.0% 0.0% 0.00e+00 210 divlap.deferredCorr [region]
|   |           |-> 4.78e-01 sec 0.2% 100.0% 0.0% 0.0% 0.00e+00 210 assemble.spatialImplicit [region]
|   |               |-> 4.78e-01 sec 0.2% 100.0% 0.0% 0.0% 0.00e+00 210 momentum.assemble [region]
|   |                   |-> 4.78e-01 sec 0.2% 100.0% 0.0% 0.0% 0.00e+00 210 neoSimpleFoam.momentumPredictor [region]
|   |                       |-> 4.78e-01 sec 0.2% 100.0% 0.0% 0.0% 0.00e+00 210 neoSimpleFoam.timeStep [region]
|   |-> 4.64e-01 sec 0.2% 100.0% 0.0% 0.0% 0.00e+00 780 assemble.explicitSource [region]
|   |   |-> 3.08e-01 sec 0.1% 100.0% 0.0% 0.0% 0.00e+00 420 momentum.assemble [region]
|   |   |   |-> 3.08e-01 sec 0.1% 100.0% 0.0% 0.0% 0.00e+00 420 neoSimpleFoam.momentumPredictor [region]
|   |   |       |-> 3.08e-01 sec 0.1% 100.0% 0.0% 0.0% 0.00e+00 420 neoSimpleFoam.timeStep [region]
|   |-> 2.67e-01 sec 0.1% 100.0% 0.0% 0.0% 0.00e+00 210 luw.gradAlloc [region]
|   |   |-> 2.67e-01 sec 0.1% 100.0% 0.0% 0.0% 0.00e+00 210 divlap.deferredCorr [region]
|   |       |-> 2.67e-01 sec 0.1% 100.0% 0.0% 0.0% 0.00e+00 210 assemble.spatialImplicit [region]
|   |           |-> 2.67e-01 sec 0.1% 100.0% 0.0% 0.0% 0.00e+00 210 momentum.assemble [region]
|   |               |-> 2.67e-01 sec 0.1% 100.0% 0.0% 0.0% 0.00e+00 210 neoSimpleFoam.momentumPredictor [region]
|   |                   |-> 2.67e-01 sec 0.1% 100.0% 0.0% 0.0% 0.00e+00 210 neoSimpleFoam.timeStep [region]
|-> 5.28e+00 sec 2.2% 0.0% 0.0% 0.0% 0.00e+00 30 neoSimpleFoam.turbulenceCorrect [region]
|   |-> 5.28e+00 sec 2.2% 0.0% 0.0% 0.0% 0.00e+00 30 neoSimpleFoam.timeStep [region]
|-> 4.74e+00 sec 1.9% 0.0% 0.0% 0.0% 0.00e+00 30 neoSimpleFoam.momentumPredictor [region]
|   |-> 4.74e+00 sec 1.9% 0.0% 0.0% 0.0% 0.00e+00 30 neoSimpleFoam.timeStep [region]
|-> 3.53e+00 sec 1.4% 100.0% 0.0% ------ 272 computeGradInternal [for]
|   |-> 1.29e+00 sec 0.5% 100.0% 0.0% 0.0% 0.00e+00 90 assemble.spatialImplicit [region]
|   |   |-> 7.79e-01 sec 0.3% 100.0% 0.0% 0.0% 0.00e+00 60 neoSimpleFoam.turbulenceCorrect [region]
|   |   |   |-> 7.79e-01 sec 0.3% 100.0% 0.0% 0.0% 0.00e+00 60 neoSimpleFoam.timeStep [region]
|   |   |-> 5.11e-01 sec 0.2% 100.0% 0.0% 0.0% 0.00e+00 30 neoSimpleFoam.pressureCorrector.pEqn [region]
|   |       |-> 5.11e-01 sec 0.2% 100.0% 0.0% 0.0% 0.00e+00 30 neoSimpleFoam.pressureCorrector [region]
|   |           |-> 5.11e-01 sec 0.2% 100.0% 0.0% 0.0% 0.00e+00 30 neoSimpleFoam.timeStep [region]
|   |-> 1.26e+00 sec 0.5% 100.0% 0.0% 0.0% 0.00e+00 90 neoSimpleFoam.pressureCorrector [region]
|   |   |-> 1.26e+00 sec 0.5% 100.0% 0.0% 0.0% 0.00e+00 90 neoSimpleFoam.timeStep [region]
|   |-> 6.41e-01 sec 0.3% 100.0% 0.0% 0.0% 0.00e+00 60 neoSimpleFoam.turbulenceCorrect [region]
|   |   |-> 6.41e-01 sec 0.3% 100.0% 0.0% 0.0% 0.00e+00 60 neoSimpleFoam.timeStep [region]
|   |-> 3.19e-01 sec 0.1% 100.0% 0.0% 0.0% 0.00e+00 30 assemble.explicitSource [region]
|   |   |-> 3.19e-01 sec 0.1% 100.0% 0.0% 0.0% 0.00e+00 30 neoSimpleFoam.momentumPredictor [region]
|   |       |-> 3.19e-01 sec 0.1% 100.0% 0.0% 0.0% 0.00e+00 30 neoSimpleFoam.timeStep [region]
|-> 3.52e+00 sec 1.4% 0.0% 0.0% 0.0% 0.00e+00 30 neoSimpleFoam.pressureCorrector [region]
|   |-> 3.52e+00 sec 1.4% 0.0% 0.0% 0.0% 0.00e+00 30 neoSimpleFoam.timeStep [region]
|-> 2.92e+00 sec 1.2% 100.0% 0.0% ------ 8208 computeGradBoundaryRefGrad [for]
|   |-> 1.35e+00 sec 0.5% 100.0% 0.0% 0.0% 0.00e+00 3960 neoSimpleFoam.pressureCorrector [region]
|   |   |-> 1.35e+00 sec 0.5% 100.0% 0.0% 0.0% 0.00e+00 3960 neoSimpleFoam.timeStep [region]
|   |-> 9.18e-01 sec 0.4% 100.0% 0.0% 0.0% 0.00e+00 2760 assemble.spatialImplicit [region]
|   |   |-> 4.73e-01 sec 0.2% 100.0% 0.0% 0.0% 0.00e+00 1440 neoSimpleFoam.turbulenceCorrect [region]
|   |   |   |-> 4.73e-01 sec 0.2% 100.0% 0.0% 0.0% 0.00e+00 1440 neoSimpleFoam.timeStep [region]
|   |   |-> 4.45e-01 sec 0.2% 100.0% 0.0% 0.0% 0.00e+00 1320 neoSimpleFoam.pressureCorrector.pEqn [region]
|   |       |-> 4.45e-01 sec 0.2% 100.0% 0.0% 0.0% 0.00e+00 1320 neoSimpleFoam.pressureCorrector [region]
|   |           |-> 4.45e-01 sec 0.2% 100.0% 0.0% 0.0% 0.00e+00 1320 neoSimpleFoam.timeStep [region]
|   |-> 6.33e-01 sec 0.3% 100.0% 0.0% 0.0% 0.00e+00 1440 neoSimpleFoam.turbulenceCorrect [region]
|   |   |-> 6.33e-01 sec 0.3% 100.0% 0.0% 0.0% 0.00e+00 1440 neoSimpleFoam.timeStep [region]
|-> 2.58e+00 sec 1.1% 0.0% 0.0% 0.0% 0.00e+00 30 neoSimpleFoam.write [region]
|   |-> 2.58e+00 sec 1.1% 0.0% 0.0% 0.0% 0.00e+00 30 neoSimpleFoam.timeStep [region]
|-> 2.26e+00 sec 0.9% 0.0% 0.0% 0.0% 0.00e+00 30 momentum.construct [region]
|   |-> 2.26e+00 sec 0.9% 0.0% 0.0% 0.0% 0.00e+00 30 neoSimpleFoam.momentumPredictor [region]
|       |-> 2.26e+00 sec 0.9% 0.0% 0.0% 0.0% 0.00e+00 30 neoSimpleFoam.timeStep [region]
|-> 2.25e+00 sec 0.9% 100.0% 0.0% ------ 9955 extrapolateValue [for]
|   |-> 1.88e+00 sec 0.8% 100.0% 0.0% 0.0% 0.00e+00 8250 neoSimpleFoam.pressureCorrector [region]
|   |   |-> 1.88e+00 sec 0.8% 100.0% 0.0% 0.0% 0.00e+00 8250 neoSimpleFoam.timeStep [region]
|   |-> 3.67e-01 sec 0.1% 100.0% 0.0% 0.0% 0.00e+00 1650 neoSimpleFoam.turbulenceCorrect [region]
|   |   |-> 3.67e-01 sec 0.1% 100.0% 0.0% 0.0% 0.00e+00 1650 neoSimpleFoam.timeStep [region]
|-> 1.88e+00 sec 0.8% 100.0% 0.0% ------ 4004 computeGradTensorBoundaryReconstruct [for]
|   |-> 7.95e-01 sec 0.3% 100.0% 0.0% 0.0% 0.00e+00 1320 divlap.nonOrthCorr [region]
|   |   |-> 7.95e-01 sec 0.3% 100.0% 0.0% 0.0% 0.00e+00 1320 assemble.spatialImplicit [region]
|   |       |-> 7.95e-01 sec 0.3% 100.0% 0.0% 0.0% 0.00e+00 1320 momentum.assemble [region]
|   |           |-> 7.95e-01 sec 0.3% 100.0% 0.0% 0.0% 0.00e+00 1320 neoSimpleFoam.momentumPredictor [region]
|   |               |-> 7.95e-01 sec 0.3% 100.0% 0.0% 0.0% 0.00e+00 1320 neoSimpleFoam.timeStep [region]
|   |-> 6.48e-01 sec 0.3% 100.0% 0.0% 0.0% 0.00e+00 1320 clg.baseGrad [region]
|   |   |-> 6.48e-01 sec 0.3% 100.0% 0.0% 0.0% 0.00e+00 1320 luw.gradCompute [region]
|   |       |-> 6.48e-01 sec 0.3% 100.0% 0.0% 0.0% 0.00e+00 1320 divlap.deferredCorr [region]
|   |           |-> 6.48e-01 sec 0.3% 100.0% 0.0% 0.0% 0.00e+00 1320 assemble.spatialImplicit [region]
|   |               |-> 6.48e-01 sec 0.3% 100.0% 0.0% 0.0% 0.00e+00 1320 momentum.assemble [region]
|   |                   |-> 6.48e-01 sec 0.3% 100.0% 0.0% 0.0% 0.00e+00 1320 neoSimpleFoam.momentumPredictor [region]
|   |                       |-> 6.48e-01 sec 0.3% 100.0% 0.0% 0.0% 0.00e+00 1320 neoSimpleFoam.timeStep [region]
|   |-> 4.18e-01 sec 0.2% 100.0% 0.0% 0.0% 0.00e+00 1320 neoSimpleFoam.turbulenceCorrect [region]
|   |   |-> 4.18e-01 sec 0.2% 100.0% 0.0% 0.0% 0.00e+00 1320 neoSimpleFoam.timeStep [region]
|-> 1.72e+00 sec 0.7% 0.0% 0.0% 0.0% 0.00e+00 30 luw.gradOpCtor [region]
|   |-> 1.72e+00 sec 0.7% 0.0% 0.0% 0.0% 0.00e+00 30 divlap.deferredCorr [region]
|       |-> 1.72e+00 sec 0.7% 0.0% 0.0% 0.0% 0.00e+00 30 assemble.spatialImplicit [region]
|           |-> 1.72e+00 sec 0.7% 0.0% 0.0% 0.0% 0.00e+00 30 momentum.assemble [region]
|               |-> 1.72e+00 sec 0.7% 0.0% 0.0% 0.0% 0.00e+00 30 neoSimpleFoam.momentumPredictor [region]
|                   |-> 1.72e+00 sec 0.7% 0.0% 0.0% 0.0% 0.00e+00 30 neoSimpleFoam.timeStep [region]
|-> 1.68e+00 sec 0.7% 100.0% 0.0% ------ 91 computeGradTensorInternal [for]
|   |-> 6.85e-01 sec 0.3% 100.0% 0.0% 0.0% 0.00e+00 30 divlap.nonOrthCorr [region]
|   |   |-> 6.85e-01 sec 0.3% 100.0% 0.0% 0.0% 0.00e+00 30 assemble.spatialImplicit [region]
|   |       |-> 6.85e-01 sec 0.3% 100.0% 0.0% 0.0% 0.00e+00 30 momentum.assemble [region]
|   |           |-> 6.85e-01 sec 0.3% 100.0% 0.0% 0.0% 0.00e+00 30 neoSimpleFoam.momentumPredictor [region]
|   |               |-> 6.85e-01 sec 0.3% 100.0% 0.0% 0.0% 0.00e+00 30 neoSimpleFoam.timeStep [region]
|   |-> 5.58e-01 sec 0.2% 100.0% 0.0% 0.0% 0.00e+00 30 neoSimpleFoam.turbulenceCorrect [region]
|   |   |-> 5.58e-01 sec 0.2% 100.0% 0.0% 0.0% 0.00e+00 30 neoSimpleFoam.timeStep [region]
|   |-> 4.10e-01 sec 0.2% 100.0% 0.0% 0.0% 0.00e+00 30 clg.baseGrad [region]
|   |   |-> 4.10e-01 sec 0.2% 100.0% 0.0% 0.0% 0.00e+00 30 luw.gradCompute [region]
|   |       |-> 4.10e-01 sec 0.2% 100.0% 0.0% 0.0% 0.00e+00 30 divlap.deferredCorr [region]
|   |           |-> 4.10e-01 sec 0.2% 100.0% 0.0% 0.0% 0.00e+00 30 assemble.spatialImplicit [region]
|   |               |-> 4.10e-01 sec 0.2% 100.0% 0.0% 0.0% 0.00e+00 30 momentum.assemble [region]
|   |                   |-> 4.10e-01 sec 0.2% 100.0% 0.0% 0.0% 0.00e+00 30 neoSimpleFoam.momentumPredictor [region]
|   |                       |-> 4.10e-01 sec 0.2% 100.0% 0.0% 0.0% 0.00e+00 30 neoSimpleFoam.timeStep [region]
|-> 1.32e+00 sec 0.5% 100.0% 0.0% ------ 3102 parallelFor [for]
|   |-> 8.21e-01 sec 0.3% 100.0% 0.0% 0.0% 0.00e+00 2100 neoSimpleFoam.pressureCorrector [region]
|   |   |-> 8.21e-01 sec 0.3% 100.0% 0.0% 0.0% 0.00e+00 2100 neoSimpleFoam.timeStep [region]
|-> 1.08e+00 sec 0.4% 100.0% 0.0% ------ 4954 setGradientValue [for]
|   |-> 3.60e-01 sec 0.1% 100.0% 0.0% 0.0% 0.00e+00 1590 neoSimpleFoam.pressureCorrector [region]
|   |   |-> 3.60e-01 sec 0.1% 100.0% 0.0% 0.0% 0.00e+00 1590 neoSimpleFoam.timeStep [region]
|   |-> 3.50e-01 sec 0.1% 100.0% 0.0% 0.0% 0.00e+00 1590 neoSimpleFoam.turbulenceCorrect [region]
|   |   |-> 3.50e-01 sec 0.1% 100.0% 0.0% 0.0% 0.00e+00 1590 neoSimpleFoam.timeStep [region]
|   |-> 3.41e-01 sec 0.1% 100.0% 0.0% 0.0% 0.00e+00 1560 neoSimpleFoam.pressureCorrector.pEqn [region]
|   |   |-> 3.41e-01 sec 0.1% 100.0% 0.0% 0.0% 0.00e+00 1560 neoSimpleFoam.pressureCorrector [region]
|   |       |-> 3.41e-01 sec 0.1% 100.0% 0.0% 0.0% 0.00e+00 1560 neoSimpleFoam.timeStep [region]
|-> 9.19e-01 sec 0.4% 100.0% 0.0% ------ 2440 computeGradBoundaryFixedValue [for]
|   |-> 5.48e-01 sec 0.2% 100.0% 0.0% 0.0% 0.00e+00 1200 neoSimpleFoam.turbulenceCorrect [region]
|   |   |-> 5.48e-01 sec 0.2% 100.0% 0.0% 0.0% 0.00e+00 1200 neoSimpleFoam.timeStep [region]
|   |-> 3.59e-01 sec 0.1% 100.0% 0.0% 0.0% 0.00e+00 1200 assemble.spatialImplicit [region]
|   |   |-> 3.59e-01 sec 0.1% 100.0% 0.0% 0.0% 0.00e+00 1200 neoSimpleFoam.turbulenceCorrect [region]
|   |       |-> 3.59e-01 sec 0.1% 100.0% 0.0% 0.0% 0.00e+00 1200 neoSimpleFoam.timeStep [region]
|-> 8.95e-01 sec 0.4% 0.0% 0.0% 0.0% 0.00e+00 120 ginkgo.solverSetup [region]
|   |-> 4.54e-01 sec 0.2% 0.0% 0.0% 0.0% 0.00e+00 60 neoSimpleFoam.turbulenceCorrect [region]
|   |   |-> 4.54e-01 sec 0.2% 0.0% 0.0% 0.0% 0.00e+00 60 neoSimpleFoam.timeStep [region]
|-> 7.71e-01 sec 0.3% 0.0% 0.0% 0.0% 0.00e+00 120 assemble.spatialImplicit [region]
|   |-> 5.46e-01 sec 0.2% 0.0% 0.0% 0.0% 0.00e+00 60 neoSimpleFoam.turbulenceCorrect [region]
|   |   |-> 5.46e-01 sec 0.2% 0.0% 0.0% 0.0% 0.00e+00 60 neoSimpleFoam.timeStep [region]
|-> 5.83e-01 sec 0.2% 100.0% 0.0% ------ 554 computeLinearInterpolationInternal [for]
|-> 5.61e-01 sec 0.2% 0.0% 0.0% 0.0% 0.00e+00 30 luw.applyCorr [region]
|   |-> 5.61e-01 sec 0.2% 0.0% 0.0% 0.0% 0.00e+00 30 divlap.deferredCorr [region]
|       |-> 5.61e-01 sec 0.2% 0.0% 0.0% 0.0% 0.00e+00 30 assemble.spatialImplicit [region]
|           |-> 5.61e-01 sec 0.2% 0.0% 0.0% 0.0% 0.00e+00 30 momentum.assemble [region]
|               |-> 5.61e-01 sec 0.2% 0.0% 0.0% 0.0% 0.00e+00 30 neoSimpleFoam.momentumPredictor [region]
|                   |-> 5.61e-01 sec 0.2% 0.0% 0.0% 0.0% 0.00e+00 30 neoSimpleFoam.timeStep [region]
|-> 4.65e-01 sec 0.2% 100.0% 0.0% ------ 90 computeLocalGaussGreenDivLaplacianCoefficients [for]
|   |-> 2.88e-01 sec 0.1% 100.0% 0.0% 0.0% 0.00e+00 60 assemble.spatialImplicit [region]
|   |   |-> 2.88e-01 sec 0.1% 100.0% 0.0% 0.0% 0.00e+00 60 neoSimpleFoam.turbulenceCorrect [region]
|   |       |-> 2.88e-01 sec 0.1% 100.0% 0.0% 0.0% 0.00e+00 60 neoSimpleFoam.timeStep [region]
|-> 4.54e-01 sec 0.2% 100.0% 0.0% ------ 1530 kOmegaSST::omegaWFGFeedback [for]
|   |-> 4.54e-01 sec 0.2% 100.0% 0.0% 0.0% 0.00e+00 1530 neoSimpleFoam.turbulenceCorrect [region]
|       |-> 4.54e-01 sec 0.2% 100.0% 0.0% 0.0% 0.00e+00 1530 neoSimpleFoam.timeStep [region]
|-> 4.47e-01 sec 0.2% 0.0% 0.0% -0.0% 0.00e+00 150 assemble.explicitSource [region]
|   |-> 2.54e-01 sec 0.1% 0.0% 0.0% 0.0% 0.00e+00 30 momentum.assemble [region]
|   |   |-> 2.54e-01 sec 0.1% 0.0% 0.0% 0.0% 0.00e+00 30 neoSimpleFoam.momentumPredictor [region]
|   |       |-> 2.54e-01 sec 0.1% 0.0% 0.0% 0.0% 0.00e+00 30 neoSimpleFoam.timeStep [region]
|-> 4.44e-01 sec 0.2% 100.0% 0.0% ------ 120 computeLaplacianImplicitCorrection [for]
|   |-> 3.70e-01 sec 0.2% 100.0% 0.0% 0.0% 0.00e+00 30 divlap.nonOrthCorr [region]
|   |   |-> 3.70e-01 sec 0.2% 100.0% 0.0% 0.0% 0.00e+00 30 assemble.spatialImplicit [region]
|   |       |-> 3.70e-01 sec 0.2% 100.0% 0.0% 0.0% 0.00e+00 30 momentum.assemble [region]
|   |           |-> 3.70e-01 sec 0.2% 100.0% 0.0% 0.0% 0.00e+00 30 neoSimpleFoam.momentumPredictor [region]
|   |               |-> 3.70e-01 sec 0.2% 100.0% 0.0% 0.0% 0.00e+00 30 neoSimpleFoam.timeStep [region]
|-> 4.41e-01 sec 0.2% 100.0% 0.0% ------ 30 addDivCorrectionToRhs [for]
|   |-> 4.41e-01 sec 0.2% 100.0% 0.0% 0.0% 0.00e+00 30 divlap.deferredCorr [region]
|       |-> 4.41e-01 sec 0.2% 100.0% 0.0% 0.0% 0.00e+00 30 assemble.spatialImplicit [region]
|           |-> 4.41e-01 sec 0.2% 100.0% 0.0% 0.0% 0.00e+00 30 momentum.assemble [region]
|               |-> 4.41e-01 sec 0.2% 100.0% 0.0% 0.0% 0.00e+00 30 neoSimpleFoam.momentumPredictor [region]
|                   |-> 4.41e-01 sec 0.2% 100.0% 0.0% 0.0% 0.00e+00 30 neoSimpleFoam.timeStep [region]
|-> 3.91e-01 sec 0.2% 100.0% 0.0% ------ 1445 setFixedValueVolume [for]
|   |-> 3.70e-01 sec 0.2% 100.0% 0.0% 0.0% 0.00e+00 1230 neoSimpleFoam.pressureCorrector [region]
|   |   |-> 3.70e-01 sec 0.2% 100.0% 0.0% 0.0% 0.00e+00 1230 neoSimpleFoam.timeStep [region]
|-> 3.84e-01 sec 0.2% 100.0% 0.0% ------ 554 computeLinearInterpolationBoundary [for]
|-> 3.80e-01 sec 0.2% 100.0% 0.0% ------ 1581 setNutUSpaldingWallFunction [for]
|   |-> 3.68e-01 sec 0.2% 100.0% 0.0% 0.0% 0.00e+00 1530 neoSimpleFoam.turbulenceCorrect [region]
|   |   |-> 3.68e-01 sec 0.2% 100.0% 0.0% 0.0% 0.00e+00 1530 neoSimpleFoam.timeStep [region]
|-> 3.48e-01 sec 0.1% 100.0% 0.0% ------ 1530 setOmegaWallFunction [for]
|   |-> 3.48e-01 sec 0.1% 100.0% 0.0% 0.0% 0.00e+00 1530 neoSimpleFoam.turbulenceCorrect [region]
|       |-> 3.48e-01 sec 0.1% 100.0% 0.0% 0.0% 0.00e+00 1530 neoSimpleFoam.timeStep [region]
|-> 3.43e-01 sec 0.1% 100.0% 0.0% ------ 1302 updateProcBoundaryOwnerValue [for]
|-> 3.26e-01 sec 0.1% 0.0% 0.0% 0.0% 0.00e+00 30 divlap.nonOrthCorr [region]
|   |-> 3.26e-01 sec 0.1% 0.0% 0.0% 0.0% 0.00e+00 30 assemble.spatialImplicit [region]
|       |-> 3.26e-01 sec 0.1% 0.0% 0.0% 0.0% 0.00e+00 30 momentum.assemble [region]
|           |-> 3.26e-01 sec 0.1% 0.0% 0.0% 0.0% 0.00e+00 30 neoSimpleFoam.momentumPredictor [region]
|               |-> 3.26e-01 sec 0.1% 0.0% 0.0% 0.0% 0.00e+00 30 neoSimpleFoam.timeStep [region]
|-> 3.06e-01 sec 0.1% 100.0% 0.0% ------ 554 computeLinearInterpolationProcBoundary [for]
|-> 2.82e-01 sec 0.1% 100.0% 0.0% ------ 272 computeGradBoundary [for]
|-> 2.59e-01 sec 0.1% 100.0% 0.0% ------ 432 setContainer [for]
|-> 2.55e-01 sec 0.1% 100.0% 0.0% ------ 858 setProcBoundaryCoefficients [for]

KOKKOS HOST SPACE:
===================
MAX MEMORY ALLOCATED: 1290469.1 kB
ALLOCATIONS AT TIME OF HIGH WATER MARK:
  29.9% neoSimpleFoam.timeStep/neoSimpleFoam.momentumPredictor/momentum.assemble/assemble.spatialImplicit/divlap.deferredCorr/luw.gradOpCtor/Vector
  29.9% neoSimpleFoam.timeStep/neoSimpleFoam.momentumPredictor/momentum.assemble/assemble.spatialImplicit/divlap.deferredCorr/luw.gradOpCtor/Vector
  15.5% neoSimpleFoam.timeStep/neoSimpleFoam.momentumPredictor/momentum.assemble/assemble.spatialImplicit/divlap.deferredCorr/luw.gradOpCtor/Vector
  14.9% neoSimpleFoam.timeStep/neoSimpleFoam.momentumPredictor/momentum.assemble/assemble.spatialImplicit/divlap.deferredCorr/luw.gradOpCtor/Vector
  4.9% neoSimpleFoam.timeStep/neoSimpleFoam.momentumPredictor/momentum.assemble/assemble.spatialImplicit/divlap.deferredCorr/luw.gradOpCtor/Vector
  4.9% neoSimpleFoam.timeStep/neoSimpleFoam.momentumPredictor/momentum.assemble/assemble.spatialImplicit/divlap.deferredCorr/luw.gradOpCtor/Vector

KOKKOS CUDA SPACE:
===================
MAX MEMORY ALLOCATED: 0.0 kB
ALLOCATIONS AT TIME OF HIGH WATER MARK:

KOKKOS HIP SPACE:
===================
MAX MEMORY ALLOCATED: 0.0 kB
ALLOCATIONS AT TIME OF HIGH WATER MARK:

KOKKOS SYCL SPACE:
===================
MAX MEMORY ALLOCATED: 0.0 kB
ALLOCATIONS AT TIME OF HIGH WATER MARK:

KOKKOS OpenMPTarget SPACE:
===================
MAX MEMORY ALLOCATED: 0.0 kB
ALLOCATIONS AT TIME OF HIGH WATER MARK:

Host process high water mark memory consumption: 14745120 kB

END KOKKOS PROFILING REPORT.
Finalising parallel run
