/*---------------------------------------------------------------------------*\
| =========                 |                                                 |
| \\      /  F ield         | OpenFOAM: The Open Source CFD Toolbox           |
|  \\    /   O peration     | Version:  2506                                  |
|   \\  /    A nd           | Website:  www.openfoam.com                      |
|    \\/     M anipulation  |                                                 |
\*---------------------------------------------------------------------------*/
Build  : b050cd9480-20250814 OPENFOAM=2506 version=v2506
Arch   : "LSB;label=32;scalar=64"
Exec   : /storage/home/greole/code/NeoFOAM/build/profilingnvidia_h200/bin/neoSimpleFoam -parallel
Date   : Jul 14 2026
Time   : 22:39:48
Host   : gpu-nvidia-h200-3.int.coma-cluster.de
PID    : 3705023
I/O    : uncollated
Case   : /storage/home/greole/code/NeoFOAM/occDrivAerStaticMesh
nProcs : 4
Hosts  :
(
    (gpu-nvidia-h200-3.int.coma-cluster.de 4)
)
Pstream initialized with:
    node communication : off [type=host] (4 ranks, 1 nodes)
    topology controls  : none
    consensus exchange : 0 (tuning: 0)
    exchange algorithm : 0
    commsType          : nonBlocking
    polling iterations : 0
trapFpe: Floating point exception trapping enabled (FOAM_SIGFPE).
fileModificationChecking : Monitoring run-time modified files using timeStampMaster (fileModificationSkew 5, maxFileModificationPolls 20)
allowSystemOperations : Allowing user-supplied system call operations

// * * * * * * * * * * * * * * * * * * * * * * * * * * * * * * * * * * * * * //
Create time

Initializing NeoN
Creating Executor GPU
Creating NeoFOAM runTime
GPU-aware MPI: library-available=yes, NeoN-flag=on, executor=GPUExecutor, ranks=4 -> used=yes

SIMPLE: no convergence criteria found. Calculations will run for 50 steps.

Reading field p

Reading field U

Reading/calculating face flux field phi

Selecting incompressible transport model Newtonian
NeoFOAM solver config (from fvSolution configFile) for 'config(Cg+Multigrid)':
{
    cacheSolver: true
    configFile: <NeoN::TokenList>
    l1ScaledResidual: true
    preconditionerRebuildInterval: 0
    relTol: 0.010000
    reportName: config(Cg+Multigrid)
    solver: Ginkgo
    tolerance: 0.000000
}
    effective optimize: false
    effective checkFrequency: 1
Mapping OpenFOAM solver settings to NeoN settings.
Currently, it is advisable to specify a configFile
for fine grained Ginkgo solver control

Replacing solver PBiCGStab by solver::Bicgstab
Replacing preconditioner diagonal by preconditioner::Schwarz (Schwarz-wrapped for distributed run)
NeoFOAM solver config (mapped from fvSolution) for 'Schwarz(Jacobi)+Bicgstab':
{
    cacheSolver: true
    criteria: {
        absolute_residual_norm: 0.000000
        initial_residual_norm: 0.100000
        iteration: 1000
    }
    l1ScaledResidual: true
    optimize: true
    preconditioner: {
        local_solver: {
            max_block_size: 1
            type: preconditioner::Jacobi
        }
        type: preconditioner::Schwarz
    }
    reportName: Schwarz(Jacobi)+Bicgstab
    solver: Ginkgo
    type: solver::Bicgstab
}
    effective optimize: true
    effective checkFrequency: 1
Creating phi

[NF][/storage/home/greole/code/NeoFOAM/include/NeoFOAM/auxiliary/readers.hpp::434]: Internal: 49333487, Boundary: 1754396

[NF][/storage/home/greole/code/NeoFOAM/include/NeoFOAM/auxiliary/readers.hpp::434]: Internal: 49320882, Boundary: 1762558

[NF][/storage/home/greole/code/NeoFOAM/include/NeoFOAM/auxiliary/readers.hpp::434]: Internal: 49261542, Boundary: 1427829

[NF][/storage/home/greole/code/NeoFOAM/include/NeoFOAM/auxiliary/readers.hpp::434]: Internal: 49243125, Boundary: 1362247
Selecting patchDistMethod meshWave
Mapping OpenFOAM solver settings to NeoN settings.
Currently, it is advisable to specify a configFile
for fine grained Ginkgo solver control

Replacing solver PBiCGStab by solver::Bicgstab
Replacing preconditioner diagonal by preconditioner::Schwarz (Schwarz-wrapped for distributed run)
NeoFOAM solver config (mapped from fvSolution) for 'Schwarz(Jacobi)+Bicgstab':
{
    cacheSolver: true
    criteria: {
        absolute_residual_norm: 0.000000
        initial_residual_norm: 0.100000
        iteration: 1000
    }
    l1ScaledResidual: true
    optimize: true
    preconditioner: {
        local_solver: {
            max_block_size: 1
            type: preconditioner::Jacobi
        }
        type: preconditioner::Schwarz
    }
    reportName: Schwarz(Jacobi)+Bicgstab
    solver: Ginkgo
    type: solver::Bicgstab
}
    effective optimize: true
    effective checkFrequency: 1
Mapping OpenFOAM solver settings to NeoN settings.
Currently, it is advisable to specify a configFile
for fine grained Ginkgo solver control

Replacing solver PBiCGStab by solver::Bicgstab
Replacing preconditioner diagonal by preconditioner::Schwarz (Schwarz-wrapped for distributed run)
NeoFOAM solver config (mapped from fvSolution) for 'Schwarz(Jacobi)+Bicgstab':
{
    cacheSolver: true
    criteria: {
        absolute_residual_norm: 0.000000
        initial_residual_norm: 0.100000
        iteration: 1000
    }
    l1ScaledResidual: true
    optimize: true
    preconditioner: {
        local_solver: {
            max_block_size: 1
            type: preconditioner::Jacobi
        }
        type: preconditioner::Schwarz
    }
    reportName: Schwarz(Jacobi)+Bicgstab
    solver: Ginkgo
    type: solver::Bicgstab
}
    effective optimize: true
    effective checkFrequency: 1
[mem] setup.end: DEVICE_POOL current=12979 MB  actual(reserved)=38146 MB  highWater=19132 MB
Starting time loop
Time = 1001
[mem] step-start: DEVICE_POOL current=12979 MB  actual(reserved)=38146 MB  highWater=19132 MB
Schwarz(Jacobi)+Bicgstab:  Solving for Ux, Initial residual = 7.915653595473618e-05, Final residual = 3.1179240294666026e-06, No Iterations 3, Solve time = 245.22 ms
Schwarz(Jacobi)+Bicgstab:  Solving for Uy, Initial residual = 0.004031496388501874, Final residual = 0.00014160852369410681, No Iterations 3, Solve time = 245.22 ms
Schwarz(Jacobi)+Bicgstab:  Solving for Uz, Initial residual = 0.0011224948656558267, Final residual = 4.897539672892374e-05, No Iterations 3, Solve time = 245.22 ms
[mem] after-UEqn: DEVICE_POOL current=15473 MB  actual(reserved)=38146 MB  highWater=20761 MB
[GinkgoSolver] p-cache: rebuild(generate) solve=1 rebuildInterval=0
config(Cg+Multigrid):  Solving for p, Initial residual = 0.0013092178421721847, Final residual = 9.662476207503845e-06, No Iterations 7, Solve time = 1050.825 ms
time step continuity errors : sum local = 2.4400964157341188e-06, global = 4.54946077810342e-08, cumulative = 4.54946077810342e-08
[mem] after-pEqn: DEVICE_POOL current=16941 MB  actual(reserved)=38146 MB  highWater=20761 MB
[GinkgoSolver] p-cache: rebuild(generate) solve=1 rebuildInterval=0
Schwarz(Jacobi)+Bicgstab:  Solving for omega, Initial residual = 1.3008416416516042e-05, Final residual = 9.269311290868294e-07, No Iterations 2, Solve time = 74.438 ms
bounding omega, min: -36007.4698899842 max: 45355982.77769653 average: 6373.865368695789
[GinkgoSolver] p-cache: rebuild(generate) solve=1 rebuildInterval=0
Schwarz(Jacobi)+Bicgstab:  Solving for k, Initial residual = 0.00024224242689862373, Final residual = 9.4488357622695e-06, No Iterations 3, Solve time = 97.197 ms
bounding k, min: -2.4055234046525642e-05 max: 942.8724639641057 average: 9.152757721879432
[mem] after-turb: DEVICE_POOL current=19126 MB  actual(reserved)=38146 MB  highWater=21935 MB
ExecutionTime = 48.09 s  ClockTime = 49 s

Time = 1002
[mem] step-start: DEVICE_POOL current=19126 MB  actual(reserved)=38146 MB  highWater=21935 MB
Schwarz(Jacobi)+Bicgstab:  Solving for Ux, Initial residual = 7.875246085326299e-05, Final residual = 2.9916866219895434e-06, No Iterations 3, Solve time = 219.803 ms
Schwarz(Jacobi)+Bicgstab:  Solving for Uy, Initial residual = 0.0040337973723653855, Final residual = 0.00014052124332660827, No Iterations 3, Solve time = 219.803 ms
Schwarz(Jacobi)+Bicgstab:  Solving for Uz, Initial residual = 0.001119069653063014, Final residual = 4.113222466894337e-05, No Iterations 3, Solve time = 219.803 ms
[mem] after-UEqn: DEVICE_POOL current=19126 MB  actual(reserved)=38146 MB  highWater=24414 MB
[GinkgoSolver] p-cache: reuse(update_matrix_value) solve=2 rebuildInterval=0
config(Cg+Multigrid):  Solving for p, Initial residual = 0.0012769552017274873, Final residual = 1.011008821095746e-05, No Iterations 7, Solve time = 1046.942 ms
time step continuity errors : sum local = 2.555995197422773e-06, global = 3.9434158664859737e-08, cumulative = 8.492876644589394e-08
[mem] after-pEqn: DEVICE_POOL current=19126 MB  actual(reserved)=38146 MB  highWater=24414 MB
[GinkgoSolver] p-cache: reuse(update_matrix_value) solve=2 rebuildInterval=0
Schwarz(Jacobi)+Bicgstab:  Solving for omega, Initial residual = 1.3119486713847657e-05, Final residual = 8.756309716578784e-07, No Iterations 2, Solve time = 75.507 ms
bounding omega, min: -93825.74418181801 max: 45355982.85232635 average: 6373.58447253301
[GinkgoSolver] p-cache: reuse(update_matrix_value) solve=2 rebuildInterval=0
Schwarz(Jacobi)+Bicgstab:  Solving for k, Initial residual = 0.00024149303700931387, Final residual = 1.141348319180631e-05, No Iterations 2, Solve time = 73.512 ms
bounding k, min: -0.0002946682903442724 max: 934.3166950550536 average: 9.15249068962059
[mem] after-turb: DEVICE_POOL current=19126 MB  actual(reserved)=38146 MB  highWater=24414 MB
ExecutionTime = 50.67 s  ClockTime = 51 s

Time = 1003
[mem] step-start: DEVICE_POOL current=19126 MB  actual(reserved)=38146 MB  highWater=24414 MB
Schwarz(Jacobi)+Bicgstab:  Solving for Ux, Initial residual = 7.857944458014517e-05, Final residual = 2.4109479489267755e-06, No Iterations 3, Solve time = 220.756 ms
Schwarz(Jacobi)+Bicgstab:  Solving for Uy, Initial residual = 0.004030686540153018, Final residual = 0.00013664555859574476, No Iterations 3, Solve time = 220.756 ms
Schwarz(Jacobi)+Bicgstab:  Solving for Uz, Initial residual = 0.001117623284086608, Final residual = 3.910823703535873e-05, No Iterations 3, Solve time = 220.756 ms
[mem] after-UEqn: DEVICE_POOL current=19126 MB  actual(reserved)=38146 MB  highWater=24414 MB
[GinkgoSolver] p-cache: reuse(update_matrix_value) solve=3 rebuildInterval=0
config(Cg+Multigrid):  Solving for p, Initial residual = 0.001267519236255373, Final residual = 1.0914625752038823e-05, No Iterations 7, Solve time = 1041.405 ms
time step continuity errors : sum local = 2.7605262636055546e-06, global = 3.0595076131301053e-08, cumulative = 1.1552384257719499e-07
[mem] after-pEqn: DEVICE_POOL current=19126 MB  actual(reserved)=38146 MB  highWater=24414 MB
[GinkgoSolver] p-cache: reuse(update_matrix_value) solve=3 rebuildInterval=0
Schwarz(Jacobi)+Bicgstab:  Solving for omega, Initial residual = 1.2975746932274473e-05, Final residual = 8.494486600920489e-07, No Iterations 2, Solve time = 90.565 ms
bounding omega, min: -36148.96636693163 max: 45355982.94072391 average: 6373.457965008651
[GinkgoSolver] p-cache: reuse(update_matrix_value) solve=3 rebuildInterval=0
Schwarz(Jacobi)+Bicgstab:  Solving for k, Initial residual = 0.00024127637540448304, Final residual = 1.3113256241986424e-05, No Iterations 2, Solve time = 68.256 ms
bounding k, min: -0.0006902290215540178 max: 922.3628002136508 average: 9.152316920806264
[mem] after-turb: DEVICE_POOL current=19126 MB  actual(reserved)=38146 MB  highWater=24414 MB
ExecutionTime = 53.28 s  ClockTime = 54 s

Time = 1004
[mem] step-start: DEVICE_POOL current=19126 MB  actual(reserved)=38146 MB  highWater=24414 MB
Schwarz(Jacobi)+Bicgstab:  Solving for Ux, Initial residual = 7.847336643299108e-05, Final residual = 2.050576485594671e-06, No Iterations 3, Solve time = 216.494 ms
Schwarz(Jacobi)+Bicgstab:  Solving for Uy, Initial residual = 0.004025446808234317, Final residual = 0.00013308021332491965, No Iterations 3, Solve time = 216.494 ms
Schwarz(Jacobi)+Bicgstab:  Solving for Uz, Initial residual = 0.0011172726953515347, Final residual = 4.1197081534832555e-05, No Iterations 3, Solve time = 216.494 ms
[mem] after-UEqn: DEVICE_POOL current=19126 MB  actual(reserved)=38146 MB  highWater=24414 MB
[GinkgoSolver] p-cache: reuse(update_matrix_value) solve=4 rebuildInterval=0
config(Cg+Multigrid):  Solving for p, Initial residual = 0.0012654140720600017, Final residual = 1.2074024821271798e-05, No Iterations 7, Solve time = 1041.242 ms
time step continuity errors : sum local = 3.0539061894975315e-06, global = 2.083767890376886e-08, cumulative = 1.3636152148096386e-07
[mem] after-pEqn: DEVICE_POOL current=19126 MB  actual(reserved)=38146 MB  highWater=24414 MB
[GinkgoSolver] p-cache: reuse(update_matrix_value) solve=4 rebuildInterval=0
Schwarz(Jacobi)+Bicgstab:  Solving for omega, Initial residual = 1.2864392233634338e-05, Final residual = 8.407100199492686e-07, No Iterations 2, Solve time = 90.519 ms
bounding omega, min: -34536.12454323147 max: 45355983.02723572 average: 6373.603703671085
[GinkgoSolver] p-cache: reuse(update_matrix_value) solve=4 rebuildInterval=0
Schwarz(Jacobi)+Bicgstab:  Solving for k, Initial residual = 0.00024123872147982254, Final residual = 1.3711086591752086e-05, No Iterations 2, Solve time = 73.229 ms
bounding k, min: -0.005376398374851689 max: 907.5216187320698 average: 9.152101313113018
[mem] after-turb: DEVICE_POOL current=19126 MB  actual(reserved)=38146 MB  highWater=24414 MB
ExecutionTime = 55.88 s  ClockTime = 57 s

Time = 1005
[mem] step-start: DEVICE_POOL current=19126 MB  actual(reserved)=38146 MB  highWater=24414 MB
Schwarz(Jacobi)+Bicgstab:  Solving for Ux, Initial residual = 7.835975801370593e-05, Final residual = 3.872179707394768e-06, No Iterations 2, Solve time = 163.164 ms
Schwarz(Jacobi)+Bicgstab:  Solving for Uy, Initial residual = 0.004019817462048041, Final residual = 0.00024984087461329805, No Iterations 2, Solve time = 163.164 ms
Schwarz(Jacobi)+Bicgstab:  Solving for Uz, Initial residual = 0.0011174900368151875, Final residual = 6.368616081918093e-05, No Iterations 2, Solve time = 163.164 ms
[mem] after-UEqn: DEVICE_POOL current=19126 MB  actual(reserved)=38146 MB  highWater=24414 MB
[GinkgoSolver] p-cache: reuse(update_matrix_value) solve=5 rebuildInterval=0
config(Cg+Multigrid):  Solving for p, Initial residual = 0.001271719879493344, Final residual = 1.1942252166537236e-05, No Iterations 8, Solve time = 1173.587 ms
time step continuity errors : sum local = 3.0199235999368805e-06, global = 9.606159541220195e-10, cumulative = 1.3732213743508587e-07
[mem] after-pEqn: DEVICE_POOL current=19126 MB  actual(reserved)=38146 MB  highWater=24414 MB
[GinkgoSolver] p-cache: reuse(update_matrix_value) solve=5 rebuildInterval=0
Schwarz(Jacobi)+Bicgstab:  Solving for omega, Initial residual = 1.284695997109987e-05, Final residual = 8.455630436591646e-07, No Iterations 2, Solve time = 86.256 ms
bounding omega, min: -35642.796631660705 max: 45355983.095946945 average: 6373.773752159328
[GinkgoSolver] p-cache: reuse(update_matrix_value) solve=5 rebuildInterval=0
Schwarz(Jacobi)+Bicgstab:  Solving for k, Initial residual = 0.00024164390221909443, Final residual = 1.3722257082844203e-05, No Iterations 2, Solve time = 72.327 ms
bounding k, min: -0.0023062577399416487 max: 900.3051240579338 average: 9.151930836387848
[mem] after-turb: DEVICE_POOL current=19126 MB  actual(reserved)=38146 MB  highWater=24414 MB
ExecutionTime = 58.53 s  ClockTime = 59 s

Time = 1006
[mem] step-start: DEVICE_POOL current=19126 MB  actual(reserved)=38146 MB  highWater=24414 MB
Schwarz(Jacobi)+Bicgstab:  Solving for Ux, Initial residual = 7.844947708696582e-05, Final residual = 2.4635301753475864e-06, No Iterations 3, Solve time = 216.567 ms
Schwarz(Jacobi)+Bicgstab:  Solving for Uy, Initial residual = 0.004011515255504241, Final residual = 0.0001533121148982212, No Iterations 3, Solve time = 216.567 ms
Schwarz(Jacobi)+Bicgstab:  Solving for Uz, Initial residual = 0.0011191213809054836, Final residual = 6.139391845254266e-05, No Iterations 3, Solve time = 216.567 ms
[mem] after-UEqn: DEVICE_POOL current=19126 MB  actual(reserved)=38146 MB  highWater=24414 MB
[GinkgoSolver] p-cache: reuse(update_matrix_value) solve=6 rebuildInterval=0
config(Cg+Multigrid):  Solving for p, Initial residual = 0.0012701991227523114, Final residual = 1.262344162848285e-05, No Iterations 7, Solve time = 1043.194 ms
time step continuity errors : sum local = 3.1902667472497857e-06, global = -6.515041023438156e-10, cumulative = 1.3667063333274206e-07
[mem] after-pEqn: DEVICE_POOL current=19126 MB  actual(reserved)=38146 MB  highWater=24414 MB
[GinkgoSolver] p-cache: reuse(update_matrix_value) solve=6 rebuildInterval=0
Schwarz(Jacobi)+Bicgstab:  Solving for omega, Initial residual = 1.2810144505980847e-05, Final residual = 8.411969028641415e-07, No Iterations 2, Solve time = 90.551 ms
bounding omega, min: -128122.47254506742 max: 45355983.13428752 average: 6373.927465609262
[GinkgoSolver] p-cache: reuse(update_matrix_value) solve=6 rebuildInterval=0
Schwarz(Jacobi)+Bicgstab:  Solving for k, Initial residual = 0.00024171205188370723, Final residual = 1.3493843135110043e-05, No Iterations 2, Solve time = 73.679 ms
bounding k, min: -0.0023475564237282337 max: 894.5352864069009 average: 9.151716722791582
[mem] after-turb: DEVICE_POOL current=19126 MB  actual(reserved)=38146 MB  highWater=24414 MB
ExecutionTime = 61.12 s  ClockTime = 62 s

Time = 1007
[mem] step-start: DEVICE_POOL current=19126 MB  actual(reserved)=38146 MB  highWater=24414 MB
Schwarz(Jacobi)+Bicgstab:  Solving for Ux, Initial residual = 7.838746219771427e-05, Final residual = 4.254792155590294e-06, No Iterations 2, Solve time = 160.729 ms
Schwarz(Jacobi)+Bicgstab:  Solving for Uy, Initial residual = 0.004008869818886613, Final residual = 0.0004934925950326317, No Iterations 2, Solve time = 160.729 ms
Schwarz(Jacobi)+Bicgstab:  Solving for Uz, Initial residual = 0.001119968023716671, Final residual = 7.054798604737872e-05, No Iterations 2, Solve time = 160.729 ms
[mem] after-UEqn: DEVICE_POOL current=19126 MB  actual(reserved)=38146 MB  highWater=24414 MB
[GinkgoSolver] p-cache: reuse(update_matrix_value) solve=7 rebuildInterval=0
config(Cg+Multigrid):  Solving for p, Initial residual = 0.0012837028085240481, Final residual = 1.248284829418778e-05, No Iterations 11, Solve time = 1567.04 ms
time step continuity errors : sum local = 3.153484206404968e-06, global = -4.653876216242538e-08, cumulative = 9.013187117031668e-08
[mem] after-pEqn: DEVICE_POOL current=19126 MB  actual(reserved)=38146 MB  highWater=24414 MB
[GinkgoSolver] p-cache: reuse(update_matrix_value) solve=7 rebuildInterval=0
Schwarz(Jacobi)+Bicgstab:  Solving for omega, Initial residual = 1.2811737673827208e-05, Final residual = 8.376236202057278e-07, No Iterations 2, Solve time = 90.242 ms
bounding omega, min: -32844.9788912912 max: 45355983.128453135 average: 6374.068853834867
[GinkgoSolver] p-cache: reuse(update_matrix_value) solve=7 rebuildInterval=0
Schwarz(Jacobi)+Bicgstab:  Solving for k, Initial residual = 0.00024219827253658835, Final residual = 1.3418206575026798e-05, No Iterations 2, Solve time = 72.15 ms
bounding k, min: -0.0009458044166552326 max: 892.9402715981062 average: 9.151417761328018
[mem] after-turb: DEVICE_POOL current=19126 MB  actual(reserved)=38146 MB  highWater=24414 MB
ExecutionTime = 64.16 s  ClockTime = 65 s

Time = 1008
[mem] step-start: DEVICE_POOL current=19126 MB  actual(reserved)=38146 MB  highWater=24414 MB
Schwarz(Jacobi)+Bicgstab:  Solving for Ux, Initial residual = 7.85759074653348e-05, Final residual = 4.282793299031002e-06, No Iterations 2, Solve time = 169.206 ms
Schwarz(Jacobi)+Bicgstab:  Solving for Uy, Initial residual = 0.003987283356449025, Final residual = 0.0007329825866152826, No Iterations 2, Solve time = 169.206 ms
Schwarz(Jacobi)+Bicgstab:  Solving for Uz, Initial residual = 0.001122903044257293, Final residual = 6.405734837738299e-05, No Iterations 2, Solve time = 169.206 ms
[mem] after-UEqn: DEVICE_POOL current=19126 MB  actual(reserved)=38146 MB  highWater=24414 MB
[GinkgoSolver] p-cache: reuse(update_matrix_value) solve=8 rebuildInterval=0
config(Cg+Multigrid):  Solving for p, Initial residual = 0.0012814004614275208, Final residual = 1.1168789837582869e-05, No Iterations 7, Solve time = 1043.722 ms
time step continuity errors : sum local = 2.8159748773134675e-06, global = -3.1767880813420336e-08, cumulative = 5.836399035689635e-08
[mem] after-pEqn: DEVICE_POOL current=19126 MB  actual(reserved)=38146 MB  highWater=24414 MB
[GinkgoSolver] p-cache: reuse(update_matrix_value) solve=8 rebuildInterval=0
Schwarz(Jacobi)+Bicgstab:  Solving for omega, Initial residual = 1.2782018002725872e-05, Final residual = 8.354265198334328e-07, No Iterations 2, Solve time = 89.753 ms
bounding omega, min: -31431.737484018882 max: 45355983.06436357 average: 6374.174539483774
[GinkgoSolver] p-cache: reuse(update_matrix_value) solve=8 rebuildInterval=0
Schwarz(Jacobi)+Bicgstab:  Solving for k, Initial residual = 0.0002421121998680618, Final residual = 1.3455044432840325e-05, No Iterations 2, Solve time = 72.737 ms
bounding k, min: -0.0008813722748220072 max: 891.5496232670898 average: 9.151227067847556
[mem] after-turb: DEVICE_POOL current=19126 MB  actual(reserved)=38146 MB  highWater=24414 MB
ExecutionTime = 66.69 s  ClockTime = 67 s

Time = 1009
[mem] step-start: DEVICE_POOL current=19126 MB  actual(reserved)=38146 MB  highWater=24414 MB
Schwarz(Jacobi)+Bicgstab:  Solving for Ux, Initial residual = 7.842461779838418e-05, Final residual = 2.600524452277852e-06, No Iterations 3, Solve time = 217.466 ms
Schwarz(Jacobi)+Bicgstab:  Solving for Uy, Initial residual = 0.004037465298276392, Final residual = 0.00013476760836708467, No Iterations 3, Solve time = 217.466 ms
Schwarz(Jacobi)+Bicgstab:  Solving for Uz, Initial residual = 0.0011164452497410193, Final residual = 0.00011114385454852549, No Iterations 3, Solve time = 217.466 ms
[mem] after-UEqn: DEVICE_POOL current=19126 MB  actual(reserved)=38146 MB  highWater=24414 MB
[GinkgoSolver] p-cache: reuse(update_matrix_value) solve=9 rebuildInterval=0
config(Cg+Multigrid):  Solving for p, Initial residual = 0.0012913398864438355, Final residual = 1.2528135179370879e-05, No Iterations 7, Solve time = 1049.542 ms
time step continuity errors : sum local = 3.1573890164296803e-06, global = -4.679908088592503e-08, cumulative = 1.1564909470971321e-08
[mem] after-pEqn: DEVICE_POOL current=19126 MB  actual(reserved)=38146 MB  highWater=24414 MB
[GinkgoSolver] p-cache: reuse(update_matrix_value) solve=9 rebuildInterval=0
Schwarz(Jacobi)+Bicgstab:  Solving for omega, Initial residual = 1.274566135840382e-05, Final residual = 8.340336185267024e-07, No Iterations 2, Solve time = 76.09 ms
bounding omega, min: -38686.94602304537 max: 45355982.89962235 average: 6374.211605818942
[GinkgoSolver] p-cache: reuse(update_matrix_value) solve=9 rebuildInterval=0
Schwarz(Jacobi)+Bicgstab:  Solving for k, Initial residual = 0.00024221360433058492, Final residual = 1.3354204061962543e-05, No Iterations 2, Solve time = 72.509 ms
bounding k, min: -0.0014995203207869984 max: 892.0996491078254 average: 9.150646158200725
[mem] after-turb: DEVICE_POOL current=19126 MB  actual(reserved)=38146 MB  highWater=24414 MB
ExecutionTime = 69.31 s  ClockTime = 70 s

Time = 1010
[mem] step-start: DEVICE_POOL current=19126 MB  actual(reserved)=38146 MB  highWater=24414 MB
Schwarz(Jacobi)+Bicgstab:  Solving for Ux, Initial residual = 7.834946645905297e-05, Final residual = 2.8529017945636905e-06, No Iterations 3, Solve time = 218.566 ms
Schwarz(Jacobi)+Bicgstab:  Solving for Uy, Initial residual = 0.0040603043435807834, Final residual = 0.00013570970777306154, No Iterations 3, Solve time = 218.566 ms
Schwarz(Jacobi)+Bicgstab:  Solving for Uz, Initial residual = 0.0011006501098899987, Final residual = 4.491688799415777e-05, No Iterations 3, Solve time = 218.566 ms
[mem] after-UEqn: DEVICE_POOL current=19126 MB  actual(reserved)=38146 MB  highWater=24414 MB
[GinkgoSolver] p-cache: reuse(update_matrix_value) solve=10 rebuildInterval=0
config(Cg+Multigrid):  Solving for p, Initial residual = 0.0012739699920265878, Final residual = 1.1079442260122969e-05, No Iterations 15, Solve time = 2073.704 ms
time step continuity errors : sum local = 2.7911866352799753e-06, global = -4.677853921523179e-08, cumulative = -3.5213629744260466e-08
[mem] after-pEqn: DEVICE_POOL current=19126 MB  actual(reserved)=38146 MB  highWater=24414 MB
[GinkgoSolver] p-cache: reuse(update_matrix_value) solve=10 rebuildInterval=0
Schwarz(Jacobi)+Bicgstab:  Solving for omega, Initial residual = 1.2723650336842014e-05, Final residual = 8.334570278723076e-07, No Iterations 2, Solve time = 78.761 ms
bounding omega, min: -164949.31715142648 max: 45355982.67227434 average: 6374.197662827528
[GinkgoSolver] p-cache: reuse(update_matrix_value) solve=10 rebuildInterval=0
Schwarz(Jacobi)+Bicgstab:  Solving for k, Initial residual = 0.00024224413622108573, Final residual = 1.3168555406096777e-05, No Iterations 2, Solve time = 72.888 ms
bounding k, min: -0.0019099324035407178 max: 892.2345347701222 average: 9.150018003620168
[mem] after-turb: DEVICE_POOL current=19126 MB  actual(reserved)=38146 MB  highWater=24414 MB
ExecutionTime = 72.95999999999999 s  ClockTime = 74 s

Time = 1011
[mem] step-start: DEVICE_POOL current=19126 MB  actual(reserved)=38146 MB  highWater=24414 MB
Schwarz(Jacobi)+Bicgstab:  Solving for Ux, Initial residual = 7.830716902879365e-05, Final residual = 3.2818185990071658e-06, No Iterations 3, Solve time = 215.652 ms
Schwarz(Jacobi)+Bicgstab:  Solving for Uy, Initial residual = 0.0040732991970218934, Final residual = 0.0001371500601378885, No Iterations 3, Solve time = 215.652 ms
Schwarz(Jacobi)+Bicgstab:  Solving for Uz, Initial residual = 0.0010944767201740086, Final residual = 4.118334439950182e-05, No Iterations 3, Solve time = 215.652 ms
[mem] after-UEqn: DEVICE_POOL current=19126 MB  actual(reserved)=38146 MB  highWater=24414 MB
[GinkgoSolver] p-cache: reuse(update_matrix_value) solve=11 rebuildInterval=0
config(Cg+Multigrid):  Solving for p, Initial residual = 0.0012734301251884229, Final residual = 1.1367198016201655e-05, No Iterations 7, Solve time = 1039.466 ms
time step continuity errors : sum local = 2.8535138710285208e-06, global = -6.331644418134179e-08, cumulative = -9.853007392560226e-08
[mem] after-pEqn: DEVICE_POOL current=19126 MB  actual(reserved)=38146 MB  highWater=24414 MB
[GinkgoSolver] p-cache: reuse(update_matrix_value) solve=11 rebuildInterval=0
Schwarz(Jacobi)+Bicgstab:  Solving for omega, Initial residual = 1.2710324709984365e-05, Final residual = 8.285308312543698e-07, No Iterations 2, Solve time = 90.756 ms
bounding omega, min: -44802.87881340323 max: 45355982.66877882 average: 6374.127692856067
[GinkgoSolver] p-cache: reuse(update_matrix_value) solve=11 rebuildInterval=0
Schwarz(Jacobi)+Bicgstab:  Solving for k, Initial residual = 0.00024226834882124274, Final residual = 1.266920200301729e-05, No Iterations 2, Solve time = 72.356 ms
bounding k, min: -0.0005390888669446689 max: 892.8775943304267 average: 9.149322397724058
[mem] after-turb: DEVICE_POOL current=19126 MB  actual(reserved)=38146 MB  highWater=24414 MB
ExecutionTime = 75.56 s  ClockTime = 76 s

Time = 1012
[mem] step-start: DEVICE_POOL current=19126 MB  actual(reserved)=38146 MB  highWater=24414 MB
Schwarz(Jacobi)+Bicgstab:  Solving for Ux, Initial residual = 7.830014249012349e-05, Final residual = 4.23543734149782e-06, No Iterations 2, Solve time = 166.902 ms
Schwarz(Jacobi)+Bicgstab:  Solving for Uy, Initial residual = 0.00407583155267035, Final residual = 0.0004820126558700282, No Iterations 2, Solve time = 166.902 ms
Schwarz(Jacobi)+Bicgstab:  Solving for Uz, Initial residual = 0.0010921666737320047, Final residual = 6.321369448797274e-05, No Iterations 2, Solve time = 166.902 ms
[mem] after-UEqn: DEVICE_POOL current=19126 MB  actual(reserved)=38146 MB  highWater=24414 MB
[GinkgoSolver] p-cache: reuse(update_matrix_value) solve=12 rebuildInterval=0
config(Cg+Multigrid):  Solving for p, Initial residual = 0.0012891339547133264, Final residual = 1.1739072637327607e-05, No Iterations 8, Solve time = 1167.931 ms
time step continuity errors : sum local = 2.9455383955962295e-06, global = -7.118091587154393e-08, cumulative = -1.697109897971462e-07
[mem] after-pEqn: DEVICE_POOL current=19126 MB  actual(reserved)=38146 MB  highWater=24414 MB
[GinkgoSolver] p-cache: reuse(update_matrix_value) solve=12 rebuildInterval=0
Schwarz(Jacobi)+Bicgstab:  Solving for omega, Initial residual = 1.2721964611036793e-05, Final residual = 8.320444503428305e-07, No Iterations 2, Solve time = 90.703 ms
bounding omega, min: -41348.71281581821 max: 45355982.7138058 average: 6373.965644425168
[GinkgoSolver] p-cache: reuse(update_matrix_value) solve=12 rebuildInterval=0
Schwarz(Jacobi)+Bicgstab:  Solving for k, Initial residual = 0.00024258765040554632, Final residual = 1.2376876381883435e-05, No Iterations 2, Solve time = 73.844 ms
bounding k, min: -0.00016134678386938404 max: 893.065363714986 average: 9.148514238435862
[mem] after-turb: DEVICE_POOL current=19126 MB  actual(reserved)=38146 MB  highWater=24414 MB
ExecutionTime = 78.23 s  ClockTime = 79 s

Time = 1013
[mem] step-start: DEVICE_POOL current=19126 MB  actual(reserved)=38146 MB  highWater=24414 MB
Schwarz(Jacobi)+Bicgstab:  Solving for Ux, Initial residual = 7.852631544980904e-05, Final residual = 2.9210430596595232e-06, No Iterations 3, Solve time = 213.507 ms
Schwarz(Jacobi)+Bicgstab:  Solving for Uy, Initial residual = 0.004047175378170956, Final residual = 0.00015294429626718225, No Iterations 3, Solve time = 213.507 ms
Schwarz(Jacobi)+Bicgstab:  Solving for Uz, Initial residual = 0.0010956784722953277, Final residual = 6.778259933404176e-05, No Iterations 3, Solve time = 213.507 ms
[mem] after-UEqn: DEVICE_POOL current=19126 MB  actual(reserved)=38146 MB  highWater=24414 MB
[GinkgoSolver] p-cache: reuse(update_matrix_value) solve=13 rebuildInterval=0
config(Cg+Multigrid):  Solving for p, Initial residual = 0.0012850287938192375, Final residual = 1.169150536977977e-05, No Iterations 8, Solve time = 1175.007 ms
time step continuity errors : sum local = 2.9322982793682006e-06, global = -7.338409581408618e-08, cumulative = -2.430950856112324e-07
[mem] after-pEqn: DEVICE_POOL current=19126 MB  actual(reserved)=38146 MB  highWater=24414 MB
[GinkgoSolver] p-cache: reuse(update_matrix_value) solve=13 rebuildInterval=0
Schwarz(Jacobi)+Bicgstab:  Solving for omega, Initial residual = 1.2711360779356198e-05, Final residual = 8.350446297141823e-07, No Iterations 2, Solve time = 91.615 ms
bounding omega, min: -49430.45463430321 max: 45355982.76959806 average: 6373.771872949869
[GinkgoSolver] p-cache: reuse(update_matrix_value) solve=13 rebuildInterval=0
Schwarz(Jacobi)+Bicgstab:  Solving for k, Initial residual = 0.00024244358381951447, Final residual = 1.220046576311662e-05, No Iterations 2, Solve time = 72.52 ms
bounding k, min: -0.0016930277847947844 max: 893.2776527552243 average: 9.147680818609446
[mem] after-turb: DEVICE_POOL current=19126 MB  actual(reserved)=38146 MB  highWater=24414 MB
ExecutionTime = 80.95999999999999 s  ClockTime = 82 s

Time = 1014
[mem] step-start: DEVICE_POOL current=19126 MB  actual(reserved)=38146 MB  highWater=24414 MB
Schwarz(Jacobi)+Bicgstab:  Solving for Ux, Initial residual = 7.851475221485077e-05, Final residual = 3.518216670755837e-06, No Iterations 3, Solve time = 209.926 ms
Schwarz(Jacobi)+Bicgstab:  Solving for Uy, Initial residual = 0.00403414944214002, Final residual = 0.00014679483995340723, No Iterations 3, Solve time = 209.926 ms
Schwarz(Jacobi)+Bicgstab:  Solving for Uz, Initial residual = 0.0011005414123235716, Final residual = 8.381060287290775e-05, No Iterations 3, Solve time = 209.926 ms
[mem] after-UEqn: DEVICE_POOL current=19126 MB  actual(reserved)=38146 MB  highWater=24414 MB
[GinkgoSolver] p-cache: reuse(update_matrix_value) solve=14 rebuildInterval=0
config(Cg+Multigrid):  Solving for p, Initial residual = 0.0012827428311793022, Final residual = 1.1137846970315223e-05, No Iterations 9, Solve time = 1297.431 ms
time step continuity errors : sum local = 2.7920051752967596e-06, global = -7.115975124934651e-08, cumulative = -3.142548368605789e-07
[mem] after-pEqn: DEVICE_POOL current=19126 MB  actual(reserved)=38146 MB  highWater=24414 MB
[GinkgoSolver] p-cache: reuse(update_matrix_value) solve=14 rebuildInterval=0
Schwarz(Jacobi)+Bicgstab:  Solving for omega, Initial residual = 1.2719616549269467e-05, Final residual = 8.382887325786036e-07, No Iterations 2, Solve time = 90.034 ms
bounding omega, min: -274937.169233142 max: 45355982.80381885 average: 6373.552267641549
[GinkgoSolver] p-cache: reuse(update_matrix_value) solve=14 rebuildInterval=0
Schwarz(Jacobi)+Bicgstab:  Solving for k, Initial residual = 0.00024250237789014728, Final residual = 1.2114369990854902e-05, No Iterations 2, Solve time = 75.064 ms
bounding k, min: -0.002014524550258745 max: 892.9254350568583 average: 9.146850939484665
[mem] after-turb: DEVICE_POOL current=19126 MB  actual(reserved)=38146 MB  highWater=24414 MB
ExecutionTime = 83.8 s  ClockTime = 85 s

Time = 1015
[mem] step-start: DEVICE_POOL current=19126 MB  actual(reserved)=38146 MB  highWater=24414 MB
Schwarz(Jacobi)+Bicgstab:  Solving for Ux, Initial residual = 7.856771098422795e-05, Final residual = 3.839710709757182e-06, No Iterations 3, Solve time = 225.284 ms
Schwarz(Jacobi)+Bicgstab:  Solving for Uy, Initial residual = 0.004034054529825963, Final residual = 0.00014071876805322062, No Iterations 3, Solve time = 225.284 ms
Schwarz(Jacobi)+Bicgstab:  Solving for Uz, Initial residual = 0.001103694157622752, Final residual = 6.494638414921168e-05, No Iterations 3, Solve time = 225.284 ms
[mem] after-UEqn: DEVICE_POOL current=19126 MB  actual(reserved)=38146 MB  highWater=24414 MB
[GinkgoSolver] p-cache: reuse(update_matrix_value) solve=15 rebuildInterval=0
config(Cg+Multigrid):  Solving for p, Initial residual = 0.00128395130911402, Final residual = 1.0902483573979535e-05, No Iterations 9, Solve time = 1287.863 ms
time step continuity errors : sum local = 2.7318488184112693e-06, global = -6.14648369179195e-08, cumulative = -3.7571967377849836e-07
[mem] after-pEqn: DEVICE_POOL current=19126 MB  actual(reserved)=38146 MB  highWater=24414 MB
[GinkgoSolver] p-cache: reuse(update_matrix_value) solve=15 rebuildInterval=0
Schwarz(Jacobi)+Bicgstab:  Solving for omega, Initial residual = 1.2722709233618142e-05, Final residual = 8.357524901097252e-07, No Iterations 2, Solve time = 78.894 ms
bounding omega, min: -48305.878875891714 max: 45355982.79141574 average: 6373.35303963004
[GinkgoSolver] p-cache: reuse(update_matrix_value) solve=15 rebuildInterval=0
Schwarz(Jacobi)+Bicgstab:  Solving for k, Initial residual = 0.0002424771342734802, Final residual = 1.2199929231274853e-05, No Iterations 2, Solve time = 72.691 ms
bounding k, min: -0.002126321020307513 max: 892.4072631854524 average: 9.146021594588003
[mem] after-turb: DEVICE_POOL current=19126 MB  actual(reserved)=38146 MB  highWater=24414 MB
ExecutionTime = 86.67 s  ClockTime = 87 s

Time = 1016
[mem] step-start: DEVICE_POOL current=19126 MB  actual(reserved)=38146 MB  highWater=24414 MB
Schwarz(Jacobi)+Bicgstab:  Solving for Ux, Initial residual = 7.85738084727998e-05, Final residual = 3.420074518263858e-06, No Iterations 3, Solve time = 219.532 ms
Schwarz(Jacobi)+Bicgstab:  Solving for Uy, Initial residual = 0.004040706359468281, Final residual = 0.0001353242647376163, No Iterations 3, Solve time = 219.532 ms
Schwarz(Jacobi)+Bicgstab:  Solving for Uz, Initial residual = 0.001104253528837127, Final residual = 3.900538587211112e-05, No Iterations 3, Solve time = 219.532 ms
[mem] after-UEqn: DEVICE_POOL current=19126 MB  actual(reserved)=38146 MB  highWater=24414 MB
[GinkgoSolver] p-cache: reuse(update_matrix_value) solve=16 rebuildInterval=0
config(Cg+Multigrid):  Solving for p, Initial residual = 0.0012848395056591125, Final residual = 1.2805078031737115e-05, No Iterations 7, Solve time = 1029.95 ms
time step continuity errors : sum local = 3.2075001795389668e-06, global = -5.481640230875291e-08, cumulative = -4.3053607608725127e-07
[mem] after-pEqn: DEVICE_POOL current=19126 MB  actual(reserved)=38146 MB  highWater=24414 MB
[GinkgoSolver] p-cache: reuse(update_matrix_value) solve=16 rebuildInterval=0
Schwarz(Jacobi)+Bicgstab:  Solving for omega, Initial residual = 1.2714984293992245e-05, Final residual = 8.340074922663928e-07, No Iterations 2, Solve time = 73.451 ms
bounding omega, min: -55936.691880434846 max: 45355982.73087507 average: 6373.069266939819
[GinkgoSolver] p-cache: reuse(update_matrix_value) solve=16 rebuildInterval=0
Schwarz(Jacobi)+Bicgstab:  Solving for k, Initial residual = 0.0002424540867493279, Final residual = 1.2240963826181982e-05, No Iterations 2, Solve time = 73.114 ms
bounding k, min: -0.002522785444073361 max: 891.4202330235416 average: 9.1451373090807
[mem] after-turb: DEVICE_POOL current=19126 MB  actual(reserved)=38146 MB  highWater=24414 MB
ExecutionTime = 89.26000000000001 s  ClockTime = 90 s

Time = 1017
[mem] step-start: DEVICE_POOL current=19126 MB  actual(reserved)=38146 MB  highWater=24414 MB
Schwarz(Jacobi)+Bicgstab:  Solving for Ux, Initial residual = 7.854601510037117e-05, Final residual = 3.870072965573546e-06, No Iterations 2, Solve time = 175.408 ms
Schwarz(Jacobi)+Bicgstab:  Solving for Uy, Initial residual = 0.004053072928632001, Final residual = 0.0005760636271296477, No Iterations 2, Solve time = 175.408 ms
Schwarz(Jacobi)+Bicgstab:  Solving for Uz, Initial residual = 0.0011013528928763559, Final residual = 7.584559081303148e-05, No Iterations 2, Solve time = 175.408 ms
[mem] after-UEqn: DEVICE_POOL current=19126 MB  actual(reserved)=38146 MB  highWater=24414 MB
[GinkgoSolver] p-cache: reuse(update_matrix_value) solve=17 rebuildInterval=0
config(Cg+Multigrid):  Solving for p, Initial residual = 0.0012921409210895217, Final residual = 1.2003515738686278e-05, No Iterations 8, Solve time = 1180.272 ms
time step continuity errors : sum local = 3.0051201248521757e-06, global = -4.2062543862674225e-08, cumulative = -4.725986199499255e-07
[mem] after-pEqn: DEVICE_POOL current=19126 MB  actual(reserved)=38146 MB  highWater=24414 MB
[GinkgoSolver] p-cache: reuse(update_matrix_value) solve=17 rebuildInterval=0
Schwarz(Jacobi)+Bicgstab:  Solving for omega, Initial residual = 1.2739163746214099e-05, Final residual = 8.417370526164014e-07, No Iterations 2, Solve time = 90.74 ms
bounding omega, min: -51963.507874608884 max: 45355982.65508282 average: 6372.749126534188
[GinkgoSolver] p-cache: reuse(update_matrix_value) solve=17 rebuildInterval=0
Schwarz(Jacobi)+Bicgstab:  Solving for k, Initial residual = 0.0002427651875170983, Final residual = 1.2365499819505795e-05, No Iterations 2, Solve time = 72.994 ms
bounding k, min: -0.005533085506333482 max: 890.4122591618351 average: 9.1441941346603
[mem] after-turb: DEVICE_POOL current=19126 MB  actual(reserved)=38146 MB  highWater=24414 MB
ExecutionTime = 91.97 s  ClockTime = 93 s

Time = 1018
[mem] step-start: DEVICE_POOL current=19126 MB  actual(reserved)=38146 MB  highWater=24414 MB
Schwarz(Jacobi)+Bicgstab:  Solving for Ux, Initial residual = 7.871064890250039e-05, Final residual = 3.5621087112141165e-06, No Iterations 2, Solve time = 166.242 ms
Schwarz(Jacobi)+Bicgstab:  Solving for Uy, Initial residual = 0.004037701179237737, Final residual = 0.0007867493736512425, No Iterations 2, Solve time = 166.242 ms
Schwarz(Jacobi)+Bicgstab:  Solving for Uz, Initial residual = 0.0011039939460437999, Final residual = 7.495041821121947e-05, No Iterations 2, Solve time = 166.242 ms
[mem] after-UEqn: DEVICE_POOL current=19126 MB  actual(reserved)=38146 MB  highWater=24414 MB
[GinkgoSolver] p-cache: reuse(update_matrix_value) solve=18 rebuildInterval=0
config(Cg+Multigrid):  Solving for p, Initial residual = 0.0012920524758681003, Final residual = 1.2194339231223755e-05, No Iterations 8, Solve time = 1181.348 ms
time step continuity errors : sum local = 3.052195598700191e-06, global = -3.1555875221834387e-08, cumulative = -5.041544951717598e-07
[mem] after-pEqn: DEVICE_POOL current=19126 MB  actual(reserved)=38146 MB  highWater=24414 MB
[GinkgoSolver] p-cache: reuse(update_matrix_value) solve=18 rebuildInterval=0
Schwarz(Jacobi)+Bicgstab:  Solving for omega, Initial residual = 1.2722969738732877e-05, Final residual = 8.405187051826833e-07, No Iterations 2, Solve time = 90.039 ms
bounding omega, min: -381971.30675260094 max: 45355982.593788624 average: 6372.44362681818
[GinkgoSolver] p-cache: reuse(update_matrix_value) solve=18 rebuildInterval=0
Schwarz(Jacobi)+Bicgstab:  Solving for k, Initial residual = 0.00024241269509355312, Final residual = 1.2383450293301922e-05, No Iterations 2, Solve time = 73.523 ms
bounding k, min: -0.003765464071981195 max: 889.0776196549949 average: 9.143445288926637
[mem] after-turb: DEVICE_POOL current=19126 MB  actual(reserved)=38146 MB  highWater=24414 MB
ExecutionTime = 94.67 s  ClockTime = 95 s

Time = 1019
[mem] step-start: DEVICE_POOL current=19126 MB  actual(reserved)=38146 MB  highWater=24414 MB
Schwarz(Jacobi)+Bicgstab:  Solving for Ux, Initial residual = 7.850708967846799e-05, Final residual = 2.7451141831096853e-06, No Iterations 3, Solve time = 211.152 ms
Schwarz(Jacobi)+Bicgstab:  Solving for Uy, Initial residual = 0.004097779692168173, Final residual = 0.00013820552831993912, No Iterations 3, Solve time = 211.152 ms
Schwarz(Jacobi)+Bicgstab:  Solving for Uz, Initial residual = 0.0010983991841799067, Final residual = 4.949324120605718e-05, No Iterations 3, Solve time = 211.152 ms
[mem] after-UEqn: DEVICE_POOL current=19126 MB  actual(reserved)=38146 MB  highWater=24414 MB
[GinkgoSolver] p-cache: reuse(update_matrix_value) solve=19 rebuildInterval=0
config(Cg+Multigrid):  Solving for p, Initial residual = 0.0012849287873549949, Final residual = 1.2773679054686214e-05, No Iterations 8, Solve time = 1179.922 ms
time step continuity errors : sum local = 3.1965696689239864e-06, global = -1.865416810434155e-08, cumulative = -5.228086632761014e-07
[mem] after-pEqn: DEVICE_POOL current=19126 MB  actual(reserved)=38146 MB  highWater=24414 MB
[GinkgoSolver] p-cache: reuse(update_matrix_value) solve=19 rebuildInterval=0
Schwarz(Jacobi)+Bicgstab:  Solving for omega, Initial residual = 1.2717243145313457e-05, Final residual = 8.34528585239957e-07, No Iterations 2, Solve time = 90.725 ms
bounding omega, min: -53156.622349887 max: 45355982.57643496 average: 6372.19855497104
[GinkgoSolver] p-cache: reuse(update_matrix_value) solve=19 rebuildInterval=0
Schwarz(Jacobi)+Bicgstab:  Solving for k, Initial residual = 0.00024239587917612043, Final residual = 1.2450803032906152e-05, No Iterations 2, Solve time = 72.869 ms
bounding k, min: -0.002601184346398236 max: 887.6418024147085 average: 9.142663926407227
[mem] after-turb: DEVICE_POOL current=19126 MB  actual(reserved)=38146 MB  highWater=24414 MB
ExecutionTime = 97.38 s  ClockTime = 98 s

Time = 1020
[mem] step-start: DEVICE_POOL current=19126 MB  actual(reserved)=38146 MB  highWater=24414 MB
Schwarz(Jacobi)+Bicgstab:  Solving for Ux, Initial residual = 7.844867304302739e-05, Final residual = 2.826709966324976e-06, No Iterations 3, Solve time = 219.994 ms
Schwarz(Jacobi)+Bicgstab:  Solving for Uy, Initial residual = 0.004120485699599583, Final residual = 0.0001366173650528235, No Iterations 3, Solve time = 219.994 ms
Schwarz(Jacobi)+Bicgstab:  Solving for Uz, Initial residual = 0.0010923935962547425, Final residual = 3.496407027202745e-05, No Iterations 3, Solve time = 219.994 ms
[mem] after-UEqn: DEVICE_POOL current=19126 MB  actual(reserved)=38146 MB  highWater=24414 MB
[GinkgoSolver] p-cache: reuse(update_matrix_value) solve=20 rebuildInterval=0
config(Cg+Multigrid):  Solving for p, Initial residual = 0.0012805920157642975, Final residual = 1.231602298597999e-05, No Iterations 11, Solve time = 1553.333 ms
time step continuity errors : sum local = 3.0817334879700265e-06, global = 1.119894445363152e-08, cumulative = -5.116097188224698e-07
[mem] after-pEqn: DEVICE_POOL current=19126 MB  actual(reserved)=38146 MB  highWater=24414 MB
[GinkgoSolver] p-cache: reuse(update_matrix_value) solve=20 rebuildInterval=0
Schwarz(Jacobi)+Bicgstab:  Solving for omega, Initial residual = 1.2706807881789715e-05, Final residual = 8.302073508700323e-07, No Iterations 2, Solve time = 91.263 ms
bounding omega, min: -61967.91438513395 max: 45355982.57852917 average: 6371.926261185503
[GinkgoSolver] p-cache: reuse(update_matrix_value) solve=20 rebuildInterval=0
Schwarz(Jacobi)+Bicgstab:  Solving for k, Initial residual = 0.0002423944241021646, Final residual = 1.2531248961595586e-05, No Iterations 2, Solve time = 72.544 ms
bounding k, min: -0.003660554111230785 max: 886.0525358226217 average: 9.141878165347146
[mem] after-turb: DEVICE_POOL current=19126 MB  actual(reserved)=38146 MB  highWater=24414 MB
ExecutionTime = 100.49 s  ClockTime = 101 s

Time = 1021
[mem] step-start: DEVICE_POOL current=19126 MB  actual(reserved)=38146 MB  highWater=24414 MB
Schwarz(Jacobi)+Bicgstab:  Solving for Ux, Initial residual = 7.84860647445074e-05, Final residual = 3.3876261656896474e-06, No Iterations 3, Solve time = 219.237 ms
Schwarz(Jacobi)+Bicgstab:  Solving for Uy, Initial residual = 0.004133021670740619, Final residual = 0.00013685915556524534, No Iterations 3, Solve time = 219.237 ms
Schwarz(Jacobi)+Bicgstab:  Solving for Uz, Initial residual = 0.0010878140424294776, Final residual = 3.825247068891857e-05, No Iterations 3, Solve time = 219.237 ms
[mem] after-UEqn: DEVICE_POOL current=19126 MB  actual(reserved)=38146 MB  highWater=24414 MB
[GinkgoSolver] p-cache: reuse(update_matrix_value) solve=21 rebuildInterval=0
config(Cg+Multigrid):  Solving for p, Initial residual = 0.0012789496689040371, Final residual = 1.2413404708410342e-05, No Iterations 7, Solve time = 1047.142 ms
time step continuity errors : sum local = 3.1096343395381747e-06, global = 1.6593767884248433e-08, cumulative = -4.950159509382214e-07
[mem] after-pEqn: DEVICE_POOL current=19126 MB  actual(reserved)=38146 MB  highWater=24414 MB
[GinkgoSolver] p-cache: reuse(update_matrix_value) solve=21 rebuildInterval=0
Schwarz(Jacobi)+Bicgstab:  Solving for omega, Initial residual = 1.271318357834398e-05, Final residual = 8.342060384574892e-07, No Iterations 2, Solve time = 90.927 ms
bounding omega, min: -57619.98398781906 max: 45355982.58789899 average: 6371.658929848464
[GinkgoSolver] p-cache: reuse(update_matrix_value) solve=21 rebuildInterval=0
Schwarz(Jacobi)+Bicgstab:  Solving for k, Initial residual = 0.00024246092353060042, Final residual = 1.2517948131213515e-05, No Iterations 2, Solve time = 72.879 ms
bounding k, min: -0.005927076538168284 max: 884.4105032494288 average: 9.141130670771501
[mem] after-turb: DEVICE_POOL current=19126 MB  actual(reserved)=38146 MB  highWater=24414 MB
ExecutionTime = 103.1 s  ClockTime = 104 s

Time = 1022
[mem] step-start: DEVICE_POOL current=19126 MB  actual(reserved)=38146 MB  highWater=24414 MB
Schwarz(Jacobi)+Bicgstab:  Solving for Ux, Initial residual = 7.856747446246855e-05, Final residual = 4.348623964711635e-06, No Iterations 2, Solve time = 167.944 ms
Schwarz(Jacobi)+Bicgstab:  Solving for Uy, Initial residual = 0.004136240142055452, Final residual = 0.0005430944198138645, No Iterations 2, Solve time = 167.944 ms
Schwarz(Jacobi)+Bicgstab:  Solving for Uz, Initial residual = 0.0010864685965162127, Final residual = 7.672984014653924e-05, No Iterations 2, Solve time = 167.944 ms
[mem] after-UEqn: DEVICE_POOL current=19126 MB  actual(reserved)=38146 MB  highWater=24414 MB
[GinkgoSolver] p-cache: reuse(update_matrix_value) solve=22 rebuildInterval=0
config(Cg+Multigrid):  Solving for p, Initial residual = 0.0012961007043328322, Final residual = 1.1713540278103742e-05, No Iterations 8, Solve time = 1171.499 ms
time step continuity errors : sum local = 2.9336949640643554e-06, global = 3.1963506772725184e-08, cumulative = -4.6305244416549624e-07
[mem] after-pEqn: DEVICE_POOL current=19126 MB  actual(reserved)=38146 MB  highWater=24414 MB
[GinkgoSolver] p-cache: reuse(update_matrix_value) solve=22 rebuildInterval=0
Schwarz(Jacobi)+Bicgstab:  Solving for omega, Initial residual = 1.275284854846523e-05, Final residual = 8.408645804881929e-07, No Iterations 2, Solve time = 77.604 ms
bounding omega, min: -324175.62117670436 max: 45355982.6014095 average: 6371.404845180893
[GinkgoSolver] p-cache: reuse(update_matrix_value) solve=22 rebuildInterval=0
Schwarz(Jacobi)+Bicgstab:  Solving for k, Initial residual = 0.00024284005665416324, Final residual = 1.2579793809925764e-05, No Iterations 2, Solve time = 73.467 ms
bounding k, min: -0.0010152791311130553 max: 882.7974082777862 average: 9.140402395495734
[mem] after-turb: DEVICE_POOL current=19126 MB  actual(reserved)=38146 MB  highWater=24414 MB
ExecutionTime = 105.76 s  ClockTime = 107 s

Time = 1023
[mem] step-start: DEVICE_POOL current=19126 MB  actual(reserved)=38146 MB  highWater=24414 MB
Schwarz(Jacobi)+Bicgstab:  Solving for Ux, Initial residual = 7.888732268682041e-05, Final residual = 2.9150673262595047e-06, No Iterations 3, Solve time = 237.804 ms
Schwarz(Jacobi)+Bicgstab:  Solving for Uy, Initial residual = 0.004105460813093223, Final residual = 0.00015577945592353234, No Iterations 3, Solve time = 237.804 ms
Schwarz(Jacobi)+Bicgstab:  Solving for Uz, Initial residual = 0.0010933594784771467, Final residual = 6.091810646510309e-05, No Iterations 3, Solve time = 237.804 ms
[mem] after-UEqn: DEVICE_POOL current=19126 MB  actual(reserved)=38146 MB  highWater=24414 MB
[GinkgoSolver] p-cache: reuse(update_matrix_value) solve=23 rebuildInterval=0
config(Cg+Multigrid):  Solving for p, Initial residual = 0.0012883964069173436, Final residual = 1.063761670788468e-05, No Iterations 8, Solve time = 1172.463 ms
time step continuity errors : sum local = 2.6639290746613585e-06, global = 4.293736765354312e-08, cumulative = -4.2011507651195313e-07
[mem] after-pEqn: DEVICE_POOL current=19126 MB  actual(reserved)=38146 MB  highWater=24414 MB
[GinkgoSolver] p-cache: reuse(update_matrix_value) solve=23 rebuildInterval=0
Schwarz(Jacobi)+Bicgstab:  Solving for omega, Initial residual = 1.276653545737155e-05, Final residual = 8.368211921086373e-07, No Iterations 2, Solve time = 90.902 ms
bounding omega, min: -59966.80924842315 max: 45355982.616457425 average: 6371.21097844753
[GinkgoSolver] p-cache: reuse(update_matrix_value) solve=23 rebuildInterval=0
Schwarz(Jacobi)+Bicgstab:  Solving for k, Initial residual = 0.00024282678508679502, Final residual = 1.293496293003769e-05, No Iterations 2, Solve time = 72.599 ms
bounding k, min: -0.0011315100318660433 max: 881.25394004581 average: 9.139689869621293
[mem] after-turb: DEVICE_POOL current=19126 MB  actual(reserved)=38146 MB  highWater=24414 MB
ExecutionTime = 108.49 s  ClockTime = 109 s

Time = 1024
[mem] step-start: DEVICE_POOL current=19126 MB  actual(reserved)=38146 MB  highWater=24414 MB
Schwarz(Jacobi)+Bicgstab:  Solving for Ux, Initial residual = 7.897290713847446e-05, Final residual = 3.2755571937511527e-06, No Iterations 3, Solve time = 212.325 ms
Schwarz(Jacobi)+Bicgstab:  Solving for Uy, Initial residual = 0.004095746489668651, Final residual = 0.0001471710666630602, No Iterations 3, Solve time = 212.325 ms
Schwarz(Jacobi)+Bicgstab:  Solving for Uz, Initial residual = 0.0010969121319915874, Final residual = 5.8414382221488496e-05, No Iterations 3, Solve time = 212.325 ms
[mem] after-UEqn: DEVICE_POOL current=19126 MB  actual(reserved)=38146 MB  highWater=24414 MB
[GinkgoSolver] p-cache: reuse(update_matrix_value) solve=24 rebuildInterval=0
config(Cg+Multigrid):  Solving for p, Initial residual = 0.0012866519177862322, Final residual = 1.0760957776068657e-05, No Iterations 8, Solve time = 1169.988 ms
time step continuity errors : sum local = 2.6945911602573173e-06, global = 5.0088379236861656e-08, cumulative = -3.700266972750915e-07
[mem] after-pEqn: DEVICE_POOL current=19126 MB  actual(reserved)=38146 MB  highWater=24414 MB
[GinkgoSolver] p-cache: reuse(update_matrix_value) solve=24 rebuildInterval=0
Schwarz(Jacobi)+Bicgstab:  Solving for omega, Initial residual = 1.2776128666952902e-05, Final residual = 8.384561394543382e-07, No Iterations 2, Solve time = 72.537 ms
bounding omega, min: -54809.07580315576 max: 45355982.629966475 average: 6371.057576457704
[GinkgoSolver] p-cache: reuse(update_matrix_value) solve=24 rebuildInterval=0
Schwarz(Jacobi)+Bicgstab:  Solving for k, Initial residual = 0.00024291716853344625, Final residual = 1.5247766657688717e-06, No Iterations 5, Solve time = 140.603 ms
bounding k, min: -0.00047046806619342486 max: 879.7759041831846 average: 9.13923963621346
[mem] after-turb: DEVICE_POOL current=19126 MB  actual(reserved)=38146 MB  highWater=24414 MB
ExecutionTime = 111.29 s  ClockTime = 112 s

Time = 1025
[mem] step-start: DEVICE_POOL current=19126 MB  actual(reserved)=38146 MB  highWater=24414 MB
Schwarz(Jacobi)+Bicgstab:  Solving for Ux, Initial residual = 7.904354370169449e-05, Final residual = 3.642637698953881e-06, No Iterations 3, Solve time = 231.62 ms
Schwarz(Jacobi)+Bicgstab:  Solving for Uy, Initial residual = 0.004100513968632252, Final residual = 0.00014104226698253986, No Iterations 3, Solve time = 231.62 ms
Schwarz(Jacobi)+Bicgstab:  Solving for Uz, Initial residual = 0.0010987918904617146, Final residual = 3.1718026237969497e-05, No Iterations 3, Solve time = 231.62 ms
[mem] after-UEqn: DEVICE_POOL current=19126 MB  actual(reserved)=38146 MB  highWater=24414 MB
[GinkgoSolver] p-cache: reuse(update_matrix_value) solve=25 rebuildInterval=0
config(Cg+Multigrid):  Solving for p, Initial residual = 0.0012893782616335422, Final residual = 1.131219311188857e-05, No Iterations 8, Solve time = 1179.065 ms
time step continuity errors : sum local = 2.832512043296694e-06, global = 5.29468779151304e-08, cumulative = -3.170798193599611e-07
[mem] after-pEqn: DEVICE_POOL current=19126 MB  actual(reserved)=38146 MB  highWater=24414 MB
[GinkgoSolver] p-cache: reuse(update_matrix_value) solve=25 rebuildInterval=0
Schwarz(Jacobi)+Bicgstab:  Solving for omega, Initial residual = 1.2692926280133069e-05, Final residual = 8.338099080339352e-07, No Iterations 2, Solve time = 91.803 ms
bounding omega, min: -64541.984413171274 max: 45355982.640787676 average: 6370.9503356670175
[GinkgoSolver] p-cache: reuse(update_matrix_value) solve=25 rebuildInterval=0
Schwarz(Jacobi)+Bicgstab:  Solving for k, Initial residual = 0.00024216203461546965, Final residual = 9.350748938882874e-06, No Iterations 2, Solve time = 72.528 ms
bounding k, min: -2.5192985838590505e-05 max: 878.3570299351574 average: 9.138593433284303
[mem] after-turb: DEVICE_POOL current=19126 MB  actual(reserved)=38146 MB  highWater=24414 MB
ExecutionTime = 114.04 s  ClockTime = 115 s

Time = 1026
[mem] step-start: DEVICE_POOL current=19126 MB  actual(reserved)=38146 MB  highWater=24414 MB
Schwarz(Jacobi)+Bicgstab:  Solving for Ux, Initial residual = 7.907813070184555e-05, Final residual = 3.292453439903755e-06, No Iterations 3, Solve time = 215.388 ms
Schwarz(Jacobi)+Bicgstab:  Solving for Uy, Initial residual = 0.0041151954518051535, Final residual = 0.00013791662619323528, No Iterations 3, Solve time = 215.388 ms
Schwarz(Jacobi)+Bicgstab:  Solving for Uz, Initial residual = 0.0010970007029890995, Final residual = 3.7717432473010066e-05, No Iterations 3, Solve time = 215.388 ms
[mem] after-UEqn: DEVICE_POOL current=19126 MB  actual(reserved)=38146 MB  highWater=24414 MB
[GinkgoSolver] p-cache: reuse(update_matrix_value) solve=26 rebuildInterval=0
config(Cg+Multigrid):  Solving for p, Initial residual = 0.0012885290875656059, Final residual = 1.1962015095529507e-05, No Iterations 8, Solve time = 1172.146 ms
time step continuity errors : sum local = 2.9953000156671923e-06, global = 5.114408436126644e-08, cumulative = -2.6593573499869467e-07
[mem] after-pEqn: DEVICE_POOL current=19126 MB  actual(reserved)=38146 MB  highWater=24414 MB
[GinkgoSolver] p-cache: reuse(update_matrix_value) solve=26 rebuildInterval=0
Schwarz(Jacobi)+Bicgstab:  Solving for omega, Initial residual = 1.275148386745651e-05, Final residual = 8.362024626255106e-07, No Iterations 2, Solve time = 78.344 ms
bounding omega, min: -375325.699968196 max: 45355982.64942941 average: 6370.841509495164
[GinkgoSolver] p-cache: reuse(update_matrix_value) solve=26 rebuildInterval=0
Schwarz(Jacobi)+Bicgstab:  Solving for k, Initial residual = 0.00024200368988173813, Final residual = 1.158134263925792e-05, No Iterations 2, Solve time = 72.829 ms
bounding k, min: -4.645618767751961e-06 max: 877.1920682427592 average: 9.137851465525706
[mem] after-turb: DEVICE_POOL current=19126 MB  actual(reserved)=38146 MB  highWater=24414 MB
ExecutionTime = 116.77 s  ClockTime = 118 s

Time = 1027
[mem] step-start: DEVICE_POOL current=19126 MB  actual(reserved)=38146 MB  highWater=24414 MB
Schwarz(Jacobi)+Bicgstab:  Solving for Ux, Initial residual = 7.905938879971221e-05, Final residual = 3.7232494721508715e-06, No Iterations 3, Solve time = 216.259 ms
Schwarz(Jacobi)+Bicgstab:  Solving for Uy, Initial residual = 0.004134832207621244, Final residual = 0.0001369512677807877, No Iterations 3, Solve time = 216.259 ms
Schwarz(Jacobi)+Bicgstab:  Solving for Uz, Initial residual = 0.0010952710517618876, Final residual = 2.7650159298688052e-05, No Iterations 3, Solve time = 216.259 ms
[mem] after-UEqn: DEVICE_POOL current=19126 MB  actual(reserved)=38146 MB  highWater=24414 MB
[GinkgoSolver] p-cache: reuse(update_matrix_value) solve=27 rebuildInterval=0
config(Cg+Multigrid):  Solving for p, Initial residual = 0.0012883053824381974, Final residual = 1.2447400467143797e-05, No Iterations 8, Solve time = 1189.775 ms
time step continuity errors : sum local = 3.1170862950929806e-06, global = 4.5410497697239754e-08, cumulative = -2.205252373014549e-07
[mem] after-pEqn: DEVICE_POOL current=19126 MB  actual(reserved)=38146 MB  highWater=24414 MB
[GinkgoSolver] p-cache: reuse(update_matrix_value) solve=27 rebuildInterval=0
Schwarz(Jacobi)+Bicgstab:  Solving for omega, Initial residual = 1.279942115074039e-05, Final residual = 8.324597200424365e-07, No Iterations 2, Solve time = 90.86 ms
bounding omega, min: -58657.636166648 max: 45355982.65533992 average: 6370.75798750528
[GinkgoSolver] p-cache: reuse(update_matrix_value) solve=27 rebuildInterval=0
Schwarz(Jacobi)+Bicgstab:  Solving for k, Initial residual = 0.00024211051080129842, Final residual = 1.1970581962220561e-05, No Iterations 2, Solve time = 73.207 ms
bounding k, min: -1.8538108578748387e-05 max: 876.173770524038 average: 9.137101715641831
[mem] after-turb: DEVICE_POOL current=19126 MB  actual(reserved)=38146 MB  highWater=24414 MB
ExecutionTime = 119.54 s  ClockTime = 120 s

Time = 1028
[mem] step-start: DEVICE_POOL current=19126 MB  actual(reserved)=38146 MB  highWater=24414 MB
Schwarz(Jacobi)+Bicgstab:  Solving for Ux, Initial residual = 7.905425336631132e-05, Final residual = 3.4636713837538733e-06, No Iterations 3, Solve time = 220.822 ms
Schwarz(Jacobi)+Bicgstab:  Solving for Uy, Initial residual = 0.004155165921236883, Final residual = 0.000136312842794657, No Iterations 3, Solve time = 220.822 ms
Schwarz(Jacobi)+Bicgstab:  Solving for Uz, Initial residual = 0.0010925733769953992, Final residual = 4.0925654141005264e-05, No Iterations 3, Solve time = 220.822 ms
[mem] after-UEqn: DEVICE_POOL current=19126 MB  actual(reserved)=38146 MB  highWater=24414 MB
[GinkgoSolver] p-cache: reuse(update_matrix_value) solve=28 rebuildInterval=0
config(Cg+Multigrid):  Solving for p, Initial residual = 0.0012825977551551354, Final residual = 1.2316080676919276e-05, No Iterations 8, Solve time = 1171.955 ms
time step continuity errors : sum local = 3.0845908567665724e-06, global = 3.5747948174092654e-08, cumulative = -1.8477728912736226e-07
[mem] after-pEqn: DEVICE_POOL current=19126 MB  actual(reserved)=38146 MB  highWater=24414 MB
[GinkgoSolver] p-cache: reuse(update_matrix_value) solve=28 rebuildInterval=0
Schwarz(Jacobi)+Bicgstab:  Solving for omega, Initial residual = 1.2784711658667729e-05, Final residual = 8.300937675768918e-07, No Iterations 2, Solve time = 90.057 ms
bounding omega, min: -56099.00647287923 max: 45355982.660438195 average: 6370.635781282647
[GinkgoSolver] p-cache: reuse(update_matrix_value) solve=28 rebuildInterval=0
Schwarz(Jacobi)+Bicgstab:  Solving for k, Initial residual = 0.0002422833279931299, Final residual = 1.2725462772059662e-05, No Iterations 2, Solve time = 72.474 ms
bounding k, min: -0.00048177662542926773 max: 875.3021640156994 average: 9.13634643070992
[mem] after-turb: DEVICE_POOL current=19126 MB  actual(reserved)=38146 MB  highWater=24414 MB
ExecutionTime = 122.27 s  ClockTime = 123 s

Time = 1029
[mem] step-start: DEVICE_POOL current=19126 MB  actual(reserved)=38146 MB  highWater=24414 MB
Schwarz(Jacobi)+Bicgstab:  Solving for Ux, Initial residual = 7.905017701009072e-05, Final residual = 4.437821456154737e-06, No Iterations 2, Solve time = 164.304 ms
Schwarz(Jacobi)+Bicgstab:  Solving for Uy, Initial residual = 0.004172978747995105, Final residual = 0.0003988896844452468, No Iterations 2, Solve time = 164.304 ms
Schwarz(Jacobi)+Bicgstab:  Solving for Uz, Initial residual = 0.001091639380117378, Final residual = 7.53363010404695e-05, No Iterations 2, Solve time = 164.304 ms
[mem] after-UEqn: DEVICE_POOL current=19126 MB  actual(reserved)=38146 MB  highWater=24414 MB
[GinkgoSolver] p-cache: reuse(update_matrix_value) solve=29 rebuildInterval=0
config(Cg+Multigrid):  Solving for p, Initial residual = 0.0012876398346240824, Final residual = 1.1765899587360585e-05, No Iterations 8, Solve time = 1165.913 ms
time step continuity errors : sum local = 2.9472584774621155e-06, global = 2.3694576552533335e-08, cumulative = -1.6108271257482893e-07
[mem] after-pEqn: DEVICE_POOL current=19126 MB  actual(reserved)=38146 MB  highWater=24414 MB
[GinkgoSolver] p-cache: reuse(update_matrix_value) solve=29 rebuildInterval=0
Schwarz(Jacobi)+Bicgstab:  Solving for omega, Initial residual = 1.2816322121526917e-05, Final residual = 8.363356900432805e-07, No Iterations 2, Solve time = 90.283 ms
bounding omega, min: -54650.08421103705 max: 45355982.665774256 average: 6370.529140889677
[GinkgoSolver] p-cache: reuse(update_matrix_value) solve=29 rebuildInterval=0
Schwarz(Jacobi)+Bicgstab:  Solving for k, Initial residual = 0.0002428511193528127, Final residual = 1.3270806417193049e-05, No Iterations 2, Solve time = 73.093 ms
bounding k, min: -0.0009490203699890447 max: 874.5831730705564 average: 9.135614445652935
[mem] after-turb: DEVICE_POOL current=19126 MB  actual(reserved)=38146 MB  highWater=24414 MB
ExecutionTime = 124.95 s  ClockTime = 126 s

Time = 1030
[mem] step-start: DEVICE_POOL current=19126 MB  actual(reserved)=38146 MB  highWater=24414 MB
Schwarz(Jacobi)+Bicgstab:  Solving for Ux, Initial residual = 7.92384442101943e-05, Final residual = 4.463329599977526e-06, No Iterations 2, Solve time = 169.704 ms
Schwarz(Jacobi)+Bicgstab:  Solving for Uy, Initial residual = 0.004166229421860391, Final residual = 0.000703778408949544, No Iterations 2, Solve time = 169.704 ms
Schwarz(Jacobi)+Bicgstab:  Solving for Uz, Initial residual = 0.001095917095851216, Final residual = 7.447495005329369e-05, No Iterations 2, Solve time = 169.704 ms
[mem] after-UEqn: DEVICE_POOL current=19126 MB  actual(reserved)=38146 MB  highWater=24414 MB
[GinkgoSolver] p-cache: reuse(update_matrix_value) solve=30 rebuildInterval=0
config(Cg+Multigrid):  Solving for p, Initial residual = 0.0012853341536424015, Final residual = 1.2098523974041891e-05, No Iterations 7, Solve time = 1044.122 ms
time step continuity errors : sum local = 3.0309687505921605e-06, global = 6.551255776007482e-09, cumulative = -1.5453145679882146e-07
[mem] after-pEqn: DEVICE_POOL current=19126 MB  actual(reserved)=38146 MB  highWater=24414 MB
[GinkgoSolver] p-cache: reuse(update_matrix_value) solve=30 rebuildInterval=0
Schwarz(Jacobi)+Bicgstab:  Solving for omega, Initial residual = 1.2827964494034024e-05, Final residual = 8.407873063901611e-07, No Iterations 2, Solve time = 77.567 ms
bounding omega, min: -266799.2087741616 max: 45355982.67222227 average: 6370.503269947897
[GinkgoSolver] p-cache: reuse(update_matrix_value) solve=30 rebuildInterval=0
Schwarz(Jacobi)+Bicgstab:  Solving for k, Initial residual = 0.00024308086074931916, Final residual = 1.386376360327351e-05, No Iterations 2, Solve time = 73.503 ms
bounding k, min: -0.00013943484249663 max: 873.989686143511 average: 9.135115542815711
[mem] after-turb: DEVICE_POOL current=19126 MB  actual(reserved)=38146 MB  highWater=24414 MB
ExecutionTime = 127.51 s  ClockTime = 128 s

Time = 1031
[mem] step-start: DEVICE_POOL current=19126 MB  actual(reserved)=38146 MB  highWater=24414 MB
Schwarz(Jacobi)+Bicgstab:  Solving for Ux, Initial residual = 7.919477923078783e-05, Final residual = 3.170447624921558e-06, No Iterations 3, Solve time = 216.42 ms
Schwarz(Jacobi)+Bicgstab:  Solving for Uy, Initial residual = 0.004219455211273126, Final residual = 0.000133053482359111, No Iterations 3, Solve time = 216.42 ms
Schwarz(Jacobi)+Bicgstab:  Solving for Uz, Initial residual = 0.001095174881010782, Final residual = 4.6494715563863526e-05, No Iterations 3, Solve time = 216.42 ms
[mem] after-UEqn: DEVICE_POOL current=19126 MB  actual(reserved)=38146 MB  highWater=24414 MB
[GinkgoSolver] p-cache: reuse(update_matrix_value) solve=31 rebuildInterval=0
config(Cg+Multigrid):  Solving for p, Initial residual = 0.0012831340238185112, Final residual = 1.246076078016075e-05, No Iterations 7, Solve time = 1036.62 ms
time step continuity errors : sum local = 3.1219450471165167e-06, global = -1.3204962467885379e-08, cumulative = -1.6773641926670682e-07
[mem] after-pEqn: DEVICE_POOL current=19126 MB  actual(reserved)=38146 MB  highWater=24414 MB
[GinkgoSolver] p-cache: reuse(update_matrix_value) solve=31 rebuildInterval=0
Schwarz(Jacobi)+Bicgstab:  Solving for omega, Initial residual = 1.2828579030873599e-05, Final residual = 8.359367168900454e-07, No Iterations 2, Solve time = 74.438 ms
bounding omega, min: -53513.25655846613 max: 45355982.679738894 average: 6370.534574127278
[GinkgoSolver] p-cache: reuse(update_matrix_value) solve=31 rebuildInterval=0
Schwarz(Jacobi)+Bicgstab:  Solving for k, Initial residual = 0.00024355523913560342, Final residual = 1.4162986473334903e-05, No Iterations 2, Solve time = 73.598 ms
bounding k, min: -2.381262730146756e-05 max: 873.5027760755962 average: 9.134492365527525
[mem] after-turb: DEVICE_POOL current=19126 MB  actual(reserved)=38146 MB  highWater=24414 MB
ExecutionTime = 130.12 s  ClockTime = 131 s

Time = 1032
[mem] step-start: DEVICE_POOL current=19126 MB  actual(reserved)=38146 MB  highWater=24414 MB
Schwarz(Jacobi)+Bicgstab:  Solving for Ux, Initial residual = 7.919691790995565e-05, Final residual = 8.155380263039496e-07, No Iterations 4, Solve time = 262.244 ms
Schwarz(Jacobi)+Bicgstab:  Solving for Uy, Initial residual = 0.004233155234273543, Final residual = 0.00020205144769899817, No Iterations 4, Solve time = 262.244 ms
Schwarz(Jacobi)+Bicgstab:  Solving for Uz, Initial residual = 0.0010937308813747217, Final residual = 4.702307596265054e-05, No Iterations 4, Solve time = 262.244 ms
[mem] after-UEqn: DEVICE_POOL current=19126 MB  actual(reserved)=38146 MB  highWater=24414 MB
[GinkgoSolver] p-cache: reuse(update_matrix_value) solve=32 rebuildInterval=0
config(Cg+Multigrid):  Solving for p, Initial residual = 0.001275008928493044, Final residual = 1.1264797861859455e-05, No Iterations 8, Solve time = 1166.788 ms
time step continuity errors : sum local = 2.822431185610529e-06, global = -3.344643372668071e-08, cumulative = -2.0118285299338754e-07
[mem] after-pEqn: DEVICE_POOL current=19126 MB  actual(reserved)=38146 MB  highWater=24414 MB
[GinkgoSolver] p-cache: reuse(update_matrix_value) solve=32 rebuildInterval=0
Schwarz(Jacobi)+Bicgstab:  Solving for omega, Initial residual = 1.2794096235926325e-05, Final residual = 8.322679446329059e-07, No Iterations 2, Solve time = 78.423 ms
bounding omega, min: -52455.98897673007 max: 45355982.68783432 average: 6370.496759962239
[GinkgoSolver] p-cache: reuse(update_matrix_value) solve=32 rebuildInterval=0
Schwarz(Jacobi)+Bicgstab:  Solving for k, Initial residual = 0.00024389515929467383, Final residual = 1.4235526131849642e-05, No Iterations 2, Solve time = 72.706 ms
bounding k, min: -0.0001379681199653634 max: 873.1189268339502 average: 9.133711255242677
[mem] after-turb: DEVICE_POOL current=19126 MB  actual(reserved)=38146 MB  highWater=24414 MB
ExecutionTime = 132.9 s  ClockTime = 134 s

Time = 1033
[mem] step-start: DEVICE_POOL current=19126 MB  actual(reserved)=38146 MB  highWater=24414 MB
Schwarz(Jacobi)+Bicgstab:  Solving for Ux, Initial residual = 7.90612663199013e-05, Final residual = 3.2164405337123536e-06, No Iterations 3, Solve time = 214.657 ms
Schwarz(Jacobi)+Bicgstab:  Solving for Uy, Initial residual = 0.00424483685862253, Final residual = 0.00013619749877235996, No Iterations 3, Solve time = 214.657 ms
Schwarz(Jacobi)+Bicgstab:  Solving for Uz, Initial residual = 0.0010939485524118567, Final residual = 3.817721729429297e-05, No Iterations 3, Solve time = 214.657 ms
[mem] after-UEqn: DEVICE_POOL current=19126 MB  actual(reserved)=38146 MB  highWater=24414 MB
[GinkgoSolver] p-cache: reuse(update_matrix_value) solve=33 rebuildInterval=0
config(Cg+Multigrid):  Solving for p, Initial residual = 0.0012778090728854058, Final residual = 1.0146126766629285e-05, No Iterations 8, Solve time = 1169.474 ms
time step continuity errors : sum local = 2.5422198504061855e-06, global = -5.4451124437676034e-08, cumulative = -2.556339774310636e-07
[mem] after-pEqn: DEVICE_POOL current=19126 MB  actual(reserved)=38146 MB  highWater=24414 MB
[GinkgoSolver] p-cache: reuse(update_matrix_value) solve=33 rebuildInterval=0
Schwarz(Jacobi)+Bicgstab:  Solving for omega, Initial residual = 1.2800198919478396e-05, Final residual = 8.389395043809581e-07, No Iterations 2, Solve time = 90.952 ms
bounding omega, min: -51456.81831469672 max: 45355982.695504695 average: 6370.470183035312
[GinkgoSolver] p-cache: reuse(update_matrix_value) solve=33 rebuildInterval=0
Schwarz(Jacobi)+Bicgstab:  Solving for k, Initial residual = 0.00024458566271347564, Final residual = 1.4261666222545692e-05, No Iterations 2, Solve time = 72.825 ms
bounding k, min: -3.438746760976339e-05 max: 872.8496316390358 average: 9.13298863337287
[mem] after-turb: DEVICE_POOL current=19126 MB  actual(reserved)=38146 MB  highWater=24414 MB
ExecutionTime = 135.63 s  ClockTime = 137 s

Time = 1034
[mem] step-start: DEVICE_POOL current=19126 MB  actual(reserved)=38146 MB  highWater=24414 MB
Schwarz(Jacobi)+Bicgstab:  Solving for Ux, Initial residual = 7.917123374353904e-05, Final residual = 3.2493599756399803e-06, No Iterations 3, Solve time = 214.163 ms
Schwarz(Jacobi)+Bicgstab:  Solving for Uy, Initial residual = 0.004249298479029504, Final residual = 0.0001359006695050828, No Iterations 3, Solve time = 214.163 ms
Schwarz(Jacobi)+Bicgstab:  Solving for Uz, Initial residual = 0.0010951583017535975, Final residual = 3.55498780948569e-05, No Iterations 3, Solve time = 214.163 ms
[mem] after-UEqn: DEVICE_POOL current=19126 MB  actual(reserved)=38146 MB  highWater=24414 MB
[GinkgoSolver] p-cache: reuse(update_matrix_value) solve=34 rebuildInterval=0
config(Cg+Multigrid):  Solving for p, Initial residual = 0.001281522428428556, Final residual = 1.2790955875847892e-05, No Iterations 7, Solve time = 1051.115 ms
time step continuity errors : sum local = 3.20496485624628e-06, global = -7.740583229728005e-08, cumulative = -3.3303980972834364e-07
[mem] after-pEqn: DEVICE_POOL current=19126 MB  actual(reserved)=38146 MB  highWater=24414 MB
[GinkgoSolver] p-cache: reuse(update_matrix_value) solve=34 rebuildInterval=0
Schwarz(Jacobi)+Bicgstab:  Solving for omega, Initial residual = 1.2811703209036049e-05, Final residual = 8.445844245917515e-07, No Iterations 2, Solve time = 76.01 ms
bounding omega, min: -218117.8284361669 max: 45355982.70139115 average: 6370.4508675191
[GinkgoSolver] p-cache: reuse(update_matrix_value) solve=34 rebuildInterval=0
Schwarz(Jacobi)+Bicgstab:  Solving for k, Initial residual = 0.00024520267343897757, Final residual = 1.3640228442549563e-05, No Iterations 2, Solve time = 73.532 ms
bounding k, min: -9.223574337408724e-06 max: 872.6513751267488 average: 9.132278539171145
[mem] after-turb: DEVICE_POOL current=19126 MB  actual(reserved)=38146 MB  highWater=24414 MB
ExecutionTime = 138.25 s  ClockTime = 139 s

Time = 1035
[mem] step-start: DEVICE_POOL current=19126 MB  actual(reserved)=38146 MB  highWater=24414 MB
Schwarz(Jacobi)+Bicgstab:  Solving for Ux, Initial residual = 7.927443494951435e-05, Final residual = 4.728870063564831e-06, No Iterations 2, Solve time = 154.253 ms
Schwarz(Jacobi)+Bicgstab:  Solving for Uy, Initial residual = 0.004252648990029585, Final residual = 0.00029982906770077315, No Iterations 2, Solve time = 154.253 ms
Schwarz(Jacobi)+Bicgstab:  Solving for Uz, Initial residual = 0.001097034529467309, Final residual = 7.440017856670087e-05, No Iterations 2, Solve time = 154.253 ms
[mem] after-UEqn: DEVICE_POOL current=19126 MB  actual(reserved)=38146 MB  highWater=24414 MB
[GinkgoSolver] p-cache: reuse(update_matrix_value) solve=35 rebuildInterval=0
config(Cg+Multigrid):  Solving for p, Initial residual = 0.0012911660782415452, Final residual = 1.1161421878644993e-05, No Iterations 8, Solve time = 1168.069 ms
time step continuity errors : sum local = 2.796794988137041e-06, global = -9.092889506376785e-08, cumulative = -4.239687047921115e-07
[mem] after-pEqn: DEVICE_POOL current=19126 MB  actual(reserved)=38146 MB  highWater=24414 MB
[GinkgoSolver] p-cache: reuse(update_matrix_value) solve=35 rebuildInterval=0
Schwarz(Jacobi)+Bicgstab:  Solving for omega, Initial residual = 1.285849027455875e-05, Final residual = 8.511819764792892e-07, No Iterations 2, Solve time = 73.841 ms
bounding omega, min: -49273.66260425271 max: 45355982.70414925 average: 6370.474314734717
[GinkgoSolver] p-cache: reuse(update_matrix_value) solve=35 rebuildInterval=0
Schwarz(Jacobi)+Bicgstab:  Solving for k, Initial residual = 0.00024603819514787466, Final residual = 1.304161711358829e-05, No Iterations 2, Solve time = 72.355 ms
bounding k, min: -0.0002647265985846149 max: 872.4881446010731 average: 9.131677977084166
[mem] after-turb: DEVICE_POOL current=19126 MB  actual(reserved)=38146 MB  highWater=24414 MB
ExecutionTime = 140.92 s  ClockTime = 142 s

Time = 1036
[mem] step-start: DEVICE_POOL current=19126 MB  actual(reserved)=38146 MB  highWater=24414 MB
Schwarz(Jacobi)+Bicgstab:  Solving for Ux, Initial residual = 7.955107463487057e-05, Final residual = 4.708185989868832e-06, No Iterations 3, Solve time = 217.375 ms
Schwarz(Jacobi)+Bicgstab:  Solving for Uy, Initial residual = 0.004243846631723458, Final residual = 0.00015252850701116957, No Iterations 3, Solve time = 217.375 ms
Schwarz(Jacobi)+Bicgstab:  Solving for Uz, Initial residual = 0.0011033655998699734, Final residual = 5.7060952265759654e-05, No Iterations 3, Solve time = 217.375 ms
[mem] after-UEqn: DEVICE_POOL current=19126 MB  actual(reserved)=38146 MB  highWater=24414 MB
[GinkgoSolver] p-cache: reuse(update_matrix_value) solve=36 rebuildInterval=0
config(Cg+Multigrid):  Solving for p, Initial residual = 0.0012916950376128315, Final residual = 1.1126399591153684e-05, No Iterations 8, Solve time = 1168.639 ms
time step continuity errors : sum local = 2.7883809010541774e-06, global = -1.0583771375246203e-07, cumulative = -5.298064185445736e-07
[mem] after-pEqn: DEVICE_POOL current=19126 MB  actual(reserved)=38146 MB  highWater=24414 MB
[GinkgoSolver] p-cache: reuse(update_matrix_value) solve=36 rebuildInterval=0
Schwarz(Jacobi)+Bicgstab:  Solving for omega, Initial residual = 1.2892739600524709e-05, Final residual = 8.594615236601432e-07, No Iterations 2, Solve time = 82.832 ms
bounding omega, min: -47955.19769606173 max: 45355982.702877015 average: 6370.511914835143
[GinkgoSolver] p-cache: reuse(update_matrix_value) solve=36 rebuildInterval=0
Schwarz(Jacobi)+Bicgstab:  Solving for k, Initial residual = 0.0002466475189601898, Final residual = 1.3362229303455735e-05, No Iterations 2, Solve time = 72.368 ms
bounding k, min: -0.0006856818794986957 max: 872.3857816847739 average: 9.131168352894182
[mem] after-turb: DEVICE_POOL current=19126 MB  actual(reserved)=38146 MB  highWater=24414 MB
ExecutionTime = 143.66 s  ClockTime = 145 s

Time = 1037
[mem] step-start: DEVICE_POOL current=19126 MB  actual(reserved)=38146 MB  highWater=24414 MB
Schwarz(Jacobi)+Bicgstab:  Solving for Ux, Initial residual = 7.976072407116369e-05, Final residual = 5.823059334191805e-06, No Iterations 3, Solve time = 218.083 ms
Schwarz(Jacobi)+Bicgstab:  Solving for Uy, Initial residual = 0.0042490545578642265, Final residual = 0.00014297088484204845, No Iterations 3, Solve time = 218.083 ms
Schwarz(Jacobi)+Bicgstab:  Solving for Uz, Initial residual = 0.0011062882627740152, Final residual = 5.362734588196035e-05, No Iterations 3, Solve time = 218.083 ms
[mem] after-UEqn: DEVICE_POOL current=19126 MB  actual(reserved)=38146 MB  highWater=24414 MB
[GinkgoSolver] p-cache: reuse(update_matrix_value) solve=37 rebuildInterval=0
config(Cg+Multigrid):  Solving for p, Initial residual = 0.0012966434632491412, Final residual = 1.1400249658725545e-05, No Iterations 8, Solve time = 1172.017 ms
time step continuity errors : sum local = 2.857630204807017e-06, global = -1.1623549841379529e-07, cumulative = -6.460419169583688e-07
[mem] after-pEqn: DEVICE_POOL current=19126 MB  actual(reserved)=38146 MB  highWater=24414 MB
[GinkgoSolver] p-cache: reuse(update_matrix_value) solve=37 rebuildInterval=0
Schwarz(Jacobi)+Bicgstab:  Solving for omega, Initial residual = 1.2947341360752875e-05, Final residual = 8.741953529568204e-07, No Iterations 2, Solve time = 80.721 ms
bounding omega, min: -46948.80800825461 max: 45355982.69768333 average: 6370.593699593562
[GinkgoSolver] p-cache: reuse(update_matrix_value) solve=37 rebuildInterval=0
Schwarz(Jacobi)+Bicgstab:  Solving for k, Initial residual = 0.00024733526032506874, Final residual = 1.3484502738006529e-05, No Iterations 2, Solve time = 72.958 ms
bounding k, min: -0.0011267924189356142 max: 872.3160241836456 average: 9.130801104997811
[mem] after-turb: DEVICE_POOL current=19126 MB  actual(reserved)=38146 MB  highWater=24414 MB
ExecutionTime = 146.41 s  ClockTime = 147 s

Time = 1038
[mem] step-start: DEVICE_POOL current=19126 MB  actual(reserved)=38146 MB  highWater=24414 MB
Schwarz(Jacobi)+Bicgstab:  Solving for Ux, Initial residual = 8.001864266585598e-05, Final residual = 4.289824306697451e-06, No Iterations 3, Solve time = 229.007 ms
Schwarz(Jacobi)+Bicgstab:  Solving for Uy, Initial residual = 0.004261818125946465, Final residual = 0.00013833181451697907, No Iterations 3, Solve time = 229.007 ms
Schwarz(Jacobi)+Bicgstab:  Solving for Uz, Initial residual = 0.00110799163082795, Final residual = 3.691354674285484e-05, No Iterations 3, Solve time = 229.007 ms
[mem] after-UEqn: DEVICE_POOL current=19126 MB  actual(reserved)=38146 MB  highWater=24414 MB
[GinkgoSolver] p-cache: reuse(update_matrix_value) solve=38 rebuildInterval=0
config(Cg+Multigrid):  Solving for p, Initial residual = 0.0012958891869819834, Final residual = 1.1906664436255802e-05, No Iterations 8, Solve time = 1174.674 ms
time step continuity errors : sum local = 2.98544090904681e-06, global = -1.2257618786868177e-07, cumulative = -7.686181048270506e-07
[mem] after-pEqn: DEVICE_POOL current=19126 MB  actual(reserved)=38146 MB  highWater=24414 MB
[GinkgoSolver] p-cache: reuse(update_matrix_value) solve=38 rebuildInterval=0
Schwarz(Jacobi)+Bicgstab:  Solving for omega, Initial residual = 1.2971687525389954e-05, Final residual = 8.821638318790386e-07, No Iterations 2, Solve time = 90.227 ms
bounding omega, min: -334650.48671876884 max: 45355982.68867045 average: 6370.651614789333
[GinkgoSolver] p-cache: reuse(update_matrix_value) solve=38 rebuildInterval=0
Schwarz(Jacobi)+Bicgstab:  Solving for k, Initial residual = 0.0002478510891063652, Final residual = 1.3570749631876835e-05, No Iterations 2, Solve time = 72.43 ms
bounding k, min: -0.003031936240742679 max: 872.2588765889883 average: 9.130414372440862
[mem] after-turb: DEVICE_POOL current=19126 MB  actual(reserved)=38146 MB  highWater=24414 MB
ExecutionTime = 149.16 s  ClockTime = 150 s

Time = 1039
[mem] step-start: DEVICE_POOL current=19126 MB  actual(reserved)=38146 MB  highWater=24414 MB
Schwarz(Jacobi)+Bicgstab:  Solving for Ux, Initial residual = 8.010996006934622e-05, Final residual = 8.49835160240311e-06, No Iterations 3, Solve time = 215.535 ms
Schwarz(Jacobi)+Bicgstab:  Solving for Uy, Initial residual = 0.004279709342760519, Final residual = 0.00013773152459961815, No Iterations 3, Solve time = 215.535 ms
Schwarz(Jacobi)+Bicgstab:  Solving for Uz, Initial residual = 0.0011077617821503491, Final residual = 3.7617692314857036e-05, No Iterations 3, Solve time = 215.535 ms
[mem] after-UEqn: DEVICE_POOL current=19126 MB  actual(reserved)=38146 MB  highWater=24414 MB
[GinkgoSolver] p-cache: reuse(update_matrix_value) solve=39 rebuildInterval=0
config(Cg+Multigrid):  Solving for p, Initial residual = 0.0013119772931091055, Final residual = 1.2163869897889999e-05, No Iterations 8, Solve time = 1168.688 ms
time step continuity errors : sum local = 3.0511780969436356e-06, global = -1.2335072811095832e-07, cumulative = -8.919688329380088e-07
[mem] after-pEqn: DEVICE_POOL current=19126 MB  actual(reserved)=38146 MB  highWater=24414 MB
[GinkgoSolver] p-cache: reuse(update_matrix_value) solve=39 rebuildInterval=0
Schwarz(Jacobi)+Bicgstab:  Solving for omega, Initial residual = 1.3040869805124418e-05, Final residual = 8.975504709838782e-07, No Iterations 2, Solve time = 78.56 ms
bounding omega, min: -45442.40484944356 max: 45355982.67597264 average: 6370.785328580132
[GinkgoSolver] p-cache: reuse(update_matrix_value) solve=39 rebuildInterval=0
Schwarz(Jacobi)+Bicgstab:  Solving for k, Initial residual = 0.0002486701545742813, Final residual = 1.3566443306434884e-05, No Iterations 2, Solve time = 73.242 ms
bounding k, min: -0.005318081975676528 max: 872.2031516590372 average: 9.130313438736511
[mem] after-turb: DEVICE_POOL current=19126 MB  actual(reserved)=38146 MB  highWater=24414 MB
ExecutionTime = 151.89 s  ClockTime = 153 s

Time = 1040
[mem] step-start: DEVICE_POOL current=19126 MB  actual(reserved)=38146 MB  highWater=24414 MB
Schwarz(Jacobi)+Bicgstab:  Solving for Ux, Initial residual = 8.053079048195793e-05, Final residual = 2.5005574130895918e-06, No Iterations 3, Solve time = 220.192 ms
Schwarz(Jacobi)+Bicgstab:  Solving for Uy, Initial residual = 0.004299817886442965, Final residual = 0.00013965690139959152, No Iterations 3, Solve time = 220.192 ms
Schwarz(Jacobi)+Bicgstab:  Solving for Uz, Initial residual = 0.001107975351575657, Final residual = 3.6167356645661545e-05, No Iterations 3, Solve time = 220.192 ms
[mem] after-UEqn: DEVICE_POOL current=19126 MB  actual(reserved)=38146 MB  highWater=24414 MB
[GinkgoSolver] p-cache: reuse(update_matrix_value) solve=40 rebuildInterval=0
config(Cg+Multigrid):  Solving for p, Initial residual = 0.0012960919560386444, Final residual = 1.2563246773066674e-05, No Iterations 8, Solve time = 1176.811 ms
time step continuity errors : sum local = 3.152780357438725e-06, global = -1.2185285203087535e-07, cumulative = -1.0138216849688842e-06
[mem] after-pEqn: DEVICE_POOL current=19126 MB  actual(reserved)=38146 MB  highWater=24414 MB
[GinkgoSolver] p-cache: reuse(update_matrix_value) solve=40 rebuildInterval=0
Schwarz(Jacobi)+Bicgstab:  Solving for omega, Initial residual = 1.3032962024337101e-05, Final residual = 8.949797214303272e-07, No Iterations 2, Solve time = 76.573 ms
bounding omega, min: -44459.88138817939 max: 45355982.66077902 average: 6370.826342562841
[GinkgoSolver] p-cache: reuse(update_matrix_value) solve=40 rebuildInterval=0
Schwarz(Jacobi)+Bicgstab:  Solving for k, Initial residual = 0.00024884475754847026, Final residual = 1.2820776131727733e-05, No Iterations 2, Solve time = 72.461 ms
bounding k, min: -0.007933637261414127 max: 872.1405458429767 average: 9.130056394963702
[mem] after-turb: DEVICE_POOL current=19126 MB  actual(reserved)=38146 MB  highWater=24414 MB
ExecutionTime = 154.62 s  ClockTime = 156 s

Time = 1041
[mem] step-start: DEVICE_POOL current=19126 MB  actual(reserved)=38146 MB  highWater=24414 MB
Schwarz(Jacobi)+Bicgstab:  Solving for Ux, Initial residual = 8.039212641293394e-05, Final residual = 5.4412765586216025e-06, No Iterations 3, Solve time = 213.498 ms
Schwarz(Jacobi)+Bicgstab:  Solving for Uy, Initial residual = 0.004320003905976332, Final residual = 0.00014251687390829973, No Iterations 3, Solve time = 213.498 ms
Schwarz(Jacobi)+Bicgstab:  Solving for Uz, Initial residual = 0.0011083471766258624, Final residual = 4.205671083324971e-05, No Iterations 3, Solve time = 213.498 ms
[mem] after-UEqn: DEVICE_POOL current=19126 MB  actual(reserved)=38146 MB  highWater=24414 MB
[GinkgoSolver] p-cache: reuse(update_matrix_value) solve=41 rebuildInterval=0
config(Cg+Multigrid):  Solving for p, Initial residual = 0.0012849128275062864, Final residual = 1.0750147351908836e-05, No Iterations 9, Solve time = 1297.46 ms
time step continuity errors : sum local = 2.6991903129790095e-06, global = -1.1259183813056727e-07, cumulative = -1.1264135230994514e-06
[mem] after-pEqn: DEVICE_POOL current=19126 MB  actual(reserved)=38146 MB  highWater=24414 MB
[GinkgoSolver] p-cache: reuse(update_matrix_value) solve=41 rebuildInterval=0
Schwarz(Jacobi)+Bicgstab:  Solving for omega, Initial residual = 1.2967914753846499e-05, Final residual = 8.815126738105931e-07, No Iterations 2, Solve time = 90.252 ms
bounding omega, min: -44916.079702518844 max: 45355982.64406023 average: 6370.764679623492
[GinkgoSolver] p-cache: reuse(update_matrix_value) solve=41 rebuildInterval=0
Schwarz(Jacobi)+Bicgstab:  Solving for k, Initial residual = 0.0002485447922454148, Final residual = 1.1059522740933073e-05, No Iterations 2, Solve time = 72.293 ms
bounding k, min: -0.0214113915006771 max: 872.0621103324411 average: 9.12953828006819
[mem] after-turb: DEVICE_POOL current=19126 MB  actual(reserved)=38146 MB  highWater=24414 MB
ExecutionTime = 157.48 s  ClockTime = 158 s

Time = 1042
[mem] step-start: DEVICE_POOL current=19126 MB  actual(reserved)=38146 MB  highWater=24414 MB
Schwarz(Jacobi)+Bicgstab:  Solving for Ux, Initial residual = 8.005795714178839e-05, Final residual = 5.062598825740807e-06, No Iterations 2, Solve time = 167.709 ms
Schwarz(Jacobi)+Bicgstab:  Solving for Uy, Initial residual = 0.004338655571394548, Final residual = 0.0004477154953863843, No Iterations 2, Solve time = 167.709 ms
Schwarz(Jacobi)+Bicgstab:  Solving for Uz, Initial residual = 0.0011094816533869535, Final residual = 7.456245071489334e-05, No Iterations 2, Solve time = 167.709 ms
[mem] after-UEqn: DEVICE_POOL current=19126 MB  actual(reserved)=38146 MB  highWater=24414 MB
[GinkgoSolver] p-cache: reuse(update_matrix_value) solve=42 rebuildInterval=0
config(Cg+Multigrid):  Solving for p, Initial residual = 0.0012892346120744079, Final residual = 1.043602046188805e-05, No Iterations 9, Solve time = 1302.304 ms
time step continuity errors : sum local = 2.6218959600321026e-06, global = -1.0136293714304783e-07, cumulative = -1.2277764602424993e-06
[mem] after-pEqn: DEVICE_POOL current=19126 MB  actual(reserved)=38146 MB  highWater=24414 MB
[GinkgoSolver] p-cache: reuse(update_matrix_value) solve=42 rebuildInterval=0
Schwarz(Jacobi)+Bicgstab:  Solving for omega, Initial residual = 1.2975731537608962e-05, Final residual = 8.889441568211867e-07, No Iterations 2, Solve time = 90.507 ms
bounding omega, min: -233150.29676022517 max: 45355982.62729119 average: 6370.648611891565
[GinkgoSolver] p-cache: reuse(update_matrix_value) solve=42 rebuildInterval=0
Schwarz(Jacobi)+Bicgstab:  Solving for k, Initial residual = 0.0002491585924487741, Final residual = 1.2343432984425344e-05, No Iterations 3, Solve time = 94.549 ms
bounding k, min: -0.0026024580077932177 max: 871.9671582162823 average: 9.129193708710623
[mem] after-turb: DEVICE_POOL current=19126 MB  actual(reserved)=38146 MB  highWater=24414 MB
ExecutionTime = 160.31 s  ClockTime = 161 s

Time = 1043
[mem] step-start: DEVICE_POOL current=19126 MB  actual(reserved)=38146 MB  highWater=24414 MB
Schwarz(Jacobi)+Bicgstab:  Solving for Ux, Initial residual = 8.030570172545202e-05, Final residual = 4.5550884666667616e-06, No Iterations 2, Solve time = 171.778 ms
Schwarz(Jacobi)+Bicgstab:  Solving for Uy, Initial residual = 0.004330982936407804, Final residual = 0.0006908782184717867, No Iterations 2, Solve time = 171.778 ms
Schwarz(Jacobi)+Bicgstab:  Solving for Uz, Initial residual = 0.0011154848977869532, Final residual = 7.420237491452952e-05, No Iterations 2, Solve time = 171.778 ms
[mem] after-UEqn: DEVICE_POOL current=19126 MB  actual(reserved)=38146 MB  highWater=24414 MB
[GinkgoSolver] p-cache: reuse(update_matrix_value) solve=43 rebuildInterval=0
config(Cg+Multigrid):  Solving for p, Initial residual = 0.001286376735706844, Final residual = 1.2363597191676922e-05, No Iterations 7, Solve time = 1040.322 ms
time step continuity errors : sum local = 3.1072147204706747e-06, global = -1.0212342536742446e-07, cumulative = -1.3298998856099237e-06
[mem] after-pEqn: DEVICE_POOL current=19126 MB  actual(reserved)=38146 MB  highWater=24414 MB
[GinkgoSolver] p-cache: reuse(update_matrix_value) solve=43 rebuildInterval=0
Schwarz(Jacobi)+Bicgstab:  Solving for omega, Initial residual = 1.3087466754377238e-05, Final residual = 8.924407442476701e-07, No Iterations 2, Solve time = 78.227 ms
bounding omega, min: -45733.47423839498 max: 45355982.61443485 average: 6370.597985426968
[GinkgoSolver] p-cache: reuse(update_matrix_value) solve=43 rebuildInterval=0
Schwarz(Jacobi)+Bicgstab:  Solving for k, Initial residual = 0.0002492603425606611, Final residual = 1.501196545760771e-05, No Iterations 2, Solve time = 72.994 ms
bounding k, min: -0.0005999873220324543 max: 871.8485681324897 average: 9.129156984438586
[mem] after-turb: DEVICE_POOL current=19126 MB  actual(reserved)=38146 MB  highWater=24414 MB
ExecutionTime = 162.86 s  ClockTime = 164 s

Time = 1044
[mem] step-start: DEVICE_POOL current=19126 MB  actual(reserved)=38146 MB  highWater=24414 MB
Schwarz(Jacobi)+Bicgstab:  Solving for Ux, Initial residual = 8.027573479740921e-05, Final residual = 6.220824469515798e-07, No Iterations 5, Solve time = 317.15 ms
Schwarz(Jacobi)+Bicgstab:  Solving for Uy, Initial residual = 0.004381847861375821, Final residual = 3.178560360950361e-05, No Iterations 5, Solve time = 317.15 ms
Schwarz(Jacobi)+Bicgstab:  Solving for Uz, Initial residual = 0.001116514896703503, Final residual = 1.355882485158053e-05, No Iterations 5, Solve time = 317.15 ms
[mem] after-UEqn: DEVICE_POOL current=19126 MB  actual(reserved)=38146 MB  highWater=24414 MB
[GinkgoSolver] p-cache: reuse(update_matrix_value) solve=44 rebuildInterval=0
config(Cg+Multigrid):  Solving for p, Initial residual = 0.0012772641729067065, Final residual = 1.19301243638439e-05, No Iterations 8, Solve time = 1180.098 ms
time step continuity errors : sum local = 2.9983710827027213e-06, global = -8.892793366645848e-08, cumulative = -1.4188278192763823e-06
[mem] after-pEqn: DEVICE_POOL current=19126 MB  actual(reserved)=38146 MB  highWater=24414 MB
[GinkgoSolver] p-cache: reuse(update_matrix_value) solve=44 rebuildInterval=0
Schwarz(Jacobi)+Bicgstab:  Solving for omega, Initial residual = 1.3031109018071962e-05, Final residual = 8.808930988840873e-07, No Iterations 2, Solve time = 77.133 ms
bounding omega, min: -46014.1463028683 max: 45355982.60480422 average: 6370.484662892755
[GinkgoSolver] p-cache: reuse(update_matrix_value) solve=44 rebuildInterval=0
Schwarz(Jacobi)+Bicgstab:  Solving for k, Initial residual = 0.000249505140246402, Final residual = 1.2520806750337382e-05, No Iterations 2, Solve time = 73.938 ms
bounding k, min: -0.006332874997029406 max: 871.6969038327527 average: 9.128949716255603
[mem] after-turb: DEVICE_POOL current=19126 MB  actual(reserved)=38146 MB  highWater=24414 MB
ExecutionTime = 165.7 s  ClockTime = 167 s

Time = 1045
[mem] step-start: DEVICE_POOL current=19126 MB  actual(reserved)=38146 MB  highWater=24414 MB
Schwarz(Jacobi)+Bicgstab:  Solving for Ux, Initial residual = 8.008056234144272e-05, Final residual = 5.759206262269216e-07, No Iterations 5, Solve time = 326.051 ms
Schwarz(Jacobi)+Bicgstab:  Solving for Uy, Initial residual = 0.004391304165165221, Final residual = 3.0597986399202416e-05, No Iterations 5, Solve time = 326.051 ms
Schwarz(Jacobi)+Bicgstab:  Solving for Uz, Initial residual = 0.0011138755127671407, Final residual = 1.6619423103822257e-05, No Iterations 5, Solve time = 326.051 ms
[mem] after-UEqn: DEVICE_POOL current=19126 MB  actual(reserved)=38146 MB  highWater=24414 MB
[GinkgoSolver] p-cache: reuse(update_matrix_value) solve=45 rebuildInterval=0
config(Cg+Multigrid):  Solving for p, Initial residual = 0.0012685474808330707, Final residual = 1.2118906689889448e-05, No Iterations 8, Solve time = 1171.033 ms
time step continuity errors : sum local = 3.0454845302981686e-06, global = -8.420226336800077e-08, cumulative = -1.503030082644383e-06
[mem] after-pEqn: DEVICE_POOL current=19126 MB  actual(reserved)=38146 MB  highWater=24414 MB
[GinkgoSolver] p-cache: reuse(update_matrix_value) solve=45 rebuildInterval=0
Schwarz(Jacobi)+Bicgstab:  Solving for omega, Initial residual = 1.296964381512852e-05, Final residual = 8.786687734107265e-07, No Iterations 2, Solve time = 79.124 ms
bounding omega, min: -46415.645849314824 max: 45355982.597701706 average: 6370.3517661478445
[GinkgoSolver] p-cache: reuse(update_matrix_value) solve=45 rebuildInterval=0
Schwarz(Jacobi)+Bicgstab:  Solving for k, Initial residual = 0.000249607481610381, Final residual = 1.5160091534750937e-05, No Iterations 2, Solve time = 72.511 ms
bounding k, min: -0.01665079193718546 max: 871.5009477008672 average: 9.128648831471596
[mem] after-turb: DEVICE_POOL current=19126 MB  actual(reserved)=38146 MB  highWater=24414 MB
ExecutionTime = 168.51 s  ClockTime = 169 s

Time = 1046
[mem] step-start: DEVICE_POOL current=19126 MB  actual(reserved)=38146 MB  highWater=24414 MB
Schwarz(Jacobi)+Bicgstab:  Solving for Ux, Initial residual = 7.997498867411739e-05, Final residual = 3.836907807293951e-06, No Iterations 3, Solve time = 209.7 ms
Schwarz(Jacobi)+Bicgstab:  Solving for Uy, Initial residual = 0.004394494133767679, Final residual = 0.00014205205051975552, No Iterations 3, Solve time = 209.7 ms
Schwarz(Jacobi)+Bicgstab:  Solving for Uz, Initial residual = 0.0011126731042178436, Final residual = 3.9163601719716186e-05, No Iterations 3, Solve time = 209.7 ms
[mem] after-UEqn: DEVICE_POOL current=19126 MB  actual(reserved)=38146 MB  highWater=24414 MB
[GinkgoSolver] p-cache: reuse(update_matrix_value) solve=46 rebuildInterval=0
config(Cg+Multigrid):  Solving for p, Initial residual = 0.0012697537988922178, Final residual = 1.1893982875551248e-05, No Iterations 8, Solve time = 1181.592 ms
time step continuity errors : sum local = 2.988158705892611e-06, global = -8.081443805950048e-08, cumulative = -1.5838445207038834e-06
[mem] after-pEqn: DEVICE_POOL current=19126 MB  actual(reserved)=38146 MB  highWater=24414 MB
[GinkgoSolver] p-cache: reuse(update_matrix_value) solve=46 rebuildInterval=0
Schwarz(Jacobi)+Bicgstab:  Solving for omega, Initial residual = 1.3035804520250981e-05, Final residual = 8.816029491478445e-07, No Iterations 2, Solve time = 90.461 ms
bounding omega, min: -194646.11181415996 max: 45355982.59394073 average: 6370.207979361256
[GinkgoSolver] p-cache: reuse(update_matrix_value) solve=46 rebuildInterval=0
Schwarz(Jacobi)+Bicgstab:  Solving for k, Initial residual = 0.0002501713133916975, Final residual = 1.4735778520093002e-05, No Iterations 2, Solve time = 73.012 ms
bounding k, min: -0.004342591114930072 max: 871.271318469364 average: 9.128571133651898
[mem] after-turb: DEVICE_POOL current=19126 MB  actual(reserved)=38146 MB  highWater=24414 MB
ExecutionTime = 171.25 s  ClockTime = 172 s

Time = 1047
[mem] step-start: DEVICE_POOL current=19126 MB  actual(reserved)=38146 MB  highWater=24414 MB
Schwarz(Jacobi)+Bicgstab:  Solving for Ux, Initial residual = 8.013798029622165e-05, Final residual = 8.632458231051681e-06, No Iterations 3, Solve time = 231.164 ms
Schwarz(Jacobi)+Bicgstab:  Solving for Uy, Initial residual = 0.004396892154205392, Final residual = 0.00014286853498441735, No Iterations 3, Solve time = 231.164 ms
Schwarz(Jacobi)+Bicgstab:  Solving for Uz, Initial residual = 0.0011133095482777147, Final residual = 3.526301510166426e-05, No Iterations 3, Solve time = 231.164 ms
[mem] after-UEqn: DEVICE_POOL current=19126 MB  actual(reserved)=38146 MB  highWater=24414 MB
[GinkgoSolver] p-cache: reuse(update_matrix_value) solve=47 rebuildInterval=0
config(Cg+Multigrid):  Solving for p, Initial residual = 0.0012923203303704795, Final residual = 1.111869854345162e-05, No Iterations 15, Solve time = 2073.65 ms
time step continuity errors : sum local = 2.7921424119420033e-06, global = -6.585562558346668e-08, cumulative = -1.6497001462873502e-06
[mem] after-pEqn: DEVICE_POOL current=19126 MB  actual(reserved)=38146 MB  highWater=24414 MB
[GinkgoSolver] p-cache: reuse(update_matrix_value) solve=47 rebuildInterval=0
Schwarz(Jacobi)+Bicgstab:  Solving for omega, Initial residual = 1.3084404486600657e-05, Final residual = 8.93167420562035e-07, No Iterations 2, Solve time = 78.752 ms
bounding omega, min: -47009.80357224902 max: 45355982.59283582 average: 6370.194232999285
[GinkgoSolver] p-cache: reuse(update_matrix_value) solve=47 rebuildInterval=0
Schwarz(Jacobi)+Bicgstab:  Solving for k, Initial residual = 0.00025099574501716553, Final residual = 1.54678398402654e-05, No Iterations 2, Solve time = 72.484 ms
bounding k, min: -0.004239382384187841 max: 871.0188757335184 average: 9.128799256380313
[mem] after-turb: DEVICE_POOL current=19126 MB  actual(reserved)=38146 MB  highWater=24414 MB
ExecutionTime = 174.9 s  ClockTime = 176 s

Time = 1048
[mem] step-start: DEVICE_POOL current=19126 MB  actual(reserved)=38146 MB  highWater=24414 MB
Schwarz(Jacobi)+Bicgstab:  Solving for Ux, Initial residual = 8.057001434236339e-05, Final residual = 3.93857958854664e-06, No Iterations 3, Solve time = 220.211 ms
Schwarz(Jacobi)+Bicgstab:  Solving for Uy, Initial residual = 0.004395751579062987, Final residual = 0.00014400391259629004, No Iterations 3, Solve time = 220.211 ms
Schwarz(Jacobi)+Bicgstab:  Solving for Uz, Initial residual = 0.0011143126509584494, Final residual = 4.062819391475934e-05, No Iterations 3, Solve time = 220.211 ms
[mem] after-UEqn: DEVICE_POOL current=19126 MB  actual(reserved)=38146 MB  highWater=24414 MB
[GinkgoSolver] p-cache: reuse(update_matrix_value) solve=48 rebuildInterval=0
config(Cg+Multigrid):  Solving for p, Initial residual = 0.001291445100344068, Final residual = 1.1740084928268912e-05, No Iterations 7, Solve time = 1048.296 ms
time step continuity errors : sum local = 2.932442299126504e-06, global = -7.691655186896721e-08, cumulative = -1.7266166981563173e-06
[mem] after-pEqn: DEVICE_POOL current=19126 MB  actual(reserved)=38146 MB  highWater=24414 MB
[GinkgoSolver] p-cache: reuse(update_matrix_value) solve=48 rebuildInterval=0
Schwarz(Jacobi)+Bicgstab:  Solving for omega, Initial residual = 1.3087761089517813e-05, Final residual = 8.899070878418939e-07, No Iterations 2, Solve time = 79.584 ms
bounding omega, min: -47221.38618480964 max: 45355982.59408962 average: 6370.1360776114325
[GinkgoSolver] p-cache: reuse(update_matrix_value) solve=48 rebuildInterval=0
Schwarz(Jacobi)+Bicgstab:  Solving for k, Initial residual = 0.0002512942226979261, Final residual = 1.4127107992494898e-05, No Iterations 2, Solve time = 72.488 ms
bounding k, min: -0.00656797611455931 max: 870.7192822917965 average: 9.128986654038547
[mem] after-turb: DEVICE_POOL current=19126 MB  actual(reserved)=38146 MB  highWater=24414 MB
ExecutionTime = 177.52 s  ClockTime = 179 s

Time = 1049
[mem] step-start: DEVICE_POOL current=19126 MB  actual(reserved)=38146 MB  highWater=24414 MB
Schwarz(Jacobi)+Bicgstab:  Solving for Ux, Initial residual = 8.055997992007408e-05, Final residual = 4.151707030515319e-06, No Iterations 2, Solve time = 161.837 ms
Schwarz(Jacobi)+Bicgstab:  Solving for Uy, Initial residual = 0.004395261744921784, Final residual = 0.00024411741807143884, No Iterations 2, Solve time = 161.837 ms
Schwarz(Jacobi)+Bicgstab:  Solving for Uz, Initial residual = 0.0011161558519138248, Final residual = 7.538669634477516e-05, No Iterations 2, Solve time = 161.837 ms
[mem] after-UEqn: DEVICE_POOL current=19126 MB  actual(reserved)=38146 MB  highWater=24414 MB
[GinkgoSolver] p-cache: reuse(update_matrix_value) solve=49 rebuildInterval=0
config(Cg+Multigrid):  Solving for p, Initial residual = 0.001291525405376782, Final residual = 1.240051090556156e-05, No Iterations 7, Solve time = 1037.973 ms
time step continuity errors : sum local = 3.097125444650655e-06, global = -8.061245087633818e-08, cumulative = -1.8072291490326554e-06
[mem] after-pEqn: DEVICE_POOL current=19126 MB  actual(reserved)=38146 MB  highWater=24414 MB
[GinkgoSolver] p-cache: reuse(update_matrix_value) solve=49 rebuildInterval=0
Schwarz(Jacobi)+Bicgstab:  Solving for omega, Initial residual = 1.3081623781833536e-05, Final residual = 8.941193502013065e-07, No Iterations 2, Solve time = 90.079 ms
bounding omega, min: -47467.44855953954 max: 45355982.59758402 average: 6370.1275955665915
[GinkgoSolver] p-cache: reuse(update_matrix_value) solve=49 rebuildInterval=0
Schwarz(Jacobi)+Bicgstab:  Solving for k, Initial residual = 0.000251642855633042, Final residual = 1.459463938094989e-05, No Iterations 2, Solve time = 73.155 ms
bounding k, min: -0.004659679104415823 max: 870.4817509104755 average: 9.129211357949707
[mem] after-turb: DEVICE_POOL current=19126 MB  actual(reserved)=38146 MB  highWater=24414 MB
ExecutionTime = 180.07 s  ClockTime = 181 s

Time = 1050
[mem] step-start: DEVICE_POOL current=19126 MB  actual(reserved)=38146 MB  highWater=24414 MB
Schwarz(Jacobi)+Bicgstab:  Solving for Ux, Initial residual = 8.067245216134308e-05, Final residual = 4.4710972706113925e-06, No Iterations 2, Solve time = 171.699 ms
Schwarz(Jacobi)+Bicgstab:  Solving for Uy, Initial residual = 0.004387715724245838, Final residual = 0.0006821584038965313, No Iterations 2, Solve time = 171.699 ms
Schwarz(Jacobi)+Bicgstab:  Solving for Uz, Initial residual = 0.0011217794476373645, Final residual = 7.642770372698404e-05, No Iterations 2, Solve time = 171.699 ms
[mem] after-UEqn: DEVICE_POOL current=19126 MB  actual(reserved)=38146 MB  highWater=24414 MB
[GinkgoSolver] p-cache: reuse(update_matrix_value) solve=50 rebuildInterval=0
config(Cg+Multigrid):  Solving for p, Initial residual = 0.0012946261094275583, Final residual = 1.2858471333624968e-05, No Iterations 7, Solve time = 1045.529 ms
time step continuity errors : sum local = 3.2119281988600515e-06, global = -8.752211960942376e-08, cumulative = -1.8947512686420792e-06
[mem] after-pEqn: DEVICE_POOL current=19126 MB  actual(reserved)=38146 MB  highWater=24414 MB
[GinkgoSolver] p-cache: reuse(update_matrix_value) solve=50 rebuildInterval=0
Schwarz(Jacobi)+Bicgstab:  Solving for omega, Initial residual = 1.3116394175421481e-05, Final residual = 8.961226864193644e-07, No Iterations 2, Solve time = 90.795 ms
bounding omega, min: -138551.95518291972 max: 45355982.60364949 average: 6370.2010238777175
[GinkgoSolver] p-cache: reuse(update_matrix_value) solve=50 rebuildInterval=0
Schwarz(Jacobi)+Bicgstab:  Solving for k, Initial residual = 0.00025179135308283816, Final residual = 1.4790962823035857e-05, No Iterations 2, Solve time = 72.336 ms
bounding k, min: -0.0052279771986464 max: 870.2803079528177 average: 9.129728304340558
[mem] after-turb: DEVICE_POOL current=19126 MB  actual(reserved)=38146 MB  highWater=24414 MB
Writing p
Writing U
Writing turbulence variables
ExecutionTime = 183.82 s  ClockTime = 186 s

Finalizing NeoN
Finalising parallel run
