/*---------------------------------------------------------------------------*\
| =========                 |                                                 |
| \\      /  F ield         | OpenFOAM: The Open Source CFD Toolbox           |
|  \\    /   O peration     | Version:  2506                                  |
|   \\  /    A nd           | Website:  www.openfoam.com                      |
|    \\/     M anipulation  |                                                 |
\*---------------------------------------------------------------------------*/
Build  : b050cd9480-20250814 OPENFOAM=2506 version=v2506
Arch   : "LSB;label=32;scalar=64"
Exec   : /storage/home/greole/code/NeoFOAM/build/profilingnvidia_h200/bin/neoSimpleFoam -parallel
Date   : Jul 14 2026
Time   : 22:42:59
Host   : gpu-nvidia-h200-3.int.coma-cluster.de
PID    : 3705271
I/O    : uncollated
Case   : /storage/home/greole/code/NeoFOAM/occDrivAerStaticMesh
nProcs : 4
Hosts  :
(
    (gpu-nvidia-h200-3.int.coma-cluster.de 4)
)
Pstream initialized with:
    node communication : off [type=host] (4 ranks, 1 nodes)
    topology controls  : none
    consensus exchange : 0 (tuning: 0)
    exchange algorithm : 0
    commsType          : nonBlocking
    polling iterations : 0
trapFpe: Floating point exception trapping enabled (FOAM_SIGFPE).
fileModificationChecking : Monitoring run-time modified files using timeStampMaster (fileModificationSkew 5, maxFileModificationPolls 20)
allowSystemOperations : Allowing user-supplied system call operations

// * * * * * * * * * * * * * * * * * * * * * * * * * * * * * * * * * * * * * //
Create time

Initializing NeoN
Creating Executor GPU
Creating NeoFOAM runTime
GPU-aware MPI: library-available=yes, NeoN-flag=on, executor=GPUExecutor, ranks=4 -> used=yes

SIMPLE: no convergence criteria found. Calculations will run for 50 steps.

Reading field p

Reading field U

Reading/calculating face flux field phi

Selecting incompressible transport model Newtonian
NeoFOAM solver config (from fvSolution configFile) for 'config(Cg+Multigrid)':
{
    cacheSolver: true
    configFile: <NeoN::TokenList>
    l1ScaledResidual: true
    preconditionerRebuildInterval: 0
    relTol: 0.010000
    reportName: config(Cg+Multigrid)
    solver: Ginkgo
    tolerance: 0.000000
}
    effective optimize: false
    effective checkFrequency: 1
Mapping OpenFOAM solver settings to NeoN settings.
Currently, it is advisable to specify a configFile
for fine grained Ginkgo solver control

Replacing solver PBiCGStab by solver::Bicgstab
Replacing preconditioner diagonal by preconditioner::Schwarz (Schwarz-wrapped for distributed run)
NeoFOAM solver config (mapped from fvSolution) for 'Schwarz(Jacobi)+Bicgstab':
{
    cacheSolver: true
    criteria: {
        absolute_residual_norm: 0.000000
        initial_residual_norm: 0.100000
        iteration: 1000
    }
    l1ScaledResidual: true
    optimize: true
    preconditioner: {
        local_solver: {
            max_block_size: 1
            type: preconditioner::Jacobi
        }
        type: preconditioner::Schwarz
    }
    reportName: Schwarz(Jacobi)+Bicgstab
    solver: Ginkgo
    type: solver::Bicgstab
}
    effective optimize: true
    effective checkFrequency: 1
Creating phi

[NF][/storage/home/greole/code/NeoFOAM/include/NeoFOAM/auxiliary/readers.hpp::434]: Internal: 49333487, Boundary: 1754396

[NF][/storage/home/greole/code/NeoFOAM/include/NeoFOAM/auxiliary/readers.hpp::434]: Internal: 49320882, Boundary: 1762558

[NF][/storage/home/greole/code/NeoFOAM/include/NeoFOAM/auxiliary/readers.hpp::434]: Internal: 49261542, Boundary: 1427829

[NF][/storage/home/greole/code/NeoFOAM/include/NeoFOAM/auxiliary/readers.hpp::434]: Internal: 49243125, Boundary: 1362247
Selecting patchDistMethod meshWave
Mapping OpenFOAM solver settings to NeoN settings.
Currently, it is advisable to specify a configFile
for fine grained Ginkgo solver control

Replacing solver PBiCGStab by solver::Bicgstab
Replacing preconditioner diagonal by preconditioner::Schwarz (Schwarz-wrapped for distributed run)
NeoFOAM solver config (mapped from fvSolution) for 'Schwarz(Jacobi)+Bicgstab':
{
    cacheSolver: true
    criteria: {
        absolute_residual_norm: 0.000000
        initial_residual_norm: 0.100000
        iteration: 1000
    }
    l1ScaledResidual: true
    optimize: true
    preconditioner: {
        local_solver: {
            max_block_size: 1
            type: preconditioner::Jacobi
        }
        type: preconditioner::Schwarz
    }
    reportName: Schwarz(Jacobi)+Bicgstab
    solver: Ginkgo
    type: solver::Bicgstab
}
    effective optimize: true
    effective checkFrequency: 1
Mapping OpenFOAM solver settings to NeoN settings.
Currently, it is advisable to specify a configFile
for fine grained Ginkgo solver control

Replacing solver PBiCGStab by solver::Bicgstab
Replacing preconditioner diagonal by preconditioner::Schwarz (Schwarz-wrapped for distributed run)
NeoFOAM solver config (mapped from fvSolution) for 'Schwarz(Jacobi)+Bicgstab':
{
    cacheSolver: true
    criteria: {
        absolute_residual_norm: 0.000000
        initial_residual_norm: 0.100000
        iteration: 1000
    }
    l1ScaledResidual: true
    optimize: true
    preconditioner: {
        local_solver: {
            max_block_size: 1
            type: preconditioner::Jacobi
        }
        type: preconditioner::Schwarz
    }
    reportName: Schwarz(Jacobi)+Bicgstab
    solver: Ginkgo
    type: solver::Bicgstab
}
    effective optimize: true
    effective checkFrequency: 1
[mem] setup.end: DEVICE_POOL current=12979 MB  actual(reserved)=38146 MB  highWater=19132 MB
Starting time loop
Time = 1001
[mem] step-start: DEVICE_POOL current=12979 MB  actual(reserved)=38146 MB  highWater=19132 MB
Schwarz(Jacobi)+Bicgstab:  Solving for Ux, Initial residual = 7.915653595473662e-05, Final residual = 3.117924029466495e-06, No Iterations 3, Solve time = 238.032 ms
Schwarz(Jacobi)+Bicgstab:  Solving for Uy, Initial residual = 0.0040314963885018755, Final residual = 0.00014160852369410673, No Iterations 3, Solve time = 238.032 ms
Schwarz(Jacobi)+Bicgstab:  Solving for Uz, Initial residual = 0.0011224948656558269, Final residual = 4.8975396728925676e-05, No Iterations 3, Solve time = 238.032 ms
[mem] after-UEqn: DEVICE_POOL current=15473 MB  actual(reserved)=38146 MB  highWater=20761 MB
[GinkgoSolver] p-cache: rebuild(generate) solve=1 rebuildInterval=0
config(Cg+Multigrid):  Solving for p, Initial residual = 0.0013092178421721902, Final residual = 9.217640716155517e-06, No Iterations 7, Solve time = 1037.886 ms
time step continuity errors : sum local = 2.3277606681625677e-06, global = 3.3130693109557e-08, cumulative = 3.3130693109557e-08
[mem] after-pEqn: DEVICE_POOL current=16941 MB  actual(reserved)=38146 MB  highWater=20761 MB
[GinkgoSolver] p-cache: rebuild(generate) solve=1 rebuildInterval=0
Schwarz(Jacobi)+Bicgstab:  Solving for omega, Initial residual = 1.3008412714343408e-05, Final residual = 9.269065108800149e-07, No Iterations 2, Solve time = 75.383 ms
bounding omega, min: -36010.21067903452 max: 45355982.77769652 average: 6373.864286372295
[GinkgoSolver] p-cache: rebuild(generate) solve=1 rebuildInterval=0
Schwarz(Jacobi)+Bicgstab:  Solving for k, Initial residual = 0.00024224187753798355, Final residual = 9.448816229508153e-06, No Iterations 3, Solve time = 97.449 ms
bounding k, min: -2.420872855633919e-05 max: 942.8724260779848 average: 9.152758414776557
[mem] after-turb: DEVICE_POOL current=19126 MB  actual(reserved)=38146 MB  highWater=21935 MB
ExecutionTime = 48.02 s  ClockTime = 48 s

Time = 1002
[mem] step-start: DEVICE_POOL current=19126 MB  actual(reserved)=38146 MB  highWater=21935 MB
Schwarz(Jacobi)+Bicgstab:  Solving for Ux, Initial residual = 7.875176310059854e-05, Final residual = 2.9917103586718748e-06, No Iterations 3, Solve time = 225.898 ms
Schwarz(Jacobi)+Bicgstab:  Solving for Uy, Initial residual = 0.00403384779694116, Final residual = 0.00014052788301972032, No Iterations 3, Solve time = 225.898 ms
Schwarz(Jacobi)+Bicgstab:  Solving for Uz, Initial residual = 0.001119064126343956, Final residual = 4.113598890067152e-05, No Iterations 3, Solve time = 225.898 ms
[mem] after-UEqn: DEVICE_POOL current=19126 MB  actual(reserved)=38146 MB  highWater=24414 MB
[GinkgoSolver] p-cache: reuse(update_matrix_value) solve=2 rebuildInterval=0
config(Cg+Multigrid):  Solving for p, Initial residual = 0.0012772300331034027, Final residual = 9.210587938178159e-06, No Iterations 7, Solve time = 1020.68 ms
time step continuity errors : sum local = 2.328110468584315e-06, global = 2.2298057442010393e-08, cumulative = 5.5428750551567393e-08
[mem] after-pEqn: DEVICE_POOL current=19126 MB  actual(reserved)=38146 MB  highWater=24414 MB
[GinkgoSolver] p-cache: reuse(update_matrix_value) solve=2 rebuildInterval=0
Schwarz(Jacobi)+Bicgstab:  Solving for omega, Initial residual = 1.311952215059306e-05, Final residual = 8.756279542303337e-07, No Iterations 2, Solve time = 78.499 ms
bounding omega, min: -93825.0489105687 max: 45355982.85230135 average: 6373.582979886065
[GinkgoSolver] p-cache: reuse(update_matrix_value) solve=2 rebuildInterval=0
Schwarz(Jacobi)+Bicgstab:  Solving for k, Initial residual = 0.0002414925541759551, Final residual = 1.1412303558195394e-05, No Iterations 2, Solve time = 72.729 ms
bounding k, min: -0.00028969057610261147 max: 934.3164557224593 average: 9.152492104148878
[mem] after-turb: DEVICE_POOL current=19126 MB  actual(reserved)=38146 MB  highWater=24414 MB
ExecutionTime = 50.59 s  ClockTime = 51 s

Time = 1003
[mem] step-start: DEVICE_POOL current=19126 MB  actual(reserved)=38146 MB  highWater=24414 MB
Schwarz(Jacobi)+Bicgstab:  Solving for Ux, Initial residual = 7.857933638837898e-05, Final residual = 2.4110936107676634e-06, No Iterations 3, Solve time = 222.684 ms
Schwarz(Jacobi)+Bicgstab:  Solving for Uy, Initial residual = 0.004030752027701641, Final residual = 0.00013665368597448434, No Iterations 3, Solve time = 222.684 ms
Schwarz(Jacobi)+Bicgstab:  Solving for Uz, Initial residual = 0.0011176140507002242, Final residual = 3.910924375893973e-05, No Iterations 3, Solve time = 222.684 ms
[mem] after-UEqn: DEVICE_POOL current=19126 MB  actual(reserved)=38146 MB  highWater=24414 MB
[GinkgoSolver] p-cache: reuse(update_matrix_value) solve=3 rebuildInterval=0
config(Cg+Multigrid):  Solving for p, Initial residual = 0.0012681555894848658, Final residual = 9.868768930484272e-06, No Iterations 7, Solve time = 996.383 ms
time step continuity errors : sum local = 2.4948157936956557e-06, global = 9.377364239488043e-09, cumulative = 6.480611479105543e-08
[mem] after-pEqn: DEVICE_POOL current=19126 MB  actual(reserved)=38146 MB  highWater=24414 MB
[GinkgoSolver] p-cache: reuse(update_matrix_value) solve=3 rebuildInterval=0
Schwarz(Jacobi)+Bicgstab:  Solving for omega, Initial residual = 1.2975840802832577e-05, Final residual = 8.49531701455025e-07, No Iterations 2, Solve time = 78.845 ms
bounding omega, min: -36247.09934217599 max: 45355982.94060121 average: 6373.45729940976
[GinkgoSolver] p-cache: reuse(update_matrix_value) solve=3 rebuildInterval=0
Schwarz(Jacobi)+Bicgstab:  Solving for k, Initial residual = 0.00024127589801800417, Final residual = 1.3114488390983978e-05, No Iterations 2, Solve time = 72.861 ms
bounding k, min: -0.0006909874354108277 max: 922.3230279082745 average: 9.152319055170969
[mem] after-turb: DEVICE_POOL current=19126 MB  actual(reserved)=38146 MB  highWater=24414 MB
ExecutionTime = 53.16 s  ClockTime = 53 s

Time = 1004
[mem] step-start: DEVICE_POOL current=19126 MB  actual(reserved)=38146 MB  highWater=24414 MB
Schwarz(Jacobi)+Bicgstab:  Solving for Ux, Initial residual = 7.847329036870624e-05, Final residual = 2.050900117546421e-06, No Iterations 3, Solve time = 210.974 ms
Schwarz(Jacobi)+Bicgstab:  Solving for Uy, Initial residual = 0.004025463848980268, Final residual = 0.00013308076562821718, No Iterations 3, Solve time = 210.974 ms
Schwarz(Jacobi)+Bicgstab:  Solving for Uz, Initial residual = 0.0011172523074868138, Final residual = 4.119674289782823e-05, No Iterations 3, Solve time = 210.974 ms
[mem] after-UEqn: DEVICE_POOL current=19126 MB  actual(reserved)=38146 MB  highWater=24414 MB
[GinkgoSolver] p-cache: reuse(update_matrix_value) solve=4 rebuildInterval=0
config(Cg+Multigrid):  Solving for p, Initial residual = 0.0012663880703713596, Final residual = 1.1077691338127475e-05, No Iterations 7, Solve time = 1007.94 ms
time step continuity errors : sum local = 2.7998020882382456e-06, global = -1.413825510316254e-09, cumulative = 6.339228928073918e-08
[mem] after-pEqn: DEVICE_POOL current=19126 MB  actual(reserved)=38146 MB  highWater=24414 MB
[GinkgoSolver] p-cache: reuse(update_matrix_value) solve=4 rebuildInterval=0
Schwarz(Jacobi)+Bicgstab:  Solving for omega, Initial residual = 1.2864568807489556e-05, Final residual = 8.407429096378777e-07, No Iterations 2, Solve time = 81.565 ms
bounding omega, min: -34553.39332634311 max: 45355983.02704597 average: 6373.603254677908
[GinkgoSolver] p-cache: reuse(update_matrix_value) solve=4 rebuildInterval=0
Schwarz(Jacobi)+Bicgstab:  Solving for k, Initial residual = 0.00024123870642012637, Final residual = 1.3712460871672645e-05, No Iterations 2, Solve time = 74.479 ms
bounding k, min: -0.005381734779973564 max: 907.4991636178952 average: 9.152104378793792
[mem] after-turb: DEVICE_POOL current=19126 MB  actual(reserved)=38146 MB  highWater=24414 MB
ExecutionTime = 55.73 s  ClockTime = 56 s

Time = 1005
[mem] step-start: DEVICE_POOL current=19126 MB  actual(reserved)=38146 MB  highWater=24414 MB
Schwarz(Jacobi)+Bicgstab:  Solving for Ux, Initial residual = 7.83591120243826e-05, Final residual = 3.874415149825451e-06, No Iterations 2, Solve time = 167.173 ms
Schwarz(Jacobi)+Bicgstab:  Solving for Uy, Initial residual = 0.004019754638834086, Final residual = 0.00024995311599381825, No Iterations 2, Solve time = 167.173 ms
Schwarz(Jacobi)+Bicgstab:  Solving for Uz, Initial residual = 0.0011174512932825196, Final residual = 6.369258696772707e-05, No Iterations 2, Solve time = 167.173 ms
[mem] after-UEqn: DEVICE_POOL current=19126 MB  actual(reserved)=38146 MB  highWater=24414 MB
[GinkgoSolver] p-cache: reuse(update_matrix_value) solve=5 rebuildInterval=0
config(Cg+Multigrid):  Solving for p, Initial residual = 0.0012729620961890438, Final residual = 1.237299876024097e-05, No Iterations 7, Solve time = 1013.573 ms
time step continuity errors : sum local = 3.1259292231260243e-06, global = -1.3795464179175162e-08, cumulative = 4.959682510156401e-08
[mem] after-pEqn: DEVICE_POOL current=19126 MB  actual(reserved)=38146 MB  highWater=24414 MB
[GinkgoSolver] p-cache: reuse(update_matrix_value) solve=5 rebuildInterval=0
Schwarz(Jacobi)+Bicgstab:  Solving for omega, Initial residual = 1.2846879987092572e-05, Final residual = 8.455482587179038e-07, No Iterations 2, Solve time = 90.755 ms
bounding omega, min: -35411.30478518119 max: 45355983.09606752 average: 6373.77356692851
[GinkgoSolver] p-cache: reuse(update_matrix_value) solve=5 rebuildInterval=0
Schwarz(Jacobi)+Bicgstab:  Solving for k, Initial residual = 0.00024164436649064312, Final residual = 1.3723367516129924e-05, No Iterations 2, Solve time = 77.042 ms
bounding k, min: -0.0023081243561776307 max: 900.2941978515394 average: 9.151933780364791
[mem] after-turb: DEVICE_POOL current=19126 MB  actual(reserved)=38146 MB  highWater=24414 MB
ExecutionTime = 58.28 s  ClockTime = 58 s

Time = 1006
[mem] step-start: DEVICE_POOL current=19126 MB  actual(reserved)=38146 MB  highWater=24414 MB
Schwarz(Jacobi)+Bicgstab:  Solving for Ux, Initial residual = 7.844803629265617e-05, Final residual = 2.46326637184057e-06, No Iterations 3, Solve time = 231.416 ms
Schwarz(Jacobi)+Bicgstab:  Solving for Uy, Initial residual = 0.004011447536921157, Final residual = 0.00015333814453787376, No Iterations 3, Solve time = 231.416 ms
Schwarz(Jacobi)+Bicgstab:  Solving for Uz, Initial residual = 0.0011190855786402253, Final residual = 6.148748597522449e-05, No Iterations 3, Solve time = 231.416 ms
[mem] after-UEqn: DEVICE_POOL current=19126 MB  actual(reserved)=38146 MB  highWater=24414 MB
[GinkgoSolver] p-cache: reuse(update_matrix_value) solve=6 rebuildInterval=0
config(Cg+Multigrid):  Solving for p, Initial residual = 0.0012714128183022911, Final residual = 1.180454130942289e-05, No Iterations 8, Solve time = 1131.322 ms
time step continuity errors : sum local = 2.9807175654190913e-06, global = -2.639866367084136e-08, cumulative = 2.319816143072265e-08
[mem] after-pEqn: DEVICE_POOL current=19126 MB  actual(reserved)=38146 MB  highWater=24414 MB
[GinkgoSolver] p-cache: reuse(update_matrix_value) solve=6 rebuildInterval=0
Schwarz(Jacobi)+Bicgstab:  Solving for omega, Initial residual = 1.281008566472856e-05, Final residual = 8.412333727075687e-07, No Iterations 2, Solve time = 73.954 ms
bounding omega, min: -127179.2764994048 max: 45355983.129886515 average: 6373.940259559778
[GinkgoSolver] p-cache: reuse(update_matrix_value) solve=6 rebuildInterval=0
Schwarz(Jacobi)+Bicgstab:  Solving for k, Initial residual = 0.00024171138501134987, Final residual = 1.3494139219779222e-05, No Iterations 2, Solve time = 71.965 ms
bounding k, min: -0.002351901586615246 max: 894.4129569568582 average: 9.15171913855975
[mem] after-turb: DEVICE_POOL current=19126 MB  actual(reserved)=38146 MB  highWater=24414 MB
ExecutionTime = 60.99 s  ClockTime = 61 s

Time = 1007
[mem] step-start: DEVICE_POOL current=19126 MB  actual(reserved)=38146 MB  highWater=24414 MB
Schwarz(Jacobi)+Bicgstab:  Solving for Ux, Initial residual = 7.838769574250174e-05, Final residual = 4.254569997393129e-06, No Iterations 2, Solve time = 167.918 ms
Schwarz(Jacobi)+Bicgstab:  Solving for Uy, Initial residual = 0.004008624171511525, Final residual = 0.000498076272560881, No Iterations 2, Solve time = 167.918 ms
Schwarz(Jacobi)+Bicgstab:  Solving for Uz, Initial residual = 0.0011199687110337313, Final residual = 7.052120586736805e-05, No Iterations 2, Solve time = 167.918 ms
[mem] after-UEqn: DEVICE_POOL current=19126 MB  actual(reserved)=38146 MB  highWater=24414 MB
[GinkgoSolver] p-cache: reuse(update_matrix_value) solve=7 rebuildInterval=0
config(Cg+Multigrid):  Solving for p, Initial residual = 0.0012854605127044765, Final residual = 1.0869590227269927e-05, No Iterations 7, Solve time = 1002.487 ms
time step continuity errors : sum local = 2.7426690797530464e-06, global = -3.102460735214587e-08, cumulative = -7.826445921423222e-09
[mem] after-pEqn: DEVICE_POOL current=19126 MB  actual(reserved)=38146 MB  highWater=24414 MB
[GinkgoSolver] p-cache: reuse(update_matrix_value) solve=7 rebuildInterval=0
Schwarz(Jacobi)+Bicgstab:  Solving for omega, Initial residual = 1.2811960424915925e-05, Final residual = 8.376510856071809e-07, No Iterations 2, Solve time = 90.182 ms
bounding omega, min: -33414.34882354684 max: 45355983.12157654 average: 6374.074762687913
[GinkgoSolver] p-cache: reuse(update_matrix_value) solve=7 rebuildInterval=0
Schwarz(Jacobi)+Bicgstab:  Solving for k, Initial residual = 0.00024220210448912187, Final residual = 1.3417613398607045e-05, No Iterations 2, Solve time = 72.563 ms
bounding k, min: -0.0009459502508469379 max: 892.7757955291709 average: 9.151417386724235
[mem] after-turb: DEVICE_POOL current=19126 MB  actual(reserved)=38146 MB  highWater=24414 MB
ExecutionTime = 63.53 s  ClockTime = 64 s

Time = 1008
[mem] step-start: DEVICE_POOL current=19126 MB  actual(reserved)=38146 MB  highWater=24414 MB
Schwarz(Jacobi)+Bicgstab:  Solving for Ux, Initial residual = 7.857023126221489e-05, Final residual = 4.281250903415944e-06, No Iterations 2, Solve time = 171.646 ms
Schwarz(Jacobi)+Bicgstab:  Solving for Uy, Initial residual = 0.003987123261403731, Final residual = 0.0007339899048743578, No Iterations 2, Solve time = 171.646 ms
Schwarz(Jacobi)+Bicgstab:  Solving for Uz, Initial residual = 0.0011229924822995572, Final residual = 6.399432261960666e-05, No Iterations 2, Solve time = 171.646 ms
[mem] after-UEqn: DEVICE_POOL current=19126 MB  actual(reserved)=38146 MB  highWater=24414 MB
[GinkgoSolver] p-cache: reuse(update_matrix_value) solve=8 rebuildInterval=0
config(Cg+Multigrid):  Solving for p, Initial residual = 0.0012810003430034987, Final residual = 1.1226539372013076e-05, No Iterations 12, Solve time = 1660.997 ms
time step continuity errors : sum local = 2.831830405854335e-06, global = -3.7877906912678106e-08, cumulative = -4.5704352834101325e-08
[mem] after-pEqn: DEVICE_POOL current=19126 MB  actual(reserved)=38146 MB  highWater=24414 MB
[GinkgoSolver] p-cache: reuse(update_matrix_value) solve=8 rebuildInterval=0
Schwarz(Jacobi)+Bicgstab:  Solving for omega, Initial residual = 1.2781833324204365e-05, Final residual = 8.353905065845831e-07, No Iterations 2, Solve time = 73.393 ms
bounding omega, min: -37466.43348271992 max: 45355983.05375797 average: 6374.197058366154
[GinkgoSolver] p-cache: reuse(update_matrix_value) solve=8 rebuildInterval=0
Schwarz(Jacobi)+Bicgstab:  Solving for k, Initial residual = 0.00024211240356716726, Final residual = 1.3454372458727153e-05, No Iterations 2, Solve time = 72.981 ms
bounding k, min: -0.0008809836371273493 max: 891.3664317182063 average: 9.151221989284636
[mem] after-turb: DEVICE_POOL current=19126 MB  actual(reserved)=38146 MB  highWater=24414 MB
ExecutionTime = 66.68000000000001 s  ClockTime = 67 s

Time = 1009
[mem] step-start: DEVICE_POOL current=19126 MB  actual(reserved)=38146 MB  highWater=24414 MB
Schwarz(Jacobi)+Bicgstab:  Solving for Ux, Initial residual = 7.843220939402675e-05, Final residual = 2.599920930453492e-06, No Iterations 3, Solve time = 229.945 ms
Schwarz(Jacobi)+Bicgstab:  Solving for Uy, Initial residual = 0.004037607822406855, Final residual = 0.0001347706651654054, No Iterations 3, Solve time = 229.945 ms
Schwarz(Jacobi)+Bicgstab:  Solving for Uz, Initial residual = 0.0011165543386376237, Final residual = 0.00012103816768963503, No Iterations 3, Solve time = 229.945 ms
[mem] after-UEqn: DEVICE_POOL current=19126 MB  actual(reserved)=38146 MB  highWater=24414 MB
[GinkgoSolver] p-cache: reuse(update_matrix_value) solve=9 rebuildInterval=0
config(Cg+Multigrid):  Solving for p, Initial residual = 0.0012951620779974627, Final residual = 1.2937211496656819e-05, No Iterations 7, Solve time = 1018.76 ms
time step continuity errors : sum local = 3.255737751871118e-06, global = -4.7826363359339256e-08, cumulative = -9.353071619344059e-08
[mem] after-pEqn: DEVICE_POOL current=19126 MB  actual(reserved)=38146 MB  highWater=24414 MB
[GinkgoSolver] p-cache: reuse(update_matrix_value) solve=9 rebuildInterval=0
Schwarz(Jacobi)+Bicgstab:  Solving for omega, Initial residual = 1.2745674192966304e-05, Final residual = 8.339601994265882e-07, No Iterations 2, Solve time = 90.821 ms
bounding omega, min: -38673.118554887384 max: 45355982.89547291 average: 6374.2316333479985
[GinkgoSolver] p-cache: reuse(update_matrix_value) solve=9 rebuildInterval=0
Schwarz(Jacobi)+Bicgstab:  Solving for k, Initial residual = 0.0002422194448357064, Final residual = 1.3348794225895834e-05, No Iterations 2, Solve time = 73.054 ms
bounding k, min: -0.0014953606167274897 max: 891.9471468651611 average: 9.150624874622173
[mem] after-turb: DEVICE_POOL current=19126 MB  actual(reserved)=38146 MB  highWater=24414 MB
ExecutionTime = 69.31 s  ClockTime = 70 s

Time = 1010
[mem] step-start: DEVICE_POOL current=19126 MB  actual(reserved)=38146 MB  highWater=24414 MB
Schwarz(Jacobi)+Bicgstab:  Solving for Ux, Initial residual = 7.836731196531913e-05, Final residual = 2.8552105363774573e-06, No Iterations 3, Solve time = 208.843 ms
Schwarz(Jacobi)+Bicgstab:  Solving for Uy, Initial residual = 0.004060960949124777, Final residual = 0.00013573201721494497, No Iterations 3, Solve time = 208.843 ms
Schwarz(Jacobi)+Bicgstab:  Solving for Uz, Initial residual = 0.0011001763405494084, Final residual = 4.451390523439233e-05, No Iterations 3, Solve time = 208.843 ms
[mem] after-UEqn: DEVICE_POOL current=19126 MB  actual(reserved)=38146 MB  highWater=24414 MB
[GinkgoSolver] p-cache: reuse(update_matrix_value) solve=10 rebuildInterval=0
config(Cg+Multigrid):  Solving for p, Initial residual = 0.0012762683790441065, Final residual = 1.1839328389086023e-05, No Iterations 7, Solve time = 1010.157 ms
time step continuity errors : sum local = 2.978916337528246e-06, global = -5.1372103691373333e-08, cumulative = -1.4490281988481391e-07
[mem] after-pEqn: DEVICE_POOL current=19126 MB  actual(reserved)=38146 MB  highWater=24414 MB
[GinkgoSolver] p-cache: reuse(update_matrix_value) solve=10 rebuildInterval=0
Schwarz(Jacobi)+Bicgstab:  Solving for omega, Initial residual = 1.2722895484059447e-05, Final residual = 8.33335009572913e-07, No Iterations 2, Solve time = 81.3 ms
bounding omega, min: -159060.79423048804 max: 45355982.674661554 average: 6374.191349421597
[GinkgoSolver] p-cache: reuse(update_matrix_value) solve=10 rebuildInterval=0
Schwarz(Jacobi)+Bicgstab:  Solving for k, Initial residual = 0.00024224847172285037, Final residual = 1.3165211685788148e-05, No Iterations 2, Solve time = 72.662 ms
bounding k, min: -0.001905792658174664 max: 892.1247300522003 average: 9.149993253804409
[mem] after-turb: DEVICE_POOL current=19126 MB  actual(reserved)=38146 MB  highWater=24414 MB
ExecutionTime = 71.89 s  ClockTime = 72 s

Time = 1011
[mem] step-start: DEVICE_POOL current=19126 MB  actual(reserved)=38146 MB  highWater=24414 MB
Schwarz(Jacobi)+Bicgstab:  Solving for Ux, Initial residual = 7.831285834443457e-05, Final residual = 3.2911535769492585e-06, No Iterations 3, Solve time = 225.976 ms
Schwarz(Jacobi)+Bicgstab:  Solving for Uy, Initial residual = 0.004073857728152691, Final residual = 0.0001372372351364195, No Iterations 3, Solve time = 225.976 ms
Schwarz(Jacobi)+Bicgstab:  Solving for Uz, Initial residual = 0.0010936504740390262, Final residual = 4.119483257744167e-05, No Iterations 3, Solve time = 225.976 ms
[mem] after-UEqn: DEVICE_POOL current=19126 MB  actual(reserved)=38146 MB  highWater=24414 MB
[GinkgoSolver] p-cache: reuse(update_matrix_value) solve=11 rebuildInterval=0
config(Cg+Multigrid):  Solving for p, Initial residual = 0.0012709618355093858, Final residual = 1.0521220289882621e-05, No Iterations 8, Solve time = 1133.161 ms
time step continuity errors : sum local = 2.6467716591098013e-06, global = -5.455982070398535e-08, cumulative = -1.9946264058879927e-07
[mem] after-pEqn: DEVICE_POOL current=19126 MB  actual(reserved)=38146 MB  highWater=24414 MB
[GinkgoSolver] p-cache: reuse(update_matrix_value) solve=11 rebuildInterval=0
Schwarz(Jacobi)+Bicgstab:  Solving for omega, Initial residual = 1.2709670557734371e-05, Final residual = 8.284443026560865e-07, No Iterations 2, Solve time = 80.649 ms
bounding omega, min: -38471.166238043195 max: 45355982.66971201 average: 6374.125529919072
[GinkgoSolver] p-cache: reuse(update_matrix_value) solve=11 rebuildInterval=0
Schwarz(Jacobi)+Bicgstab:  Solving for k, Initial residual = 0.0002422721221939234, Final residual = 1.2667542371868689e-05, No Iterations 2, Solve time = 72.081 ms
bounding k, min: -0.0005382972023209448 max: 892.9083031118587 average: 9.149290471864521
[mem] after-turb: DEVICE_POOL current=19126 MB  actual(reserved)=38146 MB  highWater=24414 MB
ExecutionTime = 74.59999999999999 s  ClockTime = 75 s

Time = 1012
[mem] step-start: DEVICE_POOL current=19126 MB  actual(reserved)=38146 MB  highWater=24414 MB
Schwarz(Jacobi)+Bicgstab:  Solving for Ux, Initial residual = 7.831478861062954e-05, Final residual = 4.237719181641267e-06, No Iterations 2, Solve time = 164.866 ms
Schwarz(Jacobi)+Bicgstab:  Solving for Uy, Initial residual = 0.004076145983220745, Final residual = 0.0005005510724172754, No Iterations 2, Solve time = 164.866 ms
Schwarz(Jacobi)+Bicgstab:  Solving for Uz, Initial residual = 0.0010913377445766258, Final residual = 6.254060126246302e-05, No Iterations 2, Solve time = 164.866 ms
[mem] after-UEqn: DEVICE_POOL current=19126 MB  actual(reserved)=38146 MB  highWater=24414 MB
[GinkgoSolver] p-cache: reuse(update_matrix_value) solve=12 rebuildInterval=0
config(Cg+Multigrid):  Solving for p, Initial residual = 0.0012871871316809335, Final residual = 1.1699238143559625e-05, No Iterations 7, Solve time = 998.694 ms
time step continuity errors : sum local = 2.942183881230018e-06, global = -5.1797838289277865e-08, cumulative = -2.5126047887807716e-07
[mem] after-pEqn: DEVICE_POOL current=19126 MB  actual(reserved)=38146 MB  highWater=24414 MB
[GinkgoSolver] p-cache: reuse(update_matrix_value) solve=12 rebuildInterval=0
Schwarz(Jacobi)+Bicgstab:  Solving for omega, Initial residual = 1.2722238483795626e-05, Final residual = 8.320320104741307e-07, No Iterations 2, Solve time = 72.25 ms
bounding omega, min: -36674.781180659826 max: 45355982.71095197 average: 6373.961371150027
[GinkgoSolver] p-cache: reuse(update_matrix_value) solve=12 rebuildInterval=0
Schwarz(Jacobi)+Bicgstab:  Solving for k, Initial residual = 0.00024260321236207487, Final residual = 1.2376847239278844e-05, No Iterations 2, Solve time = 72.609 ms
bounding k, min: -0.00015910815350156718 max: 893.0818871282607 average: 9.148463730851256
[mem] after-turb: DEVICE_POOL current=19126 MB  actual(reserved)=38146 MB  highWater=24414 MB
ExecutionTime = 77.12 s  ClockTime = 77 s

Time = 1013
[mem] step-start: DEVICE_POOL current=19126 MB  actual(reserved)=38146 MB  highWater=24414 MB
Schwarz(Jacobi)+Bicgstab:  Solving for Ux, Initial residual = 7.855043810129263e-05, Final residual = 2.9279314068949248e-06, No Iterations 3, Solve time = 228.208 ms
Schwarz(Jacobi)+Bicgstab:  Solving for Uy, Initial residual = 0.00404644817389009, Final residual = 0.00015317989809241042, No Iterations 3, Solve time = 228.208 ms
Schwarz(Jacobi)+Bicgstab:  Solving for Uz, Initial residual = 0.0010946120154433888, Final residual = 6.365821493027756e-05, No Iterations 3, Solve time = 228.208 ms
[mem] after-UEqn: DEVICE_POOL current=19126 MB  actual(reserved)=38146 MB  highWater=24414 MB
[GinkgoSolver] p-cache: reuse(update_matrix_value) solve=13 rebuildInterval=0
config(Cg+Multigrid):  Solving for p, Initial residual = 0.0012825036399889158, Final residual = 1.1282782287298333e-05, No Iterations 7, Solve time = 1020.393 ms
time step continuity errors : sum local = 2.8363671033161998e-06, global = -5.614879396895905e-08, cumulative = -3.074092728470362e-07
[mem] after-pEqn: DEVICE_POOL current=19126 MB  actual(reserved)=38146 MB  highWater=24414 MB
[GinkgoSolver] p-cache: reuse(update_matrix_value) solve=13 rebuildInterval=0
Schwarz(Jacobi)+Bicgstab:  Solving for omega, Initial residual = 1.2711795593811655e-05, Final residual = 8.349287156142615e-07, No Iterations 2, Solve time = 72.929 ms
bounding omega, min: -47432.79078067836 max: 45355982.76104585 average: 6373.749028286975
[GinkgoSolver] p-cache: reuse(update_matrix_value) solve=13 rebuildInterval=0
Schwarz(Jacobi)+Bicgstab:  Solving for k, Initial residual = 0.00024246133249714185, Final residual = 1.2200018504625732e-05, No Iterations 2, Solve time = 72.898 ms
bounding k, min: -0.0016836068566221385 max: 893.3152972258105 average: 9.147615402118513
[mem] after-turb: DEVICE_POOL current=19126 MB  actual(reserved)=38146 MB  highWater=24414 MB
ExecutionTime = 79.73999999999999 s  ClockTime = 80 s

Time = 1014
[mem] step-start: DEVICE_POOL current=19126 MB  actual(reserved)=38146 MB  highWater=24414 MB
Schwarz(Jacobi)+Bicgstab:  Solving for Ux, Initial residual = 7.853745473616119e-05, Final residual = 3.510729417105804e-06, No Iterations 3, Solve time = 224.351 ms
Schwarz(Jacobi)+Bicgstab:  Solving for Uy, Initial residual = 0.004033244052880733, Final residual = 0.00014711854251961111, No Iterations 3, Solve time = 224.351 ms
Schwarz(Jacobi)+Bicgstab:  Solving for Uz, Initial residual = 0.0010991587589989106, Final residual = 5.880171611493662e-05, No Iterations 3, Solve time = 224.351 ms
[mem] after-UEqn: DEVICE_POOL current=19126 MB  actual(reserved)=38146 MB  highWater=24414 MB
[GinkgoSolver] p-cache: reuse(update_matrix_value) solve=14 rebuildInterval=0
config(Cg+Multigrid):  Solving for p, Initial residual = 0.0012799217473378288, Final residual = 1.1218703320962732e-05, No Iterations 11, Solve time = 1510.788 ms
time step continuity errors : sum local = 2.81895810849322e-06, global = -3.735746541673615e-08, cumulative = -3.4476673826377237e-07
[mem] after-pEqn: DEVICE_POOL current=19126 MB  actual(reserved)=38146 MB  highWater=24414 MB
[GinkgoSolver] p-cache: reuse(update_matrix_value) solve=14 rebuildInterval=0
Schwarz(Jacobi)+Bicgstab:  Solving for omega, Initial residual = 1.2711166109147949e-05, Final residual = 8.367710756255002e-07, No Iterations 2, Solve time = 73.048 ms
bounding omega, min: -275366.2032451009 max: 45355982.79649368 average: 6373.527508296676
[GinkgoSolver] p-cache: reuse(update_matrix_value) solve=14 rebuildInterval=0
Schwarz(Jacobi)+Bicgstab:  Solving for k, Initial residual = 0.000242467138551789, Final residual = 1.2106886032359045e-05, No Iterations 2, Solve time = 75.802 ms
bounding k, min: -0.002007231330056855 max: 892.9543289593696 average: 9.146743397967333
[mem] after-turb: DEVICE_POOL current=19126 MB  actual(reserved)=38146 MB  highWater=24414 MB
ExecutionTime = 82.84999999999999 s  ClockTime = 83 s

Time = 1015
[mem] step-start: DEVICE_POOL current=19126 MB  actual(reserved)=38146 MB  highWater=24414 MB
Schwarz(Jacobi)+Bicgstab:  Solving for Ux, Initial residual = 7.856860811845832e-05, Final residual = 3.843194905082292e-06, No Iterations 3, Solve time = 228.549 ms
Schwarz(Jacobi)+Bicgstab:  Solving for Uy, Initial residual = 0.004032085257673462, Final residual = 0.00014096617410949233, No Iterations 3, Solve time = 228.549 ms
Schwarz(Jacobi)+Bicgstab:  Solving for Uz, Initial residual = 0.001101370354550628, Final residual = 5.2398336358807725e-05, No Iterations 3, Solve time = 228.549 ms
[mem] after-UEqn: DEVICE_POOL current=19126 MB  actual(reserved)=38146 MB  highWater=24414 MB
[GinkgoSolver] p-cache: reuse(update_matrix_value) solve=15 rebuildInterval=0
config(Cg+Multigrid):  Solving for p, Initial residual = 0.001281178074993902, Final residual = 1.1700213449283359e-05, No Iterations 7, Solve time = 1009.856 ms
time step continuity errors : sum local = 2.9364459728300244e-06, global = -4.8791832527969186e-08, cumulative = -3.9355857079174153e-07
[mem] after-pEqn: DEVICE_POOL current=19126 MB  actual(reserved)=38146 MB  highWater=24414 MB
[GinkgoSolver] p-cache: reuse(update_matrix_value) solve=15 rebuildInterval=0
Schwarz(Jacobi)+Bicgstab:  Solving for omega, Initial residual = 1.271563419498453e-05, Final residual = 8.34728061627612e-07, No Iterations 2, Solve time = 75.919 ms
bounding omega, min: -47595.03391752572 max: 45355982.78206788 average: 6373.310885936651
[GinkgoSolver] p-cache: reuse(update_matrix_value) solve=15 rebuildInterval=0
Schwarz(Jacobi)+Bicgstab:  Solving for k, Initial residual = 0.00024247825399065153, Final residual = 1.2195711226974272e-05, No Iterations 2, Solve time = 72.338 ms
bounding k, min: -0.0021115372093918616 max: 892.4580893163312 average: 9.14587099691362
[mem] after-turb: DEVICE_POOL current=19126 MB  actual(reserved)=38146 MB  highWater=24414 MB
ExecutionTime = 85.45999999999999 s  ClockTime = 86 s

Time = 1016
[mem] step-start: DEVICE_POOL current=19126 MB  actual(reserved)=38146 MB  highWater=24414 MB
Schwarz(Jacobi)+Bicgstab:  Solving for Ux, Initial residual = 7.857100286671432e-05, Final residual = 3.5459042599001403e-06, No Iterations 3, Solve time = 237.606 ms
Schwarz(Jacobi)+Bicgstab:  Solving for Uy, Initial residual = 0.004040071034661244, Final residual = 0.00013558698761276277, No Iterations 3, Solve time = 237.606 ms
Schwarz(Jacobi)+Bicgstab:  Solving for Uz, Initial residual = 0.001101130191938513, Final residual = 3.883112519668822e-05, No Iterations 3, Solve time = 237.606 ms
[mem] after-UEqn: DEVICE_POOL current=19126 MB  actual(reserved)=38146 MB  highWater=24414 MB
[GinkgoSolver] p-cache: reuse(update_matrix_value) solve=16 rebuildInterval=0
config(Cg+Multigrid):  Solving for p, Initial residual = 0.0012820054173730952, Final residual = 1.0080494196763495e-05, No Iterations 7, Solve time = 1023.663 ms
time step continuity errors : sum local = 2.5282908120493487e-06, global = -4.395671265376682e-08, cumulative = -4.3751528344550837e-07
[mem] after-pEqn: DEVICE_POOL current=19126 MB  actual(reserved)=38146 MB  highWater=24414 MB
[GinkgoSolver] p-cache: reuse(update_matrix_value) solve=16 rebuildInterval=0
Schwarz(Jacobi)+Bicgstab:  Solving for omega, Initial residual = 1.271129804116074e-05, Final residual = 8.337268783282154e-07, No Iterations 2, Solve time = 78.548 ms
bounding omega, min: -48998.882810566254 max: 45355982.71168216 average: 6373.002972771536
[GinkgoSolver] p-cache: reuse(update_matrix_value) solve=16 rebuildInterval=0
Schwarz(Jacobi)+Bicgstab:  Solving for k, Initial residual = 0.000242461679846698, Final residual = 1.2234917785747862e-05, No Iterations 2, Solve time = 72.243 ms
bounding k, min: -0.0025075264145425005 max: 891.5359121837881 average: 9.144968256524555
[mem] after-turb: DEVICE_POOL current=19126 MB  actual(reserved)=38146 MB  highWater=24414 MB
ExecutionTime = 88.08 s  ClockTime = 88 s

Time = 1017
[mem] step-start: DEVICE_POOL current=19126 MB  actual(reserved)=38146 MB  highWater=24414 MB
Schwarz(Jacobi)+Bicgstab:  Solving for Ux, Initial residual = 7.854451183160264e-05, Final residual = 4.121224083484378e-06, No Iterations 2, Solve time = 168.007 ms
Schwarz(Jacobi)+Bicgstab:  Solving for Uy, Initial residual = 0.0040534121258130025, Final residual = 0.0006737060252255122, No Iterations 2, Solve time = 168.007 ms
Schwarz(Jacobi)+Bicgstab:  Solving for Uz, Initial residual = 0.0010982300126171573, Final residual = 7.61273663124459e-05, No Iterations 2, Solve time = 168.007 ms
[mem] after-UEqn: DEVICE_POOL current=19126 MB  actual(reserved)=38146 MB  highWater=24414 MB
[GinkgoSolver] p-cache: reuse(update_matrix_value) solve=17 rebuildInterval=0
config(Cg+Multigrid):  Solving for p, Initial residual = 0.0012931116235047988, Final residual = 1.1958982493640667e-05, No Iterations 7, Solve time = 1021.651 ms
time step continuity errors : sum local = 2.997645668095883e-06, global = -3.861799075163117e-08, cumulative = -4.7613327419713954e-07
[mem] after-pEqn: DEVICE_POOL current=19126 MB  actual(reserved)=38146 MB  highWater=24414 MB
[GinkgoSolver] p-cache: reuse(update_matrix_value) solve=17 rebuildInterval=0
Schwarz(Jacobi)+Bicgstab:  Solving for omega, Initial residual = 1.2742219976557775e-05, Final residual = 8.421282168794341e-07, No Iterations 2, Solve time = 77.763 ms
bounding omega, min: -58802.272597813004 max: 45355982.63301194 average: 6372.683910924273
[GinkgoSolver] p-cache: reuse(update_matrix_value) solve=17 rebuildInterval=0
Schwarz(Jacobi)+Bicgstab:  Solving for k, Initial residual = 0.00024282431443753533, Final residual = 1.235860719684332e-05, No Iterations 2, Solve time = 72.718 ms
bounding k, min: -0.005650453444565676 max: 890.4710384854675 average: 9.144013625586156
[mem] after-turb: DEVICE_POOL current=19126 MB  actual(reserved)=38146 MB  highWater=24414 MB
ExecutionTime = 90.61 s  ClockTime = 91 s

Time = 1018
[mem] step-start: DEVICE_POOL current=19126 MB  actual(reserved)=38146 MB  highWater=24414 MB
Schwarz(Jacobi)+Bicgstab:  Solving for Ux, Initial residual = 7.875139692906051e-05, Final residual = 3.474488183092635e-06, No Iterations 3, Solve time = 219.639 ms
Schwarz(Jacobi)+Bicgstab:  Solving for Uy, Initial residual = 0.004032835590042607, Final residual = 0.00015634769780210065, No Iterations 3, Solve time = 219.639 ms
Schwarz(Jacobi)+Bicgstab:  Solving for Uz, Initial residual = 0.0011018196023786094, Final residual = 7.916498309037079e-05, No Iterations 3, Solve time = 219.639 ms
[mem] after-UEqn: DEVICE_POOL current=19126 MB  actual(reserved)=38146 MB  highWater=24414 MB
[GinkgoSolver] p-cache: reuse(update_matrix_value) solve=18 rebuildInterval=0
config(Cg+Multigrid):  Solving for p, Initial residual = 0.0012860600134997312, Final residual = 1.1786035528698422e-05, No Iterations 7, Solve time = 1021.164 ms
time step continuity errors : sum local = 2.952659215955169e-06, global = -3.637711771229224e-08, cumulative = -5.125103919094318e-07
[mem] after-pEqn: DEVICE_POOL current=19126 MB  actual(reserved)=38146 MB  highWater=24414 MB
[GinkgoSolver] p-cache: reuse(update_matrix_value) solve=18 rebuildInterval=0
Schwarz(Jacobi)+Bicgstab:  Solving for omega, Initial residual = 1.2760395032758837e-05, Final residual = 8.448438746262806e-07, No Iterations 2, Solve time = 79.004 ms
bounding omega, min: -382914.6497577288 max: 45355982.58286259 average: 6372.359013143874
[GinkgoSolver] p-cache: reuse(update_matrix_value) solve=18 rebuildInterval=0
Schwarz(Jacobi)+Bicgstab:  Solving for k, Initial residual = 0.00024284133238029355, Final residual = 1.2391846185657518e-05, No Iterations 2, Solve time = 72.921 ms
bounding k, min: -0.004445468920637977 max: 889.0948979109327 average: 9.143210405375306
[mem] after-turb: DEVICE_POOL current=19126 MB  actual(reserved)=38146 MB  highWater=24414 MB
ExecutionTime = 93.20999999999999 s  ClockTime = 94 s

Time = 1019
[mem] step-start: DEVICE_POOL current=19126 MB  actual(reserved)=38146 MB  highWater=24414 MB
Schwarz(Jacobi)+Bicgstab:  Solving for Ux, Initial residual = 7.880936065050041e-05, Final residual = 4.315731887584074e-06, No Iterations 2, Solve time = 169.596 ms
Schwarz(Jacobi)+Bicgstab:  Solving for Uy, Initial residual = 0.00403955216207129, Final residual = 0.0008036882433482154, No Iterations 2, Solve time = 169.596 ms
Schwarz(Jacobi)+Bicgstab:  Solving for Uz, Initial residual = 0.0011019588682544222, Final residual = 7.221691224571567e-05, No Iterations 2, Solve time = 169.596 ms
[mem] after-UEqn: DEVICE_POOL current=19126 MB  actual(reserved)=38146 MB  highWater=24414 MB
[GinkgoSolver] p-cache: reuse(update_matrix_value) solve=19 rebuildInterval=0
config(Cg+Multigrid):  Solving for p, Initial residual = 0.0012986951726813066, Final residual = 1.2362572473437518e-05, No Iterations 7, Solve time = 1003.607 ms
time step continuity errors : sum local = 3.0955508564035274e-06, global = -3.3705038478299834e-08, cumulative = -5.462154303877317e-07
[mem] after-pEqn: DEVICE_POOL current=19126 MB  actual(reserved)=38146 MB  highWater=24414 MB
[GinkgoSolver] p-cache: reuse(update_matrix_value) solve=19 rebuildInterval=0
Schwarz(Jacobi)+Bicgstab:  Solving for omega, Initial residual = 1.2760980511483633e-05, Final residual = 8.428673523033113e-07, No Iterations 2, Solve time = 74.001 ms
bounding omega, min: -53506.98810436057 max: 45355982.57154774 average: 6372.170175265036
[GinkgoSolver] p-cache: reuse(update_matrix_value) solve=19 rebuildInterval=0
Schwarz(Jacobi)+Bicgstab:  Solving for k, Initial residual = 0.00024266128188672962, Final residual = 1.246573360554035e-05, No Iterations 2, Solve time = 73.05 ms
bounding k, min: -0.0036206125603011965 max: 887.6298398744718 average: 9.142667175377486
[mem] after-turb: DEVICE_POOL current=19126 MB  actual(reserved)=38146 MB  highWater=24414 MB
ExecutionTime = 95.73999999999999 s  ClockTime = 96 s

Time = 1020
[mem] step-start: DEVICE_POOL current=19126 MB  actual(reserved)=38146 MB  highWater=24414 MB
Schwarz(Jacobi)+Bicgstab:  Solving for Ux, Initial residual = 7.867724965306628e-05, Final residual = 2.89526080404171e-06, No Iterations 3, Solve time = 223.882 ms
Schwarz(Jacobi)+Bicgstab:  Solving for Uy, Initial residual = 0.004113136577589569, Final residual = 0.0001340836841387355, No Iterations 3, Solve time = 223.882 ms
Schwarz(Jacobi)+Bicgstab:  Solving for Uz, Initial residual = 0.001095307510159269, Final residual = 4.1932319947360615e-05, No Iterations 3, Solve time = 223.882 ms
[mem] after-UEqn: DEVICE_POOL current=19126 MB  actual(reserved)=38146 MB  highWater=24414 MB
[GinkgoSolver] p-cache: reuse(update_matrix_value) solve=20 rebuildInterval=0
config(Cg+Multigrid):  Solving for p, Initial residual = 0.0012912542976564326, Final residual = 1.1605609699556892e-05, No Iterations 7, Solve time = 1011.966 ms
time step continuity errors : sum local = 2.904648684795557e-06, global = -3.087049335391505e-08, cumulative = -5.770859237416467e-07
[mem] after-pEqn: DEVICE_POOL current=19126 MB  actual(reserved)=38146 MB  highWater=24414 MB
[GinkgoSolver] p-cache: reuse(update_matrix_value) solve=20 rebuildInterval=0
Schwarz(Jacobi)+Bicgstab:  Solving for omega, Initial residual = 1.2739391752333558e-05, Final residual = 8.37350604072285e-07, No Iterations 2, Solve time = 91.037 ms
bounding omega, min: -60739.118235166854 max: 45355982.57180492 average: 6371.951361463641
[GinkgoSolver] p-cache: reuse(update_matrix_value) solve=20 rebuildInterval=0
Schwarz(Jacobi)+Bicgstab:  Solving for k, Initial residual = 0.000242620987555646, Final residual = 1.2542313192776761e-05, No Iterations 2, Solve time = 73.218 ms
bounding k, min: -0.003535787427717256 max: 886.0113753746849 average: 9.141994589052944
[mem] after-turb: DEVICE_POOL current=19126 MB  actual(reserved)=38146 MB  highWater=24414 MB
ExecutionTime = 98.34999999999999 s  ClockTime = 99 s

Time = 1021
[mem] step-start: DEVICE_POOL current=19126 MB  actual(reserved)=38146 MB  highWater=24414 MB
Schwarz(Jacobi)+Bicgstab:  Solving for Ux, Initial residual = 7.862191964779548e-05, Final residual = 3.554934900353768e-06, No Iterations 3, Solve time = 226.431 ms
Schwarz(Jacobi)+Bicgstab:  Solving for Uy, Initial residual = 0.004137038901460079, Final residual = 0.00013484756990656124, No Iterations 3, Solve time = 226.431 ms
Schwarz(Jacobi)+Bicgstab:  Solving for Uz, Initial residual = 0.001089032434902842, Final residual = 3.713041108677343e-05, No Iterations 3, Solve time = 226.431 ms
[mem] after-UEqn: DEVICE_POOL current=19126 MB  actual(reserved)=38146 MB  highWater=24414 MB
[GinkgoSolver] p-cache: reuse(update_matrix_value) solve=21 rebuildInterval=0
config(Cg+Multigrid):  Solving for p, Initial residual = 0.0012868506485639163, Final residual = 1.0980963848957366e-05, No Iterations 8, Solve time = 1124.377 ms
time step continuity errors : sum local = 2.7477163215593956e-06, global = -2.149470661134491e-08, cumulative = -5.985806303529917e-07
[mem] after-pEqn: DEVICE_POOL current=19126 MB  actual(reserved)=38146 MB  highWater=24414 MB
[GinkgoSolver] p-cache: reuse(update_matrix_value) solve=21 rebuildInterval=0
Schwarz(Jacobi)+Bicgstab:  Solving for omega, Initial residual = 1.2743077662292102e-05, Final residual = 8.41327522121522e-07, No Iterations 2, Solve time = 76.172 ms
bounding omega, min: -58199.745681816945 max: 45355982.57733649 average: 6371.745975923009
[GinkgoSolver] p-cache: reuse(update_matrix_value) solve=21 rebuildInterval=0
Schwarz(Jacobi)+Bicgstab:  Solving for k, Initial residual = 0.0002427099554752697, Final residual = 1.2611399802276548e-05, No Iterations 2, Solve time = 72.324 ms
bounding k, min: -0.0028994568917286856 max: 884.3886044458916 average: 9.141334524604165
[mem] after-turb: DEVICE_POOL current=19126 MB  actual(reserved)=38146 MB  highWater=24414 MB
ExecutionTime = 101.08 s  ClockTime = 101 s

Time = 1022
[mem] step-start: DEVICE_POOL current=19126 MB  actual(reserved)=38146 MB  highWater=24414 MB
Schwarz(Jacobi)+Bicgstab:  Solving for Ux, Initial residual = 7.866274581571832e-05, Final residual = 4.368566540686218e-06, No Iterations 2, Solve time = 168.003 ms
Schwarz(Jacobi)+Bicgstab:  Solving for Uy, Initial residual = 0.004149407485026631, Final residual = 0.0007737207248562144, No Iterations 2, Solve time = 168.003 ms
Schwarz(Jacobi)+Bicgstab:  Solving for Uz, Initial residual = 0.0010859016515333082, Final residual = 7.726364611432457e-05, No Iterations 2, Solve time = 168.003 ms
[mem] after-UEqn: DEVICE_POOL current=19126 MB  actual(reserved)=38146 MB  highWater=24414 MB
[GinkgoSolver] p-cache: reuse(update_matrix_value) solve=22 rebuildInterval=0
config(Cg+Multigrid):  Solving for p, Initial residual = 0.0013086325428721948, Final residual = 1.1906294472326339e-05, No Iterations 7, Solve time = 1001.812 ms
time step continuity errors : sum local = 2.979181668773565e-06, global = -1.6765434444027463e-08, cumulative = -6.153460647970191e-07
[mem] after-pEqn: DEVICE_POOL current=19126 MB  actual(reserved)=38146 MB  highWater=24414 MB
[GinkgoSolver] p-cache: reuse(update_matrix_value) solve=22 rebuildInterval=0
Schwarz(Jacobi)+Bicgstab:  Solving for omega, Initial residual = 1.278459874468843e-05, Final residual = 8.484640098722557e-07, No Iterations 2, Solve time = 78.585 ms
bounding omega, min: -301097.85634362715 max: 45355982.58831924 average: 6371.499035274364
[GinkgoSolver] p-cache: reuse(update_matrix_value) solve=22 rebuildInterval=0
Schwarz(Jacobi)+Bicgstab:  Solving for k, Initial residual = 0.0002431848663658074, Final residual = 1.2882358922900456e-05, No Iterations 2, Solve time = 73.056 ms
bounding k, min: -0.002189108856906652 max: 882.7504984641873 average: 9.14061443048478
[mem] after-turb: DEVICE_POOL current=19126 MB  actual(reserved)=38146 MB  highWater=24414 MB
ExecutionTime = 103.63 s  ClockTime = 104 s

Time = 1023
[mem] step-start: DEVICE_POOL current=19126 MB  actual(reserved)=38146 MB  highWater=24414 MB
Schwarz(Jacobi)+Bicgstab:  Solving for Ux, Initial residual = 7.901726581652724e-05, Final residual = 3.221881998810907e-06, No Iterations 3, Solve time = 227.052 ms
Schwarz(Jacobi)+Bicgstab:  Solving for Uy, Initial residual = 0.00411056475077702, Final residual = 0.0001590767971868191, No Iterations 3, Solve time = 227.052 ms
Schwarz(Jacobi)+Bicgstab:  Solving for Uz, Initial residual = 0.0010935574609507075, Final residual = 6.941013500939268e-05, No Iterations 3, Solve time = 227.052 ms
[mem] after-UEqn: DEVICE_POOL current=19126 MB  actual(reserved)=38146 MB  highWater=24414 MB
[GinkgoSolver] p-cache: reuse(update_matrix_value) solve=23 rebuildInterval=0
config(Cg+Multigrid):  Solving for p, Initial residual = 0.0012975121772508598, Final residual = 1.1217532911612587e-05, No Iterations 8, Solve time = 1126.253 ms
time step continuity errors : sum local = 2.806447356192077e-06, global = -7.504401479739569e-09, cumulative = -6.228504662767587e-07
[mem] after-pEqn: DEVICE_POOL current=19126 MB  actual(reserved)=38146 MB  highWater=24414 MB
[GinkgoSolver] p-cache: reuse(update_matrix_value) solve=23 rebuildInterval=0
Schwarz(Jacobi)+Bicgstab:  Solving for omega, Initial residual = 1.280609961816422e-05, Final residual = 8.45098139705856e-07, No Iterations 2, Solve time = 72.75 ms
bounding omega, min: -60586.20371870137 max: 45355982.60109118 average: 6371.301094861242
[GinkgoSolver] p-cache: reuse(update_matrix_value) solve=23 rebuildInterval=0
Schwarz(Jacobi)+Bicgstab:  Solving for k, Initial residual = 0.00024322916801937323, Final residual = 1.3745374360145947e-05, No Iterations 2, Solve time = 72.892 ms
bounding k, min: -0.0032275233377903195 max: 881.1863785582982 average: 9.139946111914512
[mem] after-turb: DEVICE_POOL current=19126 MB  actual(reserved)=38146 MB  highWater=24414 MB
ExecutionTime = 106.37 s  ClockTime = 107 s

Time = 1024
[mem] step-start: DEVICE_POOL current=19126 MB  actual(reserved)=38146 MB  highWater=24414 MB
Schwarz(Jacobi)+Bicgstab:  Solving for Ux, Initial residual = 7.915190291022944e-05, Final residual = 3.5509231422558235e-06, No Iterations 3, Solve time = 223.503 ms
Schwarz(Jacobi)+Bicgstab:  Solving for Uy, Initial residual = 0.004095316988417185, Final residual = 0.00015222932989486778, No Iterations 3, Solve time = 223.503 ms
Schwarz(Jacobi)+Bicgstab:  Solving for Uz, Initial residual = 0.00109854152020331, Final residual = 5.408755026438046e-05, No Iterations 3, Solve time = 223.503 ms
[mem] after-UEqn: DEVICE_POOL current=19126 MB  actual(reserved)=38146 MB  highWater=24414 MB
[GinkgoSolver] p-cache: reuse(update_matrix_value) solve=24 rebuildInterval=0
config(Cg+Multigrid):  Solving for p, Initial residual = 0.0012938052166683164, Final residual = 1.0617992818339026e-05, No Iterations 7, Solve time = 1009.67 ms
time step continuity errors : sum local = 2.656478073875179e-06, global = -6.682023462337094e-09, cumulative = -6.295324897390958e-07
[mem] after-pEqn: DEVICE_POOL current=19126 MB  actual(reserved)=38146 MB  highWater=24414 MB
[GinkgoSolver] p-cache: reuse(update_matrix_value) solve=24 rebuildInterval=0
Schwarz(Jacobi)+Bicgstab:  Solving for omega, Initial residual = 1.281865135980938e-05, Final residual = 8.428386832728416e-07, No Iterations 2, Solve time = 72.997 ms
bounding omega, min: -57848.28729139621 max: 45355982.615943 average: 6371.154564865112
[GinkgoSolver] p-cache: reuse(update_matrix_value) solve=24 rebuildInterval=0
Schwarz(Jacobi)+Bicgstab:  Solving for k, Initial residual = 0.00024340665627244353, Final residual = 1.6212303308862757e-05, No Iterations 2, Solve time = 73.516 ms
bounding k, min: -0.009841382813658539 max: 879.7104499662875 average: 9.139255701593013
[mem] after-turb: DEVICE_POOL current=19126 MB  actual(reserved)=38146 MB  highWater=24414 MB
ExecutionTime = 108.97 s  ClockTime = 109 s

Time = 1025
[mem] step-start: DEVICE_POOL current=19126 MB  actual(reserved)=38146 MB  highWater=24414 MB
Schwarz(Jacobi)+Bicgstab:  Solving for Ux, Initial residual = 7.925031580135844e-05, Final residual = 3.672539262308537e-06, No Iterations 3, Solve time = 225.92 ms
Schwarz(Jacobi)+Bicgstab:  Solving for Uy, Initial residual = 0.004096772266152658, Final residual = 0.0001450884093639895, No Iterations 3, Solve time = 225.92 ms
Schwarz(Jacobi)+Bicgstab:  Solving for Uz, Initial residual = 0.0011004463251815554, Final residual = 3.0336420561716754e-05, No Iterations 3, Solve time = 225.92 ms
[mem] after-UEqn: DEVICE_POOL current=19126 MB  actual(reserved)=38146 MB  highWater=24414 MB
[GinkgoSolver] p-cache: reuse(update_matrix_value) solve=25 rebuildInterval=0
config(Cg+Multigrid):  Solving for p, Initial residual = 0.001295698378566568, Final residual = 1.261668380065485e-05, No Iterations 8, Solve time = 1130.356 ms
time step continuity errors : sum local = 3.156448507216644e-06, global = 3.0148504151357255e-09, cumulative = -6.265176393239601e-07
[mem] after-pEqn: DEVICE_POOL current=19126 MB  actual(reserved)=38146 MB  highWater=24414 MB
[GinkgoSolver] p-cache: reuse(update_matrix_value) solve=25 rebuildInterval=0
Schwarz(Jacobi)+Bicgstab:  Solving for omega, Initial residual = 1.2845298546012993e-05, Final residual = 8.43471431426709e-07, No Iterations 2, Solve time = 79.064 ms
bounding omega, min: -55987.46053577903 max: 45355982.62929806 average: 6371.042945975536
[GinkgoSolver] p-cache: reuse(update_matrix_value) solve=25 rebuildInterval=0
Schwarz(Jacobi)+Bicgstab:  Solving for k, Initial residual = 0.00024380648139560315, Final residual = 1.9785674871597697e-05, No Iterations 2, Solve time = 73.506 ms
bounding k, min: -0.015299827560789042 max: 878.3913574600191 average: 9.138483675269834
[mem] after-turb: DEVICE_POOL current=19126 MB  actual(reserved)=38146 MB  highWater=24414 MB
ExecutionTime = 111.65 s  ClockTime = 112 s

Time = 1026
[mem] step-start: DEVICE_POOL current=19126 MB  actual(reserved)=38146 MB  highWater=24414 MB
Schwarz(Jacobi)+Bicgstab:  Solving for Ux, Initial residual = 7.929237478716366e-05, Final residual = 3.67075486163868e-06, No Iterations 3, Solve time = 224.525 ms
Schwarz(Jacobi)+Bicgstab:  Solving for Uy, Initial residual = 0.004110410517320386, Final residual = 0.00013949070221221896, No Iterations 3, Solve time = 224.525 ms
Schwarz(Jacobi)+Bicgstab:  Solving for Uz, Initial residual = 0.0010986917420886199, Final residual = 3.8722493928807536e-05, No Iterations 3, Solve time = 224.525 ms
[mem] after-UEqn: DEVICE_POOL current=19126 MB  actual(reserved)=38146 MB  highWater=24414 MB
[GinkgoSolver] p-cache: reuse(update_matrix_value) solve=26 rebuildInterval=0
config(Cg+Multigrid):  Solving for p, Initial residual = 0.0012947743026986097, Final residual = 1.117840693176595e-05, No Iterations 7, Solve time = 997.562 ms
time step continuity errors : sum local = 2.7971114418348655e-06, global = 5.207808966085838e-09, cumulative = -6.213098303578742e-07
[mem] after-pEqn: DEVICE_POOL current=19126 MB  actual(reserved)=38146 MB  highWater=24414 MB
[GinkgoSolver] p-cache: reuse(update_matrix_value) solve=26 rebuildInterval=0
Schwarz(Jacobi)+Bicgstab:  Solving for omega, Initial residual = 1.287875635278941e-05, Final residual = 8.421524941845623e-07, No Iterations 2, Solve time = 76.214 ms
bounding omega, min: -299260.0026030373 max: 45355982.64011988 average: 6370.919374000618
[GinkgoSolver] p-cache: reuse(update_matrix_value) solve=26 rebuildInterval=0
Schwarz(Jacobi)+Bicgstab:  Solving for k, Initial residual = 0.00024453970693874837, Final residual = 5.463894725832341e-06, No Iterations 3, Solve time = 95.366 ms
[mem] after-turb: DEVICE_POOL current=19126 MB  actual(reserved)=38146 MB  highWater=24414 MB
ExecutionTime = 114.25 s  ClockTime = 115 s

Time = 1027
[mem] step-start: DEVICE_POOL current=19126 MB  actual(reserved)=38146 MB  highWater=24414 MB
Schwarz(Jacobi)+Bicgstab:  Solving for Ux, Initial residual = 7.92884858567238e-05, Final residual = 3.793892675017759e-06, No Iterations 3, Solve time = 223.929 ms
Schwarz(Jacobi)+Bicgstab:  Solving for Uy, Initial residual = 0.004130681862859544, Final residual = 0.00013679004814500976, No Iterations 3, Solve time = 223.929 ms
Schwarz(Jacobi)+Bicgstab:  Solving for Uz, Initial residual = 0.0010970666737627015, Final residual = 2.721768938740646e-05, No Iterations 3, Solve time = 223.929 ms
[mem] after-UEqn: DEVICE_POOL current=19126 MB  actual(reserved)=38146 MB  highWater=24414 MB
[GinkgoSolver] p-cache: reuse(update_matrix_value) solve=27 rebuildInterval=0
config(Cg+Multigrid):  Solving for p, Initial residual = 0.0012939231024664962, Final residual = 1.204140131954962e-05, No Iterations 8, Solve time = 1129.318 ms
time step continuity errors : sum local = 3.013424219581528e-06, global = 1.1548755301403048e-08, cumulative = -6.097610750564712e-07
[mem] after-pEqn: DEVICE_POOL current=19126 MB  actual(reserved)=38146 MB  highWater=24414 MB
[GinkgoSolver] p-cache: reuse(update_matrix_value) solve=27 rebuildInterval=0
Schwarz(Jacobi)+Bicgstab:  Solving for omega, Initial residual = 1.2686125960281261e-05, Final residual = 8.374731457522412e-07, No Iterations 2, Solve time = 72.981 ms
bounding omega, min: -56532.026096430076 max: 45355982.648108855 average: 6370.881282438424
[GinkgoSolver] p-cache: reuse(update_matrix_value) solve=27 rebuildInterval=0
Schwarz(Jacobi)+Bicgstab:  Solving for k, Initial residual = 0.00024381728890059064, Final residual = 1.2035675602491424e-05, No Iterations 2, Solve time = 72.384 ms
bounding k, min: -4.2933632683186726e-08 max: 876.1879245095982 average: 9.137406053557507
[mem] after-turb: DEVICE_POOL current=19126 MB  actual(reserved)=38146 MB  highWater=24414 MB
ExecutionTime = 116.97 s  ClockTime = 117 s

Time = 1028
[mem] step-start: DEVICE_POOL current=19126 MB  actual(reserved)=38146 MB  highWater=24414 MB
Schwarz(Jacobi)+Bicgstab:  Solving for Ux, Initial residual = 7.927749588038933e-05, Final residual = 3.899194971130339e-06, No Iterations 3, Solve time = 226.196 ms
Schwarz(Jacobi)+Bicgstab:  Solving for Uy, Initial residual = 0.004152578030452981, Final residual = 0.00013550274042106, No Iterations 3, Solve time = 226.196 ms
Schwarz(Jacobi)+Bicgstab:  Solving for Uz, Initial residual = 0.0010940851613278283, Final residual = 4.184473696087464e-05, No Iterations 3, Solve time = 226.196 ms
[mem] after-UEqn: DEVICE_POOL current=19126 MB  actual(reserved)=38146 MB  highWater=24414 MB
[GinkgoSolver] p-cache: reuse(update_matrix_value) solve=28 rebuildInterval=0
config(Cg+Multigrid):  Solving for p, Initial residual = 0.0012880536095540057, Final residual = 1.1109579983208703e-05, No Iterations 7, Solve time = 1007.766 ms
time step continuity errors : sum local = 2.780903090935845e-06, global = 9.710960859112572e-09, cumulative = -6.000501141973586e-07
[mem] after-pEqn: DEVICE_POOL current=19126 MB  actual(reserved)=38146 MB  highWater=24414 MB
[GinkgoSolver] p-cache: reuse(update_matrix_value) solve=28 rebuildInterval=0
Schwarz(Jacobi)+Bicgstab:  Solving for omega, Initial residual = 1.2807659451585782e-05, Final residual = 8.362035043459502e-07, No Iterations 2, Solve time = 73.377 ms
bounding omega, min: -55951.58181225137 max: 45355982.65509214 average: 6370.786168972587
[GinkgoSolver] p-cache: reuse(update_matrix_value) solve=28 rebuildInterval=0
Schwarz(Jacobi)+Bicgstab:  Solving for k, Initial residual = 0.0002439222721359754, Final residual = 1.2506125876137493e-05, No Iterations 2, Solve time = 72.196 ms
bounding k, min: -0.0004951494494025404 max: 875.315674803536 average: 9.136755807474653
[mem] after-turb: DEVICE_POOL current=19126 MB  actual(reserved)=38146 MB  highWater=24414 MB
ExecutionTime = 119.57 s  ClockTime = 120 s

Time = 1029
[mem] step-start: DEVICE_POOL current=19126 MB  actual(reserved)=38146 MB  highWater=24414 MB
Schwarz(Jacobi)+Bicgstab:  Solving for Ux, Initial residual = 7.927630044890769e-05, Final residual = 4.545238992897799e-06, No Iterations 2, Solve time = 181.565 ms
Schwarz(Jacobi)+Bicgstab:  Solving for Uy, Initial residual = 0.004172215011680042, Final residual = 0.0005989710520175993, No Iterations 2, Solve time = 181.565 ms
Schwarz(Jacobi)+Bicgstab:  Solving for Uz, Initial residual = 0.0010930782158317903, Final residual = 7.554129040618372e-05, No Iterations 2, Solve time = 181.565 ms
[mem] after-UEqn: DEVICE_POOL current=19126 MB  actual(reserved)=38146 MB  highWater=24414 MB
[GinkgoSolver] p-cache: reuse(update_matrix_value) solve=29 rebuildInterval=0
config(Cg+Multigrid):  Solving for p, Initial residual = 0.0012986538372985754, Final residual = 1.2113033555783082e-05, No Iterations 7, Solve time = 996.06 ms
time step continuity errors : sum local = 3.0326142017044758e-06, global = 1.1000066382386372e-08, cumulative = -5.890500478149723e-07
[mem] after-pEqn: DEVICE_POOL current=19126 MB  actual(reserved)=38146 MB  highWater=24414 MB
[GinkgoSolver] p-cache: reuse(update_matrix_value) solve=29 rebuildInterval=0
Schwarz(Jacobi)+Bicgstab:  Solving for omega, Initial residual = 1.2843713757020605e-05, Final residual = 8.414888418511921e-07, No Iterations 2, Solve time = 72.811 ms
bounding omega, min: -54574.77614740929 max: 45355982.661343224 average: 6370.677113448151
[GinkgoSolver] p-cache: reuse(update_matrix_value) solve=29 rebuildInterval=0
Schwarz(Jacobi)+Bicgstab:  Solving for k, Initial residual = 0.00024442142497433376, Final residual = 1.283579126885739e-05, No Iterations 2, Solve time = 77.777 ms
bounding k, min: -0.00455976470931505 max: 874.5883139015742 average: 9.136048622753533
[mem] after-turb: DEVICE_POOL current=19126 MB  actual(reserved)=38146 MB  highWater=24414 MB
ExecutionTime = 122.08 s  ClockTime = 122 s

Time = 1030
[mem] step-start: DEVICE_POOL current=19126 MB  actual(reserved)=38146 MB  highWater=24414 MB
Schwarz(Jacobi)+Bicgstab:  Solving for Ux, Initial residual = 7.950112101516551e-05, Final residual = 4.41230677763125e-06, No Iterations 2, Solve time = 161.319 ms
Schwarz(Jacobi)+Bicgstab:  Solving for Uy, Initial residual = 0.004156209413689761, Final residual = 0.0007872489249508889, No Iterations 2, Solve time = 161.319 ms
Schwarz(Jacobi)+Bicgstab:  Solving for Uz, Initial residual = 0.0010983500084909795, Final residual = 7.48089740183036e-05, No Iterations 2, Solve time = 161.319 ms
[mem] after-UEqn: DEVICE_POOL current=19126 MB  actual(reserved)=38146 MB  highWater=24414 MB
[GinkgoSolver] p-cache: reuse(update_matrix_value) solve=30 rebuildInterval=0
config(Cg+Multigrid):  Solving for p, Initial residual = 0.001290806143571864, Final residual = 1.253772903543954e-05, No Iterations 7, Solve time = 1005.376 ms
time step continuity errors : sum local = 3.139353751700864e-06, global = 7.470432516486028e-09, cumulative = -5.815796152984863e-07
[mem] after-pEqn: DEVICE_POOL current=19126 MB  actual(reserved)=38146 MB  highWater=24414 MB
[GinkgoSolver] p-cache: reuse(update_matrix_value) solve=30 rebuildInterval=0
Schwarz(Jacobi)+Bicgstab:  Solving for omega, Initial residual = 1.2844649020614552e-05, Final residual = 8.43614940250162e-07, No Iterations 2, Solve time = 89.286 ms
bounding omega, min: -267684.7395974391 max: 45355982.669301674 average: 6370.637282253963
[GinkgoSolver] p-cache: reuse(update_matrix_value) solve=30 rebuildInterval=0
Schwarz(Jacobi)+Bicgstab:  Solving for k, Initial residual = 0.00024441937675059866, Final residual = 1.315201644625053e-05, No Iterations 2, Solve time = 72.74 ms
bounding k, min: -0.00334140164537373 max: 873.9924776466969 average: 9.135567918303742
[mem] after-turb: DEVICE_POOL current=19126 MB  actual(reserved)=38146 MB  highWater=24414 MB
ExecutionTime = 124.56 s  ClockTime = 125 s

Time = 1031
[mem] step-start: DEVICE_POOL current=19126 MB  actual(reserved)=38146 MB  highWater=24414 MB
Schwarz(Jacobi)+Bicgstab:  Solving for Ux, Initial residual = 7.938973485081961e-05, Final residual = 3.5226341838179843e-06, No Iterations 3, Solve time = 231.919 ms
Schwarz(Jacobi)+Bicgstab:  Solving for Uy, Initial residual = 0.0042115412522586645, Final residual = 0.000138016453103026, No Iterations 3, Solve time = 231.919 ms
Schwarz(Jacobi)+Bicgstab:  Solving for Uz, Initial residual = 0.0010969193573247865, Final residual = 4.688599673720312e-05, No Iterations 3, Solve time = 231.919 ms
[mem] after-UEqn: DEVICE_POOL current=19126 MB  actual(reserved)=38146 MB  highWater=24414 MB
[GinkgoSolver] p-cache: reuse(update_matrix_value) solve=31 rebuildInterval=0
config(Cg+Multigrid):  Solving for p, Initial residual = 0.001286869938013561, Final residual = 1.188959145594824e-05, No Iterations 7, Solve time = 1005.643 ms
time step continuity errors : sum local = 2.977339652610141e-06, global = 6.974409572902936e-10, cumulative = -5.80882174341196e-07
[mem] after-pEqn: DEVICE_POOL current=19126 MB  actual(reserved)=38146 MB  highWater=24414 MB
[GinkgoSolver] p-cache: reuse(update_matrix_value) solve=31 rebuildInterval=0
Schwarz(Jacobi)+Bicgstab:  Solving for omega, Initial residual = 1.2847798245199518e-05, Final residual = 8.392885118523691e-07, No Iterations 2, Solve time = 77.763 ms
bounding omega, min: -52973.20322179265 max: 45355982.679395564 average: 6370.658071759307
[GinkgoSolver] p-cache: reuse(update_matrix_value) solve=31 rebuildInterval=0
Schwarz(Jacobi)+Bicgstab:  Solving for k, Initial residual = 0.00024478913450550225, Final residual = 1.347668236143849e-05, No Iterations 2, Solve time = 72.661 ms
bounding k, min: -0.00451737050337089 max: 873.5155164977837 average: 9.134995184509226
[mem] after-turb: DEVICE_POOL current=19126 MB  actual(reserved)=38146 MB  highWater=24414 MB
ExecutionTime = 127.13 s  ClockTime = 128 s

Time = 1032
[mem] step-start: DEVICE_POOL current=19126 MB  actual(reserved)=38146 MB  highWater=24414 MB
Schwarz(Jacobi)+Bicgstab:  Solving for Ux, Initial residual = 7.938424427804262e-05, Final residual = 3.5178753872557442e-06, No Iterations 3, Solve time = 216.381 ms
Schwarz(Jacobi)+Bicgstab:  Solving for Uy, Initial residual = 0.004230299375890689, Final residual = 0.00013439995641378828, No Iterations 3, Solve time = 216.381 ms
Schwarz(Jacobi)+Bicgstab:  Solving for Uz, Initial residual = 0.001095044814171472, Final residual = 0.00010127765573399347, No Iterations 3, Solve time = 216.381 ms
[mem] after-UEqn: DEVICE_POOL current=19126 MB  actual(reserved)=38146 MB  highWater=24414 MB
[GinkgoSolver] p-cache: reuse(update_matrix_value) solve=32 rebuildInterval=0
config(Cg+Multigrid):  Solving for p, Initial residual = 0.0012851994159547538, Final residual = 1.1974668421504094e-05, No Iterations 7, Solve time = 992.945 ms
time step continuity errors : sum local = 2.998942017840892e-06, global = -5.22234171540884e-09, cumulative = -5.861045160566048e-07
[mem] after-pEqn: DEVICE_POOL current=19126 MB  actual(reserved)=38146 MB  highWater=24414 MB
[GinkgoSolver] p-cache: reuse(update_matrix_value) solve=32 rebuildInterval=0
Schwarz(Jacobi)+Bicgstab:  Solving for omega, Initial residual = 1.2858108653957847e-05, Final residual = 8.423923443879171e-07, No Iterations 2, Solve time = 73.948 ms
bounding omega, min: -52058.3636959991 max: 45355982.68921791 average: 6370.684024923594
[GinkgoSolver] p-cache: reuse(update_matrix_value) solve=32 rebuildInterval=0
Schwarz(Jacobi)+Bicgstab:  Solving for k, Initial residual = 0.0002452778371854424, Final residual = 1.3516810050915174e-05, No Iterations 2, Solve time = 72.353 ms
bounding k, min: -0.012219030052128321 max: 873.1405310141939 average: 9.134483767826064
[mem] after-turb: DEVICE_POOL current=19126 MB  actual(reserved)=38146 MB  highWater=24414 MB
ExecutionTime = 129.69 s  ClockTime = 130 s

Time = 1033
[mem] step-start: DEVICE_POOL current=19126 MB  actual(reserved)=38146 MB  highWater=24414 MB
Schwarz(Jacobi)+Bicgstab:  Solving for Ux, Initial residual = 7.944157357677713e-05, Final residual = 3.9302245263238125e-06, No Iterations 3, Solve time = 227.72 ms
Schwarz(Jacobi)+Bicgstab:  Solving for Uy, Initial residual = 0.0042405851099200365, Final residual = 0.00013521376822422023, No Iterations 3, Solve time = 227.72 ms
Schwarz(Jacobi)+Bicgstab:  Solving for Uz, Initial residual = 0.001100016522698776, Final residual = 3.5560068157033164e-05, No Iterations 3, Solve time = 227.72 ms
[mem] after-UEqn: DEVICE_POOL current=19126 MB  actual(reserved)=38146 MB  highWater=24414 MB
[GinkgoSolver] p-cache: reuse(update_matrix_value) solve=33 rebuildInterval=0
config(Cg+Multigrid):  Solving for p, Initial residual = 0.0012895994295563803, Final residual = 1.1805076462627596e-05, No Iterations 7, Solve time = 1010.092 ms
time step continuity errors : sum local = 2.956617326957902e-06, global = -1.3956013586637923e-08, cumulative = -6.000605296432428e-07
[mem] after-pEqn: DEVICE_POOL current=19126 MB  actual(reserved)=38146 MB  highWater=24414 MB
[GinkgoSolver] p-cache: reuse(update_matrix_value) solve=33 rebuildInterval=0
Schwarz(Jacobi)+Bicgstab:  Solving for omega, Initial residual = 1.2866875902779552e-05, Final residual = 8.490376831646292e-07, No Iterations 2, Solve time = 77.406 ms
bounding omega, min: -51211.4355464015 max: 45355982.698003255 average: 6370.723901710086
[GinkgoSolver] p-cache: reuse(update_matrix_value) solve=33 rebuildInterval=0
Schwarz(Jacobi)+Bicgstab:  Solving for k, Initial residual = 0.00024584156227463777, Final residual = 1.3339238192930824e-05, No Iterations 2, Solve time = 72.609 ms
bounding k, min: -0.0035141042821811228 max: 872.8585529149868 average: 9.1339317030752
[mem] after-turb: DEVICE_POOL current=19126 MB  actual(reserved)=38146 MB  highWater=24414 MB
ExecutionTime = 132.27 s  ClockTime = 133 s

Time = 1034
[mem] step-start: DEVICE_POOL current=19126 MB  actual(reserved)=38146 MB  highWater=24414 MB
Schwarz(Jacobi)+Bicgstab:  Solving for Ux, Initial residual = 7.956155057523642e-05, Final residual = 3.931469581341984e-06, No Iterations 3, Solve time = 229.353 ms
Schwarz(Jacobi)+Bicgstab:  Solving for Uy, Initial residual = 0.004246468188885535, Final residual = 0.00013573030371686994, No Iterations 3, Solve time = 229.353 ms
Schwarz(Jacobi)+Bicgstab:  Solving for Uz, Initial residual = 0.001099966177169142, Final residual = 3.8476208536506276e-05, No Iterations 3, Solve time = 229.353 ms
[mem] after-UEqn: DEVICE_POOL current=19126 MB  actual(reserved)=38146 MB  highWater=24414 MB
[GinkgoSolver] p-cache: reuse(update_matrix_value) solve=34 rebuildInterval=0
config(Cg+Multigrid):  Solving for p, Initial residual = 0.0012928625468237864, Final residual = 1.2307829369195677e-05, No Iterations 7, Solve time = 1003.803 ms
time step continuity errors : sum local = 3.0830322299624093e-06, global = -2.5606764613186338e-08, cumulative = -6.256672942564291e-07
[mem] after-pEqn: DEVICE_POOL current=19126 MB  actual(reserved)=38146 MB  highWater=24414 MB
[GinkgoSolver] p-cache: reuse(update_matrix_value) solve=34 rebuildInterval=0
Schwarz(Jacobi)+Bicgstab:  Solving for omega, Initial residual = 1.2879448830049976e-05, Final residual = 8.551274529246974e-07, No Iterations 2, Solve time = 89.598 ms
bounding omega, min: -207617.13323119923 max: 45355982.70541322 average: 6370.759877983527
[GinkgoSolver] p-cache: reuse(update_matrix_value) solve=34 rebuildInterval=0
Schwarz(Jacobi)+Bicgstab:  Solving for k, Initial residual = 0.00024639569811995475, Final residual = 1.2700911936785035e-05, No Iterations 2, Solve time = 72.169 ms
bounding k, min: -0.003671068588586824 max: 872.6466257993989 average: 9.133384767777285
[mem] after-turb: DEVICE_POOL current=19126 MB  actual(reserved)=38146 MB  highWater=24414 MB
ExecutionTime = 134.82 s  ClockTime = 135 s

Time = 1035
[mem] step-start: DEVICE_POOL current=19126 MB  actual(reserved)=38146 MB  highWater=24414 MB
Schwarz(Jacobi)+Bicgstab:  Solving for Ux, Initial residual = 7.968853853239557e-05, Final residual = 4.222361976036518e-06, No Iterations 3, Solve time = 220.038 ms
Schwarz(Jacobi)+Bicgstab:  Solving for Uy, Initial residual = 0.0042509646125251785, Final residual = 0.0001359568920738301, No Iterations 3, Solve time = 220.038 ms
Schwarz(Jacobi)+Bicgstab:  Solving for Uz, Initial residual = 0.001101387898914101, Final residual = 3.635020600987326e-05, No Iterations 3, Solve time = 220.038 ms
[mem] after-UEqn: DEVICE_POOL current=19126 MB  actual(reserved)=38146 MB  highWater=24414 MB
[GinkgoSolver] p-cache: reuse(update_matrix_value) solve=35 rebuildInterval=0
config(Cg+Multigrid):  Solving for p, Initial residual = 0.0012949425662567855, Final residual = 1.2915841635884218e-05, No Iterations 7, Solve time = 1000.248 ms
time step continuity errors : sum local = 3.2356728214316016e-06, global = -3.247494554528342e-08, cumulative = -6.581422398017126e-07
[mem] after-pEqn: DEVICE_POOL current=19126 MB  actual(reserved)=38146 MB  highWater=24414 MB
[GinkgoSolver] p-cache: reuse(update_matrix_value) solve=35 rebuildInterval=0
Schwarz(Jacobi)+Bicgstab:  Solving for omega, Initial residual = 1.2898562792399564e-05, Final residual = 8.57726286395226e-07, No Iterations 2, Solve time = 89.626 ms
bounding omega, min: -49113.09201654941 max: 45355982.70958388 average: 6370.830132177968
[GinkgoSolver] p-cache: reuse(update_matrix_value) solve=35 rebuildInterval=0
Schwarz(Jacobi)+Bicgstab:  Solving for k, Initial residual = 0.00024693387193766233, Final residual = 1.2245484590694397e-05, No Iterations 2, Solve time = 72.496 ms
bounding k, min: -0.005261903129839372 max: 872.5016823712025 average: 9.132859967972555
[mem] after-turb: DEVICE_POOL current=19126 MB  actual(reserved)=38146 MB  highWater=24414 MB
ExecutionTime = 137.39 s  ClockTime = 138 s

Time = 1036
[mem] step-start: DEVICE_POOL current=19126 MB  actual(reserved)=38146 MB  highWater=24414 MB
Schwarz(Jacobi)+Bicgstab:  Solving for Ux, Initial residual = 7.983735610315902e-05, Final residual = 4.681715044866786e-06, No Iterations 2, Solve time = 168.835 ms
Schwarz(Jacobi)+Bicgstab:  Solving for Uy, Initial residual = 0.0042566542626497434, Final residual = 0.0004371830931876866, No Iterations 2, Solve time = 168.835 ms
Schwarz(Jacobi)+Bicgstab:  Solving for Uz, Initial residual = 0.0011030523900376647, Final residual = 7.538021105972554e-05, No Iterations 2, Solve time = 168.835 ms
[mem] after-UEqn: DEVICE_POOL current=19126 MB  actual(reserved)=38146 MB  highWater=24414 MB
[GinkgoSolver] p-cache: reuse(update_matrix_value) solve=36 rebuildInterval=0
config(Cg+Multigrid):  Solving for p, Initial residual = 0.0013023850864465221, Final residual = 9.488996318177324e-06, No Iterations 8, Solve time = 1119.616 ms
time step continuity errors : sum local = 2.377714599345326e-06, global = -3.867273818259738e-08, cumulative = -6.968149779843099e-07
[mem] after-pEqn: DEVICE_POOL current=19126 MB  actual(reserved)=38146 MB  highWater=24414 MB
[GinkgoSolver] p-cache: reuse(update_matrix_value) solve=36 rebuildInterval=0
Schwarz(Jacobi)+Bicgstab:  Solving for omega, Initial residual = 1.2940854310596928e-05, Final residual = 8.66399609925073e-07, No Iterations 2, Solve time = 77.613 ms
bounding omega, min: -48464.46488475368 max: 45355982.709381625 average: 6370.845855683359
[GinkgoSolver] p-cache: reuse(update_matrix_value) solve=36 rebuildInterval=0
Schwarz(Jacobi)+Bicgstab:  Solving for k, Initial residual = 0.0002476648733746657, Final residual = 1.2502605992776582e-05, No Iterations 2, Solve time = 72.648 ms
bounding k, min: -0.005042696348748633 max: 872.3912140330091 average: 9.132340309110733
[mem] after-turb: DEVICE_POOL current=19126 MB  actual(reserved)=38146 MB  highWater=24414 MB
ExecutionTime = 140.01 s  ClockTime = 140 s

Time = 1037
[mem] step-start: DEVICE_POOL current=19126 MB  actual(reserved)=38146 MB  highWater=24414 MB
Schwarz(Jacobi)+Bicgstab:  Solving for Ux, Initial residual = 8.013365381201199e-05, Final residual = 4.700172727838665e-06, No Iterations 2, Solve time = 167.403 ms
Schwarz(Jacobi)+Bicgstab:  Solving for Uy, Initial residual = 0.004242652880077552, Final residual = 0.0007352108262874696, No Iterations 2, Solve time = 167.403 ms
Schwarz(Jacobi)+Bicgstab:  Solving for Uz, Initial residual = 0.001109796122286933, Final residual = 7.412756123234489e-05, No Iterations 2, Solve time = 167.403 ms
[mem] after-UEqn: DEVICE_POOL current=19126 MB  actual(reserved)=38146 MB  highWater=24414 MB
[GinkgoSolver] p-cache: reuse(update_matrix_value) solve=37 rebuildInterval=0
config(Cg+Multigrid):  Solving for p, Initial residual = 0.00129684908327117, Final residual = 1.015159559235692e-05, No Iterations 7, Solve time = 1000.121 ms
time step continuity errors : sum local = 2.5447258249823016e-06, global = -4.9353753646980504e-08, cumulative = -7.461687316312904e-07
[mem] after-pEqn: DEVICE_POOL current=19126 MB  actual(reserved)=38146 MB  highWater=24414 MB
[GinkgoSolver] p-cache: reuse(update_matrix_value) solve=37 rebuildInterval=0
Schwarz(Jacobi)+Bicgstab:  Solving for omega, Initial residual = 1.297861001343834e-05, Final residual = 8.78452425086193e-07, No Iterations 2, Solve time = 86.664 ms
bounding omega, min: -47521.830386590984 max: 45355982.70405846 average: 6370.934706682689
[GinkgoSolver] p-cache: reuse(update_matrix_value) solve=37 rebuildInterval=0
Schwarz(Jacobi)+Bicgstab:  Solving for k, Initial residual = 0.00024796156120214665, Final residual = 1.232554274405673e-05, No Iterations 2, Solve time = 74.525 ms
bounding k, min: -0.009663181308734104 max: 872.3401988338835 average: 9.132092519806816
[mem] after-turb: DEVICE_POOL current=19126 MB  actual(reserved)=38146 MB  highWater=24414 MB
ExecutionTime = 142.53 s  ClockTime = 143 s

Time = 1038
[mem] step-start: DEVICE_POOL current=19126 MB  actual(reserved)=38146 MB  highWater=24414 MB
Schwarz(Jacobi)+Bicgstab:  Solving for Ux, Initial residual = 8.014110319911216e-05, Final residual = 4.187830708167653e-06, No Iterations 3, Solve time = 225.145 ms
Schwarz(Jacobi)+Bicgstab:  Solving for Uy, Initial residual = 0.004298837188771216, Final residual = 0.00013677898902643377, No Iterations 3, Solve time = 225.145 ms
Schwarz(Jacobi)+Bicgstab:  Solving for Uz, Initial residual = 0.0011101918475735018, Final residual = 4.59203471829086e-05, No Iterations 3, Solve time = 225.145 ms
[mem] after-UEqn: DEVICE_POOL current=19126 MB  actual(reserved)=38146 MB  highWater=24414 MB
[GinkgoSolver] p-cache: reuse(update_matrix_value) solve=38 rebuildInterval=0
config(Cg+Multigrid):  Solving for p, Initial residual = 0.0012978478806340852, Final residual = 1.1237493879882323e-05, No Iterations 7, Solve time = 1013.22 ms
time step continuity errors : sum local = 2.817670151694212e-06, global = -5.4997577441131835e-08, cumulative = -8.011663090724222e-07
[mem] after-pEqn: DEVICE_POOL current=19126 MB  actual(reserved)=38146 MB  highWater=24414 MB
[GinkgoSolver] p-cache: reuse(update_matrix_value) solve=38 rebuildInterval=0
Schwarz(Jacobi)+Bicgstab:  Solving for omega, Initial residual = 1.2999308327190967e-05, Final residual = 8.852157232505868e-07, No Iterations 2, Solve time = 78.578 ms
bounding omega, min: -329699.5005430505 max: 45355982.69430379 average: 6371.020150771646
[GinkgoSolver] p-cache: reuse(update_matrix_value) solve=38 rebuildInterval=0
Schwarz(Jacobi)+Bicgstab:  Solving for k, Initial residual = 0.0002484507159876818, Final residual = 1.2056368745129308e-05, No Iterations 2, Solve time = 73.487 ms
bounding k, min: -0.013792705090106723 max: 872.2751574397756 average: 9.131791900249961
[mem] after-turb: DEVICE_POOL current=19126 MB  actual(reserved)=38146 MB  highWater=24414 MB
ExecutionTime = 145.11 s  ClockTime = 146 s

Time = 1039
[mem] step-start: DEVICE_POOL current=19126 MB  actual(reserved)=38146 MB  highWater=24414 MB
Schwarz(Jacobi)+Bicgstab:  Solving for Ux, Initial residual = 8.020412479067112e-05, Final residual = 8.308312933334054e-06, No Iterations 3, Solve time = 223.015 ms
Schwarz(Jacobi)+Bicgstab:  Solving for Uy, Initial residual = 0.004319114197404316, Final residual = 0.00013596447803816962, No Iterations 3, Solve time = 223.015 ms
Schwarz(Jacobi)+Bicgstab:  Solving for Uz, Initial residual = 0.0011090341335204383, Final residual = 2.4438946440737392e-05, No Iterations 3, Solve time = 223.015 ms
[mem] after-UEqn: DEVICE_POOL current=19126 MB  actual(reserved)=38146 MB  highWater=24414 MB
[GinkgoSolver] p-cache: reuse(update_matrix_value) solve=39 rebuildInterval=0
config(Cg+Multigrid):  Solving for p, Initial residual = 0.0013162583535643283, Final residual = 1.1204795629527984e-05, No Iterations 7, Solve time = 992.567 ms
time step continuity errors : sum local = 2.810590993068259e-06, global = -5.6323985537414937e-08, cumulative = -8.574902946098371e-07
[mem] after-pEqn: DEVICE_POOL current=19126 MB  actual(reserved)=38146 MB  highWater=24414 MB
[GinkgoSolver] p-cache: reuse(update_matrix_value) solve=39 rebuildInterval=0
Schwarz(Jacobi)+Bicgstab:  Solving for omega, Initial residual = 1.3059575577681206e-05, Final residual = 8.99193979042856e-07, No Iterations 2, Solve time = 91.152 ms
bounding omega, min: -45639.331443232404 max: 45355982.68097846 average: 6371.15492905446
[GinkgoSolver] p-cache: reuse(update_matrix_value) solve=39 rebuildInterval=0
Schwarz(Jacobi)+Bicgstab:  Solving for k, Initial residual = 0.0002491957956671271, Final residual = 1.1198264716150738e-05, No Iterations 2, Solve time = 72.496 ms
bounding k, min: -0.03538336904276594 max: 872.1997146491433 average: 9.131733985655538
[mem] after-turb: DEVICE_POOL current=19126 MB  actual(reserved)=38146 MB  highWater=24414 MB
ExecutionTime = 147.66 s  ClockTime = 148 s

Time = 1040
[mem] step-start: DEVICE_POOL current=19126 MB  actual(reserved)=38146 MB  highWater=24414 MB
Schwarz(Jacobi)+Bicgstab:  Solving for Ux, Initial residual = 8.062993090929701e-05, Final residual = 2.6995211639155778e-06, No Iterations 3, Solve time = 225.912 ms
Schwarz(Jacobi)+Bicgstab:  Solving for Uy, Initial residual = 0.0043362968762550675, Final residual = 0.0001371207535493457, No Iterations 3, Solve time = 225.912 ms
Schwarz(Jacobi)+Bicgstab:  Solving for Uz, Initial residual = 0.0011073965494225538, Final residual = 3.9920288086978735e-05, No Iterations 3, Solve time = 225.912 ms
[mem] after-UEqn: DEVICE_POOL current=19126 MB  actual(reserved)=38146 MB  highWater=24414 MB
[GinkgoSolver] p-cache: reuse(update_matrix_value) solve=40 rebuildInterval=0
config(Cg+Multigrid):  Solving for p, Initial residual = 0.0012985896930333256, Final residual = 1.1625935126224698e-05, No Iterations 7, Solve time = 1008.209 ms
time step continuity errors : sum local = 2.917894580870105e-06, global = -6.22784378070688e-08, cumulative = -9.19768732416906e-07
[mem] after-pEqn: DEVICE_POOL current=19126 MB  actual(reserved)=38146 MB  highWater=24414 MB
[GinkgoSolver] p-cache: reuse(update_matrix_value) solve=40 rebuildInterval=0
Schwarz(Jacobi)+Bicgstab:  Solving for omega, Initial residual = 1.3046074248085746e-05, Final residual = 8.976603033333846e-07, No Iterations 2, Solve time = 78.418 ms
bounding omega, min: -44965.21745672213 max: 45355982.66538456 average: 6371.201876367304
[GinkgoSolver] p-cache: reuse(update_matrix_value) solve=40 rebuildInterval=0
Schwarz(Jacobi)+Bicgstab:  Solving for k, Initial residual = 0.0002493065312469325, Final residual = 2.083876384070487e-05, No Iterations 2, Solve time = 72.665 ms
bounding k, min: -0.2640614513079823 max: 872.1323515061522 average: 9.131882639505559
[mem] after-turb: DEVICE_POOL current=19126 MB  actual(reserved)=38146 MB  highWater=24414 MB
ExecutionTime = 150.21 s  ClockTime = 151 s

Time = 1041
[mem] step-start: DEVICE_POOL current=19126 MB  actual(reserved)=38146 MB  highWater=24414 MB
Schwarz(Jacobi)+Bicgstab:  Solving for Ux, Initial residual = 8.051736273805627e-05, Final residual = 3.7138822127097835e-06, No Iterations 4, Solve time = 275.505 ms
Schwarz(Jacobi)+Bicgstab:  Solving for Uy, Initial residual = 0.004348549285117219, Final residual = 0.00017583232089250306, No Iterations 4, Solve time = 275.505 ms
Schwarz(Jacobi)+Bicgstab:  Solving for Uz, Initial residual = 0.0011086976306024037, Final residual = 2.0554374623939837e-05, No Iterations 4, Solve time = 275.505 ms
[mem] after-UEqn: DEVICE_POOL current=19126 MB  actual(reserved)=38146 MB  highWater=24414 MB
[GinkgoSolver] p-cache: reuse(update_matrix_value) solve=41 rebuildInterval=0
config(Cg+Multigrid):  Solving for p, Initial residual = 0.001295295294994725, Final residual = 1.1934025557686385e-05, No Iterations 8, Solve time = 1120.189 ms
time step continuity errors : sum local = 2.997572616463115e-06, global = -5.268204019260189e-08, cumulative = -9.72450772609508e-07
[mem] after-pEqn: DEVICE_POOL current=19126 MB  actual(reserved)=38146 MB  highWater=24414 MB
[GinkgoSolver] p-cache: reuse(update_matrix_value) solve=41 rebuildInterval=0
Schwarz(Jacobi)+Bicgstab:  Solving for omega, Initial residual = 1.2869354806506478e-05, Final residual = 9.029897072386207e-07, No Iterations 2, Solve time = 79.03 ms
bounding omega, min: -44890.52860675544 max: 45355982.64642793 average: 6371.292954212004
[GinkgoSolver] p-cache: reuse(update_matrix_value) solve=41 rebuildInterval=0
Schwarz(Jacobi)+Bicgstab:  Solving for k, Initial residual = 0.0002492816809971882, Final residual = 1.0711603568691032e-05, No Iterations 3, Solve time = 96.002 ms
bounding k, min: -0.0001249153423632647 max: 872.0672493133519 average: 9.131577724135868
[mem] after-turb: DEVICE_POOL current=19126 MB  actual(reserved)=38146 MB  highWater=24414 MB
ExecutionTime = 152.99 s  ClockTime = 154 s

Time = 1042
[mem] step-start: DEVICE_POOL current=19126 MB  actual(reserved)=38146 MB  highWater=24414 MB
Schwarz(Jacobi)+Bicgstab:  Solving for Ux, Initial residual = 8.062106977151468e-05, Final residual = 4.497753787222022e-06, No Iterations 2, Solve time = 166.067 ms
Schwarz(Jacobi)+Bicgstab:  Solving for Uy, Initial residual = 0.004359313367333413, Final residual = 0.000755894090000259, No Iterations 2, Solve time = 166.067 ms
Schwarz(Jacobi)+Bicgstab:  Solving for Uz, Initial residual = 0.0011093154177623612, Final residual = 7.63164627142076e-05, No Iterations 2, Solve time = 166.067 ms
[mem] after-UEqn: DEVICE_POOL current=19126 MB  actual(reserved)=38146 MB  highWater=24414 MB
[GinkgoSolver] p-cache: reuse(update_matrix_value) solve=42 rebuildInterval=0
config(Cg+Multigrid):  Solving for p, Initial residual = 0.0013159823861175206, Final residual = 1.1710906076822192e-05, No Iterations 8, Solve time = 1119.273 ms
time step continuity errors : sum local = 2.9445976026406505e-06, global = -5.393873769344103e-08, cumulative = -1.0263895103029488e-06
[mem] after-pEqn: DEVICE_POOL current=19126 MB  actual(reserved)=38146 MB  highWater=24414 MB
[GinkgoSolver] p-cache: reuse(update_matrix_value) solve=42 rebuildInterval=0
Schwarz(Jacobi)+Bicgstab:  Solving for omega, Initial residual = 1.3227021748792289e-05, Final residual = 9.084428350444131e-07, No Iterations 2, Solve time = 72.974 ms
bounding omega, min: -227998.54913040428 max: 45355982.63113411 average: 6371.1369802220315
[GinkgoSolver] p-cache: reuse(update_matrix_value) solve=42 rebuildInterval=0
Schwarz(Jacobi)+Bicgstab:  Solving for k, Initial residual = 0.0002483909827807146, Final residual = 5.181785090941533e-06, No Iterations 3, Solve time = 96.511 ms
bounding k, min: -4.818955177689877e-05 max: 871.9842726512898 average: 9.131360905810956
[mem] after-turb: DEVICE_POOL current=19126 MB  actual(reserved)=38146 MB  highWater=24414 MB
ExecutionTime = 155.67 s  ClockTime = 156 s

Time = 1043
[mem] step-start: DEVICE_POOL current=19126 MB  actual(reserved)=38146 MB  highWater=24414 MB
Schwarz(Jacobi)+Bicgstab:  Solving for Ux, Initial residual = 8.091558086487482e-05, Final residual = 6.463389818007586e-06, No Iterations 3, Solve time = 212.839 ms
Schwarz(Jacobi)+Bicgstab:  Solving for Uy, Initial residual = 0.004330929448483451, Final residual = 0.00016984622025307037, No Iterations 3, Solve time = 212.839 ms
Schwarz(Jacobi)+Bicgstab:  Solving for Uz, Initial residual = 0.0011185305624295116, Final residual = 5.7140219637926145e-05, No Iterations 3, Solve time = 212.839 ms
[mem] after-UEqn: DEVICE_POOL current=19126 MB  actual(reserved)=38146 MB  highWater=24414 MB
[GinkgoSolver] p-cache: reuse(update_matrix_value) solve=43 rebuildInterval=0
config(Cg+Multigrid):  Solving for p, Initial residual = 0.0013087553705936328, Final residual = 1.1346343673470407e-05, No Iterations 8, Solve time = 1130.338 ms
time step continuity errors : sum local = 2.8547301537782102e-06, global = -5.707133916739517e-08, cumulative = -1.083460849470344e-06
[mem] after-pEqn: DEVICE_POOL current=19126 MB  actual(reserved)=38146 MB  highWater=24414 MB
[GinkgoSolver] p-cache: reuse(update_matrix_value) solve=43 rebuildInterval=0
Schwarz(Jacobi)+Bicgstab:  Solving for omega, Initial residual = 1.3174126083994085e-05, Final residual = 9.142283102753854e-07, No Iterations 2, Solve time = 90.292 ms
bounding omega, min: -45881.567512644324 max: 45355982.6167412 average: 6371.061104978717
[GinkgoSolver] p-cache: reuse(update_matrix_value) solve=43 rebuildInterval=0
Schwarz(Jacobi)+Bicgstab:  Solving for k, Initial residual = 0.0002484652604722052, Final residual = 1.1741664647078588e-05, No Iterations 2, Solve time = 72.759 ms
bounding k, min: -0.00011849151173389892 max: 871.8670152396019 average: 9.131321294989807
[mem] after-turb: DEVICE_POOL current=19126 MB  actual(reserved)=38146 MB  highWater=24414 MB
ExecutionTime = 158.37 s  ClockTime = 159 s

Time = 1044
[mem] step-start: DEVICE_POOL current=19126 MB  actual(reserved)=38146 MB  highWater=24414 MB
Schwarz(Jacobi)+Bicgstab:  Solving for Ux, Initial residual = 8.122492363084116e-05, Final residual = 5.1334012744525375e-06, No Iterations 2, Solve time = 176.302 ms
Schwarz(Jacobi)+Bicgstab:  Solving for Uy, Initial residual = 0.004328616806614733, Final residual = 0.0007490964854915435, No Iterations 2, Solve time = 176.302 ms
Schwarz(Jacobi)+Bicgstab:  Solving for Uz, Initial residual = 0.0011235959885562976, Final residual = 7.733129344957129e-05, No Iterations 2, Solve time = 176.302 ms
[mem] after-UEqn: DEVICE_POOL current=19126 MB  actual(reserved)=38146 MB  highWater=24414 MB
[GinkgoSolver] p-cache: reuse(update_matrix_value) solve=44 rebuildInterval=0
config(Cg+Multigrid):  Solving for p, Initial residual = 0.0013072987167651227, Final residual = 1.1016339524824624e-05, No Iterations 7, Solve time = 1009.035 ms
time step continuity errors : sum local = 2.7716102761840042e-06, global = -6.541524088548937e-08, cumulative = -1.1488760903558335e-06
[mem] after-pEqn: DEVICE_POOL current=19126 MB  actual(reserved)=38146 MB  highWater=24414 MB
[GinkgoSolver] p-cache: reuse(update_matrix_value) solve=44 rebuildInterval=0
Schwarz(Jacobi)+Bicgstab:  Solving for omega, Initial residual = 1.3209683061164486e-05, Final residual = 9.13384942017011e-07, No Iterations 2, Solve time = 80.77 ms
bounding omega, min: -46039.26085945723 max: 45355982.60454539 average: 6371.028469324073
[GinkgoSolver] p-cache: reuse(update_matrix_value) solve=44 rebuildInterval=0
Schwarz(Jacobi)+Bicgstab:  Solving for k, Initial residual = 0.00024876330221615476, Final residual = 1.2898219319059803e-05, No Iterations 2, Solve time = 73.179 ms
bounding k, min: -0.00017287853272662446 max: 871.726431417295 average: 9.131553258994135
[mem] after-turb: DEVICE_POOL current=19126 MB  actual(reserved)=38146 MB  highWater=24414 MB
ExecutionTime = 160.91 s  ClockTime = 161 s

Time = 1045
[mem] step-start: DEVICE_POOL current=19126 MB  actual(reserved)=38146 MB  highWater=24414 MB
Schwarz(Jacobi)+Bicgstab:  Solving for Ux, Initial residual = 8.112556285792519e-05, Final residual = 3.553714940827206e-06, No Iterations 3, Solve time = 212.374 ms
Schwarz(Jacobi)+Bicgstab:  Solving for Uy, Initial residual = 0.004390663959012572, Final residual = 0.00014260134788853044, No Iterations 3, Solve time = 212.374 ms
Schwarz(Jacobi)+Bicgstab:  Solving for Uz, Initial residual = 0.0011245525212489511, Final residual = 5.5463053566308237e-05, No Iterations 3, Solve time = 212.374 ms
[mem] after-UEqn: DEVICE_POOL current=19126 MB  actual(reserved)=38146 MB  highWater=24414 MB
[GinkgoSolver] p-cache: reuse(update_matrix_value) solve=45 rebuildInterval=0
config(Cg+Multigrid):  Solving for p, Initial residual = 0.0013018079759451885, Final residual = 1.1016115792836988e-05, No Iterations 13, Solve time = 1772.443 ms
time step continuity errors : sum local = 2.7704489399477633e-06, global = -4.4181131024065764e-08, cumulative = -1.1930572213798991e-06
[mem] after-pEqn: DEVICE_POOL current=19126 MB  actual(reserved)=38146 MB  highWater=24414 MB
[GinkgoSolver] p-cache: reuse(update_matrix_value) solve=45 rebuildInterval=0
Schwarz(Jacobi)+Bicgstab:  Solving for omega, Initial residual = 1.320405608539924e-05, Final residual = 9.133293373513651e-07, No Iterations 2, Solve time = 73.464 ms
bounding omega, min: -46503.809760285934 max: 45355982.59648415 average: 6371.033466281644
[GinkgoSolver] p-cache: reuse(update_matrix_value) solve=45 rebuildInterval=0
Schwarz(Jacobi)+Bicgstab:  Solving for k, Initial residual = 0.0002492536323749012, Final residual = 1.4031677462905542e-05, No Iterations 2, Solve time = 72.703 ms
bounding k, min: -0.00013295593704002704 max: 871.5447157068683 average: 9.131686927078276
[mem] after-turb: DEVICE_POOL current=19126 MB  actual(reserved)=38146 MB  highWater=24414 MB
ExecutionTime = 164.27 s  ClockTime = 165 s

Time = 1046
[mem] step-start: DEVICE_POOL current=19126 MB  actual(reserved)=38146 MB  highWater=24414 MB
Schwarz(Jacobi)+Bicgstab:  Solving for Ux, Initial residual = 8.101813617402479e-05, Final residual = 6.1886483619714256e-06, No Iterations 3, Solve time = 222.4 ms
Schwarz(Jacobi)+Bicgstab:  Solving for Uy, Initial residual = 0.004413081194293426, Final residual = 0.0001415418819778809, No Iterations 3, Solve time = 222.4 ms
Schwarz(Jacobi)+Bicgstab:  Solving for Uz, Initial residual = 0.0011242183787903918, Final residual = 3.7794087995082335e-05, No Iterations 3, Solve time = 222.4 ms
[mem] after-UEqn: DEVICE_POOL current=19126 MB  actual(reserved)=38146 MB  highWater=24414 MB
[GinkgoSolver] p-cache: reuse(update_matrix_value) solve=46 rebuildInterval=0
config(Cg+Multigrid):  Solving for p, Initial residual = 0.0013120082386657338, Final residual = 1.24274174166429e-05, No Iterations 7, Solve time = 1013.684 ms
time step continuity errors : sum local = 3.1138923207468163e-06, global = -6.606923486986318e-08, cumulative = -1.2591264562497623e-06
[mem] after-pEqn: DEVICE_POOL current=19126 MB  actual(reserved)=38146 MB  highWater=24414 MB
[GinkgoSolver] p-cache: reuse(update_matrix_value) solve=46 rebuildInterval=0
Schwarz(Jacobi)+Bicgstab:  Solving for omega, Initial residual = 1.3226360596460742e-05, Final residual = 9.165541613834834e-07, No Iterations 2, Solve time = 73.639 ms
bounding omega, min: -177653.86736885554 max: 45355982.59276195 average: 6371.018836592367
[GinkgoSolver] p-cache: reuse(update_matrix_value) solve=46 rebuildInterval=0
Schwarz(Jacobi)+Bicgstab:  Solving for k, Initial residual = 0.0002500167300050159, Final residual = 1.3363922662027253e-05, No Iterations 2, Solve time = 73.16 ms
bounding k, min: -0.0006063016330545829 max: 871.2909329575091 average: 9.131989152104005
[mem] after-turb: DEVICE_POOL current=19126 MB  actual(reserved)=38146 MB  highWater=24414 MB
ExecutionTime = 166.87 s  ClockTime = 167 s

Time = 1047
[mem] step-start: DEVICE_POOL current=19126 MB  actual(reserved)=38146 MB  highWater=24414 MB
Schwarz(Jacobi)+Bicgstab:  Solving for Ux, Initial residual = 8.120675271882913e-05, Final residual = 3.3714612496837167e-06, No Iterations 3, Solve time = 223.045 ms
Schwarz(Jacobi)+Bicgstab:  Solving for Uy, Initial residual = 0.004430540955307931, Final residual = 0.00014230890733857836, No Iterations 3, Solve time = 223.045 ms
Schwarz(Jacobi)+Bicgstab:  Solving for Uz, Initial residual = 0.001123440265883568, Final residual = 3.842345569844856e-05, No Iterations 3, Solve time = 223.045 ms
[mem] after-UEqn: DEVICE_POOL current=19126 MB  actual(reserved)=38146 MB  highWater=24414 MB
[GinkgoSolver] p-cache: reuse(update_matrix_value) solve=47 rebuildInterval=0
config(Cg+Multigrid):  Solving for p, Initial residual = 0.0013026060598455855, Final residual = 1.1993378151218924e-05, No Iterations 8, Solve time = 1135.286 ms
time step continuity errors : sum local = 3.0039194669257175e-06, global = -6.626231310439919e-08, cumulative = -1.3253887693541615e-06
[mem] after-pEqn: DEVICE_POOL current=19126 MB  actual(reserved)=38146 MB  highWater=24414 MB
[GinkgoSolver] p-cache: reuse(update_matrix_value) solve=47 rebuildInterval=0
Schwarz(Jacobi)+Bicgstab:  Solving for omega, Initial residual = 1.319356655932153e-05, Final residual = 9.097432689900498e-07, No Iterations 2, Solve time = 81.561 ms
bounding omega, min: -46954.710409896674 max: 45355982.59231817 average: 6371.027790009307
[GinkgoSolver] p-cache: reuse(update_matrix_value) solve=47 rebuildInterval=0
Schwarz(Jacobi)+Bicgstab:  Solving for k, Initial residual = 0.0002503975186824376, Final residual = 1.3526923178251543e-05, No Iterations 2, Solve time = 72.266 ms
bounding k, min: -0.0016574060011659134 max: 871.0407441945545 average: 9.132232993155867
[mem] after-turb: DEVICE_POOL current=19126 MB  actual(reserved)=38146 MB  highWater=24414 MB
ExecutionTime = 169.58 s  ClockTime = 170 s

Time = 1048
[mem] step-start: DEVICE_POOL current=19126 MB  actual(reserved)=38146 MB  highWater=24414 MB
Schwarz(Jacobi)+Bicgstab:  Solving for Ux, Initial residual = 8.112408426240755e-05, Final residual = 4.462766774427235e-06, No Iterations 3, Solve time = 224.2 ms
Schwarz(Jacobi)+Bicgstab:  Solving for Uy, Initial residual = 0.004439987064043364, Final residual = 0.00014346586669060729, No Iterations 3, Solve time = 224.2 ms
Schwarz(Jacobi)+Bicgstab:  Solving for Uz, Initial residual = 0.0011236351600513333, Final residual = 3.585204472859148e-05, No Iterations 3, Solve time = 224.2 ms
[mem] after-UEqn: DEVICE_POOL current=19126 MB  actual(reserved)=38146 MB  highWater=24414 MB
[GinkgoSolver] p-cache: reuse(update_matrix_value) solve=48 rebuildInterval=0
config(Cg+Multigrid):  Solving for p, Initial residual = 0.001302499507806973, Final residual = 1.1877787483695225e-05, No Iterations 7, Solve time = 1023.335 ms
time step continuity errors : sum local = 2.973341371742972e-06, global = -7.734815428956404e-08, cumulative = -1.4027369236437255e-06
[mem] after-pEqn: DEVICE_POOL current=19126 MB  actual(reserved)=38146 MB  highWater=24414 MB
[GinkgoSolver] p-cache: reuse(update_matrix_value) solve=48 rebuildInterval=0
Schwarz(Jacobi)+Bicgstab:  Solving for omega, Initial residual = 1.3195622699912448e-05, Final residual = 9.04046469884291e-07, No Iterations 2, Solve time = 78.034 ms
bounding omega, min: -47698.62575779027 max: 45355982.59425642 average: 6370.993589437645
[GinkgoSolver] p-cache: reuse(update_matrix_value) solve=48 rebuildInterval=0
Schwarz(Jacobi)+Bicgstab:  Solving for k, Initial residual = 0.00025088591220616494, Final residual = 1.3548923565434313e-05, No Iterations 2, Solve time = 72.595 ms
bounding k, min: -0.0008069886340227304 max: 870.7864427486336 average: 9.132537533364532
[mem] after-turb: DEVICE_POOL current=19126 MB  actual(reserved)=38146 MB  highWater=24414 MB
ExecutionTime = 172.18 s  ClockTime = 173 s

Time = 1049
[mem] step-start: DEVICE_POOL current=19126 MB  actual(reserved)=38146 MB  highWater=24414 MB
Schwarz(Jacobi)+Bicgstab:  Solving for Ux, Initial residual = 8.12093451047031e-05, Final residual = 3.951982334330534e-06, No Iterations 3, Solve time = 224.236 ms
Schwarz(Jacobi)+Bicgstab:  Solving for Uy, Initial residual = 0.0044432478524421655, Final residual = 0.0001457540016899267, No Iterations 3, Solve time = 224.236 ms
Schwarz(Jacobi)+Bicgstab:  Solving for Uz, Initial residual = 0.0011245691591865142, Final residual = 4.790787081638519e-05, No Iterations 3, Solve time = 224.236 ms
[mem] after-UEqn: DEVICE_POOL current=19126 MB  actual(reserved)=38146 MB  highWater=24414 MB
[GinkgoSolver] p-cache: reuse(update_matrix_value) solve=49 rebuildInterval=0
config(Cg+Multigrid):  Solving for p, Initial residual = 0.0013005268554400827, Final residual = 9.966808485476254e-06, No Iterations 13, Solve time = 1748.132 ms
time step continuity errors : sum local = 2.49435862302805e-06, global = -5.2211589597044324e-08, cumulative = -1.45494851324077e-06
[mem] after-pEqn: DEVICE_POOL current=19126 MB  actual(reserved)=38146 MB  highWater=24414 MB
[GinkgoSolver] p-cache: reuse(update_matrix_value) solve=49 rebuildInterval=0
Schwarz(Jacobi)+Bicgstab:  Solving for omega, Initial residual = 1.3190796945320152e-05, Final residual = 9.036878625397702e-07, No Iterations 2, Solve time = 73.236 ms
bounding omega, min: -48475.647600221135 max: 45355982.59775667 average: 6371.005765959375
[GinkgoSolver] p-cache: reuse(update_matrix_value) solve=49 rebuildInterval=0
Schwarz(Jacobi)+Bicgstab:  Solving for k, Initial residual = 0.00025127027490809043, Final residual = 1.3696184028410992e-05, No Iterations 2, Solve time = 72.552 ms
bounding k, min: -0.0015771633546884714 max: 870.5402318668778 average: 9.132864260822004
[mem] after-turb: DEVICE_POOL current=19126 MB  actual(reserved)=38146 MB  highWater=24414 MB
ExecutionTime = 175.52 s  ClockTime = 176 s

Time = 1050
[mem] step-start: DEVICE_POOL current=19126 MB  actual(reserved)=38146 MB  highWater=24414 MB
Schwarz(Jacobi)+Bicgstab:  Solving for Ux, Initial residual = 8.126988292802053e-05, Final residual = 4.76292314264487e-06, No Iterations 2, Solve time = 168.291 ms
Schwarz(Jacobi)+Bicgstab:  Solving for Uy, Initial residual = 0.004442314494446233, Final residual = 0.00047519606753145406, No Iterations 2, Solve time = 168.291 ms
Schwarz(Jacobi)+Bicgstab:  Solving for Uz, Initial residual = 0.0011272393593938065, Final residual = 7.689730650170514e-05, No Iterations 2, Solve time = 168.291 ms
[mem] after-UEqn: DEVICE_POOL current=19126 MB  actual(reserved)=38146 MB  highWater=24414 MB
[GinkgoSolver] p-cache: reuse(update_matrix_value) solve=50 rebuildInterval=0
config(Cg+Multigrid):  Solving for p, Initial residual = 0.0013184504429731335, Final residual = 1.0947426418749962e-05, No Iterations 7, Solve time = 1006.427 ms
time step continuity errors : sum local = 2.728309294887833e-06, global = -7.734470099956687e-08, cumulative = -1.5322932142403368e-06
[mem] after-pEqn: DEVICE_POOL current=19126 MB  actual(reserved)=38146 MB  highWater=24414 MB
[GinkgoSolver] p-cache: reuse(update_matrix_value) solve=50 rebuildInterval=0
Schwarz(Jacobi)+Bicgstab:  Solving for omega, Initial residual = 1.3208029713971219e-05, Final residual = 9.050281419367825e-07, No Iterations 2, Solve time = 78.917 ms
bounding omega, min: -140119.42324664578 max: 45355982.603604995 average: 6370.988376832022
[GinkgoSolver] p-cache: reuse(update_matrix_value) solve=50 rebuildInterval=0
Schwarz(Jacobi)+Bicgstab:  Solving for k, Initial residual = 0.0002518301196853397, Final residual = 1.3905028886618014e-05, No Iterations 2, Solve time = 73.064 ms
bounding k, min: -0.0019484300874862033 max: 870.3098013011834 average: 9.133188523218367
[mem] after-turb: DEVICE_POOL current=19126 MB  actual(reserved)=38146 MB  highWater=24414 MB
Writing p
Writing U
Writing turbulence variables
ExecutionTime = 179.23 s  ClockTime = 181 s

Finalizing NeoN
Finalising parallel run
