/*---------------------------------------------------------------------------*\
| =========                 |                                                 |
| \\      /  F ield         | OpenFOAM: The Open Source CFD Toolbox           |
|  \\    /   O peration     | Version:  2506                                  |
|   \\  /    A nd           | Website:  www.openfoam.com                      |
|    \\/     M anipulation  |                                                 |
\*---------------------------------------------------------------------------*/
Build  : b050cd9480-20250814 OPENFOAM=2506 version=v2506
Arch   : "LSB;label=32;scalar=64"
Exec   : /storage/home/greole/code/NeoFOAM/build/profilingnvidia_h200/bin/neoSimpleFoam -parallel
Date   : Jul 15 2026
Time   : 20:44:18
Host   : gpu-nvidia-h200-3.int.coma-cluster.de
PID    : 3862053
I/O    : uncollated
Case   : /storage/home/greole/code/NeoFOAM/occDrivAerStaticMesh
nProcs : 4
Hosts  :
(
    (gpu-nvidia-h200-3.int.coma-cluster.de 4)
)
Pstream initialized with:
    node communication : off [type=host] (4 ranks, 1 nodes)
    topology controls  : none
    consensus exchange : 0 (tuning: 0)
    exchange algorithm : 0
    commsType          : nonBlocking
    polling iterations : 0
trapFpe: Floating point exception trapping enabled (FOAM_SIGFPE).
fileModificationChecking : Monitoring run-time modified files using timeStampMaster (fileModificationSkew 5, maxFileModificationPolls 20)
allowSystemOperations : Allowing user-supplied system call operations

// * * * * * * * * * * * * * * * * * * * * * * * * * * * * * * * * * * * * * //
Create time

Initializing NeoN
Creating Executor GPU
Creating NeoFOAM runTime
GPU-aware MPI: library-available=yes, NeoN-flag=on, executor=GPUExecutor, ranks=4 -> used=yes

SIMPLE: no convergence criteria found. Calculations will run for 50 steps.

Reading field p

Reading field U

Reading/calculating face flux field phi

Selecting incompressible transport model Newtonian
NeoFOAM solver config (from fvSolution configFile) for 'config(Cg+Multigrid)':
{
    cacheSolver: true
    configFile: <NeoN::TokenList>
    l1ScaledResidual: true
    preconditionerRebuildInterval: 0
    relTol: 0.010000
    reportName: config(Cg+Multigrid)
    solver: Ginkgo
    tolerance: 0.000000
}
    effective optimize: false
    effective checkFrequency: 1
Mapping OpenFOAM solver settings to NeoN settings.
Currently, it is advisable to specify a configFile
for fine grained Ginkgo solver control

Replacing solver PBiCGStab by solver::Bicgstab
Replacing preconditioner diagonal by preconditioner::Schwarz (Schwarz-wrapped for distributed run)
NeoFOAM solver config (mapped from fvSolution) for 'Schwarz(Jacobi)+Bicgstab':
{
    cacheSolver: true
    criteria: {
        absolute_residual_norm: 0.000000
        initial_residual_norm: 0.100000
        iteration: 1000
    }
    l1ScaledResidual: true
    optimize: true
    preconditioner: {
        local_solver: {
            max_block_size: 1
            type: preconditioner::Jacobi
        }
        type: preconditioner::Schwarz
    }
    reportName: Schwarz(Jacobi)+Bicgstab
    solver: Ginkgo
    type: solver::Bicgstab
}
    effective optimize: true
    effective checkFrequency: 1
Creating phi

[NF][/storage/home/greole/code/NeoFOAM/include/NeoFOAM/auxiliary/readers.hpp::434]: Internal: 49333487, Boundary: 1754396

[NF][/storage/home/greole/code/NeoFOAM/include/NeoFOAM/auxiliary/readers.hpp::434]: Internal: 49320882, Boundary: 1762558

[NF][/storage/home/greole/code/NeoFOAM/include/NeoFOAM/auxiliary/readers.hpp::434]: Internal: 49261542, Boundary: 1427829

[NF][/storage/home/greole/code/NeoFOAM/include/NeoFOAM/auxiliary/readers.hpp::434]: Internal: 49243125, Boundary: 1362247
Selecting patchDistMethod meshWave
Mapping OpenFOAM solver settings to NeoN settings.
Currently, it is advisable to specify a configFile
for fine grained Ginkgo solver control

Replacing solver PBiCGStab by solver::Bicgstab
Replacing preconditioner diagonal by preconditioner::Schwarz (Schwarz-wrapped for distributed run)
NeoFOAM solver config (mapped from fvSolution) for 'Schwarz(Jacobi)+Bicgstab':
{
    cacheSolver: true
    criteria: {
        absolute_residual_norm: 0.000000
        initial_residual_norm: 0.100000
        iteration: 1000
    }
    l1ScaledResidual: true
    optimize: true
    preconditioner: {
        local_solver: {
            max_block_size: 1
            type: preconditioner::Jacobi
        }
        type: preconditioner::Schwarz
    }
    reportName: Schwarz(Jacobi)+Bicgstab
    solver: Ginkgo
    type: solver::Bicgstab
}
    effective optimize: true
    effective checkFrequency: 1
Mapping OpenFOAM solver settings to NeoN settings.
Currently, it is advisable to specify a configFile
for fine grained Ginkgo solver control

Replacing solver PBiCGStab by solver::Bicgstab
Replacing preconditioner diagonal by preconditioner::Schwarz (Schwarz-wrapped for distributed run)
NeoFOAM solver config (mapped from fvSolution) for 'Schwarz(Jacobi)+Bicgstab':
{
    cacheSolver: true
    criteria: {
        absolute_residual_norm: 0.000000
        initial_residual_norm: 0.100000
        iteration: 1000
    }
    l1ScaledResidual: true
    optimize: true
    preconditioner: {
        local_solver: {
            max_block_size: 1
            type: preconditioner::Jacobi
        }
        type: preconditioner::Schwarz
    }
    reportName: Schwarz(Jacobi)+Bicgstab
    solver: Ginkgo
    type: solver::Bicgstab
}
    effective optimize: true
    effective checkFrequency: 1
[mem] setup.end: DEVICE_POOL current=12979 MB  actual(reserved)=38146 MB  highWater=19132 MB
Starting time loop
Time = 1001
[mem] step-start: DEVICE_POOL current=12979 MB  actual(reserved)=38146 MB  highWater=19132 MB
Schwarz(Jacobi)+Bicgstab:  Solving for Ux, Initial residual = 7.915662809815064e-05, Final residual = 3.1179304544012323e-06, No Iterations 3, Solve time = 244.262 ms
Schwarz(Jacobi)+Bicgstab:  Solving for Uy, Initial residual = 0.004031496934770699, Final residual = 0.0001416085397544056, No Iterations 3, Solve time = 244.262 ms
Schwarz(Jacobi)+Bicgstab:  Solving for Uz, Initial residual = 0.0011224955775289297, Final residual = 4.897542661414214e-05, No Iterations 3, Solve time = 244.262 ms
[mem] after-UEqn: DEVICE_POOL current=15473 MB  actual(reserved)=38146 MB  highWater=20761 MB
[GinkgoSolver] p-cache: rebuild(generate) solve=1 rebuildInterval=0
config(Cg+Multigrid):  Solving for p, Initial residual = 0.001309218124129024, Final residual = 8.620940645261319e-06, No Iterations 10, Solve time = 817.089 ms
time step continuity errors : sum local = 2.177074065127569e-06, global = 2.855038017117716e-08, cumulative = 2.855038017117716e-08
[mem] after-pEqn: DEVICE_POOL current=16941 MB  actual(reserved)=38146 MB  highWater=20761 MB
[GinkgoSolver] p-cache: rebuild(generate) solve=1 rebuildInterval=0
Schwarz(Jacobi)+Bicgstab:  Solving for omega, Initial residual = 1.3008923662145041e-05, Final residual = 9.269767874216453e-07, No Iterations 2, Solve time = 75.848 ms
bounding omega, min: -36016.53968493605 max: 45355982.77769653 average: 6373.8703176122135
[GinkgoSolver] p-cache: rebuild(generate) solve=1 rebuildInterval=0
Schwarz(Jacobi)+Bicgstab:  Solving for k, Initial residual = 0.0002422422218132022, Final residual = 9.448447716471139e-06, No Iterations 3, Solve time = 98.809 ms
bounding k, min: -2.43062827099902e-05 max: 942.8723234554557 average: 9.15275860506074
[mem] after-turb: DEVICE_POOL current=19126 MB  actual(reserved)=38146 MB  highWater=21935 MB
ExecutionTime = 48.05 s  ClockTime = 48 s

Time = 1002
[mem] step-start: DEVICE_POOL current=19126 MB  actual(reserved)=38146 MB  highWater=21935 MB
Schwarz(Jacobi)+Bicgstab:  Solving for Ux, Initial residual = 7.875223947628217e-05, Final residual = 2.9918320442254493e-06, No Iterations 3, Solve time = 222.141 ms
Schwarz(Jacobi)+Bicgstab:  Solving for Uy, Initial residual = 0.004033706937581148, Final residual = 0.00014044366263252093, No Iterations 3, Solve time = 222.141 ms
Schwarz(Jacobi)+Bicgstab:  Solving for Uz, Initial residual = 0.0011190456704715072, Final residual = 4.122845997672921e-05, No Iterations 3, Solve time = 222.141 ms
[mem] after-UEqn: DEVICE_POOL current=19126 MB  actual(reserved)=38146 MB  highWater=24414 MB
[GinkgoSolver] p-cache: reuse(update_matrix_value) solve=2 rebuildInterval=0
config(Cg+Multigrid):  Solving for p, Initial residual = 0.0012774095243608277, Final residual = 8.966976182988868e-06, No Iterations 10, Solve time = 802.632 ms
time step continuity errors : sum local = 2.2664529430364524e-06, global = 1.815918268351378e-08, cumulative = 4.670956285469094e-08
[mem] after-pEqn: DEVICE_POOL current=19126 MB  actual(reserved)=38146 MB  highWater=24414 MB
[GinkgoSolver] p-cache: reuse(update_matrix_value) solve=2 rebuildInterval=0
Schwarz(Jacobi)+Bicgstab:  Solving for omega, Initial residual = 1.312028443421744e-05, Final residual = 8.756439373845641e-07, No Iterations 2, Solve time = 91.696 ms
bounding omega, min: -93750.27269339394 max: 45355982.85236235 average: 6373.590722476332
[GinkgoSolver] p-cache: reuse(update_matrix_value) solve=2 rebuildInterval=0
Schwarz(Jacobi)+Bicgstab:  Solving for k, Initial residual = 0.00024149271799108138, Final residual = 1.1410517848785526e-05, No Iterations 2, Solve time = 73.373 ms
bounding k, min: -0.00029064677790628646 max: 934.3245790413245 average: 9.152491686752228
[mem] after-turb: DEVICE_POOL current=19126 MB  actual(reserved)=38146 MB  highWater=24414 MB
ExecutionTime = 50.39 s  ClockTime = 50 s

Time = 1003
[mem] step-start: DEVICE_POOL current=19126 MB  actual(reserved)=38146 MB  highWater=24414 MB
Schwarz(Jacobi)+Bicgstab:  Solving for Ux, Initial residual = 7.858058591645374e-05, Final residual = 2.4109309116883685e-06, No Iterations 3, Solve time = 226.73 ms
Schwarz(Jacobi)+Bicgstab:  Solving for Uy, Initial residual = 0.004030499638732415, Final residual = 0.00013655050700488018, No Iterations 3, Solve time = 226.73 ms
Schwarz(Jacobi)+Bicgstab:  Solving for Uz, Initial residual = 0.0011176103097991798, Final residual = 3.906317776181318e-05, No Iterations 3, Solve time = 226.73 ms
[mem] after-UEqn: DEVICE_POOL current=19126 MB  actual(reserved)=38146 MB  highWater=24414 MB
[GinkgoSolver] p-cache: reuse(update_matrix_value) solve=3 rebuildInterval=0
config(Cg+Multigrid):  Solving for p, Initial residual = 0.001268671138189024, Final residual = 8.846994394836582e-06, No Iterations 10, Solve time = 818.829 ms
time step continuity errors : sum local = 2.2361487792935724e-06, global = 6.003155631893676e-09, cumulative = 5.2712718486584614e-08
[mem] after-pEqn: DEVICE_POOL current=19126 MB  actual(reserved)=38146 MB  highWater=24414 MB
[GinkgoSolver] p-cache: reuse(update_matrix_value) solve=3 rebuildInterval=0
Schwarz(Jacobi)+Bicgstab:  Solving for omega, Initial residual = 1.297637448191015e-05, Final residual = 8.49488471058489e-07, No Iterations 2, Solve time = 92.039 ms
bounding omega, min: -36270.526112957166 max: 45355982.94118494 average: 6373.4641457810285
[GinkgoSolver] p-cache: reuse(update_matrix_value) solve=3 rebuildInterval=0
Schwarz(Jacobi)+Bicgstab:  Solving for k, Initial residual = 0.00024127568274690957, Final residual = 1.3115747966926869e-05, No Iterations 2, Solve time = 73.665 ms
bounding k, min: -0.0006910457588437252 max: 922.3008691933586 average: 9.152318492000257
[mem] after-turb: DEVICE_POOL current=19126 MB  actual(reserved)=38146 MB  highWater=24414 MB
ExecutionTime = 52.76 s  ClockTime = 53 s

Time = 1004
[mem] step-start: DEVICE_POOL current=19126 MB  actual(reserved)=38146 MB  highWater=24414 MB
Schwarz(Jacobi)+Bicgstab:  Solving for Ux, Initial residual = 7.847483539340194e-05, Final residual = 2.051078094003712e-06, No Iterations 3, Solve time = 236.18 ms
Schwarz(Jacobi)+Bicgstab:  Solving for Uy, Initial residual = 0.004025254732864156, Final residual = 0.00013297081673230258, No Iterations 3, Solve time = 236.18 ms
Schwarz(Jacobi)+Bicgstab:  Solving for Uz, Initial residual = 0.0011172324299977949, Final residual = 4.121138230281892e-05, No Iterations 3, Solve time = 236.18 ms
[mem] after-UEqn: DEVICE_POOL current=19126 MB  actual(reserved)=38146 MB  highWater=24414 MB
[GinkgoSolver] p-cache: reuse(update_matrix_value) solve=4 rebuildInterval=0
config(Cg+Multigrid):  Solving for p, Initial residual = 0.001267078577185019, Final residual = 1.1868076256040305e-05, No Iterations 9, Solve time = 728.078 ms
time step continuity errors : sum local = 2.998982979318789e-06, global = -3.298351807100875e-09, cumulative = 4.941436667948374e-08
[mem] after-pEqn: DEVICE_POOL current=19126 MB  actual(reserved)=38146 MB  highWater=24414 MB
[GinkgoSolver] p-cache: reuse(update_matrix_value) solve=4 rebuildInterval=0
Schwarz(Jacobi)+Bicgstab:  Solving for omega, Initial residual = 1.2865504922109699e-05, Final residual = 8.408045874412357e-07, No Iterations 2, Solve time = 91.839 ms
bounding omega, min: -34586.18133503356 max: 45355983.02742812 average: 6373.608334113351
[GinkgoSolver] p-cache: reuse(update_matrix_value) solve=4 rebuildInterval=0
Schwarz(Jacobi)+Bicgstab:  Solving for k, Initial residual = 0.0002412383060699844, Final residual = 1.3715433953567165e-05, No Iterations 2, Solve time = 73.024 ms
bounding k, min: -0.005388821084420278 max: 907.3828615042 average: 9.15210405647941
[mem] after-turb: DEVICE_POOL current=19126 MB  actual(reserved)=38146 MB  highWater=24414 MB
ExecutionTime = 55.07 s  ClockTime = 55 s

Time = 1005
[mem] step-start: DEVICE_POOL current=19126 MB  actual(reserved)=38146 MB  highWater=24414 MB
Schwarz(Jacobi)+Bicgstab:  Solving for Ux, Initial residual = 7.835975677407641e-05, Final residual = 3.866025303712896e-06, No Iterations 2, Solve time = 183.96 ms
Schwarz(Jacobi)+Bicgstab:  Solving for Uy, Initial residual = 0.00401967232891003, Final residual = 0.0002498372170710413, No Iterations 2, Solve time = 183.96 ms
Schwarz(Jacobi)+Bicgstab:  Solving for Uz, Initial residual = 0.0011174189881916533, Final residual = 6.37596255942358e-05, No Iterations 2, Solve time = 183.96 ms
[mem] after-UEqn: DEVICE_POOL current=19126 MB  actual(reserved)=38146 MB  highWater=24414 MB
[GinkgoSolver] p-cache: reuse(update_matrix_value) solve=5 rebuildInterval=0
config(Cg+Multigrid):  Solving for p, Initial residual = 0.00127340400810758, Final residual = 1.2384727524015998e-05, No Iterations 9, Solve time = 729.136 ms
time step continuity errors : sum local = 3.1284332128242518e-06, global = -1.3113251657891548e-08, cumulative = 3.6301115021592196e-08
[mem] after-pEqn: DEVICE_POOL current=19126 MB  actual(reserved)=38146 MB  highWater=24414 MB
[GinkgoSolver] p-cache: reuse(update_matrix_value) solve=5 rebuildInterval=0
Schwarz(Jacobi)+Bicgstab:  Solving for omega, Initial residual = 1.284625402936747e-05, Final residual = 8.454215590596944e-07, No Iterations 2, Solve time = 90.918 ms
bounding omega, min: -35302.94787147713 max: 45355983.0955287 average: 6373.776428462077
[GinkgoSolver] p-cache: reuse(update_matrix_value) solve=5 rebuildInterval=0
Schwarz(Jacobi)+Bicgstab:  Solving for k, Initial residual = 0.00024164327117999227, Final residual = 1.3721910585777538e-05, No Iterations 2, Solve time = 73.82 ms
bounding k, min: -0.0023067352346233805 max: 900.0828184300751 average: 9.151933987642902
[mem] after-turb: DEVICE_POOL current=19126 MB  actual(reserved)=38146 MB  highWater=24414 MB
ExecutionTime = 57.36 s  ClockTime = 57 s

Time = 1006
[mem] step-start: DEVICE_POOL current=19126 MB  actual(reserved)=38146 MB  highWater=24414 MB
Schwarz(Jacobi)+Bicgstab:  Solving for Ux, Initial residual = 7.844735906634564e-05, Final residual = 2.4668854805410477e-06, No Iterations 3, Solve time = 217.7 ms
Schwarz(Jacobi)+Bicgstab:  Solving for Uy, Initial residual = 0.00401155014432273, Final residual = 0.00015333971456085802, No Iterations 3, Solve time = 217.7 ms
Schwarz(Jacobi)+Bicgstab:  Solving for Uz, Initial residual = 0.001119054828485949, Final residual = 6.148181795015818e-05, No Iterations 3, Solve time = 217.7 ms
[mem] after-UEqn: DEVICE_POOL current=19126 MB  actual(reserved)=38146 MB  highWater=24414 MB
[GinkgoSolver] p-cache: reuse(update_matrix_value) solve=6 rebuildInterval=0
config(Cg+Multigrid):  Solving for p, Initial residual = 0.0012716175695799204, Final residual = 1.1744172016986728e-05, No Iterations 13, Solve time = 1012.141 ms
time step continuity errors : sum local = 2.9653948512728387e-06, global = -2.669558163475039e-08, cumulative = 9.605533386841807e-09
[mem] after-pEqn: DEVICE_POOL current=19126 MB  actual(reserved)=38146 MB  highWater=24414 MB
[GinkgoSolver] p-cache: reuse(update_matrix_value) solve=6 rebuildInterval=0
Schwarz(Jacobi)+Bicgstab:  Solving for omega, Initial residual = 1.2810503130197277e-05, Final residual = 8.414126552513062e-07, No Iterations 2, Solve time = 94.253 ms
bounding omega, min: -125100.7758058653 max: 45355983.13295836 average: 6373.942863228954
[GinkgoSolver] p-cache: reuse(update_matrix_value) solve=6 rebuildInterval=0
Schwarz(Jacobi)+Bicgstab:  Solving for k, Initial residual = 0.00024171040275183567, Final residual = 1.3493908980571281e-05, No Iterations 2, Solve time = 73.031 ms
bounding k, min: -0.002350870631646046 max: 894.1891392244598 average: 9.15172006885857
[mem] after-turb: DEVICE_POOL current=19126 MB  actual(reserved)=38146 MB  highWater=24414 MB
ExecutionTime = 59.94 s  ClockTime = 60 s

Time = 1007
[mem] step-start: DEVICE_POOL current=19126 MB  actual(reserved)=38146 MB  highWater=24414 MB
Schwarz(Jacobi)+Bicgstab:  Solving for Ux, Initial residual = 7.839070375058019e-05, Final residual = 4.254564707403702e-06, No Iterations 2, Solve time = 176.948 ms
Schwarz(Jacobi)+Bicgstab:  Solving for Uy, Initial residual = 0.004008891350232987, Final residual = 0.0005030046799182575, No Iterations 2, Solve time = 176.948 ms
Schwarz(Jacobi)+Bicgstab:  Solving for Uz, Initial residual = 0.0011199346160940995, Final residual = 7.045166017907365e-05, No Iterations 2, Solve time = 176.948 ms
[mem] after-UEqn: DEVICE_POOL current=19126 MB  actual(reserved)=38146 MB  highWater=24414 MB
[GinkgoSolver] p-cache: reuse(update_matrix_value) solve=7 rebuildInterval=0
config(Cg+Multigrid):  Solving for p, Initial residual = 0.0012860287631415019, Final residual = 1.2668994233435388e-05, No Iterations 13, Solve time = 1018.497 ms
time step continuity errors : sum local = 3.195995049770746e-06, global = -2.964082548289873e-08, cumulative = -2.0035292096056922e-08
[mem] after-pEqn: DEVICE_POOL current=19126 MB  actual(reserved)=38146 MB  highWater=24414 MB
[GinkgoSolver] p-cache: reuse(update_matrix_value) solve=7 rebuildInterval=0
Schwarz(Jacobi)+Bicgstab:  Solving for omega, Initial residual = 1.2811934749083092e-05, Final residual = 8.376738540066629e-07, No Iterations 2, Solve time = 91.997 ms
bounding omega, min: -33488.286398397526 max: 45355983.12819202 average: 6374.093585735515
[GinkgoSolver] p-cache: reuse(update_matrix_value) solve=7 rebuildInterval=0
Schwarz(Jacobi)+Bicgstab:  Solving for k, Initial residual = 0.00024220131004153075, Final residual = 1.341610672313771e-05, No Iterations 2, Solve time = 74.035 ms
bounding k, min: -0.0009452116583253817 max: 892.6656706071135 average: 9.151415846128272
[mem] after-turb: DEVICE_POOL current=19126 MB  actual(reserved)=38146 MB  highWater=24414 MB
ExecutionTime = 62.5 s  ClockTime = 62 s

Time = 1008
[mem] step-start: DEVICE_POOL current=19126 MB  actual(reserved)=38146 MB  highWater=24414 MB
Schwarz(Jacobi)+Bicgstab:  Solving for Ux, Initial residual = 7.858057522140154e-05, Final residual = 4.2814144127764425e-06, No Iterations 2, Solve time = 206.501 ms
Schwarz(Jacobi)+Bicgstab:  Solving for Uy, Initial residual = 0.00398684219451272, Final residual = 0.0007347792824693016, No Iterations 2, Solve time = 206.501 ms
Schwarz(Jacobi)+Bicgstab:  Solving for Uz, Initial residual = 0.0011230187451711671, Final residual = 6.382701213396782e-05, No Iterations 2, Solve time = 206.501 ms
[mem] after-UEqn: DEVICE_POOL current=19126 MB  actual(reserved)=38146 MB  highWater=24414 MB
[GinkgoSolver] p-cache: reuse(update_matrix_value) solve=8 rebuildInterval=0
config(Cg+Multigrid):  Solving for p, Initial residual = 0.0012821458422525348, Final residual = 1.134594896933581e-05, No Iterations 10, Solve time = 797.151 ms
time step continuity errors : sum local = 2.8599375048405083e-06, global = -4.030734051404714e-08, cumulative = -6.034263261010406e-08
[mem] after-pEqn: DEVICE_POOL current=19126 MB  actual(reserved)=38146 MB  highWater=24414 MB
[GinkgoSolver] p-cache: reuse(update_matrix_value) solve=8 rebuildInterval=0
Schwarz(Jacobi)+Bicgstab:  Solving for omega, Initial residual = 1.2782251606679278e-05, Final residual = 8.353637609532895e-07, No Iterations 2, Solve time = 81.151 ms
bounding omega, min: -37989.4067956849 max: 45355983.06401943 average: 6374.190813631871
[GinkgoSolver] p-cache: reuse(update_matrix_value) solve=8 rebuildInterval=0
Schwarz(Jacobi)+Bicgstab:  Solving for k, Initial residual = 0.000242111422807153, Final residual = 1.3451912170895401e-05, No Iterations 2, Solve time = 73.065 ms
bounding k, min: -0.0008791892443626541 max: 891.3575148204344 average: 9.151219000728137
[mem] after-turb: DEVICE_POOL current=19126 MB  actual(reserved)=38146 MB  highWater=24414 MB
ExecutionTime = 64.81 s  ClockTime = 65 s

Time = 1009
[mem] step-start: DEVICE_POOL current=19126 MB  actual(reserved)=38146 MB  highWater=24414 MB
Schwarz(Jacobi)+Bicgstab:  Solving for Ux, Initial residual = 7.842746499440686e-05, Final residual = 2.599388108025753e-06, No Iterations 3, Solve time = 207.196 ms
Schwarz(Jacobi)+Bicgstab:  Solving for Uy, Initial residual = 0.004037095825011896, Final residual = 0.00013477271356490136, No Iterations 3, Solve time = 207.196 ms
Schwarz(Jacobi)+Bicgstab:  Solving for Uz, Initial residual = 0.0011165703245299109, Final residual = 0.0001516169073289408, No Iterations 3, Solve time = 207.196 ms
[mem] after-UEqn: DEVICE_POOL current=19126 MB  actual(reserved)=38146 MB  highWater=24414 MB
[GinkgoSolver] p-cache: reuse(update_matrix_value) solve=9 rebuildInterval=0
config(Cg+Multigrid):  Solving for p, Initial residual = 0.001299615658455416, Final residual = 1.203219058488069e-05, No Iterations 15, Solve time = 1163.155 ms
time step continuity errors : sum local = 3.0312927545845496e-06, global = -3.377598840129854e-08, cumulative = -9.41186210114026e-08
[mem] after-pEqn: DEVICE_POOL current=19126 MB  actual(reserved)=38146 MB  highWater=24414 MB
[GinkgoSolver] p-cache: reuse(update_matrix_value) solve=9 rebuildInterval=0
Schwarz(Jacobi)+Bicgstab:  Solving for omega, Initial residual = 1.2745821401088217e-05, Final residual = 8.338811828555354e-07, No Iterations 2, Solve time = 91.493 ms
bounding omega, min: -37215.31351567484 max: 45355982.90335024 average: 6374.227853833387
[GinkgoSolver] p-cache: reuse(update_matrix_value) solve=9 rebuildInterval=0
Schwarz(Jacobi)+Bicgstab:  Solving for k, Initial residual = 0.00024223697353391776, Final residual = 1.333368178110453e-05, No Iterations 2, Solve time = 73.587 ms
bounding k, min: -0.001482088519459284 max: 891.9405700527731 average: 9.15058405609761
[mem] after-turb: DEVICE_POOL current=19126 MB  actual(reserved)=38146 MB  highWater=24414 MB
ExecutionTime = 67.56 s  ClockTime = 67 s

Time = 1010
[mem] step-start: DEVICE_POOL current=19126 MB  actual(reserved)=38146 MB  highWater=24414 MB
Schwarz(Jacobi)+Bicgstab:  Solving for Ux, Initial residual = 7.838661312739817e-05, Final residual = 2.850312577160007e-06, No Iterations 3, Solve time = 215.505 ms
Schwarz(Jacobi)+Bicgstab:  Solving for Uy, Initial residual = 0.004061947804915411, Final residual = 0.00013570168281991268, No Iterations 3, Solve time = 215.505 ms
Schwarz(Jacobi)+Bicgstab:  Solving for Uz, Initial residual = 0.0010984529624702803, Final residual = 4.3758870715451376e-05, No Iterations 3, Solve time = 215.505 ms
[mem] after-UEqn: DEVICE_POOL current=19126 MB  actual(reserved)=38146 MB  highWater=24414 MB
[GinkgoSolver] p-cache: reuse(update_matrix_value) solve=10 rebuildInterval=0
config(Cg+Multigrid):  Solving for p, Initial residual = 0.0012777048996710783, Final residual = 1.2274442655683306e-05, No Iterations 9, Solve time = 737.71 ms
time step continuity errors : sum local = 3.089024408233395e-06, global = -4.473447556756378e-08, cumulative = -1.3885309657896638e-07
[mem] after-pEqn: DEVICE_POOL current=19126 MB  actual(reserved)=38146 MB  highWater=24414 MB
[GinkgoSolver] p-cache: reuse(update_matrix_value) solve=10 rebuildInterval=0
Schwarz(Jacobi)+Bicgstab:  Solving for omega, Initial residual = 1.2722994427134258e-05, Final residual = 8.330990842033361e-07, No Iterations 2, Solve time = 91.713 ms
bounding omega, min: -164862.8810620603 max: 45355982.677203014 average: 6374.17020255506
[GinkgoSolver] p-cache: reuse(update_matrix_value) solve=10 rebuildInterval=0
Schwarz(Jacobi)+Bicgstab:  Solving for k, Initial residual = 0.0002422621664174606, Final residual = 1.3153836578629725e-05, No Iterations 2, Solve time = 73.233 ms
bounding k, min: -0.0018920827242085436 max: 892.1354401529785 average: 9.149929091251606
[mem] after-turb: DEVICE_POOL current=19126 MB  actual(reserved)=38146 MB  highWater=24414 MB
ExecutionTime = 69.86 s  ClockTime = 70 s

Time = 1011
[mem] step-start: DEVICE_POOL current=19126 MB  actual(reserved)=38146 MB  highWater=24414 MB
Schwarz(Jacobi)+Bicgstab:  Solving for Ux, Initial residual = 7.833381094564155e-05, Final residual = 3.321056017921191e-06, No Iterations 3, Solve time = 238.356 ms
Schwarz(Jacobi)+Bicgstab:  Solving for Uy, Initial residual = 0.0040758808398776, Final residual = 0.00013735031161963066, No Iterations 3, Solve time = 238.356 ms
Schwarz(Jacobi)+Bicgstab:  Solving for Uz, Initial residual = 0.0010912303022829004, Final residual = 4.064487521686735e-05, No Iterations 3, Solve time = 238.356 ms
[mem] after-UEqn: DEVICE_POOL current=19126 MB  actual(reserved)=38146 MB  highWater=24414 MB
[GinkgoSolver] p-cache: reuse(update_matrix_value) solve=11 rebuildInterval=0
config(Cg+Multigrid):  Solving for p, Initial residual = 0.0012712523900591023, Final residual = 1.1697699908763055e-05, No Iterations 9, Solve time = 736.53 ms
time step continuity errors : sum local = 2.9425495694983534e-06, global = -4.393032592810349e-08, cumulative = -1.8278342250706987e-07
[mem] after-pEqn: DEVICE_POOL current=19126 MB  actual(reserved)=38146 MB  highWater=24414 MB
[GinkgoSolver] p-cache: reuse(update_matrix_value) solve=11 rebuildInterval=0
Schwarz(Jacobi)+Bicgstab:  Solving for omega, Initial residual = 1.2708889840509699e-05, Final residual = 8.282269957007636e-07, No Iterations 2, Solve time = 91.718 ms
bounding omega, min: -38338.881208459934 max: 45355982.67103917 average: 6374.097458627748
[GinkgoSolver] p-cache: reuse(update_matrix_value) solve=11 rebuildInterval=0
Schwarz(Jacobi)+Bicgstab:  Solving for k, Initial residual = 0.00024228470142581917, Final residual = 1.2660968776531868e-05, No Iterations 2, Solve time = 73.881 ms
bounding k, min: -0.0005355154153737669 max: 892.9156442383477 average: 9.149210200096714
[mem] after-turb: DEVICE_POOL current=19126 MB  actual(reserved)=38146 MB  highWater=24414 MB
ExecutionTime = 72.18000000000001 s  ClockTime = 72 s

Time = 1012
[mem] step-start: DEVICE_POOL current=19126 MB  actual(reserved)=38146 MB  highWater=24414 MB
Schwarz(Jacobi)+Bicgstab:  Solving for Ux, Initial residual = 7.83325704285709e-05, Final residual = 4.240402698574081e-06, No Iterations 2, Solve time = 184.423 ms
Schwarz(Jacobi)+Bicgstab:  Solving for Uy, Initial residual = 0.0040786407650770075, Final residual = 0.0005234331254622773, No Iterations 2, Solve time = 184.423 ms
Schwarz(Jacobi)+Bicgstab:  Solving for Uz, Initial residual = 0.001088953805678398, Final residual = 7.353439224153659e-05, No Iterations 2, Solve time = 184.423 ms
[mem] after-UEqn: DEVICE_POOL current=19126 MB  actual(reserved)=38146 MB  highWater=24414 MB
[GinkgoSolver] p-cache: reuse(update_matrix_value) solve=12 rebuildInterval=0
config(Cg+Multigrid):  Solving for p, Initial residual = 0.0012887024703824843, Final residual = 1.2706996074200845e-05, No Iterations 11, Solve time = 879.055 ms
time step continuity errors : sum local = 3.195402182794615e-06, global = -4.28484359681101e-08, cumulative = -2.2563185847517996e-07
[mem] after-pEqn: DEVICE_POOL current=19126 MB  actual(reserved)=38146 MB  highWater=24414 MB
[GinkgoSolver] p-cache: reuse(update_matrix_value) solve=12 rebuildInterval=0
Schwarz(Jacobi)+Bicgstab:  Solving for omega, Initial residual = 1.27230034842347e-05, Final residual = 8.316825498435519e-07, No Iterations 2, Solve time = 91.438 ms
bounding omega, min: -35236.86313523895 max: 45355982.71564991 average: 6373.915688364423
[GinkgoSolver] p-cache: reuse(update_matrix_value) solve=12 rebuildInterval=0
Schwarz(Jacobi)+Bicgstab:  Solving for k, Initial residual = 0.00024265193218482838, Final residual = 1.2376357358036271e-05, No Iterations 2, Solve time = 73.638 ms
bounding k, min: -0.00014655828827742252 max: 893.1122516237831 average: 9.148325817127589
[mem] after-turb: DEVICE_POOL current=19126 MB  actual(reserved)=38146 MB  highWater=24414 MB
ExecutionTime = 74.59 s  ClockTime = 74 s

Time = 1013
[mem] step-start: DEVICE_POOL current=19126 MB  actual(reserved)=38146 MB  highWater=24414 MB
Schwarz(Jacobi)+Bicgstab:  Solving for Ux, Initial residual = 7.85977065862141e-05, Final residual = 2.919658998951596e-06, No Iterations 3, Solve time = 239.216 ms
Schwarz(Jacobi)+Bicgstab:  Solving for Uy, Initial residual = 0.004048545866649446, Final residual = 0.0001535018029785094, No Iterations 3, Solve time = 239.216 ms
Schwarz(Jacobi)+Bicgstab:  Solving for Uz, Initial residual = 0.0010902548293889045, Final residual = 5.2287815586069955e-05, No Iterations 3, Solve time = 239.216 ms
[mem] after-UEqn: DEVICE_POOL current=19126 MB  actual(reserved)=38146 MB  highWater=24414 MB
[GinkgoSolver] p-cache: reuse(update_matrix_value) solve=13 rebuildInterval=0
config(Cg+Multigrid):  Solving for p, Initial residual = 0.0012831855296253545, Final residual = 1.2826090131819602e-05, No Iterations 10, Solve time = 810.715 ms
time step continuity errors : sum local = 3.224752388478669e-06, global = -4.340669438916217e-08, cumulative = -2.6903855286434214e-07
[mem] after-pEqn: DEVICE_POOL current=19126 MB  actual(reserved)=38146 MB  highWater=24414 MB
[GinkgoSolver] p-cache: reuse(update_matrix_value) solve=13 rebuildInterval=0
Schwarz(Jacobi)+Bicgstab:  Solving for omega, Initial residual = 1.2712460478360306e-05, Final residual = 8.344360557047461e-07, No Iterations 2, Solve time = 92.317 ms
bounding omega, min: -40975.83876198734 max: 45355982.77282639 average: 6373.69963662128
[GinkgoSolver] p-cache: reuse(update_matrix_value) solve=13 rebuildInterval=0
Schwarz(Jacobi)+Bicgstab:  Solving for k, Initial residual = 0.00024250421204903265, Final residual = 1.2196108043905733e-05, No Iterations 2, Solve time = 73.27 ms
bounding k, min: -0.0016452217691561022 max: 893.2307977344605 average: 9.147426169077804
[mem] after-turb: DEVICE_POOL current=19126 MB  actual(reserved)=38146 MB  highWater=24414 MB
ExecutionTime = 76.98999999999999 s  ClockTime = 77 s

Time = 1014
[mem] step-start: DEVICE_POOL current=19126 MB  actual(reserved)=38146 MB  highWater=24414 MB
Schwarz(Jacobi)+Bicgstab:  Solving for Ux, Initial residual = 7.858643993584558e-05, Final residual = 3.4637781186311033e-06, No Iterations 3, Solve time = 234.686 ms
Schwarz(Jacobi)+Bicgstab:  Solving for Uy, Initial residual = 0.004035107084233609, Final residual = 0.00014757371229959628, No Iterations 3, Solve time = 234.686 ms
Schwarz(Jacobi)+Bicgstab:  Solving for Uz, Initial residual = 0.0010937606000483372, Final residual = 4.4662603799444376e-05, No Iterations 3, Solve time = 234.686 ms
[mem] after-UEqn: DEVICE_POOL current=19126 MB  actual(reserved)=38146 MB  highWater=24414 MB
[GinkgoSolver] p-cache: reuse(update_matrix_value) solve=14 rebuildInterval=0
config(Cg+Multigrid):  Solving for p, Initial residual = 0.0012810570169791576, Final residual = 1.2761589306518348e-05, No Iterations 12, Solve time = 952.866 ms
time step continuity errors : sum local = 3.2070069705805907e-06, global = -4.0295559551445356e-08, cumulative = -3.093341124157875e-07
[mem] after-pEqn: DEVICE_POOL current=19126 MB  actual(reserved)=38146 MB  highWater=24414 MB
[GinkgoSolver] p-cache: reuse(update_matrix_value) solve=14 rebuildInterval=0
Schwarz(Jacobi)+Bicgstab:  Solving for omega, Initial residual = 1.2706753319114116e-05, Final residual = 8.353316212885048e-07, No Iterations 2, Solve time = 91.53 ms
bounding omega, min: -258869.11195698855 max: 45355982.80765846 average: 6373.444256048547
[GinkgoSolver] p-cache: reuse(update_matrix_value) solve=14 rebuildInterval=0
Schwarz(Jacobi)+Bicgstab:  Solving for k, Initial residual = 0.00024248283994072765, Final residual = 1.2099106905596904e-05, No Iterations 2, Solve time = 73.699 ms
bounding k, min: -0.00201542273749937 max: 892.8130958304043 average: 9.146493460833199
[mem] after-turb: DEVICE_POOL current=19126 MB  actual(reserved)=38146 MB  highWater=24414 MB
ExecutionTime = 79.53 s  ClockTime = 79 s

Time = 1015
[mem] step-start: DEVICE_POOL current=19126 MB  actual(reserved)=38146 MB  highWater=24414 MB
Schwarz(Jacobi)+Bicgstab:  Solving for Ux, Initial residual = 7.858920241847631e-05, Final residual = 3.820462165609876e-06, No Iterations 3, Solve time = 222.449 ms
Schwarz(Jacobi)+Bicgstab:  Solving for Uy, Initial residual = 0.004033432372432483, Final residual = 0.00014155659156618266, No Iterations 3, Solve time = 222.449 ms
Schwarz(Jacobi)+Bicgstab:  Solving for Uz, Initial residual = 0.0010954462850515316, Final residual = 5.1115409831070415e-05, No Iterations 3, Solve time = 222.449 ms
[mem] after-UEqn: DEVICE_POOL current=19126 MB  actual(reserved)=38146 MB  highWater=24414 MB
[GinkgoSolver] p-cache: reuse(update_matrix_value) solve=15 rebuildInterval=0
config(Cg+Multigrid):  Solving for p, Initial residual = 0.0012880343788974314, Final residual = 1.1967182459441111e-05, No Iterations 11, Solve time = 876.172 ms
time step continuity errors : sum local = 3.005613429272853e-06, global = -4.064501274061166e-08, cumulative = -3.4997912515639914e-07
[mem] after-pEqn: DEVICE_POOL current=19126 MB  actual(reserved)=38146 MB  highWater=24414 MB
[GinkgoSolver] p-cache: reuse(update_matrix_value) solve=15 rebuildInterval=0
Schwarz(Jacobi)+Bicgstab:  Solving for omega, Initial residual = 1.2688903042011724e-05, Final residual = 8.301496518105972e-07, No Iterations 2, Solve time = 91.852 ms
bounding omega, min: -51667.59347146134 max: 45355982.7976132 average: 6373.164624797459
[GinkgoSolver] p-cache: reuse(update_matrix_value) solve=15 rebuildInterval=0
Schwarz(Jacobi)+Bicgstab:  Solving for k, Initial residual = 0.00024241325744128598, Final residual = 1.2171921516087336e-05, No Iterations 2, Solve time = 74.038 ms
bounding k, min: -0.0020559686258113004 max: 892.2530739611173 average: 9.145450938198396
[mem] after-turb: DEVICE_POOL current=19126 MB  actual(reserved)=38146 MB  highWater=24414 MB
ExecutionTime = 82.01000000000001 s  ClockTime = 82 s

Time = 1016
[mem] step-start: DEVICE_POOL current=19126 MB  actual(reserved)=38146 MB  highWater=24414 MB
Schwarz(Jacobi)+Bicgstab:  Solving for Ux, Initial residual = 7.85537620043221e-05, Final residual = 3.5048296779204833e-06, No Iterations 3, Solve time = 238.035 ms
Schwarz(Jacobi)+Bicgstab:  Solving for Uy, Initial residual = 0.004040927265986095, Final residual = 0.00013586677240250394, No Iterations 3, Solve time = 238.035 ms
Schwarz(Jacobi)+Bicgstab:  Solving for Uz, Initial residual = 0.001091782029876522, Final residual = 4.284996691837707e-05, No Iterations 3, Solve time = 238.035 ms
[mem] after-UEqn: DEVICE_POOL current=19126 MB  actual(reserved)=38146 MB  highWater=24414 MB
[GinkgoSolver] p-cache: reuse(update_matrix_value) solve=16 rebuildInterval=0
config(Cg+Multigrid):  Solving for p, Initial residual = 0.0012785139298083208, Final residual = 1.2651933361531831e-05, No Iterations 11, Solve time = 865.928 ms
time step continuity errors : sum local = 3.175360543978096e-06, global = -4.06871086535712e-08, cumulative = -3.906662338099703e-07
[mem] after-pEqn: DEVICE_POOL current=19126 MB  actual(reserved)=38146 MB  highWater=24414 MB
[GinkgoSolver] p-cache: reuse(update_matrix_value) solve=16 rebuildInterval=0
Schwarz(Jacobi)+Bicgstab:  Solving for omega, Initial residual = 1.2685418526107125e-05, Final residual = 8.299229607789437e-07, No Iterations 2, Solve time = 91.988 ms
bounding omega, min: -47828.913475846275 max: 45355982.72999095 average: 6372.841056471886
[GinkgoSolver] p-cache: reuse(update_matrix_value) solve=16 rebuildInterval=0
Schwarz(Jacobi)+Bicgstab:  Solving for k, Initial residual = 0.00024237544463145966, Final residual = 1.2200913619269741e-05, No Iterations 2, Solve time = 73.407 ms
bounding k, min: -0.0023995798328286314 max: 891.2689724847121 average: 9.144450491765058
[mem] after-turb: DEVICE_POOL current=19126 MB  actual(reserved)=38146 MB  highWater=24414 MB
ExecutionTime = 84.47 s  ClockTime = 84 s

Time = 1017
[mem] step-start: DEVICE_POOL current=19126 MB  actual(reserved)=38146 MB  highWater=24414 MB
Schwarz(Jacobi)+Bicgstab:  Solving for Ux, Initial residual = 7.849775516110257e-05, Final residual = 4.110135101373718e-06, No Iterations 2, Solve time = 174.514 ms
Schwarz(Jacobi)+Bicgstab:  Solving for Uy, Initial residual = 0.0040531421838682314, Final residual = 0.0007788131417511193, No Iterations 2, Solve time = 174.514 ms
Schwarz(Jacobi)+Bicgstab:  Solving for Uz, Initial residual = 0.001090760251755532, Final residual = 6.45528682042229e-05, No Iterations 2, Solve time = 174.514 ms
[mem] after-UEqn: DEVICE_POOL current=19126 MB  actual(reserved)=38146 MB  highWater=24414 MB
[GinkgoSolver] p-cache: reuse(update_matrix_value) solve=17 rebuildInterval=0
config(Cg+Multigrid):  Solving for p, Initial residual = 0.0012911971708424342, Final residual = 1.174260252022146e-05, No Iterations 10, Solve time = 809.88 ms
time step continuity errors : sum local = 2.9447535499115787e-06, global = -3.957878473754966e-08, cumulative = -4.3024501854752e-07
[mem] after-pEqn: DEVICE_POOL current=19126 MB  actual(reserved)=38146 MB  highWater=24414 MB
[GinkgoSolver] p-cache: reuse(update_matrix_value) solve=17 rebuildInterval=0
Schwarz(Jacobi)+Bicgstab:  Solving for omega, Initial residual = 1.2720579120672517e-05, Final residual = 8.387842402889031e-07, No Iterations 2, Solve time = 92.076 ms
bounding omega, min: -38879.92982324758 max: 45355982.64957257 average: 6372.453951836201
[GinkgoSolver] p-cache: reuse(update_matrix_value) solve=17 rebuildInterval=0
Schwarz(Jacobi)+Bicgstab:  Solving for k, Initial residual = 0.00024280030973033038, Final residual = 1.2334151023263327e-05, No Iterations 2, Solve time = 75.197 ms
bounding k, min: -0.005668777726836993 max: 890.1400536385515 average: 9.143344321560116
[mem] after-turb: DEVICE_POOL current=19126 MB  actual(reserved)=38146 MB  highWater=24414 MB
ExecutionTime = 86.83 s  ClockTime = 87 s

Time = 1018
[mem] step-start: DEVICE_POOL current=19126 MB  actual(reserved)=38146 MB  highWater=24414 MB
Schwarz(Jacobi)+Bicgstab:  Solving for Ux, Initial residual = 7.874550933012309e-05, Final residual = 3.3954654200709147e-06, No Iterations 3, Solve time = 234.963 ms
Schwarz(Jacobi)+Bicgstab:  Solving for Uy, Initial residual = 0.004028335545600125, Final residual = 0.00015614218432243737, No Iterations 3, Solve time = 234.963 ms
Schwarz(Jacobi)+Bicgstab:  Solving for Uz, Initial residual = 0.0010927992381876176, Final residual = 7.135065080498274e-05, No Iterations 3, Solve time = 234.963 ms
[mem] after-UEqn: DEVICE_POOL current=19126 MB  actual(reserved)=38146 MB  highWater=24414 MB
[GinkgoSolver] p-cache: reuse(update_matrix_value) solve=18 rebuildInterval=0
config(Cg+Multigrid):  Solving for p, Initial residual = 0.0012804848271776974, Final residual = 1.0533389152098277e-05, No Iterations 11, Solve time = 859.256 ms
time step continuity errors : sum local = 2.640286086745917e-06, global = -3.957477142416722e-08, cumulative = -4.698197899716872e-07
[mem] after-pEqn: DEVICE_POOL current=19126 MB  actual(reserved)=38146 MB  highWater=24414 MB
[GinkgoSolver] p-cache: reuse(update_matrix_value) solve=18 rebuildInterval=0
Schwarz(Jacobi)+Bicgstab:  Solving for omega, Initial residual = 1.2729722456804085e-05, Final residual = 8.401543155347293e-07, No Iterations 2, Solve time = 95.085 ms
bounding omega, min: -375799.81958786864 max: 45355982.58892601 average: 6372.090275425749
[GinkgoSolver] p-cache: reuse(update_matrix_value) solve=18 rebuildInterval=0
Schwarz(Jacobi)+Bicgstab:  Solving for k, Initial residual = 0.00024270164272255685, Final residual = 1.2350107730007917e-05, No Iterations 2, Solve time = 73.722 ms
bounding k, min: -0.0044328290917267366 max: 888.8163764246827 average: 9.142420953732865
[mem] after-turb: DEVICE_POOL current=19126 MB  actual(reserved)=38146 MB  highWater=24414 MB
ExecutionTime = 89.3 s  ClockTime = 89 s

Time = 1019
[mem] step-start: DEVICE_POOL current=19126 MB  actual(reserved)=38146 MB  highWater=24414 MB
Schwarz(Jacobi)+Bicgstab:  Solving for Ux, Initial residual = 7.875650511589201e-05, Final residual = 4.28889537078163e-06, No Iterations 2, Solve time = 171.405 ms
Schwarz(Jacobi)+Bicgstab:  Solving for Uy, Initial residual = 0.004030163064465126, Final residual = 0.000800644746393513, No Iterations 2, Solve time = 171.405 ms
Schwarz(Jacobi)+Bicgstab:  Solving for Uz, Initial residual = 0.00109453930400766, Final residual = 7.280191417649851e-05, No Iterations 2, Solve time = 171.405 ms
[mem] after-UEqn: DEVICE_POOL current=19126 MB  actual(reserved)=38146 MB  highWater=24414 MB
[GinkgoSolver] p-cache: reuse(update_matrix_value) solve=19 rebuildInterval=0
config(Cg+Multigrid):  Solving for p, Initial residual = 0.0012891093562257974, Final residual = 1.1053067358438418e-05, No Iterations 11, Solve time = 868.839 ms
time step continuity errors : sum local = 2.768497612887754e-06, global = -4.1176997386716586e-08, cumulative = -5.109967873584038e-07
[mem] after-pEqn: DEVICE_POOL current=19126 MB  actual(reserved)=38146 MB  highWater=24414 MB
[GinkgoSolver] p-cache: reuse(update_matrix_value) solve=19 rebuildInterval=0
Schwarz(Jacobi)+Bicgstab:  Solving for omega, Initial residual = 1.272520662193593e-05, Final residual = 8.37954245296398e-07, No Iterations 2, Solve time = 91.503 ms
bounding omega, min: -50990.63006530744 max: 45355982.57368696 average: 6371.86143941902
[GinkgoSolver] p-cache: reuse(update_matrix_value) solve=19 rebuildInterval=0
Schwarz(Jacobi)+Bicgstab:  Solving for k, Initial residual = 0.00024248719023696255, Final residual = 1.2413931650285332e-05, No Iterations 2, Solve time = 73.842 ms
bounding k, min: -0.0036161553365366486 max: 887.3657532360226 average: 9.14177604408832
[mem] after-turb: DEVICE_POOL current=19126 MB  actual(reserved)=38146 MB  highWater=24414 MB
ExecutionTime = 91.67 s  ClockTime = 92 s

Time = 1020
[mem] step-start: DEVICE_POOL current=19126 MB  actual(reserved)=38146 MB  highWater=24414 MB
Schwarz(Jacobi)+Bicgstab:  Solving for Ux, Initial residual = 7.859083669119768e-05, Final residual = 2.7397950631867017e-06, No Iterations 3, Solve time = 241.339 ms
Schwarz(Jacobi)+Bicgstab:  Solving for Uy, Initial residual = 0.004100534225187081, Final residual = 0.00013344385350950842, No Iterations 3, Solve time = 241.339 ms
Schwarz(Jacobi)+Bicgstab:  Solving for Uz, Initial residual = 0.0010898491835118884, Final residual = 4.4430470826592815e-05, No Iterations 3, Solve time = 241.339 ms
[mem] after-UEqn: DEVICE_POOL current=19126 MB  actual(reserved)=38146 MB  highWater=24414 MB
[GinkgoSolver] p-cache: reuse(update_matrix_value) solve=20 rebuildInterval=0
config(Cg+Multigrid):  Solving for p, Initial residual = 0.0012818963686090752, Final residual = 1.1234181601657753e-05, No Iterations 11, Solve time = 871.497 ms
time step continuity errors : sum local = 2.8124504660078777e-06, global = -3.838342574297102e-08, cumulative = -5.493802131013749e-07
[mem] after-pEqn: DEVICE_POOL current=19126 MB  actual(reserved)=38146 MB  highWater=24414 MB
[GinkgoSolver] p-cache: reuse(update_matrix_value) solve=20 rebuildInterval=0
Schwarz(Jacobi)+Bicgstab:  Solving for omega, Initial residual = 1.2703202587189239e-05, Final residual = 8.326309859104566e-07, No Iterations 2, Solve time = 91.466 ms
bounding omega, min: -60151.33397072434 max: 45355982.57560113 average: 6371.630837478352
[GinkgoSolver] p-cache: reuse(update_matrix_value) solve=20 rebuildInterval=0
Schwarz(Jacobi)+Bicgstab:  Solving for k, Initial residual = 0.00024242149679482857, Final residual = 1.2497746939110709e-05, No Iterations 2, Solve time = 74.61 ms
bounding k, min: -0.0034654827459404264 max: 885.75397601349 average: 9.141025757484382
[mem] after-turb: DEVICE_POOL current=19126 MB  actual(reserved)=38146 MB  highWater=24414 MB
ExecutionTime = 94.14 s  ClockTime = 94 s

Time = 1021
[mem] step-start: DEVICE_POOL current=19126 MB  actual(reserved)=38146 MB  highWater=24414 MB
Schwarz(Jacobi)+Bicgstab:  Solving for Ux, Initial residual = 7.850456404794775e-05, Final residual = 3.427202778079471e-06, No Iterations 3, Solve time = 228.976 ms
Schwarz(Jacobi)+Bicgstab:  Solving for Uy, Initial residual = 0.004125394830884508, Final residual = 0.0001340581998833939, No Iterations 3, Solve time = 228.976 ms
Schwarz(Jacobi)+Bicgstab:  Solving for Uz, Initial residual = 0.0010847780310594766, Final residual = 3.5081576948484524e-05, No Iterations 3, Solve time = 228.976 ms
[mem] after-UEqn: DEVICE_POOL current=19126 MB  actual(reserved)=38146 MB  highWater=24414 MB
[GinkgoSolver] p-cache: reuse(update_matrix_value) solve=21 rebuildInterval=0
config(Cg+Multigrid):  Solving for p, Initial residual = 0.0012781901621558382, Final residual = 1.1163941137940691e-05, No Iterations 11, Solve time = 862.139 ms
time step continuity errors : sum local = 2.794471341704689e-06, global = -3.3435762136806746e-08, cumulative = -5.828159752381816e-07
[mem] after-pEqn: DEVICE_POOL current=19126 MB  actual(reserved)=38146 MB  highWater=24414 MB
[GinkgoSolver] p-cache: reuse(update_matrix_value) solve=21 rebuildInterval=0
Schwarz(Jacobi)+Bicgstab:  Solving for omega, Initial residual = 1.2705397826856869e-05, Final residual = 8.365737689806246e-07, No Iterations 2, Solve time = 91.388 ms
bounding omega, min: -59156.842951124876 max: 45355982.58414909 average: 6371.408763287509
[GinkgoSolver] p-cache: reuse(update_matrix_value) solve=21 rebuildInterval=0
Schwarz(Jacobi)+Bicgstab:  Solving for k, Initial residual = 0.00024248503901749916, Final residual = 1.2612597465881128e-05, No Iterations 2, Solve time = 73.941 ms
bounding k, min: -0.0024841030692231425 max: 884.1374652794872 average: 9.140294729253041
[mem] after-turb: DEVICE_POOL current=19126 MB  actual(reserved)=38146 MB  highWater=24414 MB
ExecutionTime = 96.56 s  ClockTime = 96 s

Time = 1022
[mem] step-start: DEVICE_POOL current=19126 MB  actual(reserved)=38146 MB  highWater=24414 MB
Schwarz(Jacobi)+Bicgstab:  Solving for Ux, Initial residual = 7.853073917015355e-05, Final residual = 3.285120720133058e-06, No Iterations 3, Solve time = 238.188 ms
Schwarz(Jacobi)+Bicgstab:  Solving for Uy, Initial residual = 0.004139063363523158, Final residual = 0.00013734207023154515, No Iterations 3, Solve time = 238.188 ms
Schwarz(Jacobi)+Bicgstab:  Solving for Uz, Initial residual = 0.0010816951330316837, Final residual = 3.637888657622346e-05, No Iterations 3, Solve time = 238.188 ms
[mem] after-UEqn: DEVICE_POOL current=19126 MB  actual(reserved)=38146 MB  highWater=24414 MB
[GinkgoSolver] p-cache: reuse(update_matrix_value) solve=22 rebuildInterval=0
config(Cg+Multigrid):  Solving for p, Initial residual = 0.001277118470574555, Final residual = 9.77326691073869e-06, No Iterations 10, Solve time = 790.145 ms
time step continuity errors : sum local = 2.44647379813796e-06, global = -3.3049480413050556e-08, cumulative = -6.158654556512322e-07
[mem] after-pEqn: DEVICE_POOL current=19126 MB  actual(reserved)=38146 MB  highWater=24414 MB
[GinkgoSolver] p-cache: reuse(update_matrix_value) solve=22 rebuildInterval=0
Schwarz(Jacobi)+Bicgstab:  Solving for omega, Initial residual = 1.2708057659822691e-05, Final residual = 8.379546177383741e-07, No Iterations 2, Solve time = 91.7 ms
bounding omega, min: -329854.98876838083 max: 45355982.59754078 average: 6371.178590705861
[GinkgoSolver] p-cache: reuse(update_matrix_value) solve=22 rebuildInterval=0
Schwarz(Jacobi)+Bicgstab:  Solving for k, Initial residual = 0.00024252018327247272, Final residual = 1.2972858590667613e-05, No Iterations 2, Solve time = 74.847 ms
bounding k, min: -0.0019383980007071366 max: 882.5075857648063 average: 9.139550205926067
[mem] after-turb: DEVICE_POOL current=19126 MB  actual(reserved)=38146 MB  highWater=24414 MB
ExecutionTime = 98.95 s  ClockTime = 99 s

Time = 1023
[mem] step-start: DEVICE_POOL current=19126 MB  actual(reserved)=38146 MB  highWater=24414 MB
Schwarz(Jacobi)+Bicgstab:  Solving for Ux, Initial residual = 7.860007953353057e-05, Final residual = 4.367556784784363e-06, No Iterations 2, Solve time = 174.408 ms
Schwarz(Jacobi)+Bicgstab:  Solving for Uy, Initial residual = 0.0041424953069618175, Final residual = 0.00036794864102740596, No Iterations 2, Solve time = 174.408 ms
Schwarz(Jacobi)+Bicgstab:  Solving for Uz, Initial residual = 0.0010811490282838035, Final residual = 7.632423786837076e-05, No Iterations 2, Solve time = 174.408 ms
[mem] after-UEqn: DEVICE_POOL current=19126 MB  actual(reserved)=38146 MB  highWater=24414 MB
[GinkgoSolver] p-cache: reuse(update_matrix_value) solve=23 rebuildInterval=0
config(Cg+Multigrid):  Solving for p, Initial residual = 0.0012880089062428455, Final residual = 1.0625166001059359e-05, No Iterations 10, Solve time = 800.939 ms
time step continuity errors : sum local = 2.6591011745761708e-06, global = -2.6984241886114428e-08, cumulative = -6.428496975373467e-07
[mem] after-pEqn: DEVICE_POOL current=19126 MB  actual(reserved)=38146 MB  highWater=24414 MB
[GinkgoSolver] p-cache: reuse(update_matrix_value) solve=23 rebuildInterval=0
Schwarz(Jacobi)+Bicgstab:  Solving for omega, Initial residual = 1.275460676846229e-05, Final residual = 8.40099640950058e-07, No Iterations 2, Solve time = 91.408 ms
bounding omega, min: -58833.41427871943 max: 45355982.612382635 average: 6371.007926905263
[GinkgoSolver] p-cache: reuse(update_matrix_value) solve=23 rebuildInterval=0
Schwarz(Jacobi)+Bicgstab:  Solving for k, Initial residual = 0.00024288313333910885, Final residual = 1.4097742451508345e-05, No Iterations 2, Solve time = 74.113 ms
bounding k, min: -0.003521778735373307 max: 881.0122364264264 average: 9.138853928315848
[mem] after-turb: DEVICE_POOL current=19126 MB  actual(reserved)=38146 MB  highWater=24414 MB
ExecutionTime = 101.28 s  ClockTime = 101 s

Time = 1024
[mem] step-start: DEVICE_POOL current=19126 MB  actual(reserved)=38146 MB  highWater=24414 MB
Schwarz(Jacobi)+Bicgstab:  Solving for Ux, Initial residual = 7.887885613576622e-05, Final residual = 2.7065828888690916e-06, No Iterations 3, Solve time = 230.815 ms
Schwarz(Jacobi)+Bicgstab:  Solving for Uy, Initial residual = 0.004122677551934271, Final residual = 0.00015192327155174728, No Iterations 3, Solve time = 230.815 ms
Schwarz(Jacobi)+Bicgstab:  Solving for Uz, Initial residual = 0.0010874646197872291, Final residual = 5.694816142709139e-05, No Iterations 3, Solve time = 230.815 ms
[mem] after-UEqn: DEVICE_POOL current=19126 MB  actual(reserved)=38146 MB  highWater=24414 MB
[GinkgoSolver] p-cache: reuse(update_matrix_value) solve=24 rebuildInterval=0
config(Cg+Multigrid):  Solving for p, Initial residual = 0.0012845697711921281, Final residual = 1.1593024429073103e-05, No Iterations 10, Solve time = 801.97 ms
time step continuity errors : sum local = 2.9004734444692772e-06, global = -2.1581972777085772e-08, cumulative = -6.644316703144324e-07
[mem] after-pEqn: DEVICE_POOL current=19126 MB  actual(reserved)=38146 MB  highWater=24414 MB
[GinkgoSolver] p-cache: reuse(update_matrix_value) solve=24 rebuildInterval=0
Schwarz(Jacobi)+Bicgstab:  Solving for omega, Initial residual = 1.2765151125895971e-05, Final residual = 8.373302896404339e-07, No Iterations 2, Solve time = 88.22 ms
bounding omega, min: -57692.64591811403 max: 45355982.62506762 average: 6370.847058219848
[GinkgoSolver] p-cache: reuse(update_matrix_value) solve=24 rebuildInterval=0
Schwarz(Jacobi)+Bicgstab:  Solving for k, Initial residual = 0.0002430020381658751, Final residual = 1.6703236673703092e-05, No Iterations 2, Solve time = 74.032 ms
bounding k, min: -0.014092914051095196 max: 879.6161253578774 average: 9.13808119968106
[mem] after-turb: DEVICE_POOL current=19126 MB  actual(reserved)=38146 MB  highWater=24414 MB
ExecutionTime = 103.71 s  ClockTime = 104 s

Time = 1025
[mem] step-start: DEVICE_POOL current=19126 MB  actual(reserved)=38146 MB  highWater=24414 MB
Schwarz(Jacobi)+Bicgstab:  Solving for Ux, Initial residual = 7.897910818635403e-05, Final residual = 3.473228444636634e-06, No Iterations 3, Solve time = 229.386 ms
Schwarz(Jacobi)+Bicgstab:  Solving for Uy, Initial residual = 0.004114778737108394, Final residual = 0.00014441248424551656, No Iterations 3, Solve time = 229.386 ms
Schwarz(Jacobi)+Bicgstab:  Solving for Uz, Initial residual = 0.001090624559278754, Final residual = 6.456808431875488e-05, No Iterations 3, Solve time = 229.386 ms
[mem] after-UEqn: DEVICE_POOL current=19126 MB  actual(reserved)=38146 MB  highWater=24414 MB
[GinkgoSolver] p-cache: reuse(update_matrix_value) solve=25 rebuildInterval=0
config(Cg+Multigrid):  Solving for p, Initial residual = 0.001285306094602933, Final residual = 1.2041142044870372e-05, No Iterations 10, Solve time = 793.681 ms
time step continuity errors : sum local = 3.011758685486814e-06, global = -1.2907280694050149e-08, cumulative = -6.773389510084826e-07
[mem] after-pEqn: DEVICE_POOL current=19126 MB  actual(reserved)=38146 MB  highWater=24414 MB
[GinkgoSolver] p-cache: reuse(update_matrix_value) solve=25 rebuildInterval=0
Schwarz(Jacobi)+Bicgstab:  Solving for omega, Initial residual = 1.2806841747260765e-05, Final residual = 8.394372569760691e-07, No Iterations 2, Solve time = 92.322 ms
bounding omega, min: -57954.37018583007 max: 45355982.63435184 average: 6370.739714095052
[GinkgoSolver] p-cache: reuse(update_matrix_value) solve=25 rebuildInterval=0
Schwarz(Jacobi)+Bicgstab:  Solving for k, Initial residual = 0.00024349074377430036, Final residual = 1.9871771007862108e-05, No Iterations 2, Solve time = 75.136 ms
bounding k, min: -0.013723743973552 max: 878.3484771452278 average: 9.13731964090005
[mem] after-turb: DEVICE_POOL current=19126 MB  actual(reserved)=38146 MB  highWater=24414 MB
ExecutionTime = 106.1 s  ClockTime = 106 s

Time = 1026
[mem] step-start: DEVICE_POOL current=19126 MB  actual(reserved)=38146 MB  highWater=24414 MB
Schwarz(Jacobi)+Bicgstab:  Solving for Ux, Initial residual = 7.909113370849175e-05, Final residual = 3.3525912299618463e-06, No Iterations 3, Solve time = 224.307 ms
Schwarz(Jacobi)+Bicgstab:  Solving for Uy, Initial residual = 0.004116973919056533, Final residual = 0.0001380953401428627, No Iterations 3, Solve time = 224.307 ms
Schwarz(Jacobi)+Bicgstab:  Solving for Uz, Initial residual = 0.0010932963498665993, Final residual = 7.796813010469673e-05, No Iterations 3, Solve time = 224.307 ms
[mem] after-UEqn: DEVICE_POOL current=19126 MB  actual(reserved)=38146 MB  highWater=24414 MB
[GinkgoSolver] p-cache: reuse(update_matrix_value) solve=26 rebuildInterval=0
config(Cg+Multigrid):  Solving for p, Initial residual = 0.0012863551893885316, Final residual = 1.1971662665373032e-05, No Iterations 12, Solve time = 948.245 ms
time step continuity errors : sum local = 2.993831200911202e-06, global = 1.7597557814657805e-09, cumulative = -6.755791952270169e-07
[mem] after-pEqn: DEVICE_POOL current=19126 MB  actual(reserved)=38146 MB  highWater=24414 MB
[GinkgoSolver] p-cache: reuse(update_matrix_value) solve=26 rebuildInterval=0
Schwarz(Jacobi)+Bicgstab:  Solving for omega, Initial residual = 1.2841402330457298e-05, Final residual = 8.389680134155033e-07, No Iterations 2, Solve time = 91.745 ms
bounding omega, min: -346629.554856554 max: 45355982.64072156 average: 6370.636366086538
[GinkgoSolver] p-cache: reuse(update_matrix_value) solve=26 rebuildInterval=0
Schwarz(Jacobi)+Bicgstab:  Solving for k, Initial residual = 0.0002442487773801197, Final residual = 5.380381975362204e-06, No Iterations 3, Solve time = 96.623 ms
bounding k, min: -1.379660409611216e-08 max: 877.2180619062439 average: 9.13694320561415
[mem] after-turb: DEVICE_POOL current=19126 MB  actual(reserved)=38146 MB  highWater=24414 MB
ExecutionTime = 108.63 s  ClockTime = 109 s

Time = 1027
[mem] step-start: DEVICE_POOL current=19126 MB  actual(reserved)=38146 MB  highWater=24414 MB
Schwarz(Jacobi)+Bicgstab:  Solving for Ux, Initial residual = 7.916145340520946e-05, Final residual = 3.8421557377602105e-06, No Iterations 3, Solve time = 217.573 ms
Schwarz(Jacobi)+Bicgstab:  Solving for Uy, Initial residual = 0.004127269820295321, Final residual = 0.00013562831520446365, No Iterations 3, Solve time = 217.573 ms
Schwarz(Jacobi)+Bicgstab:  Solving for Uz, Initial residual = 0.0010959087202130954, Final residual = 4.1586486297171326e-05, No Iterations 3, Solve time = 217.573 ms
[mem] after-UEqn: DEVICE_POOL current=19126 MB  actual(reserved)=38146 MB  highWater=24414 MB
[GinkgoSolver] p-cache: reuse(update_matrix_value) solve=27 rebuildInterval=0
config(Cg+Multigrid):  Solving for p, Initial residual = 0.001289540720966213, Final residual = 1.25015753706514e-05, No Iterations 10, Solve time = 796.96 ms
time step continuity errors : sum local = 3.127160138127617e-06, global = 3.0620007987638537e-09, cumulative = -6.72517194428253e-07
[mem] after-pEqn: DEVICE_POOL current=19126 MB  actual(reserved)=38146 MB  highWater=24414 MB
[GinkgoSolver] p-cache: reuse(update_matrix_value) solve=27 rebuildInterval=0
Schwarz(Jacobi)+Bicgstab:  Solving for omega, Initial residual = 1.265882788475097e-05, Final residual = 8.356474454274582e-07, No Iterations 2, Solve time = 80.862 ms
bounding omega, min: -55897.513693203844 max: 45355982.646267384 average: 6370.636622993406
[GinkgoSolver] p-cache: reuse(update_matrix_value) solve=27 rebuildInterval=0
Schwarz(Jacobi)+Bicgstab:  Solving for k, Initial residual = 0.00024358142648609715, Final residual = 1.1976769302358462e-05, No Iterations 2, Solve time = 74.194 ms
bounding k, min: -0.0004228721030699621 max: 876.1821654386802 average: 9.1363475400816
[mem] after-turb: DEVICE_POOL current=19126 MB  actual(reserved)=38146 MB  highWater=24414 MB
ExecutionTime = 111.02 s  ClockTime = 111 s

Time = 1028
[mem] step-start: DEVICE_POOL current=19126 MB  actual(reserved)=38146 MB  highWater=24414 MB
Schwarz(Jacobi)+Bicgstab:  Solving for Ux, Initial residual = 7.92085888624774e-05, Final residual = 4.515626105722179e-06, No Iterations 2, Solve time = 178.482 ms
Schwarz(Jacobi)+Bicgstab:  Solving for Uy, Initial residual = 0.004143379064853017, Final residual = 0.0006418526209870895, No Iterations 2, Solve time = 178.482 ms
Schwarz(Jacobi)+Bicgstab:  Solving for Uz, Initial residual = 0.0010943290204070543, Final residual = 7.73286825376437e-05, No Iterations 2, Solve time = 178.482 ms
[mem] after-UEqn: DEVICE_POOL current=19126 MB  actual(reserved)=38146 MB  highWater=24414 MB
[GinkgoSolver] p-cache: reuse(update_matrix_value) solve=28 rebuildInterval=0
config(Cg+Multigrid):  Solving for p, Initial residual = 0.0013028752735484187, Final residual = 1.2930905487044965e-05, No Iterations 10, Solve time = 791.098 ms
time step continuity errors : sum local = 3.2353397486339723e-06, global = 8.939058224326406e-09, cumulative = -6.635781362039265e-07
[mem] after-pEqn: DEVICE_POOL current=19126 MB  actual(reserved)=38146 MB  highWater=24414 MB
[GinkgoSolver] p-cache: reuse(update_matrix_value) solve=28 rebuildInterval=0
Schwarz(Jacobi)+Bicgstab:  Solving for omega, Initial residual = 1.2808323164590886e-05, Final residual = 8.375424972857654e-07, No Iterations 2, Solve time = 91.305 ms
bounding omega, min: -54228.37453330399 max: 45355982.65355942 average: 6370.530803739233
[GinkgoSolver] p-cache: reuse(update_matrix_value) solve=28 rebuildInterval=0
Schwarz(Jacobi)+Bicgstab:  Solving for k, Initial residual = 0.00024400890831532076, Final residual = 1.2476835826849783e-05, No Iterations 2, Solve time = 74.195 ms
bounding k, min: -0.0005101406712982237 max: 875.3569690379119 average: 9.135673593971433
[mem] after-turb: DEVICE_POOL current=19126 MB  actual(reserved)=38146 MB  highWater=24414 MB
ExecutionTime = 113.37 s  ClockTime = 113 s

Time = 1029
[mem] step-start: DEVICE_POOL current=19126 MB  actual(reserved)=38146 MB  highWater=24414 MB
Schwarz(Jacobi)+Bicgstab:  Solving for Ux, Initial residual = 7.943641233187043e-05, Final residual = 4.052166107898895e-06, No Iterations 3, Solve time = 221.652 ms
Schwarz(Jacobi)+Bicgstab:  Solving for Uy, Initial residual = 0.004127492114200942, Final residual = 0.00015860681966588404, No Iterations 3, Solve time = 221.652 ms
Schwarz(Jacobi)+Bicgstab:  Solving for Uz, Initial residual = 0.0010994839147353825, Final residual = 7.626603920937696e-05, No Iterations 3, Solve time = 221.652 ms
[mem] after-UEqn: DEVICE_POOL current=19126 MB  actual(reserved)=38146 MB  highWater=24414 MB
[GinkgoSolver] p-cache: reuse(update_matrix_value) solve=29 rebuildInterval=0
config(Cg+Multigrid):  Solving for p, Initial residual = 0.0012947655372345425, Final residual = 1.1225418535871183e-05, No Iterations 11, Solve time = 862.103 ms
time step continuity errors : sum local = 2.8088530088534455e-06, global = 1.5543777934528415e-08, cumulative = -6.480343582693981e-07
[mem] after-pEqn: DEVICE_POOL current=19126 MB  actual(reserved)=38146 MB  highWater=24414 MB
[GinkgoSolver] p-cache: reuse(update_matrix_value) solve=29 rebuildInterval=0
Schwarz(Jacobi)+Bicgstab:  Solving for omega, Initial residual = 1.2835284342467435e-05, Final residual = 8.408930354133409e-07, No Iterations 2, Solve time = 91.612 ms
bounding omega, min: -54974.39548955628 max: 45355982.66213303 average: 6370.462768613927
[GinkgoSolver] p-cache: reuse(update_matrix_value) solve=29 rebuildInterval=0
Schwarz(Jacobi)+Bicgstab:  Solving for k, Initial residual = 0.0002442209521048173, Final residual = 1.2846934130582523e-05, No Iterations 2, Solve time = 73.644 ms
bounding k, min: -0.005947316890377703 max: 874.6970067743046 average: 9.135103734462852
[mem] after-turb: DEVICE_POOL current=19126 MB  actual(reserved)=38146 MB  highWater=24414 MB
ExecutionTime = 115.8 s  ClockTime = 116 s

Time = 1030
[mem] step-start: DEVICE_POOL current=19126 MB  actual(reserved)=38146 MB  highWater=24414 MB
Schwarz(Jacobi)+Bicgstab:  Solving for Ux, Initial residual = 7.95032780844245e-05, Final residual = 4.378928848090483e-06, No Iterations 2, Solve time = 159.985 ms
Schwarz(Jacobi)+Bicgstab:  Solving for Uy, Initial residual = 0.004136887844366656, Final residual = 0.0007287553067349338, No Iterations 2, Solve time = 159.985 ms
Schwarz(Jacobi)+Bicgstab:  Solving for Uz, Initial residual = 0.0011018679426941542, Final residual = 7.739990208193295e-05, No Iterations 2, Solve time = 159.985 ms
[mem] after-UEqn: DEVICE_POOL current=19126 MB  actual(reserved)=38146 MB  highWater=24414 MB
[GinkgoSolver] p-cache: reuse(update_matrix_value) solve=30 rebuildInterval=0
config(Cg+Multigrid):  Solving for p, Initial residual = 0.001301002971887832, Final residual = 1.0441062187072551e-05, No Iterations 11, Solve time = 870.084 ms
time step continuity errors : sum local = 2.6133045054401253e-06, global = 1.6931197309709747e-08, cumulative = -6.311031609596883e-07
[mem] after-pEqn: DEVICE_POOL current=19126 MB  actual(reserved)=38146 MB  highWater=24414 MB
[GinkgoSolver] p-cache: reuse(update_matrix_value) solve=30 rebuildInterval=0
Schwarz(Jacobi)+Bicgstab:  Solving for omega, Initial residual = 1.2842364637973846e-05, Final residual = 8.432745326261088e-07, No Iterations 2, Solve time = 90.825 ms
bounding omega, min: -272266.0170098111 max: 45355982.67288056 average: 6370.481463896877
[GinkgoSolver] p-cache: reuse(update_matrix_value) solve=30 rebuildInterval=0
Schwarz(Jacobi)+Bicgstab:  Solving for k, Initial residual = 0.00024431141651626883, Final residual = 1.3191082331168655e-05, No Iterations 2, Solve time = 74.327 ms
bounding k, min: -0.004561441686991792 max: 874.1208381281632 average: 9.134733909058824
[mem] after-turb: DEVICE_POOL current=19126 MB  actual(reserved)=38146 MB  highWater=24414 MB
ExecutionTime = 118.19 s  ClockTime = 118 s

Time = 1031
[mem] step-start: DEVICE_POOL current=19126 MB  actual(reserved)=38146 MB  highWater=24414 MB
Schwarz(Jacobi)+Bicgstab:  Solving for Ux, Initial residual = 7.93783688567346e-05, Final residual = 3.6008630272777344e-06, No Iterations 3, Solve time = 234.756 ms
Schwarz(Jacobi)+Bicgstab:  Solving for Uy, Initial residual = 0.004207332793818371, Final residual = 0.00013226320627169165, No Iterations 3, Solve time = 234.756 ms
Schwarz(Jacobi)+Bicgstab:  Solving for Uz, Initial residual = 0.001099094850235141, Final residual = 4.7755130147242836e-05, No Iterations 3, Solve time = 234.756 ms
[mem] after-UEqn: DEVICE_POOL current=19126 MB  actual(reserved)=38146 MB  highWater=24414 MB
[GinkgoSolver] p-cache: reuse(update_matrix_value) solve=31 rebuildInterval=0
config(Cg+Multigrid):  Solving for p, Initial residual = 0.0012958394728612961, Final residual = 1.1485720654935455e-05, No Iterations 10, Solve time = 799.111 ms
time step continuity errors : sum local = 2.875250849288484e-06, global = 1.65707641421829e-08, cumulative = -6.145323968175055e-07
[mem] after-pEqn: DEVICE_POOL current=19126 MB  actual(reserved)=38146 MB  highWater=24414 MB
[GinkgoSolver] p-cache: reuse(update_matrix_value) solve=31 rebuildInterval=0
Schwarz(Jacobi)+Bicgstab:  Solving for omega, Initial residual = 1.2843668233040627e-05, Final residual = 8.390700592192398e-07, No Iterations 2, Solve time = 90.97 ms
bounding omega, min: -53038.81498984695 max: 45355982.684489846 average: 6370.570389115176
[GinkgoSolver] p-cache: reuse(update_matrix_value) solve=31 rebuildInterval=0
Schwarz(Jacobi)+Bicgstab:  Solving for k, Initial residual = 0.0002446987932566129, Final residual = 1.3499008381517672e-05, No Iterations 2, Solve time = 73.719 ms
bounding k, min: -0.009388586490341147 max: 873.669725415876 average: 9.134240266548117
[mem] after-turb: DEVICE_POOL current=19126 MB  actual(reserved)=38146 MB  highWater=24414 MB
ExecutionTime = 120.59 s  ClockTime = 121 s

Time = 1032
[mem] step-start: DEVICE_POOL current=19126 MB  actual(reserved)=38146 MB  highWater=24414 MB
Schwarz(Jacobi)+Bicgstab:  Solving for Ux, Initial residual = 7.934201831492456e-05, Final residual = 3.455551146151665e-06, No Iterations 3, Solve time = 220.327 ms
Schwarz(Jacobi)+Bicgstab:  Solving for Uy, Initial residual = 0.004232508362023255, Final residual = 0.00013269962075572236, No Iterations 3, Solve time = 220.327 ms
Schwarz(Jacobi)+Bicgstab:  Solving for Uz, Initial residual = 0.0010957154073149172, Final residual = 2.6621883101600698e-05, No Iterations 3, Solve time = 220.327 ms
[mem] after-UEqn: DEVICE_POOL current=19126 MB  actual(reserved)=38146 MB  highWater=24414 MB
[GinkgoSolver] p-cache: reuse(update_matrix_value) solve=32 rebuildInterval=0
config(Cg+Multigrid):  Solving for p, Initial residual = 0.0012928305896795257, Final residual = 1.2630886991705404e-05, No Iterations 10, Solve time = 804.237 ms
time step continuity errors : sum local = 3.1618983288181936e-06, global = 1.3344212537399175e-08, cumulative = -6.011881842801063e-07
[mem] after-pEqn: DEVICE_POOL current=19126 MB  actual(reserved)=38146 MB  highWater=24414 MB
[GinkgoSolver] p-cache: reuse(update_matrix_value) solve=32 rebuildInterval=0
Schwarz(Jacobi)+Bicgstab:  Solving for omega, Initial residual = 1.2834349273471447e-05, Final residual = 8.398737742771575e-07, No Iterations 2, Solve time = 91.808 ms
bounding omega, min: -52305.788047655944 max: 45355982.69620338 average: 6370.591753863903
[GinkgoSolver] p-cache: reuse(update_matrix_value) solve=32 rebuildInterval=0
Schwarz(Jacobi)+Bicgstab:  Solving for k, Initial residual = 0.0002451530195847272, Final residual = 1.3520015204322311e-05, No Iterations 2, Solve time = 74.471 ms
bounding k, min: -0.009618882961506186 max: 873.3354482364492 average: 9.133665813498087
[mem] after-turb: DEVICE_POOL current=19126 MB  actual(reserved)=38146 MB  highWater=24414 MB
ExecutionTime = 122.94 s  ClockTime = 123 s

Time = 1033
[mem] step-start: DEVICE_POOL current=19126 MB  actual(reserved)=38146 MB  highWater=24414 MB
Schwarz(Jacobi)+Bicgstab:  Solving for Ux, Initial residual = 7.93610342018975e-05, Final residual = 3.897995928103344e-06, No Iterations 3, Solve time = 222.473 ms
Schwarz(Jacobi)+Bicgstab:  Solving for Uy, Initial residual = 0.00424933934520868, Final residual = 0.00013491899234559931, No Iterations 3, Solve time = 222.473 ms
Schwarz(Jacobi)+Bicgstab:  Solving for Uz, Initial residual = 0.0010927897078929919, Final residual = 4.0683419541446075e-05, No Iterations 3, Solve time = 222.473 ms
[mem] after-UEqn: DEVICE_POOL current=19126 MB  actual(reserved)=38146 MB  highWater=24414 MB
[GinkgoSolver] p-cache: reuse(update_matrix_value) solve=33 rebuildInterval=0
config(Cg+Multigrid):  Solving for p, Initial residual = 0.0012901122074297805, Final residual = 1.0734546430753826e-05, No Iterations 10, Solve time = 804.16 ms
time step continuity errors : sum local = 2.6874567697512283e-06, global = 9.83501579009835e-09, cumulative = -5.913531684900079e-07
[mem] after-pEqn: DEVICE_POOL current=19126 MB  actual(reserved)=38146 MB  highWater=24414 MB
[GinkgoSolver] p-cache: reuse(update_matrix_value) solve=33 rebuildInterval=0
Schwarz(Jacobi)+Bicgstab:  Solving for omega, Initial residual = 1.284305216155019e-05, Final residual = 8.471695151793524e-07, No Iterations 2, Solve time = 90.792 ms
bounding omega, min: -51092.741435362936 max: 45355982.70664181 average: 6370.618488335508
[GinkgoSolver] p-cache: reuse(update_matrix_value) solve=33 rebuildInterval=0
Schwarz(Jacobi)+Bicgstab:  Solving for k, Initial residual = 0.00024570378888836365, Final residual = 1.3317678007379833e-05, No Iterations 2, Solve time = 74.241 ms
bounding k, min: -0.003789116141506471 max: 873.0932376438868 average: 9.133113965028262
[mem] after-turb: DEVICE_POOL current=19126 MB  actual(reserved)=38146 MB  highWater=24414 MB
ExecutionTime = 125.33 s  ClockTime = 125 s

Time = 1034
[mem] step-start: DEVICE_POOL current=19126 MB  actual(reserved)=38146 MB  highWater=24414 MB
Schwarz(Jacobi)+Bicgstab:  Solving for Ux, Initial residual = 7.946148204539618e-05, Final residual = 4.538403757393788e-06, No Iterations 2, Solve time = 180.375 ms
Schwarz(Jacobi)+Bicgstab:  Solving for Uy, Initial residual = 0.00425753374285139, Final residual = 0.000789040477156427, No Iterations 2, Solve time = 180.375 ms
Schwarz(Jacobi)+Bicgstab:  Solving for Uz, Initial residual = 0.0010936540602368172, Final residual = 7.554698138085322e-05, No Iterations 2, Solve time = 180.375 ms
[mem] after-UEqn: DEVICE_POOL current=19126 MB  actual(reserved)=38146 MB  highWater=24414 MB
[GinkgoSolver] p-cache: reuse(update_matrix_value) solve=34 rebuildInterval=0
config(Cg+Multigrid):  Solving for p, Initial residual = 0.001316674966761794, Final residual = 1.239499666662328e-05, No Iterations 10, Solve time = 799.225 ms
time step continuity errors : sum local = 3.104213740078168e-06, global = 4.526912085731559e-09, cumulative = -5.868262564042764e-07
[mem] after-pEqn: DEVICE_POOL current=19126 MB  actual(reserved)=38146 MB  highWater=24414 MB
[GinkgoSolver] p-cache: reuse(update_matrix_value) solve=34 rebuildInterval=0
Schwarz(Jacobi)+Bicgstab:  Solving for omega, Initial residual = 1.2880397919453764e-05, Final residual = 8.567163040404075e-07, No Iterations 2, Solve time = 91.197 ms
bounding omega, min: -206512.85209619428 max: 45355982.71467635 average: 6370.609796644815
[GinkgoSolver] p-cache: reuse(update_matrix_value) solve=34 rebuildInterval=0
Schwarz(Jacobi)+Bicgstab:  Solving for k, Initial residual = 0.0002466026619795843, Final residual = 1.2726484521340485e-05, No Iterations 2, Solve time = 73.799 ms
bounding k, min: -0.0006784822249955469 max: 872.8962383503541 average: 9.132476425742027
[mem] after-turb: DEVICE_POOL current=19126 MB  actual(reserved)=38146 MB  highWater=24414 MB
ExecutionTime = 127.67 s  ClockTime = 128 s

Time = 1035
[mem] step-start: DEVICE_POOL current=19126 MB  actual(reserved)=38146 MB  highWater=24414 MB
Schwarz(Jacobi)+Bicgstab:  Solving for Ux, Initial residual = 7.982574252616588e-05, Final residual = 4.2210912814044135e-06, No Iterations 3, Solve time = 232.476 ms
Schwarz(Jacobi)+Bicgstab:  Solving for Uy, Initial residual = 0.004221074915138388, Final residual = 0.00016422080728929203, No Iterations 3, Solve time = 232.476 ms
Schwarz(Jacobi)+Bicgstab:  Solving for Uz, Initial residual = 0.00110279224538468, Final residual = 5.809534385666389e-05, No Iterations 3, Solve time = 232.476 ms
[mem] after-UEqn: DEVICE_POOL current=19126 MB  actual(reserved)=38146 MB  highWater=24414 MB
[GinkgoSolver] p-cache: reuse(update_matrix_value) solve=35 rebuildInterval=0
config(Cg+Multigrid):  Solving for p, Initial residual = 0.0013013165788368678, Final residual = 1.2806210186736313e-05, No Iterations 9, Solve time = 721.502 ms
time step continuity errors : sum local = 3.2078450218627917e-06, global = -4.183731676579149e-09, cumulative = -5.910099880808556e-07
[mem] after-pEqn: DEVICE_POOL current=19126 MB  actual(reserved)=38146 MB  highWater=24414 MB
[GinkgoSolver] p-cache: reuse(update_matrix_value) solve=35 rebuildInterval=0
Schwarz(Jacobi)+Bicgstab:  Solving for omega, Initial residual = 1.291360890363895e-05, Final residual = 8.603314428288218e-07, No Iterations 2, Solve time = 92.477 ms
bounding omega, min: -49063.18398419514 max: 45355982.71844271 average: 6370.638903621785
[GinkgoSolver] p-cache: reuse(update_matrix_value) solve=35 rebuildInterval=0
Schwarz(Jacobi)+Bicgstab:  Solving for k, Initial residual = 0.000247118960153589, Final residual = 1.2234287245182081e-05, No Iterations 2, Solve time = 73.5 ms
bounding k, min: -0.005696575029136095 max: 872.7730909534434 average: 9.13196552026402
[mem] after-turb: DEVICE_POOL current=19126 MB  actual(reserved)=38146 MB  highWater=24414 MB
ExecutionTime = 129.96 s  ClockTime = 130 s

Time = 1036
[mem] step-start: DEVICE_POOL current=19126 MB  actual(reserved)=38146 MB  highWater=24414 MB
Schwarz(Jacobi)+Bicgstab:  Solving for Ux, Initial residual = 8.002045769849576e-05, Final residual = 4.400174343285527e-06, No Iterations 2, Solve time = 174.375 ms
Schwarz(Jacobi)+Bicgstab:  Solving for Uy, Initial residual = 0.004212380799428281, Final residual = 0.0007764029748512783, No Iterations 2, Solve time = 174.375 ms
Schwarz(Jacobi)+Bicgstab:  Solving for Uz, Initial residual = 0.0011077535618292899, Final residual = 7.58249739946326e-05, No Iterations 2, Solve time = 174.375 ms
[mem] after-UEqn: DEVICE_POOL current=19126 MB  actual(reserved)=38146 MB  highWater=24414 MB
[GinkgoSolver] p-cache: reuse(update_matrix_value) solve=36 rebuildInterval=0
config(Cg+Multigrid):  Solving for p, Initial residual = 0.0012991451843702227, Final residual = 1.017967994631104e-05, No Iterations 10, Solve time = 796.317 ms
time step continuity errors : sum local = 2.5502660993051562e-06, global = -9.838772276674575e-09, cumulative = -6.008487603575302e-07
[mem] after-pEqn: DEVICE_POOL current=19126 MB  actual(reserved)=38146 MB  highWater=24414 MB
[GinkgoSolver] p-cache: reuse(update_matrix_value) solve=36 rebuildInterval=0
Schwarz(Jacobi)+Bicgstab:  Solving for omega, Initial residual = 1.2928202047809067e-05, Final residual = 8.65410102653957e-07, No Iterations 2, Solve time = 92.116 ms
bounding omega, min: -48518.10970576081 max: 45355982.71897707 average: 6370.720604126198
[GinkgoSolver] p-cache: reuse(update_matrix_value) solve=36 rebuildInterval=0
Schwarz(Jacobi)+Bicgstab:  Solving for k, Initial residual = 0.00024734566220574586, Final residual = 1.2452872645191336e-05, No Iterations 2, Solve time = 75.435 ms
bounding k, min: -0.012759673059907023 max: 872.6401774049758 average: 9.131675834889766
[mem] after-turb: DEVICE_POOL current=19126 MB  actual(reserved)=38146 MB  highWater=24414 MB
ExecutionTime = 132.29 s  ClockTime = 132 s

Time = 1037
[mem] step-start: DEVICE_POOL current=19126 MB  actual(reserved)=38146 MB  highWater=24414 MB
Schwarz(Jacobi)+Bicgstab:  Solving for Ux, Initial residual = 7.997406343559759e-05, Final residual = 4.211105641676887e-06, No Iterations 3, Solve time = 235.148 ms
Schwarz(Jacobi)+Bicgstab:  Solving for Uy, Initial residual = 0.00427418738360224, Final residual = 0.0001364122348255848, No Iterations 3, Solve time = 235.148 ms
Schwarz(Jacobi)+Bicgstab:  Solving for Uz, Initial residual = 0.0011082200407782695, Final residual = 4.3826460394470875e-05, No Iterations 3, Solve time = 235.148 ms
[mem] after-UEqn: DEVICE_POOL current=19126 MB  actual(reserved)=38146 MB  highWater=24414 MB
[GinkgoSolver] p-cache: reuse(update_matrix_value) solve=37 rebuildInterval=0
config(Cg+Multigrid):  Solving for p, Initial residual = 0.0012992442710602237, Final residual = 1.2493132181893351e-05, No Iterations 9, Solve time = 727.437 ms
time step continuity errors : sum local = 3.1309854908592e-06, global = -2.1538221461476852e-08, cumulative = -6.22386981819007e-07
[mem] after-pEqn: DEVICE_POOL current=19126 MB  actual(reserved)=38146 MB  highWater=24414 MB
[GinkgoSolver] p-cache: reuse(update_matrix_value) solve=37 rebuildInterval=0
Schwarz(Jacobi)+Bicgstab:  Solving for omega, Initial residual = 1.2955628541968727e-05, Final residual = 8.745023613190296e-07, No Iterations 2, Solve time = 91.171 ms
bounding omega, min: -47596.786692752765 max: 45355982.715135336 average: 6370.832765046915
[GinkgoSolver] p-cache: reuse(update_matrix_value) solve=37 rebuildInterval=0
Schwarz(Jacobi)+Bicgstab:  Solving for k, Initial residual = 0.0002478555818934681, Final residual = 1.235306737935195e-05, No Iterations 2, Solve time = 77.731 ms
bounding k, min: -0.005276042408216917 max: 872.5713263615636 average: 9.131330751550054
[mem] after-turb: DEVICE_POOL current=19126 MB  actual(reserved)=38146 MB  highWater=24414 MB
ExecutionTime = 134.61 s  ClockTime = 135 s

Time = 1038
[mem] step-start: DEVICE_POOL current=19126 MB  actual(reserved)=38146 MB  highWater=24414 MB
Schwarz(Jacobi)+Bicgstab:  Solving for Ux, Initial residual = 8.001770493289175e-05, Final residual = 6.507770727175672e-06, No Iterations 3, Solve time = 215.454 ms
Schwarz(Jacobi)+Bicgstab:  Solving for Uy, Initial residual = 0.0042974600144968225, Final residual = 0.0001359862196212812, No Iterations 3, Solve time = 215.454 ms
Schwarz(Jacobi)+Bicgstab:  Solving for Uz, Initial residual = 0.0011068930753048304, Final residual = 3.511381301246907e-05, No Iterations 3, Solve time = 215.454 ms
[mem] after-UEqn: DEVICE_POOL current=19126 MB  actual(reserved)=38146 MB  highWater=24414 MB
[GinkgoSolver] p-cache: reuse(update_matrix_value) solve=38 rebuildInterval=0
config(Cg+Multigrid):  Solving for p, Initial residual = 0.0013065656296495634, Final residual = 1.2026400660351408e-05, No Iterations 10, Solve time = 803.299 ms
time step continuity errors : sum local = 3.014516869696416e-06, global = -2.146139007650174e-08, cumulative = -6.438483718955088e-07
[mem] after-pEqn: DEVICE_POOL current=19126 MB  actual(reserved)=38146 MB  highWater=24414 MB
[GinkgoSolver] p-cache: reuse(update_matrix_value) solve=38 rebuildInterval=0
Schwarz(Jacobi)+Bicgstab:  Solving for omega, Initial residual = 1.300072210245002e-05, Final residual = 8.876493676840166e-07, No Iterations 2, Solve time = 79.165 ms
bounding omega, min: -342768.16470639827 max: 45355982.70530891 average: 6370.933384740091
[GinkgoSolver] p-cache: reuse(update_matrix_value) solve=38 rebuildInterval=0
Schwarz(Jacobi)+Bicgstab:  Solving for k, Initial residual = 0.00024853983793050134, Final residual = 1.19747885492205e-05, No Iterations 2, Solve time = 73.617 ms
bounding k, min: -0.011691607137642668 max: 872.4800808695567 average: 9.131138429034714
[mem] after-turb: DEVICE_POOL current=19126 MB  actual(reserved)=38146 MB  highWater=24414 MB
ExecutionTime = 137 s  ClockTime = 137 s

Time = 1039
[mem] step-start: DEVICE_POOL current=19126 MB  actual(reserved)=38146 MB  highWater=24414 MB
Schwarz(Jacobi)+Bicgstab:  Solving for Ux, Initial residual = 8.028009120751924e-05, Final residual = 3.2824693812644294e-06, No Iterations 3, Solve time = 233.629 ms
Schwarz(Jacobi)+Bicgstab:  Solving for Uy, Initial residual = 0.00431766022079206, Final residual = 0.00013726400331709322, No Iterations 3, Solve time = 233.629 ms
Schwarz(Jacobi)+Bicgstab:  Solving for Uz, Initial residual = 0.001106275870732108, Final residual = 3.7751075541815314e-05, No Iterations 3, Solve time = 233.629 ms
[mem] after-UEqn: DEVICE_POOL current=19126 MB  actual(reserved)=38146 MB  highWater=24414 MB
[GinkgoSolver] p-cache: reuse(update_matrix_value) solve=39 rebuildInterval=0
config(Cg+Multigrid):  Solving for p, Initial residual = 0.0012961398679851848, Final residual = 1.2521925346716004e-05, No Iterations 10, Solve time = 797.899 ms
time step continuity errors : sum local = 3.1400914111475507e-06, global = -2.4410336148409155e-08, cumulative = -6.682587080439179e-07
[mem] after-pEqn: DEVICE_POOL current=19126 MB  actual(reserved)=38146 MB  highWater=24414 MB
[GinkgoSolver] p-cache: reuse(update_matrix_value) solve=39 rebuildInterval=0
Schwarz(Jacobi)+Bicgstab:  Solving for omega, Initial residual = 1.3012521270451595e-05, Final residual = 8.899483538117862e-07, No Iterations 2, Solve time = 92.219 ms
bounding omega, min: -45694.05877578502 max: 45355982.69013676 average: 6371.03396675956
[GinkgoSolver] p-cache: reuse(update_matrix_value) solve=39 rebuildInterval=0
Schwarz(Jacobi)+Bicgstab:  Solving for k, Initial residual = 0.0002488109695636115, Final residual = 1.1489975105621058e-05, No Iterations 2, Solve time = 74.063 ms
bounding k, min: -0.027534681587559257 max: 872.4558906289047 average: 9.130877452526807
[mem] after-turb: DEVICE_POOL current=19126 MB  actual(reserved)=38146 MB  highWater=24414 MB
ExecutionTime = 139.38 s  ClockTime = 139 s

Time = 1040
[mem] step-start: DEVICE_POOL current=19126 MB  actual(reserved)=38146 MB  highWater=24414 MB
Schwarz(Jacobi)+Bicgstab:  Solving for Ux, Initial residual = 8.025783663242447e-05, Final residual = 3.1698606304986865e-06, No Iterations 4, Solve time = 278.3 ms
Schwarz(Jacobi)+Bicgstab:  Solving for Uy, Initial residual = 0.004331451167420088, Final residual = 0.00020834196818839013, No Iterations 4, Solve time = 278.3 ms
Schwarz(Jacobi)+Bicgstab:  Solving for Uz, Initial residual = 0.001107016845028823, Final residual = 2.0990089135608766e-05, No Iterations 4, Solve time = 278.3 ms
[mem] after-UEqn: DEVICE_POOL current=19126 MB  actual(reserved)=38146 MB  highWater=24414 MB
[GinkgoSolver] p-cache: reuse(update_matrix_value) solve=40 rebuildInterval=0
config(Cg+Multigrid):  Solving for p, Initial residual = 0.001291302356493757, Final residual = 1.218549590486174e-05, No Iterations 12, Solve time = 933.445 ms
time step continuity errors : sum local = 3.0568705500083827e-06, global = -1.0396594316571636e-08, cumulative = -6.786553023604895e-07
[mem] after-pEqn: DEVICE_POOL current=19126 MB  actual(reserved)=38146 MB  highWater=24414 MB
[GinkgoSolver] p-cache: reuse(update_matrix_value) solve=40 rebuildInterval=0
Schwarz(Jacobi)+Bicgstab:  Solving for omega, Initial residual = 1.3015680098627883e-05, Final residual = 8.897967040798659e-07, No Iterations 2, Solve time = 92.098 ms
bounding omega, min: -44712.268283103585 max: 45355982.671956085 average: 6371.0483277577405
[GinkgoSolver] p-cache: reuse(update_matrix_value) solve=40 rebuildInterval=0
Schwarz(Jacobi)+Bicgstab:  Solving for k, Initial residual = 0.00024911178282012165, Final residual = 2.049584643044755e-05, No Iterations 2, Solve time = 74.201 ms
bounding k, min: -0.22340488862315655 max: 872.4188572137988 average: 9.131001123883179
[mem] after-turb: DEVICE_POOL current=19126 MB  actual(reserved)=38146 MB  highWater=24414 MB
ExecutionTime = 141.95 s  ClockTime = 142 s

Time = 1041
[mem] step-start: DEVICE_POOL current=19126 MB  actual(reserved)=38146 MB  highWater=24414 MB
Schwarz(Jacobi)+Bicgstab:  Solving for Ux, Initial residual = 8.034675012751825e-05, Final residual = 1.5184130677052555e-06, No Iterations 4, Solve time = 277.258 ms
Schwarz(Jacobi)+Bicgstab:  Solving for Uy, Initial residual = 0.004345108801825206, Final residual = 0.0003526929888429122, No Iterations 4, Solve time = 277.258 ms
Schwarz(Jacobi)+Bicgstab:  Solving for Uz, Initial residual = 0.001107160634686956, Final residual = 2.3513345448174498e-05, No Iterations 4, Solve time = 277.258 ms
[mem] after-UEqn: DEVICE_POOL current=19126 MB  actual(reserved)=38146 MB  highWater=24414 MB
[GinkgoSolver] p-cache: reuse(update_matrix_value) solve=41 rebuildInterval=0
config(Cg+Multigrid):  Solving for p, Initial residual = 0.001285694641854832, Final residual = 1.1447829681753533e-05, No Iterations 11, Solve time = 876.953 ms
time step continuity errors : sum local = 2.875092077399731e-06, global = -2.062698476505866e-08, cumulative = -6.992822871255482e-07
[mem] after-pEqn: DEVICE_POOL current=19126 MB  actual(reserved)=38146 MB  highWater=24414 MB
[GinkgoSolver] p-cache: reuse(update_matrix_value) solve=41 rebuildInterval=0
Schwarz(Jacobi)+Bicgstab:  Solving for omega, Initial residual = 1.2822906550511451e-05, Final residual = 8.926782834385597e-07, No Iterations 2, Solve time = 89.348 ms
bounding omega, min: -44917.89776149999 max: 45355982.65022679 average: 6371.105292440722
[GinkgoSolver] p-cache: reuse(update_matrix_value) solve=41 rebuildInterval=0
Schwarz(Jacobi)+Bicgstab:  Solving for k, Initial residual = 0.00024891659157193387, Final residual = 1.1700653347034948e-05, No Iterations 3, Solve time = 95.506 ms
bounding k, min: -3.278982620646665e-05 max: 872.4319208801126 average: 9.130608808757279
[mem] after-turb: DEVICE_POOL current=19126 MB  actual(reserved)=38146 MB  highWater=24414 MB
ExecutionTime = 144.49 s  ClockTime = 145 s

Time = 1042
[mem] step-start: DEVICE_POOL current=19126 MB  actual(reserved)=38146 MB  highWater=24414 MB
Schwarz(Jacobi)+Bicgstab:  Solving for Ux, Initial residual = 8.033455627608958e-05, Final residual = 3.530502847877369e-06, No Iterations 2, Solve time = 180.933 ms
Schwarz(Jacobi)+Bicgstab:  Solving for Uy, Initial residual = 0.0043653927418011475, Final residual = 0.0008317353562841029, No Iterations 2, Solve time = 180.933 ms
Schwarz(Jacobi)+Bicgstab:  Solving for Uz, Initial residual = 0.001107692191432439, Final residual = 7.602605831255648e-05, No Iterations 2, Solve time = 180.933 ms
[mem] after-UEqn: DEVICE_POOL current=19126 MB  actual(reserved)=38146 MB  highWater=24414 MB
[GinkgoSolver] p-cache: reuse(update_matrix_value) solve=42 rebuildInterval=0
config(Cg+Multigrid):  Solving for p, Initial residual = 0.0013103105656670458, Final residual = 1.2154597120965116e-05, No Iterations 11, Solve time = 879.698 ms
time step continuity errors : sum local = 3.0557852797096007e-06, global = -2.0204778766795382e-08, cumulative = -7.194870658923436e-07
[mem] after-pEqn: DEVICE_POOL current=19126 MB  actual(reserved)=38146 MB  highWater=24414 MB
[GinkgoSolver] p-cache: reuse(update_matrix_value) solve=42 rebuildInterval=0
Schwarz(Jacobi)+Bicgstab:  Solving for omega, Initial residual = 1.3166660073556652e-05, Final residual = 8.938085077059522e-07, No Iterations 2, Solve time = 91.717 ms
bounding omega, min: -187734.36256960285 max: 45355982.633688495 average: 6370.878375101671
[GinkgoSolver] p-cache: reuse(update_matrix_value) solve=42 rebuildInterval=0
Schwarz(Jacobi)+Bicgstab:  Solving for k, Initial residual = 0.00024805875066299796, Final residual = 2.2705472916707243e-05, No Iterations 2, Solve time = 74.285 ms
bounding k, min: -0.00013511343778609006 max: 872.3742065165445 average: 9.12989528526056
[mem] after-turb: DEVICE_POOL current=19126 MB  actual(reserved)=38146 MB  highWater=24414 MB
ExecutionTime = 146.89 s  ClockTime = 147 s

Time = 1043
[mem] step-start: DEVICE_POOL current=19126 MB  actual(reserved)=38146 MB  highWater=24414 MB
Schwarz(Jacobi)+Bicgstab:  Solving for Ux, Initial residual = 8.056863228005579e-05, Final residual = 3.0473295532419914e-06, No Iterations 3, Solve time = 222.608 ms
Schwarz(Jacobi)+Bicgstab:  Solving for Uy, Initial residual = 0.004342270628404436, Final residual = 0.0001745406036613531, No Iterations 3, Solve time = 222.608 ms
Schwarz(Jacobi)+Bicgstab:  Solving for Uz, Initial residual = 0.0011165737350859685, Final residual = 5.851303697878647e-05, No Iterations 3, Solve time = 222.608 ms
[mem] after-UEqn: DEVICE_POOL current=19126 MB  actual(reserved)=38146 MB  highWater=24414 MB
[GinkgoSolver] p-cache: reuse(update_matrix_value) solve=43 rebuildInterval=0
config(Cg+Multigrid):  Solving for p, Initial residual = 0.0012922216568563817, Final residual = 1.218949622281886e-05, No Iterations 10, Solve time = 803.909 ms
time step continuity errors : sum local = 3.0669470301634286e-06, global = -2.9095097152088526e-08, cumulative = -7.485821630444322e-07
[mem] after-pEqn: DEVICE_POOL current=19126 MB  actual(reserved)=38146 MB  highWater=24414 MB
[GinkgoSolver] p-cache: reuse(update_matrix_value) solve=43 rebuildInterval=0
Schwarz(Jacobi)+Bicgstab:  Solving for omega, Initial residual = 1.3223193740365326e-05, Final residual = 8.90754226850312e-07, No Iterations 2, Solve time = 91.533 ms
bounding omega, min: -46005.383118776736 max: 45355982.61952683 average: 6370.714444629952
[GinkgoSolver] p-cache: reuse(update_matrix_value) solve=43 rebuildInterval=0
Schwarz(Jacobi)+Bicgstab:  Solving for k, Initial residual = 0.00024947708674531835, Final residual = 1.4731192864862083e-05, No Iterations 2, Solve time = 77.778 ms
bounding k, min: -0.00015343930581170192 max: 872.2541410556154 average: 9.12962711996238
[mem] after-turb: DEVICE_POOL current=19126 MB  actual(reserved)=38146 MB  highWater=24414 MB
ExecutionTime = 149.29 s  ClockTime = 149 s

Time = 1044
[mem] step-start: DEVICE_POOL current=19126 MB  actual(reserved)=38146 MB  highWater=24414 MB
Schwarz(Jacobi)+Bicgstab:  Solving for Ux, Initial residual = 8.059890764048874e-05, Final residual = 4.420739999952308e-06, No Iterations 2, Solve time = 169.655 ms
Schwarz(Jacobi)+Bicgstab:  Solving for Uy, Initial residual = 0.004331440979017053, Final residual = 0.0007449843538214171, No Iterations 2, Solve time = 169.655 ms
Schwarz(Jacobi)+Bicgstab:  Solving for Uz, Initial residual = 0.0011211720470355466, Final residual = 7.707401055138008e-05, No Iterations 2, Solve time = 169.655 ms
[mem] after-UEqn: DEVICE_POOL current=19126 MB  actual(reserved)=38146 MB  highWater=24414 MB
[GinkgoSolver] p-cache: reuse(update_matrix_value) solve=44 rebuildInterval=0
config(Cg+Multigrid):  Solving for p, Initial residual = 0.001291953569670222, Final residual = 1.231440764951788e-05, No Iterations 10, Solve time = 808.736 ms
time step continuity errors : sum local = 3.0992709895203457e-06, global = -3.591383390276398e-08, cumulative = -7.844959969471961e-07
[mem] after-pEqn: DEVICE_POOL current=19126 MB  actual(reserved)=38146 MB  highWater=24414 MB
[GinkgoSolver] p-cache: reuse(update_matrix_value) solve=44 rebuildInterval=0
Schwarz(Jacobi)+Bicgstab:  Solving for omega, Initial residual = 1.3079245432713434e-05, Final residual = 8.883462817859978e-07, No Iterations 2, Solve time = 91.122 ms
bounding omega, min: -46073.074071306764 max: 45355982.6083058 average: 6370.634977564848
[GinkgoSolver] p-cache: reuse(update_matrix_value) solve=44 rebuildInterval=0
Schwarz(Jacobi)+Bicgstab:  Solving for k, Initial residual = 0.00024984640305627734, Final residual = 1.4688779608861177e-05, No Iterations 2, Solve time = 73.787 ms
bounding k, min: -0.0002375335607663537 max: 872.0792272050276 average: 9.129705867768006
[mem] after-turb: DEVICE_POOL current=19126 MB  actual(reserved)=38146 MB  highWater=24414 MB
ExecutionTime = 151.64 s  ClockTime = 152 s

Time = 1045
[mem] step-start: DEVICE_POOL current=19126 MB  actual(reserved)=38146 MB  highWater=24414 MB
Schwarz(Jacobi)+Bicgstab:  Solving for Ux, Initial residual = 8.05217136860203e-05, Final residual = 4.9496360247308635e-06, No Iterations 3, Solve time = 229.005 ms
Schwarz(Jacobi)+Bicgstab:  Solving for Uy, Initial residual = 0.004385470724731441, Final residual = 0.0001469538139619333, No Iterations 3, Solve time = 229.005 ms
Schwarz(Jacobi)+Bicgstab:  Solving for Uz, Initial residual = 0.0011215403256045935, Final residual = 5.8068814671178655e-05, No Iterations 3, Solve time = 229.005 ms
[mem] after-UEqn: DEVICE_POOL current=19126 MB  actual(reserved)=38146 MB  highWater=24414 MB
[GinkgoSolver] p-cache: reuse(update_matrix_value) solve=45 rebuildInterval=0
config(Cg+Multigrid):  Solving for p, Initial residual = 0.0012937801618794099, Final residual = 1.165574988838328e-05, No Iterations 12, Solve time = 955.826 ms
time step continuity errors : sum local = 2.9322415863643596e-06, global = -4.585011233645811e-08, cumulative = -8.303461092836543e-07
[mem] after-pEqn: DEVICE_POOL current=19126 MB  actual(reserved)=38146 MB  highWater=24414 MB
[GinkgoSolver] p-cache: reuse(update_matrix_value) solve=45 rebuildInterval=0
Schwarz(Jacobi)+Bicgstab:  Solving for omega, Initial residual = 1.309432974758708e-05, Final residual = 8.94395099639021e-07, No Iterations 2, Solve time = 91.762 ms
bounding omega, min: -46519.32567681228 max: 45355982.60056626 average: 6370.621218774941
[GinkgoSolver] p-cache: reuse(update_matrix_value) solve=45 rebuildInterval=0
Schwarz(Jacobi)+Bicgstab:  Solving for k, Initial residual = 0.00025046584843991745, Final residual = 1.4520658634292262e-05, No Iterations 2, Solve time = 73.609 ms
bounding k, min: -0.0003619409713975972 max: 871.861451152117 average: 9.129849127583423
[mem] after-turb: DEVICE_POOL current=19126 MB  actual(reserved)=38146 MB  highWater=24414 MB
ExecutionTime = 154.19 s  ClockTime = 154 s

Time = 1046
[mem] step-start: DEVICE_POOL current=19126 MB  actual(reserved)=38146 MB  highWater=24414 MB
Schwarz(Jacobi)+Bicgstab:  Solving for Ux, Initial residual = 8.057682052814934e-05, Final residual = 4.449535051453316e-06, No Iterations 3, Solve time = 229.758 ms
Schwarz(Jacobi)+Bicgstab:  Solving for Uy, Initial residual = 0.004405320311722209, Final residual = 0.00014257541559127557, No Iterations 3, Solve time = 229.758 ms
Schwarz(Jacobi)+Bicgstab:  Solving for Uz, Initial residual = 0.0011210082617562126, Final residual = 3.691045877533666e-05, No Iterations 3, Solve time = 229.758 ms
[mem] after-UEqn: DEVICE_POOL current=19126 MB  actual(reserved)=38146 MB  highWater=24414 MB
[GinkgoSolver] p-cache: reuse(update_matrix_value) solve=46 rebuildInterval=0
config(Cg+Multigrid):  Solving for p, Initial residual = 0.0012935642346246338, Final residual = 1.1436905178913788e-05, No Iterations 18, Solve time = 1377.228 ms
time step continuity errors : sum local = 2.873653822083564e-06, global = -5.1466718584052725e-08, cumulative = -8.81812827867707e-07
[mem] after-pEqn: DEVICE_POOL current=19126 MB  actual(reserved)=38146 MB  highWater=24414 MB
[GinkgoSolver] p-cache: reuse(update_matrix_value) solve=46 rebuildInterval=0
Schwarz(Jacobi)+Bicgstab:  Solving for omega, Initial residual = 1.3098669269746677e-05, Final residual = 8.955083948951767e-07, No Iterations 2, Solve time = 81.845 ms
bounding omega, min: -189272.35275493024 max: 45355982.595818825 average: 6370.605902808159
[GinkgoSolver] p-cache: reuse(update_matrix_value) solve=46 rebuildInterval=0
Schwarz(Jacobi)+Bicgstab:  Solving for k, Initial residual = 0.0002509554283975602, Final residual = 1.3921680133134045e-05, No Iterations 2, Solve time = 73.923 ms
bounding k, min: -0.0012052154238012345 max: 871.6254882634904 average: 9.130035989539307
[mem] after-turb: DEVICE_POOL current=19126 MB  actual(reserved)=38146 MB  highWater=24414 MB
ExecutionTime = 157.16 s  ClockTime = 157 s

Time = 1047
[mem] step-start: DEVICE_POOL current=19126 MB  actual(reserved)=38146 MB  highWater=24414 MB
Schwarz(Jacobi)+Bicgstab:  Solving for Ux, Initial residual = 8.061464708740201e-05, Final residual = 4.201148737786959e-06, No Iterations 3, Solve time = 229.338 ms
Schwarz(Jacobi)+Bicgstab:  Solving for Uy, Initial residual = 0.004419854473713665, Final residual = 0.00014176432832155902, No Iterations 3, Solve time = 229.338 ms
Schwarz(Jacobi)+Bicgstab:  Solving for Uz, Initial residual = 0.001119431307531885, Final residual = 3.921342512283621e-05, No Iterations 3, Solve time = 229.338 ms
[mem] after-UEqn: DEVICE_POOL current=19126 MB  actual(reserved)=38146 MB  highWater=24414 MB
[GinkgoSolver] p-cache: reuse(update_matrix_value) solve=47 rebuildInterval=0
config(Cg+Multigrid):  Solving for p, Initial residual = 0.0012951559923134349, Final residual = 1.2722152762019254e-05, No Iterations 9, Solve time = 723.974 ms
time step continuity errors : sum local = 3.182744758146016e-06, global = -6.699607044557605e-08, cumulative = -9.488088983132831e-07
[mem] after-pEqn: DEVICE_POOL current=19126 MB  actual(reserved)=38146 MB  highWater=24414 MB
[GinkgoSolver] p-cache: reuse(update_matrix_value) solve=47 rebuildInterval=0
Schwarz(Jacobi)+Bicgstab:  Solving for omega, Initial residual = 1.3100629596592834e-05, Final residual = 8.929580467545845e-07, No Iterations 2, Solve time = 91.08 ms
bounding omega, min: -47166.68163562057 max: 45355982.59384103 average: 6370.602491596082
[GinkgoSolver] p-cache: reuse(update_matrix_value) solve=47 rebuildInterval=0
Schwarz(Jacobi)+Bicgstab:  Solving for k, Initial residual = 0.00025134870443199384, Final residual = 1.3878039914934137e-05, No Iterations 2, Solve time = 74.074 ms
bounding k, min: -0.0008179778190096456 max: 871.3093684931004 average: 9.130272673556668
[mem] after-turb: DEVICE_POOL current=19126 MB  actual(reserved)=38146 MB  highWater=24414 MB
ExecutionTime = 159.47 s  ClockTime = 160 s

Time = 1048
[mem] step-start: DEVICE_POOL current=19126 MB  actual(reserved)=38146 MB  highWater=24414 MB
Schwarz(Jacobi)+Bicgstab:  Solving for Ux, Initial residual = 8.067380266703202e-05, Final residual = 3.968013998784784e-06, No Iterations 3, Solve time = 229.288 ms
Schwarz(Jacobi)+Bicgstab:  Solving for Uy, Initial residual = 0.004427146153803342, Final residual = 0.00014206965238193104, No Iterations 3, Solve time = 229.288 ms
Schwarz(Jacobi)+Bicgstab:  Solving for Uz, Initial residual = 0.001119307110829511, Final residual = 3.4657233022472876e-05, No Iterations 3, Solve time = 229.288 ms
[mem] after-UEqn: DEVICE_POOL current=19126 MB  actual(reserved)=38146 MB  highWater=24414 MB
[GinkgoSolver] p-cache: reuse(update_matrix_value) solve=48 rebuildInterval=0
config(Cg+Multigrid):  Solving for p, Initial residual = 0.0012934227942904015, Final residual = 1.153853549105015e-05, No Iterations 18, Solve time = 1376.309 ms
time step continuity errors : sum local = 2.8864671914150596e-06, global = -4.5029590561429996e-08, cumulative = -9.938384888747131e-07
[mem] after-pEqn: DEVICE_POOL current=19126 MB  actual(reserved)=38146 MB  highWater=24414 MB
[GinkgoSolver] p-cache: reuse(update_matrix_value) solve=48 rebuildInterval=0
Schwarz(Jacobi)+Bicgstab:  Solving for omega, Initial residual = 1.3102375316895554e-05, Final residual = 8.886434066988094e-07, No Iterations 2, Solve time = 90.732 ms
bounding omega, min: -47294.97974198791 max: 45355982.59454094 average: 6370.586208255035
[GinkgoSolver] p-cache: reuse(update_matrix_value) solve=48 rebuildInterval=0
Schwarz(Jacobi)+Bicgstab:  Solving for k, Initial residual = 0.0002516758209671696, Final residual = 1.3855646386342689e-05, No Iterations 2, Solve time = 73.964 ms
bounding k, min: -0.0020240359299860894 max: 871.0206512455854 average: 9.130528854188347
[mem] after-turb: DEVICE_POOL current=19126 MB  actual(reserved)=38146 MB  highWater=24414 MB
ExecutionTime = 162.44 s  ClockTime = 163 s

Time = 1049
[mem] step-start: DEVICE_POOL current=19126 MB  actual(reserved)=38146 MB  highWater=24414 MB
Schwarz(Jacobi)+Bicgstab:  Solving for Ux, Initial residual = 8.075729466926739e-05, Final residual = 4.7104560675787175e-06, No Iterations 2, Solve time = 182.854 ms
Schwarz(Jacobi)+Bicgstab:  Solving for Uy, Initial residual = 0.004428822746038389, Final residual = 0.0007530468602973853, No Iterations 2, Solve time = 182.854 ms
Schwarz(Jacobi)+Bicgstab:  Solving for Uz, Initial residual = 0.0011198117775409354, Final residual = 7.664459445098685e-05, No Iterations 2, Solve time = 182.854 ms
[mem] after-UEqn: DEVICE_POOL current=19126 MB  actual(reserved)=38146 MB  highWater=24414 MB
[GinkgoSolver] p-cache: reuse(update_matrix_value) solve=49 rebuildInterval=0
config(Cg+Multigrid):  Solving for p, Initial residual = 0.0013201110656784751, Final residual = 1.1214849211685599e-05, No Iterations 11, Solve time = 877.316 ms
time step continuity errors : sum local = 2.796920997148072e-06, global = -5.977413418425557e-08, cumulative = -1.0536126230589686e-06
[mem] after-pEqn: DEVICE_POOL current=19126 MB  actual(reserved)=38146 MB  highWater=24414 MB
[GinkgoSolver] p-cache: reuse(update_matrix_value) solve=49 rebuildInterval=0
Schwarz(Jacobi)+Bicgstab:  Solving for omega, Initial residual = 1.3122768456727245e-05, Final residual = 8.935811351048434e-07, No Iterations 2, Solve time = 92.007 ms
bounding omega, min: -47530.39878286031 max: 45355982.597694695 average: 6370.552988287272
[GinkgoSolver] p-cache: reuse(update_matrix_value) solve=49 rebuildInterval=0
Schwarz(Jacobi)+Bicgstab:  Solving for k, Initial residual = 0.00025227149753476153, Final residual = 1.4103102675584716e-05, No Iterations 2, Solve time = 73.817 ms
bounding k, min: -0.0007782240683194235 max: 870.7125124513203 average: 9.130734982464814
[mem] after-turb: DEVICE_POOL current=19126 MB  actual(reserved)=38146 MB  highWater=24414 MB
ExecutionTime = 164.87 s  ClockTime = 165 s

Time = 1050
[mem] step-start: DEVICE_POOL current=19126 MB  actual(reserved)=38146 MB  highWater=24414 MB
Schwarz(Jacobi)+Bicgstab:  Solving for Ux, Initial residual = 8.106620130888777e-05, Final residual = 3.818715274965632e-06, No Iterations 3, Solve time = 231.106 ms
Schwarz(Jacobi)+Bicgstab:  Solving for Uy, Initial residual = 0.0043955687027392885, Final residual = 0.00017086096793414042, No Iterations 3, Solve time = 231.106 ms
Schwarz(Jacobi)+Bicgstab:  Solving for Uz, Initial residual = 0.0011280503010597082, Final residual = 7.178245734674667e-05, No Iterations 3, Solve time = 231.106 ms
[mem] after-UEqn: DEVICE_POOL current=19126 MB  actual(reserved)=38146 MB  highWater=24414 MB
[GinkgoSolver] p-cache: reuse(update_matrix_value) solve=50 rebuildInterval=0
config(Cg+Multigrid):  Solving for p, Initial residual = 0.001305391624395286, Final residual = 1.262918824674962e-05, No Iterations 9, Solve time = 728.186 ms
time step continuity errors : sum local = 3.150483995443568e-06, global = -6.944333788571077e-08, cumulative = -1.1230559609446793e-06
[mem] after-pEqn: DEVICE_POOL current=19126 MB  actual(reserved)=38146 MB  highWater=24414 MB
[GinkgoSolver] p-cache: reuse(update_matrix_value) solve=50 rebuildInterval=0
Schwarz(Jacobi)+Bicgstab:  Solving for omega, Initial residual = 1.3142077943608225e-05, Final residual = 8.938026027239748e-07, No Iterations 2, Solve time = 78.965 ms
bounding omega, min: -140558.35517022424 max: 45355982.603772335 average: 6370.529111394486
[GinkgoSolver] p-cache: reuse(update_matrix_value) solve=50 rebuildInterval=0
Schwarz(Jacobi)+Bicgstab:  Solving for k, Initial residual = 0.00025250282723502315, Final residual = 1.4153918537874666e-05, No Iterations 2, Solve time = 73.95 ms
bounding k, min: -0.0019460510933766786 max: 870.4397898379266 average: 9.13106651261606
[mem] after-turb: DEVICE_POOL current=19126 MB  actual(reserved)=38146 MB  highWater=24414 MB
Writing p
Writing U
Writing turbulence variables
ExecutionTime = 168.4 s  ClockTime = 170 s

Finalizing NeoN
Finalising parallel run
