/*---------------------------------------------------------------------------*\
| =========                 |                                                 |
| \\      /  F ield         | OpenFOAM: The Open Source CFD Toolbox           |
|  \\    /   O peration     | Version:  2506                                  |
|   \\  /    A nd           | Website:  www.openfoam.com                      |
|    \\/     M anipulation  |                                                 |
\*---------------------------------------------------------------------------*/
Build  : b050cd9480-20250814 OPENFOAM=2506 version=v2506
Arch   : "LSB;label=32;scalar=64"
Exec   : /storage/home/greole/code/NeoFOAM/build/profilingnvidia_h200/bin/neoSimpleFoam -parallel
Date   : Jul 17 2026
Time   : 09:34:44
Host   : gpu-nvidia-h200-3.int.coma-cluster.de
PID    : 200179
I/O    : uncollated
Case   : /storage/home/greole/code/NeoFOAM/occDrivAerStaticMesh
nProcs : 4
Hosts  :
(
    (gpu-nvidia-h200-3.int.coma-cluster.de 4)
)
Pstream initialized with:
    node communication : off [type=host] (4 ranks, 1 nodes)
    topology controls  : none
    consensus exchange : 0 (tuning: 0)
    exchange algorithm : 0
    commsType          : nonBlocking
    polling iterations : 0
trapFpe: Floating point exception trapping enabled (FOAM_SIGFPE).
fileModificationChecking : Monitoring run-time modified files using timeStampMaster (fileModificationSkew 5, maxFileModificationPolls 20)
allowSystemOperations : Allowing user-supplied system call operations

// * * * * * * * * * * * * * * * * * * * * * * * * * * * * * * * * * * * * * //
Create time

Initializing NeoN
Creating Executor GPU
Creating NeoFOAM runTime
GPU-aware MPI: library-available=yes, NeoN-flag=on, executor=GPUExecutor, ranks=4 -> used=yes

SIMPLE: no convergence criteria found. Calculations will run for 50 steps.

Reading field p

Reading field U

Reading/calculating face flux field phi

Selecting incompressible transport model Newtonian
NeoFOAM solver config (from fvSolution configFile) for 'config(Cg+Multigrid)':
{
    cacheSolver: true
    configFile: <NeoN::TokenList>
    l1ScaledResidual: true
    preconditionerRebuildInterval: 0
    relTol: 0.010000
    reportName: config(Cg+Multigrid)
    solver: Ginkgo
    tolerance: 0.000000
}
    effective optimize: false
    effective checkFrequency: 1
Mapping OpenFOAM solver settings to NeoN settings.
Currently, it is advisable to specify a configFile
for fine grained Ginkgo solver control

Replacing solver PBiCGStab by solver::Bicgstab
Replacing preconditioner diagonal by preconditioner::Schwarz (Schwarz-wrapped for distributed run)
NeoFOAM solver config (mapped from fvSolution) for 'Schwarz(Jacobi)+Bicgstab':
{
    cacheSolver: true
    criteria: {
        absolute_residual_norm: 0.000000
        initial_residual_norm: 0.100000
        iteration: 1000
    }
    l1ScaledResidual: true
    optimize: true
    preconditioner: {
        local_solver: {
            max_block_size: 1
            type: preconditioner::Jacobi
        }
        type: preconditioner::Schwarz
    }
    reportName: Schwarz(Jacobi)+Bicgstab
    solver: Ginkgo
    type: solver::Bicgstab
}
    effective optimize: true
    effective checkFrequency: 1
Creating phi

[NF][/storage/home/greole/code/NeoFOAM/include/NeoFOAM/auxiliary/readers.hpp::434]: Internal: 49333487, Boundary: 1754396

[NF][/storage/home/greole/code/NeoFOAM/include/NeoFOAM/auxiliary/readers.hpp::434]: Internal: 49320882, Boundary: 1762558

[NF][/storage/home/greole/code/NeoFOAM/include/NeoFOAM/auxiliary/readers.hpp::434]: Internal: 49261542, Boundary: 1427829

[NF][/storage/home/greole/code/NeoFOAM/include/NeoFOAM/auxiliary/readers.hpp::434]: Internal: 49243125, Boundary: 1362247
Selecting patchDistMethod meshWave
Mapping OpenFOAM solver settings to NeoN settings.
Currently, it is advisable to specify a configFile
for fine grained Ginkgo solver control

Replacing solver PBiCGStab by solver::Bicgstab
Replacing preconditioner diagonal by preconditioner::Schwarz (Schwarz-wrapped for distributed run)
NeoFOAM solver config (mapped from fvSolution) for 'Schwarz(Jacobi)+Bicgstab':
{
    cacheSolver: true
    criteria: {
        absolute_residual_norm: 0.000000
        initial_residual_norm: 0.100000
        iteration: 1000
    }
    l1ScaledResidual: true
    optimize: true
    preconditioner: {
        local_solver: {
            max_block_size: 1
            type: preconditioner::Jacobi
        }
        type: preconditioner::Schwarz
    }
    reportName: Schwarz(Jacobi)+Bicgstab
    solver: Ginkgo
    type: solver::Bicgstab
}
    effective optimize: true
    effective checkFrequency: 1
Mapping OpenFOAM solver settings to NeoN settings.
Currently, it is advisable to specify a configFile
for fine grained Ginkgo solver control

Replacing solver PBiCGStab by solver::Bicgstab
Replacing preconditioner diagonal by preconditioner::Schwarz (Schwarz-wrapped for distributed run)
NeoFOAM solver config (mapped from fvSolution) for 'Schwarz(Jacobi)+Bicgstab':
{
    cacheSolver: true
    criteria: {
        absolute_residual_norm: 0.000000
        initial_residual_norm: 0.100000
        iteration: 1000
    }
    l1ScaledResidual: true
    optimize: true
    preconditioner: {
        local_solver: {
            max_block_size: 1
            type: preconditioner::Jacobi
        }
        type: preconditioner::Schwarz
    }
    reportName: Schwarz(Jacobi)+Bicgstab
    solver: Ginkgo
    type: solver::Bicgstab
}
    effective optimize: true
    effective checkFrequency: 1
[mem] setup.end: DEVICE_POOL current=12979 MB  actual(reserved)=38146 MB  highWater=19132 MB
Starting time loop
Time = 1001
[mem] step-start: DEVICE_POOL current=12979 MB  actual(reserved)=38146 MB  highWater=19132 MB
Schwarz(Jacobi)+Bicgstab:  Solving for Ux, Initial residual = 7.915662809815018e-05, Final residual = 3.117930454401794e-06, No Iterations 3, Solve time = 69.36 ms
Schwarz(Jacobi)+Bicgstab:  Solving for Uy, Initial residual = 0.004031496934770699, Final residual = 0.0001416085397544057, No Iterations 3, Solve time = 69.36 ms
Schwarz(Jacobi)+Bicgstab:  Solving for Uz, Initial residual = 0.0011224955775289297, Final residual = 4.897542661413852e-05, No Iterations 3, Solve time = 69.36 ms
[mem] after-UEqn: DEVICE_POOL current=15473 MB  actual(reserved)=38146 MB  highWater=20761 MB
[GinkgoSolver] p-cache: rebuild(generate) solve=1 rebuildInterval=0
config(Cg+Multigrid):  Solving for p, Initial residual = 0.0013092181241290384, Final residual = 1.2527313596525626e-05, No Iterations 8, Solve time = 132.124 ms
time step continuity errors : sum local = 3.16356307962949e-06, global = 3.294176621097991e-08, cumulative = 3.294176621097991e-08
[mem] after-pEqn: DEVICE_POOL current=16941 MB  actual(reserved)=38146 MB  highWater=20761 MB
[GinkgoSolver] p-cache: rebuild(generate) solve=1 rebuildInterval=0
Schwarz(Jacobi)+Bicgstab:  Solving for omega, Initial residual = 1.3008374646595858e-05, Final residual = 9.268989314354279e-07, No Iterations 2, Solve time = 16.193 ms
bounding omega, min: -36026.42144173914 max: 45355982.77769652 average: 6373.870217664845
[GinkgoSolver] p-cache: rebuild(generate) solve=1 rebuildInterval=0
Schwarz(Jacobi)+Bicgstab:  Solving for k, Initial residual = 0.00024224140657461008, Final residual = 9.44902131921153e-06, No Iterations 3, Solve time = 19.36 ms
bounding k, min: -2.4058134134232227e-05 max: 942.8716470442553 average: 9.152758660655191
[mem] after-turb: DEVICE_POOL current=19126 MB  actual(reserved)=38146 MB  highWater=21935 MB
ExecutionTime = 43.74 s  ClockTime = 44 s

Time = 1002
[mem] step-start: DEVICE_POOL current=19126 MB  actual(reserved)=38146 MB  highWater=21935 MB
Schwarz(Jacobi)+Bicgstab:  Solving for Ux, Initial residual = 7.875178439911888e-05, Final residual = 2.9917124048340308e-06, No Iterations 3, Solve time = 45.605 ms
Schwarz(Jacobi)+Bicgstab:  Solving for Uy, Initial residual = 0.004033703144122963, Final residual = 0.00014057036677876585, No Iterations 3, Solve time = 45.605 ms
Schwarz(Jacobi)+Bicgstab:  Solving for Uz, Initial residual = 0.0011190476169413237, Final residual = 4.1097710289103375e-05, No Iterations 3, Solve time = 45.605 ms
[mem] after-UEqn: DEVICE_POOL current=19126 MB  actual(reserved)=38146 MB  highWater=24414 MB
[GinkgoSolver] p-cache: reuse(update_matrix_value) solve=2 rebuildInterval=0
config(Cg+Multigrid):  Solving for p, Initial residual = 0.0012771087949359288, Final residual = 1.1952743375809272e-05, No Iterations 8, Solve time = 158.825 ms
time step continuity errors : sum local = 3.021154874290175e-06, global = 1.8029048489894556e-08, cumulative = 5.097081470087446e-08
[mem] after-pEqn: DEVICE_POOL current=19126 MB  actual(reserved)=38146 MB  highWater=24414 MB
[GinkgoSolver] p-cache: reuse(update_matrix_value) solve=2 rebuildInterval=0
Schwarz(Jacobi)+Bicgstab:  Solving for omega, Initial residual = 1.3119067682230967e-05, Final residual = 8.756204860271788e-07, No Iterations 2, Solve time = 13.637 ms
bounding omega, min: -93552.86079084472 max: 45355982.852396145 average: 6373.581336319918
[GinkgoSolver] p-cache: reuse(update_matrix_value) solve=2 rebuildInterval=0
Schwarz(Jacobi)+Bicgstab:  Solving for k, Initial residual = 0.00024149223302904688, Final residual = 1.141041828249318e-05, No Iterations 2, Solve time = 13.644 ms
bounding k, min: -0.00029401792971007356 max: 934.4614109347146 average: 9.152494039821429
[mem] after-turb: DEVICE_POOL current=19126 MB  actual(reserved)=38146 MB  highWater=24414 MB
ExecutionTime = 44.51 s  ClockTime = 44 s

Time = 1003
[mem] step-start: DEVICE_POOL current=19126 MB  actual(reserved)=38146 MB  highWater=24414 MB
Schwarz(Jacobi)+Bicgstab:  Solving for Ux, Initial residual = 7.857933766435554e-05, Final residual = 2.4113417813632407e-06, No Iterations 3, Solve time = 45.548 ms
Schwarz(Jacobi)+Bicgstab:  Solving for Uy, Initial residual = 0.004030339707622062, Final residual = 0.0001366958970535932, No Iterations 3, Solve time = 45.548 ms
Schwarz(Jacobi)+Bicgstab:  Solving for Uz, Initial residual = 0.0011175628615813105, Final residual = 3.913072390206159e-05, No Iterations 3, Solve time = 45.548 ms
[mem] after-UEqn: DEVICE_POOL current=19126 MB  actual(reserved)=38146 MB  highWater=24414 MB
[GinkgoSolver] p-cache: reuse(update_matrix_value) solve=3 rebuildInterval=0
config(Cg+Multigrid):  Solving for p, Initial residual = 0.0012678001506303198, Final residual = 1.1496156677242587e-05, No Iterations 8, Solve time = 150.214 ms
time step continuity errors : sum local = 2.906390554590689e-06, global = 4.8136785393359414e-09, cumulative = 5.5784493240210404e-08
[mem] after-pEqn: DEVICE_POOL current=19126 MB  actual(reserved)=38146 MB  highWater=24414 MB
[GinkgoSolver] p-cache: reuse(update_matrix_value) solve=3 rebuildInterval=0
Schwarz(Jacobi)+Bicgstab:  Solving for omega, Initial residual = 1.2975591686757715e-05, Final residual = 8.494926363253715e-07, No Iterations 2, Solve time = 13.658 ms
bounding omega, min: -36234.55533080277 max: 45355982.941782184 average: 6373.45970889204
[GinkgoSolver] p-cache: reuse(update_matrix_value) solve=3 rebuildInterval=0
Schwarz(Jacobi)+Bicgstab:  Solving for k, Initial residual = 0.00024127570943717193, Final residual = 1.3115841214058107e-05, No Iterations 2, Solve time = 13.846 ms
bounding k, min: -0.0006927479025478425 max: 922.3770184031456 average: 9.152321743177685
[mem] after-turb: DEVICE_POOL current=19126 MB  actual(reserved)=38146 MB  highWater=24414 MB
ExecutionTime = 45.28 s  ClockTime = 45 s

Time = 1004
[mem] step-start: DEVICE_POOL current=19126 MB  actual(reserved)=38146 MB  highWater=24414 MB
Schwarz(Jacobi)+Bicgstab:  Solving for Ux, Initial residual = 7.847372914110817e-05, Final residual = 2.050820454404571e-06, No Iterations 3, Solve time = 45.648 ms
Schwarz(Jacobi)+Bicgstab:  Solving for Uy, Initial residual = 0.0040249677038179206, Final residual = 0.00013312029901779127, No Iterations 3, Solve time = 45.648 ms
Schwarz(Jacobi)+Bicgstab:  Solving for Uz, Initial residual = 0.0011172185951049364, Final residual = 4.119506505574415e-05, No Iterations 3, Solve time = 45.648 ms
[mem] after-UEqn: DEVICE_POOL current=19126 MB  actual(reserved)=38146 MB  highWater=24414 MB
[GinkgoSolver] p-cache: reuse(update_matrix_value) solve=4 rebuildInterval=0
config(Cg+Multigrid):  Solving for p, Initial residual = 0.0012660960772978899, Final residual = 1.253585627705894e-05, No Iterations 8, Solve time = 148.787 ms
time step continuity errors : sum local = 3.1682013462850486e-06, global = -7.796965462329142e-09, cumulative = 4.798752777788126e-08
[mem] after-pEqn: DEVICE_POOL current=19126 MB  actual(reserved)=38146 MB  highWater=24414 MB
[GinkgoSolver] p-cache: reuse(update_matrix_value) solve=4 rebuildInterval=0
Schwarz(Jacobi)+Bicgstab:  Solving for omega, Initial residual = 1.286434961828174e-05, Final residual = 8.407380752811211e-07, No Iterations 2, Solve time = 13.597 ms
bounding omega, min: -34587.65767197173 max: 45355983.03033748 average: 6373.606785542324
[GinkgoSolver] p-cache: reuse(update_matrix_value) solve=4 rebuildInterval=0
Schwarz(Jacobi)+Bicgstab:  Solving for k, Initial residual = 0.0002412388912500102, Final residual = 1.371365944390113e-05, No Iterations 2, Solve time = 13.559 ms
bounding k, min: -0.005390410225292026 max: 907.6933239996465 average: 9.152107760426995
[mem] after-turb: DEVICE_POOL current=19126 MB  actual(reserved)=38146 MB  highWater=24414 MB
ExecutionTime = 46.05 s  ClockTime = 46 s

Time = 1005
[mem] step-start: DEVICE_POOL current=19126 MB  actual(reserved)=38146 MB  highWater=24414 MB
Schwarz(Jacobi)+Bicgstab:  Solving for Ux, Initial residual = 7.836006907565126e-05, Final residual = 3.872416503059712e-06, No Iterations 2, Solve time = 35.811 ms
Schwarz(Jacobi)+Bicgstab:  Solving for Uy, Initial residual = 0.004019389915040394, Final residual = 0.0002495834331648369, No Iterations 2, Solve time = 35.811 ms
Schwarz(Jacobi)+Bicgstab:  Solving for Uz, Initial residual = 0.0011174474036771207, Final residual = 6.37140907514704e-05, No Iterations 2, Solve time = 35.811 ms
[mem] after-UEqn: DEVICE_POOL current=19126 MB  actual(reserved)=38146 MB  highWater=24414 MB
[GinkgoSolver] p-cache: reuse(update_matrix_value) solve=5 rebuildInterval=0
config(Cg+Multigrid):  Solving for p, Initial residual = 0.0012727588375705111, Final residual = 1.241676160727574e-05, No Iterations 8, Solve time = 150.931 ms
time step continuity errors : sum local = 3.1363677598929017e-06, global = -1.9092424984100295e-08, cumulative = 2.8895102793780966e-08
[mem] after-pEqn: DEVICE_POOL current=19126 MB  actual(reserved)=38146 MB  highWater=24414 MB
[GinkgoSolver] p-cache: reuse(update_matrix_value) solve=5 rebuildInterval=0
Schwarz(Jacobi)+Bicgstab:  Solving for omega, Initial residual = 1.2846650015051366e-05, Final residual = 8.454656239218434e-07, No Iterations 2, Solve time = 13.613 ms
bounding omega, min: -35303.59463342404 max: 45355983.10248582 average: 6373.77809605955
[GinkgoSolver] p-cache: reuse(update_matrix_value) solve=5 rebuildInterval=0
Schwarz(Jacobi)+Bicgstab:  Solving for k, Initial residual = 0.00024164447878906236, Final residual = 1.372322073747715e-05, No Iterations 2, Solve time = 13.553 ms
bounding k, min: -0.00230982502362978 max: 900.4420382663075 average: 9.151939073889896
[mem] after-turb: DEVICE_POOL current=19126 MB  actual(reserved)=38146 MB  highWater=24414 MB
ExecutionTime = 46.81 s  ClockTime = 47 s

Time = 1006
[mem] step-start: DEVICE_POOL current=19126 MB  actual(reserved)=38146 MB  highWater=24414 MB
Schwarz(Jacobi)+Bicgstab:  Solving for Ux, Initial residual = 7.844811964577935e-05, Final residual = 2.462659044480873e-06, No Iterations 3, Solve time = 45.586 ms
Schwarz(Jacobi)+Bicgstab:  Solving for Uy, Initial residual = 0.004011300905303058, Final residual = 0.0001534444723265479, No Iterations 3, Solve time = 45.586 ms
Schwarz(Jacobi)+Bicgstab:  Solving for Uz, Initial residual = 0.0011190608010017548, Final residual = 6.156101521468455e-05, No Iterations 3, Solve time = 45.586 ms
[mem] after-UEqn: DEVICE_POOL current=19126 MB  actual(reserved)=38146 MB  highWater=24414 MB
[GinkgoSolver] p-cache: reuse(update_matrix_value) solve=6 rebuildInterval=0
config(Cg+Multigrid):  Solving for p, Initial residual = 0.001270995901147101, Final residual = 1.2453322242757376e-05, No Iterations 9, Solve time = 162.128 ms
time step continuity errors : sum local = 3.1442294408354218e-06, global = -2.665748108998828e-08, cumulative = 2.237621703792686e-09
[mem] after-pEqn: DEVICE_POOL current=19126 MB  actual(reserved)=38146 MB  highWater=24414 MB
[GinkgoSolver] p-cache: reuse(update_matrix_value) solve=6 rebuildInterval=0
Schwarz(Jacobi)+Bicgstab:  Solving for omega, Initial residual = 1.2811006077504112e-05, Final residual = 8.414884086594176e-07, No Iterations 2, Solve time = 13.654 ms
bounding omega, min: -129351.65389539198 max: 45355983.14280864 average: 6373.933058711336
[GinkgoSolver] p-cache: reuse(update_matrix_value) solve=6 rebuildInterval=0
Schwarz(Jacobi)+Bicgstab:  Solving for k, Initial residual = 0.00024171198634821584, Final residual = 1.3493440577468928e-05, No Iterations 2, Solve time = 13.572 ms
bounding k, min: -0.0023569374253941122 max: 894.6466782799905 average: 9.151726451697648
[mem] after-turb: DEVICE_POOL current=19126 MB  actual(reserved)=38146 MB  highWater=24414 MB
ExecutionTime = 47.58 s  ClockTime = 48 s

Time = 1007
[mem] step-start: DEVICE_POOL current=19126 MB  actual(reserved)=38146 MB  highWater=24414 MB
Schwarz(Jacobi)+Bicgstab:  Solving for Ux, Initial residual = 7.83871975177072e-05, Final residual = 4.254098800494707e-06, No Iterations 2, Solve time = 35.767 ms
Schwarz(Jacobi)+Bicgstab:  Solving for Uy, Initial residual = 0.004008762254545395, Final residual = 0.0005003614214515964, No Iterations 2, Solve time = 35.767 ms
Schwarz(Jacobi)+Bicgstab:  Solving for Uz, Initial residual = 0.0011199675435270926, Final residual = 7.042553585264271e-05, No Iterations 2, Solve time = 35.767 ms
[mem] after-UEqn: DEVICE_POOL current=19126 MB  actual(reserved)=38146 MB  highWater=24414 MB
[GinkgoSolver] p-cache: reuse(update_matrix_value) solve=7 rebuildInterval=0
config(Cg+Multigrid):  Solving for p, Initial residual = 0.0012852901554092203, Final residual = 1.2804373899819981e-05, No Iterations 9, Solve time = 160.026 ms
time step continuity errors : sum local = 3.2305901519900307e-06, global = -3.1962397146628315e-08, cumulative = -2.972477544283563e-08
[mem] after-pEqn: DEVICE_POOL current=19126 MB  actual(reserved)=38146 MB  highWater=24414 MB
[GinkgoSolver] p-cache: reuse(update_matrix_value) solve=7 rebuildInterval=0
Schwarz(Jacobi)+Bicgstab:  Solving for omega, Initial residual = 1.2812666413598543e-05, Final residual = 8.377037959653245e-07, No Iterations 2, Solve time = 13.644 ms
bounding omega, min: -33142.488176592895 max: 45355983.13863928 average: 6374.077597838208
[GinkgoSolver] p-cache: reuse(update_matrix_value) solve=7 rebuildInterval=0
Schwarz(Jacobi)+Bicgstab:  Solving for k, Initial residual = 0.0002422019269795044, Final residual = 1.341649125708118e-05, No Iterations 2, Solve time = 13.618 ms
bounding k, min: -0.0009469638081223593 max: 893.0310067342228 average: 9.151423721940947
[mem] after-turb: DEVICE_POOL current=19126 MB  actual(reserved)=38146 MB  highWater=24414 MB
ExecutionTime = 48.34 s  ClockTime = 48 s

Time = 1008
[mem] step-start: DEVICE_POOL current=19126 MB  actual(reserved)=38146 MB  highWater=24414 MB
Schwarz(Jacobi)+Bicgstab:  Solving for Ux, Initial residual = 7.857291962702169e-05, Final residual = 4.279803670827602e-06, No Iterations 2, Solve time = 35.904 ms
Schwarz(Jacobi)+Bicgstab:  Solving for Uy, Initial residual = 0.003987036943614293, Final residual = 0.0007335956502491933, No Iterations 2, Solve time = 35.904 ms
Schwarz(Jacobi)+Bicgstab:  Solving for Uz, Initial residual = 0.001123010009612021, Final residual = 6.380190032066949e-05, No Iterations 2, Solve time = 35.904 ms
[mem] after-UEqn: DEVICE_POOL current=19126 MB  actual(reserved)=38146 MB  highWater=24414 MB
[GinkgoSolver] p-cache: reuse(update_matrix_value) solve=8 rebuildInterval=0
config(Cg+Multigrid):  Solving for p, Initial residual = 0.001281193429385577, Final residual = 1.1955152803886328e-05, No Iterations 13, Solve time = 211.343 ms
time step continuity errors : sum local = 3.014601669602701e-06, global = -3.5211613107009276e-08, cumulative = -6.49363885498449e-08
[mem] after-pEqn: DEVICE_POOL current=19126 MB  actual(reserved)=38146 MB  highWater=24414 MB
[GinkgoSolver] p-cache: reuse(update_matrix_value) solve=8 rebuildInterval=0
Schwarz(Jacobi)+Bicgstab:  Solving for omega, Initial residual = 1.2782688853152851e-05, Final residual = 8.354411261038845e-07, No Iterations 2, Solve time = 13.633 ms
bounding omega, min: -38412.59716283927 max: 45355983.0749922 average: 6374.203463756829
[GinkgoSolver] p-cache: reuse(update_matrix_value) solve=8 rebuildInterval=0
Schwarz(Jacobi)+Bicgstab:  Solving for k, Initial residual = 0.00024211189536180207, Final residual = 1.3452663227791074e-05, No Iterations 2, Solve time = 13.594 ms
bounding k, min: -0.0008810941692545919 max: 891.5704381353255 average: 9.151226181869061
[mem] after-turb: DEVICE_POOL current=19126 MB  actual(reserved)=38146 MB  highWater=24414 MB
ExecutionTime = 49.16 s  ClockTime = 49 s

Time = 1009
[mem] step-start: DEVICE_POOL current=19126 MB  actual(reserved)=38146 MB  highWater=24414 MB
Schwarz(Jacobi)+Bicgstab:  Solving for Ux, Initial residual = 7.843463837731394e-05, Final residual = 2.605077793710586e-06, No Iterations 3, Solve time = 45.627 ms
Schwarz(Jacobi)+Bicgstab:  Solving for Uy, Initial residual = 0.004037214870913016, Final residual = 0.00013474285201453513, No Iterations 3, Solve time = 45.627 ms
Schwarz(Jacobi)+Bicgstab:  Solving for Uz, Initial residual = 0.0011165523940556575, Final residual = 0.00013797265411559823, No Iterations 3, Solve time = 45.627 ms
[mem] after-UEqn: DEVICE_POOL current=19126 MB  actual(reserved)=38146 MB  highWater=24414 MB
[GinkgoSolver] p-cache: reuse(update_matrix_value) solve=9 rebuildInterval=0
config(Cg+Multigrid):  Solving for p, Initial residual = 0.0012978821310860131, Final residual = 1.1806861299003884e-05, No Iterations 8, Solve time = 144.408 ms
time step continuity errors : sum local = 2.971808988478547e-06, global = -4.233881255261703e-08, cumulative = -1.0727520110246192e-07
[mem] after-pEqn: DEVICE_POOL current=19126 MB  actual(reserved)=38146 MB  highWater=24414 MB
[GinkgoSolver] p-cache: reuse(update_matrix_value) solve=9 rebuildInterval=0
Schwarz(Jacobi)+Bicgstab:  Solving for omega, Initial residual = 1.2746052381221325e-05, Final residual = 8.339971996794305e-07, No Iterations 2, Solve time = 13.643 ms
bounding omega, min: -38002.17349658624 max: 45355982.912156925 average: 6374.2201784760955
[GinkgoSolver] p-cache: reuse(update_matrix_value) solve=9 rebuildInterval=0
Schwarz(Jacobi)+Bicgstab:  Solving for k, Initial residual = 0.00024222945843262015, Final residual = 1.3340172425653275e-05, No Iterations 2, Solve time = 13.541 ms
bounding k, min: -0.0014906708111367718 max: 892.1221198589727 average: 9.150608731575394
[mem] after-turb: DEVICE_POOL current=19126 MB  actual(reserved)=38146 MB  highWater=24414 MB
ExecutionTime = 49.92 s  ClockTime = 50 s

Time = 1010
[mem] step-start: DEVICE_POOL current=19126 MB  actual(reserved)=38146 MB  highWater=24414 MB
Schwarz(Jacobi)+Bicgstab:  Solving for Ux, Initial residual = 7.838192356863914e-05, Final residual = 2.8615751054066123e-06, No Iterations 3, Solve time = 45.555 ms
Schwarz(Jacobi)+Bicgstab:  Solving for Uy, Initial residual = 0.0040617001587413696, Final residual = 0.0001358100456857271, No Iterations 3, Solve time = 45.555 ms
Schwarz(Jacobi)+Bicgstab:  Solving for Uz, Initial residual = 0.0010992567187107516, Final residual = 4.4033823877532904e-05, No Iterations 3, Solve time = 45.555 ms
[mem] after-UEqn: DEVICE_POOL current=19126 MB  actual(reserved)=38146 MB  highWater=24414 MB
[GinkgoSolver] p-cache: reuse(update_matrix_value) solve=10 rebuildInterval=0
config(Cg+Multigrid):  Solving for p, Initial residual = 0.001276729806222164, Final residual = 1.1258549912357327e-05, No Iterations 9, Solve time = 158.704 ms
time step continuity errors : sum local = 2.8329301323381797e-06, global = -4.014687160374858e-08, cumulative = -1.474220727062105e-07
[mem] after-pEqn: DEVICE_POOL current=19126 MB  actual(reserved)=38146 MB  highWater=24414 MB
[GinkgoSolver] p-cache: reuse(update_matrix_value) solve=10 rebuildInterval=0
Schwarz(Jacobi)+Bicgstab:  Solving for omega, Initial residual = 1.2722782716135388e-05, Final residual = 8.332617660200528e-07, No Iterations 2, Solve time = 13.65 ms
bounding omega, min: -163920.70363525525 max: 45355982.676389694 average: 6374.1794464126515
[GinkgoSolver] p-cache: reuse(update_matrix_value) solve=10 rebuildInterval=0
Schwarz(Jacobi)+Bicgstab:  Solving for k, Initial residual = 0.00024225749982435178, Final residual = 1.315977458940967e-05, No Iterations 2, Solve time = 13.607 ms
bounding k, min: -0.0019016944472641864 max: 892.2835705978979 average: 9.149965436268195
[mem] after-turb: DEVICE_POOL current=19126 MB  actual(reserved)=38146 MB  highWater=24414 MB
ExecutionTime = 50.7 s  ClockTime = 51 s

Time = 1011
[mem] step-start: DEVICE_POOL current=19126 MB  actual(reserved)=38146 MB  highWater=24414 MB
Schwarz(Jacobi)+Bicgstab:  Solving for Ux, Initial residual = 7.833275796941597e-05, Final residual = 3.3027208664913497e-06, No Iterations 3, Solve time = 45.616 ms
Schwarz(Jacobi)+Bicgstab:  Solving for Uy, Initial residual = 0.004075251052422049, Final residual = 0.00013723356384913574, No Iterations 3, Solve time = 45.616 ms
Schwarz(Jacobi)+Bicgstab:  Solving for Uz, Initial residual = 0.0010923145710555013, Final residual = 4.090819662258286e-05, No Iterations 3, Solve time = 45.616 ms
[mem] after-UEqn: DEVICE_POOL current=19126 MB  actual(reserved)=38146 MB  highWater=24414 MB
[GinkgoSolver] p-cache: reuse(update_matrix_value) solve=11 rebuildInterval=0
config(Cg+Multigrid):  Solving for p, Initial residual = 0.001270953912929615, Final residual = 1.1136046497950348e-05, No Iterations 9, Solve time = 155.557 ms
time step continuity errors : sum local = 2.8011057401514455e-06, global = -3.81216696927785e-08, cumulative = -1.85543742398989e-07
[mem] after-pEqn: DEVICE_POOL current=19126 MB  actual(reserved)=38146 MB  highWater=24414 MB
[GinkgoSolver] p-cache: reuse(update_matrix_value) solve=11 rebuildInterval=0
Schwarz(Jacobi)+Bicgstab:  Solving for omega, Initial residual = 1.2709958263363979e-05, Final residual = 8.283555569246759e-07, No Iterations 2, Solve time = 13.61 ms
bounding omega, min: -38506.04978470756 max: 45355982.67326199 average: 6374.1124852442135
[GinkgoSolver] p-cache: reuse(update_matrix_value) solve=11 rebuildInterval=0
Schwarz(Jacobi)+Bicgstab:  Solving for k, Initial residual = 0.00024227939271745434, Final residual = 1.2664360564788253e-05, No Iterations 2, Solve time = 13.578 ms
bounding k, min: -0.0005377837923950142 max: 893.0132284839383 average: 9.149253829047739
[mem] after-turb: DEVICE_POOL current=19126 MB  actual(reserved)=38146 MB  highWater=24414 MB
ExecutionTime = 51.48 s  ClockTime = 52 s

Time = 1012
[mem] step-start: DEVICE_POOL current=19126 MB  actual(reserved)=38146 MB  highWater=24414 MB
Schwarz(Jacobi)+Bicgstab:  Solving for Ux, Initial residual = 7.833382691623852e-05, Final residual = 4.240108058869501e-06, No Iterations 2, Solve time = 35.744 ms
Schwarz(Jacobi)+Bicgstab:  Solving for Uy, Initial residual = 0.004077796855501724, Final residual = 0.0005157410417392426, No Iterations 2, Solve time = 35.744 ms
Schwarz(Jacobi)+Bicgstab:  Solving for Uz, Initial residual = 0.0010900044152316053, Final residual = 6.48001091618487e-05, No Iterations 2, Solve time = 35.744 ms
[mem] after-UEqn: DEVICE_POOL current=19126 MB  actual(reserved)=38146 MB  highWater=24414 MB
[GinkgoSolver] p-cache: reuse(update_matrix_value) solve=12 rebuildInterval=0
config(Cg+Multigrid):  Solving for p, Initial residual = 0.001288133232744926, Final residual = 1.269790392481079e-05, No Iterations 8, Solve time = 147.119 ms
time step continuity errors : sum local = 3.1927324882452356e-06, global = -3.859877753540461e-08, cumulative = -2.241425199343936e-07
[mem] after-pEqn: DEVICE_POOL current=19126 MB  actual(reserved)=38146 MB  highWater=24414 MB
[GinkgoSolver] p-cache: reuse(update_matrix_value) solve=12 rebuildInterval=0
Schwarz(Jacobi)+Bicgstab:  Solving for omega, Initial residual = 1.2722355592756413e-05, Final residual = 8.317603121375007e-07, No Iterations 2, Solve time = 13.681 ms
bounding omega, min: -38642.64577432934 max: 45355982.71820567 average: 6373.934993778505
[GinkgoSolver] p-cache: reuse(update_matrix_value) solve=12 rebuildInterval=0
Schwarz(Jacobi)+Bicgstab:  Solving for k, Initial residual = 0.00024262629942030088, Final residual = 1.2376303505667862e-05, No Iterations 2, Solve time = 13.619 ms
bounding k, min: -0.00015418113475873865 max: 893.1633123699744 average: 9.148398260920635
[mem] after-turb: DEVICE_POOL current=19126 MB  actual(reserved)=38146 MB  highWater=24414 MB
ExecutionTime = 52.22 s  ClockTime = 52 s

Time = 1013
[mem] step-start: DEVICE_POOL current=19126 MB  actual(reserved)=38146 MB  highWater=24414 MB
Schwarz(Jacobi)+Bicgstab:  Solving for Ux, Initial residual = 7.858073349162247e-05, Final residual = 2.933448650444223e-06, No Iterations 3, Solve time = 45.8 ms
Schwarz(Jacobi)+Bicgstab:  Solving for Uy, Initial residual = 0.004047835199213422, Final residual = 0.00015344062892186882, No Iterations 3, Solve time = 45.8 ms
Schwarz(Jacobi)+Bicgstab:  Solving for Uz, Initial residual = 0.0010924112721535262, Final residual = 5.742146440695168e-05, No Iterations 3, Solve time = 45.8 ms
[mem] after-UEqn: DEVICE_POOL current=19126 MB  actual(reserved)=38146 MB  highWater=24414 MB
[GinkgoSolver] p-cache: reuse(update_matrix_value) solve=13 rebuildInterval=0
config(Cg+Multigrid):  Solving for p, Initial residual = 0.0012827147540529942, Final residual = 1.1181396403496984e-05, No Iterations 9, Solve time = 162.076 ms
time step continuity errors : sum local = 2.8106629332538432e-06, global = -3.553675842448119e-08, cumulative = -2.5967927835887477e-07
[mem] after-pEqn: DEVICE_POOL current=19126 MB  actual(reserved)=38146 MB  highWater=24414 MB
[GinkgoSolver] p-cache: reuse(update_matrix_value) solve=13 rebuildInterval=0
Schwarz(Jacobi)+Bicgstab:  Solving for omega, Initial residual = 1.2711595313761748e-05, Final residual = 8.347595833401122e-07, No Iterations 2, Solve time = 13.652 ms
bounding omega, min: -47347.45626182551 max: 45355982.774698175 average: 6373.723200958116
[GinkgoSolver] p-cache: reuse(update_matrix_value) solve=13 rebuildInterval=0
Schwarz(Jacobi)+Bicgstab:  Solving for k, Initial residual = 0.00024248367525537366, Final residual = 1.2198165147090504e-05, No Iterations 2, Solve time = 13.608 ms
bounding k, min: -0.001666834160601642 max: 893.3379382805355 average: 9.147524058798506
[mem] after-turb: DEVICE_POOL current=19126 MB  actual(reserved)=38146 MB  highWater=24414 MB
ExecutionTime = 53.01 s  ClockTime = 53 s

Time = 1014
[mem] step-start: DEVICE_POOL current=19126 MB  actual(reserved)=38146 MB  highWater=24414 MB
Schwarz(Jacobi)+Bicgstab:  Solving for Ux, Initial residual = 7.856796000905961e-05, Final residual = 3.492620674000114e-06, No Iterations 3, Solve time = 45.676 ms
Schwarz(Jacobi)+Bicgstab:  Solving for Uy, Initial residual = 0.0040343345319124955, Final residual = 0.00014742529671809952, No Iterations 3, Solve time = 45.676 ms
Schwarz(Jacobi)+Bicgstab:  Solving for Uz, Initial residual = 0.0010964479148127134, Final residual = 4.907069048864506e-05, No Iterations 3, Solve time = 45.676 ms
[mem] after-UEqn: DEVICE_POOL current=19126 MB  actual(reserved)=38146 MB  highWater=24414 MB
[GinkgoSolver] p-cache: reuse(update_matrix_value) solve=14 rebuildInterval=0
config(Cg+Multigrid):  Solving for p, Initial residual = 0.0012802193920241722, Final residual = 1.0988592644206442e-05, No Iterations 9, Solve time = 163.898 ms
time step continuity errors : sum local = 2.7611397242359874e-06, global = -3.3658105374123216e-08, cumulative = -2.93337383732998e-07
[mem] after-pEqn: DEVICE_POOL current=19126 MB  actual(reserved)=38146 MB  highWater=24414 MB
[GinkgoSolver] p-cache: reuse(update_matrix_value) solve=14 rebuildInterval=0
Schwarz(Jacobi)+Bicgstab:  Solving for omega, Initial residual = 1.2707801549421455e-05, Final residual = 8.359381882471275e-07, No Iterations 2, Solve time = 13.656 ms
bounding omega, min: -276301.3314812116 max: 45355982.80853379 average: 6373.474847905698
[GinkgoSolver] p-cache: reuse(update_matrix_value) solve=14 rebuildInterval=0
Schwarz(Jacobi)+Bicgstab:  Solving for k, Initial residual = 0.00024246998826753797, Final residual = 1.2102169089765512e-05, No Iterations 2, Solve time = 13.607 ms
bounding k, min: -0.002013314597441654 max: 892.9425020455355 average: 9.146620578301587
[mem] after-turb: DEVICE_POOL current=19126 MB  actual(reserved)=38146 MB  highWater=24414 MB
ExecutionTime = 53.78 s  ClockTime = 54 s

Time = 1015
[mem] step-start: DEVICE_POOL current=19126 MB  actual(reserved)=38146 MB  highWater=24414 MB
Schwarz(Jacobi)+Bicgstab:  Solving for Ux, Initial residual = 7.856998391705607e-05, Final residual = 3.841148612454232e-06, No Iterations 3, Solve time = 45.665 ms
Schwarz(Jacobi)+Bicgstab:  Solving for Uy, Initial residual = 0.004032606467815395, Final residual = 0.00014121260111726297, No Iterations 3, Solve time = 45.665 ms
Schwarz(Jacobi)+Bicgstab:  Solving for Uz, Initial residual = 0.0010984005833385455, Final residual = 2.9357331425165914e-05, No Iterations 3, Solve time = 45.665 ms
[mem] after-UEqn: DEVICE_POOL current=19126 MB  actual(reserved)=38146 MB  highWater=24414 MB
[GinkgoSolver] p-cache: reuse(update_matrix_value) solve=15 rebuildInterval=0
config(Cg+Multigrid):  Solving for p, Initial residual = 0.0012812395986023912, Final residual = 1.1223633964613837e-05, No Iterations 9, Solve time = 159.748 ms
time step continuity errors : sum local = 2.818717530723326e-06, global = -3.127443771578884e-08, cumulative = -3.2461182144878684e-07
[mem] after-pEqn: DEVICE_POOL current=19126 MB  actual(reserved)=38146 MB  highWater=24414 MB
[GinkgoSolver] p-cache: reuse(update_matrix_value) solve=15 rebuildInterval=0
Schwarz(Jacobi)+Bicgstab:  Solving for omega, Initial residual = 1.2704463042071256e-05, Final residual = 8.327968323130477e-07, No Iterations 2, Solve time = 13.655 ms
bounding omega, min: -49941.46605525345 max: 45355982.795307264 average: 6373.230502482282
[GinkgoSolver] p-cache: reuse(update_matrix_value) solve=15 rebuildInterval=0
Schwarz(Jacobi)+Bicgstab:  Solving for k, Initial residual = 0.00024244922696707347, Final residual = 1.2184508404015283e-05, No Iterations 2, Solve time = 13.623 ms
bounding k, min: -0.0020954952182986215 max: 892.4584939215956 average: 9.145686270130966
[mem] after-turb: DEVICE_POOL current=19126 MB  actual(reserved)=38146 MB  highWater=24414 MB
ExecutionTime = 54.56 s  ClockTime = 55 s

Time = 1016
[mem] step-start: DEVICE_POOL current=19126 MB  actual(reserved)=38146 MB  highWater=24414 MB
Schwarz(Jacobi)+Bicgstab:  Solving for Ux, Initial residual = 7.855452241106054e-05, Final residual = 3.56243909480666e-06, No Iterations 3, Solve time = 45.503 ms
Schwarz(Jacobi)+Bicgstab:  Solving for Uy, Initial residual = 0.004039947257225502, Final residual = 0.00013567302842833897, No Iterations 3, Solve time = 45.503 ms
Schwarz(Jacobi)+Bicgstab:  Solving for Uz, Initial residual = 0.0010970721264241309, Final residual = 3.860681708179626e-05, No Iterations 3, Solve time = 45.503 ms
[mem] after-UEqn: DEVICE_POOL current=19126 MB  actual(reserved)=38146 MB  highWater=24414 MB
[GinkgoSolver] p-cache: reuse(update_matrix_value) solve=16 rebuildInterval=0
config(Cg+Multigrid):  Solving for p, Initial residual = 0.0012793680410177063, Final residual = 1.26578994740798e-05, No Iterations 8, Solve time = 147.961 ms
time step continuity errors : sum local = 3.177017841648529e-06, global = -3.285027244844093e-08, cumulative = -3.5746209389722774e-07
[mem] after-pEqn: DEVICE_POOL current=19126 MB  actual(reserved)=38146 MB  highWater=24414 MB
[GinkgoSolver] p-cache: reuse(update_matrix_value) solve=16 rebuildInterval=0
Schwarz(Jacobi)+Bicgstab:  Solving for omega, Initial residual = 1.2700427882562991e-05, Final residual = 8.320915665077397e-07, No Iterations 2, Solve time = 13.653 ms
bounding omega, min: -53985.08464784748 max: 45355982.73400092 average: 6372.934338115716
[GinkgoSolver] p-cache: reuse(update_matrix_value) solve=16 rebuildInterval=0
Schwarz(Jacobi)+Bicgstab:  Solving for k, Initial residual = 0.0002424233098700149, Final residual = 1.2219901975009589e-05, No Iterations 2, Solve time = 13.611 ms
bounding k, min: -0.0024856687472063488 max: 891.5240826980272 average: 9.144746653175604
[mem] after-turb: DEVICE_POOL current=19126 MB  actual(reserved)=38146 MB  highWater=24414 MB
ExecutionTime = 55.33 s  ClockTime = 55 s

Time = 1017
[mem] step-start: DEVICE_POOL current=19126 MB  actual(reserved)=38146 MB  highWater=24414 MB
Schwarz(Jacobi)+Bicgstab:  Solving for Ux, Initial residual = 7.85163835022758e-05, Final residual = 4.157022977832262e-06, No Iterations 2, Solve time = 35.67 ms
Schwarz(Jacobi)+Bicgstab:  Solving for Uy, Initial residual = 0.0040526522163832, Final residual = 0.0007259085940080317, No Iterations 2, Solve time = 35.67 ms
Schwarz(Jacobi)+Bicgstab:  Solving for Uz, Initial residual = 0.0010951861515030982, Final residual = 7.4352017866379e-05, No Iterations 2, Solve time = 35.67 ms
[mem] after-UEqn: DEVICE_POOL current=19126 MB  actual(reserved)=38146 MB  highWater=24414 MB
[GinkgoSolver] p-cache: reuse(update_matrix_value) solve=17 rebuildInterval=0
config(Cg+Multigrid):  Solving for p, Initial residual = 0.0012914189107259193, Final residual = 1.2879357542493398e-05, No Iterations 9, Solve time = 158.975 ms
time step continuity errors : sum local = 3.2306188683678057e-06, global = -2.688815163611213e-08, cumulative = -3.8435024553333987e-07
[mem] after-pEqn: DEVICE_POOL current=19126 MB  actual(reserved)=38146 MB  highWater=24414 MB
[GinkgoSolver] p-cache: reuse(update_matrix_value) solve=17 rebuildInterval=0
Schwarz(Jacobi)+Bicgstab:  Solving for omega, Initial residual = 1.2733550318245384e-05, Final residual = 8.410989560696892e-07, No Iterations 2, Solve time = 15.394 ms
bounding omega, min: -55140.941568344606 max: 45355982.65555367 average: 6372.586749745542
[GinkgoSolver] p-cache: reuse(update_matrix_value) solve=17 rebuildInterval=0
Schwarz(Jacobi)+Bicgstab:  Solving for k, Initial residual = 0.00024280697693798697, Final residual = 1.2344815533136105e-05, No Iterations 2, Solve time = 13.592 ms
bounding k, min: -0.005719560476341576 max: 890.4297833289205 average: 9.143751542910522
[mem] after-turb: DEVICE_POOL current=19126 MB  actual(reserved)=38146 MB  highWater=24414 MB
ExecutionTime = 56.09 s  ClockTime = 56 s

Time = 1018
[mem] step-start: DEVICE_POOL current=19126 MB  actual(reserved)=38146 MB  highWater=24414 MB
Schwarz(Jacobi)+Bicgstab:  Solving for Ux, Initial residual = 7.874090900404628e-05, Final residual = 3.3987708524955123e-06, No Iterations 3, Solve time = 45.528 ms
Schwarz(Jacobi)+Bicgstab:  Solving for Uy, Initial residual = 0.004028993634583752, Final residual = 0.000156302318438352, No Iterations 3, Solve time = 45.528 ms
Schwarz(Jacobi)+Bicgstab:  Solving for Uz, Initial residual = 0.0010994679358171493, Final residual = 6.11774633689416e-05, No Iterations 3, Solve time = 45.528 ms
[mem] after-UEqn: DEVICE_POOL current=19126 MB  actual(reserved)=38146 MB  highWater=24414 MB
[GinkgoSolver] p-cache: reuse(update_matrix_value) solve=18 rebuildInterval=0
config(Cg+Multigrid):  Solving for p, Initial residual = 0.0012827975961344196, Final residual = 1.1180695667150033e-05, No Iterations 9, Solve time = 159.117 ms
time step continuity errors : sum local = 2.8027472285923594e-06, global = -2.8203864010283796e-08, cumulative = -4.125541095436237e-07
[mem] after-pEqn: DEVICE_POOL current=19126 MB  actual(reserved)=38146 MB  highWater=24414 MB
[GinkgoSolver] p-cache: reuse(update_matrix_value) solve=18 rebuildInterval=0
Schwarz(Jacobi)+Bicgstab:  Solving for omega, Initial residual = 1.2747366819409906e-05, Final residual = 8.429575041878009e-07, No Iterations 2, Solve time = 13.652 ms
bounding omega, min: -388427.3712071401 max: 45355982.59036552 average: 6372.245706630773
[GinkgoSolver] p-cache: reuse(update_matrix_value) solve=18 rebuildInterval=0
Schwarz(Jacobi)+Bicgstab:  Solving for k, Initial residual = 0.000242791872350709, Final residual = 1.2378085337010623e-05, No Iterations 2, Solve time = 13.612 ms
bounding k, min: -0.004514035457962834 max: 889.0558988588307 average: 9.1428842266061
[mem] after-turb: DEVICE_POOL current=19126 MB  actual(reserved)=38146 MB  highWater=24414 MB
ExecutionTime = 56.87 s  ClockTime = 57 s

Time = 1019
[mem] step-start: DEVICE_POOL current=19126 MB  actual(reserved)=38146 MB  highWater=24414 MB
Schwarz(Jacobi)+Bicgstab:  Solving for Ux, Initial residual = 7.878949006212828e-05, Final residual = 4.302178905920304e-06, No Iterations 2, Solve time = 35.731 ms
Schwarz(Jacobi)+Bicgstab:  Solving for Uy, Initial residual = 0.0040344409551519205, Final residual = 0.0007980089618788694, No Iterations 2, Solve time = 35.731 ms
Schwarz(Jacobi)+Bicgstab:  Solving for Uz, Initial residual = 0.0010986486677006906, Final residual = 7.476965561198669e-05, No Iterations 2, Solve time = 35.731 ms
[mem] after-UEqn: DEVICE_POOL current=19126 MB  actual(reserved)=38146 MB  highWater=24414 MB
[GinkgoSolver] p-cache: reuse(update_matrix_value) solve=19 rebuildInterval=0
config(Cg+Multigrid):  Solving for p, Initial residual = 0.00129384340402372, Final residual = 1.2852823546063918e-05, No Iterations 8, Solve time = 145.891 ms
time step continuity errors : sum local = 3.2204324511742815e-06, global = -3.158486952986394e-08, cumulative = -4.4413897907348763e-07
[mem] after-pEqn: DEVICE_POOL current=19126 MB  actual(reserved)=38146 MB  highWater=24414 MB
[GinkgoSolver] p-cache: reuse(update_matrix_value) solve=19 rebuildInterval=0
Schwarz(Jacobi)+Bicgstab:  Solving for omega, Initial residual = 1.2746850751727027e-05, Final residual = 8.409350731281762e-07, No Iterations 2, Solve time = 13.563 ms
bounding omega, min: -56877.88814427946 max: 45355982.573729835 average: 6372.04399687311
[GinkgoSolver] p-cache: reuse(update_matrix_value) solve=19 rebuildInterval=0
Schwarz(Jacobi)+Bicgstab:  Solving for k, Initial residual = 0.00024259128970392945, Final residual = 1.2451096596069957e-05, No Iterations 2, Solve time = 13.618 ms
bounding k, min: -0.0036838767554783353 max: 887.5982228767554 average: 9.142298724624032
[mem] after-turb: DEVICE_POOL current=19126 MB  actual(reserved)=38146 MB  highWater=24414 MB
ExecutionTime = 57.62 s  ClockTime = 58 s

Time = 1020
[mem] step-start: DEVICE_POOL current=19126 MB  actual(reserved)=38146 MB  highWater=24414 MB
Schwarz(Jacobi)+Bicgstab:  Solving for Ux, Initial residual = 7.864389330195339e-05, Final residual = 2.8070147160618592e-06, No Iterations 3, Solve time = 45.685 ms
Schwarz(Jacobi)+Bicgstab:  Solving for Uy, Initial residual = 0.004106828759648488, Final residual = 0.0001335833961117781, No Iterations 3, Solve time = 45.685 ms
Schwarz(Jacobi)+Bicgstab:  Solving for Uz, Initial residual = 0.0010928666809334232, Final residual = 4.249401475286201e-05, No Iterations 3, Solve time = 45.685 ms
[mem] after-UEqn: DEVICE_POOL current=19126 MB  actual(reserved)=38146 MB  highWater=24414 MB
[GinkgoSolver] p-cache: reuse(update_matrix_value) solve=20 rebuildInterval=0
config(Cg+Multigrid):  Solving for p, Initial residual = 0.0012860457177364796, Final residual = 1.0363127086087802e-05, No Iterations 9, Solve time = 158.605 ms
time step continuity errors : sum local = 2.595273847158811e-06, global = -2.885683381927051e-08, cumulative = -4.7299581289275813e-07
[mem] after-pEqn: DEVICE_POOL current=19126 MB  actual(reserved)=38146 MB  highWater=24414 MB
[GinkgoSolver] p-cache: reuse(update_matrix_value) solve=20 rebuildInterval=0
Schwarz(Jacobi)+Bicgstab:  Solving for omega, Initial residual = 1.2723893273399661e-05, Final residual = 8.354409603529423e-07, No Iterations 2, Solve time = 13.55 ms
bounding omega, min: -55880.50113398542 max: 45355982.57591292 average: 6371.815139840595
[GinkgoSolver] p-cache: reuse(update_matrix_value) solve=20 rebuildInterval=0
Schwarz(Jacobi)+Bicgstab:  Solving for k, Initial residual = 0.0002425362778226004, Final residual = 1.2539444553494864e-05, No Iterations 2, Solve time = 13.509 ms
bounding k, min: -0.003386767869332334 max: 885.9569282894298 average: 9.14159116586822
[mem] after-turb: DEVICE_POOL current=19126 MB  actual(reserved)=38146 MB  highWater=24414 MB
ExecutionTime = 58.39 s  ClockTime = 59 s

Time = 1021
[mem] step-start: DEVICE_POOL current=19126 MB  actual(reserved)=38146 MB  highWater=24414 MB
Schwarz(Jacobi)+Bicgstab:  Solving for Ux, Initial residual = 7.857447165860269e-05, Final residual = 3.5302262002339597e-06, No Iterations 3, Solve time = 45.645 ms
Schwarz(Jacobi)+Bicgstab:  Solving for Uy, Initial residual = 0.004131622118240402, Final residual = 0.00013435297199479625, No Iterations 3, Solve time = 45.645 ms
Schwarz(Jacobi)+Bicgstab:  Solving for Uz, Initial residual = 0.0010870516787281036, Final residual = 3.6321668736194547e-05, No Iterations 3, Solve time = 45.645 ms
[mem] after-UEqn: DEVICE_POOL current=19126 MB  actual(reserved)=38146 MB  highWater=24414 MB
[GinkgoSolver] p-cache: reuse(update_matrix_value) solve=21 rebuildInterval=0
config(Cg+Multigrid):  Solving for p, Initial residual = 0.0012821693257993015, Final residual = 1.1307264641996285e-05, No Iterations 9, Solve time = 158.075 ms
time step continuity errors : sum local = 2.8308987890551503e-06, global = -2.9408560382883976e-08, cumulative = -5.024043732756421e-07
[mem] after-pEqn: DEVICE_POOL current=19126 MB  actual(reserved)=38146 MB  highWater=24414 MB
[GinkgoSolver] p-cache: reuse(update_matrix_value) solve=21 rebuildInterval=0
Schwarz(Jacobi)+Bicgstab:  Solving for omega, Initial residual = 1.2727881027124e-05, Final residual = 8.394530919479482e-07, No Iterations 2, Solve time = 13.61 ms
bounding omega, min: -60865.322238055545 max: 45355982.585329734 average: 6371.598098242648
[GinkgoSolver] p-cache: reuse(update_matrix_value) solve=21 rebuildInterval=0
Schwarz(Jacobi)+Bicgstab:  Solving for k, Initial residual = 0.00024261889734083708, Final residual = 1.2653770945134987e-05, No Iterations 2, Solve time = 13.618 ms
bounding k, min: -0.0023986972879987342 max: 884.3386111082932 average: 9.140902489767008
[mem] after-turb: DEVICE_POOL current=19126 MB  actual(reserved)=38146 MB  highWater=24414 MB
ExecutionTime = 59.17 s  ClockTime = 59 s

Time = 1022
[mem] step-start: DEVICE_POOL current=19126 MB  actual(reserved)=38146 MB  highWater=24414 MB
Schwarz(Jacobi)+Bicgstab:  Solving for Ux, Initial residual = 7.860850199215358e-05, Final residual = 3.13982858750014e-06, No Iterations 3, Solve time = 45.705 ms
Schwarz(Jacobi)+Bicgstab:  Solving for Uy, Initial residual = 0.004145049029017622, Final residual = 0.0001376136602044284, No Iterations 3, Solve time = 45.705 ms
Schwarz(Jacobi)+Bicgstab:  Solving for Uz, Initial residual = 0.00108397778049954, Final residual = 3.392783053788027e-05, No Iterations 3, Solve time = 45.705 ms
[mem] after-UEqn: DEVICE_POOL current=19126 MB  actual(reserved)=38146 MB  highWater=24414 MB
[GinkgoSolver] p-cache: reuse(update_matrix_value) solve=22 rebuildInterval=0
config(Cg+Multigrid):  Solving for p, Initial residual = 0.001280612872827651, Final residual = 1.2137027623876083e-05, No Iterations 8, Solve time = 146.303 ms
time step continuity errors : sum local = 3.0382257313863883e-06, global = -2.286996045871957e-08, cumulative = -5.252743337343617e-07
[mem] after-pEqn: DEVICE_POOL current=19126 MB  actual(reserved)=38146 MB  highWater=24414 MB
[GinkgoSolver] p-cache: reuse(update_matrix_value) solve=22 rebuildInterval=0
Schwarz(Jacobi)+Bicgstab:  Solving for omega, Initial residual = 1.2726040639898871e-05, Final residual = 8.398866971791785e-07, No Iterations 2, Solve time = 13.619 ms
bounding omega, min: -311566.5495737175 max: 45355982.598876566 average: 6371.366539811115
[GinkgoSolver] p-cache: reuse(update_matrix_value) solve=22 rebuildInterval=0
Schwarz(Jacobi)+Bicgstab:  Solving for k, Initial residual = 0.0002426382747305979, Final residual = 1.2973984666127736e-05, No Iterations 2, Solve time = 13.649 ms
bounding k, min: -0.00395492889670955 max: 882.7066076396969 average: 9.140174940517536
[mem] after-turb: DEVICE_POOL current=19126 MB  actual(reserved)=38146 MB  highWater=24414 MB
ExecutionTime = 59.93 s  ClockTime = 60 s

Time = 1023
[mem] step-start: DEVICE_POOL current=19126 MB  actual(reserved)=38146 MB  highWater=24414 MB
Schwarz(Jacobi)+Bicgstab:  Solving for Ux, Initial residual = 7.866826732149556e-05, Final residual = 4.304894624551173e-06, No Iterations 2, Solve time = 35.565 ms
Schwarz(Jacobi)+Bicgstab:  Solving for Uy, Initial residual = 0.004147916139336341, Final residual = 0.00030441974953535425, No Iterations 2, Solve time = 35.565 ms
Schwarz(Jacobi)+Bicgstab:  Solving for Uz, Initial residual = 0.0010833610989263631, Final residual = 7.661160796915064e-05, No Iterations 2, Solve time = 35.565 ms
[mem] after-UEqn: DEVICE_POOL current=19126 MB  actual(reserved)=38146 MB  highWater=24414 MB
[GinkgoSolver] p-cache: reuse(update_matrix_value) solve=23 rebuildInterval=0
config(Cg+Multigrid):  Solving for p, Initial residual = 0.0012884061190230752, Final residual = 1.277009774994808e-05, No Iterations 8, Solve time = 141.91 ms
time step continuity errors : sum local = 3.1958454926669497e-06, global = -2.4562839154263362e-08, cumulative = -5.498371728886251e-07
[mem] after-pEqn: DEVICE_POOL current=19126 MB  actual(reserved)=38146 MB  highWater=24414 MB
[GinkgoSolver] p-cache: reuse(update_matrix_value) solve=23 rebuildInterval=0
Schwarz(Jacobi)+Bicgstab:  Solving for omega, Initial residual = 1.2769202745867625e-05, Final residual = 8.418294228760907e-07, No Iterations 2, Solve time = 13.663 ms
bounding omega, min: -60051.132949119405 max: 45355982.61381517 average: 6371.193276850371
[GinkgoSolver] p-cache: reuse(update_matrix_value) solve=23 rebuildInterval=0
Schwarz(Jacobi)+Bicgstab:  Solving for k, Initial residual = 0.00024297431125066583, Final residual = 1.4029002144626645e-05, No Iterations 2, Solve time = 13.555 ms
bounding k, min: -0.003395471717542148 max: 881.1313679217536 average: 9.139512221225248
[mem] after-turb: DEVICE_POOL current=19126 MB  actual(reserved)=38146 MB  highWater=24414 MB
ExecutionTime = 60.68 s  ClockTime = 61 s

Time = 1024
[mem] step-start: DEVICE_POOL current=19126 MB  actual(reserved)=38146 MB  highWater=24414 MB
Schwarz(Jacobi)+Bicgstab:  Solving for Ux, Initial residual = 7.89149198110176e-05, Final residual = 3.1246924561514115e-06, No Iterations 3, Solve time = 45.632 ms
Schwarz(Jacobi)+Bicgstab:  Solving for Uy, Initial residual = 0.00413257649231599, Final residual = 0.0001508004019328007, No Iterations 3, Solve time = 45.632 ms
Schwarz(Jacobi)+Bicgstab:  Solving for Uz, Initial residual = 0.0010895010090742519, Final residual = 5.6909365887549574e-05, No Iterations 3, Solve time = 45.632 ms
[mem] after-UEqn: DEVICE_POOL current=19126 MB  actual(reserved)=38146 MB  highWater=24414 MB
[GinkgoSolver] p-cache: reuse(update_matrix_value) solve=24 rebuildInterval=0
config(Cg+Multigrid):  Solving for p, Initial residual = 0.0012870475714645707, Final residual = 1.1488715483664974e-05, No Iterations 9, Solve time = 160.328 ms
time step continuity errors : sum local = 2.874386897467455e-06, global = -1.2916107276279786e-08, cumulative = -5.627532801649049e-07
[mem] after-pEqn: DEVICE_POOL current=19126 MB  actual(reserved)=38146 MB  highWater=24414 MB
[GinkgoSolver] p-cache: reuse(update_matrix_value) solve=24 rebuildInterval=0
Schwarz(Jacobi)+Bicgstab:  Solving for omega, Initial residual = 1.2785186260410365e-05, Final residual = 8.4003209546094e-07, No Iterations 2, Solve time = 13.655 ms
bounding omega, min: -58135.108903454806 max: 45355982.62838862 average: 6371.044062840665
[GinkgoSolver] p-cache: reuse(update_matrix_value) solve=24 rebuildInterval=0
Schwarz(Jacobi)+Bicgstab:  Solving for k, Initial residual = 0.0002431267330709137, Final residual = 1.66526462876861e-05, No Iterations 2, Solve time = 13.522 ms
bounding k, min: -0.005911111576205191 max: 879.6498692179971 average: 9.138787853233028
[mem] after-turb: DEVICE_POOL current=19126 MB  actual(reserved)=38146 MB  highWater=24414 MB
ExecutionTime = 61.46 s  ClockTime = 62 s

Time = 1025
[mem] step-start: DEVICE_POOL current=19126 MB  actual(reserved)=38146 MB  highWater=24414 MB
Schwarz(Jacobi)+Bicgstab:  Solving for Ux, Initial residual = 7.90352847110142e-05, Final residual = 3.582858230664263e-06, No Iterations 3, Solve time = 45.73 ms
Schwarz(Jacobi)+Bicgstab:  Solving for Uy, Initial residual = 0.004124668712946855, Final residual = 0.00014318987429314063, No Iterations 3, Solve time = 45.73 ms
Schwarz(Jacobi)+Bicgstab:  Solving for Uz, Initial residual = 0.0010927706526256238, Final residual = 6.45442732067189e-05, No Iterations 3, Solve time = 45.73 ms
[mem] after-UEqn: DEVICE_POOL current=19126 MB  actual(reserved)=38146 MB  highWater=24414 MB
[GinkgoSolver] p-cache: reuse(update_matrix_value) solve=25 rebuildInterval=0
config(Cg+Multigrid):  Solving for p, Initial residual = 0.0012877595760450605, Final residual = 1.2079006940395804e-05, No Iterations 9, Solve time = 156.821 ms
time step continuity errors : sum local = 3.021409614754193e-06, global = -3.2969138182241673e-09, cumulative = -5.66050193983129e-07
[mem] after-pEqn: DEVICE_POOL current=19126 MB  actual(reserved)=38146 MB  highWater=24414 MB
[GinkgoSolver] p-cache: reuse(update_matrix_value) solve=25 rebuildInterval=0
Schwarz(Jacobi)+Bicgstab:  Solving for omega, Initial residual = 1.2827908380003027e-05, Final residual = 8.420339691524668e-07, No Iterations 2, Solve time = 13.657 ms
bounding omega, min: -57475.45308878277 max: 45355982.64063438 average: 6370.9374987878045
[GinkgoSolver] p-cache: reuse(update_matrix_value) solve=25 rebuildInterval=0
Schwarz(Jacobi)+Bicgstab:  Solving for k, Initial residual = 0.00024361569952166914, Final residual = 1.970446562499848e-05, No Iterations 2, Solve time = 13.545 ms
bounding k, min: -0.013241622835732325 max: 878.3493612021807 average: 9.138060748235297
[mem] after-turb: DEVICE_POOL current=19126 MB  actual(reserved)=38146 MB  highWater=24414 MB
ExecutionTime = 62.23 s  ClockTime = 62 s

Time = 1026
[mem] step-start: DEVICE_POOL current=19126 MB  actual(reserved)=38146 MB  highWater=24414 MB
Schwarz(Jacobi)+Bicgstab:  Solving for Ux, Initial residual = 7.914554972971966e-05, Final residual = 3.3742339491402293e-06, No Iterations 3, Solve time = 45.663 ms
Schwarz(Jacobi)+Bicgstab:  Solving for Uy, Initial residual = 0.004125654077466563, Final residual = 0.00013723926853213806, No Iterations 3, Solve time = 45.663 ms
Schwarz(Jacobi)+Bicgstab:  Solving for Uz, Initial residual = 0.0010957300014945994, Final residual = 8.985831846771384e-05, No Iterations 3, Solve time = 45.663 ms
[mem] after-UEqn: DEVICE_POOL current=19126 MB  actual(reserved)=38146 MB  highWater=24414 MB
[GinkgoSolver] p-cache: reuse(update_matrix_value) solve=26 rebuildInterval=0
config(Cg+Multigrid):  Solving for p, Initial residual = 0.0012878904028969676, Final residual = 1.2016335916882746e-05, No Iterations 9, Solve time = 158.274 ms
time step continuity errors : sum local = 3.005702575918698e-06, global = -2.455564318462386e-09, cumulative = -5.685057583015914e-07
[mem] after-pEqn: DEVICE_POOL current=19126 MB  actual(reserved)=38146 MB  highWater=24414 MB
[GinkgoSolver] p-cache: reuse(update_matrix_value) solve=26 rebuildInterval=0
Schwarz(Jacobi)+Bicgstab:  Solving for omega, Initial residual = 1.2862228704346871e-05, Final residual = 8.418341444869254e-07, No Iterations 2, Solve time = 13.645 ms
bounding omega, min: -357514.60658680997 max: 45355982.64983514 average: 6370.842664145212
[GinkgoSolver] p-cache: reuse(update_matrix_value) solve=26 rebuildInterval=0
Schwarz(Jacobi)+Bicgstab:  Solving for k, Initial residual = 0.00024436548798546635, Final residual = 5.388931206888195e-06, No Iterations 3, Solve time = 20.425 ms
[mem] after-turb: DEVICE_POOL current=19126 MB  actual(reserved)=38146 MB  highWater=24414 MB
ExecutionTime = 63.01 s  ClockTime = 63 s

Time = 1027
[mem] step-start: DEVICE_POOL current=19126 MB  actual(reserved)=38146 MB  highWater=24414 MB
Schwarz(Jacobi)+Bicgstab:  Solving for Ux, Initial residual = 7.921026724556678e-05, Final residual = 4.459171019013602e-06, No Iterations 2, Solve time = 35.722 ms
Schwarz(Jacobi)+Bicgstab:  Solving for Uy, Initial residual = 0.004134070019863686, Final residual = 0.0004954813992128676, No Iterations 2, Solve time = 35.722 ms
Schwarz(Jacobi)+Bicgstab:  Solving for Uz, Initial residual = 0.001099588377757582, Final residual = 7.76032066052178e-05, No Iterations 2, Solve time = 35.722 ms
[mem] after-UEqn: DEVICE_POOL current=19126 MB  actual(reserved)=38146 MB  highWater=24414 MB
[GinkgoSolver] p-cache: reuse(update_matrix_value) solve=27 rebuildInterval=0
config(Cg+Multigrid):  Solving for p, Initial residual = 0.0013000369256876221, Final residual = 1.261000643821749e-05, No Iterations 9, Solve time = 161.384 ms
time step continuity errors : sum local = 3.15478576615674e-06, global = 4.6099042489719804e-09, cumulative = -5.638958540526195e-07
[mem] after-pEqn: DEVICE_POOL current=19126 MB  actual(reserved)=38146 MB  highWater=24414 MB
[GinkgoSolver] p-cache: reuse(update_matrix_value) solve=27 rebuildInterval=0
Schwarz(Jacobi)+Bicgstab:  Solving for omega, Initial residual = 1.2707471158941654e-05, Final residual = 8.42040477094284e-07, No Iterations 2, Solve time = 13.584 ms
bounding omega, min: -57086.0071781537 max: 45355982.65652296 average: 6370.824226665539
[GinkgoSolver] p-cache: reuse(update_matrix_value) solve=27 rebuildInterval=0
Schwarz(Jacobi)+Bicgstab:  Solving for k, Initial residual = 0.00024396379720526026, Final residual = 1.2015773237899146e-05, No Iterations 2, Solve time = 13.611 ms
bounding k, min: -1.7791042090224446e-06 max: 876.1926869048204 average: 9.137138629159288
[mem] after-turb: DEVICE_POOL current=19126 MB  actual(reserved)=38146 MB  highWater=24414 MB
ExecutionTime = 63.78 s  ClockTime = 64 s

Time = 1028
[mem] step-start: DEVICE_POOL current=19126 MB  actual(reserved)=38146 MB  highWater=24414 MB
Schwarz(Jacobi)+Bicgstab:  Solving for Ux, Initial residual = 7.943451535150954e-05, Final residual = 4.569194334011562e-06, No Iterations 2, Solve time = 35.742 ms
Schwarz(Jacobi)+Bicgstab:  Solving for Uy, Initial residual = 0.00412196558982038, Final residual = 0.000780824493904173, No Iterations 2, Solve time = 35.742 ms
Schwarz(Jacobi)+Bicgstab:  Solving for Uz, Initial residual = 0.0011041466283317667, Final residual = 7.796952496199834e-05, No Iterations 2, Solve time = 35.742 ms
[mem] after-UEqn: DEVICE_POOL current=19126 MB  actual(reserved)=38146 MB  highWater=24414 MB
[GinkgoSolver] p-cache: reuse(update_matrix_value) solve=28 rebuildInterval=0
config(Cg+Multigrid):  Solving for p, Initial residual = 0.0013009578327953092, Final residual = 1.1802613155916423e-05, No Iterations 9, Solve time = 156.777 ms
time step continuity errors : sum local = 2.9535270907042465e-06, global = 6.4243962339012206e-09, cumulative = -5.574714578187183e-07
[mem] after-pEqn: DEVICE_POOL current=19126 MB  actual(reserved)=38146 MB  highWater=24414 MB
[GinkgoSolver] p-cache: reuse(update_matrix_value) solve=28 rebuildInterval=0
Schwarz(Jacobi)+Bicgstab:  Solving for omega, Initial residual = 1.282870507292376e-05, Final residual = 8.409959371762149e-07, No Iterations 2, Solve time = 13.575 ms
bounding omega, min: -54905.90970969188 max: 45355982.66266939 average: 6370.809088515398
[GinkgoSolver] p-cache: reuse(update_matrix_value) solve=28 rebuildInterval=0
Schwarz(Jacobi)+Bicgstab:  Solving for k, Initial residual = 0.00024383753300062752, Final residual = 1.2474742384533526e-05, No Iterations 2, Solve time = 13.6 ms
bounding k, min: -0.0005524874091148678 max: 875.3299489807516 average: 9.136768364595552
[mem] after-turb: DEVICE_POOL current=19126 MB  actual(reserved)=38146 MB  highWater=24414 MB
ExecutionTime = 64.54000000000001 s  ClockTime = 65 s

Time = 1029
[mem] step-start: DEVICE_POOL current=19126 MB  actual(reserved)=38146 MB  highWater=24414 MB
Schwarz(Jacobi)+Bicgstab:  Solving for Ux, Initial residual = 7.931818014754581e-05, Final residual = 4.26283219511095e-06, No Iterations 3, Solve time = 45.76 ms
Schwarz(Jacobi)+Bicgstab:  Solving for Uy, Initial residual = 0.004185824918307032, Final residual = 0.00013379330622735846, No Iterations 3, Solve time = 45.76 ms
Schwarz(Jacobi)+Bicgstab:  Solving for Uz, Initial residual = 0.0011016827030979341, Final residual = 4.6691874758485954e-05, No Iterations 3, Solve time = 45.76 ms
[mem] after-UEqn: DEVICE_POOL current=19126 MB  actual(reserved)=38146 MB  highWater=24414 MB
[GinkgoSolver] p-cache: reuse(update_matrix_value) solve=29 rebuildInterval=0
config(Cg+Multigrid):  Solving for p, Initial residual = 0.0013003442211076085, Final residual = 1.1057328909239328e-05, No Iterations 9, Solve time = 157.423 ms
time step continuity errors : sum local = 2.767618996483576e-06, global = 7.71676545695781e-09, cumulative = -5.497546923617604e-07
[mem] after-pEqn: DEVICE_POOL current=19126 MB  actual(reserved)=38146 MB  highWater=24414 MB
[GinkgoSolver] p-cache: reuse(update_matrix_value) solve=29 rebuildInterval=0
Schwarz(Jacobi)+Bicgstab:  Solving for omega, Initial residual = 1.2839827565692627e-05, Final residual = 8.422013736011942e-07, No Iterations 2, Solve time = 13.581 ms
bounding omega, min: -54882.52153249383 max: 45355982.66872537 average: 6370.81964445596
[GinkgoSolver] p-cache: reuse(update_matrix_value) solve=29 rebuildInterval=0
Schwarz(Jacobi)+Bicgstab:  Solving for k, Initial residual = 0.00024408810944296, Final residual = 1.2851842078982906e-05, No Iterations 2, Solve time = 13.558 ms
bounding k, min: -0.005970379039859031 max: 874.6112671060164 average: 9.136302277736927
[mem] after-turb: DEVICE_POOL current=19126 MB  actual(reserved)=38146 MB  highWater=24414 MB
ExecutionTime = 65.31 s  ClockTime = 66 s

Time = 1030
[mem] step-start: DEVICE_POOL current=19126 MB  actual(reserved)=38146 MB  highWater=24414 MB
Schwarz(Jacobi)+Bicgstab:  Solving for Ux, Initial residual = 7.932153725654766e-05, Final residual = 3.5470151958889355e-06, No Iterations 3, Solve time = 45.472 ms
Schwarz(Jacobi)+Bicgstab:  Solving for Uy, Initial residual = 0.004210497075630742, Final residual = 0.00013319903340056952, No Iterations 3, Solve time = 45.472 ms
Schwarz(Jacobi)+Bicgstab:  Solving for Uz, Initial residual = 0.0010979378440097005, Final residual = 3.384025177164522e-05, No Iterations 3, Solve time = 45.472 ms
[mem] after-UEqn: DEVICE_POOL current=19126 MB  actual(reserved)=38146 MB  highWater=24414 MB
[GinkgoSolver] p-cache: reuse(update_matrix_value) solve=30 rebuildInterval=0
config(Cg+Multigrid):  Solving for p, Initial residual = 0.0012954049518299122, Final residual = 1.1149453386111214e-05, No Iterations 9, Solve time = 160.642 ms
time step continuity errors : sum local = 2.7910870884027756e-06, global = 7.310218717992963e-09, cumulative = -5.424444736437674e-07
[mem] after-pEqn: DEVICE_POOL current=19126 MB  actual(reserved)=38146 MB  highWater=24414 MB
[GinkgoSolver] p-cache: reuse(update_matrix_value) solve=30 rebuildInterval=0
Schwarz(Jacobi)+Bicgstab:  Solving for omega, Initial residual = 1.284047986149333e-05, Final residual = 8.434325035822112e-07, No Iterations 2, Solve time = 14.846 ms
bounding omega, min: -267393.43917118426 max: 45355982.67561748 average: 6370.810782913673
[GinkgoSolver] p-cache: reuse(update_matrix_value) solve=30 rebuildInterval=0
Schwarz(Jacobi)+Bicgstab:  Solving for k, Initial residual = 0.00024437254405516737, Final residual = 1.3217110847532732e-05, No Iterations 2, Solve time = 13.622 ms
bounding k, min: -0.004163310214075158 max: 874.0275310078067 average: 9.135756907347506
[mem] after-turb: DEVICE_POOL current=19126 MB  actual(reserved)=38146 MB  highWater=24414 MB
ExecutionTime = 66.09 s  ClockTime = 66 s

Time = 1031
[mem] step-start: DEVICE_POOL current=19126 MB  actual(reserved)=38146 MB  highWater=24414 MB
Schwarz(Jacobi)+Bicgstab:  Solving for Ux, Initial residual = 7.932660118046654e-05, Final residual = 3.564653491426806e-06, No Iterations 3, Solve time = 45.609 ms
Schwarz(Jacobi)+Bicgstab:  Solving for Uy, Initial residual = 0.004228070526650309, Final residual = 0.0001340788468126128, No Iterations 3, Solve time = 45.609 ms
Schwarz(Jacobi)+Bicgstab:  Solving for Uz, Initial residual = 0.0010948950517350499, Final residual = 3.534384098805142e-05, No Iterations 3, Solve time = 45.609 ms
[mem] after-UEqn: DEVICE_POOL current=19126 MB  actual(reserved)=38146 MB  highWater=24414 MB
[GinkgoSolver] p-cache: reuse(update_matrix_value) solve=31 rebuildInterval=0
config(Cg+Multigrid):  Solving for p, Initial residual = 0.0012912769129192763, Final residual = 1.0039134814160505e-05, No Iterations 9, Solve time = 160.496 ms
time step continuity errors : sum local = 2.513642400933624e-06, global = 4.753804792071848e-09, cumulative = -5.376906688516956e-07
[mem] after-pEqn: DEVICE_POOL current=19126 MB  actual(reserved)=38146 MB  highWater=24414 MB
[GinkgoSolver] p-cache: reuse(update_matrix_value) solve=31 rebuildInterval=0
Schwarz(Jacobi)+Bicgstab:  Solving for omega, Initial residual = 1.28467756470161e-05, Final residual = 8.400899870219574e-07, No Iterations 2, Solve time = 13.609 ms
bounding omega, min: -53264.8740651949 max: 45355982.68305913 average: 6370.814220380979
[GinkgoSolver] p-cache: reuse(update_matrix_value) solve=31 rebuildInterval=0
Schwarz(Jacobi)+Bicgstab:  Solving for k, Initial residual = 0.000244770255009037, Final residual = 1.3539533933422148e-05, No Iterations 2, Solve time = 13.611 ms
bounding k, min: -0.0020711076516980605 max: 873.5668933087978 average: 9.135171761346413
[mem] after-turb: DEVICE_POOL current=19126 MB  actual(reserved)=38146 MB  highWater=24414 MB
ExecutionTime = 66.87 s  ClockTime = 67 s

Time = 1032
[mem] step-start: DEVICE_POOL current=19126 MB  actual(reserved)=38146 MB  highWater=24414 MB
Schwarz(Jacobi)+Bicgstab:  Solving for Ux, Initial residual = 7.938839984378333e-05, Final residual = 3.873608494274787e-06, No Iterations 3, Solve time = 45.717 ms
Schwarz(Jacobi)+Bicgstab:  Solving for Uy, Initial residual = 0.004237592608448037, Final residual = 0.00013407648614696525, No Iterations 3, Solve time = 45.717 ms
Schwarz(Jacobi)+Bicgstab:  Solving for Uz, Initial residual = 0.0010940670879026962, Final residual = 3.2704453211491465e-05, No Iterations 3, Solve time = 45.717 ms
[mem] after-UEqn: DEVICE_POOL current=19126 MB  actual(reserved)=38146 MB  highWater=24414 MB
[GinkgoSolver] p-cache: reuse(update_matrix_value) solve=32 rebuildInterval=0
config(Cg+Multigrid):  Solving for p, Initial residual = 0.0012913372843180717, Final residual = 1.1544494360171677e-05, No Iterations 9, Solve time = 156.151 ms
time step continuity errors : sum local = 2.8907224094694998e-06, global = -3.216408774895361e-10, cumulative = -5.380123097291852e-07
[mem] after-pEqn: DEVICE_POOL current=19126 MB  actual(reserved)=38146 MB  highWater=24414 MB
[GinkgoSolver] p-cache: reuse(update_matrix_value) solve=32 rebuildInterval=0
Schwarz(Jacobi)+Bicgstab:  Solving for omega, Initial residual = 1.2848560024244233e-05, Final residual = 8.421057077743815e-07, No Iterations 2, Solve time = 13.536 ms
bounding omega, min: -51608.41848865611 max: 45355982.69171117 average: 6370.797392797108
[GinkgoSolver] p-cache: reuse(update_matrix_value) solve=32 rebuildInterval=0
Schwarz(Jacobi)+Bicgstab:  Solving for k, Initial residual = 0.00024525304840626166, Final residual = 1.3558068687409406e-05, No Iterations 2, Solve time = 13.593 ms
bounding k, min: -0.006707871306704975 max: 873.2067185059715 average: 9.134577651342616
[mem] after-turb: DEVICE_POOL current=19126 MB  actual(reserved)=38146 MB  highWater=24414 MB
ExecutionTime = 67.65000000000001 s  ClockTime = 68 s

Time = 1033
[mem] step-start: DEVICE_POOL current=19126 MB  actual(reserved)=38146 MB  highWater=24414 MB
Schwarz(Jacobi)+Bicgstab:  Solving for Ux, Initial residual = 7.949521449999308e-05, Final residual = 4.5518458655839945e-06, No Iterations 2, Solve time = 35.787 ms
Schwarz(Jacobi)+Bicgstab:  Solving for Uy, Initial residual = 0.004241698211562942, Final residual = 0.0003548848704738282, No Iterations 2, Solve time = 35.787 ms
Schwarz(Jacobi)+Bicgstab:  Solving for Uz, Initial residual = 0.0010948101537407125, Final residual = 7.499364852854058e-05, No Iterations 2, Solve time = 35.787 ms
[mem] after-UEqn: DEVICE_POOL current=19126 MB  actual(reserved)=38146 MB  highWater=24414 MB
[GinkgoSolver] p-cache: reuse(update_matrix_value) solve=33 rebuildInterval=0
config(Cg+Multigrid):  Solving for p, Initial residual = 0.0012992429221707616, Final residual = 1.2660202442296605e-05, No Iterations 8, Solve time = 148.961 ms
time step continuity errors : sum local = 3.1706286239760445e-06, global = -6.786102548751947e-09, cumulative = -5.447984122779372e-07
[mem] after-pEqn: DEVICE_POOL current=19126 MB  actual(reserved)=38146 MB  highWater=24414 MB
[GinkgoSolver] p-cache: reuse(update_matrix_value) solve=33 rebuildInterval=0
Schwarz(Jacobi)+Bicgstab:  Solving for omega, Initial residual = 1.2882493284295513e-05, Final residual = 8.522651354432421e-07, No Iterations 2, Solve time = 13.611 ms
bounding omega, min: -51242.81279403277 max: 45355982.70008954 average: 6370.795638503343
[GinkgoSolver] p-cache: reuse(update_matrix_value) solve=33 rebuildInterval=0
Schwarz(Jacobi)+Bicgstab:  Solving for k, Initial residual = 0.00024601580145754007, Final residual = 1.3413687326728434e-05, No Iterations 2, Solve time = 13.578 ms
bounding k, min: -0.005813950787570531 max: 872.9328468872748 average: 9.134015392775364
[mem] after-turb: DEVICE_POOL current=19126 MB  actual(reserved)=38146 MB  highWater=24414 MB
ExecutionTime = 68.40000000000001 s  ClockTime = 69 s

Time = 1034
[mem] step-start: DEVICE_POOL current=19126 MB  actual(reserved)=38146 MB  highWater=24414 MB
Schwarz(Jacobi)+Bicgstab:  Solving for Ux, Initial residual = 7.975962230441262e-05, Final residual = 4.584699070407647e-06, No Iterations 2, Solve time = 35.829 ms
Schwarz(Jacobi)+Bicgstab:  Solving for Uy, Initial residual = 0.004227429510192059, Final residual = 0.0007379147873185304, No Iterations 2, Solve time = 35.829 ms
Schwarz(Jacobi)+Bicgstab:  Solving for Uz, Initial residual = 0.0011014625053026475, Final residual = 7.379305803710152e-05, No Iterations 2, Solve time = 35.829 ms
[mem] after-UEqn: DEVICE_POOL current=19126 MB  actual(reserved)=38146 MB  highWater=24414 MB
[GinkgoSolver] p-cache: reuse(update_matrix_value) solve=34 rebuildInterval=0
config(Cg+Multigrid):  Solving for p, Initial residual = 0.0012954590183641241, Final residual = 1.132964483982399e-05, No Iterations 9, Solve time = 158.577 ms
time step continuity errors : sum local = 2.8373305094111294e-06, global = -1.2073972622005354e-08, cumulative = -5.568723848999425e-07
[mem] after-pEqn: DEVICE_POOL current=19126 MB  actual(reserved)=38146 MB  highWater=24414 MB
[GinkgoSolver] p-cache: reuse(update_matrix_value) solve=34 rebuildInterval=0
Schwarz(Jacobi)+Bicgstab:  Solving for omega, Initial residual = 1.2906460735258501e-05, Final residual = 8.605893868353192e-07, No Iterations 2, Solve time = 13.626 ms
bounding omega, min: -222540.1645479872 max: 45355982.70628431 average: 6370.869735135536
[GinkgoSolver] p-cache: reuse(update_matrix_value) solve=34 rebuildInterval=0
Schwarz(Jacobi)+Bicgstab:  Solving for k, Initial residual = 0.00024639457264429606, Final residual = 1.2774579299100858e-05, No Iterations 2, Solve time = 13.518 ms
bounding k, min: -0.0008625487277082709 max: 872.720776960008 average: 9.133707316770005
[mem] after-turb: DEVICE_POOL current=19126 MB  actual(reserved)=38146 MB  highWater=24414 MB
ExecutionTime = 69.16 s  ClockTime = 69 s

Time = 1035
[mem] step-start: DEVICE_POOL current=19126 MB  actual(reserved)=38146 MB  highWater=24414 MB
Schwarz(Jacobi)+Bicgstab:  Solving for Ux, Initial residual = 7.977782589019441e-05, Final residual = 4.757678905703061e-06, No Iterations 3, Solve time = 45.576 ms
Schwarz(Jacobi)+Bicgstab:  Solving for Uy, Initial residual = 0.004279763592162528, Final residual = 0.00013504955780581555, No Iterations 3, Solve time = 45.576 ms
Schwarz(Jacobi)+Bicgstab:  Solving for Uz, Initial residual = 0.001102924031247618, Final residual = 4.6205011388431426e-05, No Iterations 3, Solve time = 45.576 ms
[mem] after-UEqn: DEVICE_POOL current=19126 MB  actual(reserved)=38146 MB  highWater=24414 MB
[GinkgoSolver] p-cache: reuse(update_matrix_value) solve=35 rebuildInterval=0
config(Cg+Multigrid):  Solving for p, Initial residual = 0.0012997365408506255, Final residual = 1.279318153205089e-05, No Iterations 8, Solve time = 146.6 ms
time step continuity errors : sum local = 3.204032865927417e-06, global = -2.3315874332794823e-08, cumulative = -5.801882592327374e-07
[mem] after-pEqn: DEVICE_POOL current=19126 MB  actual(reserved)=38146 MB  highWater=24414 MB
[GinkgoSolver] p-cache: reuse(update_matrix_value) solve=35 rebuildInterval=0
Schwarz(Jacobi)+Bicgstab:  Solving for omega, Initial residual = 1.2929268660991938e-05, Final residual = 8.631632228293673e-07, No Iterations 2, Solve time = 13.657 ms
bounding omega, min: -49246.692385508344 max: 45355982.7095106 average: 6371.01252700707
[GinkgoSolver] p-cache: reuse(update_matrix_value) solve=35 rebuildInterval=0
Schwarz(Jacobi)+Bicgstab:  Solving for k, Initial residual = 0.0002470028920370525, Final residual = 1.2297008720198159e-05, No Iterations 2, Solve time = 13.546 ms
bounding k, min: -0.005251199090083302 max: 872.5702825507155 average: 9.133337621139695
[mem] after-turb: DEVICE_POOL current=19126 MB  actual(reserved)=38146 MB  highWater=24414 MB
ExecutionTime = 69.92 s  ClockTime = 70 s

Time = 1036
[mem] step-start: DEVICE_POOL current=19126 MB  actual(reserved)=38146 MB  highWater=24414 MB
Schwarz(Jacobi)+Bicgstab:  Solving for Ux, Initial residual = 7.991094338543799e-05, Final residual = 5.020624019613943e-06, No Iterations 3, Solve time = 46.06 ms
Schwarz(Jacobi)+Bicgstab:  Solving for Uy, Initial residual = 0.004291826425011236, Final residual = 0.0001346552497710579, No Iterations 3, Solve time = 46.06 ms
Schwarz(Jacobi)+Bicgstab:  Solving for Uz, Initial residual = 0.0011029927321730079, Final residual = 3.825789126705464e-05, No Iterations 3, Solve time = 46.06 ms
[mem] after-UEqn: DEVICE_POOL current=19126 MB  actual(reserved)=38146 MB  highWater=24414 MB
[GinkgoSolver] p-cache: reuse(update_matrix_value) solve=36 rebuildInterval=0
config(Cg+Multigrid):  Solving for p, Initial residual = 0.0013028521800374903, Final residual = 1.1727412426965241e-05, No Iterations 9, Solve time = 159.911 ms
time step continuity errors : sum local = 2.937454634172697e-06, global = -2.3766163794081395e-08, cumulative = -6.039544230268188e-07
[mem] after-pEqn: DEVICE_POOL current=19126 MB  actual(reserved)=38146 MB  highWater=24414 MB
[GinkgoSolver] p-cache: reuse(update_matrix_value) solve=36 rebuildInterval=0
Schwarz(Jacobi)+Bicgstab:  Solving for omega, Initial residual = 1.2955948983174715e-05, Final residual = 8.704836150903504e-07, No Iterations 2, Solve time = 13.604 ms
bounding omega, min: -47925.16930180715 max: 45355982.708071575 average: 6371.1088739557545
[GinkgoSolver] p-cache: reuse(update_matrix_value) solve=36 rebuildInterval=0
Schwarz(Jacobi)+Bicgstab:  Solving for k, Initial residual = 0.0002475898483080665, Final residual = 1.252565751103127e-05, No Iterations 2, Solve time = 13.58 ms
bounding k, min: -0.008608215256249097 max: 872.4571796484067 average: 9.132978537250645
[mem] after-turb: DEVICE_POOL current=19126 MB  actual(reserved)=38146 MB  highWater=24414 MB
ExecutionTime = 70.69 s  ClockTime = 71 s

Time = 1037
[mem] step-start: DEVICE_POOL current=19126 MB  actual(reserved)=38146 MB  highWater=24414 MB
Schwarz(Jacobi)+Bicgstab:  Solving for Ux, Initial residual = 8.00789722924887e-05, Final residual = 5.208770450026027e-06, No Iterations 3, Solve time = 45.661 ms
Schwarz(Jacobi)+Bicgstab:  Solving for Uy, Initial residual = 0.0043025568811334075, Final residual = 0.000136726726602307, No Iterations 3, Solve time = 45.661 ms
Schwarz(Jacobi)+Bicgstab:  Solving for Uz, Initial residual = 0.0011038805637774934, Final residual = 3.8926979715927085e-05, No Iterations 3, Solve time = 45.661 ms
[mem] after-UEqn: DEVICE_POOL current=19126 MB  actual(reserved)=38146 MB  highWater=24414 MB
[GinkgoSolver] p-cache: reuse(update_matrix_value) solve=37 rebuildInterval=0
config(Cg+Multigrid):  Solving for p, Initial residual = 0.0013044598384015832, Final residual = 1.2499099363513292e-05, No Iterations 8, Solve time = 145.612 ms
time step continuity errors : sum local = 3.1319149882685863e-06, global = -3.27435884056719e-08, cumulative = -6.366980114324906e-07
[mem] after-pEqn: DEVICE_POOL current=19126 MB  actual(reserved)=38146 MB  highWater=24414 MB
[GinkgoSolver] p-cache: reuse(update_matrix_value) solve=37 rebuildInterval=0
Schwarz(Jacobi)+Bicgstab:  Solving for omega, Initial residual = 1.2998154776733566e-05, Final residual = 8.827271418963331e-07, No Iterations 2, Solve time = 13.584 ms
bounding omega, min: -46092.71500237706 max: 45355982.701768145 average: 6371.200272916966
[GinkgoSolver] p-cache: reuse(update_matrix_value) solve=37 rebuildInterval=0
Schwarz(Jacobi)+Bicgstab:  Solving for k, Initial residual = 0.0002481777057149976, Final residual = 1.2444294284222626e-05, No Iterations 2, Solve time = 14.772 ms
bounding k, min: -0.010750704823068169 max: 872.3697508814633 average: 9.132663995096006
[mem] after-turb: DEVICE_POOL current=19126 MB  actual(reserved)=38146 MB  highWater=24414 MB
ExecutionTime = 71.45999999999999 s  ClockTime = 72 s

Time = 1038
[mem] step-start: DEVICE_POOL current=19126 MB  actual(reserved)=38146 MB  highWater=24414 MB
Schwarz(Jacobi)+Bicgstab:  Solving for Ux, Initial residual = 8.026357927946079e-05, Final residual = 4.780684727825097e-06, No Iterations 2, Solve time = 35.774 ms
Schwarz(Jacobi)+Bicgstab:  Solving for Uy, Initial residual = 0.004311603715843374, Final residual = 0.00040369241554402354, No Iterations 2, Solve time = 35.774 ms
Schwarz(Jacobi)+Bicgstab:  Solving for Uz, Initial residual = 0.001105858811347244, Final residual = 7.634337592684446e-05, No Iterations 2, Solve time = 35.774 ms
[mem] after-UEqn: DEVICE_POOL current=19126 MB  actual(reserved)=38146 MB  highWater=24414 MB
[GinkgoSolver] p-cache: reuse(update_matrix_value) solve=38 rebuildInterval=0
config(Cg+Multigrid):  Solving for p, Initial residual = 0.001309217347653577, Final residual = 1.2060321748794003e-05, No Iterations 9, Solve time = 157.337 ms
time step continuity errors : sum local = 3.0225132372341224e-06, global = -3.030427072406058e-08, cumulative = -6.670022821565512e-07
[mem] after-pEqn: DEVICE_POOL current=19126 MB  actual(reserved)=38146 MB  highWater=24414 MB
[GinkgoSolver] p-cache: reuse(update_matrix_value) solve=38 rebuildInterval=0
Schwarz(Jacobi)+Bicgstab:  Solving for omega, Initial residual = 1.3042340271595973e-05, Final residual = 8.935018419847007e-07, No Iterations 2, Solve time = 13.578 ms
bounding omega, min: -351809.13485658 max: 45355982.69142452 average: 6371.247645968692
[GinkgoSolver] p-cache: reuse(update_matrix_value) solve=38 rebuildInterval=0
Schwarz(Jacobi)+Bicgstab:  Solving for k, Initial residual = 0.00024886585954365557, Final residual = 1.2193090439778269e-05, No Iterations 2, Solve time = 13.561 ms
bounding k, min: -0.010910073945404067 max: 872.2954526793802 average: 9.132365556074186
[mem] after-turb: DEVICE_POOL current=19126 MB  actual(reserved)=38146 MB  highWater=24414 MB
ExecutionTime = 72.22 s  ClockTime = 73 s

Time = 1039
[mem] step-start: DEVICE_POOL current=19126 MB  actual(reserved)=38146 MB  highWater=24414 MB
Schwarz(Jacobi)+Bicgstab:  Solving for Ux, Initial residual = 8.053064716309055e-05, Final residual = 4.77127399727653e-06, No Iterations 2, Solve time = 35.764 ms
Schwarz(Jacobi)+Bicgstab:  Solving for Uy, Initial residual = 0.004299862745072829, Final residual = 0.0007450000827123073, No Iterations 2, Solve time = 35.764 ms
Schwarz(Jacobi)+Bicgstab:  Solving for Uz, Initial residual = 0.0011132448038790193, Final residual = 7.54783865618357e-05, No Iterations 2, Solve time = 35.764 ms
[mem] after-UEqn: DEVICE_POOL current=19126 MB  actual(reserved)=38146 MB  highWater=24414 MB
[GinkgoSolver] p-cache: reuse(update_matrix_value) solve=39 rebuildInterval=0
config(Cg+Multigrid):  Solving for p, Initial residual = 0.0013023355564606583, Final residual = 1.0925414122158838e-05, No Iterations 9, Solve time = 159.618 ms
time step continuity errors : sum local = 2.7392174473601875e-06, global = -3.18404809497173e-08, cumulative = -6.988427631062685e-07
[mem] after-pEqn: DEVICE_POOL current=19126 MB  actual(reserved)=38146 MB  highWater=24414 MB
[GinkgoSolver] p-cache: reuse(update_matrix_value) solve=39 rebuildInterval=0
Schwarz(Jacobi)+Bicgstab:  Solving for omega, Initial residual = 1.307631582023147e-05, Final residual = 9.003849297630237e-07, No Iterations 2, Solve time = 13.571 ms
bounding omega, min: -46223.479207126045 max: 45355982.677992724 average: 6371.381515907844
[GinkgoSolver] p-cache: reuse(update_matrix_value) solve=39 rebuildInterval=0
Schwarz(Jacobi)+Bicgstab:  Solving for k, Initial residual = 0.00024910320276431036, Final residual = 1.1542866907538326e-05, No Iterations 2, Solve time = 13.578 ms
bounding k, min: -0.023686640689379496 max: 872.2349292837253 average: 9.132369318697014
[mem] after-turb: DEVICE_POOL current=19126 MB  actual(reserved)=38146 MB  highWater=24414 MB
ExecutionTime = 72.98 s  ClockTime = 73 s

Time = 1040
[mem] step-start: DEVICE_POOL current=19126 MB  actual(reserved)=38146 MB  highWater=24414 MB
Schwarz(Jacobi)+Bicgstab:  Solving for Ux, Initial residual = 8.05544087852289e-05, Final residual = 4.200239549438438e-06, No Iterations 3, Solve time = 45.594 ms
Schwarz(Jacobi)+Bicgstab:  Solving for Uy, Initial residual = 0.004354485349610026, Final residual = 0.00013799296139666738, No Iterations 3, Solve time = 45.594 ms
Schwarz(Jacobi)+Bicgstab:  Solving for Uz, Initial residual = 0.0011149155508529904, Final residual = 4.8721735651534525e-05, No Iterations 3, Solve time = 45.594 ms
[mem] after-UEqn: DEVICE_POOL current=19126 MB  actual(reserved)=38146 MB  highWater=24414 MB
[GinkgoSolver] p-cache: reuse(update_matrix_value) solve=40 rebuildInterval=0
config(Cg+Multigrid):  Solving for p, Initial residual = 0.0013037040283830344, Final residual = 9.42071882832079e-06, No Iterations 10, Solve time = 169.766 ms
time step continuity errors : sum local = 2.3632296501172656e-06, global = -2.2519475160182616e-08, cumulative = -7.213622382664512e-07
[mem] after-pEqn: DEVICE_POOL current=19126 MB  actual(reserved)=38146 MB  highWater=24414 MB
[GinkgoSolver] p-cache: reuse(update_matrix_value) solve=40 rebuildInterval=0
Schwarz(Jacobi)+Bicgstab:  Solving for omega, Initial residual = 1.3082493752755493e-05, Final residual = 9.017273335644798e-07, No Iterations 2, Solve time = 13.54 ms
bounding omega, min: -44454.48965771281 max: 45355982.66341886 average: 6371.46900008849
[GinkgoSolver] p-cache: reuse(update_matrix_value) solve=40 rebuildInterval=0
Schwarz(Jacobi)+Bicgstab:  Solving for k, Initial residual = 0.0002494670470955343, Final residual = 1.397815476084363e-05, No Iterations 2, Solve time = 13.597 ms
bounding k, min: -0.15531576860929608 max: 872.1693922292694 average: 9.13256370275993
[mem] after-turb: DEVICE_POOL current=19126 MB  actual(reserved)=38146 MB  highWater=24414 MB
ExecutionTime = 73.76000000000001 s  ClockTime = 74 s

Time = 1041
[mem] step-start: DEVICE_POOL current=19126 MB  actual(reserved)=38146 MB  highWater=24414 MB
Schwarz(Jacobi)+Bicgstab:  Solving for Ux, Initial residual = 8.06224635406837e-05, Final residual = 1.0214105498715504e-05, No Iterations 3, Solve time = 45.537 ms
Schwarz(Jacobi)+Bicgstab:  Solving for Uy, Initial residual = 0.004368802492812223, Final residual = 0.0001382661680991204, No Iterations 3, Solve time = 45.537 ms
Schwarz(Jacobi)+Bicgstab:  Solving for Uz, Initial residual = 0.0011149526391753806, Final residual = 2.6983848395593587e-05, No Iterations 3, Solve time = 45.537 ms
[mem] after-UEqn: DEVICE_POOL current=19126 MB  actual(reserved)=38146 MB  highWater=24414 MB
[GinkgoSolver] p-cache: reuse(update_matrix_value) solve=41 rebuildInterval=0
config(Cg+Multigrid):  Solving for p, Initial residual = 0.0013333097473023927, Final residual = 1.1441994138361114e-05, No Iterations 9, Solve time = 158.617 ms
time step continuity errors : sum local = 2.873226081348341e-06, global = -2.4551747389995574e-08, cumulative = -7.459139856564468e-07
[mem] after-pEqn: DEVICE_POOL current=19126 MB  actual(reserved)=38146 MB  highWater=24414 MB
[GinkgoSolver] p-cache: reuse(update_matrix_value) solve=41 rebuildInterval=0
Schwarz(Jacobi)+Bicgstab:  Solving for omega, Initial residual = 1.3013862898137354e-05, Final residual = 9.219846867138827e-07, No Iterations 2, Solve time = 13.62 ms
bounding omega, min: -44821.404131584124 max: 45355982.64619007 average: 6371.623728600009
[GinkgoSolver] p-cache: reuse(update_matrix_value) solve=41 rebuildInterval=0
Schwarz(Jacobi)+Bicgstab:  Solving for k, Initial residual = 0.00024995633747608485, Final residual = 1.6313842091354663e-05, No Iterations 2, Solve time = 13.598 ms
bounding k, min: -0.2212280929896242 max: 872.1150535946799 average: 9.132883355697068
[mem] after-turb: DEVICE_POOL current=19126 MB  actual(reserved)=38146 MB  highWater=24414 MB
ExecutionTime = 74.54000000000001 s  ClockTime = 75 s

Time = 1042
[mem] step-start: DEVICE_POOL current=19126 MB  actual(reserved)=38146 MB  highWater=24414 MB
Schwarz(Jacobi)+Bicgstab:  Solving for Ux, Initial residual = 8.125573690830931e-05, Final residual = 2.4615080906213173e-06, No Iterations 3, Solve time = 45.717 ms
Schwarz(Jacobi)+Bicgstab:  Solving for Uy, Initial residual = 0.004381579024840413, Final residual = 0.0001415267180076424, No Iterations 3, Solve time = 45.717 ms
Schwarz(Jacobi)+Bicgstab:  Solving for Uz, Initial residual = 0.0011144312212645416, Final residual = 4.297998454697757e-05, No Iterations 3, Solve time = 45.717 ms
[mem] after-UEqn: DEVICE_POOL current=19126 MB  actual(reserved)=38146 MB  highWater=24414 MB
[GinkgoSolver] p-cache: reuse(update_matrix_value) solve=42 rebuildInterval=0
config(Cg+Multigrid):  Solving for p, Initial residual = 0.0013094658944033282, Final residual = 1.0790908555794826e-05, No Iterations 9, Solve time = 159.407 ms
time step continuity errors : sum local = 2.7117428267058977e-06, global = -2.4980471577342548e-08, cumulative = -7.708944572337894e-07
[mem] after-pEqn: DEVICE_POOL current=19126 MB  actual(reserved)=38146 MB  highWater=24414 MB
[GinkgoSolver] p-cache: reuse(update_matrix_value) solve=42 rebuildInterval=0
Schwarz(Jacobi)+Bicgstab:  Solving for omega, Initial residual = 1.3128019641440056e-05, Final residual = 9.212664041245762e-07, No Iterations 2, Solve time = 13.585 ms
bounding omega, min: -233238.54006338067 max: 45355982.63450263 average: 6371.774539217232
[GinkgoSolver] p-cache: reuse(update_matrix_value) solve=42 rebuildInterval=0
Schwarz(Jacobi)+Bicgstab:  Solving for k, Initial residual = 0.00024984829736291917, Final residual = 7.575217914967094e-06, No Iterations 3, Solve time = 16.881 ms
bounding k, min: -1.4915045530402265e-05 max: 872.024125984783 average: 9.132797911303594
[mem] after-turb: DEVICE_POOL current=19126 MB  actual(reserved)=38146 MB  highWater=24414 MB
ExecutionTime = 75.31999999999999 s  ClockTime = 76 s

Time = 1043
[mem] step-start: DEVICE_POOL current=19126 MB  actual(reserved)=38146 MB  highWater=24414 MB
Schwarz(Jacobi)+Bicgstab:  Solving for Ux, Initial residual = 8.102998729207582e-05, Final residual = 4.306635477339375e-06, No Iterations 3, Solve time = 45.623 ms
Schwarz(Jacobi)+Bicgstab:  Solving for Uy, Initial residual = 0.00439121114098353, Final residual = 0.00014490068633921986, No Iterations 3, Solve time = 45.623 ms
Schwarz(Jacobi)+Bicgstab:  Solving for Uz, Initial residual = 0.0011161752139205454, Final residual = 3.7235415259435845e-05, No Iterations 3, Solve time = 45.623 ms
[mem] after-UEqn: DEVICE_POOL current=19126 MB  actual(reserved)=38146 MB  highWater=24414 MB
[GinkgoSolver] p-cache: reuse(update_matrix_value) solve=43 rebuildInterval=0
config(Cg+Multigrid):  Solving for p, Initial residual = 0.0013051074668716809, Final residual = 1.1076005798021257e-05, No Iterations 9, Solve time = 161.381 ms
time step continuity errors : sum local = 2.7849755830972555e-06, global = -2.6762820643677418e-08, cumulative = -7.976572778774668e-07
[mem] after-pEqn: DEVICE_POOL current=19126 MB  actual(reserved)=38146 MB  highWater=24414 MB
[GinkgoSolver] p-cache: reuse(update_matrix_value) solve=43 rebuildInterval=0
Schwarz(Jacobi)+Bicgstab:  Solving for omega, Initial residual = 1.3258337150633367e-05, Final residual = 9.19784499411231e-07, No Iterations 2, Solve time = 13.629 ms
bounding omega, min: -45850.5239121676 max: 45355982.619926944 average: 6371.669772219795
[GinkgoSolver] p-cache: reuse(update_matrix_value) solve=43 rebuildInterval=0
Schwarz(Jacobi)+Bicgstab:  Solving for k, Initial residual = 0.00024819043067426515, Final residual = 1.7428738060307562e-05, No Iterations 2, Solve time = 13.538 ms
bounding k, min: -0.00010370704131359316 max: 871.9007958296952 average: 9.13263809342788
[mem] after-turb: DEVICE_POOL current=19126 MB  actual(reserved)=38146 MB  highWater=24414 MB
ExecutionTime = 76.09999999999999 s  ClockTime = 76 s

Time = 1044
[mem] step-start: DEVICE_POOL current=19126 MB  actual(reserved)=38146 MB  highWater=24414 MB
Schwarz(Jacobi)+Bicgstab:  Solving for Ux, Initial residual = 8.110688242084233e-05, Final residual = 4.675796164989665e-06, No Iterations 2, Solve time = 35.787 ms
Schwarz(Jacobi)+Bicgstab:  Solving for Uy, Initial residual = 0.004399286552240671, Final residual = 0.0004092912339148744, No Iterations 2, Solve time = 35.787 ms
Schwarz(Jacobi)+Bicgstab:  Solving for Uz, Initial residual = 0.001118171153649112, Final residual = 7.5430604071941e-05, No Iterations 2, Solve time = 35.787 ms
[mem] after-UEqn: DEVICE_POOL current=19126 MB  actual(reserved)=38146 MB  highWater=24414 MB
[GinkgoSolver] p-cache: reuse(update_matrix_value) solve=44 rebuildInterval=0
config(Cg+Multigrid):  Solving for p, Initial residual = 0.0013105366828314556, Final residual = 1.132228065801103e-05, No Iterations 9, Solve time = 162.123 ms
time step continuity errors : sum local = 2.8476949452265437e-06, global = -3.377386164352631e-08, cumulative = -8.314311395209931e-07
[mem] after-pEqn: DEVICE_POOL current=19126 MB  actual(reserved)=38146 MB  highWater=24414 MB
[GinkgoSolver] p-cache: reuse(update_matrix_value) solve=44 rebuildInterval=0
Schwarz(Jacobi)+Bicgstab:  Solving for omega, Initial residual = 1.332428773405209e-05, Final residual = 9.181126956727806e-07, No Iterations 2, Solve time = 13.566 ms
bounding omega, min: -46057.738824039545 max: 45355982.60805237 average: 6371.501856502538
[GinkgoSolver] p-cache: reuse(update_matrix_value) solve=44 rebuildInterval=0
Schwarz(Jacobi)+Bicgstab:  Solving for k, Initial residual = 0.00024941639657388845, Final residual = 1.4648780887861434e-05, No Iterations 2, Solve time = 13.541 ms
bounding k, min: -0.00013361851854252463 max: 871.7569322069185 average: 9.132626744438442
[mem] after-turb: DEVICE_POOL current=19126 MB  actual(reserved)=38146 MB  highWater=24414 MB
ExecutionTime = 76.86 s  ClockTime = 77 s

Time = 1045
[mem] step-start: DEVICE_POOL current=19126 MB  actual(reserved)=38146 MB  highWater=24414 MB
Schwarz(Jacobi)+Bicgstab:  Solving for Ux, Initial residual = 8.131625917496317e-05, Final residual = 4.737285054204042e-06, No Iterations 2, Solve time = 35.681 ms
Schwarz(Jacobi)+Bicgstab:  Solving for Uy, Initial residual = 0.004386888127700699, Final residual = 0.000723955647815245, No Iterations 2, Solve time = 35.681 ms
Schwarz(Jacobi)+Bicgstab:  Solving for Uz, Initial residual = 0.001125230170145303, Final residual = 7.448519489082612e-05, No Iterations 2, Solve time = 35.681 ms
[mem] after-UEqn: DEVICE_POOL current=19126 MB  actual(reserved)=38146 MB  highWater=24414 MB
[GinkgoSolver] p-cache: reuse(update_matrix_value) solve=45 rebuildInterval=0
config(Cg+Multigrid):  Solving for p, Initial residual = 0.0013051517749714575, Final residual = 1.250088596668334e-05, No Iterations 9, Solve time = 163.487 ms
time step continuity errors : sum local = 3.1435065291068286e-06, global = -4.033281349860745e-08, cumulative = -8.717639530196005e-07
[mem] after-pEqn: DEVICE_POOL current=19126 MB  actual(reserved)=38146 MB  highWater=24414 MB
[GinkgoSolver] p-cache: reuse(update_matrix_value) solve=45 rebuildInterval=0
Schwarz(Jacobi)+Bicgstab:  Solving for omega, Initial residual = 1.3252485712897682e-05, Final residual = 9.222347508918685e-07, No Iterations 2, Solve time = 13.67 ms
bounding omega, min: -46475.0169180412 max: 45355982.59996771 average: 6371.457958505924
[GinkgoSolver] p-cache: reuse(update_matrix_value) solve=45 rebuildInterval=0
Schwarz(Jacobi)+Bicgstab:  Solving for k, Initial residual = 0.0002499778782083837, Final residual = 1.4299476912224152e-05, No Iterations 2, Solve time = 13.599 ms
bounding k, min: -0.00033870782485948393 max: 871.5921329206244 average: 9.132945161150587
[mem] after-turb: DEVICE_POOL current=19126 MB  actual(reserved)=38146 MB  highWater=24414 MB
ExecutionTime = 77.63 s  ClockTime = 78 s

Time = 1046
[mem] step-start: DEVICE_POOL current=19126 MB  actual(reserved)=38146 MB  highWater=24414 MB
Schwarz(Jacobi)+Bicgstab:  Solving for Ux, Initial residual = 8.12817147553532e-05, Final residual = 4.430592515597276e-06, No Iterations 3, Solve time = 45.775 ms
Schwarz(Jacobi)+Bicgstab:  Solving for Uy, Initial residual = 0.004436864137921251, Final residual = 0.00014353916283705212, No Iterations 3, Solve time = 45.775 ms
Schwarz(Jacobi)+Bicgstab:  Solving for Uz, Initial residual = 0.0011270701209261879, Final residual = 4.583574156770441e-05, No Iterations 3, Solve time = 45.775 ms
[mem] after-UEqn: DEVICE_POOL current=19126 MB  actual(reserved)=38146 MB  highWater=24414 MB
[GinkgoSolver] p-cache: reuse(update_matrix_value) solve=46 rebuildInterval=0
config(Cg+Multigrid):  Solving for p, Initial residual = 0.0013065582393145298, Final residual = 9.411298573818057e-06, No Iterations 15, Solve time = 241.049 ms
time step continuity errors : sum local = 2.3658670049382082e-06, global = -3.992060538778844e-08, cumulative = -9.11684558407389e-07
[mem] after-pEqn: DEVICE_POOL current=19126 MB  actual(reserved)=38146 MB  highWater=24414 MB
[GinkgoSolver] p-cache: reuse(update_matrix_value) solve=46 rebuildInterval=0
Schwarz(Jacobi)+Bicgstab:  Solving for omega, Initial residual = 1.3240067804082184e-05, Final residual = 9.200005801067872e-07, No Iterations 2, Solve time = 13.643 ms
bounding omega, min: -187947.45282951614 max: 45355982.595998704 average: 6371.432559222141
[GinkgoSolver] p-cache: reuse(update_matrix_value) solve=46 rebuildInterval=0
Schwarz(Jacobi)+Bicgstab:  Solving for k, Initial residual = 0.0002506397979590641, Final residual = 1.3993509325837847e-05, No Iterations 2, Solve time = 13.567 ms
bounding k, min: -0.0007541174052834788 max: 871.4086378709038 average: 9.133231545320355
[mem] after-turb: DEVICE_POOL current=19126 MB  actual(reserved)=38146 MB  highWater=24414 MB
ExecutionTime = 78.48999999999999 s  ClockTime = 79 s

Time = 1047
[mem] step-start: DEVICE_POOL current=19126 MB  actual(reserved)=38146 MB  highWater=24414 MB
Schwarz(Jacobi)+Bicgstab:  Solving for Ux, Initial residual = 8.130708327232549e-05, Final residual = 4.867585409877912e-06, No Iterations 3, Solve time = 45.723 ms
Schwarz(Jacobi)+Bicgstab:  Solving for Uy, Initial residual = 0.0044494406831050185, Final residual = 0.00014285926398457978, No Iterations 3, Solve time = 45.723 ms
Schwarz(Jacobi)+Bicgstab:  Solving for Uz, Initial residual = 0.0011269744264955236, Final residual = 4.16036799837249e-05, No Iterations 3, Solve time = 45.723 ms
[mem] after-UEqn: DEVICE_POOL current=19126 MB  actual(reserved)=38146 MB  highWater=24414 MB
[GinkgoSolver] p-cache: reuse(update_matrix_value) solve=47 rebuildInterval=0
config(Cg+Multigrid):  Solving for p, Initial residual = 0.0013125913654835936, Final residual = 1.207302726101863e-05, No Iterations 9, Solve time = 163.397 ms
time step continuity errors : sum local = 3.0240751103962154e-06, global = -5.328406852603075e-08, cumulative = -9.649686269334197e-07
[mem] after-pEqn: DEVICE_POOL current=19126 MB  actual(reserved)=38146 MB  highWater=24414 MB
[GinkgoSolver] p-cache: reuse(update_matrix_value) solve=47 rebuildInterval=0
Schwarz(Jacobi)+Bicgstab:  Solving for omega, Initial residual = 1.3243409042682074e-05, Final residual = 9.17024830390536e-07, No Iterations 2, Solve time = 13.609 ms
bounding omega, min: -47090.97296485696 max: 45355982.59491161 average: 6371.435984184236
[GinkgoSolver] p-cache: reuse(update_matrix_value) solve=47 rebuildInterval=0
Schwarz(Jacobi)+Bicgstab:  Solving for k, Initial residual = 0.00025123438847890787, Final residual = 1.3902111595781959e-05, No Iterations 2, Solve time = 13.533 ms
bounding k, min: -0.0019376430822087287 max: 871.1863223153423 average: 9.133571676332135
[mem] after-turb: DEVICE_POOL current=19126 MB  actual(reserved)=38146 MB  highWater=24414 MB
ExecutionTime = 79.27 s  ClockTime = 80 s

Time = 1048
[mem] step-start: DEVICE_POOL current=19126 MB  actual(reserved)=38146 MB  highWater=24414 MB
Schwarz(Jacobi)+Bicgstab:  Solving for Ux, Initial residual = 8.138248626431062e-05, Final residual = 3.898496660613756e-06, No Iterations 3, Solve time = 45.655 ms
Schwarz(Jacobi)+Bicgstab:  Solving for Uy, Initial residual = 0.004458267370963396, Final residual = 0.0001441774805872018, No Iterations 3, Solve time = 45.655 ms
Schwarz(Jacobi)+Bicgstab:  Solving for Uz, Initial residual = 0.0011276141476176834, Final residual = 4.367015212822604e-05, No Iterations 3, Solve time = 45.655 ms
[mem] after-UEqn: DEVICE_POOL current=19126 MB  actual(reserved)=38146 MB  highWater=24414 MB
[GinkgoSolver] p-cache: reuse(update_matrix_value) solve=48 rebuildInterval=0
config(Cg+Multigrid):  Solving for p, Initial residual = 0.00130877566744617, Final residual = 1.1870482353908245e-05, No Iterations 10, Solve time = 175.626 ms
time step continuity errors : sum local = 2.9712798354783716e-06, global = -6.16629803518434e-08, cumulative = -1.0266316072852632e-06
[mem] after-pEqn: DEVICE_POOL current=19126 MB  actual(reserved)=38146 MB  highWater=24414 MB
[GinkgoSolver] p-cache: reuse(update_matrix_value) solve=48 rebuildInterval=0
Schwarz(Jacobi)+Bicgstab:  Solving for omega, Initial residual = 1.3237253044546546e-05, Final residual = 9.099655255342607e-07, No Iterations 2, Solve time = 13.599 ms
bounding omega, min: -47385.81092964699 max: 45355982.59652486 average: 6371.406363834952
[GinkgoSolver] p-cache: reuse(update_matrix_value) solve=48 rebuildInterval=0
Schwarz(Jacobi)+Bicgstab:  Solving for k, Initial residual = 0.0002516468717482253, Final residual = 1.3874470951289729e-05, No Iterations 2, Solve time = 13.536 ms
bounding k, min: -0.0018017774214644355 max: 870.9606872781632 average: 9.13390460661399
[mem] after-turb: DEVICE_POOL current=19126 MB  actual(reserved)=38146 MB  highWater=24414 MB
ExecutionTime = 80.06 s  ClockTime = 81 s

Time = 1049
[mem] step-start: DEVICE_POOL current=19126 MB  actual(reserved)=38146 MB  highWater=24414 MB
Schwarz(Jacobi)+Bicgstab:  Solving for Ux, Initial residual = 8.137306861221828e-05, Final residual = 4.382567751098888e-06, No Iterations 3, Solve time = 45.587 ms
Schwarz(Jacobi)+Bicgstab:  Solving for Uy, Initial residual = 0.004462133725181397, Final residual = 0.00014724569547646548, No Iterations 3, Solve time = 45.587 ms
Schwarz(Jacobi)+Bicgstab:  Solving for Uz, Initial residual = 0.0011289942921654148, Final residual = 3.3632297244221145e-05, No Iterations 3, Solve time = 45.587 ms
[mem] after-UEqn: DEVICE_POOL current=19126 MB  actual(reserved)=38146 MB  highWater=24414 MB
[GinkgoSolver] p-cache: reuse(update_matrix_value) solve=49 rebuildInterval=0
config(Cg+Multigrid):  Solving for p, Initial residual = 0.001309702662080702, Final residual = 1.2830825038986197e-05, No Iterations 10, Solve time = 172.49 ms
time step continuity errors : sum local = 3.208651891028635e-06, global = -6.845540880321752e-08, cumulative = -1.0950870160884807e-06
[mem] after-pEqn: DEVICE_POOL current=19126 MB  actual(reserved)=38146 MB  highWater=24414 MB
[GinkgoSolver] p-cache: reuse(update_matrix_value) solve=49 rebuildInterval=0
Schwarz(Jacobi)+Bicgstab:  Solving for omega, Initial residual = 1.3236969447533213e-05, Final residual = 9.110334593874034e-07, No Iterations 2, Solve time = 13.597 ms
bounding omega, min: -47594.44736530893 max: 45355982.60047167 average: 6371.402837426834
[GinkgoSolver] p-cache: reuse(update_matrix_value) solve=49 rebuildInterval=0
Schwarz(Jacobi)+Bicgstab:  Solving for k, Initial residual = 0.0002520526972505933, Final residual = 1.3876211389551318e-05, No Iterations 2, Solve time = 13.578 ms
bounding k, min: -0.001687111350617515 max: 870.7240924672387 average: 9.134258095973411
[mem] after-turb: DEVICE_POOL current=19126 MB  actual(reserved)=38146 MB  highWater=24414 MB
ExecutionTime = 80.84 s  ClockTime = 81 s

Time = 1050
[mem] step-start: DEVICE_POOL current=19126 MB  actual(reserved)=38146 MB  highWater=24414 MB
Schwarz(Jacobi)+Bicgstab:  Solving for Ux, Initial residual = 8.143916934779575e-05, Final residual = 4.873268502455424e-06, No Iterations 2, Solve time = 35.759 ms
Schwarz(Jacobi)+Bicgstab:  Solving for Uy, Initial residual = 0.0044631714683257455, Final residual = 0.0006255868316734025, No Iterations 2, Solve time = 35.759 ms
Schwarz(Jacobi)+Bicgstab:  Solving for Uz, Initial residual = 0.0011298818702943718, Final residual = 7.83485036825293e-05, No Iterations 2, Solve time = 35.759 ms
[mem] after-UEqn: DEVICE_POOL current=19126 MB  actual(reserved)=38146 MB  highWater=24414 MB
[GinkgoSolver] p-cache: reuse(update_matrix_value) solve=50 rebuildInterval=0
config(Cg+Multigrid):  Solving for p, Initial residual = 0.0013258875734854117, Final residual = 1.1338812786304182e-05, No Iterations 15, Solve time = 237.54 ms
time step continuity errors : sum local = 2.8336355542645236e-06, global = -3.137291971275689e-08, cumulative = -1.1264599358012374e-06
[mem] after-pEqn: DEVICE_POOL current=19126 MB  actual(reserved)=38146 MB  highWater=24414 MB
[GinkgoSolver] p-cache: reuse(update_matrix_value) solve=50 rebuildInterval=0
Schwarz(Jacobi)+Bicgstab:  Solving for omega, Initial residual = 1.3250048869379958e-05, Final residual = 9.105591359773844e-07, No Iterations 2, Solve time = 13.599 ms
bounding omega, min: -139098.69639877655 max: 45355982.60716542 average: 6371.381097532841
[GinkgoSolver] p-cache: reuse(update_matrix_value) solve=50 rebuildInterval=0
Schwarz(Jacobi)+Bicgstab:  Solving for k, Initial residual = 0.0002526087504459962, Final residual = 1.3959784462263299e-05, No Iterations 2, Solve time = 13.624 ms
bounding k, min: -0.00023714070531614278 max: 870.5071683346521 average: 9.134560989626237
[mem] after-turb: DEVICE_POOL current=19126 MB  actual(reserved)=38146 MB  highWater=24414 MB
Writing p
Writing U
Writing turbulence variables
ExecutionTime = 82.86 s  ClockTime = 85 s

Finalizing NeoN
Finalising parallel run
