/*---------------------------------------------------------------------------*\
| =========                 |                                                 |
| \\      /  F ield         | OpenFOAM: The Open Source CFD Toolbox           |
|  \\    /   O peration     | Version:  2506                                  |
|   \\  /    A nd           | Website:  www.openfoam.com                      |
|    \\/     M anipulation  |                                                 |
\*---------------------------------------------------------------------------*/
Build  : b050cd9480-20250814 OPENFOAM=2506 version=v2506
Arch   : "LSB;label=32;scalar=64"
Exec   : /storage/home/greole/code/NeoFOAM/build/profilingnvidia_h200/bin/neoSimpleFoam -parallel
Date   : Jul 17 2026
Time   : 09:39:12
Host   : gpu-nvidia-h200-3.int.coma-cluster.de
PID    : 201002
I/O    : uncollated
Case   : /storage/home/greole/code/NeoFOAM/occDrivAerStaticMesh
nProcs : 4
Hosts  :
(
    (gpu-nvidia-h200-3.int.coma-cluster.de 4)
)
Pstream initialized with:
    node communication : off [type=host] (4 ranks, 1 nodes)
    topology controls  : none
    consensus exchange : 0 (tuning: 0)
    exchange algorithm : 0
    commsType          : nonBlocking
    polling iterations : 0
trapFpe: Floating point exception trapping enabled (FOAM_SIGFPE).
fileModificationChecking : Monitoring run-time modified files using timeStampMaster (fileModificationSkew 5, maxFileModificationPolls 20)
allowSystemOperations : Allowing user-supplied system call operations

// * * * * * * * * * * * * * * * * * * * * * * * * * * * * * * * * * * * * * //
Create time

Initializing NeoN
Creating Executor GPU
Creating NeoFOAM runTime
GPU-aware MPI: library-available=yes, NeoN-flag=on, executor=GPUExecutor, ranks=4 -> used=yes

SIMPLE: no convergence criteria found. Calculations will run for 50 steps.

Reading field p

Reading field U

Reading/calculating face flux field phi

Selecting incompressible transport model Newtonian
NeoFOAM solver config (from fvSolution configFile) for 'config(Cg+Multigrid)':
{
    cacheSolver: true
    configFile: <NeoN::TokenList>
    l1ScaledResidual: true
    preconditionerRebuildInterval: 0
    relTol: 0.010000
    reportName: config(Cg+Multigrid)
    solver: Ginkgo
    tolerance: 0.000000
}
    effective optimize: false
    effective checkFrequency: 1
Mapping OpenFOAM solver settings to NeoN settings.
Currently, it is advisable to specify a configFile
for fine grained Ginkgo solver control

Replacing solver PBiCGStab by solver::Bicgstab
Replacing preconditioner diagonal by preconditioner::Schwarz (Schwarz-wrapped for distributed run)
NeoFOAM solver config (mapped from fvSolution) for 'Schwarz(Jacobi)+Bicgstab':
{
    cacheSolver: true
    criteria: {
        absolute_residual_norm: 0.000000
        initial_residual_norm: 0.100000
        iteration: 1000
    }
    l1ScaledResidual: true
    optimize: true
    preconditioner: {
        local_solver: {
            max_block_size: 1
            type: preconditioner::Jacobi
        }
        type: preconditioner::Schwarz
    }
    reportName: Schwarz(Jacobi)+Bicgstab
    solver: Ginkgo
    type: solver::Bicgstab
}
    effective optimize: true
    effective checkFrequency: 1
Creating phi

[NF][/storage/home/greole/code/NeoFOAM/include/NeoFOAM/auxiliary/readers.hpp::434]: Internal: 49333487, Boundary: 1754396

[NF][/storage/home/greole/code/NeoFOAM/include/NeoFOAM/auxiliary/readers.hpp::434]: Internal: 49320882, Boundary: 1762558

[NF][/storage/home/greole/code/NeoFOAM/include/NeoFOAM/auxiliary/readers.hpp::434]: Internal: 49261542, Boundary: 1427829

[NF][/storage/home/greole/code/NeoFOAM/include/NeoFOAM/auxiliary/readers.hpp::434]: Internal: 49243125, Boundary: 1362247
Selecting patchDistMethod meshWave
Mapping OpenFOAM solver settings to NeoN settings.
Currently, it is advisable to specify a configFile
for fine grained Ginkgo solver control

Replacing solver PBiCGStab by solver::Bicgstab
Replacing preconditioner diagonal by preconditioner::Schwarz (Schwarz-wrapped for distributed run)
NeoFOAM solver config (mapped from fvSolution) for 'Schwarz(Jacobi)+Bicgstab':
{
    cacheSolver: true
    criteria: {
        absolute_residual_norm: 0.000000
        initial_residual_norm: 0.100000
        iteration: 1000
    }
    l1ScaledResidual: true
    optimize: true
    preconditioner: {
        local_solver: {
            max_block_size: 1
            type: preconditioner::Jacobi
        }
        type: preconditioner::Schwarz
    }
    reportName: Schwarz(Jacobi)+Bicgstab
    solver: Ginkgo
    type: solver::Bicgstab
}
    effective optimize: true
    effective checkFrequency: 1
Mapping OpenFOAM solver settings to NeoN settings.
Currently, it is advisable to specify a configFile
for fine grained Ginkgo solver control

Replacing solver PBiCGStab by solver::Bicgstab
Replacing preconditioner diagonal by preconditioner::Schwarz (Schwarz-wrapped for distributed run)
NeoFOAM solver config (mapped from fvSolution) for 'Schwarz(Jacobi)+Bicgstab':
{
    cacheSolver: true
    criteria: {
        absolute_residual_norm: 0.000000
        initial_residual_norm: 0.100000
        iteration: 1000
    }
    l1ScaledResidual: true
    optimize: true
    preconditioner: {
        local_solver: {
            max_block_size: 1
            type: preconditioner::Jacobi
        }
        type: preconditioner::Schwarz
    }
    reportName: Schwarz(Jacobi)+Bicgstab
    solver: Ginkgo
    type: solver::Bicgstab
}
    effective optimize: true
    effective checkFrequency: 1
[mem] setup.end: DEVICE_POOL current=12979 MB  actual(reserved)=38146 MB  highWater=19132 MB
Starting time loop
Time = 1001
[mem] step-start: DEVICE_POOL current=12979 MB  actual(reserved)=38146 MB  highWater=19132 MB
Schwarz(Jacobi)+Bicgstab:  Solving for Ux, Initial residual = 7.915662809814973e-05, Final residual = 3.1179304544010785e-06, No Iterations 3, Solve time = 67.816 ms
Schwarz(Jacobi)+Bicgstab:  Solving for Uy, Initial residual = 0.004031496934770698, Final residual = 0.0001416085397544053, No Iterations 3, Solve time = 67.816 ms
Schwarz(Jacobi)+Bicgstab:  Solving for Uz, Initial residual = 0.0011224955775289295, Final residual = 4.897542661413735e-05, No Iterations 3, Solve time = 67.816 ms
[mem] after-UEqn: DEVICE_POOL current=15473 MB  actual(reserved)=38146 MB  highWater=20761 MB
[GinkgoSolver] p-cache: rebuild(generate) solve=1 rebuildInterval=0
config(Cg+Multigrid):  Solving for p, Initial residual = 0.0013092181241290755, Final residual = 9.720895907982687e-06, No Iterations 8, Solve time = 149.556 ms
time step continuity errors : sum local = 2.4548493305032297e-06, global = 3.56668847112954e-08, cumulative = 3.56668847112954e-08
[mem] after-pEqn: DEVICE_POOL current=16941 MB  actual(reserved)=38146 MB  highWater=20761 MB
[GinkgoSolver] p-cache: rebuild(generate) solve=1 rebuildInterval=0
Schwarz(Jacobi)+Bicgstab:  Solving for omega, Initial residual = 1.300843379448867e-05, Final residual = 9.269078763352455e-07, No Iterations 2, Solve time = 16.163 ms
bounding omega, min: -36013.5100404208 max: 45355982.77769652 average: 6373.865757675308
[GinkgoSolver] p-cache: rebuild(generate) solve=1 rebuildInterval=0
Schwarz(Jacobi)+Bicgstab:  Solving for k, Initial residual = 0.00024224216456647662, Final residual = 9.44928285027226e-06, No Iterations 3, Solve time = 19.202 ms
bounding k, min: -2.3951856459091715e-05 max: 942.8719049382782 average: 9.152757892310648
[mem] after-turb: DEVICE_POOL current=19126 MB  actual(reserved)=38146 MB  highWater=21935 MB
ExecutionTime = 43.69 s  ClockTime = 44 s

Time = 1002
[mem] step-start: DEVICE_POOL current=19126 MB  actual(reserved)=38146 MB  highWater=21935 MB
Schwarz(Jacobi)+Bicgstab:  Solving for Ux, Initial residual = 7.875338169416444e-05, Final residual = 2.9917826960486093e-06, No Iterations 3, Solve time = 45.563 ms
Schwarz(Jacobi)+Bicgstab:  Solving for Uy, Initial residual = 0.004033762220857681, Final residual = 0.00014055488230889964, No Iterations 3, Solve time = 45.563 ms
Schwarz(Jacobi)+Bicgstab:  Solving for Uz, Initial residual = 0.0011190379643756395, Final residual = 4.111599062884159e-05, No Iterations 3, Solve time = 45.563 ms
[mem] after-UEqn: DEVICE_POOL current=19126 MB  actual(reserved)=38146 MB  highWater=24414 MB
[GinkgoSolver] p-cache: reuse(update_matrix_value) solve=2 rebuildInterval=0
config(Cg+Multigrid):  Solving for p, Initial residual = 0.0012770969531028548, Final residual = 1.0122567362779436e-05, No Iterations 8, Solve time = 164.693 ms
time step continuity errors : sum local = 2.5586980571151683e-06, global = 2.400268845834974e-08, cumulative = 5.966957316964514e-08
[mem] after-pEqn: DEVICE_POOL current=19126 MB  actual(reserved)=38146 MB  highWater=24414 MB
[GinkgoSolver] p-cache: reuse(update_matrix_value) solve=2 rebuildInterval=0
Schwarz(Jacobi)+Bicgstab:  Solving for omega, Initial residual = 1.3119263774144992e-05, Final residual = 8.756233688473953e-07, No Iterations 2, Solve time = 13.624 ms
bounding omega, min: -93108.21336371476 max: 45355982.852388315 average: 6373.581719762746
[GinkgoSolver] p-cache: reuse(update_matrix_value) solve=2 rebuildInterval=0
Schwarz(Jacobi)+Bicgstab:  Solving for k, Initial residual = 0.00024149289469957387, Final residual = 1.1411539325147323e-05, No Iterations 2, Solve time = 13.565 ms
bounding k, min: -0.0002942379623423604 max: 934.4190543253027 average: 9.152491608741954
[mem] after-turb: DEVICE_POOL current=19126 MB  actual(reserved)=38146 MB  highWater=24414 MB
ExecutionTime = 44.46 s  ClockTime = 45 s

Time = 1003
[mem] step-start: DEVICE_POOL current=19126 MB  actual(reserved)=38146 MB  highWater=24414 MB
Schwarz(Jacobi)+Bicgstab:  Solving for Ux, Initial residual = 7.85822952845879e-05, Final residual = 2.4113881824915307e-06, No Iterations 3, Solve time = 45.62 ms
Schwarz(Jacobi)+Bicgstab:  Solving for Uy, Initial residual = 0.004030629178254883, Final residual = 0.00013669729362901045, No Iterations 3, Solve time = 45.62 ms
Schwarz(Jacobi)+Bicgstab:  Solving for Uz, Initial residual = 0.0011175805979875073, Final residual = 3.912403112548409e-05, No Iterations 3, Solve time = 45.62 ms
[mem] after-UEqn: DEVICE_POOL current=19126 MB  actual(reserved)=38146 MB  highWater=24414 MB
[GinkgoSolver] p-cache: reuse(update_matrix_value) solve=3 rebuildInterval=0
config(Cg+Multigrid):  Solving for p, Initial residual = 0.001267913175937031, Final residual = 1.0539325553454642e-05, No Iterations 8, Solve time = 163.193 ms
time step continuity errors : sum local = 2.664405110599562e-06, global = 1.0504537348788557e-08, cumulative = 7.01741105184337e-08
[mem] after-pEqn: DEVICE_POOL current=19126 MB  actual(reserved)=38146 MB  highWater=24414 MB
[GinkgoSolver] p-cache: reuse(update_matrix_value) solve=3 rebuildInterval=0
Schwarz(Jacobi)+Bicgstab:  Solving for omega, Initial residual = 1.2975594111766133e-05, Final residual = 8.494816451462953e-07, No Iterations 2, Solve time = 13.654 ms
bounding omega, min: -36255.76752338085 max: 45355982.94162809 average: 6373.454766796729
[GinkgoSolver] p-cache: reuse(update_matrix_value) solve=3 rebuildInterval=0
Schwarz(Jacobi)+Bicgstab:  Solving for k, Initial residual = 0.00024127625313414677, Final residual = 1.3115768522463193e-05, No Iterations 2, Solve time = 13.658 ms
bounding k, min: -0.0006924099085059265 max: 922.3420791279419 average: 9.152318659203074
[mem] after-turb: DEVICE_POOL current=19126 MB  actual(reserved)=38146 MB  highWater=24414 MB
ExecutionTime = 45.25 s  ClockTime = 46 s

Time = 1004
[mem] step-start: DEVICE_POOL current=19126 MB  actual(reserved)=38146 MB  highWater=24414 MB
Schwarz(Jacobi)+Bicgstab:  Solving for Ux, Initial residual = 7.847671349106732e-05, Final residual = 2.0508606332572083e-06, No Iterations 3, Solve time = 45.705 ms
Schwarz(Jacobi)+Bicgstab:  Solving for Uy, Initial residual = 0.004025376131711384, Final residual = 0.00013313289397796097, No Iterations 3, Solve time = 45.705 ms
Schwarz(Jacobi)+Bicgstab:  Solving for Uz, Initial residual = 0.0011172344390233547, Final residual = 4.1201139528826014e-05, No Iterations 3, Solve time = 45.705 ms
[mem] after-UEqn: DEVICE_POOL current=19126 MB  actual(reserved)=38146 MB  highWater=24414 MB
[GinkgoSolver] p-cache: reuse(update_matrix_value) solve=4 rebuildInterval=0
config(Cg+Multigrid):  Solving for p, Initial residual = 0.0012661319154859438, Final residual = 1.0848250480342612e-05, No Iterations 8, Solve time = 165.188 ms
time step continuity errors : sum local = 2.7417458807872933e-06, global = -1.5860968092241488e-09, cumulative = 6.858801370920954e-08
[mem] after-pEqn: DEVICE_POOL current=19126 MB  actual(reserved)=38146 MB  highWater=24414 MB
[GinkgoSolver] p-cache: reuse(update_matrix_value) solve=4 rebuildInterval=0
Schwarz(Jacobi)+Bicgstab:  Solving for omega, Initial residual = 1.2864369463312745e-05, Final residual = 8.407336273405142e-07, No Iterations 2, Solve time = 13.624 ms
bounding omega, min: -34561.75667068938 max: 45355983.02985521 average: 6373.601802553236
[GinkgoSolver] p-cache: reuse(update_matrix_value) solve=4 rebuildInterval=0
Schwarz(Jacobi)+Bicgstab:  Solving for k, Initial residual = 0.00024123917933058424, Final residual = 1.3713562347849614e-05, No Iterations 2, Solve time = 13.741 ms
bounding k, min: -0.0053878596524501166 max: 907.6329110024476 average: 9.152104070742096
[mem] after-turb: DEVICE_POOL current=19126 MB  actual(reserved)=38146 MB  highWater=24414 MB
ExecutionTime = 46.03 s  ClockTime = 47 s

Time = 1005
[mem] step-start: DEVICE_POOL current=19126 MB  actual(reserved)=38146 MB  highWater=24414 MB
Schwarz(Jacobi)+Bicgstab:  Solving for Ux, Initial residual = 7.83625477901642e-05, Final residual = 3.8724756133019056e-06, No Iterations 2, Solve time = 35.635 ms
Schwarz(Jacobi)+Bicgstab:  Solving for Uy, Initial residual = 0.004019758965064644, Final residual = 0.00024969952628671016, No Iterations 2, Solve time = 35.635 ms
Schwarz(Jacobi)+Bicgstab:  Solving for Uz, Initial residual = 0.0011174590490345459, Final residual = 6.371251087806587e-05, No Iterations 2, Solve time = 35.635 ms
[mem] after-UEqn: DEVICE_POOL current=19126 MB  actual(reserved)=38146 MB  highWater=24414 MB
[GinkgoSolver] p-cache: reuse(update_matrix_value) solve=5 rebuildInterval=0
config(Cg+Multigrid):  Solving for p, Initial residual = 0.0012727623908600826, Final residual = 1.1183218373774592e-05, No Iterations 8, Solve time = 163.005 ms
time step continuity errors : sum local = 2.824923370517204e-06, global = -1.1821037319638068e-08, cumulative = 5.6766976389571476e-08
[mem] after-pEqn: DEVICE_POOL current=19126 MB  actual(reserved)=38146 MB  highWater=24414 MB
[GinkgoSolver] p-cache: reuse(update_matrix_value) solve=5 rebuildInterval=0
Schwarz(Jacobi)+Bicgstab:  Solving for omega, Initial residual = 1.2846739884148576e-05, Final residual = 8.456309690488334e-07, No Iterations 2, Solve time = 13.588 ms
bounding omega, min: -35441.11641120344 max: 45355983.10062213 average: 6373.77209041261
[GinkgoSolver] p-cache: reuse(update_matrix_value) solve=5 rebuildInterval=0
Schwarz(Jacobi)+Bicgstab:  Solving for k, Initial residual = 0.00024164473600685654, Final residual = 1.3722967818220402e-05, No Iterations 2, Solve time = 13.579 ms
bounding k, min: -0.0023091494882142433 max: 900.3906931951129 average: 9.151934067797367
[mem] after-turb: DEVICE_POOL current=19126 MB  actual(reserved)=38146 MB  highWater=24414 MB
ExecutionTime = 46.81 s  ClockTime = 47 s

Time = 1006
[mem] step-start: DEVICE_POOL current=19126 MB  actual(reserved)=38146 MB  highWater=24414 MB
Schwarz(Jacobi)+Bicgstab:  Solving for Ux, Initial residual = 7.845026278406016e-05, Final residual = 2.462798381072839e-06, No Iterations 3, Solve time = 45.49 ms
Schwarz(Jacobi)+Bicgstab:  Solving for Uy, Initial residual = 0.004011574240261894, Final residual = 0.0001534442369030273, No Iterations 3, Solve time = 45.49 ms
Schwarz(Jacobi)+Bicgstab:  Solving for Uz, Initial residual = 0.0011190937214156068, Final residual = 6.156033141314442e-05, No Iterations 3, Solve time = 45.49 ms
[mem] after-UEqn: DEVICE_POOL current=19126 MB  actual(reserved)=38146 MB  highWater=24414 MB
[GinkgoSolver] p-cache: reuse(update_matrix_value) solve=6 rebuildInterval=0
config(Cg+Multigrid):  Solving for p, Initial residual = 0.0012711732701534229, Final residual = 1.1451564646883382e-05, No Iterations 8, Solve time = 161.805 ms
time step continuity errors : sum local = 2.89103181690293e-06, global = -2.0772252897795986e-08, cumulative = 3.599472349177549e-08
[mem] after-pEqn: DEVICE_POOL current=19126 MB  actual(reserved)=38146 MB  highWater=24414 MB
[GinkgoSolver] p-cache: reuse(update_matrix_value) solve=6 rebuildInterval=0
Schwarz(Jacobi)+Bicgstab:  Solving for omega, Initial residual = 1.2809499564814241e-05, Final residual = 8.40844375112419e-07, No Iterations 2, Solve time = 13.638 ms
bounding omega, min: -128806.40094623544 max: 45355983.13914162 average: 6373.928553966034
[GinkgoSolver] p-cache: reuse(update_matrix_value) solve=6 rebuildInterval=0
Schwarz(Jacobi)+Bicgstab:  Solving for k, Initial residual = 0.00024171186921624017, Final residual = 1.349331915531563e-05, No Iterations 2, Solve time = 13.575 ms
bounding k, min: -0.0023543845493970705 max: 894.5924001129875 average: 9.151720640018967
[mem] after-turb: DEVICE_POOL current=19126 MB  actual(reserved)=38146 MB  highWater=24414 MB
ExecutionTime = 47.58 s  ClockTime = 48 s

Time = 1007
[mem] step-start: DEVICE_POOL current=19126 MB  actual(reserved)=38146 MB  highWater=24414 MB
Schwarz(Jacobi)+Bicgstab:  Solving for Ux, Initial residual = 7.838851031453748e-05, Final residual = 4.254692522273377e-06, No Iterations 2, Solve time = 35.701 ms
Schwarz(Jacobi)+Bicgstab:  Solving for Uy, Initial residual = 0.0040088877509402675, Final residual = 0.0004876026429840934, No Iterations 2, Solve time = 35.701 ms
Schwarz(Jacobi)+Bicgstab:  Solving for Uz, Initial residual = 0.0011199715750948673, Final residual = 7.051801216699265e-05, No Iterations 2, Solve time = 35.701 ms
[mem] after-UEqn: DEVICE_POOL current=19126 MB  actual(reserved)=38146 MB  highWater=24414 MB
[GinkgoSolver] p-cache: reuse(update_matrix_value) solve=7 rebuildInterval=0
config(Cg+Multigrid):  Solving for p, Initial residual = 0.0012846814304025946, Final residual = 1.2092351521380787e-05, No Iterations 8, Solve time = 163.464 ms
time step continuity errors : sum local = 3.0509421491353696e-06, global = -2.8358391035909668e-08, cumulative = 7.636332455865823e-09
[mem] after-pEqn: DEVICE_POOL current=19126 MB  actual(reserved)=38146 MB  highWater=24414 MB
[GinkgoSolver] p-cache: reuse(update_matrix_value) solve=7 rebuildInterval=0
Schwarz(Jacobi)+Bicgstab:  Solving for omega, Initial residual = 1.2811260765970359e-05, Final residual = 8.374869184944743e-07, No Iterations 2, Solve time = 13.569 ms
bounding omega, min: -32991.59592075634 max: 45355983.13316405 average: 6374.068717282535
[GinkgoSolver] p-cache: reuse(update_matrix_value) solve=7 rebuildInterval=0
Schwarz(Jacobi)+Bicgstab:  Solving for k, Initial residual = 0.00024219828675798623, Final residual = 1.341770103429664e-05, No Iterations 2, Solve time = 13.636 ms
bounding k, min: -0.0009467092298565995 max: 892.9548000123017 average: 9.151422858340645
[mem] after-turb: DEVICE_POOL current=19126 MB  actual(reserved)=38146 MB  highWater=24414 MB
ExecutionTime = 48.35 s  ClockTime = 49 s

Time = 1008
[mem] step-start: DEVICE_POOL current=19126 MB  actual(reserved)=38146 MB  highWater=24414 MB
Schwarz(Jacobi)+Bicgstab:  Solving for Ux, Initial residual = 7.856878164658124e-05, Final residual = 4.281512356991433e-06, No Iterations 2, Solve time = 35.735 ms
Schwarz(Jacobi)+Bicgstab:  Solving for Uy, Initial residual = 0.0039878685298141425, Final residual = 0.0007320688633524621, No Iterations 2, Solve time = 35.735 ms
Schwarz(Jacobi)+Bicgstab:  Solving for Uz, Initial residual = 0.001122901468137289, Final residual = 6.391188754364056e-05, No Iterations 2, Solve time = 35.735 ms
[mem] after-UEqn: DEVICE_POOL current=19126 MB  actual(reserved)=38146 MB  highWater=24414 MB
[GinkgoSolver] p-cache: reuse(update_matrix_value) solve=8 rebuildInterval=0
config(Cg+Multigrid):  Solving for p, Initial residual = 0.001280736963662168, Final residual = 1.225999861363491e-05, No Iterations 8, Solve time = 159.503 ms
time step continuity errors : sum local = 3.091816593671688e-06, global = -3.606050542698876e-08, cumulative = -2.8424172971122935e-08
[mem] after-pEqn: DEVICE_POOL current=19126 MB  actual(reserved)=38146 MB  highWater=24414 MB
[GinkgoSolver] p-cache: reuse(update_matrix_value) solve=8 rebuildInterval=0
Schwarz(Jacobi)+Bicgstab:  Solving for omega, Initial residual = 1.278146248845662e-05, Final residual = 8.354209267561168e-07, No Iterations 2, Solve time = 13.603 ms
bounding omega, min: -37483.25240249456 max: 45355983.06552996 average: 6374.181169917058
[GinkgoSolver] p-cache: reuse(update_matrix_value) solve=8 rebuildInterval=0
Schwarz(Jacobi)+Bicgstab:  Solving for k, Initial residual = 0.0002421125046092006, Final residual = 1.3453962325751595e-05, No Iterations 2, Solve time = 13.614 ms
bounding k, min: -0.0008810984376795526 max: 891.5519793993395 average: 9.151233548183713
[mem] after-turb: DEVICE_POOL current=19126 MB  actual(reserved)=38146 MB  highWater=24414 MB
ExecutionTime = 49.12 s  ClockTime = 50 s

Time = 1009
[mem] step-start: DEVICE_POOL current=19126 MB  actual(reserved)=38146 MB  highWater=24414 MB
Schwarz(Jacobi)+Bicgstab:  Solving for Ux, Initial residual = 7.842291908859182e-05, Final residual = 2.599154811630304e-06, No Iterations 3, Solve time = 45.57 ms
Schwarz(Jacobi)+Bicgstab:  Solving for Uy, Initial residual = 0.004038135171330952, Final residual = 0.00013471464360119596, No Iterations 3, Solve time = 45.57 ms
Schwarz(Jacobi)+Bicgstab:  Solving for Uz, Initial residual = 0.0011164167906620554, Final residual = 0.00012472131022210368, No Iterations 3, Solve time = 45.57 ms
[mem] after-UEqn: DEVICE_POOL current=19126 MB  actual(reserved)=38146 MB  highWater=24414 MB
[GinkgoSolver] p-cache: reuse(update_matrix_value) solve=9 rebuildInterval=0
config(Cg+Multigrid):  Solving for p, Initial residual = 0.0012932302462042855, Final residual = 1.2480733325411043e-05, No Iterations 9, Solve time = 178.946 ms
time step continuity errors : sum local = 3.1455365870575305e-06, global = -3.877059246382645e-08, cumulative = -6.719476543494939e-08
[mem] after-pEqn: DEVICE_POOL current=19126 MB  actual(reserved)=38146 MB  highWater=24414 MB
[GinkgoSolver] p-cache: reuse(update_matrix_value) solve=9 rebuildInterval=0
Schwarz(Jacobi)+Bicgstab:  Solving for omega, Initial residual = 1.2746617906381118e-05, Final residual = 8.34360728531547e-07, No Iterations 2, Solve time = 13.595 ms
bounding omega, min: -38461.25633561493 max: 45355982.89094788 average: 6374.221498149594
[GinkgoSolver] p-cache: reuse(update_matrix_value) solve=9 rebuildInterval=0
Schwarz(Jacobi)+Bicgstab:  Solving for k, Initial residual = 0.00024222349529899077, Final residual = 1.3346638456482382e-05, No Iterations 2, Solve time = 13.583 ms
bounding k, min: -0.0014951104573628984 max: 892.0468806353898 average: 9.150635504582173
[mem] after-turb: DEVICE_POOL current=19126 MB  actual(reserved)=38146 MB  highWater=24414 MB
ExecutionTime = 49.91 s  ClockTime = 51 s

Time = 1010
[mem] step-start: DEVICE_POOL current=19126 MB  actual(reserved)=38146 MB  highWater=24414 MB
Schwarz(Jacobi)+Bicgstab:  Solving for Ux, Initial residual = 7.836534251580683e-05, Final residual = 2.8544836197181894e-06, No Iterations 3, Solve time = 45.713 ms
Schwarz(Jacobi)+Bicgstab:  Solving for Uy, Initial residual = 0.004061532862269677, Final residual = 0.00013564556741493117, No Iterations 3, Solve time = 45.713 ms
Schwarz(Jacobi)+Bicgstab:  Solving for Uz, Initial residual = 0.0010998088878151622, Final residual = 4.438215056108515e-05, No Iterations 3, Solve time = 45.713 ms
[mem] after-UEqn: DEVICE_POOL current=19126 MB  actual(reserved)=38146 MB  highWater=24414 MB
[GinkgoSolver] p-cache: reuse(update_matrix_value) solve=10 rebuildInterval=0
config(Cg+Multigrid):  Solving for p, Initial residual = 0.0012748323521387282, Final residual = 1.2602236035070769e-05, No Iterations 8, Solve time = 162.839 ms
time step continuity errors : sum local = 3.1737572013906483e-06, global = -4.263083990294388e-08, cumulative = -1.0982560533789326e-07
[mem] after-pEqn: DEVICE_POOL current=19126 MB  actual(reserved)=38146 MB  highWater=24414 MB
[GinkgoSolver] p-cache: reuse(update_matrix_value) solve=10 rebuildInterval=0
Schwarz(Jacobi)+Bicgstab:  Solving for omega, Initial residual = 1.2724820897907586e-05, Final residual = 8.3322980894301e-07, No Iterations 2, Solve time = 13.646 ms
bounding omega, min: -166887.05174297828 max: 45355982.66275036 average: 6374.196128640704
[GinkgoSolver] p-cache: reuse(update_matrix_value) solve=10 rebuildInterval=0
Schwarz(Jacobi)+Bicgstab:  Solving for k, Initial residual = 0.00024225154195627187, Final residual = 1.3162017808570116e-05, No Iterations 2, Solve time = 13.689 ms
bounding k, min: -0.0019038859986514334 max: 892.1389598850911 average: 9.150004373812061
[mem] after-turb: DEVICE_POOL current=19126 MB  actual(reserved)=38146 MB  highWater=24414 MB
ExecutionTime = 50.69 s  ClockTime = 51 s

Time = 1011
[mem] step-start: DEVICE_POOL current=19126 MB  actual(reserved)=38146 MB  highWater=24414 MB
Schwarz(Jacobi)+Bicgstab:  Solving for Ux, Initial residual = 7.831657316521889e-05, Final residual = 3.2973980952229657e-06, No Iterations 3, Solve time = 45.748 ms
Schwarz(Jacobi)+Bicgstab:  Solving for Uy, Initial residual = 0.0040743607485620136, Final residual = 0.000137376809165713, No Iterations 3, Solve time = 45.748 ms
Schwarz(Jacobi)+Bicgstab:  Solving for Uz, Initial residual = 0.0010931934912831727, Final residual = 4.114832781342773e-05, No Iterations 3, Solve time = 45.748 ms
[mem] after-UEqn: DEVICE_POOL current=19126 MB  actual(reserved)=38146 MB  highWater=24414 MB
[GinkgoSolver] p-cache: reuse(update_matrix_value) solve=11 rebuildInterval=0
config(Cg+Multigrid):  Solving for p, Initial residual = 0.0012700079174856908, Final residual = 1.259500162107182e-05, No Iterations 12, Solve time = 228.008 ms
time step continuity errors : sum local = 3.1697687256563634e-06, global = -3.380242431308085e-08, cumulative = -1.4362802965097412e-07
[mem] after-pEqn: DEVICE_POOL current=19126 MB  actual(reserved)=38146 MB  highWater=24414 MB
[GinkgoSolver] p-cache: reuse(update_matrix_value) solve=11 rebuildInterval=0
Schwarz(Jacobi)+Bicgstab:  Solving for omega, Initial residual = 1.2710457313067174e-05, Final residual = 8.28679263842721e-07, No Iterations 2, Solve time = 13.57 ms
bounding omega, min: -39007.07599432123 max: 45355982.66401288 average: 6374.13824408197
[GinkgoSolver] p-cache: reuse(update_matrix_value) solve=11 rebuildInterval=0
Schwarz(Jacobi)+Bicgstab:  Solving for k, Initial residual = 0.0002422749029598851, Final residual = 1.2665542671184992e-05, No Iterations 2, Solve time = 13.634 ms
bounding k, min: -0.0005370392885653344 max: 892.8395457906921 average: 9.149297997150954
[mem] after-turb: DEVICE_POOL current=19126 MB  actual(reserved)=38146 MB  highWater=24414 MB
ExecutionTime = 51.53 s  ClockTime = 52 s

Time = 1012
[mem] step-start: DEVICE_POOL current=19126 MB  actual(reserved)=38146 MB  highWater=24414 MB
Schwarz(Jacobi)+Bicgstab:  Solving for Ux, Initial residual = 7.833084190197213e-05, Final residual = 4.2375460975686415e-06, No Iterations 2, Solve time = 35.794 ms
Schwarz(Jacobi)+Bicgstab:  Solving for Uy, Initial residual = 0.004076714808095181, Final residual = 0.00046933797731906656, No Iterations 2, Solve time = 35.794 ms
Schwarz(Jacobi)+Bicgstab:  Solving for Uz, Initial residual = 0.001090966500748829, Final residual = 6.254564341941359e-05, No Iterations 2, Solve time = 35.794 ms
[mem] after-UEqn: DEVICE_POOL current=19126 MB  actual(reserved)=38146 MB  highWater=24414 MB
[GinkgoSolver] p-cache: reuse(update_matrix_value) solve=12 rebuildInterval=0
config(Cg+Multigrid):  Solving for p, Initial residual = 0.0012871925820945236, Final residual = 1.0956840932325519e-05, No Iterations 8, Solve time = 162.917 ms
time step continuity errors : sum local = 2.752325023986293e-06, global = -3.851474846012611e-08, cumulative = -1.821427781111002e-07
[mem] after-pEqn: DEVICE_POOL current=19126 MB  actual(reserved)=38146 MB  highWater=24414 MB
[GinkgoSolver] p-cache: reuse(update_matrix_value) solve=12 rebuildInterval=0
Schwarz(Jacobi)+Bicgstab:  Solving for omega, Initial residual = 1.272307544995708e-05, Final residual = 8.318744358950143e-07, No Iterations 2, Solve time = 13.584 ms
bounding omega, min: -37891.08663942912 max: 45355982.70948812 average: 6373.956967410601
[GinkgoSolver] p-cache: reuse(update_matrix_value) solve=12 rebuildInterval=0
Schwarz(Jacobi)+Bicgstab:  Solving for k, Initial residual = 0.00024259615778893034, Final residual = 1.2375220926183386e-05, No Iterations 2, Solve time = 13.533 ms
bounding k, min: -0.00015724102849686526 max: 892.9549363401477 average: 9.148477229491697
[mem] after-turb: DEVICE_POOL current=19126 MB  actual(reserved)=38146 MB  highWater=24414 MB
ExecutionTime = 52.3 s  ClockTime = 53 s

Time = 1013
[mem] step-start: DEVICE_POOL current=19126 MB  actual(reserved)=38146 MB  highWater=24414 MB
Schwarz(Jacobi)+Bicgstab:  Solving for Ux, Initial residual = 7.855959712746048e-05, Final residual = 2.921315293399246e-06, No Iterations 3, Solve time = 45.624 ms
Schwarz(Jacobi)+Bicgstab:  Solving for Uy, Initial residual = 0.004049125729652635, Final residual = 0.00015289721498942826, No Iterations 3, Solve time = 45.624 ms
Schwarz(Jacobi)+Bicgstab:  Solving for Uz, Initial residual = 0.0010938986680826379, Final residual = 6.217636082154789e-05, No Iterations 3, Solve time = 45.624 ms
[mem] after-UEqn: DEVICE_POOL current=19126 MB  actual(reserved)=38146 MB  highWater=24414 MB
[GinkgoSolver] p-cache: reuse(update_matrix_value) solve=13 rebuildInterval=0
config(Cg+Multigrid):  Solving for p, Initial residual = 0.0012833710225033546, Final residual = 1.1029615620298668e-05, No Iterations 8, Solve time = 160.571 ms
time step continuity errors : sum local = 2.76890222508954e-06, global = -3.560939616959975e-08, cumulative = -2.1775217428069997e-07
[mem] after-pEqn: DEVICE_POOL current=19126 MB  actual(reserved)=38146 MB  highWater=24414 MB
[GinkgoSolver] p-cache: reuse(update_matrix_value) solve=13 rebuildInterval=0
Schwarz(Jacobi)+Bicgstab:  Solving for omega, Initial residual = 1.2711219500342116e-05, Final residual = 8.349171314962665e-07, No Iterations 2, Solve time = 13.649 ms
bounding omega, min: -47635.06873272275 max: 45355982.76595948 average: 6373.759856718441
[GinkgoSolver] p-cache: reuse(update_matrix_value) solve=13 rebuildInterval=0
Schwarz(Jacobi)+Bicgstab:  Solving for k, Initial residual = 0.00024245524126435155, Final residual = 1.2198990356498741e-05, No Iterations 2, Solve time = 13.601 ms
bounding k, min: -0.001678272187264386 max: 893.1451113851526 average: 9.147628855193137
[mem] after-turb: DEVICE_POOL current=19126 MB  actual(reserved)=38146 MB  highWater=24414 MB
ExecutionTime = 53.08 s  ClockTime = 54 s

Time = 1014
[mem] step-start: DEVICE_POOL current=19126 MB  actual(reserved)=38146 MB  highWater=24414 MB
Schwarz(Jacobi)+Bicgstab:  Solving for Ux, Initial residual = 7.854555915481226e-05, Final residual = 3.506732065672932e-06, No Iterations 3, Solve time = 45.691 ms
Schwarz(Jacobi)+Bicgstab:  Solving for Uy, Initial residual = 0.004036425315624714, Final residual = 0.0001466960029438683, No Iterations 3, Solve time = 45.691 ms
Schwarz(Jacobi)+Bicgstab:  Solving for Uz, Initial residual = 0.001098289644843726, Final residual = 5.54635248936837e-05, No Iterations 3, Solve time = 45.691 ms
[mem] after-UEqn: DEVICE_POOL current=19126 MB  actual(reserved)=38146 MB  highWater=24414 MB
[GinkgoSolver] p-cache: reuse(update_matrix_value) solve=14 rebuildInterval=0
config(Cg+Multigrid):  Solving for p, Initial residual = 0.001281387358036533, Final residual = 1.1171246211549313e-05, No Iterations 8, Solve time = 161.665 ms
time step continuity errors : sum local = 2.802598716166175e-06, global = -3.0913503029088824e-08, cumulative = -2.486656773097888e-07
[mem] after-pEqn: DEVICE_POOL current=19126 MB  actual(reserved)=38146 MB  highWater=24414 MB
[GinkgoSolver] p-cache: reuse(update_matrix_value) solve=14 rebuildInterval=0
Schwarz(Jacobi)+Bicgstab:  Solving for omega, Initial residual = 1.270935554021252e-05, Final residual = 8.365940722268961e-07, No Iterations 2, Solve time = 13.599 ms
bounding omega, min: -273977.3469873051 max: 45355982.798448116 average: 6373.52078817483
[GinkgoSolver] p-cache: reuse(update_matrix_value) solve=14 rebuildInterval=0
Schwarz(Jacobi)+Bicgstab:  Solving for k, Initial residual = 0.00024245704374540111, Final residual = 1.210535737044126e-05, No Iterations 2, Solve time = 13.643 ms
bounding k, min: -0.00201567865220581 max: 892.7835332747659 average: 9.146754312276045
[mem] after-turb: DEVICE_POOL current=19126 MB  actual(reserved)=38146 MB  highWater=24414 MB
ExecutionTime = 53.85 s  ClockTime = 54 s

Time = 1015
[mem] step-start: DEVICE_POOL current=19126 MB  actual(reserved)=38146 MB  highWater=24414 MB
Schwarz(Jacobi)+Bicgstab:  Solving for Ux, Initial residual = 7.855839921114353e-05, Final residual = 3.843625306290847e-06, No Iterations 3, Solve time = 45.562 ms
Schwarz(Jacobi)+Bicgstab:  Solving for Uy, Initial residual = 0.0040349271608838885, Final residual = 0.00014054533958443024, No Iterations 3, Solve time = 45.562 ms
Schwarz(Jacobi)+Bicgstab:  Solving for Uz, Initial residual = 0.001100463596919287, Final residual = 6.623463773653193e-05, No Iterations 3, Solve time = 45.562 ms
[mem] after-UEqn: DEVICE_POOL current=19126 MB  actual(reserved)=38146 MB  highWater=24414 MB
[GinkgoSolver] p-cache: reuse(update_matrix_value) solve=15 rebuildInterval=0
config(Cg+Multigrid):  Solving for p, Initial residual = 0.0012812013867618262, Final residual = 1.1507282410903789e-05, No Iterations 8, Solve time = 161.556 ms
time step continuity errors : sum local = 2.88508884645307e-06, global = -2.5311206033302183e-08, cumulative = -2.73976883343091e-07
[mem] after-pEqn: DEVICE_POOL current=19126 MB  actual(reserved)=38146 MB  highWater=24414 MB
[GinkgoSolver] p-cache: reuse(update_matrix_value) solve=15 rebuildInterval=0
Schwarz(Jacobi)+Bicgstab:  Solving for omega, Initial residual = 1.2716679496740938e-05, Final residual = 8.351838425594378e-07, No Iterations 2, Solve time = 13.619 ms
bounding omega, min: -52620.71338189757 max: 45355982.78526924 average: 6373.301680599498
[GinkgoSolver] p-cache: reuse(update_matrix_value) solve=15 rebuildInterval=0
Schwarz(Jacobi)+Bicgstab:  Solving for k, Initial residual = 0.0002424773471036145, Final residual = 1.2195602701773124e-05, No Iterations 2, Solve time = 13.531 ms
bounding k, min: -0.002115360149333022 max: 892.3252919935676 average: 9.145900595401713
[mem] after-turb: DEVICE_POOL current=19126 MB  actual(reserved)=38146 MB  highWater=24414 MB
ExecutionTime = 54.63 s  ClockTime = 55 s

Time = 1016
[mem] step-start: DEVICE_POOL current=19126 MB  actual(reserved)=38146 MB  highWater=24414 MB
Schwarz(Jacobi)+Bicgstab:  Solving for Ux, Initial residual = 7.85664246833571e-05, Final residual = 3.565529735788889e-06, No Iterations 3, Solve time = 45.73 ms
Schwarz(Jacobi)+Bicgstab:  Solving for Uy, Initial residual = 0.004041960086187878, Final residual = 0.00013543078494214857, No Iterations 3, Solve time = 45.73 ms
Schwarz(Jacobi)+Bicgstab:  Solving for Uz, Initial residual = 0.0011016270518097475, Final residual = 4.015525891263571e-05, No Iterations 3, Solve time = 45.73 ms
[mem] after-UEqn: DEVICE_POOL current=19126 MB  actual(reserved)=38146 MB  highWater=24414 MB
[GinkgoSolver] p-cache: reuse(update_matrix_value) solve=16 rebuildInterval=0
config(Cg+Multigrid):  Solving for p, Initial residual = 0.0012822335473122184, Final residual = 1.188506646425263e-05, No Iterations 8, Solve time = 163.405 ms
time step continuity errors : sum local = 2.978202058614307e-06, global = -1.8691797629276858e-08, cumulative = -2.9266868097236785e-07
[mem] after-pEqn: DEVICE_POOL current=19126 MB  actual(reserved)=38146 MB  highWater=24414 MB
[GinkgoSolver] p-cache: reuse(update_matrix_value) solve=16 rebuildInterval=0
Schwarz(Jacobi)+Bicgstab:  Solving for omega, Initial residual = 1.2713334607610843e-05, Final residual = 8.337870242157215e-07, No Iterations 2, Solve time = 13.615 ms
bounding omega, min: -50048.20418073386 max: 45355982.727061935 average: 6373.019754426697
[GinkgoSolver] p-cache: reuse(update_matrix_value) solve=16 rebuildInterval=0
Schwarz(Jacobi)+Bicgstab:  Solving for k, Initial residual = 0.00024246627185593532, Final residual = 1.2236902012272127e-05, No Iterations 2, Solve time = 13.558 ms
bounding k, min: -0.0025147482607716307 max: 891.4250308399564 average: 9.145008603146072
[mem] after-turb: DEVICE_POOL current=19126 MB  actual(reserved)=38146 MB  highWater=24414 MB
ExecutionTime = 55.42 s  ClockTime = 56 s

Time = 1017
[mem] step-start: DEVICE_POOL current=19126 MB  actual(reserved)=38146 MB  highWater=24414 MB
Schwarz(Jacobi)+Bicgstab:  Solving for Ux, Initial residual = 7.854940194213247e-05, Final residual = 4.155684404013311e-06, No Iterations 2, Solve time = 35.899 ms
Schwarz(Jacobi)+Bicgstab:  Solving for Uy, Initial residual = 0.004054332117775456, Final residual = 0.000529584957465451, No Iterations 2, Solve time = 35.899 ms
Schwarz(Jacobi)+Bicgstab:  Solving for Uz, Initial residual = 0.0010988392053620168, Final residual = 7.637131823655837e-05, No Iterations 2, Solve time = 35.899 ms
[mem] after-UEqn: DEVICE_POOL current=19126 MB  actual(reserved)=38146 MB  highWater=24414 MB
[GinkgoSolver] p-cache: reuse(update_matrix_value) solve=17 rebuildInterval=0
config(Cg+Multigrid):  Solving for p, Initial residual = 0.0012896604984307474, Final residual = 1.2319386440861753e-05, No Iterations 8, Solve time = 161.967 ms
time step continuity errors : sum local = 3.085819544135244e-06, global = -1.0161869974169436e-08, cumulative = -3.028305509465373e-07
[mem] after-pEqn: DEVICE_POOL current=19126 MB  actual(reserved)=38146 MB  highWater=24414 MB
[GinkgoSolver] p-cache: reuse(update_matrix_value) solve=17 rebuildInterval=0
Schwarz(Jacobi)+Bicgstab:  Solving for omega, Initial residual = 1.2742656638780142e-05, Final residual = 8.424048944273195e-07, No Iterations 2, Solve time = 13.644 ms
bounding omega, min: -46608.28868096756 max: 45355982.65079755 average: 6372.708897394054
[GinkgoSolver] p-cache: reuse(update_matrix_value) solve=17 rebuildInterval=0
Schwarz(Jacobi)+Bicgstab:  Solving for k, Initial residual = 0.0002427790741645953, Final residual = 1.235296500493534e-05, No Iterations 2, Solve time = 13.684 ms
bounding k, min: -0.005694490552732426 max: 890.3735249292497 average: 9.144101540221401
[mem] after-turb: DEVICE_POOL current=19126 MB  actual(reserved)=38146 MB  highWater=24414 MB
ExecutionTime = 56.19 s  ClockTime = 57 s

Time = 1018
[mem] step-start: DEVICE_POOL current=19126 MB  actual(reserved)=38146 MB  highWater=24414 MB
Schwarz(Jacobi)+Bicgstab:  Solving for Ux, Initial residual = 7.872599217027567e-05, Final residual = 4.347358616569253e-06, No Iterations 2, Solve time = 35.841 ms
Schwarz(Jacobi)+Bicgstab:  Solving for Uy, Initial residual = 0.004041196824666874, Final residual = 0.00076882761002902, No Iterations 2, Solve time = 35.841 ms
Schwarz(Jacobi)+Bicgstab:  Solving for Uz, Initial residual = 0.0011015796013661195, Final residual = 7.537794990364994e-05, No Iterations 2, Solve time = 35.841 ms
[mem] after-UEqn: DEVICE_POOL current=19126 MB  actual(reserved)=38146 MB  highWater=24414 MB
[GinkgoSolver] p-cache: reuse(update_matrix_value) solve=18 rebuildInterval=0
config(Cg+Multigrid):  Solving for p, Initial residual = 0.0012906872651300603, Final residual = 1.2562430670535727e-05, No Iterations 8, Solve time = 160.775 ms
time step continuity errors : sum local = 3.1460798195418516e-06, global = -3.3789886777206683e-09, cumulative = -3.0620953962425794e-07
[mem] after-pEqn: DEVICE_POOL current=19126 MB  actual(reserved)=38146 MB  highWater=24414 MB
[GinkgoSolver] p-cache: reuse(update_matrix_value) solve=18 rebuildInterval=0
Schwarz(Jacobi)+Bicgstab:  Solving for omega, Initial residual = 1.2744169920410274e-05, Final residual = 8.447295219328729e-07, No Iterations 2, Solve time = 13.591 ms
bounding omega, min: -389463.40990480856 max: 45355982.59079324 average: 6372.4474625742205
[GinkgoSolver] p-cache: reuse(update_matrix_value) solve=18 rebuildInterval=0
Schwarz(Jacobi)+Bicgstab:  Solving for k, Initial residual = 0.0002425526579887908, Final residual = 1.2372158750704396e-05, No Iterations 2, Solve time = 13.582 ms
bounding k, min: -0.004605323194073266 max: 889.009490161407 average: 9.143473998292443
[mem] after-turb: DEVICE_POOL current=19126 MB  actual(reserved)=38146 MB  highWater=24414 MB
ExecutionTime = 56.95 s  ClockTime = 58 s

Time = 1019
[mem] step-start: DEVICE_POOL current=19126 MB  actual(reserved)=38146 MB  highWater=24414 MB
Schwarz(Jacobi)+Bicgstab:  Solving for Ux, Initial residual = 7.860717477669091e-05, Final residual = 2.9367472882849417e-06, No Iterations 3, Solve time = 45.794 ms
Schwarz(Jacobi)+Bicgstab:  Solving for Uy, Initial residual = 0.004100183540245945, Final residual = 0.0001372834568765334, No Iterations 3, Solve time = 45.794 ms
Schwarz(Jacobi)+Bicgstab:  Solving for Uz, Initial residual = 0.0010967305342251613, Final residual = 5.146861286312177e-05, No Iterations 3, Solve time = 45.794 ms
[mem] after-UEqn: DEVICE_POOL current=19126 MB  actual(reserved)=38146 MB  highWater=24414 MB
[GinkgoSolver] p-cache: reuse(update_matrix_value) solve=19 rebuildInterval=0
config(Cg+Multigrid):  Solving for p, Initial residual = 0.0012850469343227986, Final residual = 1.2538140666964844e-05, No Iterations 8, Solve time = 160.073 ms
time step continuity errors : sum local = 3.1395658524497162e-06, global = 4.227331610056262e-09, cumulative = -3.019822080142017e-07
[mem] after-pEqn: DEVICE_POOL current=19126 MB  actual(reserved)=38146 MB  highWater=24414 MB
[GinkgoSolver] p-cache: reuse(update_matrix_value) solve=19 rebuildInterval=0
Schwarz(Jacobi)+Bicgstab:  Solving for omega, Initial residual = 1.2737743098551078e-05, Final residual = 8.397995360239896e-07, No Iterations 2, Solve time = 13.572 ms
bounding omega, min: -58171.06608517869 max: 45355982.574209705 average: 6372.240786095426
[GinkgoSolver] p-cache: reuse(update_matrix_value) solve=19 rebuildInterval=0
Schwarz(Jacobi)+Bicgstab:  Solving for k, Initial residual = 0.00024254625608100515, Final residual = 1.2470671080703303e-05, No Iterations 2, Solve time = 13.562 ms
bounding k, min: -0.003612905637101191 max: 887.5513417657166 average: 9.142763775608147
[mem] after-turb: DEVICE_POOL current=19126 MB  actual(reserved)=38146 MB  highWater=24414 MB
ExecutionTime = 57.73 s  ClockTime = 58 s

Time = 1020
[mem] step-start: DEVICE_POOL current=19126 MB  actual(reserved)=38146 MB  highWater=24414 MB
Schwarz(Jacobi)+Bicgstab:  Solving for Ux, Initial residual = 7.856380710001937e-05, Final residual = 2.8683355131471894e-06, No Iterations 3, Solve time = 45.673 ms
Schwarz(Jacobi)+Bicgstab:  Solving for Uy, Initial residual = 0.004121391844648188, Final residual = 0.00013619884535709297, No Iterations 3, Solve time = 45.673 ms
Schwarz(Jacobi)+Bicgstab:  Solving for Uz, Initial residual = 0.001091546277649151, Final residual = 0.00013416467404420593, No Iterations 3, Solve time = 45.673 ms
[mem] after-UEqn: DEVICE_POOL current=19126 MB  actual(reserved)=38146 MB  highWater=24414 MB
[GinkgoSolver] p-cache: reuse(update_matrix_value) solve=20 rebuildInterval=0
config(Cg+Multigrid):  Solving for p, Initial residual = 0.0012807951488756888, Final residual = 1.2354606576470822e-05, No Iterations 8, Solve time = 161.919 ms
time step continuity errors : sum local = 3.0935728712466156e-06, global = 1.1164150645057391e-08, cumulative = -2.908180573691443e-07
[mem] after-pEqn: DEVICE_POOL current=19126 MB  actual(reserved)=38146 MB  highWater=24414 MB
[GinkgoSolver] p-cache: reuse(update_matrix_value) solve=20 rebuildInterval=0
Schwarz(Jacobi)+Bicgstab:  Solving for omega, Initial residual = 1.2746846982970308e-05, Final residual = 8.391961335377267e-07, No Iterations 2, Solve time = 13.591 ms
bounding omega, min: -59834.847757650314 max: 45355982.5761335 average: 6372.023761146846
[GinkgoSolver] p-cache: reuse(update_matrix_value) solve=20 rebuildInterval=0
Schwarz(Jacobi)+Bicgstab:  Solving for k, Initial residual = 0.00024260861375872335, Final residual = 1.2565698305756051e-05, No Iterations 2, Solve time = 13.597 ms
bounding k, min: -0.0033412620660476303 max: 885.9433829261934 average: 9.142182378877804
[mem] after-turb: DEVICE_POOL current=19126 MB  actual(reserved)=38146 MB  highWater=24414 MB
ExecutionTime = 58.51 s  ClockTime = 59 s

Time = 1021
[mem] step-start: DEVICE_POOL current=19126 MB  actual(reserved)=38146 MB  highWater=24414 MB
Schwarz(Jacobi)+Bicgstab:  Solving for Ux, Initial residual = 7.859431824956597e-05, Final residual = 3.614125616931199e-06, No Iterations 3, Solve time = 45.598 ms
Schwarz(Jacobi)+Bicgstab:  Solving for Uy, Initial residual = 0.004132027069150959, Final residual = 0.00013673572692607687, No Iterations 3, Solve time = 45.598 ms
Schwarz(Jacobi)+Bicgstab:  Solving for Uz, Initial residual = 0.0010961204257283275, Final residual = 3.740732663263927e-05, No Iterations 3, Solve time = 45.598 ms
[mem] after-UEqn: DEVICE_POOL current=19126 MB  actual(reserved)=38146 MB  highWater=24414 MB
[GinkgoSolver] p-cache: reuse(update_matrix_value) solve=21 rebuildInterval=0
config(Cg+Multigrid):  Solving for p, Initial residual = 0.001285119294005544, Final residual = 1.227413478023722e-05, No Iterations 8, Solve time = 161.138 ms
time step continuity errors : sum local = 3.073492111651342e-06, global = 1.7661962104748062e-08, cumulative = -2.7315609526439627e-07
[mem] after-pEqn: DEVICE_POOL current=19126 MB  actual(reserved)=38146 MB  highWater=24414 MB
[GinkgoSolver] p-cache: reuse(update_matrix_value) solve=21 rebuildInterval=0
Schwarz(Jacobi)+Bicgstab:  Solving for omega, Initial residual = 1.2754903141470083e-05, Final residual = 8.430105352331402e-07, No Iterations 2, Solve time = 13.595 ms
bounding omega, min: -59808.29734550764 max: 45355982.58516393 average: 6371.816122789753
[GinkgoSolver] p-cache: reuse(update_matrix_value) solve=21 rebuildInterval=0
Schwarz(Jacobi)+Bicgstab:  Solving for k, Initial residual = 0.0002427337013084932, Final residual = 1.2671429000038404e-05, No Iterations 2, Solve time = 13.632 ms
bounding k, min: -0.0023686158194034107 max: 884.3161460051422 average: 9.14155359385126
[mem] after-turb: DEVICE_POOL current=19126 MB  actual(reserved)=38146 MB  highWater=24414 MB
ExecutionTime = 59.29 s  ClockTime = 60 s

Time = 1022
[mem] step-start: DEVICE_POOL current=19126 MB  actual(reserved)=38146 MB  highWater=24414 MB
Schwarz(Jacobi)+Bicgstab:  Solving for Ux, Initial residual = 7.8716007615595e-05, Final residual = 4.3828271882698636e-06, No Iterations 2, Solve time = 35.913 ms
Schwarz(Jacobi)+Bicgstab:  Solving for Uy, Initial residual = 0.004136180483636409, Final residual = 0.0003933239175432577, No Iterations 2, Solve time = 35.913 ms
Schwarz(Jacobi)+Bicgstab:  Solving for Uz, Initial residual = 0.0010925727284075868, Final residual = 7.78389443847549e-05, No Iterations 2, Solve time = 35.913 ms
[mem] after-UEqn: DEVICE_POOL current=19126 MB  actual(reserved)=38146 MB  highWater=24414 MB
[GinkgoSolver] p-cache: reuse(update_matrix_value) solve=22 rebuildInterval=0
config(Cg+Multigrid):  Solving for p, Initial residual = 0.0012978629715800012, Final residual = 1.2308654764088502e-05, No Iterations 8, Solve time = 164.485 ms
time step continuity errors : sum local = 3.082424528351285e-06, global = 2.3108678913312096e-08, cumulative = -2.500474163510842e-07
[mem] after-pEqn: DEVICE_POOL current=19126 MB  actual(reserved)=38146 MB  highWater=24414 MB
[GinkgoSolver] p-cache: reuse(update_matrix_value) solve=22 rebuildInterval=0
Schwarz(Jacobi)+Bicgstab:  Solving for omega, Initial residual = 1.2789755700175016e-05, Final residual = 8.488233738056516e-07, No Iterations 2, Solve time = 13.615 ms
bounding omega, min: -311641.60868110205 max: 45355982.59876355 average: 6371.600858337501
[GinkgoSolver] p-cache: reuse(update_matrix_value) solve=22 rebuildInterval=0
Schwarz(Jacobi)+Bicgstab:  Solving for k, Initial residual = 0.0002430671081450512, Final residual = 1.2955068384141822e-05, No Iterations 2, Solve time = 13.529 ms
bounding k, min: -0.004192429802571604 max: 882.6730398202709 average: 9.140949060913899
[mem] after-turb: DEVICE_POOL current=19126 MB  actual(reserved)=38146 MB  highWater=24414 MB
ExecutionTime = 60.05 s  ClockTime = 61 s

Time = 1023
[mem] step-start: DEVICE_POOL current=19126 MB  actual(reserved)=38146 MB  highWater=24414 MB
Schwarz(Jacobi)+Bicgstab:  Solving for Ux, Initial residual = 7.898814459582172e-05, Final residual = 3.0147900834195236e-06, No Iterations 3, Solve time = 45.933 ms
Schwarz(Jacobi)+Bicgstab:  Solving for Uy, Initial residual = 0.004116042798981447, Final residual = 0.00015277643706321432, No Iterations 3, Solve time = 45.933 ms
Schwarz(Jacobi)+Bicgstab:  Solving for Uz, Initial residual = 0.001097467314618416, Final residual = 5.922338124071233e-05, No Iterations 3, Solve time = 45.933 ms
[mem] after-UEqn: DEVICE_POOL current=19126 MB  actual(reserved)=38146 MB  highWater=24414 MB
[GinkgoSolver] p-cache: reuse(update_matrix_value) solve=23 rebuildInterval=0
config(Cg+Multigrid):  Solving for p, Initial residual = 0.001293947850855098, Final residual = 1.1863451597814001e-05, No Iterations 8, Solve time = 161.573 ms
time step continuity errors : sum local = 2.9712031726748804e-06, global = 2.509162348151224e-08, cumulative = -2.2495579286957194e-07
[mem] after-pEqn: DEVICE_POOL current=19126 MB  actual(reserved)=38146 MB  highWater=24414 MB
[GinkgoSolver] p-cache: reuse(update_matrix_value) solve=23 rebuildInterval=0
Schwarz(Jacobi)+Bicgstab:  Solving for omega, Initial residual = 1.2800867996787205e-05, Final residual = 8.438847063376991e-07, No Iterations 2, Solve time = 13.66 ms
bounding omega, min: -59156.92939389356 max: 45355982.614569314 average: 6371.441812494882
[GinkgoSolver] p-cache: reuse(update_matrix_value) solve=23 rebuildInterval=0
Schwarz(Jacobi)+Bicgstab:  Solving for k, Initial residual = 0.00024309433870706051, Final residual = 1.3777460765524526e-05, No Iterations 2, Solve time = 13.542 ms
bounding k, min: -0.0032073889552715895 max: 881.108683833451 average: 9.140311384762846
[mem] after-turb: DEVICE_POOL current=19126 MB  actual(reserved)=38146 MB  highWater=24414 MB
ExecutionTime = 60.83 s  ClockTime = 62 s

Time = 1024
[mem] step-start: DEVICE_POOL current=19126 MB  actual(reserved)=38146 MB  highWater=24414 MB
Schwarz(Jacobi)+Bicgstab:  Solving for Ux, Initial residual = 7.908105022620287e-05, Final residual = 3.671399623602773e-06, No Iterations 3, Solve time = 45.589 ms
Schwarz(Jacobi)+Bicgstab:  Solving for Uy, Initial residual = 0.004110742953120597, Final residual = 0.00014505952367475849, No Iterations 3, Solve time = 45.589 ms
Schwarz(Jacobi)+Bicgstab:  Solving for Uz, Initial residual = 0.001099858802314523, Final residual = 0.0002091521177588179, No Iterations 3, Solve time = 45.589 ms
[mem] after-UEqn: DEVICE_POOL current=19126 MB  actual(reserved)=38146 MB  highWater=24414 MB
[GinkgoSolver] p-cache: reuse(update_matrix_value) solve=24 rebuildInterval=0
config(Cg+Multigrid):  Solving for p, Initial residual = 0.0012976667560734817, Final residual = 1.1373672560124153e-05, No Iterations 8, Solve time = 163.85 ms
time step continuity errors : sum local = 2.8488663540838847e-06, global = 2.5093327685692947e-08, cumulative = -1.99862465183879e-07
[mem] after-pEqn: DEVICE_POOL current=19126 MB  actual(reserved)=38146 MB  highWater=24414 MB
[GinkgoSolver] p-cache: reuse(update_matrix_value) solve=24 rebuildInterval=0
Schwarz(Jacobi)+Bicgstab:  Solving for omega, Initial residual = 1.2849959744983656e-05, Final residual = 8.479615013942396e-07, No Iterations 2, Solve time = 13.66 ms
bounding omega, min: -59113.868910669145 max: 45355982.629631616 average: 6371.379566077013
[GinkgoSolver] p-cache: reuse(update_matrix_value) solve=24 rebuildInterval=0
Schwarz(Jacobi)+Bicgstab:  Solving for k, Initial residual = 0.00024341240240211457, Final residual = 1.6374553148616886e-05, No Iterations 2, Solve time = 13.593 ms
bounding k, min: -0.007044197309958408 max: 879.6367529431735 average: 9.13990118090202
[mem] after-turb: DEVICE_POOL current=19126 MB  actual(reserved)=38146 MB  highWater=24414 MB
ExecutionTime = 61.61 s  ClockTime = 62 s

Time = 1025
[mem] step-start: DEVICE_POOL current=19126 MB  actual(reserved)=38146 MB  highWater=24414 MB
Schwarz(Jacobi)+Bicgstab:  Solving for Ux, Initial residual = 7.920079339789952e-05, Final residual = 3.0601720015606303e-06, No Iterations 3, Solve time = 45.724 ms
Schwarz(Jacobi)+Bicgstab:  Solving for Uy, Initial residual = 0.004114687455565187, Final residual = 0.0001397442670214973, No Iterations 3, Solve time = 45.724 ms
Schwarz(Jacobi)+Bicgstab:  Solving for Uz, Initial residual = 0.0011153914519152902, Final residual = 5.181026602354126e-05, No Iterations 3, Solve time = 45.724 ms
[mem] after-UEqn: DEVICE_POOL current=19126 MB  actual(reserved)=38146 MB  highWater=24414 MB
[GinkgoSolver] p-cache: reuse(update_matrix_value) solve=25 rebuildInterval=0
config(Cg+Multigrid):  Solving for p, Initial residual = 0.0012960474380272072, Final residual = 1.1151992439155213e-05, No Iterations 8, Solve time = 161.793 ms
time step continuity errors : sum local = 2.7934918588686593e-06, global = 2.2818416876006136e-08, cumulative = -1.7704404830787286e-07
[mem] after-pEqn: DEVICE_POOL current=19126 MB  actual(reserved)=38146 MB  highWater=24414 MB
[GinkgoSolver] p-cache: reuse(update_matrix_value) solve=25 rebuildInterval=0
Schwarz(Jacobi)+Bicgstab:  Solving for omega, Initial residual = 1.2872270427698702e-05, Final residual = 8.467013881700429e-07, No Iterations 2, Solve time = 13.584 ms
bounding omega, min: -57226.49125457356 max: 45355982.64197947 average: 6371.340418086775
[GinkgoSolver] p-cache: reuse(update_matrix_value) solve=25 rebuildInterval=0
Schwarz(Jacobi)+Bicgstab:  Solving for k, Initial residual = 0.00024379185495165294, Final residual = 1.93628373998309e-05, No Iterations 2, Solve time = 13.633 ms
bounding k, min: -0.014034854438573226 max: 878.3129876037954 average: 9.13928152861325
[mem] after-turb: DEVICE_POOL current=19126 MB  actual(reserved)=38146 MB  highWater=24414 MB
ExecutionTime = 62.39 s  ClockTime = 63 s

Time = 1026
[mem] step-start: DEVICE_POOL current=19126 MB  actual(reserved)=38146 MB  highWater=24414 MB
Schwarz(Jacobi)+Bicgstab:  Solving for Ux, Initial residual = 7.922823791821243e-05, Final residual = 3.6019657724699575e-06, No Iterations 3, Solve time = 45.652 ms
Schwarz(Jacobi)+Bicgstab:  Solving for Uy, Initial residual = 0.004126480833149381, Final residual = 0.00013782962358040128, No Iterations 3, Solve time = 45.652 ms
Schwarz(Jacobi)+Bicgstab:  Solving for Uz, Initial residual = 0.0011115864555399466, Final residual = 4.3964023543643924e-05, No Iterations 3, Solve time = 45.652 ms
[mem] after-UEqn: DEVICE_POOL current=19126 MB  actual(reserved)=38146 MB  highWater=24414 MB
[GinkgoSolver] p-cache: reuse(update_matrix_value) solve=26 rebuildInterval=0
config(Cg+Multigrid):  Solving for p, Initial residual = 0.001299787568083756, Final residual = 1.1342513444974616e-05, No Iterations 8, Solve time = 160.589 ms
time step continuity errors : sum local = 2.8413953075899055e-06, global = 1.815198264397686e-08, cumulative = -1.58892065663896e-07
[mem] after-pEqn: DEVICE_POOL current=19126 MB  actual(reserved)=38146 MB  highWater=24414 MB
[GinkgoSolver] p-cache: reuse(update_matrix_value) solve=26 rebuildInterval=0
Schwarz(Jacobi)+Bicgstab:  Solving for omega, Initial residual = 1.2899700084811962e-05, Final residual = 8.454680796992469e-07, No Iterations 2, Solve time = 13.652 ms
bounding omega, min: -381875.56764065265 max: 45355982.65127824 average: 6371.263864024266
[GinkgoSolver] p-cache: reuse(update_matrix_value) solve=26 rebuildInterval=0
Schwarz(Jacobi)+Bicgstab:  Solving for k, Initial residual = 0.0002445469884543464, Final residual = 5.525345631935186e-06, No Iterations 3, Solve time = 16.949 ms
bounding k, min: -3.565826714399932e-05 max: 877.1267572731165 average: 9.13897582065172
[mem] after-turb: DEVICE_POOL current=19126 MB  actual(reserved)=38146 MB  highWater=24414 MB
ExecutionTime = 63.17 s  ClockTime = 64 s

Time = 1027
[mem] step-start: DEVICE_POOL current=19126 MB  actual(reserved)=38146 MB  highWater=24414 MB
Schwarz(Jacobi)+Bicgstab:  Solving for Ux, Initial residual = 7.92464532208255e-05, Final residual = 4.545681780568474e-06, No Iterations 2, Solve time = 35.519 ms
Schwarz(Jacobi)+Bicgstab:  Solving for Uy, Initial residual = 0.00414406010527673, Final residual = 0.0006615183042574669, No Iterations 2, Solve time = 35.519 ms
Schwarz(Jacobi)+Bicgstab:  Solving for Uz, Initial residual = 0.0011079749520141236, Final residual = 7.973983308316582e-05, No Iterations 2, Solve time = 35.519 ms
[mem] after-UEqn: DEVICE_POOL current=19126 MB  actual(reserved)=38146 MB  highWater=24414 MB
[GinkgoSolver] p-cache: reuse(update_matrix_value) solve=27 rebuildInterval=0
config(Cg+Multigrid):  Solving for p, Initial residual = 0.0013112270353410635, Final residual = 1.1439478942991995e-05, No Iterations 8, Solve time = 159.266 ms
time step continuity errors : sum local = 2.8659292335089093e-06, global = 1.1753575895876626e-08, cumulative = -1.4713848976801936e-07
[mem] after-pEqn: DEVICE_POOL current=19126 MB  actual(reserved)=38146 MB  highWater=24414 MB
[GinkgoSolver] p-cache: reuse(update_matrix_value) solve=27 rebuildInterval=0
Schwarz(Jacobi)+Bicgstab:  Solving for omega, Initial residual = 1.2749756577821147e-05, Final residual = 8.45746409297723e-07, No Iterations 2, Solve time = 15.676 ms
bounding omega, min: -57368.83197055217 max: 45355982.658183336 average: 6371.2316623127535
[GinkgoSolver] p-cache: reuse(update_matrix_value) solve=27 rebuildInterval=0
Schwarz(Jacobi)+Bicgstab:  Solving for k, Initial residual = 0.00024422587797389865, Final residual = 1.2086649793285401e-05, No Iterations 2, Solve time = 13.625 ms
bounding k, min: -1.0255115673783082e-05 max: 876.0987888833585 average: 9.138387470617419
[mem] after-turb: DEVICE_POOL current=19126 MB  actual(reserved)=38146 MB  highWater=24414 MB
ExecutionTime = 63.93 s  ClockTime = 65 s

Time = 1028
[mem] step-start: DEVICE_POOL current=19126 MB  actual(reserved)=38146 MB  highWater=24414 MB
Schwarz(Jacobi)+Bicgstab:  Solving for Ux, Initial residual = 7.949413625118654e-05, Final residual = 4.082829884115523e-06, No Iterations 3, Solve time = 45.715 ms
Schwarz(Jacobi)+Bicgstab:  Solving for Uy, Initial residual = 0.004127589544711985, Final residual = 0.0001594000837276832, No Iterations 3, Solve time = 45.715 ms
Schwarz(Jacobi)+Bicgstab:  Solving for Uz, Initial residual = 0.001111354405009071, Final residual = 7.051875729903565e-05, No Iterations 3, Solve time = 45.715 ms
[mem] after-UEqn: DEVICE_POOL current=19126 MB  actual(reserved)=38146 MB  highWater=24414 MB
[GinkgoSolver] p-cache: reuse(update_matrix_value) solve=28 rebuildInterval=0
config(Cg+Multigrid):  Solving for p, Initial residual = 0.001303656161813703, Final residual = 1.1484234175653028e-05, No Iterations 8, Solve time = 163.548 ms
time step continuity errors : sum local = 2.8771704147924245e-06, global = 2.2035301620822217e-09, cumulative = -1.4493495960593715e-07
[mem] after-pEqn: DEVICE_POOL current=19126 MB  actual(reserved)=38146 MB  highWater=24414 MB
[GinkgoSolver] p-cache: reuse(update_matrix_value) solve=28 rebuildInterval=0
Schwarz(Jacobi)+Bicgstab:  Solving for omega, Initial residual = 1.2882395604451793e-05, Final residual = 8.446889809049654e-07, No Iterations 2, Solve time = 13.63 ms
bounding omega, min: -55456.75852388424 max: 45355982.6645198 average: 6371.14232253385
[GinkgoSolver] p-cache: reuse(update_matrix_value) solve=28 rebuildInterval=0
Schwarz(Jacobi)+Bicgstab:  Solving for k, Initial residual = 0.00024436020556138123, Final residual = 1.2547266804608151e-05, No Iterations 2, Solve time = 13.584 ms
bounding k, min: -0.0007146114170020618 max: 875.2245701100438 average: 9.137872677228042
[mem] after-turb: DEVICE_POOL current=19126 MB  actual(reserved)=38146 MB  highWater=24414 MB
ExecutionTime = 64.72 s  ClockTime = 66 s

Time = 1029
[mem] step-start: DEVICE_POOL current=19126 MB  actual(reserved)=38146 MB  highWater=24414 MB
Schwarz(Jacobi)+Bicgstab:  Solving for Ux, Initial residual = 7.957395542944988e-05, Final residual = 4.526589667709294e-06, No Iterations 2, Solve time = 35.79 ms
Schwarz(Jacobi)+Bicgstab:  Solving for Uy, Initial residual = 0.004137789237134916, Final residual = 0.0007385621761420921, No Iterations 2, Solve time = 35.79 ms
Schwarz(Jacobi)+Bicgstab:  Solving for Uz, Initial residual = 0.001111500488289937, Final residual = 7.891708592520677e-05, No Iterations 2, Solve time = 35.79 ms
[mem] after-UEqn: DEVICE_POOL current=19126 MB  actual(reserved)=38146 MB  highWater=24414 MB
[GinkgoSolver] p-cache: reuse(update_matrix_value) solve=29 rebuildInterval=0
config(Cg+Multigrid):  Solving for p, Initial residual = 0.0013106621833634563, Final residual = 1.1893598115199959e-05, No Iterations 8, Solve time = 164.961 ms
time step continuity errors : sum local = 2.979754237347139e-06, global = -7.516408260415411e-09, cumulative = -1.5245136786635255e-07
[mem] after-pEqn: DEVICE_POOL current=19126 MB  actual(reserved)=38146 MB  highWater=24414 MB
[GinkgoSolver] p-cache: reuse(update_matrix_value) solve=29 rebuildInterval=0
Schwarz(Jacobi)+Bicgstab:  Solving for omega, Initial residual = 1.289373700276523e-05, Final residual = 8.466531741932751e-07, No Iterations 2, Solve time = 13.558 ms
bounding omega, min: -55478.08617793264 max: 45355982.671050794 average: 6371.163624489255
[GinkgoSolver] p-cache: reuse(update_matrix_value) solve=29 rebuildInterval=0
Schwarz(Jacobi)+Bicgstab:  Solving for k, Initial residual = 0.0002443784409521466, Final residual = 1.2918189957790948e-05, No Iterations 2, Solve time = 13.571 ms
bounding k, min: -0.005588581926862141 max: 874.4988775641117 average: 9.137561338465334
[mem] after-turb: DEVICE_POOL current=19126 MB  actual(reserved)=38146 MB  highWater=24414 MB
ExecutionTime = 65.48 s  ClockTime = 66 s

Time = 1030
[mem] step-start: DEVICE_POOL current=19126 MB  actual(reserved)=38146 MB  highWater=24414 MB
Schwarz(Jacobi)+Bicgstab:  Solving for Ux, Initial residual = 7.946680300906709e-05, Final residual = 3.7642482463608252e-06, No Iterations 3, Solve time = 45.591 ms
Schwarz(Jacobi)+Bicgstab:  Solving for Uy, Initial residual = 0.004208844475114953, Final residual = 0.00013253663581339674, No Iterations 3, Solve time = 45.591 ms
Schwarz(Jacobi)+Bicgstab:  Solving for Uz, Initial residual = 0.0011072900419290402, Final residual = 4.99111439220952e-05, No Iterations 3, Solve time = 45.591 ms
[mem] after-UEqn: DEVICE_POOL current=19126 MB  actual(reserved)=38146 MB  highWater=24414 MB
[GinkgoSolver] p-cache: reuse(update_matrix_value) solve=30 rebuildInterval=0
config(Cg+Multigrid):  Solving for p, Initial residual = 0.0013036619432522998, Final residual = 1.1936500218352442e-05, No Iterations 8, Solve time = 161.108 ms
time step continuity errors : sum local = 2.990441601878251e-06, global = -1.866010379271022e-08, cumulative = -1.7111147165906277e-07
[mem] after-pEqn: DEVICE_POOL current=19126 MB  actual(reserved)=38146 MB  highWater=24414 MB
[GinkgoSolver] p-cache: reuse(update_matrix_value) solve=30 rebuildInterval=0
Schwarz(Jacobi)+Bicgstab:  Solving for omega, Initial residual = 1.2892295665412847e-05, Final residual = 8.470632460226649e-07, No Iterations 2, Solve time = 14.678 ms
bounding omega, min: -265340.9044309159 max: 45355982.67810152 average: 6371.186574910938
[GinkgoSolver] p-cache: reuse(update_matrix_value) solve=30 rebuildInterval=0
Schwarz(Jacobi)+Bicgstab:  Solving for k, Initial residual = 0.00024468572669912527, Final residual = 1.32916690949141e-05, No Iterations 2, Solve time = 13.55 ms
bounding k, min: -0.0008891488899759846 max: 873.9050084056074 average: 9.137116568315102
[mem] after-turb: DEVICE_POOL current=19126 MB  actual(reserved)=38146 MB  highWater=24414 MB
ExecutionTime = 66.26000000000001 s  ClockTime = 67 s

Time = 1031
[mem] step-start: DEVICE_POOL current=19126 MB  actual(reserved)=38146 MB  highWater=24414 MB
Schwarz(Jacobi)+Bicgstab:  Solving for Ux, Initial residual = 7.944753940330856e-05, Final residual = 3.216523532163368e-06, No Iterations 3, Solve time = 45.597 ms
Schwarz(Jacobi)+Bicgstab:  Solving for Uy, Initial residual = 0.004234440381247796, Final residual = 0.00013328788769638236, No Iterations 3, Solve time = 45.597 ms
Schwarz(Jacobi)+Bicgstab:  Solving for Uz, Initial residual = 0.0011029531799120606, Final residual = 2.7588574715719694e-05, No Iterations 3, Solve time = 45.597 ms
[mem] after-UEqn: DEVICE_POOL current=19126 MB  actual(reserved)=38146 MB  highWater=24414 MB
[GinkgoSolver] p-cache: reuse(update_matrix_value) solve=31 rebuildInterval=0
config(Cg+Multigrid):  Solving for p, Initial residual = 0.0012978256173327611, Final residual = 1.2081368692605598e-05, No Iterations 8, Solve time = 162.646 ms
time step continuity errors : sum local = 3.0265287035942324e-06, global = -2.9496216294947296e-08, cumulative = -2.0060768795401008e-07
[mem] after-pEqn: DEVICE_POOL current=19126 MB  actual(reserved)=38146 MB  highWater=24414 MB
[GinkgoSolver] p-cache: reuse(update_matrix_value) solve=31 rebuildInterval=0
Schwarz(Jacobi)+Bicgstab:  Solving for omega, Initial residual = 1.2886924138245688e-05, Final residual = 8.422143410857924e-07, No Iterations 2, Solve time = 13.534 ms
bounding omega, min: -53694.26408179812 max: 45355982.68569337 average: 6371.21537945241
[GinkgoSolver] p-cache: reuse(update_matrix_value) solve=31 rebuildInterval=0
Schwarz(Jacobi)+Bicgstab:  Solving for k, Initial residual = 0.0002450532759881315, Final residual = 1.3618189643754033e-05, No Iterations 2, Solve time = 13.603 ms
bounding k, min: -0.009284053214354406 max: 873.4387879373328 average: 9.13655386647045
[mem] after-turb: DEVICE_POOL current=19126 MB  actual(reserved)=38146 MB  highWater=24414 MB
ExecutionTime = 67.04000000000001 s  ClockTime = 68 s

Time = 1032
[mem] step-start: DEVICE_POOL current=19126 MB  actual(reserved)=38146 MB  highWater=24414 MB
Schwarz(Jacobi)+Bicgstab:  Solving for Ux, Initial residual = 7.94494322223584e-05, Final residual = 3.877954002020466e-06, No Iterations 3, Solve time = 45.789 ms
Schwarz(Jacobi)+Bicgstab:  Solving for Uy, Initial residual = 0.004250990725650582, Final residual = 0.00013487901206657248, No Iterations 3, Solve time = 45.789 ms
Schwarz(Jacobi)+Bicgstab:  Solving for Uz, Initial residual = 0.0010992850546642978, Final residual = 4.031119260386259e-05, No Iterations 3, Solve time = 45.789 ms
[mem] after-UEqn: DEVICE_POOL current=19126 MB  actual(reserved)=38146 MB  highWater=24414 MB
[GinkgoSolver] p-cache: reuse(update_matrix_value) solve=32 rebuildInterval=0
config(Cg+Multigrid):  Solving for p, Initial residual = 0.0012953407828261148, Final residual = 1.208954515200454e-05, No Iterations 8, Solve time = 155.7 ms
time step continuity errors : sum local = 3.028279143960822e-06, global = -3.9062210077763173e-08, cumulative = -2.3966989803177324e-07
[mem] after-pEqn: DEVICE_POOL current=19126 MB  actual(reserved)=38146 MB  highWater=24414 MB
[GinkgoSolver] p-cache: reuse(update_matrix_value) solve=32 rebuildInterval=0
Schwarz(Jacobi)+Bicgstab:  Solving for omega, Initial residual = 1.2889663899167824e-05, Final residual = 8.446792878011724e-07, No Iterations 2, Solve time = 13.623 ms
bounding omega, min: -51827.917743171354 max: 45355982.69345438 average: 6371.200877343354
[GinkgoSolver] p-cache: reuse(update_matrix_value) solve=32 rebuildInterval=0
Schwarz(Jacobi)+Bicgstab:  Solving for k, Initial residual = 0.00024556490052373483, Final residual = 1.364075707601216e-05, No Iterations 2, Solve time = 13.529 ms
bounding k, min: -0.006885510939419869 max: 873.0750383006781 average: 9.136004312297612
[mem] after-turb: DEVICE_POOL current=19126 MB  actual(reserved)=38146 MB  highWater=24414 MB
ExecutionTime = 67.81 s  ClockTime = 69 s

Time = 1033
[mem] step-start: DEVICE_POOL current=19126 MB  actual(reserved)=38146 MB  highWater=24414 MB
Schwarz(Jacobi)+Bicgstab:  Solving for Ux, Initial residual = 7.953751744875583e-05, Final residual = 4.578685820586626e-06, No Iterations 2, Solve time = 35.834 ms
Schwarz(Jacobi)+Bicgstab:  Solving for Uy, Initial residual = 0.004258284044270132, Final residual = 0.0007636938580131171, No Iterations 2, Solve time = 35.834 ms
Schwarz(Jacobi)+Bicgstab:  Solving for Uz, Initial residual = 0.001099810269392033, Final residual = 7.665353216298197e-05, No Iterations 2, Solve time = 35.834 ms
[mem] after-UEqn: DEVICE_POOL current=19126 MB  actual(reserved)=38146 MB  highWater=24414 MB
[GinkgoSolver] p-cache: reuse(update_matrix_value) solve=33 rebuildInterval=0
config(Cg+Multigrid):  Solving for p, Initial residual = 0.0013221790305814282, Final residual = 1.259950223842583e-05, No Iterations 8, Solve time = 164.148 ms
time step continuity errors : sum local = 3.155592250744385e-06, global = -4.7355324685091994e-08, cumulative = -2.8702522271686524e-07
[mem] after-pEqn: DEVICE_POOL current=19126 MB  actual(reserved)=38146 MB  highWater=24414 MB
[GinkgoSolver] p-cache: reuse(update_matrix_value) solve=33 rebuildInterval=0
Schwarz(Jacobi)+Bicgstab:  Solving for omega, Initial residual = 1.2922701802472362e-05, Final residual = 8.546271935044906e-07, No Iterations 2, Solve time = 13.694 ms
bounding omega, min: -51448.49718315111 max: 45355982.700581506 average: 6371.168477837821
[GinkgoSolver] p-cache: reuse(update_matrix_value) solve=33 rebuildInterval=0
Schwarz(Jacobi)+Bicgstab:  Solving for k, Initial residual = 0.0002464613104990654, Final residual = 1.3576929252300721e-05, No Iterations 2, Solve time = 13.623 ms
bounding k, min: -0.003613722636479533 max: 872.7946655944053 average: 9.135358478708566
[mem] after-turb: DEVICE_POOL current=19126 MB  actual(reserved)=38146 MB  highWater=24414 MB
ExecutionTime = 68.58 s  ClockTime = 69 s

Time = 1034
[mem] step-start: DEVICE_POOL current=19126 MB  actual(reserved)=38146 MB  highWater=24414 MB
Schwarz(Jacobi)+Bicgstab:  Solving for Ux, Initial residual = 7.988875717954479e-05, Final residual = 4.116520762370595e-06, No Iterations 3, Solve time = 45.559 ms
Schwarz(Jacobi)+Bicgstab:  Solving for Uy, Initial residual = 0.004221395222161746, Final residual = 0.0001653661234503843, No Iterations 3, Solve time = 45.559 ms
Schwarz(Jacobi)+Bicgstab:  Solving for Uz, Initial residual = 0.0011089349788498605, Final residual = 5.969239377158289e-05, No Iterations 3, Solve time = 45.559 ms
[mem] after-UEqn: DEVICE_POOL current=19126 MB  actual(reserved)=38146 MB  highWater=24414 MB
[GinkgoSolver] p-cache: reuse(update_matrix_value) solve=34 rebuildInterval=0
config(Cg+Multigrid):  Solving for p, Initial residual = 0.0013070663310128013, Final residual = 1.236661912925228e-05, No Iterations 8, Solve time = 158.337 ms
time step continuity errors : sum local = 3.096743626481799e-06, global = -5.385351548775828e-08, cumulative = -3.408787382046235e-07
[mem] after-pEqn: DEVICE_POOL current=19126 MB  actual(reserved)=38146 MB  highWater=24414 MB
[GinkgoSolver] p-cache: reuse(update_matrix_value) solve=34 rebuildInterval=0
Schwarz(Jacobi)+Bicgstab:  Solving for omega, Initial residual = 1.2949416631877208e-05, Final residual = 8.615252001296568e-07, No Iterations 2, Solve time = 13.628 ms
bounding omega, min: -206554.19214313925 max: 45355982.70586731 average: 6371.146545074312
[GinkgoSolver] p-cache: reuse(update_matrix_value) solve=34 rebuildInterval=0
Schwarz(Jacobi)+Bicgstab:  Solving for k, Initial residual = 0.00024700982929382346, Final residual = 1.2971221005532644e-05, No Iterations 2, Solve time = 13.518 ms
bounding k, min: -0.0029015082592804007 max: 872.5893889417245 average: 9.134830097510925
[mem] after-turb: DEVICE_POOL current=19126 MB  actual(reserved)=38146 MB  highWater=24414 MB
ExecutionTime = 69.36 s  ClockTime = 70 s

Time = 1035
[mem] step-start: DEVICE_POOL current=19126 MB  actual(reserved)=38146 MB  highWater=24414 MB
Schwarz(Jacobi)+Bicgstab:  Solving for Ux, Initial residual = 8.00603727413905e-05, Final residual = 4.647835786749121e-06, No Iterations 2, Solve time = 35.769 ms
Schwarz(Jacobi)+Bicgstab:  Solving for Uy, Initial residual = 0.004212744658003232, Final residual = 0.0007672447217085613, No Iterations 2, Solve time = 35.769 ms
Schwarz(Jacobi)+Bicgstab:  Solving for Uz, Initial residual = 0.001114048023749394, Final residual = 7.699012851337645e-05, No Iterations 2, Solve time = 35.769 ms
[mem] after-UEqn: DEVICE_POOL current=19126 MB  actual(reserved)=38146 MB  highWater=24414 MB
[GinkgoSolver] p-cache: reuse(update_matrix_value) solve=35 rebuildInterval=0
config(Cg+Multigrid):  Solving for p, Initial residual = 0.0013049974990039215, Final residual = 1.1968123053152626e-05, No Iterations 8, Solve time = 161.441 ms
time step continuity errors : sum local = 2.996581178425736e-06, global = -5.716864215591529e-08, cumulative = -3.980473803605388e-07
[mem] after-pEqn: DEVICE_POOL current=19126 MB  actual(reserved)=38146 MB  highWater=24414 MB
[GinkgoSolver] p-cache: reuse(update_matrix_value) solve=35 rebuildInterval=0
Schwarz(Jacobi)+Bicgstab:  Solving for omega, Initial residual = 1.2964432569641609e-05, Final residual = 8.63495355695986e-07, No Iterations 2, Solve time = 13.593 ms
bounding omega, min: -49212.34114260334 max: 45355982.70960536 average: 6371.26348158947
[GinkgoSolver] p-cache: reuse(update_matrix_value) solve=35 rebuildInterval=0
Schwarz(Jacobi)+Bicgstab:  Solving for k, Initial residual = 0.00024731300701231324, Final residual = 1.2402492929555036e-05, No Iterations 2, Solve time = 13.597 ms
bounding k, min: -0.004244285475498793 max: 872.4433712975613 average: 9.134541231336943
[mem] after-turb: DEVICE_POOL current=19126 MB  actual(reserved)=38146 MB  highWater=24414 MB
ExecutionTime = 70.13 s  ClockTime = 71 s

Time = 1036
[mem] step-start: DEVICE_POOL current=19126 MB  actual(reserved)=38146 MB  highWater=24414 MB
Schwarz(Jacobi)+Bicgstab:  Solving for Ux, Initial residual = 8.00201767966754e-05, Final residual = 4.269637493093403e-06, No Iterations 3, Solve time = 45.775 ms
Schwarz(Jacobi)+Bicgstab:  Solving for Uy, Initial residual = 0.004273450328381351, Final residual = 0.000135906403425447, No Iterations 3, Solve time = 45.775 ms
Schwarz(Jacobi)+Bicgstab:  Solving for Uz, Initial residual = 0.0011144625644097406, Final residual = 4.4800214645578856e-05, No Iterations 3, Solve time = 45.775 ms
[mem] after-UEqn: DEVICE_POOL current=19126 MB  actual(reserved)=38146 MB  highWater=24414 MB
[GinkgoSolver] p-cache: reuse(update_matrix_value) solve=36 rebuildInterval=0
config(Cg+Multigrid):  Solving for p, Initial residual = 0.0013058294630800746, Final residual = 1.186809484476667e-05, No Iterations 8, Solve time = 161.742 ms
time step continuity errors : sum local = 2.9715330118365715e-06, global = -5.8641850735280266e-08, cumulative = -4.566892310958191e-07
[mem] after-pEqn: DEVICE_POOL current=19126 MB  actual(reserved)=38146 MB  highWater=24414 MB
[GinkgoSolver] p-cache: reuse(update_matrix_value) solve=36 rebuildInterval=0
Schwarz(Jacobi)+Bicgstab:  Solving for omega, Initial residual = 1.2976566129371393e-05, Final residual = 8.677131440420956e-07, No Iterations 2, Solve time = 13.689 ms
bounding omega, min: -47883.864640327716 max: 45355982.710026525 average: 6371.358965942218
[GinkgoSolver] p-cache: reuse(update_matrix_value) solve=36 rebuildInterval=0
Schwarz(Jacobi)+Bicgstab:  Solving for k, Initial residual = 0.0002478336281859721, Final residual = 1.2565911101147131e-05, No Iterations 2, Solve time = 13.623 ms
bounding k, min: -0.006287257696563733 max: 872.3341436088276 average: 9.134157731965795
[mem] after-turb: DEVICE_POOL current=19126 MB  actual(reserved)=38146 MB  highWater=24414 MB
ExecutionTime = 70.91 s  ClockTime = 72 s

Time = 1037
[mem] step-start: DEVICE_POOL current=19126 MB  actual(reserved)=38146 MB  highWater=24414 MB
Schwarz(Jacobi)+Bicgstab:  Solving for Ux, Initial residual = 8.006917326963914e-05, Final residual = 5.782415104896244e-06, No Iterations 3, Solve time = 45.861 ms
Schwarz(Jacobi)+Bicgstab:  Solving for Uy, Initial residual = 0.004296071322560288, Final residual = 0.00013541352027848915, No Iterations 3, Solve time = 45.861 ms
Schwarz(Jacobi)+Bicgstab:  Solving for Uz, Initial residual = 0.0011128788550768126, Final residual = 3.439622511774688e-05, No Iterations 3, Solve time = 45.861 ms
[mem] after-UEqn: DEVICE_POOL current=19126 MB  actual(reserved)=38146 MB  highWater=24414 MB
[GinkgoSolver] p-cache: reuse(update_matrix_value) solve=37 rebuildInterval=0
config(Cg+Multigrid):  Solving for p, Initial residual = 0.0013100918775129167, Final residual = 1.1471012681546157e-05, No Iterations 8, Solve time = 157.877 ms
time step continuity errors : sum local = 2.8726830526655303e-06, global = -5.6272628748286565e-08, cumulative = -5.129618598441056e-07
[mem] after-pEqn: DEVICE_POOL current=19126 MB  actual(reserved)=38146 MB  highWater=24414 MB
[GinkgoSolver] p-cache: reuse(update_matrix_value) solve=37 rebuildInterval=0
Schwarz(Jacobi)+Bicgstab:  Solving for omega, Initial residual = 1.3020064220272457e-05, Final residual = 8.811876322326775e-07, No Iterations 2, Solve time = 13.607 ms
bounding omega, min: -45963.51657405274 max: 45355982.70477883 average: 6371.461933816831
[GinkgoSolver] p-cache: reuse(update_matrix_value) solve=37 rebuildInterval=0
Schwarz(Jacobi)+Bicgstab:  Solving for k, Initial residual = 0.0002484704393952607, Final residual = 1.2375405721806975e-05, No Iterations 2, Solve time = 13.633 ms
bounding k, min: -0.010847147218544063 max: 872.2500377588399 average: 9.133861572391103
[mem] after-turb: DEVICE_POOL current=19126 MB  actual(reserved)=38146 MB  highWater=24414 MB
ExecutionTime = 71.67 s  ClockTime = 73 s

Time = 1038
[mem] step-start: DEVICE_POOL current=19126 MB  actual(reserved)=38146 MB  highWater=24414 MB
Schwarz(Jacobi)+Bicgstab:  Solving for Ux, Initial residual = 8.026733597644924e-05, Final residual = 3.903275730066156e-06, No Iterations 3, Solve time = 46.088 ms
Schwarz(Jacobi)+Bicgstab:  Solving for Uy, Initial residual = 0.00431559215694697, Final residual = 0.00013787367288739763, No Iterations 3, Solve time = 46.088 ms
Schwarz(Jacobi)+Bicgstab:  Solving for Uz, Initial residual = 0.0011116418080096269, Final residual = 3.813212312241826e-05, No Iterations 3, Solve time = 46.088 ms
[mem] after-UEqn: DEVICE_POOL current=19126 MB  actual(reserved)=38146 MB  highWater=24414 MB
[GinkgoSolver] p-cache: reuse(update_matrix_value) solve=38 rebuildInterval=0
config(Cg+Multigrid):  Solving for p, Initial residual = 0.0013035450628344025, Final residual = 1.1434107419377934e-05, No Iterations 8, Solve time = 159.248 ms
time step continuity errors : sum local = 2.86442068379347e-06, global = -5.0716092905569586e-08, cumulative = -5.636779527496753e-07
[mem] after-pEqn: DEVICE_POOL current=19126 MB  actual(reserved)=38146 MB  highWater=24414 MB
[GinkgoSolver] p-cache: reuse(update_matrix_value) solve=38 rebuildInterval=0
Schwarz(Jacobi)+Bicgstab:  Solving for omega, Initial residual = 1.3037346031845227e-05, Final residual = 8.882214649568072e-07, No Iterations 2, Solve time = 13.655 ms
bounding omega, min: -339830.1088790654 max: 45355982.69400597 average: 6371.513094682714
[GinkgoSolver] p-cache: reuse(update_matrix_value) solve=38 rebuildInterval=0
Schwarz(Jacobi)+Bicgstab:  Solving for k, Initial residual = 0.00024889120683576894, Final residual = 1.2176805148644664e-05, No Iterations 2, Solve time = 13.615 ms
bounding k, min: -0.008270174904636812 max: 872.1806802797944 average: 9.133524723163982
[mem] after-turb: DEVICE_POOL current=19126 MB  actual(reserved)=38146 MB  highWater=24414 MB
ExecutionTime = 72.45 s  ClockTime = 73 s

Time = 1039
[mem] step-start: DEVICE_POOL current=19126 MB  actual(reserved)=38146 MB  highWater=24414 MB
Schwarz(Jacobi)+Bicgstab:  Solving for Ux, Initial residual = 8.031991187810407e-05, Final residual = 9.121795644438546e-06, No Iterations 3, Solve time = 45.751 ms
Schwarz(Jacobi)+Bicgstab:  Solving for Uy, Initial residual = 0.004329766072361801, Final residual = 0.0001385368445388935, No Iterations 3, Solve time = 45.751 ms
Schwarz(Jacobi)+Bicgstab:  Solving for Uz, Initial residual = 0.0011118821468407115, Final residual = 3.4682746466566617e-05, No Iterations 3, Solve time = 45.751 ms
[mem] after-UEqn: DEVICE_POOL current=19126 MB  actual(reserved)=38146 MB  highWater=24414 MB
[GinkgoSolver] p-cache: reuse(update_matrix_value) solve=39 rebuildInterval=0
config(Cg+Multigrid):  Solving for p, Initial residual = 0.0013218632582373672, Final residual = 1.1512255739086342e-05, No Iterations 8, Solve time = 159.976 ms
time step continuity errors : sum local = 2.885343471289723e-06, global = -4.310999070220175e-08, cumulative = -6.06787943451877e-07
[mem] after-pEqn: DEVICE_POOL current=19126 MB  actual(reserved)=38146 MB  highWater=24414 MB
[GinkgoSolver] p-cache: reuse(update_matrix_value) solve=39 rebuildInterval=0
Schwarz(Jacobi)+Bicgstab:  Solving for omega, Initial residual = 1.3109257461032084e-05, Final residual = 9.042329921917113e-07, No Iterations 2, Solve time = 13.647 ms
bounding omega, min: -46119.530674803835 max: 45355982.67868509 average: 6371.639769859809
[GinkgoSolver] p-cache: reuse(update_matrix_value) solve=39 rebuildInterval=0
Schwarz(Jacobi)+Bicgstab:  Solving for k, Initial residual = 0.0002496855392295216, Final residual = 1.150526247743878e-05, No Iterations 2, Solve time = 13.621 ms
bounding k, min: -0.018610106833205405 max: 872.1174814781016 average: 9.133508533531531
[mem] after-turb: DEVICE_POOL current=19126 MB  actual(reserved)=38146 MB  highWater=24414 MB
ExecutionTime = 73.22 s  ClockTime = 74 s

Time = 1040
[mem] step-start: DEVICE_POOL current=19126 MB  actual(reserved)=38146 MB  highWater=24414 MB
Schwarz(Jacobi)+Bicgstab:  Solving for Ux, Initial residual = 8.085535675263233e-05, Final residual = 2.5027244621250845e-06, No Iterations 3, Solve time = 45.526 ms
Schwarz(Jacobi)+Bicgstab:  Solving for Uy, Initial residual = 0.004339184650990623, Final residual = 0.00013913481900000246, No Iterations 3, Solve time = 45.526 ms
Schwarz(Jacobi)+Bicgstab:  Solving for Uz, Initial residual = 0.0011131339869360909, Final residual = 4.650988775298412e-05, No Iterations 3, Solve time = 45.526 ms
[mem] after-UEqn: DEVICE_POOL current=19126 MB  actual(reserved)=38146 MB  highWater=24414 MB
[GinkgoSolver] p-cache: reuse(update_matrix_value) solve=40 rebuildInterval=0
config(Cg+Multigrid):  Solving for p, Initial residual = 0.001301892807292522, Final residual = 1.1718658273039909e-05, No Iterations 8, Solve time = 162.461 ms
time step continuity errors : sum local = 2.9386630635619114e-06, global = -3.6223328028372776e-08, cumulative = -6.430112714802497e-07
[mem] after-pEqn: DEVICE_POOL current=19126 MB  actual(reserved)=38146 MB  highWater=24414 MB
[GinkgoSolver] p-cache: reuse(update_matrix_value) solve=40 rebuildInterval=0
Schwarz(Jacobi)+Bicgstab:  Solving for omega, Initial residual = 1.309566159892064e-05, Final residual = 9.017876677100618e-07, No Iterations 2, Solve time = 13.651 ms
bounding omega, min: -44581.40215733581 max: 45355982.6610105 average: 6371.67188947787
[GinkgoSolver] p-cache: reuse(update_matrix_value) solve=40 rebuildInterval=0
Schwarz(Jacobi)+Bicgstab:  Solving for k, Initial residual = 0.0002497509678826471, Final residual = 9.718686716710553e-06, No Iterations 2, Solve time = 13.602 ms
bounding k, min: -0.11584817719452917 max: 872.0463291465608 average: 9.133465678737792
[mem] after-turb: DEVICE_POOL current=19126 MB  actual(reserved)=38146 MB  highWater=24414 MB
ExecutionTime = 74.01000000000001 s  ClockTime = 75 s

Time = 1041
[mem] step-start: DEVICE_POOL current=19126 MB  actual(reserved)=38146 MB  highWater=24414 MB
Schwarz(Jacobi)+Bicgstab:  Solving for Ux, Initial residual = 8.072975885997602e-05, Final residual = 4.543699812435681e-06, No Iterations 2, Solve time = 35.773 ms
Schwarz(Jacobi)+Bicgstab:  Solving for Uy, Initial residual = 0.004345654531015342, Final residual = 0.00043543174686464734, No Iterations 2, Solve time = 35.773 ms
Schwarz(Jacobi)+Bicgstab:  Solving for Uz, Initial residual = 0.0011157095926241935, Final residual = 7.551089538335248e-05, No Iterations 2, Solve time = 35.773 ms
[mem] after-UEqn: DEVICE_POOL current=19126 MB  actual(reserved)=38146 MB  highWater=24414 MB
[GinkgoSolver] p-cache: reuse(update_matrix_value) solve=41 rebuildInterval=0
config(Cg+Multigrid):  Solving for p, Initial residual = 0.001310202988588461, Final residual = 1.1975685376924701e-05, No Iterations 8, Solve time = 163.371 ms
time step continuity errors : sum local = 3.005117190012433e-06, global = -3.0181457189257906e-08, cumulative = -6.731927286695076e-07
[mem] after-pEqn: DEVICE_POOL current=19126 MB  actual(reserved)=38146 MB  highWater=24414 MB
[GinkgoSolver] p-cache: reuse(update_matrix_value) solve=41 rebuildInterval=0
Schwarz(Jacobi)+Bicgstab:  Solving for omega, Initial residual = 1.3041087430503497e-05, Final residual = 9.096926583251758e-07, No Iterations 2, Solve time = 13.505 ms
bounding omega, min: -45010.97449950751 max: 45355982.641877815 average: 6371.696083394082
[GinkgoSolver] p-cache: reuse(update_matrix_value) solve=41 rebuildInterval=0
Schwarz(Jacobi)+Bicgstab:  Solving for k, Initial residual = 0.0002500203447016733, Final residual = 1.4781532730116542e-05, No Iterations 2, Solve time = 13.616 ms
bounding k, min: -0.17777381229535416 max: 871.9788439639383 average: 9.133460108537294
[mem] after-turb: DEVICE_POOL current=19126 MB  actual(reserved)=38146 MB  highWater=24414 MB
ExecutionTime = 74.78 s  ClockTime = 76 s

Time = 1042
[mem] step-start: DEVICE_POOL current=19126 MB  actual(reserved)=38146 MB  highWater=24414 MB
Schwarz(Jacobi)+Bicgstab:  Solving for Ux, Initial residual = 8.097960528723147e-05, Final residual = 4.649184973086825e-06, No Iterations 2, Solve time = 35.632 ms
Schwarz(Jacobi)+Bicgstab:  Solving for Uy, Initial residual = 0.0043309273179668204, Final residual = 0.0007213415600590808, No Iterations 2, Solve time = 35.632 ms
Schwarz(Jacobi)+Bicgstab:  Solving for Uz, Initial residual = 0.001122649807147028, Final residual = 7.530456484790415e-05, No Iterations 2, Solve time = 35.632 ms
[mem] after-UEqn: DEVICE_POOL current=19126 MB  actual(reserved)=38146 MB  highWater=24414 MB
[GinkgoSolver] p-cache: reuse(update_matrix_value) solve=42 rebuildInterval=0
config(Cg+Multigrid):  Solving for p, Initial residual = 0.0013053656586129623, Final residual = 1.1730795170806712e-05, No Iterations 8, Solve time = 164.499 ms
time step continuity errors : sum local = 2.945679995956366e-06, global = -2.57740647822132e-08, cumulative = -6.989667934517208e-07
[mem] after-pEqn: DEVICE_POOL current=19126 MB  actual(reserved)=38146 MB  highWater=24414 MB
[GinkgoSolver] p-cache: reuse(update_matrix_value) solve=42 rebuildInterval=0
Schwarz(Jacobi)+Bicgstab:  Solving for omega, Initial residual = 1.306767467167638e-05, Final residual = 9.170566665029625e-07, No Iterations 2, Solve time = 13.752 ms
bounding omega, min: -229228.07884477964 max: 45355982.62847162 average: 6371.831695361366
[GinkgoSolver] p-cache: reuse(update_matrix_value) solve=42 rebuildInterval=0
Schwarz(Jacobi)+Bicgstab:  Solving for k, Initial residual = 0.0002500347133956976, Final residual = 8.15068191855952e-06, No Iterations 3, Solve time = 16.893 ms
bounding k, min: -8.949558516847495e-08 max: 871.8861670133866 average: 9.133500451752539
[mem] after-turb: DEVICE_POOL current=19126 MB  actual(reserved)=38146 MB  highWater=24414 MB
ExecutionTime = 75.55 s  ClockTime = 77 s

Time = 1043
[mem] step-start: DEVICE_POOL current=19126 MB  actual(reserved)=38146 MB  highWater=24414 MB
Schwarz(Jacobi)+Bicgstab:  Solving for Ux, Initial residual = 8.097436392708375e-05, Final residual = 5.554146105224611e-06, No Iterations 3, Solve time = 45.726 ms
Schwarz(Jacobi)+Bicgstab:  Solving for Uy, Initial residual = 0.004382605690308984, Final residual = 0.00014202786227995534, No Iterations 3, Solve time = 45.726 ms
Schwarz(Jacobi)+Bicgstab:  Solving for Uz, Initial residual = 0.001124162771645076, Final residual = 4.6241808381548014e-05, No Iterations 3, Solve time = 45.726 ms
[mem] after-UEqn: DEVICE_POOL current=19126 MB  actual(reserved)=38146 MB  highWater=24414 MB
[GinkgoSolver] p-cache: reuse(update_matrix_value) solve=43 rebuildInterval=0
config(Cg+Multigrid):  Solving for p, Initial residual = 0.0013118305009014598, Final residual = 1.2048938465664453e-05, No Iterations 8, Solve time = 162.893 ms
time step continuity errors : sum local = 3.0272070902118168e-06, global = -2.230683258356658e-08, cumulative = -7.212736260352874e-07
[mem] after-pEqn: DEVICE_POOL current=19126 MB  actual(reserved)=38146 MB  highWater=24414 MB
[GinkgoSolver] p-cache: reuse(update_matrix_value) solve=43 rebuildInterval=0
Schwarz(Jacobi)+Bicgstab:  Solving for omega, Initial residual = 1.3279699471277144e-05, Final residual = 9.187938590007508e-07, No Iterations 2, Solve time = 13.609 ms
bounding omega, min: -45863.58489422589 max: 45355982.61469207 average: 6371.766201652727
[GinkgoSolver] p-cache: reuse(update_matrix_value) solve=43 rebuildInterval=0
Schwarz(Jacobi)+Bicgstab:  Solving for k, Initial residual = 0.00024874846321031334, Final residual = 1.5927010395188977e-05, No Iterations 2, Solve time = 13.589 ms
bounding k, min: -5.365234989327458e-05 max: 871.7653504787152 average: 9.13345183955357
[mem] after-turb: DEVICE_POOL current=19126 MB  actual(reserved)=38146 MB  highWater=24414 MB
ExecutionTime = 76.31999999999999 s  ClockTime = 77 s

Time = 1044
[mem] step-start: DEVICE_POOL current=19126 MB  actual(reserved)=38146 MB  highWater=24414 MB
Schwarz(Jacobi)+Bicgstab:  Solving for Ux, Initial residual = 8.112182308242436e-05, Final residual = 4.407609969858445e-06, No Iterations 3, Solve time = 45.589 ms
Schwarz(Jacobi)+Bicgstab:  Solving for Uy, Initial residual = 0.004399297392414617, Final residual = 0.00014247855835740125, No Iterations 3, Solve time = 45.589 ms
Schwarz(Jacobi)+Bicgstab:  Solving for Uz, Initial residual = 0.0011240597464212579, Final residual = 3.745353993792173e-05, No Iterations 3, Solve time = 45.589 ms
[mem] after-UEqn: DEVICE_POOL current=19126 MB  actual(reserved)=38146 MB  highWater=24414 MB
[GinkgoSolver] p-cache: reuse(update_matrix_value) solve=44 rebuildInterval=0
config(Cg+Multigrid):  Solving for p, Initial residual = 0.0013103822264704582, Final residual = 1.2493630620774627e-05, No Iterations 8, Solve time = 163.526 ms
time step continuity errors : sum local = 3.1399843296773153e-06, global = -2.3283284416772396e-08, cumulative = -7.445569104520598e-07
[mem] after-pEqn: DEVICE_POOL current=19126 MB  actual(reserved)=38146 MB  highWater=24414 MB
[GinkgoSolver] p-cache: reuse(update_matrix_value) solve=44 rebuildInterval=0
Schwarz(Jacobi)+Bicgstab:  Solving for omega, Initial residual = 1.3303396048185634e-05, Final residual = 9.150586717426098e-07, No Iterations 2, Solve time = 13.681 ms
bounding omega, min: -46034.88417604519 max: 45355982.6033766 average: 6371.66458435765
[GinkgoSolver] p-cache: reuse(update_matrix_value) solve=44 rebuildInterval=0
Schwarz(Jacobi)+Bicgstab:  Solving for k, Initial residual = 0.00024959661059320635, Final residual = 1.42658009037186e-05, No Iterations 2, Solve time = 13.57 ms
bounding k, min: -0.00016975546997237214 max: 871.6060085569076 average: 9.133487822526266
[mem] after-turb: DEVICE_POOL current=19126 MB  actual(reserved)=38146 MB  highWater=24414 MB
ExecutionTime = 77.09999999999999 s  ClockTime = 78 s

Time = 1045
[mem] step-start: DEVICE_POOL current=19126 MB  actual(reserved)=38146 MB  highWater=24414 MB
Schwarz(Jacobi)+Bicgstab:  Solving for Ux, Initial residual = 8.115481946293493e-05, Final residual = 4.7829790948601615e-06, No Iterations 3, Solve time = 45.633 ms
Schwarz(Jacobi)+Bicgstab:  Solving for Uy, Initial residual = 0.004413681708232591, Final residual = 0.0001448910511389799, No Iterations 3, Solve time = 45.633 ms
Schwarz(Jacobi)+Bicgstab:  Solving for Uz, Initial residual = 0.00112420387095041, Final residual = 4.140439660706928e-05, No Iterations 3, Solve time = 45.633 ms
[mem] after-UEqn: DEVICE_POOL current=19126 MB  actual(reserved)=38146 MB  highWater=24414 MB
[GinkgoSolver] p-cache: reuse(update_matrix_value) solve=45 rebuildInterval=0
config(Cg+Multigrid):  Solving for p, Initial residual = 0.0013081194515671703, Final residual = 1.2952926370693258e-05, No Iterations 8, Solve time = 162.743 ms
time step continuity errors : sum local = 3.2556610182200256e-06, global = -2.868164030720166e-08, cumulative = -7.732385507592614e-07
[mem] after-pEqn: DEVICE_POOL current=19126 MB  actual(reserved)=38146 MB  highWater=24414 MB
[GinkgoSolver] p-cache: reuse(update_matrix_value) solve=45 rebuildInterval=0
Schwarz(Jacobi)+Bicgstab:  Solving for omega, Initial residual = 1.3253189662450706e-05, Final residual = 9.182104631425224e-07, No Iterations 2, Solve time = 13.609 ms
bounding omega, min: -46485.88574453669 max: 45355982.595967114 average: 6371.597594284365
[GinkgoSolver] p-cache: reuse(update_matrix_value) solve=45 rebuildInterval=0
Schwarz(Jacobi)+Bicgstab:  Solving for k, Initial residual = 0.00025031886529069573, Final residual = 1.4057807318654127e-05, No Iterations 2, Solve time = 13.521 ms
bounding k, min: -9.438085994429546e-05 max: 871.4154446568573 average: 9.133618171767154
[mem] after-turb: DEVICE_POOL current=19126 MB  actual(reserved)=38146 MB  highWater=24414 MB
ExecutionTime = 77.89 s  ClockTime = 79 s

Time = 1046
[mem] step-start: DEVICE_POOL current=19126 MB  actual(reserved)=38146 MB  highWater=24414 MB
Schwarz(Jacobi)+Bicgstab:  Solving for Ux, Initial residual = 8.124030743445694e-05, Final residual = 4.211311329927149e-06, No Iterations 3, Solve time = 45.528 ms
Schwarz(Jacobi)+Bicgstab:  Solving for Uy, Initial residual = 0.004424232713922126, Final residual = 0.00014654624309566112, No Iterations 3, Solve time = 45.528 ms
Schwarz(Jacobi)+Bicgstab:  Solving for Uz, Initial residual = 0.0011255067395605366, Final residual = 3.768477232872848e-05, No Iterations 3, Solve time = 45.528 ms
[mem] after-UEqn: DEVICE_POOL current=19126 MB  actual(reserved)=38146 MB  highWater=24414 MB
[GinkgoSolver] p-cache: reuse(update_matrix_value) solve=46 rebuildInterval=0
config(Cg+Multigrid):  Solving for p, Initial residual = 0.0013039256170575126, Final residual = 1.211319913282033e-05, No Iterations 9, Solve time = 177.228 ms
time step continuity errors : sum local = 3.043889001197132e-06, global = -3.7684935238210486e-08, cumulative = -8.109234859974719e-07
[mem] after-pEqn: DEVICE_POOL current=19126 MB  actual(reserved)=38146 MB  highWater=24414 MB
[GinkgoSolver] p-cache: reuse(update_matrix_value) solve=46 rebuildInterval=0
Schwarz(Jacobi)+Bicgstab:  Solving for omega, Initial residual = 1.324099233282252e-05, Final residual = 9.170831473546601e-07, No Iterations 2, Solve time = 13.606 ms
bounding omega, min: -189484.19259086717 max: 45355982.59207761 average: 6371.493446292537
[GinkgoSolver] p-cache: reuse(update_matrix_value) solve=46 rebuildInterval=0
Schwarz(Jacobi)+Bicgstab:  Solving for k, Initial residual = 0.00025089515969647187, Final residual = 1.3916123238392212e-05, No Iterations 2, Solve time = 13.609 ms
bounding k, min: -0.0021577448865427486 max: 871.1985071103817 average: 9.133788072784744
[mem] after-turb: DEVICE_POOL current=19126 MB  actual(reserved)=38146 MB  highWater=24414 MB
ExecutionTime = 78.68000000000001 s  ClockTime = 80 s

Time = 1047
[mem] step-start: DEVICE_POOL current=19126 MB  actual(reserved)=38146 MB  highWater=24414 MB
Schwarz(Jacobi)+Bicgstab:  Solving for Ux, Initial residual = 8.127707087493583e-05, Final residual = 4.40959805412786e-06, No Iterations 3, Solve time = 45.539 ms
Schwarz(Jacobi)+Bicgstab:  Solving for Uy, Initial residual = 0.004430994095420017, Final residual = 0.00014753478464749653, No Iterations 3, Solve time = 45.539 ms
Schwarz(Jacobi)+Bicgstab:  Solving for Uz, Initial residual = 0.0011268940652199599, Final residual = 5.33670956549875e-05, No Iterations 3, Solve time = 45.539 ms
[mem] after-UEqn: DEVICE_POOL current=19126 MB  actual(reserved)=38146 MB  highWater=24414 MB
[GinkgoSolver] p-cache: reuse(update_matrix_value) solve=47 rebuildInterval=0
config(Cg+Multigrid):  Solving for p, Initial residual = 0.0013019946419462742, Final residual = 9.447897203334475e-06, No Iterations 14, Solve time = 251.635 ms
time step continuity errors : sum local = 2.3723197393495403e-06, global = -4.345762204575842e-08, cumulative = -8.543811080432303e-07
[mem] after-pEqn: DEVICE_POOL current=19126 MB  actual(reserved)=38146 MB  highWater=24414 MB
[GinkgoSolver] p-cache: reuse(update_matrix_value) solve=47 rebuildInterval=0
Schwarz(Jacobi)+Bicgstab:  Solving for omega, Initial residual = 1.3244829386281686e-05, Final residual = 9.136201680143864e-07, No Iterations 2, Solve time = 13.574 ms
bounding omega, min: -47179.6613797037 max: 45355982.59108851 average: 6371.479251557526
[GinkgoSolver] p-cache: reuse(update_matrix_value) solve=47 rebuildInterval=0
Schwarz(Jacobi)+Bicgstab:  Solving for k, Initial residual = 0.0002514134758014352, Final residual = 1.3868895094169882e-05, No Iterations 2, Solve time = 13.604 ms
bounding k, min: -0.0010770459686441883 max: 870.9770543555255 average: 9.134038833758588
[mem] after-turb: DEVICE_POOL current=19126 MB  actual(reserved)=38146 MB  highWater=24414 MB
ExecutionTime = 79.55 s  ClockTime = 81 s

Time = 1048
[mem] step-start: DEVICE_POOL current=19126 MB  actual(reserved)=38146 MB  highWater=24414 MB
Schwarz(Jacobi)+Bicgstab:  Solving for Ux, Initial residual = 8.135041134989585e-05, Final residual = 4.86007962877734e-06, No Iterations 2, Solve time = 35.826 ms
Schwarz(Jacobi)+Bicgstab:  Solving for Uy, Initial residual = 0.004434570004687309, Final residual = 0.0007166172502708836, No Iterations 2, Solve time = 35.826 ms
Schwarz(Jacobi)+Bicgstab:  Solving for Uz, Initial residual = 0.0011296647063136539, Final residual = 7.733661081571998e-05, No Iterations 2, Solve time = 35.826 ms
[mem] after-UEqn: DEVICE_POOL current=19126 MB  actual(reserved)=38146 MB  highWater=24414 MB
[GinkgoSolver] p-cache: reuse(update_matrix_value) solve=48 rebuildInterval=0
config(Cg+Multigrid):  Solving for p, Initial residual = 0.001328505169313591, Final residual = 1.1785848709236512e-05, No Iterations 8, Solve time = 163.172 ms
time step continuity errors : sum local = 2.9468304182977227e-06, global = -5.4206914440992414e-08, cumulative = -9.085880224842227e-07
[mem] after-pEqn: DEVICE_POOL current=19126 MB  actual(reserved)=38146 MB  highWater=24414 MB
[GinkgoSolver] p-cache: reuse(update_matrix_value) solve=48 rebuildInterval=0
Schwarz(Jacobi)+Bicgstab:  Solving for omega, Initial residual = 1.3247593663202274e-05, Final residual = 9.087942097888522e-07, No Iterations 2, Solve time = 13.637 ms
bounding omega, min: -47310.71738683995 max: 45355982.59245478 average: 6371.399380325088
[GinkgoSolver] p-cache: reuse(update_matrix_value) solve=48 rebuildInterval=0
Schwarz(Jacobi)+Bicgstab:  Solving for k, Initial residual = 0.00025208149890639854, Final residual = 1.3875620231335695e-05, No Iterations 2, Solve time = 13.614 ms
bounding k, min: -0.00218734341704025 max: 870.7243383760676 average: 9.13421172271564
[mem] after-turb: DEVICE_POOL current=19126 MB  actual(reserved)=38146 MB  highWater=24414 MB
ExecutionTime = 80.31999999999999 s  ClockTime = 81 s

Time = 1049
[mem] step-start: DEVICE_POOL current=19126 MB  actual(reserved)=38146 MB  highWater=24414 MB
Schwarz(Jacobi)+Bicgstab:  Solving for Ux, Initial residual = 8.158415798615157e-05, Final residual = 3.6218620813661524e-06, No Iterations 3, Solve time = 45.627 ms
Schwarz(Jacobi)+Bicgstab:  Solving for Uy, Initial residual = 0.004406397097165173, Final residual = 0.00017364236891597907, No Iterations 3, Solve time = 45.627 ms
Schwarz(Jacobi)+Bicgstab:  Solving for Uz, Initial residual = 0.0011372891638642825, Final residual = 6.331854940880424e-05, No Iterations 3, Solve time = 45.627 ms
[mem] after-UEqn: DEVICE_POOL current=19126 MB  actual(reserved)=38146 MB  highWater=24414 MB
[GinkgoSolver] p-cache: reuse(update_matrix_value) solve=49 rebuildInterval=0
config(Cg+Multigrid):  Solving for p, Initial residual = 0.0013108115873423814, Final residual = 1.1557883109867177e-05, No Iterations 8, Solve time = 161.232 ms
time step continuity errors : sum local = 2.8881789129597018e-06, global = -6.943335345370115e-08, cumulative = -9.78021375937924e-07
[mem] after-pEqn: DEVICE_POOL current=19126 MB  actual(reserved)=38146 MB  highWater=24414 MB
[GinkgoSolver] p-cache: reuse(update_matrix_value) solve=49 rebuildInterval=0
Schwarz(Jacobi)+Bicgstab:  Solving for omega, Initial residual = 1.3249528072189964e-05, Final residual = 9.105443289550526e-07, No Iterations 2, Solve time = 13.655 ms
bounding omega, min: -47588.61906273256 max: 45355982.59631424 average: 6371.335303065358
[GinkgoSolver] p-cache: reuse(update_matrix_value) solve=49 rebuildInterval=0
Schwarz(Jacobi)+Bicgstab:  Solving for k, Initial residual = 0.00025238254673897397, Final residual = 1.3854960625418905e-05, No Iterations 2, Solve time = 13.598 ms
bounding k, min: -0.0008669284435924417 max: 870.4950696899508 average: 9.13448199966925
[mem] after-turb: DEVICE_POOL current=19126 MB  actual(reserved)=38146 MB  highWater=24414 MB
ExecutionTime = 81.09 s  ClockTime = 82 s

Time = 1050
[mem] step-start: DEVICE_POOL current=19126 MB  actual(reserved)=38146 MB  highWater=24414 MB
Schwarz(Jacobi)+Bicgstab:  Solving for Ux, Initial residual = 8.157768875176775e-05, Final residual = 4.755283475523297e-06, No Iterations 2, Solve time = 35.695 ms
Schwarz(Jacobi)+Bicgstab:  Solving for Uy, Initial residual = 0.004399336613489278, Final residual = 0.0007286048280116791, No Iterations 2, Solve time = 35.695 ms
Schwarz(Jacobi)+Bicgstab:  Solving for Uz, Initial residual = 0.0011408881124430868, Final residual = 8.003554545250328e-05, No Iterations 2, Solve time = 35.695 ms
[mem] after-UEqn: DEVICE_POOL current=19126 MB  actual(reserved)=38146 MB  highWater=24414 MB
[GinkgoSolver] p-cache: reuse(update_matrix_value) solve=50 rebuildInterval=0
config(Cg+Multigrid):  Solving for p, Initial residual = 0.0013148777295653989, Final residual = 1.2480567741468918e-05, No Iterations 8, Solve time = 163.356 ms
time step continuity errors : sum local = 3.11787306891879e-06, global = -8.132567571480608e-08, cumulative = -1.05934705165273e-06
[mem] after-pEqn: DEVICE_POOL current=19126 MB  actual(reserved)=38146 MB  highWater=24414 MB
[GinkgoSolver] p-cache: reuse(update_matrix_value) solve=50 rebuildInterval=0
Schwarz(Jacobi)+Bicgstab:  Solving for omega, Initial residual = 1.3254648142850353e-05, Final residual = 9.088099634244085e-07, No Iterations 2, Solve time = 13.592 ms
bounding omega, min: -136623.5414992671 max: 45355982.60292815 average: 6371.3692494742345
[GinkgoSolver] p-cache: reuse(update_matrix_value) solve=50 rebuildInterval=0
Schwarz(Jacobi)+Bicgstab:  Solving for k, Initial residual = 0.0002525180917122176, Final residual = 1.3923954954382617e-05, No Iterations 2, Solve time = 13.629 ms
bounding k, min: -0.0010096101246083948 max: 870.2990545643229 average: 9.135029083878415
[mem] after-turb: DEVICE_POOL current=19126 MB  actual(reserved)=38146 MB  highWater=24414 MB
Writing p
Writing U
Writing turbulence variables
ExecutionTime = 83.03 s  ClockTime = 85 s

Finalizing NeoN
Finalising parallel run
