/*---------------------------------------------------------------------------*\
| =========                 |                                                 |
| \\      /  F ield         | OpenFOAM: The Open Source CFD Toolbox           |
|  \\    /   O peration     | Version:  2506                                  |
|   \\  /    A nd           | Website:  www.openfoam.com                      |
|    \\/     M anipulation  |                                                 |
\*---------------------------------------------------------------------------*/
Build  : b050cd9480-20250814 OPENFOAM=2506 version=v2506
Arch   : "LSB;label=32;scalar=64"
Exec   : /storage/home/greole/code/NeoFOAM/build/profilingnvidia_h200/bin/neoSimpleFoam -parallel
Date   : Jul 15 2026
Time   : 21:42:22
Host   : gpu-nvidia-h200-3.int.coma-cluster.de
PID    : 3864217
I/O    : uncollated
Case   : /storage/home/greole/code/NeoFOAM/occDrivAerStaticMesh
nProcs : 4
Hosts  :
(
    (gpu-nvidia-h200-3.int.coma-cluster.de 4)
)
Pstream initialized with:
    node communication : off [type=host] (4 ranks, 1 nodes)
    topology controls  : none
    consensus exchange : 0 (tuning: 0)
    exchange algorithm : 0
    commsType          : nonBlocking
    polling iterations : 0
trapFpe: Floating point exception trapping enabled (FOAM_SIGFPE).
fileModificationChecking : Monitoring run-time modified files using timeStampMaster (fileModificationSkew 5, maxFileModificationPolls 20)
allowSystemOperations : Allowing user-supplied system call operations

// * * * * * * * * * * * * * * * * * * * * * * * * * * * * * * * * * * * * * //
Create time

Initializing NeoN
Creating Executor GPU
Creating NeoFOAM runTime
GPU-aware MPI: library-available=yes, NeoN-flag=on, executor=GPUExecutor, ranks=4 -> used=yes

SIMPLE: no convergence criteria found. Calculations will run for 50 steps.

Reading field p

Reading field U

Reading/calculating face flux field phi

Selecting incompressible transport model Newtonian
NeoFOAM solver config (from fvSolution configFile) for 'config(Cg+Multigrid)':
{
    cacheSolver: true
    configFile: <NeoN::TokenList>
    l1ScaledResidual: true
    preconditionerRebuildInterval: 0
    relTol: 0.010000
    reportName: config(Cg+Multigrid)
    solver: Ginkgo
    tolerance: 0.000000
}
    effective optimize: false
    effective checkFrequency: 1
Mapping OpenFOAM solver settings to NeoN settings.
Currently, it is advisable to specify a configFile
for fine grained Ginkgo solver control

Replacing solver PBiCGStab by solver::Bicgstab
Replacing preconditioner diagonal by preconditioner::Schwarz (Schwarz-wrapped for distributed run)
NeoFOAM solver config (mapped from fvSolution) for 'Schwarz(Jacobi)+Bicgstab':
{
    cacheSolver: true
    criteria: {
        absolute_residual_norm: 0.000000
        initial_residual_norm: 0.100000
        iteration: 1000
    }
    l1ScaledResidual: true
    optimize: true
    preconditioner: {
        local_solver: {
            max_block_size: 1
            type: preconditioner::Jacobi
        }
        type: preconditioner::Schwarz
    }
    reportName: Schwarz(Jacobi)+Bicgstab
    solver: Ginkgo
    type: solver::Bicgstab
}
    effective optimize: true
    effective checkFrequency: 1
Creating phi

[NF][/storage/home/greole/code/NeoFOAM/include/NeoFOAM/auxiliary/readers.hpp::434]: Internal: 49333487, Boundary: 1754396

[NF][/storage/home/greole/code/NeoFOAM/include/NeoFOAM/auxiliary/readers.hpp::434]: Internal: 49320882, Boundary: 1762558

[NF][/storage/home/greole/code/NeoFOAM/include/NeoFOAM/auxiliary/readers.hpp::434]: Internal: 49261542, Boundary: 1427829

[NF][/storage/home/greole/code/NeoFOAM/include/NeoFOAM/auxiliary/readers.hpp::434]: Internal: 49243125, Boundary: 1362247
Selecting patchDistMethod meshWave
Mapping OpenFOAM solver settings to NeoN settings.
Currently, it is advisable to specify a configFile
for fine grained Ginkgo solver control

Replacing solver PBiCGStab by solver::Bicgstab
Replacing preconditioner diagonal by preconditioner::Schwarz (Schwarz-wrapped for distributed run)
NeoFOAM solver config (mapped from fvSolution) for 'Schwarz(Jacobi)+Bicgstab':
{
    cacheSolver: true
    criteria: {
        absolute_residual_norm: 0.000000
        initial_residual_norm: 0.100000
        iteration: 1000
    }
    l1ScaledResidual: true
    optimize: true
    preconditioner: {
        local_solver: {
            max_block_size: 1
            type: preconditioner::Jacobi
        }
        type: preconditioner::Schwarz
    }
    reportName: Schwarz(Jacobi)+Bicgstab
    solver: Ginkgo
    type: solver::Bicgstab
}
    effective optimize: true
    effective checkFrequency: 1
Mapping OpenFOAM solver settings to NeoN settings.
Currently, it is advisable to specify a configFile
for fine grained Ginkgo solver control

Replacing solver PBiCGStab by solver::Bicgstab
Replacing preconditioner diagonal by preconditioner::Schwarz (Schwarz-wrapped for distributed run)
NeoFOAM solver config (mapped from fvSolution) for 'Schwarz(Jacobi)+Bicgstab':
{
    cacheSolver: true
    criteria: {
        absolute_residual_norm: 0.000000
        initial_residual_norm: 0.100000
        iteration: 1000
    }
    l1ScaledResidual: true
    optimize: true
    preconditioner: {
        local_solver: {
            max_block_size: 1
            type: preconditioner::Jacobi
        }
        type: preconditioner::Schwarz
    }
    reportName: Schwarz(Jacobi)+Bicgstab
    solver: Ginkgo
    type: solver::Bicgstab
}
    effective optimize: true
    effective checkFrequency: 1
[mem] setup.end: DEVICE_POOL current=12979 MB  actual(reserved)=38146 MB  highWater=19132 MB
Starting time loop
Time = 1001
[mem] step-start: DEVICE_POOL current=12979 MB  actual(reserved)=38146 MB  highWater=19132 MB
Schwarz(Jacobi)+Bicgstab:  Solving for Ux, Initial residual = 7.915653595473792e-05, Final residual = 3.1179240294665314e-06, No Iterations 3, Solve time = 239.041 ms
Schwarz(Jacobi)+Bicgstab:  Solving for Uy, Initial residual = 0.004031496388501875, Final residual = 0.0001416085236941068, No Iterations 3, Solve time = 239.041 ms
Schwarz(Jacobi)+Bicgstab:  Solving for Uz, Initial residual = 0.0011224948656558269, Final residual = 4.8975396728924944e-05, No Iterations 3, Solve time = 239.041 ms
[mem] after-UEqn: DEVICE_POOL current=15473 MB  actual(reserved)=38146 MB  highWater=20761 MB
[GinkgoSolver] p-cache: rebuild(generate) solve=1 rebuildInterval=0
config(Cg+Multigrid):  Solving for p, Initial residual = 0.0013092178421723118, Final residual = 1.0652340351520891e-05, No Iterations 9, Solve time = 926.923 ms
time step continuity errors : sum local = 2.6900700144015175e-06, global = 3.4328627791975707e-07, cumulative = 3.4328627791975707e-07
[mem] after-pEqn: DEVICE_POOL current=16941 MB  actual(reserved)=38146 MB  highWater=20761 MB
[GinkgoSolver] p-cache: rebuild(generate) solve=1 rebuildInterval=0
Schwarz(Jacobi)+Bicgstab:  Solving for omega, Initial residual = 1.3008735066165632e-05, Final residual = 9.26953848547382e-07, No Iterations 2, Solve time = 79.842 ms
bounding omega, min: -36024.17288491837 max: 45355982.77769652 average: 6373.8681365868315
[GinkgoSolver] p-cache: rebuild(generate) solve=1 rebuildInterval=0
Schwarz(Jacobi)+Bicgstab:  Solving for k, Initial residual = 0.00024224160592220485, Final residual = 9.448653266617643e-06, No Iterations 3, Solve time = 98.101 ms
bounding k, min: -2.4611059945646803e-05 max: 942.8730587122317 average: 9.1527586549985
[mem] after-turb: DEVICE_POOL current=19126 MB  actual(reserved)=38146 MB  highWater=21935 MB
ExecutionTime = 48.41 s  ClockTime = 49 s

Time = 1002
[mem] step-start: DEVICE_POOL current=19126 MB  actual(reserved)=38146 MB  highWater=21935 MB
Schwarz(Jacobi)+Bicgstab:  Solving for Ux, Initial residual = 7.875136738816632e-05, Final residual = 2.9924128003871023e-06, No Iterations 3, Solve time = 232.13 ms
Schwarz(Jacobi)+Bicgstab:  Solving for Uy, Initial residual = 0.004033647263125885, Final residual = 0.00014047497940171248, No Iterations 3, Solve time = 232.13 ms
Schwarz(Jacobi)+Bicgstab:  Solving for Uz, Initial residual = 0.0011190714048948801, Final residual = 4.11923359736844e-05, No Iterations 3, Solve time = 232.13 ms
[mem] after-UEqn: DEVICE_POOL current=19126 MB  actual(reserved)=38146 MB  highWater=24414 MB
[GinkgoSolver] p-cache: reuse(update_matrix_value) solve=2 rebuildInterval=0
config(Cg+Multigrid):  Solving for p, Initial residual = 0.0012774827515520861, Final residual = 1.266171986621913e-05, No Iterations 8, Solve time = 834.948 ms
time step continuity errors : sum local = 3.1999516070707228e-06, global = 1.796799335553345e-07, cumulative = 5.229662114750915e-07
[mem] after-pEqn: DEVICE_POOL current=19126 MB  actual(reserved)=38146 MB  highWater=24414 MB
[GinkgoSolver] p-cache: reuse(update_matrix_value) solve=2 rebuildInterval=0
Schwarz(Jacobi)+Bicgstab:  Solving for omega, Initial residual = 1.312040484201973e-05, Final residual = 8.756715571025948e-07, No Iterations 2, Solve time = 85.546 ms
bounding omega, min: -93220.22410710422 max: 45355982.85218507 average: 6373.59445636998
[GinkgoSolver] p-cache: reuse(update_matrix_value) solve=2 rebuildInterval=0
Schwarz(Jacobi)+Bicgstab:  Solving for k, Initial residual = 0.00024149151923076172, Final residual = 1.140866938463851e-05, No Iterations 2, Solve time = 73.765 ms
bounding k, min: -0.0002928947357733082 max: 934.2139710819263 average: 9.152492294765432
[mem] after-turb: DEVICE_POOL current=19126 MB  actual(reserved)=38146 MB  highWater=24414 MB
ExecutionTime = 50.88 s  ClockTime = 51 s

Time = 1003
[mem] step-start: DEVICE_POOL current=19126 MB  actual(reserved)=38146 MB  highWater=24414 MB
Schwarz(Jacobi)+Bicgstab:  Solving for Ux, Initial residual = 7.857888083493397e-05, Final residual = 2.4123102387793362e-06, No Iterations 3, Solve time = 227.88 ms
Schwarz(Jacobi)+Bicgstab:  Solving for Uy, Initial residual = 0.004030448162974654, Final residual = 0.00013669482791393728, No Iterations 3, Solve time = 227.88 ms
Schwarz(Jacobi)+Bicgstab:  Solving for Uz, Initial residual = 0.001117676684862638, Final residual = 3.9101795841990084e-05, No Iterations 3, Solve time = 227.88 ms
[mem] after-UEqn: DEVICE_POOL current=19126 MB  actual(reserved)=38146 MB  highWater=24414 MB
[GinkgoSolver] p-cache: reuse(update_matrix_value) solve=3 rebuildInterval=0
config(Cg+Multigrid):  Solving for p, Initial residual = 0.0012686267954826356, Final residual = 1.264711795981097e-05, No Iterations 8, Solve time = 829.277 ms
time step continuity errors : sum local = 3.1959422130460632e-06, global = 2.035963766257879e-07, cumulative = 7.265625881008794e-07
[mem] after-pEqn: DEVICE_POOL current=19126 MB  actual(reserved)=38146 MB  highWater=24414 MB
[GinkgoSolver] p-cache: reuse(update_matrix_value) solve=3 rebuildInterval=0
Schwarz(Jacobi)+Bicgstab:  Solving for omega, Initial residual = 1.2975307246611896e-05, Final residual = 8.494456966022481e-07, No Iterations 2, Solve time = 91.974 ms
bounding omega, min: -36271.08736570791 max: 45355982.93909749 average: 6373.463298376285
[GinkgoSolver] p-cache: reuse(update_matrix_value) solve=3 rebuildInterval=0
Schwarz(Jacobi)+Bicgstab:  Solving for k, Initial residual = 0.00024127456734025855, Final residual = 1.3117745488409505e-05, No Iterations 2, Solve time = 77.746 ms
bounding k, min: -0.0006928521605365986 max: 922.1165434003269 average: 9.15231978620719
[mem] after-turb: DEVICE_POOL current=19126 MB  actual(reserved)=38146 MB  highWater=24414 MB
ExecutionTime = 53.36 s  ClockTime = 54 s

Time = 1004
[mem] step-start: DEVICE_POOL current=19126 MB  actual(reserved)=38146 MB  highWater=24414 MB
Schwarz(Jacobi)+Bicgstab:  Solving for Ux, Initial residual = 7.84751474735761e-05, Final residual = 2.0508654240605074e-06, No Iterations 3, Solve time = 228.305 ms
Schwarz(Jacobi)+Bicgstab:  Solving for Uy, Initial residual = 0.004025154336281261, Final residual = 0.00013314687855953223, No Iterations 3, Solve time = 228.305 ms
Schwarz(Jacobi)+Bicgstab:  Solving for Uz, Initial residual = 0.001117360998615994, Final residual = 4.121774921367221e-05, No Iterations 3, Solve time = 228.305 ms
[mem] after-UEqn: DEVICE_POOL current=19126 MB  actual(reserved)=38146 MB  highWater=24414 MB
[GinkgoSolver] p-cache: reuse(update_matrix_value) solve=4 rebuildInterval=0
config(Cg+Multigrid):  Solving for p, Initial residual = 0.0012671789648419692, Final residual = 1.2613477705041166e-05, No Iterations 8, Solve time = 836.853 ms
time step continuity errors : sum local = 3.1858357584976665e-06, global = 2.0545570659711328e-07, cumulative = 9.320182946979926e-07
[mem] after-pEqn: DEVICE_POOL current=19126 MB  actual(reserved)=38146 MB  highWater=24414 MB
[GinkgoSolver] p-cache: reuse(update_matrix_value) solve=4 rebuildInterval=0
Schwarz(Jacobi)+Bicgstab:  Solving for omega, Initial residual = 1.2864302422387196e-05, Final residual = 8.407321035516599e-07, No Iterations 2, Solve time = 92.196 ms
bounding omega, min: -34590.7469409565 max: 45355983.026565224 average: 6373.6094077685575
[GinkgoSolver] p-cache: reuse(update_matrix_value) solve=4 rebuildInterval=0
Schwarz(Jacobi)+Bicgstab:  Solving for k, Initial residual = 0.00024123813861669094, Final residual = 1.3716107692784073e-05, No Iterations 2, Solve time = 73.259 ms
bounding k, min: -0.005396649643976341 max: 907.4558842325807 average: 9.152105437260284
[mem] after-turb: DEVICE_POOL current=19126 MB  actual(reserved)=38146 MB  highWater=24414 MB
ExecutionTime = 55.8 s  ClockTime = 56 s

Time = 1005
[mem] step-start: DEVICE_POOL current=19126 MB  actual(reserved)=38146 MB  highWater=24414 MB
Schwarz(Jacobi)+Bicgstab:  Solving for Ux, Initial residual = 7.836670863798697e-05, Final residual = 3.872015261193651e-06, No Iterations 2, Solve time = 161.519 ms
Schwarz(Jacobi)+Bicgstab:  Solving for Uy, Initial residual = 0.004019583241010896, Final residual = 0.000249771442293921, No Iterations 2, Solve time = 161.519 ms
Schwarz(Jacobi)+Bicgstab:  Solving for Uz, Initial residual = 0.0011175999511015785, Final residual = 6.373458683315418e-05, No Iterations 2, Solve time = 161.519 ms
[mem] after-UEqn: DEVICE_POOL current=19126 MB  actual(reserved)=38146 MB  highWater=24414 MB
[GinkgoSolver] p-cache: reuse(update_matrix_value) solve=5 rebuildInterval=0
config(Cg+Multigrid):  Solving for p, Initial residual = 0.0012741326689426037, Final residual = 1.0753560301152754e-05, No Iterations 9, Solve time = 922.732 ms
time step continuity errors : sum local = 2.7140718005951776e-06, global = -2.0351078885492904e-07, cumulative = 7.285075058430637e-07
[mem] after-pEqn: DEVICE_POOL current=19126 MB  actual(reserved)=38146 MB  highWater=24414 MB
[GinkgoSolver] p-cache: reuse(update_matrix_value) solve=5 rebuildInterval=0
Schwarz(Jacobi)+Bicgstab:  Solving for omega, Initial residual = 1.28477487570012e-05, Final residual = 8.455645589294419e-07, No Iterations 2, Solve time = 73.99 ms
bounding omega, min: -35208.358062006824 max: 45355983.09890013 average: 6373.775410516789
[GinkgoSolver] p-cache: reuse(update_matrix_value) solve=5 rebuildInterval=0
Schwarz(Jacobi)+Bicgstab:  Solving for k, Initial residual = 0.00024164435517548343, Final residual = 1.3723919122855073e-05, No Iterations 2, Solve time = 77.398 ms
bounding k, min: -0.0023114666964577577 max: 900.248388335013 average: 9.151934728893306
[mem] after-turb: DEVICE_POOL current=19126 MB  actual(reserved)=38146 MB  highWater=24414 MB
ExecutionTime = 58.32 s  ClockTime = 59 s

Time = 1006
[mem] step-start: DEVICE_POOL current=19126 MB  actual(reserved)=38146 MB  highWater=24414 MB
Schwarz(Jacobi)+Bicgstab:  Solving for Ux, Initial residual = 7.84682231976024e-05, Final residual = 2.4610816925400654e-06, No Iterations 3, Solve time = 221.538 ms
Schwarz(Jacobi)+Bicgstab:  Solving for Uy, Initial residual = 0.00401153056470112, Final residual = 0.00015324587834808685, No Iterations 3, Solve time = 221.538 ms
Schwarz(Jacobi)+Bicgstab:  Solving for Uz, Initial residual = 0.001119262293100147, Final residual = 6.12892225405456e-05, No Iterations 3, Solve time = 221.538 ms
[mem] after-UEqn: DEVICE_POOL current=19126 MB  actual(reserved)=38146 MB  highWater=24414 MB
[GinkgoSolver] p-cache: reuse(update_matrix_value) solve=6 rebuildInterval=0
config(Cg+Multigrid):  Solving for p, Initial residual = 0.0012730468179571793, Final residual = 1.150202100563665e-05, No Iterations 8, Solve time = 830.029 ms
time step continuity errors : sum local = 2.90036327640019e-06, global = 9.889690194243268e-08, cumulative = 8.274044077854963e-07
[mem] after-pEqn: DEVICE_POOL current=19126 MB  actual(reserved)=38146 MB  highWater=24414 MB
[GinkgoSolver] p-cache: reuse(update_matrix_value) solve=6 rebuildInterval=0
Schwarz(Jacobi)+Bicgstab:  Solving for omega, Initial residual = 1.2811099735978221e-05, Final residual = 8.413010379262009e-07, No Iterations 2, Solve time = 90.056 ms
bounding omega, min: -127583.09860853617 max: 45355983.13995475 average: 6373.9410531754
[GinkgoSolver] p-cache: reuse(update_matrix_value) solve=6 rebuildInterval=0
Schwarz(Jacobi)+Bicgstab:  Solving for k, Initial residual = 0.000241711256344028, Final residual = 1.349371333812399e-05, No Iterations 2, Solve time = 86.641 ms
bounding k, min: -0.0023604807858285115 max: 894.3862477743755 average: 9.15171894685961
[mem] after-turb: DEVICE_POOL current=19126 MB  actual(reserved)=38146 MB  highWater=24414 MB
ExecutionTime = 60.78 s  ClockTime = 61 s

Time = 1007
[mem] step-start: DEVICE_POOL current=19126 MB  actual(reserved)=38146 MB  highWater=24414 MB
Schwarz(Jacobi)+Bicgstab:  Solving for Ux, Initial residual = 7.84101659572965e-05, Final residual = 4.254859776400083e-06, No Iterations 2, Solve time = 169.758 ms
Schwarz(Jacobi)+Bicgstab:  Solving for Uy, Initial residual = 0.004009068725127619, Final residual = 0.00048526544700283814, No Iterations 2, Solve time = 169.758 ms
Schwarz(Jacobi)+Bicgstab:  Solving for Uz, Initial residual = 0.0011201058586586233, Final residual = 7.066032081835851e-05, No Iterations 2, Solve time = 169.758 ms
[mem] after-UEqn: DEVICE_POOL current=19126 MB  actual(reserved)=38146 MB  highWater=24414 MB
[GinkgoSolver] p-cache: reuse(update_matrix_value) solve=7 rebuildInterval=0
config(Cg+Multigrid):  Solving for p, Initial residual = 0.001286392127616145, Final residual = 1.2503550197287922e-05, No Iterations 8, Solve time = 831.8 ms
time step continuity errors : sum local = 3.151189433369609e-06, global = 1.2041842063695268e-07, cumulative = 9.478228284224491e-07
[mem] after-pEqn: DEVICE_POOL current=19126 MB  actual(reserved)=38146 MB  highWater=24414 MB
[GinkgoSolver] p-cache: reuse(update_matrix_value) solve=7 rebuildInterval=0
Schwarz(Jacobi)+Bicgstab:  Solving for omega, Initial residual = 1.2811102969279922e-05, Final residual = 8.377966474053888e-07, No Iterations 2, Solve time = 89.143 ms
bounding omega, min: -33277.64765535733 max: 45355983.13690693 average: 6374.081084557491
[GinkgoSolver] p-cache: reuse(update_matrix_value) solve=7 rebuildInterval=0
Schwarz(Jacobi)+Bicgstab:  Solving for k, Initial residual = 0.00024219684144939472, Final residual = 1.3418136952570753e-05, No Iterations 2, Solve time = 73.522 ms
bounding k, min: -0.0009471209299264267 max: 892.7942734117848 average: 9.151419343052517
[mem] after-turb: DEVICE_POOL current=19126 MB  actual(reserved)=38146 MB  highWater=24414 MB
ExecutionTime = 63.21 s  ClockTime = 64 s

Time = 1008
[mem] step-start: DEVICE_POOL current=19126 MB  actual(reserved)=38146 MB  highWater=24414 MB
Schwarz(Jacobi)+Bicgstab:  Solving for Ux, Initial residual = 7.859302261567654e-05, Final residual = 4.283521646864171e-06, No Iterations 2, Solve time = 176.938 ms
Schwarz(Jacobi)+Bicgstab:  Solving for Uy, Initial residual = 0.003988437293483787, Final residual = 0.0007320039836665619, No Iterations 2, Solve time = 176.938 ms
Schwarz(Jacobi)+Bicgstab:  Solving for Uz, Initial residual = 0.00112305854412388, Final residual = 6.432401166419182e-05, No Iterations 2, Solve time = 176.938 ms
[mem] after-UEqn: DEVICE_POOL current=19126 MB  actual(reserved)=38146 MB  highWater=24414 MB
[GinkgoSolver] p-cache: reuse(update_matrix_value) solve=8 rebuildInterval=0
config(Cg+Multigrid):  Solving for p, Initial residual = 0.0012823645627358523, Final residual = 1.150837899651475e-05, No Iterations 9, Solve time = 924.434 ms
time step continuity errors : sum local = 2.8992228109213064e-06, global = -1.4298573810590965e-07, cumulative = 8.048370903165394e-07
[mem] after-pEqn: DEVICE_POOL current=19126 MB  actual(reserved)=38146 MB  highWater=24414 MB
[GinkgoSolver] p-cache: reuse(update_matrix_value) solve=8 rebuildInterval=0
Schwarz(Jacobi)+Bicgstab:  Solving for omega, Initial residual = 1.2782555733920171e-05, Final residual = 8.355564935305768e-07, No Iterations 2, Solve time = 82.821 ms
bounding omega, min: -38933.44226749212 max: 45355983.071217254 average: 6374.188325372225
[GinkgoSolver] p-cache: reuse(update_matrix_value) solve=8 rebuildInterval=0
Schwarz(Jacobi)+Bicgstab:  Solving for k, Initial residual = 0.00024211243813975508, Final residual = 1.3455193359400298e-05, No Iterations 2, Solve time = 73.661 ms
bounding k, min: -0.0008819729530989973 max: 891.4466581551453 average: 9.1512281031684
[mem] after-turb: DEVICE_POOL current=19126 MB  actual(reserved)=38146 MB  highWater=24414 MB
ExecutionTime = 65.73999999999999 s  ClockTime = 66 s

Time = 1009
[mem] step-start: DEVICE_POOL current=19126 MB  actual(reserved)=38146 MB  highWater=24414 MB
Schwarz(Jacobi)+Bicgstab:  Solving for Ux, Initial residual = 7.844646959184726e-05, Final residual = 2.599254843383048e-06, No Iterations 3, Solve time = 227.424 ms
Schwarz(Jacobi)+Bicgstab:  Solving for Uy, Initial residual = 0.004039028164185513, Final residual = 0.00013461150188978792, No Iterations 3, Solve time = 227.424 ms
Schwarz(Jacobi)+Bicgstab:  Solving for Uz, Initial residual = 0.0011166716936346812, Final residual = 0.00010217232571131111, No Iterations 3, Solve time = 227.424 ms
[mem] after-UEqn: DEVICE_POOL current=19126 MB  actual(reserved)=38146 MB  highWater=24414 MB
[GinkgoSolver] p-cache: reuse(update_matrix_value) solve=9 rebuildInterval=0
config(Cg+Multigrid):  Solving for p, Initial residual = 0.001291189106545932, Final residual = 1.1004469059075792e-05, No Iterations 9, Solve time = 912.48 ms
time step continuity errors : sum local = 2.7706139213845883e-06, global = -9.454799295414847e-08, cumulative = 7.102890973623909e-07
[mem] after-pEqn: DEVICE_POOL current=19126 MB  actual(reserved)=38146 MB  highWater=24414 MB
[GinkgoSolver] p-cache: reuse(update_matrix_value) solve=9 rebuildInterval=0
Schwarz(Jacobi)+Bicgstab:  Solving for omega, Initial residual = 1.2746929073811424e-05, Final residual = 8.342213407972176e-07, No Iterations 2, Solve time = 90.532 ms
bounding omega, min: -37170.00331085831 max: 45355982.89387787 average: 6374.2361355145695
[GinkgoSolver] p-cache: reuse(update_matrix_value) solve=9 rebuildInterval=0
Schwarz(Jacobi)+Bicgstab:  Solving for k, Initial residual = 0.00024220754114678754, Final residual = 1.3357768016194501e-05, No Iterations 2, Solve time = 73.823 ms
bounding k, min: -0.0015051630554274407 max: 892.0074429900808 average: 9.150653526608345
[mem] after-turb: DEVICE_POOL current=19126 MB  actual(reserved)=38146 MB  highWater=24414 MB
ExecutionTime = 68.31999999999999 s  ClockTime = 69 s

Time = 1010
[mem] step-start: DEVICE_POOL current=19126 MB  actual(reserved)=38146 MB  highWater=24414 MB
Schwarz(Jacobi)+Bicgstab:  Solving for Ux, Initial residual = 7.837307432858282e-05, Final residual = 2.8471370939700797e-06, No Iterations 3, Solve time = 228.611 ms
Schwarz(Jacobi)+Bicgstab:  Solving for Uy, Initial residual = 0.00406124562871667, Final residual = 0.00013568337575555652, No Iterations 3, Solve time = 228.611 ms
Schwarz(Jacobi)+Bicgstab:  Solving for Uz, Initial residual = 0.0011014775273645535, Final residual = 4.540040645476828e-05, No Iterations 3, Solve time = 228.611 ms
[mem] after-UEqn: DEVICE_POOL current=19126 MB  actual(reserved)=38146 MB  highWater=24414 MB
[GinkgoSolver] p-cache: reuse(update_matrix_value) solve=10 rebuildInterval=0
config(Cg+Multigrid):  Solving for p, Initial residual = 0.0012751398990881937, Final residual = 1.0418401770784754e-05, No Iterations 9, Solve time = 918.519 ms
time step continuity errors : sum local = 2.621944341771291e-06, global = -6.369813482622863e-08, cumulative = 6.465909625361622e-07
[mem] after-pEqn: DEVICE_POOL current=19126 MB  actual(reserved)=38146 MB  highWater=24414 MB
[GinkgoSolver] p-cache: reuse(update_matrix_value) solve=10 rebuildInterval=0
Schwarz(Jacobi)+Bicgstab:  Solving for omega, Initial residual = 1.2723924301035392e-05, Final residual = 8.335322125742952e-07, No Iterations 2, Solve time = 87.259 ms
bounding omega, min: -168120.6768906321 max: 45355982.670904525 average: 6374.217336306198
[GinkgoSolver] p-cache: reuse(update_matrix_value) solve=10 rebuildInterval=0
Schwarz(Jacobi)+Bicgstab:  Solving for k, Initial residual = 0.00024223797493198905, Final residual = 1.3171298675190201e-05, No Iterations 2, Solve time = 73.116 ms
bounding k, min: -0.0019140741768938832 max: 892.1359855263073 average: 9.150032739496092
[mem] after-turb: DEVICE_POOL current=19126 MB  actual(reserved)=38146 MB  highWater=24414 MB
ExecutionTime = 70.89 s  ClockTime = 71 s

Time = 1011
[mem] step-start: DEVICE_POOL current=19126 MB  actual(reserved)=38146 MB  highWater=24414 MB
Schwarz(Jacobi)+Bicgstab:  Solving for Ux, Initial residual = 7.831466894263656e-05, Final residual = 3.2875574030672254e-06, No Iterations 3, Solve time = 224.041 ms
Schwarz(Jacobi)+Bicgstab:  Solving for Uy, Initial residual = 0.004073422481018161, Final residual = 0.00013718121476932144, No Iterations 3, Solve time = 224.041 ms
Schwarz(Jacobi)+Bicgstab:  Solving for Uz, Initial residual = 0.001095453173768078, Final residual = 4.1006992565894323e-05, No Iterations 3, Solve time = 224.041 ms
[mem] after-UEqn: DEVICE_POOL current=19126 MB  actual(reserved)=38146 MB  highWater=24414 MB
[GinkgoSolver] p-cache: reuse(update_matrix_value) solve=11 rebuildInterval=0
config(Cg+Multigrid):  Solving for p, Initial residual = 0.001271118982817693, Final residual = 1.2343080235398378e-05, No Iterations 8, Solve time = 827.886 ms
time step continuity errors : sum local = 3.1050725871547088e-06, global = 3.1289479477749744e-08, cumulative = 6.77880442013912e-07
[mem] after-pEqn: DEVICE_POOL current=19126 MB  actual(reserved)=38146 MB  highWater=24414 MB
[GinkgoSolver] p-cache: reuse(update_matrix_value) solve=11 rebuildInterval=0
Schwarz(Jacobi)+Bicgstab:  Solving for omega, Initial residual = 1.2710624795525598e-05, Final residual = 8.287614237495063e-07, No Iterations 2, Solve time = 90.415 ms
bounding omega, min: -39188.05492232777 max: 45355982.66288517 average: 6374.166141161893
[GinkgoSolver] p-cache: reuse(update_matrix_value) solve=11 rebuildInterval=0
Schwarz(Jacobi)+Bicgstab:  Solving for k, Initial residual = 0.00024226459529906526, Final residual = 1.2671633677563919e-05, No Iterations 2, Solve time = 74.261 ms
bounding k, min: -0.0005393971183736031 max: 892.871720322414 average: 9.149336601689528
[mem] after-turb: DEVICE_POOL current=19126 MB  actual(reserved)=38146 MB  highWater=24414 MB
ExecutionTime = 73.39 s  ClockTime = 74 s

Time = 1012
[mem] step-start: DEVICE_POOL current=19126 MB  actual(reserved)=38146 MB  highWater=24414 MB
Schwarz(Jacobi)+Bicgstab:  Solving for Ux, Initial residual = 7.831230779470597e-05, Final residual = 4.235580884822775e-06, No Iterations 2, Solve time = 189.285 ms
Schwarz(Jacobi)+Bicgstab:  Solving for Uy, Initial residual = 0.00407578409161833, Final residual = 0.000454326798861711, No Iterations 2, Solve time = 189.285 ms
Schwarz(Jacobi)+Bicgstab:  Solving for Uz, Initial residual = 0.0010931170747004455, Final residual = 6.426358890806873e-05, No Iterations 2, Solve time = 189.285 ms
[mem] after-UEqn: DEVICE_POOL current=19126 MB  actual(reserved)=38146 MB  highWater=24414 MB
[GinkgoSolver] p-cache: reuse(update_matrix_value) solve=12 rebuildInterval=0
config(Cg+Multigrid):  Solving for p, Initial residual = 0.0012853329654120887, Final residual = 1.274561786366562e-05, No Iterations 8, Solve time = 818.552 ms
time step continuity errors : sum local = 3.20516065388189e-06, global = 3.90630866876416e-08, cumulative = 7.169435287015536e-07
[mem] after-pEqn: DEVICE_POOL current=19126 MB  actual(reserved)=38146 MB  highWater=24414 MB
[GinkgoSolver] p-cache: reuse(update_matrix_value) solve=12 rebuildInterval=0
Schwarz(Jacobi)+Bicgstab:  Solving for omega, Initial residual = 1.2721186947160425e-05, Final residual = 8.322000034340755e-07, No Iterations 2, Solve time = 80.39 ms
bounding omega, min: -36051.38118964941 max: 45355982.705162324 average: 6374.005276602805
[GinkgoSolver] p-cache: reuse(update_matrix_value) solve=12 rebuildInterval=0
Schwarz(Jacobi)+Bicgstab:  Solving for k, Initial residual = 0.00024257176680180222, Final residual = 1.2377429405577361e-05, No Iterations 2, Solve time = 73.531 ms
bounding k, min: -0.000530367026566704 max: 893.0606272188473 average: 9.148541508780198
[mem] after-turb: DEVICE_POOL current=19126 MB  actual(reserved)=38146 MB  highWater=24414 MB
ExecutionTime = 75.75 s  ClockTime = 76 s

Time = 1013
[mem] step-start: DEVICE_POOL current=19126 MB  actual(reserved)=38146 MB  highWater=24414 MB
Schwarz(Jacobi)+Bicgstab:  Solving for Ux, Initial residual = 7.852929569721925e-05, Final residual = 2.91520866006732e-06, No Iterations 3, Solve time = 224.145 ms
Schwarz(Jacobi)+Bicgstab:  Solving for Uy, Initial residual = 0.004048911110854939, Final residual = 0.0001526862636314125, No Iterations 3, Solve time = 224.145 ms
Schwarz(Jacobi)+Bicgstab:  Solving for Uz, Initial residual = 0.0010966555323051444, Final residual = 7.251380723356569e-05, No Iterations 3, Solve time = 224.145 ms
[mem] after-UEqn: DEVICE_POOL current=19126 MB  actual(reserved)=38146 MB  highWater=24414 MB
[GinkgoSolver] p-cache: reuse(update_matrix_value) solve=13 rebuildInterval=0
config(Cg+Multigrid):  Solving for p, Initial residual = 0.0012816640835496811, Final residual = 1.0314417349553403e-05, No Iterations 9, Solve time = 913.826 ms
time step continuity errors : sum local = 2.592812110792797e-06, global = -6.594470573399202e-08, cumulative = 6.509988229675616e-07
[mem] after-pEqn: DEVICE_POOL current=19126 MB  actual(reserved)=38146 MB  highWater=24414 MB
[GinkgoSolver] p-cache: reuse(update_matrix_value) solve=13 rebuildInterval=0
Schwarz(Jacobi)+Bicgstab:  Solving for omega, Initial residual = 1.271176186770692e-05, Final residual = 8.353731399636899e-07, No Iterations 2, Solve time = 90.835 ms
bounding omega, min: -40295.441170202874 max: 45355982.76065346 average: 6373.816813711058
[GinkgoSolver] p-cache: reuse(update_matrix_value) solve=13 rebuildInterval=0
Schwarz(Jacobi)+Bicgstab:  Solving for k, Initial residual = 0.00024242358453612238, Final residual = 1.2201264662329654e-05, No Iterations 2, Solve time = 74.475 ms
bounding k, min: -0.0017184378282856863 max: 893.2672316257615 average: 9.147718439536176
[mem] after-turb: DEVICE_POOL current=19126 MB  actual(reserved)=38146 MB  highWater=24414 MB
ExecutionTime = 78.33 s  ClockTime = 79 s

Time = 1014
[mem] step-start: DEVICE_POOL current=19126 MB  actual(reserved)=38146 MB  highWater=24414 MB
Schwarz(Jacobi)+Bicgstab:  Solving for Ux, Initial residual = 7.850979087053882e-05, Final residual = 3.5269057544261346e-06, No Iterations 3, Solve time = 221.859 ms
Schwarz(Jacobi)+Bicgstab:  Solving for Uy, Initial residual = 0.004035991241122101, Final residual = 0.0001462978849997183, No Iterations 3, Solve time = 221.859 ms
Schwarz(Jacobi)+Bicgstab:  Solving for Uz, Initial residual = 0.0011017791861873424, Final residual = 4.492732735138227e-05, No Iterations 3, Solve time = 221.859 ms
[mem] after-UEqn: DEVICE_POOL current=19126 MB  actual(reserved)=38146 MB  highWater=24414 MB
[GinkgoSolver] p-cache: reuse(update_matrix_value) solve=14 rebuildInterval=0
config(Cg+Multigrid):  Solving for p, Initial residual = 0.001281191081912393, Final residual = 1.2436561042417342e-05, No Iterations 8, Solve time = 836.018 ms
time step continuity errors : sum local = 3.124486246977793e-06, global = 5.2870795330827956e-08, cumulative = 7.038696182983895e-07
[mem] after-pEqn: DEVICE_POOL current=19126 MB  actual(reserved)=38146 MB  highWater=24414 MB
[GinkgoSolver] p-cache: reuse(update_matrix_value) solve=14 rebuildInterval=0
Schwarz(Jacobi)+Bicgstab:  Solving for omega, Initial residual = 1.2700866910082296e-05, Final residual = 8.35804239676986e-07, No Iterations 2, Solve time = 81.914 ms
bounding omega, min: -276656.5471335295 max: 45355982.796840385 average: 6373.5936966481295
[GinkgoSolver] p-cache: reuse(update_matrix_value) solve=14 rebuildInterval=0
Schwarz(Jacobi)+Bicgstab:  Solving for k, Initial residual = 0.00024236400846422933, Final residual = 1.2100253081195841e-05, No Iterations 2, Solve time = 74.934 ms
bounding k, min: -0.001944672576014439 max: 892.9002770011957 average: 9.146836144736069
[mem] after-turb: DEVICE_POOL current=19126 MB  actual(reserved)=38146 MB  highWater=24414 MB
ExecutionTime = 80.8 s  ClockTime = 81 s

Time = 1015
[mem] step-start: DEVICE_POOL current=19126 MB  actual(reserved)=38146 MB  highWater=24414 MB
Schwarz(Jacobi)+Bicgstab:  Solving for Ux, Initial residual = 7.849193107623257e-05, Final residual = 3.862709887467591e-06, No Iterations 3, Solve time = 215.647 ms
Schwarz(Jacobi)+Bicgstab:  Solving for Uy, Initial residual = 0.004032887304093572, Final residual = 0.0001400918022915922, No Iterations 3, Solve time = 215.647 ms
Schwarz(Jacobi)+Bicgstab:  Solving for Uz, Initial residual = 0.001103979428014214, Final residual = 4.205434412370638e-05, No Iterations 3, Solve time = 215.647 ms
[mem] after-UEqn: DEVICE_POOL current=19126 MB  actual(reserved)=38146 MB  highWater=24414 MB
[GinkgoSolver] p-cache: reuse(update_matrix_value) solve=15 rebuildInterval=0
config(Cg+Multigrid):  Solving for p, Initial residual = 0.0012793387253565568, Final residual = 1.267072793796858e-05, No Iterations 8, Solve time = 834.286 ms
time step continuity errors : sum local = 3.1815724219445577e-06, global = 8.811218034730036e-08, cumulative = 7.919817986456899e-07
[mem] after-pEqn: DEVICE_POOL current=19126 MB  actual(reserved)=38146 MB  highWater=24414 MB
[GinkgoSolver] p-cache: reuse(update_matrix_value) solve=15 rebuildInterval=0
Schwarz(Jacobi)+Bicgstab:  Solving for omega, Initial residual = 1.2700818511251397e-05, Final residual = 8.337435673686757e-07, No Iterations 2, Solve time = 92.277 ms
bounding omega, min: -51470.359726605864 max: 45355982.788633846 average: 6373.359963167186
[GinkgoSolver] p-cache: reuse(update_matrix_value) solve=15 rebuildInterval=0
Schwarz(Jacobi)+Bicgstab:  Solving for k, Initial residual = 0.00024237531490037143, Final residual = 1.2187773898884987e-05, No Iterations 2, Solve time = 73.571 ms
bounding k, min: -0.002132818615851507 max: 892.424133584299 average: 9.145941825543373
[mem] after-turb: DEVICE_POOL current=19126 MB  actual(reserved)=38146 MB  highWater=24414 MB
ExecutionTime = 83.28 s  ClockTime = 84 s

Time = 1016
[mem] step-start: DEVICE_POOL current=19126 MB  actual(reserved)=38146 MB  highWater=24414 MB
Schwarz(Jacobi)+Bicgstab:  Solving for Ux, Initial residual = 7.849556756866111e-05, Final residual = 3.663758551744398e-06, No Iterations 3, Solve time = 235.66 ms
Schwarz(Jacobi)+Bicgstab:  Solving for Uy, Initial residual = 0.004039820792667676, Final residual = 0.00013502785964363207, No Iterations 3, Solve time = 235.66 ms
Schwarz(Jacobi)+Bicgstab:  Solving for Uz, Initial residual = 0.0011032888500404022, Final residual = 4.845784484010276e-05, No Iterations 3, Solve time = 235.66 ms
[mem] after-UEqn: DEVICE_POOL current=19126 MB  actual(reserved)=38146 MB  highWater=24414 MB
[GinkgoSolver] p-cache: reuse(update_matrix_value) solve=16 rebuildInterval=0
config(Cg+Multigrid):  Solving for p, Initial residual = 0.0012777918537939393, Final residual = 1.2664265608961633e-05, No Iterations 8, Solve time = 839.764 ms
time step continuity errors : sum local = 3.178199760592393e-06, global = 9.83445442781704e-08, cumulative = 8.903263429238602e-07
[mem] after-pEqn: DEVICE_POOL current=19126 MB  actual(reserved)=38146 MB  highWater=24414 MB
[GinkgoSolver] p-cache: reuse(update_matrix_value) solve=16 rebuildInterval=0
Schwarz(Jacobi)+Bicgstab:  Solving for omega, Initial residual = 1.2701804771936328e-05, Final residual = 8.33662076025512e-07, No Iterations 2, Solve time = 91.459 ms
bounding omega, min: -47679.89638952086 max: 45355982.732359424 average: 6373.068881592177
[GinkgoSolver] p-cache: reuse(update_matrix_value) solve=16 rebuildInterval=0
Schwarz(Jacobi)+Bicgstab:  Solving for k, Initial residual = 0.0002423697678877947, Final residual = 1.2226619738274567e-05, No Iterations 2, Solve time = 75.38 ms
bounding k, min: -0.002590635277474204 max: 891.5100161743029 average: 9.145050149032244
[mem] after-turb: DEVICE_POOL current=19126 MB  actual(reserved)=38146 MB  highWater=24414 MB
ExecutionTime = 85.70999999999999 s  ClockTime = 86 s

Time = 1017
[mem] step-start: DEVICE_POOL current=19126 MB  actual(reserved)=38146 MB  highWater=24414 MB
Schwarz(Jacobi)+Bicgstab:  Solving for Ux, Initial residual = 7.848496396126127e-05, Final residual = 4.291559097281469e-06, No Iterations 2, Solve time = 179.953 ms
Schwarz(Jacobi)+Bicgstab:  Solving for Uy, Initial residual = 0.004052236710697727, Final residual = 0.0004580790747396856, No Iterations 2, Solve time = 179.953 ms
Schwarz(Jacobi)+Bicgstab:  Solving for Uz, Initial residual = 0.0011013657214530809, Final residual = 7.425018043373749e-05, No Iterations 2, Solve time = 179.953 ms
[mem] after-UEqn: DEVICE_POOL current=19126 MB  actual(reserved)=38146 MB  highWater=24414 MB
[GinkgoSolver] p-cache: reuse(update_matrix_value) solve=17 rebuildInterval=0
config(Cg+Multigrid):  Solving for p, Initial residual = 0.001283806744872472, Final residual = 1.239148710183723e-05, No Iterations 8, Solve time = 842.257 ms
time step continuity errors : sum local = 3.1083014029744205e-06, global = 7.08349203068958e-08, cumulative = 9.611612632307561e-07
[mem] after-pEqn: DEVICE_POOL current=19126 MB  actual(reserved)=38146 MB  highWater=24414 MB
[GinkgoSolver] p-cache: reuse(update_matrix_value) solve=17 rebuildInterval=0
Schwarz(Jacobi)+Bicgstab:  Solving for omega, Initial residual = 1.2736350909878535e-05, Final residual = 8.426964112835426e-07, No Iterations 2, Solve time = 73.035 ms
bounding omega, min: -41106.067901210256 max: 45355982.65713668 average: 6372.754529526885
[GinkgoSolver] p-cache: reuse(update_matrix_value) solve=17 rebuildInterval=0
Schwarz(Jacobi)+Bicgstab:  Solving for k, Initial residual = 0.00024268743666682735, Final residual = 1.2341315359799976e-05, No Iterations 2, Solve time = 78.051 ms
bounding k, min: -0.005643550527325264 max: 890.4448416137875 average: 9.144166972483823
[mem] after-turb: DEVICE_POOL current=19126 MB  actual(reserved)=38146 MB  highWater=24414 MB
ExecutionTime = 88.13 s  ClockTime = 89 s

Time = 1018
[mem] step-start: DEVICE_POOL current=19126 MB  actual(reserved)=38146 MB  highWater=24414 MB
Schwarz(Jacobi)+Bicgstab:  Solving for Ux, Initial residual = 7.867780859784079e-05, Final residual = 4.328959599386641e-06, No Iterations 2, Solve time = 181.932 ms
Schwarz(Jacobi)+Bicgstab:  Solving for Uy, Initial residual = 0.004044655424402775, Final residual = 0.000749529403278686, No Iterations 2, Solve time = 181.932 ms
Schwarz(Jacobi)+Bicgstab:  Solving for Uz, Initial residual = 0.0011025966835069747, Final residual = 7.346793627081762e-05, No Iterations 2, Solve time = 181.932 ms
[mem] after-UEqn: DEVICE_POOL current=19126 MB  actual(reserved)=38146 MB  highWater=24414 MB
[GinkgoSolver] p-cache: reuse(update_matrix_value) solve=18 rebuildInterval=0
config(Cg+Multigrid):  Solving for p, Initial residual = 0.0012878916671716623, Final residual = 1.2800318233366448e-05, No Iterations 8, Solve time = 834.175 ms
time step continuity errors : sum local = 3.2098202197917208e-06, global = 6.135871673928234e-08, cumulative = 1.0225199799700385e-06
[mem] after-pEqn: DEVICE_POOL current=19126 MB  actual(reserved)=38146 MB  highWater=24414 MB
[GinkgoSolver] p-cache: reuse(update_matrix_value) solve=18 rebuildInterval=0
Schwarz(Jacobi)+Bicgstab:  Solving for omega, Initial residual = 1.2742878806816317e-05, Final residual = 8.456534089702797e-07, No Iterations 2, Solve time = 90.917 ms
bounding omega, min: -397849.3076401679 max: 45355982.592026964 average: 6372.495258347225
[GinkgoSolver] p-cache: reuse(update_matrix_value) solve=18 rebuildInterval=0
Schwarz(Jacobi)+Bicgstab:  Solving for k, Initial residual = 0.00024249839423170122, Final residual = 1.2389221838090142e-05, No Iterations 2, Solve time = 72.161 ms
bounding k, min: -0.004512444934011775 max: 889.0728504698012 average: 9.143546611712525
[mem] after-turb: DEVICE_POOL current=19126 MB  actual(reserved)=38146 MB  highWater=24414 MB
ExecutionTime = 90.56999999999999 s  ClockTime = 91 s

Time = 1019
[mem] step-start: DEVICE_POOL current=19126 MB  actual(reserved)=38146 MB  highWater=24414 MB
Schwarz(Jacobi)+Bicgstab:  Solving for Ux, Initial residual = 7.85850837630682e-05, Final residual = 2.904626334068636e-06, No Iterations 3, Solve time = 239.336 ms
Schwarz(Jacobi)+Bicgstab:  Solving for Uy, Initial residual = 0.004105657099276786, Final residual = 0.00013590530569864638, No Iterations 3, Solve time = 239.336 ms
Schwarz(Jacobi)+Bicgstab:  Solving for Uz, Initial residual = 0.0010967003871268962, Final residual = 4.550195483362665e-05, No Iterations 3, Solve time = 239.336 ms
[mem] after-UEqn: DEVICE_POOL current=19126 MB  actual(reserved)=38146 MB  highWater=24414 MB
[GinkgoSolver] p-cache: reuse(update_matrix_value) solve=19 rebuildInterval=0
config(Cg+Multigrid):  Solving for p, Initial residual = 0.0012832434017691144, Final residual = 1.2297050650566377e-05, No Iterations 8, Solve time = 834.768 ms
time step continuity errors : sum local = 3.082912342387926e-06, global = 5.8874543071729e-08, cumulative = 1.0813945230417675e-06
[mem] after-pEqn: DEVICE_POOL current=19126 MB  actual(reserved)=38146 MB  highWater=24414 MB
[GinkgoSolver] p-cache: reuse(update_matrix_value) solve=19 rebuildInterval=0
Schwarz(Jacobi)+Bicgstab:  Solving for omega, Initial residual = 1.2735607847424198e-05, Final residual = 8.405177993088218e-07, No Iterations 2, Solve time = 91.448 ms
bounding omega, min: -49634.49315341444 max: 45355982.574907765 average: 6372.283105808629
[GinkgoSolver] p-cache: reuse(update_matrix_value) solve=19 rebuildInterval=0
Schwarz(Jacobi)+Bicgstab:  Solving for k, Initial residual = 0.00024248768404017208, Final residual = 1.2496280515318261e-05, No Iterations 2, Solve time = 72.83 ms
bounding k, min: -0.004640491512095751 max: 887.6117198941411 average: 9.14282235928849
[mem] after-turb: DEVICE_POOL current=19126 MB  actual(reserved)=38146 MB  highWater=24414 MB
ExecutionTime = 93.06 s  ClockTime = 94 s

Time = 1020
[mem] step-start: DEVICE_POOL current=19126 MB  actual(reserved)=38146 MB  highWater=24414 MB
Schwarz(Jacobi)+Bicgstab:  Solving for Ux, Initial residual = 7.856006921598469e-05, Final residual = 3.2098670684883847e-06, No Iterations 3, Solve time = 248.185 ms
Schwarz(Jacobi)+Bicgstab:  Solving for Uy, Initial residual = 0.004126335010506077, Final residual = 0.00013591511050427382, No Iterations 3, Solve time = 248.185 ms
Schwarz(Jacobi)+Bicgstab:  Solving for Uz, Initial residual = 0.0010905097522618072, Final residual = 3.9194573888104374e-05, No Iterations 3, Solve time = 248.185 ms
[mem] after-UEqn: DEVICE_POOL current=19126 MB  actual(reserved)=38146 MB  highWater=24414 MB
[GinkgoSolver] p-cache: reuse(update_matrix_value) solve=20 rebuildInterval=0
config(Cg+Multigrid):  Solving for p, Initial residual = 0.0012809877996948552, Final residual = 1.171276490821924e-05, No Iterations 8, Solve time = 827.53 ms
time step continuity errors : sum local = 2.9361237598499625e-06, global = 6.107763032071418e-08, cumulative = 1.1424721533624816e-06
[mem] after-pEqn: DEVICE_POOL current=19126 MB  actual(reserved)=38146 MB  highWater=24414 MB
[GinkgoSolver] p-cache: reuse(update_matrix_value) solve=20 rebuildInterval=0
Schwarz(Jacobi)+Bicgstab:  Solving for omega, Initial residual = 1.2730077727031756e-05, Final residual = 8.375041957628506e-07, No Iterations 2, Solve time = 77.581 ms
bounding omega, min: -59303.01398277565 max: 45355982.5767886 average: 6372.018578667671
[GinkgoSolver] p-cache: reuse(update_matrix_value) solve=20 rebuildInterval=0
Schwarz(Jacobi)+Bicgstab:  Solving for k, Initial residual = 0.00024254480622670213, Final residual = 1.25830008835397e-05, No Iterations 2, Solve time = 74.278 ms
bounding k, min: -0.006543166638471737 max: 885.9959506807725 average: 9.142102577109174
[mem] after-turb: DEVICE_POOL current=19126 MB  actual(reserved)=38146 MB  highWater=24414 MB
ExecutionTime = 95.55 s  ClockTime = 96 s

Time = 1021
[mem] step-start: DEVICE_POOL current=19126 MB  actual(reserved)=38146 MB  highWater=24414 MB
Schwarz(Jacobi)+Bicgstab:  Solving for Ux, Initial residual = 7.860877879240785e-05, Final residual = 4.3770264864453135e-06, No Iterations 2, Solve time = 176.741 ms
Schwarz(Jacobi)+Bicgstab:  Solving for Uy, Initial residual = 0.004137390603243916, Final residual = 0.0005247785618152195, No Iterations 2, Solve time = 176.741 ms
Schwarz(Jacobi)+Bicgstab:  Solving for Uz, Initial residual = 0.0010869948975002828, Final residual = 7.689072150781087e-05, No Iterations 2, Solve time = 176.741 ms
[mem] after-UEqn: DEVICE_POOL current=19126 MB  actual(reserved)=38146 MB  highWater=24414 MB
[GinkgoSolver] p-cache: reuse(update_matrix_value) solve=21 rebuildInterval=0
config(Cg+Multigrid):  Solving for p, Initial residual = 0.0012944496173115923, Final residual = 1.1310457225898971e-05, No Iterations 8, Solve time = 821.212 ms
time step continuity errors : sum local = 2.835272384429303e-06, global = 7.195002834830234e-08, cumulative = 1.214422181710784e-06
[mem] after-pEqn: DEVICE_POOL current=19126 MB  actual(reserved)=38146 MB  highWater=24414 MB
[GinkgoSolver] p-cache: reuse(update_matrix_value) solve=21 rebuildInterval=0
Schwarz(Jacobi)+Bicgstab:  Solving for omega, Initial residual = 1.2770030660022999e-05, Final residual = 8.468073672243835e-07, No Iterations 2, Solve time = 73.461 ms
bounding omega, min: -60424.85301972674 max: 45355982.58604412 average: 6371.76095924251
[GinkgoSolver] p-cache: reuse(update_matrix_value) solve=21 rebuildInterval=0
Schwarz(Jacobi)+Bicgstab:  Solving for k, Initial residual = 0.00024295262541328748, Final residual = 1.276814477996192e-05, No Iterations 2, Solve time = 72.799 ms
bounding k, min: -0.0028704524558505265 max: 884.3749873321041 average: 9.141413171483034
[mem] after-turb: DEVICE_POOL current=19126 MB  actual(reserved)=38146 MB  highWater=24414 MB
ExecutionTime = 97.97 s  ClockTime = 99 s

Time = 1022
[mem] step-start: DEVICE_POOL current=19126 MB  actual(reserved)=38146 MB  highWater=24414 MB
Schwarz(Jacobi)+Bicgstab:  Solving for Ux, Initial residual = 7.890697449408492e-05, Final residual = 2.8428747848908054e-06, No Iterations 3, Solve time = 238.021 ms
Schwarz(Jacobi)+Bicgstab:  Solving for Uy, Initial residual = 0.004112132976579393, Final residual = 0.00015661742436784876, No Iterations 3, Solve time = 238.021 ms
Schwarz(Jacobi)+Bicgstab:  Solving for Uz, Initial residual = 0.0010927040507349556, Final residual = 8.524477047931101e-05, No Iterations 3, Solve time = 238.021 ms
[mem] after-UEqn: DEVICE_POOL current=19126 MB  actual(reserved)=38146 MB  highWater=24414 MB
[GinkgoSolver] p-cache: reuse(update_matrix_value) solve=22 rebuildInterval=0
config(Cg+Multigrid):  Solving for p, Initial residual = 0.0012893950545483763, Final residual = 1.1240185418132319e-05, No Iterations 8, Solve time = 824.343 ms
time step continuity errors : sum local = 2.8175525124153316e-06, global = 8.632615602698406e-08, cumulative = 1.300748337737768e-06
[mem] after-pEqn: DEVICE_POOL current=19126 MB  actual(reserved)=38146 MB  highWater=24414 MB
[GinkgoSolver] p-cache: reuse(update_matrix_value) solve=22 rebuildInterval=0
Schwarz(Jacobi)+Bicgstab:  Solving for omega, Initial residual = 1.2784863594039462e-05, Final residual = 8.475457000962646e-07, No Iterations 2, Solve time = 90.597 ms
bounding omega, min: -317510.3900829735 max: 45355982.60011734 average: 6371.520779229582
[GinkgoSolver] p-cache: reuse(update_matrix_value) solve=22 rebuildInterval=0
Schwarz(Jacobi)+Bicgstab:  Solving for k, Initial residual = 0.00024296722896393502, Final residual = 1.2990244196835134e-05, No Iterations 2, Solve time = 77.517 ms
bounding k, min: -0.0036535024898677743 max: 882.7316029868899 average: 9.140768676430476
[mem] after-turb: DEVICE_POOL current=19126 MB  actual(reserved)=38146 MB  highWater=24414 MB
ExecutionTime = 100.43 s  ClockTime = 101 s

Time = 1023
[mem] step-start: DEVICE_POOL current=19126 MB  actual(reserved)=38146 MB  highWater=24414 MB
Schwarz(Jacobi)+Bicgstab:  Solving for Ux, Initial residual = 7.9004461464662e-05, Final residual = 3.6035946938104308e-06, No Iterations 3, Solve time = 234.121 ms
Schwarz(Jacobi)+Bicgstab:  Solving for Uy, Initial residual = 0.004103600073607829, Final residual = 0.0001485620137093785, No Iterations 3, Solve time = 234.121 ms
Schwarz(Jacobi)+Bicgstab:  Solving for Uz, Initial residual = 0.0010978506352166061, Final residual = 5.033748893252273e-05, No Iterations 3, Solve time = 234.121 ms
[mem] after-UEqn: DEVICE_POOL current=19126 MB  actual(reserved)=38146 MB  highWater=24414 MB
[GinkgoSolver] p-cache: reuse(update_matrix_value) solve=23 rebuildInterval=0
config(Cg+Multigrid):  Solving for p, Initial residual = 0.001290103148664514, Final residual = 1.1148583182634399e-05, No Iterations 8, Solve time = 826.324 ms
time step continuity errors : sum local = 2.794392651432124e-06, global = 8.396618883501153e-08, cumulative = 1.3847145265727796e-06
[mem] after-pEqn: DEVICE_POOL current=19126 MB  actual(reserved)=38146 MB  highWater=24414 MB
[GinkgoSolver] p-cache: reuse(update_matrix_value) solve=23 rebuildInterval=0
Schwarz(Jacobi)+Bicgstab:  Solving for omega, Initial residual = 1.2800315839700191e-05, Final residual = 8.434471457143828e-07, No Iterations 2, Solve time = 76.182 ms
bounding omega, min: -59363.55906677088 max: 45355982.615876816 average: 6371.368835919323
[GinkgoSolver] p-cache: reuse(update_matrix_value) solve=23 rebuildInterval=0
Schwarz(Jacobi)+Bicgstab:  Solving for k, Initial residual = 0.00024309479230788763, Final residual = 1.388664316732154e-05, No Iterations 2, Solve time = 73.847 ms
bounding k, min: -0.004602715619401843 max: 881.1599212605003 average: 9.140125297665305
[mem] after-turb: DEVICE_POOL current=19126 MB  actual(reserved)=38146 MB  highWater=24414 MB
ExecutionTime = 102.85 s  ClockTime = 103 s

Time = 1024
[mem] step-start: DEVICE_POOL current=19126 MB  actual(reserved)=38146 MB  highWater=24414 MB
Schwarz(Jacobi)+Bicgstab:  Solving for Ux, Initial residual = 7.910204147360443e-05, Final residual = 3.3426523015633873e-06, No Iterations 3, Solve time = 235.915 ms
Schwarz(Jacobi)+Bicgstab:  Solving for Uy, Initial residual = 0.0041060575698896725, Final residual = 0.0001408748869093304, No Iterations 3, Solve time = 235.915 ms
Schwarz(Jacobi)+Bicgstab:  Solving for Uz, Initial residual = 0.0010988980608297478, Final residual = 3.689039042805007e-05, No Iterations 3, Solve time = 235.915 ms
[mem] after-UEqn: DEVICE_POOL current=19126 MB  actual(reserved)=38146 MB  highWater=24414 MB
[GinkgoSolver] p-cache: reuse(update_matrix_value) solve=24 rebuildInterval=0
config(Cg+Multigrid):  Solving for p, Initial residual = 0.0012912298643258861, Final residual = 1.129554112350864e-05, No Iterations 8, Solve time = 823.141 ms
time step continuity errors : sum local = 2.8309064176241605e-06, global = 8.853032444106489e-08, cumulative = 1.4732448510138444e-06
[mem] after-pEqn: DEVICE_POOL current=19126 MB  actual(reserved)=38146 MB  highWater=24414 MB
[GinkgoSolver] p-cache: reuse(update_matrix_value) solve=24 rebuildInterval=0
Schwarz(Jacobi)+Bicgstab:  Solving for omega, Initial residual = 1.2802562648780374e-05, Final residual = 8.407260781649528e-07, No Iterations 2, Solve time = 90.53 ms
bounding omega, min: -59109.87683004125 max: 45355982.63062686 average: 6371.226075718647
[GinkgoSolver] p-cache: reuse(update_matrix_value) solve=24 rebuildInterval=0
Schwarz(Jacobi)+Bicgstab:  Solving for k, Initial residual = 0.00024325525926115836, Final residual = 1.6177830259126896e-05, No Iterations 2, Solve time = 73.379 ms
bounding k, min: -0.006048531289348097 max: 879.6831059729874 average: 9.139399985464959
[mem] after-turb: DEVICE_POOL current=19126 MB  actual(reserved)=38146 MB  highWater=24414 MB
ExecutionTime = 105.34 s  ClockTime = 106 s

Time = 1025
[mem] step-start: DEVICE_POOL current=19126 MB  actual(reserved)=38146 MB  highWater=24414 MB
Schwarz(Jacobi)+Bicgstab:  Solving for Ux, Initial residual = 7.91358883875344e-05, Final residual = 3.6756092063590363e-06, No Iterations 3, Solve time = 239.823 ms
Schwarz(Jacobi)+Bicgstab:  Solving for Uy, Initial residual = 0.004116627732009412, Final residual = 0.00013787821398790161, No Iterations 3, Solve time = 239.823 ms
Schwarz(Jacobi)+Bicgstab:  Solving for Uz, Initial residual = 0.001098010464254054, Final residual = 3.83820501205907e-05, No Iterations 3, Solve time = 239.823 ms
[mem] after-UEqn: DEVICE_POOL current=19126 MB  actual(reserved)=38146 MB  highWater=24414 MB
[GinkgoSolver] p-cache: reuse(update_matrix_value) solve=25 rebuildInterval=0
config(Cg+Multigrid):  Solving for p, Initial residual = 0.001291272165818649, Final residual = 1.137668718247162e-05, No Iterations 8, Solve time = 826.021 ms
time step continuity errors : sum local = 2.850804910078065e-06, global = 8.293715671175074e-08, cumulative = 1.5561820077255952e-06
[mem] after-pEqn: DEVICE_POOL current=19126 MB  actual(reserved)=38146 MB  highWater=24414 MB
[GinkgoSolver] p-cache: reuse(update_matrix_value) solve=25 rebuildInterval=0
Schwarz(Jacobi)+Bicgstab:  Solving for omega, Initial residual = 1.2831874467231926e-05, Final residual = 8.425527179219689e-07, No Iterations 2, Solve time = 91.311 ms
bounding omega, min: -57426.94328303456 max: 45355982.64252287 average: 6371.117334373968
[GinkgoSolver] p-cache: reuse(update_matrix_value) solve=25 rebuildInterval=0
Schwarz(Jacobi)+Bicgstab:  Solving for k, Initial residual = 0.00024367157752288582, Final residual = 1.9355921699354192e-05, No Iterations 2, Solve time = 75.032 ms
bounding k, min: -0.014570636401763107 max: 878.3514768209108 average: 9.138633696108332
[mem] after-turb: DEVICE_POOL current=19126 MB  actual(reserved)=38146 MB  highWater=24414 MB
ExecutionTime = 107.84 s  ClockTime = 108 s

Time = 1026
[mem] step-start: DEVICE_POOL current=19126 MB  actual(reserved)=38146 MB  highWater=24414 MB
Schwarz(Jacobi)+Bicgstab:  Solving for Ux, Initial residual = 7.915073857798704e-05, Final residual = 3.033676767964869e-06, No Iterations 3, Solve time = 227.861 ms
Schwarz(Jacobi)+Bicgstab:  Solving for Uy, Initial residual = 0.004132284574844779, Final residual = 0.00013822663720614085, No Iterations 3, Solve time = 227.861 ms
Schwarz(Jacobi)+Bicgstab:  Solving for Uz, Initial residual = 0.0010966626955741608, Final residual = 2.988689672122082e-05, No Iterations 3, Solve time = 227.861 ms
[mem] after-UEqn: DEVICE_POOL current=19126 MB  actual(reserved)=38146 MB  highWater=24414 MB
[GinkgoSolver] p-cache: reuse(update_matrix_value) solve=26 rebuildInterval=0
config(Cg+Multigrid):  Solving for p, Initial residual = 0.0012877532303199875, Final residual = 1.1785036097578617e-05, No Iterations 8, Solve time = 832.053 ms
time step continuity errors : sum local = 2.9526100512004373e-06, global = 8.082160642674886e-08, cumulative = 1.637003614152344e-06
[mem] after-pEqn: DEVICE_POOL current=19126 MB  actual(reserved)=38146 MB  highWater=24414 MB
[GinkgoSolver] p-cache: reuse(update_matrix_value) solve=26 rebuildInterval=0
Schwarz(Jacobi)+Bicgstab:  Solving for omega, Initial residual = 1.285084312707886e-05, Final residual = 8.391804045827109e-07, No Iterations 2, Solve time = 90.063 ms
bounding omega, min: -388825.701564652 max: 45355982.651127465 average: 6370.973894460051
[GinkgoSolver] p-cache: reuse(update_matrix_value) solve=26 rebuildInterval=0
Schwarz(Jacobi)+Bicgstab:  Solving for k, Initial residual = 0.0002442936480112563, Final residual = 5.39588197612646e-06, No Iterations 3, Solve time = 97.033 ms
bounding k, min: -2.7292740327221018e-08 max: 877.1626622251889 average: 9.138142556950163
[mem] after-turb: DEVICE_POOL current=19126 MB  actual(reserved)=38146 MB  highWater=24414 MB
ExecutionTime = 110.31 s  ClockTime = 111 s

Time = 1027
[mem] step-start: DEVICE_POOL current=19126 MB  actual(reserved)=38146 MB  highWater=24414 MB
Schwarz(Jacobi)+Bicgstab:  Solving for Ux, Initial residual = 7.911898659593967e-05, Final residual = 4.4388734356545314e-06, No Iterations 2, Solve time = 188.443 ms
Schwarz(Jacobi)+Bicgstab:  Solving for Uy, Initial residual = 0.004149434538125364, Final residual = 0.000467899950897366, No Iterations 2, Solve time = 188.443 ms
Schwarz(Jacobi)+Bicgstab:  Solving for Uz, Initial residual = 0.0010944047583432296, Final residual = 7.648080517504332e-05, No Iterations 2, Solve time = 188.443 ms
[mem] after-UEqn: DEVICE_POOL current=19126 MB  actual(reserved)=38146 MB  highWater=24414 MB
[GinkgoSolver] p-cache: reuse(update_matrix_value) solve=27 rebuildInterval=0
config(Cg+Multigrid):  Solving for p, Initial residual = 0.0012914608368470332, Final residual = 1.223756267158009e-05, No Iterations 8, Solve time = 834.165 ms
time step continuity errors : sum local = 3.06542493361421e-06, global = 8.298955316005038e-08, cumulative = 1.7199931673123946e-06
[mem] after-pEqn: DEVICE_POOL current=19126 MB  actual(reserved)=38146 MB  highWater=24414 MB
[GinkgoSolver] p-cache: reuse(update_matrix_value) solve=27 rebuildInterval=0
Schwarz(Jacobi)+Bicgstab:  Solving for omega, Initial residual = 1.2701877737627392e-05, Final residual = 8.399231936758016e-07, No Iterations 2, Solve time = 87.363 ms
bounding omega, min: -57046.46553704624 max: 45355982.657014966 average: 6370.913868081001
[GinkgoSolver] p-cache: reuse(update_matrix_value) solve=27 rebuildInterval=0
Schwarz(Jacobi)+Bicgstab:  Solving for k, Initial residual = 0.00024388683543069206, Final residual = 1.1988586373906927e-05, No Iterations 2, Solve time = 70.511 ms
[mem] after-turb: DEVICE_POOL current=19126 MB  actual(reserved)=38146 MB  highWater=24414 MB
ExecutionTime = 112.75 s  ClockTime = 113 s

Time = 1028
[mem] step-start: DEVICE_POOL current=19126 MB  actual(reserved)=38146 MB  highWater=24414 MB
Schwarz(Jacobi)+Bicgstab:  Solving for Ux, Initial residual = 7.931870370771588e-05, Final residual = 4.5006634288526605e-06, No Iterations 2, Solve time = 179.52 ms
Schwarz(Jacobi)+Bicgstab:  Solving for Uy, Initial residual = 0.004140812458287324, Final residual = 0.0007474917844239596, No Iterations 2, Solve time = 179.52 ms
Schwarz(Jacobi)+Bicgstab:  Solving for Uz, Initial residual = 0.0010985150047275586, Final residual = 7.454234986800301e-05, No Iterations 2, Solve time = 179.52 ms
[mem] after-UEqn: DEVICE_POOL current=19126 MB  actual(reserved)=38146 MB  highWater=24414 MB
[GinkgoSolver] p-cache: reuse(update_matrix_value) solve=28 rebuildInterval=0
config(Cg+Multigrid):  Solving for p, Initial residual = 0.001291152672388491, Final residual = 1.2477850761993814e-05, No Iterations 8, Solve time = 826.655 ms
time step continuity errors : sum local = 3.124712547206905e-06, global = 8.638860248918e-08, cumulative = 1.8063817698015746e-06
[mem] after-pEqn: DEVICE_POOL current=19126 MB  actual(reserved)=38146 MB  highWater=24414 MB
[GinkgoSolver] p-cache: reuse(update_matrix_value) solve=28 rebuildInterval=0
Schwarz(Jacobi)+Bicgstab:  Solving for omega, Initial residual = 1.2825862635600103e-05, Final residual = 8.394553147098034e-07, No Iterations 2, Solve time = 90.811 ms
bounding omega, min: -55633.86828267176 max: 45355982.66207119 average: 6370.8643683557675
[GinkgoSolver] p-cache: reuse(update_matrix_value) solve=28 rebuildInterval=0
Schwarz(Jacobi)+Bicgstab:  Solving for k, Initial residual = 0.0002437787622693759, Final residual = 1.2431517843723977e-05, No Iterations 2, Solve time = 73.185 ms
bounding k, min: -0.0004981025322202399 max: 875.2333509407567 average: 9.137022340586821
[mem] after-turb: DEVICE_POOL current=19126 MB  actual(reserved)=38146 MB  highWater=24414 MB
ExecutionTime = 115.11 s  ClockTime = 116 s

Time = 1029
[mem] step-start: DEVICE_POOL current=19126 MB  actual(reserved)=38146 MB  highWater=24414 MB
Schwarz(Jacobi)+Bicgstab:  Solving for Ux, Initial residual = 7.923595190753437e-05, Final residual = 4.012019567392196e-06, No Iterations 3, Solve time = 232.908 ms
Schwarz(Jacobi)+Bicgstab:  Solving for Uy, Initial residual = 0.004199081940491326, Final residual = 0.00013334419962464928, No Iterations 3, Solve time = 232.908 ms
Schwarz(Jacobi)+Bicgstab:  Solving for Uz, Initial residual = 0.0010963532398962988, Final residual = 4.87248280593989e-05, No Iterations 3, Solve time = 232.908 ms
[mem] after-UEqn: DEVICE_POOL current=19126 MB  actual(reserved)=38146 MB  highWater=24414 MB
[GinkgoSolver] p-cache: reuse(update_matrix_value) solve=29 rebuildInterval=0
config(Cg+Multigrid):  Solving for p, Initial residual = 0.0012899953555056691, Final residual = 9.847668190427504e-06, No Iterations 9, Solve time = 915.145 ms
time step continuity errors : sum local = 2.4654351131317673e-06, global = -7.495923520650323e-08, cumulative = 1.7314225345950714e-06
[mem] after-pEqn: DEVICE_POOL current=19126 MB  actual(reserved)=38146 MB  highWater=24414 MB
[GinkgoSolver] p-cache: reuse(update_matrix_value) solve=29 rebuildInterval=0
Schwarz(Jacobi)+Bicgstab:  Solving for omega, Initial residual = 1.2837382839781812e-05, Final residual = 8.404673578401935e-07, No Iterations 2, Solve time = 90.273 ms
bounding omega, min: -54997.20677261317 max: 45355982.6667619 average: 6370.8100061497325
[GinkgoSolver] p-cache: reuse(update_matrix_value) solve=29 rebuildInterval=0
Schwarz(Jacobi)+Bicgstab:  Solving for k, Initial residual = 0.00024400694499794563, Final residual = 1.2798647499379958e-05, No Iterations 2, Solve time = 72.716 ms
bounding k, min: -0.005331491490203663 max: 874.4939542318726 average: 9.136480569264513
[mem] after-turb: DEVICE_POOL current=19126 MB  actual(reserved)=38146 MB  highWater=24414 MB
ExecutionTime = 117.69 s  ClockTime = 118 s

Time = 1030
[mem] step-start: DEVICE_POOL current=19126 MB  actual(reserved)=38146 MB  highWater=24414 MB
Schwarz(Jacobi)+Bicgstab:  Solving for Ux, Initial residual = 7.92723551186646e-05, Final residual = 3.7268273410088413e-06, No Iterations 3, Solve time = 242.924 ms
Schwarz(Jacobi)+Bicgstab:  Solving for Uy, Initial residual = 0.004217079325154012, Final residual = 0.00013290046301248906, No Iterations 3, Solve time = 242.924 ms
Schwarz(Jacobi)+Bicgstab:  Solving for Uz, Initial residual = 0.0010937895502032197, Final residual = 6.33431294815751e-05, No Iterations 3, Solve time = 242.924 ms
[mem] after-UEqn: DEVICE_POOL current=19126 MB  actual(reserved)=38146 MB  highWater=24414 MB
[GinkgoSolver] p-cache: reuse(update_matrix_value) solve=30 rebuildInterval=0
config(Cg+Multigrid):  Solving for p, Initial residual = 0.0012884426546055034, Final residual = 1.251479997104074e-05, No Iterations 8, Solve time = 830.929 ms
time step continuity errors : sum local = 3.132068812058035e-06, global = 6.734610606536667e-08, cumulative = 1.7987686406604381e-06
[mem] after-pEqn: DEVICE_POOL current=19126 MB  actual(reserved)=38146 MB  highWater=24414 MB
[GinkgoSolver] p-cache: reuse(update_matrix_value) solve=30 rebuildInterval=0
Schwarz(Jacobi)+Bicgstab:  Solving for omega, Initial residual = 1.2846849291086577e-05, Final residual = 8.430117175338798e-07, No Iterations 2, Solve time = 90.034 ms
bounding omega, min: -268468.8701651007 max: 45355982.67250253 average: 6370.836943619283
[GinkgoSolver] p-cache: reuse(update_matrix_value) solve=30 rebuildInterval=0
Schwarz(Jacobi)+Bicgstab:  Solving for k, Initial residual = 0.0002443256926044862, Final residual = 1.3146728579773905e-05, No Iterations 2, Solve time = 73.605 ms
bounding k, min: -0.004223290894563499 max: 873.9162063652034 average: 9.135933755280778
[mem] after-turb: DEVICE_POOL current=19126 MB  actual(reserved)=38146 MB  highWater=24414 MB
ExecutionTime = 120.19 s  ClockTime = 121 s

Time = 1031
[mem] step-start: DEVICE_POOL current=19126 MB  actual(reserved)=38146 MB  highWater=24414 MB
Schwarz(Jacobi)+Bicgstab:  Solving for Ux, Initial residual = 7.932253589902814e-05, Final residual = 3.370547509418901e-06, No Iterations 3, Solve time = 234.946 ms
Schwarz(Jacobi)+Bicgstab:  Solving for Uy, Initial residual = 0.0042271051494021114, Final residual = 0.00013379798436667311, No Iterations 3, Solve time = 234.946 ms
Schwarz(Jacobi)+Bicgstab:  Solving for Uz, Initial residual = 0.0010948013019867035, Final residual = 3.7502682124805195e-05, No Iterations 3, Solve time = 234.946 ms
[mem] after-UEqn: DEVICE_POOL current=19126 MB  actual(reserved)=38146 MB  highWater=24414 MB
[GinkgoSolver] p-cache: reuse(update_matrix_value) solve=31 rebuildInterval=0
config(Cg+Multigrid):  Solving for p, Initial residual = 0.0012892242493116122, Final residual = 1.2820806357605356e-05, No Iterations 8, Solve time = 826.69 ms
time step continuity errors : sum local = 3.2076200022502927e-06, global = 7.053609083943898e-08, cumulative = 1.869304731499877e-06
[mem] after-pEqn: DEVICE_POOL current=19126 MB  actual(reserved)=38146 MB  highWater=24414 MB
[GinkgoSolver] p-cache: reuse(update_matrix_value) solve=31 rebuildInterval=0
Schwarz(Jacobi)+Bicgstab:  Solving for omega, Initial residual = 1.2848059521339959e-05, Final residual = 8.391250931128672e-07, No Iterations 2, Solve time = 90.811 ms
bounding omega, min: -53147.39313882477 max: 45355982.679673314 average: 6370.840423698063
[GinkgoSolver] p-cache: reuse(update_matrix_value) solve=31 rebuildInterval=0
Schwarz(Jacobi)+Bicgstab:  Solving for k, Initial residual = 0.0002447057913585025, Final residual = 1.3476316246940608e-05, No Iterations 2, Solve time = 73.168 ms
bounding k, min: -0.00666043477942516 max: 873.4472716404845 average: 9.13531998291119
[mem] after-turb: DEVICE_POOL current=19126 MB  actual(reserved)=38146 MB  highWater=24414 MB
ExecutionTime = 122.65 s  ClockTime = 123 s

Time = 1032
[mem] step-start: DEVICE_POOL current=19126 MB  actual(reserved)=38146 MB  highWater=24414 MB
Schwarz(Jacobi)+Bicgstab:  Solving for Ux, Initial residual = 7.938971467906987e-05, Final residual = 3.821153397071812e-06, No Iterations 3, Solve time = 223.036 ms
Schwarz(Jacobi)+Bicgstab:  Solving for Uy, Initial residual = 0.0042312597033874015, Final residual = 0.00013390774061084512, No Iterations 3, Solve time = 223.036 ms
Schwarz(Jacobi)+Bicgstab:  Solving for Uz, Initial residual = 0.0010952801332166885, Final residual = 3.50185443572523e-05, No Iterations 3, Solve time = 223.036 ms
[mem] after-UEqn: DEVICE_POOL current=19126 MB  actual(reserved)=38146 MB  highWater=24414 MB
[GinkgoSolver] p-cache: reuse(update_matrix_value) solve=32 rebuildInterval=0
config(Cg+Multigrid):  Solving for p, Initial residual = 0.0012921324108442016, Final residual = 1.0081926045498468e-05, No Iterations 9, Solve time = 918.193 ms
time step continuity errors : sum local = 2.5217019873381004e-06, global = -3.6973997981762835e-08, cumulative = 1.8323307335181142e-06
[mem] after-pEqn: DEVICE_POOL current=19126 MB  actual(reserved)=38146 MB  highWater=24414 MB
[GinkgoSolver] p-cache: reuse(update_matrix_value) solve=32 rebuildInterval=0
Schwarz(Jacobi)+Bicgstab:  Solving for omega, Initial residual = 1.2852167144149656e-05, Final residual = 8.414633102089672e-07, No Iterations 2, Solve time = 90.697 ms
bounding omega, min: -52065.40988814265 max: 45355982.68748787 average: 6370.772638140706
[GinkgoSolver] p-cache: reuse(update_matrix_value) solve=32 rebuildInterval=0
Schwarz(Jacobi)+Bicgstab:  Solving for k, Initial residual = 0.00024519729984524537, Final residual = 1.3503165526844673e-05, No Iterations 2, Solve time = 74.6 ms
bounding k, min: -0.014943484880675949 max: 873.0792603475403 average: 9.134702591946535
[mem] after-turb: DEVICE_POOL current=19126 MB  actual(reserved)=38146 MB  highWater=24414 MB
ExecutionTime = 125.23 s  ClockTime = 126 s

Time = 1033
[mem] step-start: DEVICE_POOL current=19126 MB  actual(reserved)=38146 MB  highWater=24414 MB
Schwarz(Jacobi)+Bicgstab:  Solving for Ux, Initial residual = 7.950221742296396e-05, Final residual = 4.559245029330618e-06, No Iterations 2, Solve time = 170.212 ms
Schwarz(Jacobi)+Bicgstab:  Solving for Uy, Initial residual = 0.004233345738904779, Final residual = 0.0003818839331725419, No Iterations 2, Solve time = 170.212 ms
Schwarz(Jacobi)+Bicgstab:  Solving for Uz, Initial residual = 0.0010969145303013858, Final residual = 7.59329682641382e-05, No Iterations 2, Solve time = 170.212 ms
[mem] after-UEqn: DEVICE_POOL current=19126 MB  actual(reserved)=38146 MB  highWater=24414 MB
[GinkgoSolver] p-cache: reuse(update_matrix_value) solve=33 rebuildInterval=0
config(Cg+Multigrid):  Solving for p, Initial residual = 0.0013019209401492764, Final residual = 1.2310128266563087e-05, No Iterations 8, Solve time = 827.426 ms
time step continuity errors : sum local = 3.078285072697245e-06, global = 4.9384541035207994e-08, cumulative = 1.8817152745533222e-06
[mem] after-pEqn: DEVICE_POOL current=19126 MB  actual(reserved)=38146 MB  highWater=24414 MB
[GinkgoSolver] p-cache: reuse(update_matrix_value) solve=33 rebuildInterval=0
Schwarz(Jacobi)+Bicgstab:  Solving for omega, Initial residual = 1.288487870429939e-05, Final residual = 8.515933093027626e-07, No Iterations 2, Solve time = 87.622 ms
bounding omega, min: -50990.755011274916 max: 45355982.69501118 average: 6370.812413105945
[GinkgoSolver] p-cache: reuse(update_matrix_value) solve=33 rebuildInterval=0
Schwarz(Jacobi)+Bicgstab:  Solving for k, Initial residual = 0.0002459636562753116, Final residual = 1.3366465265189027e-05, No Iterations 2, Solve time = 74.88 ms
bounding k, min: -0.004201156536882231 max: 872.8089457908167 average: 9.134107502449131
[mem] after-turb: DEVICE_POOL current=19126 MB  actual(reserved)=38146 MB  highWater=24414 MB
ExecutionTime = 127.64 s  ClockTime = 128 s

Time = 1034
[mem] step-start: DEVICE_POOL current=19126 MB  actual(reserved)=38146 MB  highWater=24414 MB
Schwarz(Jacobi)+Bicgstab:  Solving for Ux, Initial residual = 7.976835834996866e-05, Final residual = 4.55848251341911e-06, No Iterations 2, Solve time = 174.618 ms
Schwarz(Jacobi)+Bicgstab:  Solving for Uy, Initial residual = 0.004217579800836401, Final residual = 0.00073209281655465, No Iterations 2, Solve time = 174.618 ms
Schwarz(Jacobi)+Bicgstab:  Solving for Uz, Initial residual = 0.0011040833165139956, Final residual = 7.493525013451683e-05, No Iterations 2, Solve time = 174.618 ms
[mem] after-UEqn: DEVICE_POOL current=19126 MB  actual(reserved)=38146 MB  highWater=24414 MB
[GinkgoSolver] p-cache: reuse(update_matrix_value) solve=34 rebuildInterval=0
config(Cg+Multigrid):  Solving for p, Initial residual = 0.0012972246626197313, Final residual = 1.2445311412098952e-05, No Iterations 8, Solve time = 834.072 ms
time step continuity errors : sum local = 3.1118789418415306e-06, global = 5.297262228306785e-08, cumulative = 1.93468789683639e-06
[mem] after-pEqn: DEVICE_POOL current=19126 MB  actual(reserved)=38146 MB  highWater=24414 MB
[GinkgoSolver] p-cache: reuse(update_matrix_value) solve=34 rebuildInterval=0
Schwarz(Jacobi)+Bicgstab:  Solving for omega, Initial residual = 1.29038854163171e-05, Final residual = 8.594456296003742e-07, No Iterations 2, Solve time = 90.55 ms
bounding omega, min: -225191.48748316948 max: 45355982.70130236 average: 6370.878128679974
[GinkgoSolver] p-cache: reuse(update_matrix_value) solve=34 rebuildInterval=0
Schwarz(Jacobi)+Bicgstab:  Solving for k, Initial residual = 0.00024632731040967926, Final residual = 1.2736515709483137e-05, No Iterations 2, Solve time = 73.159 ms
bounding k, min: -0.009121066493196939 max: 872.5995311509623 average: 9.133766579231883
[mem] after-turb: DEVICE_POOL current=19126 MB  actual(reserved)=38146 MB  highWater=24414 MB
ExecutionTime = 130.07 s  ClockTime = 131 s

Time = 1035
[mem] step-start: DEVICE_POOL current=19126 MB  actual(reserved)=38146 MB  highWater=24414 MB
Schwarz(Jacobi)+Bicgstab:  Solving for Ux, Initial residual = 7.977336100514354e-05, Final residual = 4.619958503193613e-06, No Iterations 3, Solve time = 225.035 ms
Schwarz(Jacobi)+Bicgstab:  Solving for Uy, Initial residual = 0.00427076704427959, Final residual = 0.0001349859679650825, No Iterations 3, Solve time = 225.035 ms
Schwarz(Jacobi)+Bicgstab:  Solving for Uz, Initial residual = 0.0011052334503556978, Final residual = 4.726491383835069e-05, No Iterations 3, Solve time = 225.035 ms
[mem] after-UEqn: DEVICE_POOL current=19126 MB  actual(reserved)=38146 MB  highWater=24414 MB
[GinkgoSolver] p-cache: reuse(update_matrix_value) solve=35 rebuildInterval=0
config(Cg+Multigrid):  Solving for p, Initial residual = 0.0013007065267842852, Final residual = 1.2589981298587008e-05, No Iterations 8, Solve time = 832.122 ms
time step continuity errors : sum local = 3.1485038282006912e-06, global = 4.493519159412212e-08, cumulative = 1.979623088430512e-06
[mem] after-pEqn: DEVICE_POOL current=19126 MB  actual(reserved)=38146 MB  highWater=24414 MB
[GinkgoSolver] p-cache: reuse(update_matrix_value) solve=35 rebuildInterval=0
Schwarz(Jacobi)+Bicgstab:  Solving for omega, Initial residual = 1.2924344143476408e-05, Final residual = 8.616529199583775e-07, No Iterations 2, Solve time = 78.365 ms
bounding omega, min: -48922.40071874959 max: 45355982.7052624 average: 6371.007807693359
[GinkgoSolver] p-cache: reuse(update_matrix_value) solve=35 rebuildInterval=0
Schwarz(Jacobi)+Bicgstab:  Solving for k, Initial residual = 0.0002469180359254282, Final residual = 1.2275745086445392e-05, No Iterations 2, Solve time = 74.273 ms
bounding k, min: -0.005790016083406195 max: 872.4434370897478 average: 9.133361807416568
[mem] after-turb: DEVICE_POOL current=19126 MB  actual(reserved)=38146 MB  highWater=24414 MB
ExecutionTime = 132.48 s  ClockTime = 133 s

Time = 1036
[mem] step-start: DEVICE_POOL current=19126 MB  actual(reserved)=38146 MB  highWater=24414 MB
Schwarz(Jacobi)+Bicgstab:  Solving for Ux, Initial residual = 7.989547944659101e-05, Final residual = 4.509448297798918e-06, No Iterations 3, Solve time = 232.361 ms
Schwarz(Jacobi)+Bicgstab:  Solving for Uy, Initial residual = 0.004286301497995673, Final residual = 0.00013435132107882987, No Iterations 3, Solve time = 232.361 ms
Schwarz(Jacobi)+Bicgstab:  Solving for Uz, Initial residual = 0.001104572134230374, Final residual = 4.3546931313678526e-05, No Iterations 3, Solve time = 232.361 ms
[mem] after-UEqn: DEVICE_POOL current=19126 MB  actual(reserved)=38146 MB  highWater=24414 MB
[GinkgoSolver] p-cache: reuse(update_matrix_value) solve=36 rebuildInterval=0
config(Cg+Multigrid):  Solving for p, Initial residual = 0.0013013028868045452, Final residual = 1.2623420429425114e-05, No Iterations 8, Solve time = 826.726 ms
time step continuity errors : sum local = 3.15801599648603e-06, global = 4.441323582145207e-08, cumulative = 2.024036324251964e-06
[mem] after-pEqn: DEVICE_POOL current=19126 MB  actual(reserved)=38146 MB  highWater=24414 MB
[GinkgoSolver] p-cache: reuse(update_matrix_value) solve=36 rebuildInterval=0
Schwarz(Jacobi)+Bicgstab:  Solving for omega, Initial residual = 1.2947115581339867e-05, Final residual = 8.677740815732919e-07, No Iterations 2, Solve time = 90.597 ms
bounding omega, min: -48217.94329621002 max: 45355982.70444931 average: 6371.099442066736
[GinkgoSolver] p-cache: reuse(update_matrix_value) solve=36 rebuildInterval=0
Schwarz(Jacobi)+Bicgstab:  Solving for k, Initial residual = 0.00024747090096796583, Final residual = 1.2495378305926405e-05, No Iterations 2, Solve time = 73.362 ms
bounding k, min: -0.0072608566245236875 max: 872.3242120621354 average: 9.132953556903635
[mem] after-turb: DEVICE_POOL current=19126 MB  actual(reserved)=38146 MB  highWater=24414 MB
ExecutionTime = 134.96 s  ClockTime = 136 s

Time = 1037
[mem] step-start: DEVICE_POOL current=19126 MB  actual(reserved)=38146 MB  highWater=24414 MB
Schwarz(Jacobi)+Bicgstab:  Solving for Ux, Initial residual = 8.002260954868381e-05, Final residual = 5.077912128375329e-06, No Iterations 3, Solve time = 228.842 ms
Schwarz(Jacobi)+Bicgstab:  Solving for Uy, Initial residual = 0.004300067716123602, Final residual = 0.0001365543627041745, No Iterations 3, Solve time = 228.842 ms
Schwarz(Jacobi)+Bicgstab:  Solving for Uz, Initial residual = 0.0011048763357903138, Final residual = 3.837407100889573e-05, No Iterations 3, Solve time = 228.842 ms
[mem] after-UEqn: DEVICE_POOL current=19126 MB  actual(reserved)=38146 MB  highWater=24414 MB
[GinkgoSolver] p-cache: reuse(update_matrix_value) solve=37 rebuildInterval=0
config(Cg+Multigrid):  Solving for p, Initial residual = 0.0013031784100203225, Final residual = 1.2602688878058879e-05, No Iterations 8, Solve time = 825.074 ms
time step continuity errors : sum local = 3.154452245253292e-06, global = 4.678146324170896e-08, cumulative = 2.070817787493673e-06
[mem] after-pEqn: DEVICE_POOL current=19126 MB  actual(reserved)=38146 MB  highWater=24414 MB
[GinkgoSolver] p-cache: reuse(update_matrix_value) solve=37 rebuildInterval=0
Schwarz(Jacobi)+Bicgstab:  Solving for omega, Initial residual = 1.298790939891316e-05, Final residual = 8.80045901574496e-07, No Iterations 2, Solve time = 90.209 ms
bounding omega, min: -47344.70802983269 max: 45355982.69846145 average: 6371.183631214717
[GinkgoSolver] p-cache: reuse(update_matrix_value) solve=37 rebuildInterval=0
Schwarz(Jacobi)+Bicgstab:  Solving for k, Initial residual = 0.0002480591903688442, Final residual = 1.2380431951407929e-05, No Iterations 2, Solve time = 72.51 ms
bounding k, min: -0.013003970746030479 max: 872.2332693649332 average: 9.13259908808129
[mem] after-turb: DEVICE_POOL current=19126 MB  actual(reserved)=38146 MB  highWater=24414 MB
ExecutionTime = 137.42 s  ClockTime = 138 s

Time = 1038
[mem] step-start: DEVICE_POOL current=19126 MB  actual(reserved)=38146 MB  highWater=24414 MB
Schwarz(Jacobi)+Bicgstab:  Solving for Ux, Initial residual = 8.020637991931676e-05, Final residual = 4.639479515625694e-06, No Iterations 2, Solve time = 173.901 ms
Schwarz(Jacobi)+Bicgstab:  Solving for Uy, Initial residual = 0.0043112336002748535, Final residual = 0.0006202601778536093, No Iterations 2, Solve time = 173.901 ms
Schwarz(Jacobi)+Bicgstab:  Solving for Uz, Initial residual = 0.0011059538915308184, Final residual = 7.630160276144406e-05, No Iterations 2, Solve time = 173.901 ms
[mem] after-UEqn: DEVICE_POOL current=19126 MB  actual(reserved)=38146 MB  highWater=24414 MB
[GinkgoSolver] p-cache: reuse(update_matrix_value) solve=38 rebuildInterval=0
config(Cg+Multigrid):  Solving for p, Initial residual = 0.001316051091877025, Final residual = 1.2816460616919934e-05, No Iterations 8, Solve time = 827.194 ms
time step continuity errors : sum local = 3.2099447481491795e-06, global = 4.866888366711313e-08, cumulative = 2.1194866711607857e-06
[mem] after-pEqn: DEVICE_POOL current=19126 MB  actual(reserved)=38146 MB  highWater=24414 MB
[GinkgoSolver] p-cache: reuse(update_matrix_value) solve=38 rebuildInterval=0
Schwarz(Jacobi)+Bicgstab:  Solving for omega, Initial residual = 1.3030857568308428e-05, Final residual = 8.901245856891481e-07, No Iterations 2, Solve time = 90.771 ms
bounding omega, min: -344576.39173951343 max: 45355982.68833549 average: 6371.210887432196
[GinkgoSolver] p-cache: reuse(update_matrix_value) solve=38 rebuildInterval=0
Schwarz(Jacobi)+Bicgstab:  Solving for k, Initial residual = 0.000248798448164018, Final residual = 1.2148066033001956e-05, No Iterations 2, Solve time = 74.631 ms
bounding k, min: -0.019685411920952686 max: 872.1496170054613 average: 9.132199641708366
[mem] after-turb: DEVICE_POOL current=19126 MB  actual(reserved)=38146 MB  highWater=24414 MB
ExecutionTime = 139.84 s  ClockTime = 141 s

Time = 1039
[mem] step-start: DEVICE_POOL current=19126 MB  actual(reserved)=38146 MB  highWater=24414 MB
Schwarz(Jacobi)+Bicgstab:  Solving for Ux, Initial residual = 8.051193004672137e-05, Final residual = 4.645495624365925e-06, No Iterations 2, Solve time = 166.332 ms
Schwarz(Jacobi)+Bicgstab:  Solving for Uy, Initial residual = 0.004288582686717888, Final residual = 0.0008168543453550857, No Iterations 2, Solve time = 166.332 ms
Schwarz(Jacobi)+Bicgstab:  Solving for Uz, Initial residual = 0.0011139734985853506, Final residual = 7.564935059565824e-05, No Iterations 2, Solve time = 166.332 ms
[mem] after-UEqn: DEVICE_POOL current=19126 MB  actual(reserved)=38146 MB  highWater=24414 MB
[GinkgoSolver] p-cache: reuse(update_matrix_value) solve=39 rebuildInterval=0
config(Cg+Multigrid):  Solving for p, Initial residual = 0.00130131245246623, Final residual = 1.2781891115714725e-05, No Iterations 8, Solve time = 822.319 ms
time step continuity errors : sum local = 3.2034709135685833e-06, global = 5.807680770645892e-08, cumulative = 2.177563478867245e-06
[mem] after-pEqn: DEVICE_POOL current=19126 MB  actual(reserved)=38146 MB  highWater=24414 MB
[GinkgoSolver] p-cache: reuse(update_matrix_value) solve=39 rebuildInterval=0
Schwarz(Jacobi)+Bicgstab:  Solving for omega, Initial residual = 1.3053490275584426e-05, Final residual = 8.954193972348518e-07, No Iterations 2, Solve time = 90.815 ms
bounding omega, min: -45645.6334696649 max: 45355982.674827054 average: 6371.310224484948
[GinkgoSolver] p-cache: reuse(update_matrix_value) solve=39 rebuildInterval=0
Schwarz(Jacobi)+Bicgstab:  Solving for k, Initial residual = 0.0002489334808841239, Final residual = 1.150680073828959e-05, No Iterations 2, Solve time = 71.536 ms
bounding k, min: -0.0293944832838222 max: 872.0851778414387 average: 9.132111908746229
[mem] after-turb: DEVICE_POOL current=19126 MB  actual(reserved)=38146 MB  highWater=24414 MB
ExecutionTime = 142.25 s  ClockTime = 143 s

Time = 1040
[mem] step-start: DEVICE_POOL current=19126 MB  actual(reserved)=38146 MB  highWater=24414 MB
Schwarz(Jacobi)+Bicgstab:  Solving for Ux, Initial residual = 8.047626841246353e-05, Final residual = 5.7236256950817855e-06, No Iterations 3, Solve time = 229.381 ms
Schwarz(Jacobi)+Bicgstab:  Solving for Uy, Initial residual = 0.004342119426151467, Final residual = 0.00014106623825277818, No Iterations 3, Solve time = 229.381 ms
Schwarz(Jacobi)+Bicgstab:  Solving for Uz, Initial residual = 0.0011148951500928957, Final residual = 4.951660953046397e-05, No Iterations 3, Solve time = 229.381 ms
[mem] after-UEqn: DEVICE_POOL current=19126 MB  actual(reserved)=38146 MB  highWater=24414 MB
[GinkgoSolver] p-cache: reuse(update_matrix_value) solve=40 rebuildInterval=0
config(Cg+Multigrid):  Solving for p, Initial residual = 0.0013054742897339604, Final residual = 1.2961397912698417e-05, No Iterations 8, Solve time = 822.914 ms
time step continuity errors : sum local = 3.2511267502922814e-06, global = 5.0537338736521776e-08, cumulative = 2.2281008176037666e-06
[mem] after-pEqn: DEVICE_POOL current=19126 MB  actual(reserved)=38146 MB  highWater=24414 MB
[GinkgoSolver] p-cache: reuse(update_matrix_value) solve=40 rebuildInterval=0
Schwarz(Jacobi)+Bicgstab:  Solving for omega, Initial residual = 1.3074682166546748e-05, Final residual = 9.005184525045203e-07, No Iterations 2, Solve time = 90.731 ms
bounding omega, min: -44540.98852057387 max: 45355982.66083558 average: 6371.399229732524
[GinkgoSolver] p-cache: reuse(update_matrix_value) solve=40 rebuildInterval=0
Schwarz(Jacobi)+Bicgstab:  Solving for k, Initial residual = 0.0002494297322447327, Final residual = 2.3634467975083213e-05, No Iterations 2, Solve time = 77.664 ms
bounding k, min: -0.37530430611827137 max: 872.0195975317189 average: 9.13247653793746
[mem] after-turb: DEVICE_POOL current=19126 MB  actual(reserved)=38146 MB  highWater=24414 MB
ExecutionTime = 144.67 s  ClockTime = 145 s

Time = 1041
[mem] step-start: DEVICE_POOL current=19126 MB  actual(reserved)=38146 MB  highWater=24414 MB
Schwarz(Jacobi)+Bicgstab:  Solving for Ux, Initial residual = 8.065611790340009e-05, Final residual = 3.8006473033964096e-06, No Iterations 3, Solve time = 226.257 ms
Schwarz(Jacobi)+Bicgstab:  Solving for Uy, Initial residual = 0.004360648698217508, Final residual = 0.0001383170276078663, No Iterations 3, Solve time = 226.257 ms
Schwarz(Jacobi)+Bicgstab:  Solving for Uz, Initial residual = 0.0011147941347708992, Final residual = 2.2469309715177425e-05, No Iterations 3, Solve time = 226.257 ms
[mem] after-UEqn: DEVICE_POOL current=19126 MB  actual(reserved)=38146 MB  highWater=24414 MB
[GinkgoSolver] p-cache: reuse(update_matrix_value) solve=41 rebuildInterval=0
config(Cg+Multigrid):  Solving for p, Initial residual = 0.0013053245245263437, Final residual = 1.0371392112584889e-05, No Iterations 9, Solve time = 914.733 ms
time step continuity errors : sum local = 2.6036914032678936e-06, global = -2.997274375844685e-08, cumulative = 2.1981280738453197e-06
[mem] after-pEqn: DEVICE_POOL current=19126 MB  actual(reserved)=38146 MB  highWater=24414 MB
[GinkgoSolver] p-cache: reuse(update_matrix_value) solve=41 rebuildInterval=0
Schwarz(Jacobi)+Bicgstab:  Solving for omega, Initial residual = 1.2872941684875556e-05, Final residual = 9.049956754958724e-07, No Iterations 2, Solve time = 90.756 ms
bounding omega, min: -44919.078098924016 max: 45355982.64392275 average: 6371.485088694447
[GinkgoSolver] p-cache: reuse(update_matrix_value) solve=41 rebuildInterval=0
Schwarz(Jacobi)+Bicgstab:  Solving for k, Initial residual = 0.0002493071567427585, Final residual = 1.1433687400367544e-05, No Iterations 3, Solve time = 100.634 ms
bounding k, min: -0.00012105641271612544 max: 871.9514826428613 average: 9.132180492623261
[mem] after-turb: DEVICE_POOL current=19126 MB  actual(reserved)=38146 MB  highWater=24414 MB
ExecutionTime = 147.27 s  ClockTime = 148 s

Time = 1042
[mem] step-start: DEVICE_POOL current=19126 MB  actual(reserved)=38146 MB  highWater=24414 MB
Schwarz(Jacobi)+Bicgstab:  Solving for Ux, Initial residual = 8.066716329558804e-05, Final residual = 9.40950520887302e-06, No Iterations 3, Solve time = 234.012 ms
Schwarz(Jacobi)+Bicgstab:  Solving for Uy, Initial residual = 0.004375414408676698, Final residual = 0.00013981383672349778, No Iterations 3, Solve time = 234.012 ms
Schwarz(Jacobi)+Bicgstab:  Solving for Uz, Initial residual = 0.0011125587723653917, Final residual = 4.0376206736009504e-05, No Iterations 3, Solve time = 234.012 ms
[mem] after-UEqn: DEVICE_POOL current=19126 MB  actual(reserved)=38146 MB  highWater=24414 MB
[GinkgoSolver] p-cache: reuse(update_matrix_value) solve=42 rebuildInterval=0
config(Cg+Multigrid):  Solving for p, Initial residual = 0.001324336659187339, Final residual = 1.0561353165745554e-05, No Iterations 9, Solve time = 912.015 ms
time step continuity errors : sum local = 2.6537058470149796e-06, global = -3.388431660095413e-08, cumulative = 2.1642437572443654e-06
[mem] after-pEqn: DEVICE_POOL current=19126 MB  actual(reserved)=38146 MB  highWater=24414 MB
[GinkgoSolver] p-cache: reuse(update_matrix_value) solve=42 rebuildInterval=0
Schwarz(Jacobi)+Bicgstab:  Solving for omega, Initial residual = 1.3299788776381214e-05, Final residual = 9.22234562977274e-07, No Iterations 2, Solve time = 78.561 ms
bounding omega, min: -233361.713028576 max: 45355982.63038173 average: 6371.4427231968075
[GinkgoSolver] p-cache: reuse(update_matrix_value) solve=42 rebuildInterval=0
Schwarz(Jacobi)+Bicgstab:  Solving for k, Initial residual = 0.00024853522506031617, Final residual = 4.635523764524697e-06, No Iterations 3, Solve time = 98.086 ms
bounding k, min: -9.098121981105257e-05 max: 871.8524640590875 average: 9.132398609616995
[mem] after-turb: DEVICE_POOL current=19126 MB  actual(reserved)=38146 MB  highWater=24414 MB
ExecutionTime = 149.86 s  ClockTime = 151 s

Time = 1043
[mem] step-start: DEVICE_POOL current=19126 MB  actual(reserved)=38146 MB  highWater=24414 MB
Schwarz(Jacobi)+Bicgstab:  Solving for Ux, Initial residual = 8.123310497378293e-05, Final residual = 2.5100325635060164e-06, No Iterations 3, Solve time = 233.592 ms
Schwarz(Jacobi)+Bicgstab:  Solving for Uy, Initial residual = 0.004386394779909268, Final residual = 0.0001417335315281883, No Iterations 3, Solve time = 233.592 ms
Schwarz(Jacobi)+Bicgstab:  Solving for Uz, Initial residual = 0.0011144274315299976, Final residual = 3.701604315601056e-05, No Iterations 3, Solve time = 233.592 ms
[mem] after-UEqn: DEVICE_POOL current=19126 MB  actual(reserved)=38146 MB  highWater=24414 MB
[GinkgoSolver] p-cache: reuse(update_matrix_value) solve=43 rebuildInterval=0
config(Cg+Multigrid):  Solving for p, Initial residual = 0.001302618288554425, Final residual = 1.1044795068127593e-05, No Iterations 9, Solve time = 921.893 ms
time step continuity errors : sum local = 2.776380455539698e-06, global = -4.358005543901437e-08, cumulative = 2.120663701805351e-06
[mem] after-pEqn: DEVICE_POOL current=19126 MB  actual(reserved)=38146 MB  highWater=24414 MB
[GinkgoSolver] p-cache: reuse(update_matrix_value) solve=43 rebuildInterval=0
Schwarz(Jacobi)+Bicgstab:  Solving for omega, Initial residual = 1.3172607806801902e-05, Final residual = 9.147833823619366e-07, No Iterations 2, Solve time = 89.91 ms
bounding omega, min: -45840.64748275675 max: 45355982.61786008 average: 6371.415592114146
[GinkgoSolver] p-cache: reuse(update_matrix_value) solve=43 rebuildInterval=0
Schwarz(Jacobi)+Bicgstab:  Solving for k, Initial residual = 0.00024810333928692934, Final residual = 1.1907791636422205e-05, No Iterations 2, Solve time = 75.25 ms
bounding k, min: -8.134943002941102e-06 max: 871.7188544823697 average: 9.132298830987786
[mem] after-turb: DEVICE_POOL current=19126 MB  actual(reserved)=38146 MB  highWater=24414 MB
ExecutionTime = 152.45 s  ClockTime = 153 s

Time = 1044
[mem] step-start: DEVICE_POOL current=19126 MB  actual(reserved)=38146 MB  highWater=24414 MB
Schwarz(Jacobi)+Bicgstab:  Solving for Ux, Initial residual = 8.102122373399301e-05, Final residual = 4.515875669842217e-06, No Iterations 3, Solve time = 227.784 ms
Schwarz(Jacobi)+Bicgstab:  Solving for Uy, Initial residual = 0.004393850083951661, Final residual = 0.00014460134170632996, No Iterations 3, Solve time = 227.784 ms
Schwarz(Jacobi)+Bicgstab:  Solving for Uz, Initial residual = 0.0011166348747524008, Final residual = 5.2491985811200395e-05, No Iterations 3, Solve time = 227.784 ms
[mem] after-UEqn: DEVICE_POOL current=19126 MB  actual(reserved)=38146 MB  highWater=24414 MB
[GinkgoSolver] p-cache: reuse(update_matrix_value) solve=44 rebuildInterval=0
config(Cg+Multigrid):  Solving for p, Initial residual = 0.0012998091350506888, Final residual = 1.0964809128406116e-05, No Iterations 9, Solve time = 919.262 ms
time step continuity errors : sum local = 2.75614048645014e-06, global = -2.0869566285475747e-08, cumulative = 2.099794135519875e-06
[mem] after-pEqn: DEVICE_POOL current=19126 MB  actual(reserved)=38146 MB  highWater=24414 MB
[GinkgoSolver] p-cache: reuse(update_matrix_value) solve=44 rebuildInterval=0
Schwarz(Jacobi)+Bicgstab:  Solving for omega, Initial residual = 1.3216160352292618e-05, Final residual = 9.134562546737164e-07, No Iterations 2, Solve time = 86.282 ms
bounding omega, min: -46039.47785074702 max: 45355982.60693243 average: 6371.340041656085
[GinkgoSolver] p-cache: reuse(update_matrix_value) solve=44 rebuildInterval=0
Schwarz(Jacobi)+Bicgstab:  Solving for k, Initial residual = 0.00024872679035565755, Final residual = 1.2713382718362605e-05, No Iterations 2, Solve time = 72.945 ms
bounding k, min: -0.00017087983023380052 max: 871.5598844216908 average: 9.132336659055154
[mem] after-turb: DEVICE_POOL current=19126 MB  actual(reserved)=38146 MB  highWater=24414 MB
ExecutionTime = 155.03 s  ClockTime = 156 s

Time = 1045
[mem] step-start: DEVICE_POOL current=19126 MB  actual(reserved)=38146 MB  highWater=24414 MB
Schwarz(Jacobi)+Bicgstab:  Solving for Ux, Initial residual = 8.112321282026434e-05, Final residual = 4.7616441172841475e-06, No Iterations 2, Solve time = 169.491 ms
Schwarz(Jacobi)+Bicgstab:  Solving for Uy, Initial residual = 0.004400420109609706, Final residual = 0.0005900534776197734, No Iterations 2, Solve time = 169.491 ms
Schwarz(Jacobi)+Bicgstab:  Solving for Uz, Initial residual = 0.0011202728442120972, Final residual = 7.579798476986372e-05, No Iterations 2, Solve time = 169.491 ms
[mem] after-UEqn: DEVICE_POOL current=19126 MB  actual(reserved)=38146 MB  highWater=24414 MB
[GinkgoSolver] p-cache: reuse(update_matrix_value) solve=45 rebuildInterval=0
config(Cg+Multigrid):  Solving for p, Initial residual = 0.0013155391116175948, Final residual = 1.0356680389219536e-05, No Iterations 9, Solve time = 920.977 ms
time step continuity errors : sum local = 2.6015774347016506e-06, global = -1.2525857576357636e-08, cumulative = 2.0872682779435175e-06
[mem] after-pEqn: DEVICE_POOL current=19126 MB  actual(reserved)=38146 MB  highWater=24414 MB
[GinkgoSolver] p-cache: reuse(update_matrix_value) solve=45 rebuildInterval=0
Schwarz(Jacobi)+Bicgstab:  Solving for omega, Initial residual = 1.3227363248044156e-05, Final residual = 9.180452230391189e-07, No Iterations 2, Solve time = 90.32 ms
bounding omega, min: -46517.23977478342 max: 45355982.59932795 average: 6371.241882644534
[GinkgoSolver] p-cache: reuse(update_matrix_value) solve=45 rebuildInterval=0
Schwarz(Jacobi)+Bicgstab:  Solving for k, Initial residual = 0.000249528346064306, Final residual = 1.3744763668567108e-05, No Iterations 2, Solve time = 74.149 ms
bounding k, min: -0.0002319436993677276 max: 871.3722181941764 average: 9.1323465382688
[mem] after-turb: DEVICE_POOL current=19126 MB  actual(reserved)=38146 MB  highWater=24414 MB
ExecutionTime = 157.49 s  ClockTime = 158 s

Time = 1046
[mem] step-start: DEVICE_POOL current=19126 MB  actual(reserved)=38146 MB  highWater=24414 MB
Schwarz(Jacobi)+Bicgstab:  Solving for Ux, Initial residual = 8.13650596479667e-05, Final residual = 4.786453889392025e-06, No Iterations 2, Solve time = 181.255 ms
Schwarz(Jacobi)+Bicgstab:  Solving for Uy, Initial residual = 0.004379281477451732, Final residual = 0.0008053148587619352, No Iterations 2, Solve time = 181.255 ms
Schwarz(Jacobi)+Bicgstab:  Solving for Uz, Initial residual = 0.001128488387809651, Final residual = 7.62402254493381e-05, No Iterations 2, Solve time = 181.255 ms
[mem] after-UEqn: DEVICE_POOL current=19126 MB  actual(reserved)=38146 MB  highWater=24414 MB
[GinkgoSolver] p-cache: reuse(update_matrix_value) solve=46 rebuildInterval=0
config(Cg+Multigrid):  Solving for p, Initial residual = 0.0013063157465171848, Final residual = 1.1679013105201804e-05, No Iterations 9, Solve time = 931.583 ms
time step continuity errors : sum local = 2.930114425336224e-06, global = 6.801749676502865e-08, cumulative = 2.1552857747085462e-06
[mem] after-pEqn: DEVICE_POOL current=19126 MB  actual(reserved)=38146 MB  highWater=24414 MB
[GinkgoSolver] p-cache: reuse(update_matrix_value) solve=46 rebuildInterval=0
Schwarz(Jacobi)+Bicgstab:  Solving for omega, Initial residual = 1.3233143738030256e-05, Final residual = 9.182276656295474e-07, No Iterations 2, Solve time = 81.413 ms
bounding omega, min: -190827.34306756075 max: 45355982.595109485 average: 6371.18354267312
[GinkgoSolver] p-cache: reuse(update_matrix_value) solve=46 rebuildInterval=0
Schwarz(Jacobi)+Bicgstab:  Solving for k, Initial residual = 0.0002498525976993129, Final residual = 1.4039771839377946e-05, No Iterations 2, Solve time = 74.046 ms
bounding k, min: -0.0021727224774758195 max: 871.1717006269062 average: 9.132669374906442
[mem] after-turb: DEVICE_POOL current=19126 MB  actual(reserved)=38146 MB  highWater=24414 MB
ExecutionTime = 159.96 s  ClockTime = 161 s

Time = 1047
[mem] step-start: DEVICE_POOL current=19126 MB  actual(reserved)=38146 MB  highWater=24414 MB
Schwarz(Jacobi)+Bicgstab:  Solving for Ux, Initial residual = 8.127227739259066e-05, Final residual = 4.87001681218509e-06, No Iterations 2, Solve time = 186.453 ms
Schwarz(Jacobi)+Bicgstab:  Solving for Uy, Initial residual = 0.004429710759929629, Final residual = 0.0008294563596365883, No Iterations 2, Solve time = 186.453 ms
Schwarz(Jacobi)+Bicgstab:  Solving for Uz, Initial residual = 0.0011296398403405304, Final residual = 7.532778606750485e-05, No Iterations 2, Solve time = 186.453 ms
[mem] after-UEqn: DEVICE_POOL current=19126 MB  actual(reserved)=38146 MB  highWater=24414 MB
[GinkgoSolver] p-cache: reuse(update_matrix_value) solve=47 rebuildInterval=0
config(Cg+Multigrid):  Solving for p, Initial residual = 0.0013193905756729912, Final residual = 1.1139267578320057e-05, No Iterations 9, Solve time = 931.495 ms
time step continuity errors : sum local = 2.7910452881952004e-06, global = -4.8841134560781336e-08, cumulative = 2.106444640147765e-06
[mem] after-pEqn: DEVICE_POOL current=19126 MB  actual(reserved)=38146 MB  highWater=24414 MB
[GinkgoSolver] p-cache: reuse(update_matrix_value) solve=47 rebuildInterval=0
Schwarz(Jacobi)+Bicgstab:  Solving for omega, Initial residual = 1.3235801472213576e-05, Final residual = 9.160154413093891e-07, No Iterations 2, Solve time = 78.224 ms
bounding omega, min: -47085.7529808041 max: 45355982.59391757 average: 6371.2781104348605
[GinkgoSolver] p-cache: reuse(update_matrix_value) solve=47 rebuildInterval=0
Schwarz(Jacobi)+Bicgstab:  Solving for k, Initial residual = 0.00025023444511888224, Final residual = 1.3794507049389138e-05, No Iterations 2, Solve time = 73.337 ms
bounding k, min: -0.0006345065524060335 max: 870.9669321953791 average: 9.13324402647432
[mem] after-turb: DEVICE_POOL current=19126 MB  actual(reserved)=38146 MB  highWater=24414 MB
ExecutionTime = 162.44 s  ClockTime = 163 s

Time = 1048
[mem] step-start: DEVICE_POOL current=19126 MB  actual(reserved)=38146 MB  highWater=24414 MB
Schwarz(Jacobi)+Bicgstab:  Solving for Ux, Initial residual = 8.114161262234967e-05, Final residual = 3.699662255369796e-06, No Iterations 3, Solve time = 231.704 ms
Schwarz(Jacobi)+Bicgstab:  Solving for Uy, Initial residual = 0.004510846296901387, Final residual = 0.00014347567547313967, No Iterations 3, Solve time = 231.704 ms
Schwarz(Jacobi)+Bicgstab:  Solving for Uz, Initial residual = 0.0011277229696596608, Final residual = 3.894035817101421e-05, No Iterations 3, Solve time = 231.704 ms
[mem] after-UEqn: DEVICE_POOL current=19126 MB  actual(reserved)=38146 MB  highWater=24414 MB
[GinkgoSolver] p-cache: reuse(update_matrix_value) solve=48 rebuildInterval=0
config(Cg+Multigrid):  Solving for p, Initial residual = 0.0013087508549863363, Final residual = 1.0992659806886007e-05, No Iterations 9, Solve time = 926.856 ms
time step continuity errors : sum local = 2.7506804284493204e-06, global = -3.2663813100858066e-09, cumulative = 2.103178258837679e-06
[mem] after-pEqn: DEVICE_POOL current=19126 MB  actual(reserved)=38146 MB  highWater=24414 MB
[GinkgoSolver] p-cache: reuse(update_matrix_value) solve=48 rebuildInterval=0
Schwarz(Jacobi)+Bicgstab:  Solving for omega, Initial residual = 1.3210103304485562e-05, Final residual = 9.078857712913609e-07, No Iterations 2, Solve time = 90.107 ms
bounding omega, min: -47188.885205142695 max: 45355982.59525902 average: 6371.334963927257
[GinkgoSolver] p-cache: reuse(update_matrix_value) solve=48 rebuildInterval=0
Schwarz(Jacobi)+Bicgstab:  Solving for k, Initial residual = 0.0002507023200790792, Final residual = 1.370491591595393e-05, No Iterations 2, Solve time = 73.074 ms
bounding k, min: -0.002124228367076287 max: 870.7471485065826 average: 9.133656218144086
[mem] after-turb: DEVICE_POOL current=19126 MB  actual(reserved)=38146 MB  highWater=24414 MB
ExecutionTime = 164.97 s  ClockTime = 166 s

Time = 1049
[mem] step-start: DEVICE_POOL current=19126 MB  actual(reserved)=38146 MB  highWater=24414 MB
Schwarz(Jacobi)+Bicgstab:  Solving for Ux, Initial residual = 8.107494640713176e-05, Final residual = 5.0225018731863245e-06, No Iterations 3, Solve time = 244.265 ms
Schwarz(Jacobi)+Bicgstab:  Solving for Uy, Initial residual = 0.004520840752080285, Final residual = 0.0001442159670950789, No Iterations 3, Solve time = 244.265 ms
Schwarz(Jacobi)+Bicgstab:  Solving for Uz, Initial residual = 0.0011252839436859405, Final residual = 3.854764349280923e-05, No Iterations 3, Solve time = 244.265 ms
[mem] after-UEqn: DEVICE_POOL current=19126 MB  actual(reserved)=38146 MB  highWater=24414 MB
[GinkgoSolver] p-cache: reuse(update_matrix_value) solve=49 rebuildInterval=0
config(Cg+Multigrid):  Solving for p, Initial residual = 0.001310982746379025, Final residual = 1.0801276115851797e-05, No Iterations 9, Solve time = 920.905 ms
time step continuity errors : sum local = 2.6995039193974445e-06, global = -5.031008597948183e-09, cumulative = 2.0981472502397306e-06
[mem] after-pEqn: DEVICE_POOL current=19126 MB  actual(reserved)=38146 MB  highWater=24414 MB
[GinkgoSolver] p-cache: reuse(update_matrix_value) solve=49 rebuildInterval=0
Schwarz(Jacobi)+Bicgstab:  Solving for omega, Initial residual = 1.3216567817804982e-05, Final residual = 9.119915561794736e-07, No Iterations 2, Solve time = 82.077 ms
bounding omega, min: -47405.589596123566 max: 45355982.59866536 average: 6371.400503846372
[GinkgoSolver] p-cache: reuse(update_matrix_value) solve=49 rebuildInterval=0
Schwarz(Jacobi)+Bicgstab:  Solving for k, Initial residual = 0.0002512607674144066, Final residual = 1.4023346338960387e-05, No Iterations 2, Solve time = 78.574 ms
bounding k, min: -0.0009628278930797068 max: 870.5269735984328 average: 9.134101607041531
[mem] after-turb: DEVICE_POOL current=19126 MB  actual(reserved)=38146 MB  highWater=24414 MB
ExecutionTime = 167.56 s  ClockTime = 168 s

Time = 1050
[mem] step-start: DEVICE_POOL current=19126 MB  actual(reserved)=38146 MB  highWater=24414 MB
Schwarz(Jacobi)+Bicgstab:  Solving for Ux, Initial residual = 8.123239997020906e-05, Final residual = 3.827863924715526e-06, No Iterations 3, Solve time = 227.195 ms
Schwarz(Jacobi)+Bicgstab:  Solving for Uy, Initial residual = 0.004517079571887402, Final residual = 0.0001470823028918034, No Iterations 3, Solve time = 227.195 ms
Schwarz(Jacobi)+Bicgstab:  Solving for Uz, Initial residual = 0.0011257110043731747, Final residual = 3.8468443589704626e-05, No Iterations 3, Solve time = 227.195 ms
[mem] after-UEqn: DEVICE_POOL current=19126 MB  actual(reserved)=38146 MB  highWater=24414 MB
[GinkgoSolver] p-cache: reuse(update_matrix_value) solve=50 rebuildInterval=0
config(Cg+Multigrid):  Solving for p, Initial residual = 0.0013111683572597473, Final residual = 1.0660620688364104e-05, No Iterations 9, Solve time = 921.811 ms
time step continuity errors : sum local = 2.661647768044946e-06, global = -1.4380533356556286e-09, cumulative = 2.0967091969040748e-06
[mem] after-pEqn: DEVICE_POOL current=19126 MB  actual(reserved)=38146 MB  highWater=24414 MB
[GinkgoSolver] p-cache: reuse(update_matrix_value) solve=50 rebuildInterval=0
Schwarz(Jacobi)+Bicgstab:  Solving for omega, Initial residual = 1.3220440500010062e-05, Final residual = 9.093233837086939e-07, No Iterations 2, Solve time = 90.612 ms
bounding omega, min: -138246.62453659382 max: 45355982.60449423 average: 6371.424434831987
[GinkgoSolver] p-cache: reuse(update_matrix_value) solve=50 rebuildInterval=0
Schwarz(Jacobi)+Bicgstab:  Solving for k, Initial residual = 0.00025161987140724884, Final residual = 1.3949056917277838e-05, No Iterations 2, Solve time = 73.556 ms
bounding k, min: -0.003795656131654661 max: 870.3218678662696 average: 9.134504962857779
[mem] after-turb: DEVICE_POOL current=19126 MB  actual(reserved)=38146 MB  highWater=24414 MB
Writing p
Writing U
Writing turbulence variables
ExecutionTime = 171.29 s  ClockTime = 173 s

Finalizing NeoN
Finalising parallel run
