/*---------------------------------------------------------------------------*\
| =========                 |                                                 |
| \\      /  F ield         | OpenFOAM: The Open Source CFD Toolbox           |
|  \\    /   O peration     | Version:  2506                                  |
|   \\  /    A nd           | Website:  www.openfoam.com                      |
|    \\/     M anipulation  |                                                 |
\*---------------------------------------------------------------------------*/
Build  : b050cd9480-20250814 OPENFOAM=2506 version=v2506
Arch   : "LSB;label=32;scalar=64"
Exec   : /storage/home/greole/code/NeoFOAM/build/profilingnvidia_h200/bin/neoSimpleFoam -parallel
Date   : Jul 07 2026
Time   : 01:20:56
Host   : gpu-nvidia-h200-3.int.coma-cluster.de
PID    : 21038
I/O    : uncollated
Case   : /storage/home/greole/code/NeoFOAM/occDrivAerStaticMesh
nProcs : 4
Hosts  :
(
    (gpu-nvidia-h200-3.int.coma-cluster.de 4)
)
Pstream initialized with:
    node communication : off [type=host] (4 ranks, 1 nodes)
    topology controls  : none
    consensus exchange : 0 (tuning: 0)
    exchange algorithm : 0
    commsType          : nonBlocking
    polling iterations : 0
trapFpe: Floating point exception trapping enabled (FOAM_SIGFPE).
fileModificationChecking : Monitoring run-time modified files using timeStampMaster (fileModificationSkew 5, maxFileModificationPolls 20)
allowSystemOperations : Allowing user-supplied system call operations

// * * * * * * * * * * * * * * * * * * * * * * * * * * * * * * * * * * * * * //
Create time

Initializing NeoN
Creating Executor GPU
Creating NeoFOAM runTime

SIMPLE: no convergence criteria found. Calculations will run for 30 steps.

Reading field p

Reading field U

Reading/calculating face flux field phi

Selecting incompressible transport model Newtonian
NeoFOAM solver config (from fvSolution configFile) for 'config(Cg+Schwarz(Multigrid))':
{
    cacheSolver: true
    configFile: <NeoN::TokenList>
    l1ScaledResidual: true
    preconditionerRebuildInterval: 100
    relTol: 0.010000
    reportName: config(Cg+Schwarz(Multigrid))
    solver: Ginkgo
    tolerance: 0.000000
}
    effective optimize: false
    effective checkFrequency: 1
Mapping OpenFOAM solver settings to NeoN settings.
Currently, it is advisable to specify a configFile
for fine grained Ginkgo solver control

Replacing solver PBiCGStab by solver::Bicgstab
Replacing preconditioner diagonal by preconditioner::Schwarz (Schwarz-wrapped for distributed run)
NeoFOAM solver config (mapped from fvSolution) for 'Schwarz(Jacobi)+Bicgstab':
{
    cacheSolver: true
    criteria: {
        absolute_residual_norm: 0.000000
        initial_residual_norm: 0.100000
        iteration: 1000
    }
    l1ScaledResidual: true
    optimize: true
    preconditioner: {
        local_solver: {
            max_block_size: 1
            type: preconditioner::Jacobi
        }
        type: preconditioner::Schwarz
    }
    reportName: Schwarz(Jacobi)+Bicgstab
    solver: Ginkgo
    type: solver::Bicgstab
}
    effective optimize: true
    effective checkFrequency: 1
Creating phi

[NF][/storage/home/greole/code/NeoFOAM/include/NeoFOAM/auxiliary/readers.hpp::434]: Internal: 49333487, Boundary: 1754396

[NF][/storage/home/greole/code/NeoFOAM/include/NeoFOAM/auxiliary/readers.hpp::434]: Internal: 49320882, Boundary: 1762558

[NF][/storage/home/greole/code/NeoFOAM/include/NeoFOAM/auxiliary/readers.hpp::434]: Internal: 49243125, Boundary: 1362247

[NF][/storage/home/greole/code/NeoFOAM/include/NeoFOAM/auxiliary/readers.hpp::434]: Internal: 49261542, Boundary: 1427829
Selecting patchDistMethod meshWave
Mapping OpenFOAM solver settings to NeoN settings.
Currently, it is advisable to specify a configFile
for fine grained Ginkgo solver control

Replacing solver PBiCGStab by solver::Bicgstab
Replacing preconditioner diagonal by preconditioner::Schwarz (Schwarz-wrapped for distributed run)
NeoFOAM solver config (mapped from fvSolution) for 'Schwarz(Jacobi)+Bicgstab':
{
    cacheSolver: true
    criteria: {
        absolute_residual_norm: 0.000000
        initial_residual_norm: 0.100000
        iteration: 1000
    }
    l1ScaledResidual: true
    optimize: true
    preconditioner: {
        local_solver: {
            max_block_size: 1
            type: preconditioner::Jacobi
        }
        type: preconditioner::Schwarz
    }
    reportName: Schwarz(Jacobi)+Bicgstab
    solver: Ginkgo
    type: solver::Bicgstab
}
    effective optimize: true
    effective checkFrequency: 1
Mapping OpenFOAM solver settings to NeoN settings.
Currently, it is advisable to specify a configFile
for fine grained Ginkgo solver control

Replacing solver PBiCGStab by solver::Bicgstab
Replacing preconditioner diagonal by preconditioner::Schwarz (Schwarz-wrapped for distributed run)
NeoFOAM solver config (mapped from fvSolution) for 'Schwarz(Jacobi)+Bicgstab':
{
    cacheSolver: true
    criteria: {
        absolute_residual_norm: 0.000000
        initial_residual_norm: 0.100000
        iteration: 1000
    }
    l1ScaledResidual: true
    optimize: true
    preconditioner: {
        local_solver: {
            max_block_size: 1
            type: preconditioner::Jacobi
        }
        type: preconditioner::Schwarz
    }
    reportName: Schwarz(Jacobi)+Bicgstab
    solver: Ginkgo
    type: solver::Bicgstab
}
    effective optimize: true
    effective checkFrequency: 1
[mem] setup.end: DEVICE_POOL current=16605 MB  actual(reserved)=38146 MB  highWater=19132 MB
Starting time loop
Time = 1
[mem] step-start: DEVICE_POOL current=16605 MB  actual(reserved)=38146 MB  highWater=19132 MB
Schwarz(Jacobi)+Bicgstab:  Solving for Ux, Initial residual = 0.0019488955966077423, Final residual = 0.00023894144179944615, No Iterations 3, Solve time = 246.702 ms
Schwarz(Jacobi)+Bicgstab:  Solving for Uy, Initial residual = 0.16486889485444556, Final residual = 0.008211417173385839, No Iterations 3, Solve time = 246.702 ms
Schwarz(Jacobi)+Bicgstab:  Solving for Uz, Initial residual = 0.10478399166434318, Final residual = 0.004988129972801333, No Iterations 3, Solve time = 246.702 ms
[mem] after-UEqn: DEVICE_POOL current=19099 MB  actual(reserved)=38146 MB  highWater=24387 MB
[GinkgoSolver] p-cache: rebuild(generate) solve=1 rebuildInterval=100
config(Cg+Schwarz(Multigrid)):  Solving for p, Initial residual = 1, Final residual = 0.009426219404623551, No Iterations 89, Solve time = 2483.263 ms
time step continuity errors : sum local = 6.294948778824716e-05, global = -1.2867531519669088e-06, cumulative = -1.2867531519669088e-06
[mem] after-pEqn: DEVICE_POOL current=20567 MB  actual(reserved)=38146 MB  highWater=24387 MB
[GinkgoSolver] p-cache: rebuild(generate) solve=1 rebuildInterval=0
Schwarz(Jacobi)+Bicgstab:  Solving for omega, Initial residual = 0.9999999999999999, Final residual = 0.030747622743640592, No Iterations 1, Solve time = 53.043 ms
bounding omega, min: -52.86715209544451 max: 46109492.30039513 average: 2443.2693548736024
[GinkgoSolver] p-cache: rebuild(generate) solve=1 rebuildInterval=0
Schwarz(Jacobi)+Bicgstab:  Solving for k, Initial residual = 0.999999999999973, Final residual = 0.043859931716229456, No Iterations 1, Solve time = 53.615 ms
[mem] after-turb: DEVICE_POOL current=22752 MB  actual(reserved)=38146 MB  highWater=24811 MB
ExecutionTime = 42.9 s  ClockTime = 43 s

Time = 2
[mem] step-start: DEVICE_POOL current=22752 MB  actual(reserved)=38146 MB  highWater=24811 MB
Schwarz(Jacobi)+Bicgstab:  Solving for Ux, Initial residual = 0.0012909819674393782, Final residual = 5.909364255763743e-05, No Iterations 5, Solve time = 329.445 ms
Schwarz(Jacobi)+Bicgstab:  Solving for Uy, Initial residual = 0.06540458822583876, Final residual = 0.002979874029337436, No Iterations 5, Solve time = 329.445 ms
Schwarz(Jacobi)+Bicgstab:  Solving for Uz, Initial residual = 0.04080914068106436, Final residual = 0.0009077524513144746, No Iterations 5, Solve time = 329.445 ms
[mem] after-UEqn: DEVICE_POOL current=22752 MB  actual(reserved)=38146 MB  highWater=28040 MB
[GinkgoSolver] p-cache: reuse(update_matrix_value) solve=2 rebuildInterval=100
config(Cg+Schwarz(Multigrid)):  Solving for p, Initial residual = 0.038622109205265986, Final residual = 0.0003786409639359542, No Iterations 95, Solve time = 2620.978 ms
time step continuity errors : sum local = 4.18929171743796e-05, global = -1.96461369494507e-06, cumulative = -3.2513668469119785e-06
[mem] after-pEqn: DEVICE_POOL current=22752 MB  actual(reserved)=38146 MB  highWater=28040 MB
[GinkgoSolver] p-cache: reuse(update_matrix_value) solve=2 rebuildInterval=0
Schwarz(Jacobi)+Bicgstab:  Solving for omega, Initial residual = 0.008194346214565515, Final residual = 0.00047798476067435845, No Iterations 1, Solve time = 50.921 ms
bounding omega, min: -1400.935858085949 max: 45305779.13909097 average: 2705.657988527614
[GinkgoSolver] p-cache: reuse(update_matrix_value) solve=2 rebuildInterval=0
Schwarz(Jacobi)+Bicgstab:  Solving for k, Initial residual = 0.07500527290521995, Final residual = 0.004455211376251437, No Iterations 1, Solve time = 49.533 ms
[mem] after-turb: DEVICE_POOL current=22752 MB  actual(reserved)=38146 MB  highWater=28040 MB
ExecutionTime = 47.45 s  ClockTime = 47 s

Time = 3
[mem] step-start: DEVICE_POOL current=22752 MB  actual(reserved)=38146 MB  highWater=28040 MB
Schwarz(Jacobi)+Bicgstab:  Solving for Ux, Initial residual = 0.000808008176129101, Final residual = 4.7456919004018346e-05, No Iterations 6, Solve time = 387.193 ms
Schwarz(Jacobi)+Bicgstab:  Solving for Uy, Initial residual = 0.03251903861134974, Final residual = 0.00063481712281969, No Iterations 6, Solve time = 387.193 ms
Schwarz(Jacobi)+Bicgstab:  Solving for Uz, Initial residual = 0.018177648730628194, Final residual = 0.00026728518758745926, No Iterations 6, Solve time = 387.193 ms
[mem] after-UEqn: DEVICE_POOL current=22752 MB  actual(reserved)=38146 MB  highWater=28040 MB
[GinkgoSolver] p-cache: reuse(update_matrix_value) solve=3 rebuildInterval=100
config(Cg+Schwarz(Multigrid)):  Solving for p, Initial residual = 0.017524519004605728, Final residual = 0.00016263105274581728, No Iterations 89, Solve time = 2455.781 ms
time step continuity errors : sum local = 3.227853803206956e-05, global = 1.543046996843817e-07, cumulative = -3.097062147227597e-06
[mem] after-pEqn: DEVICE_POOL current=22752 MB  actual(reserved)=38146 MB  highWater=28040 MB
[GinkgoSolver] p-cache: reuse(update_matrix_value) solve=3 rebuildInterval=0
Schwarz(Jacobi)+Bicgstab:  Solving for omega, Initial residual = 0.00352067384298915, Final residual = 0.00028993088834945025, No Iterations 1, Solve time = 49.809 ms
bounding omega, min: -11.965400016007074 max: 45385828.53359635 average: 3322.1786351483615
[GinkgoSolver] p-cache: reuse(update_matrix_value) solve=3 rebuildInterval=0
Schwarz(Jacobi)+Bicgstab:  Solving for k, Initial residual = 0.013997786860699229, Final residual = 0.0010053815174680888, No Iterations 1, Solve time = 50.236 ms
[mem] after-turb: DEVICE_POOL current=22752 MB  actual(reserved)=38146 MB  highWater=28040 MB
ExecutionTime = 51.94 s  ClockTime = 52 s

Time = 4
[mem] step-start: DEVICE_POOL current=22752 MB  actual(reserved)=38146 MB  highWater=28040 MB
Schwarz(Jacobi)+Bicgstab:  Solving for Ux, Initial residual = 0.0005585415671392908, Final residual = 4.704588783660966e-05, No Iterations 4, Solve time = 280.244 ms
Schwarz(Jacobi)+Bicgstab:  Solving for Uy, Initial residual = 0.02027015868774271, Final residual = 0.0026864772543860574, No Iterations 4, Solve time = 280.244 ms
Schwarz(Jacobi)+Bicgstab:  Solving for Uz, Initial residual = 0.010475539124767652, Final residual = 0.0007740712908158723, No Iterations 4, Solve time = 280.244 ms
[mem] after-UEqn: DEVICE_POOL current=22752 MB  actual(reserved)=38146 MB  highWater=28040 MB
[GinkgoSolver] p-cache: reuse(update_matrix_value) solve=4 rebuildInterval=100
config(Cg+Schwarz(Multigrid)):  Solving for p, Initial residual = 0.01245901288814001, Final residual = 0.00011729631239160387, No Iterations 58, Solve time = 1611.113 ms
time step continuity errors : sum local = 3.0211800976606546e-05, global = 7.919852910510288e-07, cumulative = -2.3050768561765683e-06
[mem] after-pEqn: DEVICE_POOL current=22752 MB  actual(reserved)=38146 MB  highWater=28040 MB
[GinkgoSolver] p-cache: reuse(update_matrix_value) solve=4 rebuildInterval=0
Schwarz(Jacobi)+Bicgstab:  Solving for omega, Initial residual = 0.001724270313902519, Final residual = 4.8311047883947945e-05, No Iterations 2, Solve time = 73.176 ms
[GinkgoSolver] p-cache: reuse(update_matrix_value) solve=4 rebuildInterval=0
Schwarz(Jacobi)+Bicgstab:  Solving for k, Initial residual = 0.004640974978704078, Final residual = 0.00039337202240463274, No Iterations 1, Solve time = 50.085 ms
[mem] after-turb: DEVICE_POOL current=22752 MB  actual(reserved)=38146 MB  highWater=28040 MB
ExecutionTime = 55.52 s  ClockTime = 55 s

Time = 5
[mem] step-start: DEVICE_POOL current=22752 MB  actual(reserved)=38146 MB  highWater=28040 MB
Schwarz(Jacobi)+Bicgstab:  Solving for Ux, Initial residual = 0.00048352453051927027, Final residual = 3.756246102021474e-05, No Iterations 4, Solve time = 261.788 ms
Schwarz(Jacobi)+Bicgstab:  Solving for Uy, Initial residual = 0.018508048467013614, Final residual = 0.0011825604026239264, No Iterations 4, Solve time = 261.788 ms
Schwarz(Jacobi)+Bicgstab:  Solving for Uz, Initial residual = 0.008305751742030586, Final residual = 0.000806632470427135, No Iterations 4, Solve time = 261.788 ms
[mem] after-UEqn: DEVICE_POOL current=22752 MB  actual(reserved)=38146 MB  highWater=28040 MB
[GinkgoSolver] p-cache: reuse(update_matrix_value) solve=5 rebuildInterval=100
config(Cg+Schwarz(Multigrid)):  Solving for p, Initial residual = 0.010687493912017615, Final residual = 0.00010449415678515613, No Iterations 63, Solve time = 1749.342 ms
time step continuity errors : sum local = 2.935009871843258e-05, global = -5.309751516219992e-07, cumulative = -2.8360520077985673e-06
[mem] after-pEqn: DEVICE_POOL current=22752 MB  actual(reserved)=38146 MB  highWater=28040 MB
[GinkgoSolver] p-cache: reuse(update_matrix_value) solve=5 rebuildInterval=0
Schwarz(Jacobi)+Bicgstab:  Solving for omega, Initial residual = 0.0009944449051459347, Final residual = 9.815019610159036e-05, No Iterations 1, Solve time = 50.108 ms
[GinkgoSolver] p-cache: reuse(update_matrix_value) solve=5 rebuildInterval=0
Schwarz(Jacobi)+Bicgstab:  Solving for k, Initial residual = 0.0023565044483885847, Final residual = 0.00022365225749425673, No Iterations 1, Solve time = 49.684 ms
[mem] after-turb: DEVICE_POOL current=22752 MB  actual(reserved)=38146 MB  highWater=28040 MB
ExecutionTime = 59.18 s  ClockTime = 59 s

Time = 6
[mem] step-start: DEVICE_POOL current=22752 MB  actual(reserved)=38146 MB  highWater=28040 MB
Schwarz(Jacobi)+Bicgstab:  Solving for Ux, Initial residual = 0.00043593480464825126, Final residual = 2.6285223450918196e-05, No Iterations 5, Solve time = 331.742 ms
Schwarz(Jacobi)+Bicgstab:  Solving for Uy, Initial residual = 0.01792185722373876, Final residual = 0.0016757469595221233, No Iterations 5, Solve time = 331.742 ms
Schwarz(Jacobi)+Bicgstab:  Solving for Uz, Initial residual = 0.006724397128660217, Final residual = 0.000512963224631006, No Iterations 5, Solve time = 331.742 ms
[mem] after-UEqn: DEVICE_POOL current=22752 MB  actual(reserved)=38146 MB  highWater=28040 MB
[GinkgoSolver] p-cache: reuse(update_matrix_value) solve=6 rebuildInterval=100
config(Cg+Schwarz(Multigrid)):  Solving for p, Initial residual = 0.011368044496025213, Final residual = 0.00011293892772756217, No Iterations 67, Solve time = 1859.174 ms
time step continuity errors : sum local = 3.07074551962596e-05, global = -1.2683126366960424e-06, cumulative = -4.10436464449461e-06
[mem] after-pEqn: DEVICE_POOL current=22752 MB  actual(reserved)=38146 MB  highWater=28040 MB
[GinkgoSolver] p-cache: reuse(update_matrix_value) solve=6 rebuildInterval=0
Schwarz(Jacobi)+Bicgstab:  Solving for omega, Initial residual = 0.0006247250196358499, Final residual = 2.431247548560345e-05, No Iterations 2, Solve time = 72.88 ms
[GinkgoSolver] p-cache: reuse(update_matrix_value) solve=6 rebuildInterval=0
Schwarz(Jacobi)+Bicgstab:  Solving for k, Initial residual = 0.001624265269450042, Final residual = 0.00015488977710453194, No Iterations 1, Solve time = 50.515 ms
[mem] after-turb: DEVICE_POOL current=22752 MB  actual(reserved)=38146 MB  highWater=28040 MB
ExecutionTime = 63.07 s  ClockTime = 63 s

Time = 7
[mem] step-start: DEVICE_POOL current=22752 MB  actual(reserved)=38146 MB  highWater=28040 MB
Schwarz(Jacobi)+Bicgstab:  Solving for Ux, Initial residual = 0.0003756532708994215, Final residual = 2.352142843484239e-05, No Iterations 5, Solve time = 339.256 ms
Schwarz(Jacobi)+Bicgstab:  Solving for Uy, Initial residual = 0.01517470863351276, Final residual = 0.001185944362172943, No Iterations 5, Solve time = 339.256 ms
Schwarz(Jacobi)+Bicgstab:  Solving for Uz, Initial residual = 0.005129725832444244, Final residual = 0.0002776888047434368, No Iterations 5, Solve time = 339.256 ms
[mem] after-UEqn: DEVICE_POOL current=22752 MB  actual(reserved)=38146 MB  highWater=28040 MB
[GinkgoSolver] p-cache: reuse(update_matrix_value) solve=7 rebuildInterval=100
config(Cg+Schwarz(Multigrid)):  Solving for p, Initial residual = 0.012469042562073934, Final residual = 0.00011428052428764116, No Iterations 87, Solve time = 2398.806 ms
time step continuity errors : sum local = 2.7791977775608223e-05, global = 9.133266715254271e-07, cumulative = -3.1910379729691824e-06
[mem] after-pEqn: DEVICE_POOL current=22752 MB  actual(reserved)=38146 MB  highWater=28040 MB
[GinkgoSolver] p-cache: reuse(update_matrix_value) solve=7 rebuildInterval=0
Schwarz(Jacobi)+Bicgstab:  Solving for omega, Initial residual = 0.0004898454877326672, Final residual = 1.523062040792505e-05, No Iterations 2, Solve time = 73.504 ms
[GinkgoSolver] p-cache: reuse(update_matrix_value) solve=7 rebuildInterval=0
Schwarz(Jacobi)+Bicgstab:  Solving for k, Initial residual = 0.0011596631819962577, Final residual = 2.4108419778351924e-05, No Iterations 3, Solve time = 95.364 ms
[mem] after-turb: DEVICE_POOL current=22752 MB  actual(reserved)=38146 MB  highWater=28040 MB
ExecutionTime = 67.53 s  ClockTime = 68 s

Time = 8
[mem] step-start: DEVICE_POOL current=22752 MB  actual(reserved)=38146 MB  highWater=28040 MB
Schwarz(Jacobi)+Bicgstab:  Solving for Ux, Initial residual = 0.00031484781408035536, Final residual = 2.5169284080125904e-05, No Iterations 5, Solve time = 337.309 ms
Schwarz(Jacobi)+Bicgstab:  Solving for Uy, Initial residual = 0.011321856386318408, Final residual = 0.00028307477766071883, No Iterations 5, Solve time = 337.309 ms
Schwarz(Jacobi)+Bicgstab:  Solving for Uz, Initial residual = 0.003607569152207911, Final residual = 0.00019578299151115812, No Iterations 5, Solve time = 337.309 ms
[mem] after-UEqn: DEVICE_POOL current=22752 MB  actual(reserved)=38146 MB  highWater=28040 MB
[GinkgoSolver] p-cache: reuse(update_matrix_value) solve=8 rebuildInterval=100
config(Cg+Schwarz(Multigrid)):  Solving for p, Initial residual = 0.013365789858004077, Final residual = 0.00013228195409638853, No Iterations 82, Solve time = 2265.624 ms
time step continuity errors : sum local = 2.8078596956016375e-05, global = -1.5311567479568975e-06, cumulative = -4.7221947209260795e-06
[mem] after-pEqn: DEVICE_POOL current=22752 MB  actual(reserved)=38146 MB  highWater=28040 MB
[GinkgoSolver] p-cache: reuse(update_matrix_value) solve=8 rebuildInterval=0
Schwarz(Jacobi)+Bicgstab:  Solving for omega, Initial residual = 0.0003596232484268126, Final residual = 1.2435044203362206e-05, No Iterations 2, Solve time = 73.927 ms
[GinkgoSolver] p-cache: reuse(update_matrix_value) solve=8 rebuildInterval=0
Schwarz(Jacobi)+Bicgstab:  Solving for k, Initial residual = 0.0008654383392679398, Final residual = 5.243752455257125e-05, No Iterations 2, Solve time = 73.712 ms
[mem] after-turb: DEVICE_POOL current=22752 MB  actual(reserved)=38146 MB  highWater=28040 MB
ExecutionTime = 71.84999999999999 s  ClockTime = 72 s

Time = 9
[mem] step-start: DEVICE_POOL current=22752 MB  actual(reserved)=38146 MB  highWater=28040 MB
Schwarz(Jacobi)+Bicgstab:  Solving for Ux, Initial residual = 0.0002731514046132116, Final residual = 7.342475407490057e-06, No Iterations 5, Solve time = 330.606 ms
Schwarz(Jacobi)+Bicgstab:  Solving for Uy, Initial residual = 0.009227443285170866, Final residual = 0.00043806516426783123, No Iterations 5, Solve time = 330.606 ms
Schwarz(Jacobi)+Bicgstab:  Solving for Uz, Initial residual = 0.002639314759963221, Final residual = 0.0001553019244840631, No Iterations 5, Solve time = 330.606 ms
[mem] after-UEqn: DEVICE_POOL current=22752 MB  actual(reserved)=38146 MB  highWater=28040 MB
[GinkgoSolver] p-cache: reuse(update_matrix_value) solve=9 rebuildInterval=100
config(Cg+Schwarz(Multigrid)):  Solving for p, Initial residual = 0.013868140746059734, Final residual = 0.00013279502722561044, No Iterations 75, Solve time = 2072.149 ms
time step continuity errors : sum local = 2.4895880233816186e-05, global = 5.961358102847701e-07, cumulative = -4.126058910641309e-06
[mem] after-pEqn: DEVICE_POOL current=22752 MB  actual(reserved)=38146 MB  highWater=28040 MB
[GinkgoSolver] p-cache: reuse(update_matrix_value) solve=9 rebuildInterval=0
Schwarz(Jacobi)+Bicgstab:  Solving for omega, Initial residual = 0.00027804732321681455, Final residual = 1.0630205935818887e-05, No Iterations 2, Solve time = 73.647 ms
[GinkgoSolver] p-cache: reuse(update_matrix_value) solve=9 rebuildInterval=0
Schwarz(Jacobi)+Bicgstab:  Solving for k, Initial residual = 0.0006654275949257611, Final residual = 3.8840077756656685e-05, No Iterations 2, Solve time = 72.953 ms
[mem] after-turb: DEVICE_POOL current=22752 MB  actual(reserved)=38146 MB  highWater=28040 MB
ExecutionTime = 75.95999999999999 s  ClockTime = 76 s

Time = 10
[mem] step-start: DEVICE_POOL current=22752 MB  actual(reserved)=38146 MB  highWater=28040 MB
Schwarz(Jacobi)+Bicgstab:  Solving for Ux, Initial residual = 0.00025154449141363415, Final residual = 3.2107012907266686e-06, No Iterations 6, Solve time = 401.431 ms
Schwarz(Jacobi)+Bicgstab:  Solving for Uy, Initial residual = 0.010026215876771641, Final residual = 0.00039715284554753337, No Iterations 6, Solve time = 401.431 ms
Schwarz(Jacobi)+Bicgstab:  Solving for Uz, Initial residual = 0.0024941243567771754, Final residual = 4.1664170496023854e-05, No Iterations 6, Solve time = 401.431 ms
[mem] after-UEqn: DEVICE_POOL current=22752 MB  actual(reserved)=38146 MB  highWater=28040 MB
[GinkgoSolver] p-cache: reuse(update_matrix_value) solve=10 rebuildInterval=100
config(Cg+Schwarz(Multigrid)):  Solving for p, Initial residual = 0.013367569625560651, Final residual = 0.00013075628060415747, No Iterations 70, Solve time = 1940.433 ms
time step continuity errors : sum local = 2.3577656961261936e-05, global = 1.509839109436114e-06, cumulative = -2.616219801205195e-06
[mem] after-pEqn: DEVICE_POOL current=22752 MB  actual(reserved)=38146 MB  highWater=28040 MB
[GinkgoSolver] p-cache: reuse(update_matrix_value) solve=10 rebuildInterval=0
Schwarz(Jacobi)+Bicgstab:  Solving for omega, Initial residual = 0.00022455566361244834, Final residual = 9.222605281802031e-06, No Iterations 2, Solve time = 73.275 ms
[GinkgoSolver] p-cache: reuse(update_matrix_value) solve=10 rebuildInterval=0
Schwarz(Jacobi)+Bicgstab:  Solving for k, Initial residual = 0.0005268043278132199, Final residual = 3.274726901915255e-05, No Iterations 2, Solve time = 73.395 ms
[mem] after-turb: DEVICE_POOL current=22752 MB  actual(reserved)=38146 MB  highWater=28040 MB
ExecutionTime = 80.01000000000001 s  ClockTime = 80 s

Time = 11
[mem] step-start: DEVICE_POOL current=22752 MB  actual(reserved)=38146 MB  highWater=28040 MB
Schwarz(Jacobi)+Bicgstab:  Solving for Ux, Initial residual = 0.0002391849264454344, Final residual = 1.1146771341331725e-05, No Iterations 5, Solve time = 320.746 ms
Schwarz(Jacobi)+Bicgstab:  Solving for Uy, Initial residual = 0.011022282026642917, Final residual = 0.000320125064262468, No Iterations 5, Solve time = 320.746 ms
Schwarz(Jacobi)+Bicgstab:  Solving for Uz, Initial residual = 0.0025449898204914015, Final residual = 7.25873135780424e-05, No Iterations 5, Solve time = 320.746 ms
[mem] after-UEqn: DEVICE_POOL current=22752 MB  actual(reserved)=38146 MB  highWater=28040 MB
[GinkgoSolver] p-cache: reuse(update_matrix_value) solve=11 rebuildInterval=100
config(Cg+Schwarz(Multigrid)):  Solving for p, Initial residual = 0.01290066516618698, Final residual = 0.00012541085747866764, No Iterations 69, Solve time = 1915.332 ms
time step continuity errors : sum local = 2.3308083429090508e-05, global = 1.501360704565862e-06, cumulative = -1.1148590966393332e-06
[mem] after-pEqn: DEVICE_POOL current=22752 MB  actual(reserved)=38146 MB  highWater=28040 MB
[GinkgoSolver] p-cache: reuse(update_matrix_value) solve=11 rebuildInterval=0
Schwarz(Jacobi)+Bicgstab:  Solving for omega, Initial residual = 0.0001850969586824929, Final residual = 8.097861074227968e-06, No Iterations 2, Solve time = 72.905 ms
[GinkgoSolver] p-cache: reuse(update_matrix_value) solve=11 rebuildInterval=0
Schwarz(Jacobi)+Bicgstab:  Solving for k, Initial residual = 0.00043951618550904187, Final residual = 2.828170852443054e-05, No Iterations 2, Solve time = 73.324 ms
[mem] after-turb: DEVICE_POOL current=22752 MB  actual(reserved)=38146 MB  highWater=28040 MB
ExecutionTime = 83.94 s  ClockTime = 84 s

Time = 12
[mem] step-start: DEVICE_POOL current=22752 MB  actual(reserved)=38146 MB  highWater=28040 MB
Schwarz(Jacobi)+Bicgstab:  Solving for Ux, Initial residual = 0.0002275041717992225, Final residual = 1.4895942887632077e-05, No Iterations 4, Solve time = 286.331 ms
Schwarz(Jacobi)+Bicgstab:  Solving for Uy, Initial residual = 0.011005208420482445, Final residual = 0.0007924081127775523, No Iterations 4, Solve time = 286.331 ms
Schwarz(Jacobi)+Bicgstab:  Solving for Uz, Initial residual = 0.002476197354295053, Final residual = 0.00012079963583850096, No Iterations 4, Solve time = 286.331 ms
[mem] after-UEqn: DEVICE_POOL current=22752 MB  actual(reserved)=38146 MB  highWater=28040 MB
[GinkgoSolver] p-cache: reuse(update_matrix_value) solve=12 rebuildInterval=100
config(Cg+Schwarz(Multigrid)):  Solving for p, Initial residual = 0.011947496463346112, Final residual = 0.000116089371612497, No Iterations 70, Solve time = 1938.717 ms
time step continuity errors : sum local = 2.3491169597469135e-05, global = 1.3811456178706361e-06, cumulative = 2.662865212313029e-07
[mem] after-pEqn: DEVICE_POOL current=22752 MB  actual(reserved)=38146 MB  highWater=28040 MB
[GinkgoSolver] p-cache: reuse(update_matrix_value) solve=12 rebuildInterval=0
Schwarz(Jacobi)+Bicgstab:  Solving for omega, Initial residual = 0.0001560600788702969, Final residual = 7.140788024143114e-06, No Iterations 2, Solve time = 72.683 ms
[GinkgoSolver] p-cache: reuse(update_matrix_value) solve=12 rebuildInterval=0
Schwarz(Jacobi)+Bicgstab:  Solving for k, Initial residual = 0.0003876328082028004, Final residual = 2.5727844860517605e-05, No Iterations 2, Solve time = 73.641 ms
[mem] after-turb: DEVICE_POOL current=22752 MB  actual(reserved)=38146 MB  highWater=28040 MB
ExecutionTime = 87.86 s  ClockTime = 88 s

Time = 13
[mem] step-start: DEVICE_POOL current=22752 MB  actual(reserved)=38146 MB  highWater=28040 MB
Schwarz(Jacobi)+Bicgstab:  Solving for Ux, Initial residual = 0.0002156331669213599, Final residual = 9.447574598344934e-06, No Iterations 4, Solve time = 291.949 ms
Schwarz(Jacobi)+Bicgstab:  Solving for Uy, Initial residual = 0.010254398707669072, Final residual = 0.000580606630492925, No Iterations 4, Solve time = 291.949 ms
Schwarz(Jacobi)+Bicgstab:  Solving for Uz, Initial residual = 0.002290161712463625, Final residual = 0.00010908581590843006, No Iterations 4, Solve time = 291.949 ms
[mem] after-UEqn: DEVICE_POOL current=22752 MB  actual(reserved)=38146 MB  highWater=28040 MB
[GinkgoSolver] p-cache: reuse(update_matrix_value) solve=13 rebuildInterval=100
config(Cg+Schwarz(Multigrid)):  Solving for p, Initial residual = 0.0105588320597425, Final residual = 0.00010164964613077637, No Iterations 67, Solve time = 1858.326 ms
time step continuity errors : sum local = 2.288605554001331e-05, global = 1.2420407057382007e-06, cumulative = 1.5083272269695036e-06
[mem] after-pEqn: DEVICE_POOL current=22752 MB  actual(reserved)=38146 MB  highWater=28040 MB
[GinkgoSolver] p-cache: reuse(update_matrix_value) solve=13 rebuildInterval=0
Schwarz(Jacobi)+Bicgstab:  Solving for omega, Initial residual = 0.00013496059735088547, Final residual = 6.422998156613731e-06, No Iterations 2, Solve time = 74.04 ms
[GinkgoSolver] p-cache: reuse(update_matrix_value) solve=13 rebuildInterval=0
Schwarz(Jacobi)+Bicgstab:  Solving for k, Initial residual = 0.00036774513170498453, Final residual = 2.5886866394199198e-05, No Iterations 2, Solve time = 72.828 ms
[mem] after-turb: DEVICE_POOL current=22752 MB  actual(reserved)=38146 MB  highWater=28040 MB
ExecutionTime = 91.72 s  ClockTime = 92 s

Time = 14
[mem] step-start: DEVICE_POOL current=22752 MB  actual(reserved)=38146 MB  highWater=28040 MB
Schwarz(Jacobi)+Bicgstab:  Solving for Ux, Initial residual = 0.00020541872126041464, Final residual = 1.3684895543532287e-05, No Iterations 4, Solve time = 280.669 ms
Schwarz(Jacobi)+Bicgstab:  Solving for Uy, Initial residual = 0.009290452272814895, Final residual = 0.0013066353494232464, No Iterations 4, Solve time = 280.669 ms
Schwarz(Jacobi)+Bicgstab:  Solving for Uz, Initial residual = 0.0020911552045045573, Final residual = 0.00023796991162763702, No Iterations 4, Solve time = 280.669 ms
[mem] after-UEqn: DEVICE_POOL current=22752 MB  actual(reserved)=38146 MB  highWater=28040 MB
[GinkgoSolver] p-cache: reuse(update_matrix_value) solve=14 rebuildInterval=100
config(Cg+Schwarz(Multigrid)):  Solving for p, Initial residual = 0.009215621172954718, Final residual = 9.111766758678166e-05, No Iterations 41, Solve time = 1154.3 ms
time step continuity errors : sum local = 2.2722126950712343e-05, global = 3.717642925971291e-07, cumulative = 1.8800915195666327e-06
[mem] after-pEqn: DEVICE_POOL current=22752 MB  actual(reserved)=38146 MB  highWater=28040 MB
[GinkgoSolver] p-cache: reuse(update_matrix_value) solve=14 rebuildInterval=0
Schwarz(Jacobi)+Bicgstab:  Solving for omega, Initial residual = 0.00012046033751744666, Final residual = 5.877158967274931e-06, No Iterations 2, Solve time = 73.646 ms
[GinkgoSolver] p-cache: reuse(update_matrix_value) solve=14 rebuildInterval=0
Schwarz(Jacobi)+Bicgstab:  Solving for k, Initial residual = 0.00036023223561357985, Final residual = 2.90916003094544e-05, No Iterations 2, Solve time = 73.34 ms
[mem] after-turb: DEVICE_POOL current=22752 MB  actual(reserved)=38146 MB  highWater=28040 MB
ExecutionTime = 94.86 s  ClockTime = 95 s

Time = 15
[mem] step-start: DEVICE_POOL current=22752 MB  actual(reserved)=38146 MB  highWater=28040 MB
Schwarz(Jacobi)+Bicgstab:  Solving for Ux, Initial residual = 0.00019762208285388345, Final residual = 1.5579173064431856e-05, No Iterations 4, Solve time = 281.743 ms
Schwarz(Jacobi)+Bicgstab:  Solving for Uy, Initial residual = 0.008583070720204186, Final residual = 0.0005245066738610272, No Iterations 4, Solve time = 281.743 ms
Schwarz(Jacobi)+Bicgstab:  Solving for Uz, Initial residual = 0.0019439085486596826, Final residual = 0.00010466483033842157, No Iterations 4, Solve time = 281.743 ms
[mem] after-UEqn: DEVICE_POOL current=22752 MB  actual(reserved)=38146 MB  highWater=28040 MB
[GinkgoSolver] p-cache: reuse(update_matrix_value) solve=15 rebuildInterval=100
config(Cg+Schwarz(Multigrid)):  Solving for p, Initial residual = 0.00835657079158486, Final residual = 7.927541507091858e-05, No Iterations 62, Solve time = 1724.211 ms
time step continuity errors : sum local = 2.111124952069825e-05, global = -1.521521457896987e-06, cumulative = 3.585700616696458e-07
[mem] after-pEqn: DEVICE_POOL current=22752 MB  actual(reserved)=38146 MB  highWater=28040 MB
[GinkgoSolver] p-cache: reuse(update_matrix_value) solve=15 rebuildInterval=0
Schwarz(Jacobi)+Bicgstab:  Solving for omega, Initial residual = 0.00010974378529855109, Final residual = 5.421472570305957e-06, No Iterations 2, Solve time = 73.418 ms
[GinkgoSolver] p-cache: reuse(update_matrix_value) solve=15 rebuildInterval=0
Schwarz(Jacobi)+Bicgstab:  Solving for k, Initial residual = 0.00035464273110436765, Final residual = 9.495517487160046e-06, No Iterations 3, Solve time = 95.791 ms
[mem] after-turb: DEVICE_POOL current=22752 MB  actual(reserved)=38146 MB  highWater=28040 MB
ExecutionTime = 98.59999999999999 s  ClockTime = 99 s

Time = 16
[mem] step-start: DEVICE_POOL current=22752 MB  actual(reserved)=38146 MB  highWater=28040 MB
Schwarz(Jacobi)+Bicgstab:  Solving for Ux, Initial residual = 0.00019079558610374538, Final residual = 7.787400455977339e-06, No Iterations 4, Solve time = 279.098 ms
Schwarz(Jacobi)+Bicgstab:  Solving for Uy, Initial residual = 0.008190798370361817, Final residual = 0.0004404467752192937, No Iterations 4, Solve time = 279.098 ms
Schwarz(Jacobi)+Bicgstab:  Solving for Uz, Initial residual = 0.0018862185882916865, Final residual = 8.012674282399708e-05, No Iterations 4, Solve time = 279.098 ms
[mem] after-UEqn: DEVICE_POOL current=22752 MB  actual(reserved)=38146 MB  highWater=28040 MB
[GinkgoSolver] p-cache: reuse(update_matrix_value) solve=16 rebuildInterval=100
config(Cg+Schwarz(Multigrid)):  Solving for p, Initial residual = 0.007700885782633454, Final residual = 7.035904108468528e-05, No Iterations 37, Solve time = 1048.954 ms
time step continuity errors : sum local = 1.9883663376227965e-05, global = 8.949927223467861e-07, cumulative = 1.2535627840164319e-06
[mem] after-pEqn: DEVICE_POOL current=22752 MB  actual(reserved)=38146 MB  highWater=28040 MB
[GinkgoSolver] p-cache: reuse(update_matrix_value) solve=16 rebuildInterval=0
Schwarz(Jacobi)+Bicgstab:  Solving for omega, Initial residual = 0.00010121855270438383, Final residual = 5.112921676666497e-06, No Iterations 2, Solve time = 72.921 ms
[GinkgoSolver] p-cache: reuse(update_matrix_value) solve=16 rebuildInterval=0
Schwarz(Jacobi)+Bicgstab:  Solving for k, Initial residual = 0.00035191626429835796, Final residual = 2.7302767792067538e-05, No Iterations 2, Solve time = 73.039 ms
[mem] after-turb: DEVICE_POOL current=22752 MB  actual(reserved)=38146 MB  highWater=28040 MB
ExecutionTime = 101.65 s  ClockTime = 102 s

Time = 17
[mem] step-start: DEVICE_POOL current=22752 MB  actual(reserved)=38146 MB  highWater=28040 MB
Schwarz(Jacobi)+Bicgstab:  Solving for Ux, Initial residual = 0.00018372003912270785, Final residual = 6.806686830025524e-06, No Iterations 4, Solve time = 277.863 ms
Schwarz(Jacobi)+Bicgstab:  Solving for Uy, Initial residual = 0.007914430663250824, Final residual = 0.0005871228188478892, No Iterations 4, Solve time = 277.863 ms
Schwarz(Jacobi)+Bicgstab:  Solving for Uz, Initial residual = 0.0018177699766013195, Final residual = 8.802772234937231e-05, No Iterations 4, Solve time = 277.863 ms
[mem] after-UEqn: DEVICE_POOL current=22752 MB  actual(reserved)=38146 MB  highWater=28040 MB
[GinkgoSolver] p-cache: reuse(update_matrix_value) solve=17 rebuildInterval=100
config(Cg+Schwarz(Multigrid)):  Solving for p, Initial residual = 0.00729379742401932, Final residual = 6.978120655677066e-05, No Iterations 59, Solve time = 1643.665 ms
time step continuity errors : sum local = 2.04126458748121e-05, global = -1.4218283288079656e-06, cumulative = -1.6826554479153375e-07
[mem] after-pEqn: DEVICE_POOL current=22752 MB  actual(reserved)=38146 MB  highWater=28040 MB
[GinkgoSolver] p-cache: reuse(update_matrix_value) solve=17 rebuildInterval=0
Schwarz(Jacobi)+Bicgstab:  Solving for omega, Initial residual = 9.426449152313185e-05, Final residual = 4.8022362427855616e-06, No Iterations 2, Solve time = 73.257 ms
[GinkgoSolver] p-cache: reuse(update_matrix_value) solve=17 rebuildInterval=0
Schwarz(Jacobi)+Bicgstab:  Solving for k, Initial residual = 0.0003501089490738949, Final residual = 8.380358051790024e-06, No Iterations 3, Solve time = 95.489 ms
[mem] after-turb: DEVICE_POOL current=22752 MB  actual(reserved)=38146 MB  highWater=28040 MB
ExecutionTime = 105.3 s  ClockTime = 106 s

Time = 18
[mem] step-start: DEVICE_POOL current=22752 MB  actual(reserved)=38146 MB  highWater=28040 MB
Schwarz(Jacobi)+Bicgstab:  Solving for Ux, Initial residual = 0.0001759387097864225, Final residual = 6.661175849085306e-06, No Iterations 4, Solve time = 274.584 ms
Schwarz(Jacobi)+Bicgstab:  Solving for Uy, Initial residual = 0.007606337168145385, Final residual = 0.00031593945091731293, No Iterations 4, Solve time = 274.584 ms
Schwarz(Jacobi)+Bicgstab:  Solving for Uz, Initial residual = 0.0017463120059701537, Final residual = 7.300091925434304e-05, No Iterations 4, Solve time = 274.584 ms
[mem] after-UEqn: DEVICE_POOL current=22752 MB  actual(reserved)=38146 MB  highWater=28040 MB
[GinkgoSolver] p-cache: reuse(update_matrix_value) solve=18 rebuildInterval=100
config(Cg+Schwarz(Multigrid)):  Solving for p, Initial residual = 0.00694581036958956, Final residual = 6.882783937116835e-05, No Iterations 32, Solve time = 914.835 ms
time step continuity errors : sum local = 2.0737371272025047e-05, global = 8.646435946374358e-07, cumulative = 6.963780498459021e-07
[mem] after-pEqn: DEVICE_POOL current=22752 MB  actual(reserved)=38146 MB  highWater=28040 MB
[GinkgoSolver] p-cache: reuse(update_matrix_value) solve=18 rebuildInterval=0
Schwarz(Jacobi)+Bicgstab:  Solving for omega, Initial residual = 8.81558961140252e-05, Final residual = 4.596046732710357e-06, No Iterations 2, Solve time = 73.462 ms
[GinkgoSolver] p-cache: reuse(update_matrix_value) solve=18 rebuildInterval=0
Schwarz(Jacobi)+Bicgstab:  Solving for k, Initial residual = 0.0003501197017125197, Final residual = 3.171102752681966e-05, No Iterations 2, Solve time = 72.975 ms
[mem] after-turb: DEVICE_POOL current=22752 MB  actual(reserved)=38146 MB  highWater=28040 MB
ExecutionTime = 108.2 s  ClockTime = 109 s

Time = 19
[mem] step-start: DEVICE_POOL current=22752 MB  actual(reserved)=38146 MB  highWater=28040 MB
Schwarz(Jacobi)+Bicgstab:  Solving for Ux, Initial residual = 0.00016807956634355806, Final residual = 1.2669659446567982e-05, No Iterations 3, Solve time = 224.054 ms
Schwarz(Jacobi)+Bicgstab:  Solving for Uy, Initial residual = 0.007354502675664132, Final residual = 0.0006441095590414609, No Iterations 3, Solve time = 224.054 ms
Schwarz(Jacobi)+Bicgstab:  Solving for Uz, Initial residual = 0.001701967029947647, Final residual = 0.00016140475042899526, No Iterations 3, Solve time = 224.054 ms
[mem] after-UEqn: DEVICE_POOL current=22752 MB  actual(reserved)=38146 MB  highWater=28040 MB
[GinkgoSolver] p-cache: reuse(update_matrix_value) solve=19 rebuildInterval=100
config(Cg+Schwarz(Multigrid)):  Solving for p, Initial residual = 0.006733796682886048, Final residual = 6.423987983549564e-05, No Iterations 34, Solve time = 963.839 ms
time step continuity errors : sum local = 1.9546333294336376e-05, global = 6.947460834776553e-07, cumulative = 1.3911241333235574e-06
[mem] after-pEqn: DEVICE_POOL current=22752 MB  actual(reserved)=38146 MB  highWater=28040 MB
[GinkgoSolver] p-cache: reuse(update_matrix_value) solve=19 rebuildInterval=0
Schwarz(Jacobi)+Bicgstab:  Solving for omega, Initial residual = 8.312544105037865e-05, Final residual = 4.394329802950872e-06, No Iterations 2, Solve time = 72.832 ms
[GinkgoSolver] p-cache: reuse(update_matrix_value) solve=19 rebuildInterval=0
Schwarz(Jacobi)+Bicgstab:  Solving for k, Initial residual = 0.00035021630186664554, Final residual = 8.603413709021055e-06, No Iterations 3, Solve time = 96.774 ms
[mem] after-turb: DEVICE_POOL current=22752 MB  actual(reserved)=38146 MB  highWater=28040 MB
ExecutionTime = 111.13 s  ClockTime = 112 s

Time = 20
[mem] step-start: DEVICE_POOL current=22752 MB  actual(reserved)=38146 MB  highWater=28040 MB
Schwarz(Jacobi)+Bicgstab:  Solving for Ux, Initial residual = 0.00016223941899151212, Final residual = 6.9183731743809065e-06, No Iterations 4, Solve time = 280.772 ms
Schwarz(Jacobi)+Bicgstab:  Solving for Uy, Initial residual = 0.007234976136782868, Final residual = 0.00043358129464990354, No Iterations 4, Solve time = 280.772 ms
Schwarz(Jacobi)+Bicgstab:  Solving for Uz, Initial residual = 0.0016982778494757966, Final residual = 0.0002094804449896149, No Iterations 4, Solve time = 280.772 ms
[mem] after-UEqn: DEVICE_POOL current=22752 MB  actual(reserved)=38146 MB  highWater=28040 MB
[GinkgoSolver] p-cache: reuse(update_matrix_value) solve=20 rebuildInterval=100
config(Cg+Schwarz(Multigrid)):  Solving for p, Initial residual = 0.006534855102665421, Final residual = 6.422852346627363e-05, No Iterations 34, Solve time = 965.644 ms
time step continuity errors : sum local = 1.9709496287407628e-05, global = 6.583046157357984e-07, cumulative = 2.0494287490593556e-06
[mem] after-pEqn: DEVICE_POOL current=22752 MB  actual(reserved)=38146 MB  highWater=28040 MB
[GinkgoSolver] p-cache: reuse(update_matrix_value) solve=20 rebuildInterval=0
Schwarz(Jacobi)+Bicgstab:  Solving for omega, Initial residual = 7.80279179978342e-05, Final residual = 4.194537838908725e-06, No Iterations 2, Solve time = 73.048 ms
[GinkgoSolver] p-cache: reuse(update_matrix_value) solve=20 rebuildInterval=0
Schwarz(Jacobi)+Bicgstab:  Solving for k, Initial residual = 0.0003504876574355105, Final residual = 8.268316931420896e-06, No Iterations 3, Solve time = 95.839 ms
[mem] after-turb: DEVICE_POOL current=22752 MB  actual(reserved)=38146 MB  highWater=28040 MB
ExecutionTime = 114.11 s  ClockTime = 115 s

Time = 21
[mem] step-start: DEVICE_POOL current=22752 MB  actual(reserved)=38146 MB  highWater=28040 MB
Schwarz(Jacobi)+Bicgstab:  Solving for Ux, Initial residual = 0.00015800262982734235, Final residual = 3.336368729849884e-06, No Iterations 5, Solve time = 336.745 ms
Schwarz(Jacobi)+Bicgstab:  Solving for Uy, Initial residual = 0.007203625879084282, Final residual = 0.00015888022792798594, No Iterations 5, Solve time = 336.745 ms
Schwarz(Jacobi)+Bicgstab:  Solving for Uz, Initial residual = 0.0017201685029654106, Final residual = 5.924714743846485e-05, No Iterations 5, Solve time = 336.745 ms
[mem] after-UEqn: DEVICE_POOL current=22752 MB  actual(reserved)=38146 MB  highWater=28040 MB
[GinkgoSolver] p-cache: reuse(update_matrix_value) solve=21 rebuildInterval=100
config(Cg+Schwarz(Multigrid)):  Solving for p, Initial residual = 0.00633583690168301, Final residual = 6.202299217151062e-05, No Iterations 38, Solve time = 1075.11 ms
time step continuity errors : sum local = 1.921132143438634e-05, global = 7.598792446993789e-07, cumulative = 2.8093079937587344e-06
[mem] after-pEqn: DEVICE_POOL current=22752 MB  actual(reserved)=38146 MB  highWater=28040 MB
[GinkgoSolver] p-cache: reuse(update_matrix_value) solve=21 rebuildInterval=0
Schwarz(Jacobi)+Bicgstab:  Solving for omega, Initial residual = 7.370599553539285e-05, Final residual = 4.029183217251602e-06, No Iterations 2, Solve time = 73.734 ms
[GinkgoSolver] p-cache: reuse(update_matrix_value) solve=21 rebuildInterval=0
Schwarz(Jacobi)+Bicgstab:  Solving for k, Initial residual = 0.00035232604345729655, Final residual = 8.40148524562363e-06, No Iterations 3, Solve time = 95.741 ms
[mem] after-turb: DEVICE_POOL current=22752 MB  actual(reserved)=38146 MB  highWater=28040 MB
ExecutionTime = 117.27 s  ClockTime = 118 s

Time = 22
[mem] step-start: DEVICE_POOL current=22752 MB  actual(reserved)=38146 MB  highWater=28040 MB
Schwarz(Jacobi)+Bicgstab:  Solving for Ux, Initial residual = 0.0001554993542121809, Final residual = 1.0898819048464459e-05, No Iterations 3, Solve time = 221.244 ms
Schwarz(Jacobi)+Bicgstab:  Solving for Uy, Initial residual = 0.007158185496240377, Final residual = 0.0005986178234084353, No Iterations 3, Solve time = 221.244 ms
Schwarz(Jacobi)+Bicgstab:  Solving for Uz, Initial residual = 0.0017403060410740724, Final residual = 0.00015114580565733353, No Iterations 3, Solve time = 221.244 ms
[mem] after-UEqn: DEVICE_POOL current=22752 MB  actual(reserved)=38146 MB  highWater=28040 MB
[GinkgoSolver] p-cache: reuse(update_matrix_value) solve=22 rebuildInterval=100
config(Cg+Schwarz(Multigrid)):  Solving for p, Initial residual = 0.006131570608346088, Final residual = 6.0255029276344754e-05, No Iterations 36, Solve time = 1019.506 ms
time step continuity errors : sum local = 1.8936996491652445e-05, global = 6.483784565435606e-07, cumulative = 3.457686450302295e-06
[mem] after-pEqn: DEVICE_POOL current=22752 MB  actual(reserved)=38146 MB  highWater=28040 MB
[GinkgoSolver] p-cache: reuse(update_matrix_value) solve=22 rebuildInterval=0
Schwarz(Jacobi)+Bicgstab:  Solving for omega, Initial residual = 6.974340470973456e-05, Final residual = 3.867930582782011e-06, No Iterations 2, Solve time = 72.544 ms
[GinkgoSolver] p-cache: reuse(update_matrix_value) solve=22 rebuildInterval=0
Schwarz(Jacobi)+Bicgstab:  Solving for k, Initial residual = 0.0003543665042623582, Final residual = 8.581123842771575e-06, No Iterations 3, Solve time = 95.026 ms
[mem] after-turb: DEVICE_POOL current=22752 MB  actual(reserved)=38146 MB  highWater=28040 MB
ExecutionTime = 120.25 s  ClockTime = 121 s

Time = 23
[mem] step-start: DEVICE_POOL current=22752 MB  actual(reserved)=38146 MB  highWater=28040 MB
Schwarz(Jacobi)+Bicgstab:  Solving for Ux, Initial residual = 0.00015335414169380637, Final residual = 9.084710502243089e-06, No Iterations 3, Solve time = 223.82 ms
Schwarz(Jacobi)+Bicgstab:  Solving for Uy, Initial residual = 0.00708217830223024, Final residual = 0.0005631836943336871, No Iterations 3, Solve time = 223.82 ms
Schwarz(Jacobi)+Bicgstab:  Solving for Uz, Initial residual = 0.001755730230637417, Final residual = 0.00014432368956222817, No Iterations 3, Solve time = 223.82 ms
[mem] after-UEqn: DEVICE_POOL current=22752 MB  actual(reserved)=38146 MB  highWater=28040 MB
[GinkgoSolver] p-cache: reuse(update_matrix_value) solve=23 rebuildInterval=100
config(Cg+Schwarz(Multigrid)):  Solving for p, Initial residual = 0.005981484736407856, Final residual = 5.908388420337763e-05, No Iterations 27, Solve time = 777.439 ms
time step continuity errors : sum local = 1.8771245465858164e-05, global = 3.025706116763726e-07, cumulative = 3.760257061978668e-06
[mem] after-pEqn: DEVICE_POOL current=22752 MB  actual(reserved)=38146 MB  highWater=28040 MB
[GinkgoSolver] p-cache: reuse(update_matrix_value) solve=23 rebuildInterval=0
Schwarz(Jacobi)+Bicgstab:  Solving for omega, Initial residual = 6.622931221728366e-05, Final residual = 3.7277927889119565e-06, No Iterations 2, Solve time = 72.944 ms
bounding omega, min: -229.3359708161857 max: 45356378.206160165 average: 7061.718562067946
[GinkgoSolver] p-cache: reuse(update_matrix_value) solve=23 rebuildInterval=0
Schwarz(Jacobi)+Bicgstab:  Solving for k, Initial residual = 0.0003567777147752474, Final residual = 8.759764423714144e-06, No Iterations 3, Solve time = 95.699 ms
[mem] after-turb: DEVICE_POOL current=22752 MB  actual(reserved)=38146 MB  highWater=28040 MB
ExecutionTime = 123 s  ClockTime = 123 s

Time = 24
[mem] step-start: DEVICE_POOL current=22752 MB  actual(reserved)=38146 MB  highWater=28040 MB
Schwarz(Jacobi)+Bicgstab:  Solving for Ux, Initial residual = 0.0001514279658387931, Final residual = 1.7041000803531678e-05, No Iterations 3, Solve time = 221.217 ms
Schwarz(Jacobi)+Bicgstab:  Solving for Uy, Initial residual = 0.006951254483531843, Final residual = 0.0005358563937148223, No Iterations 3, Solve time = 221.217 ms
Schwarz(Jacobi)+Bicgstab:  Solving for Uz, Initial residual = 0.0017555898804907525, Final residual = 0.00013959863796858768, No Iterations 3, Solve time = 221.217 ms
[mem] after-UEqn: DEVICE_POOL current=22752 MB  actual(reserved)=38146 MB  highWater=28040 MB
[GinkgoSolver] p-cache: reuse(update_matrix_value) solve=24 rebuildInterval=100
config(Cg+Schwarz(Multigrid)):  Solving for p, Initial residual = 0.005903532894690147, Final residual = 5.816810281026931e-05, No Iterations 22, Solve time = 642.078 ms
time step continuity errors : sum local = 1.8507636055974093e-05, global = 3.491843721468807e-07, cumulative = 4.109441434125549e-06
[mem] after-pEqn: DEVICE_POOL current=22752 MB  actual(reserved)=38146 MB  highWater=28040 MB
[GinkgoSolver] p-cache: reuse(update_matrix_value) solve=24 rebuildInterval=0
Schwarz(Jacobi)+Bicgstab:  Solving for omega, Initial residual = 6.301756402950192e-05, Final residual = 3.5868105971679585e-06, No Iterations 2, Solve time = 72.49 ms
[GinkgoSolver] p-cache: reuse(update_matrix_value) solve=24 rebuildInterval=0
Schwarz(Jacobi)+Bicgstab:  Solving for k, Initial residual = 0.00035987263868827925, Final residual = 8.86523444899187e-06, No Iterations 3, Solve time = 96.121 ms
[mem] after-turb: DEVICE_POOL current=22752 MB  actual(reserved)=38146 MB  highWater=28040 MB
ExecutionTime = 125.61 s  ClockTime = 126 s

Time = 25
[mem] step-start: DEVICE_POOL current=22752 MB  actual(reserved)=38146 MB  highWater=28040 MB
Schwarz(Jacobi)+Bicgstab:  Solving for Ux, Initial residual = 0.00014928763446559308, Final residual = 9.388161857704357e-06, No Iterations 3, Solve time = 220.736 ms
Schwarz(Jacobi)+Bicgstab:  Solving for Uy, Initial residual = 0.006796096137643356, Final residual = 0.0005084667476624975, No Iterations 3, Solve time = 220.736 ms
Schwarz(Jacobi)+Bicgstab:  Solving for Uz, Initial residual = 0.001750348904569391, Final residual = 0.00013843131145207594, No Iterations 3, Solve time = 220.736 ms
[mem] after-UEqn: DEVICE_POOL current=22752 MB  actual(reserved)=38146 MB  highWater=28040 MB
[GinkgoSolver] p-cache: reuse(update_matrix_value) solve=25 rebuildInterval=100
config(Cg+Schwarz(Multigrid)):  Solving for p, Initial residual = 0.005831255032932813, Final residual = 5.6097007730579166e-05, No Iterations 24, Solve time = 696.214 ms
time step continuity errors : sum local = 1.782003378569275e-05, global = 3.996148738385917e-07, cumulative = 4.509056307964141e-06
[mem] after-pEqn: DEVICE_POOL current=22752 MB  actual(reserved)=38146 MB  highWater=28040 MB
[GinkgoSolver] p-cache: reuse(update_matrix_value) solve=25 rebuildInterval=0
Schwarz(Jacobi)+Bicgstab:  Solving for omega, Initial residual = 6.018024999275753e-05, Final residual = 3.4453388994853766e-06, No Iterations 2, Solve time = 72.212 ms
[GinkgoSolver] p-cache: reuse(update_matrix_value) solve=25 rebuildInterval=0
Schwarz(Jacobi)+Bicgstab:  Solving for k, Initial residual = 0.0003632629695183138, Final residual = 9.017491239181626e-06, No Iterations 3, Solve time = 96.468 ms
[mem] after-turb: DEVICE_POOL current=22752 MB  actual(reserved)=38146 MB  highWater=28040 MB
ExecutionTime = 128.27 s  ClockTime = 129 s

Time = 26
[mem] step-start: DEVICE_POOL current=22752 MB  actual(reserved)=38146 MB  highWater=28040 MB
Schwarz(Jacobi)+Bicgstab:  Solving for Ux, Initial residual = 0.00014714444096854156, Final residual = 6.490494563588391e-06, No Iterations 4, Solve time = 279.932 ms
Schwarz(Jacobi)+Bicgstab:  Solving for Uy, Initial residual = 0.00664719821750861, Final residual = 0.000489591907692594, No Iterations 4, Solve time = 279.932 ms
Schwarz(Jacobi)+Bicgstab:  Solving for Uz, Initial residual = 0.0017477397562169037, Final residual = 0.0001052819779607912, No Iterations 4, Solve time = 279.932 ms
[mem] after-UEqn: DEVICE_POOL current=22752 MB  actual(reserved)=38146 MB  highWater=28040 MB
[GinkgoSolver] p-cache: reuse(update_matrix_value) solve=26 rebuildInterval=100
config(Cg+Schwarz(Multigrid)):  Solving for p, Initial residual = 0.00575483112115747, Final residual = 5.720740748046899e-05, No Iterations 27, Solve time = 777.104 ms
time step continuity errors : sum local = 1.8151729920147907e-05, global = 4.202213132352773e-07, cumulative = 4.929277621199418e-06
[mem] after-pEqn: DEVICE_POOL current=22752 MB  actual(reserved)=38146 MB  highWater=28040 MB
[GinkgoSolver] p-cache: reuse(update_matrix_value) solve=26 rebuildInterval=0
Schwarz(Jacobi)+Bicgstab:  Solving for omega, Initial residual = 5.771479006013824e-05, Final residual = 3.345068745737412e-06, No Iterations 2, Solve time = 73.561 ms
bounding omega, min: -52134.604755575805 max: 45356131.20490069 average: 7144.421275706242
[GinkgoSolver] p-cache: reuse(update_matrix_value) solve=26 rebuildInterval=0
Schwarz(Jacobi)+Bicgstab:  Solving for k, Initial residual = 0.0003673482683623715, Final residual = 9.265276775754566e-06, No Iterations 3, Solve time = 96.336 ms
[mem] after-turb: DEVICE_POOL current=22752 MB  actual(reserved)=38146 MB  highWater=28040 MB
ExecutionTime = 131.07 s  ClockTime = 132 s

Time = 27
[mem] step-start: DEVICE_POOL current=22752 MB  actual(reserved)=38146 MB  highWater=28040 MB
Schwarz(Jacobi)+Bicgstab:  Solving for Ux, Initial residual = 0.00014493825694921614, Final residual = 7.765634517150655e-06, No Iterations 4, Solve time = 283.829 ms
Schwarz(Jacobi)+Bicgstab:  Solving for Uy, Initial residual = 0.006478521100976408, Final residual = 0.0002739471069846374, No Iterations 4, Solve time = 283.829 ms
Schwarz(Jacobi)+Bicgstab:  Solving for Uz, Initial residual = 0.0017454544413641115, Final residual = 7.331790268712847e-05, No Iterations 4, Solve time = 283.829 ms
[mem] after-UEqn: DEVICE_POOL current=22752 MB  actual(reserved)=38146 MB  highWater=28040 MB
[GinkgoSolver] p-cache: reuse(update_matrix_value) solve=27 rebuildInterval=100
config(Cg+Schwarz(Multigrid)):  Solving for p, Initial residual = 0.0056680671501599285, Final residual = 5.586210772757194e-05, No Iterations 31, Solve time = 887.447 ms
time step continuity errors : sum local = 1.7664884117391652e-05, global = 3.2822691702341904e-07, cumulative = 5.257504538222838e-06
[mem] after-pEqn: DEVICE_POOL current=22752 MB  actual(reserved)=38146 MB  highWater=28040 MB
[GinkgoSolver] p-cache: reuse(update_matrix_value) solve=27 rebuildInterval=0
Schwarz(Jacobi)+Bicgstab:  Solving for omega, Initial residual = 5.5465394157806e-05, Final residual = 3.247886043298924e-06, No Iterations 2, Solve time = 73.545 ms
[GinkgoSolver] p-cache: reuse(update_matrix_value) solve=27 rebuildInterval=0
Schwarz(Jacobi)+Bicgstab:  Solving for k, Initial residual = 0.0003722311816917076, Final residual = 9.772762083422432e-06, No Iterations 3, Solve time = 95.788 ms
[mem] after-turb: DEVICE_POOL current=22752 MB  actual(reserved)=38146 MB  highWater=28040 MB
ExecutionTime = 133.97 s  ClockTime = 135 s

Time = 28
[mem] step-start: DEVICE_POOL current=22752 MB  actual(reserved)=38146 MB  highWater=28040 MB
Schwarz(Jacobi)+Bicgstab:  Solving for Ux, Initial residual = 0.00014245576424692347, Final residual = 1.2976884454447094e-05, No Iterations 3, Solve time = 225.878 ms
Schwarz(Jacobi)+Bicgstab:  Solving for Uy, Initial residual = 0.0063281954079289215, Final residual = 0.0004755508377400885, No Iterations 3, Solve time = 225.878 ms
Schwarz(Jacobi)+Bicgstab:  Solving for Uz, Initial residual = 0.0017456479761701147, Final residual = 0.00014748397398996015, No Iterations 3, Solve time = 225.878 ms
[mem] after-UEqn: DEVICE_POOL current=22752 MB  actual(reserved)=38146 MB  highWater=28040 MB
[GinkgoSolver] p-cache: reuse(update_matrix_value) solve=28 rebuildInterval=100
config(Cg+Schwarz(Multigrid)):  Solving for p, Initial residual = 0.005647683687925163, Final residual = 5.38269310781047e-05, No Iterations 31, Solve time = 887.223 ms
time step continuity errors : sum local = 1.6829660176836474e-05, global = 1.9531387191199477e-07, cumulative = 5.452818410134833e-06
[mem] after-pEqn: DEVICE_POOL current=22752 MB  actual(reserved)=38146 MB  highWater=28040 MB
[GinkgoSolver] p-cache: reuse(update_matrix_value) solve=28 rebuildInterval=0
Schwarz(Jacobi)+Bicgstab:  Solving for omega, Initial residual = 5.348080335104519e-05, Final residual = 3.1632961003962192e-06, No Iterations 2, Solve time = 72.445 ms
bounding omega, min: -95.27621629115885 max: 45356030.9886787 average: 7192.137061262181
[GinkgoSolver] p-cache: reuse(update_matrix_value) solve=28 rebuildInterval=0
Schwarz(Jacobi)+Bicgstab:  Solving for k, Initial residual = 0.0003768881762548414, Final residual = 9.671084061866921e-06, No Iterations 3, Solve time = 94.272 ms
[mem] after-turb: DEVICE_POOL current=22752 MB  actual(reserved)=38146 MB  highWater=28040 MB
ExecutionTime = 136.84 s  ClockTime = 137 s

Time = 29
[mem] step-start: DEVICE_POOL current=22752 MB  actual(reserved)=38146 MB  highWater=28040 MB
Schwarz(Jacobi)+Bicgstab:  Solving for Ux, Initial residual = 0.00013959086651661065, Final residual = 5.918102275637723e-06, No Iterations 4, Solve time = 284.249 ms
Schwarz(Jacobi)+Bicgstab:  Solving for Uy, Initial residual = 0.006209595340111253, Final residual = 0.0002299115754671226, No Iterations 4, Solve time = 284.249 ms
Schwarz(Jacobi)+Bicgstab:  Solving for Uz, Initial residual = 0.0017484301392878719, Final residual = 0.00011599462093442095, No Iterations 4, Solve time = 284.249 ms
[mem] after-UEqn: DEVICE_POOL current=22752 MB  actual(reserved)=38146 MB  highWater=28040 MB
[GinkgoSolver] p-cache: reuse(update_matrix_value) solve=29 rebuildInterval=100
config(Cg+Schwarz(Multigrid)):  Solving for p, Initial residual = 0.005660497209586934, Final residual = 5.470722696837727e-05, No Iterations 24, Solve time = 696.981 ms
time step continuity errors : sum local = 1.680967962931922e-05, global = 3.3704204729123403e-07, cumulative = 5.789860457426066e-06
[mem] after-pEqn: DEVICE_POOL current=22752 MB  actual(reserved)=38146 MB  highWater=28040 MB
[GinkgoSolver] p-cache: reuse(update_matrix_value) solve=29 rebuildInterval=0
Schwarz(Jacobi)+Bicgstab:  Solving for omega, Initial residual = 5.1911976352327544e-05, Final residual = 3.109669068637509e-06, No Iterations 2, Solve time = 72.951 ms
bounding omega, min: -408.77180850376755 max: 45356042.84428423 average: 7213.520766170157
[GinkgoSolver] p-cache: reuse(update_matrix_value) solve=29 rebuildInterval=0
Schwarz(Jacobi)+Bicgstab:  Solving for k, Initial residual = 0.00038332416147917383, Final residual = 9.858269523092963e-06, No Iterations 3, Solve time = 95.902 ms
[mem] after-turb: DEVICE_POOL current=22752 MB  actual(reserved)=38146 MB  highWater=28040 MB
ExecutionTime = 139.57 s  ClockTime = 140 s

Time = 30
[mem] step-start: DEVICE_POOL current=22752 MB  actual(reserved)=38146 MB  highWater=28040 MB
Schwarz(Jacobi)+Bicgstab:  Solving for Ux, Initial residual = 0.0001369373257367359, Final residual = 5.071362719494792e-06, No Iterations 5, Solve time = 331.127 ms
Schwarz(Jacobi)+Bicgstab:  Solving for Uy, Initial residual = 0.006102514409118345, Final residual = 0.00010758028274661265, No Iterations 5, Solve time = 331.127 ms
Schwarz(Jacobi)+Bicgstab:  Solving for Uz, Initial residual = 0.0017493954012008316, Final residual = 3.9153516349043014e-05, No Iterations 5, Solve time = 331.127 ms
[mem] after-UEqn: DEVICE_POOL current=22752 MB  actual(reserved)=38146 MB  highWater=28040 MB
[GinkgoSolver] p-cache: reuse(update_matrix_value) solve=30 rebuildInterval=100
config(Cg+Schwarz(Multigrid)):  Solving for p, Initial residual = 0.005630115715864586, Final residual = 5.489308864984807e-05, No Iterations 29, Solve time = 831.858 ms
time step continuity errors : sum local = 1.6630437709255954e-05, global = 5.919964234285336e-08, cumulative = 5.849060099768919e-06
[mem] after-pEqn: DEVICE_POOL current=22752 MB  actual(reserved)=38146 MB  highWater=28040 MB
[GinkgoSolver] p-cache: reuse(update_matrix_value) solve=30 rebuildInterval=0
Schwarz(Jacobi)+Bicgstab:  Solving for omega, Initial residual = 5.0836488154060494e-05, Final residual = 3.0552509494307044e-06, No Iterations 2, Solve time = 73.575 ms
bounding omega, min: -287.15254892703814 max: 45356087.716271654 average: 7233.3918403530915
[GinkgoSolver] p-cache: reuse(update_matrix_value) solve=30 rebuildInterval=0
Schwarz(Jacobi)+Bicgstab:  Solving for k, Initial residual = 0.00039094016087878755, Final residual = 1.0210531962848904e-05, No Iterations 3, Solve time = 95.621 ms
[mem] after-turb: DEVICE_POOL current=22752 MB  actual(reserved)=38146 MB  highWater=28040 MB
Writing p
Writing U
Writing turbulence variables
ExecutionTime = 143.27 s  ClockTime = 145 s

[mem] wrote 1008 samples to memoryTimeline.csv
Finalizing NeoN

BEGIN KOKKOS PROFILING REPORT:
TOTAL TIME: 147.089252662 seconds
TOP-DOWN TIME TREE:
<average time> <percent of total time> <percent time in Kokkos> <percent MPI imbalance> <remainder> <kernels per second> <number of calls> <name> [type]
===================
|-> 1.11e+02 sec 75.7% 26.5% 0.0% 0.0% 5.09e+02 30 neoSimpleFoam.timeStep [region]
|   |-> 6.95e+01 sec 47.2% 16.0% 0.0% 4.9% 4.09e+02 30 neoSimpleFoam.pressureCorrector [region]
|   |   |-> 5.73e+01 sec 38.9% 4.0% 0.0% 76.9% 8.25e+01 30 neoSimpleFoam.pressureCorrector.pEqn [region]
|   |   |   |-> 1.06e+01 sec 7.2% 0.0% 0.0% 100.0% 0.00e+00 30 ginkgo.solverSetup [region]
|   |   |   |-> 1.85e+00 sec 1.3% 88.1% 0.0% 11.9% 1.23e+03 30 assemble.spatialImplicit [region]
|   |   |   |   |-> 5.00e-01 sec 0.3% 100.0% 0.0% ------ 30 computeGradInternal [for]
|   |   |   |   |-> 4.84e-01 sec 0.3% 100.0% 0.0% ------ 1320 computeGradBoundaryRefGrad [for]
|   |   |   |   |-> 2.74e-01 sec 0.2% 100.0% 0.0% ------ 601 fill [for]
|   |   |   |   |-> 1.61e-01 sec 0.1% 100.0% 0.0% ------ 30 computeLocalLaplacianCoefficients [for]
|   |   |   |-> 3.57e-01 sec 0.2% 100.0% 0.0% ------ 1560 setGradientValue [for]
|   |   |-> 1.85e+00 sec 1.3% 100.0% 0.0% ------ 8250 extrapolateValue [for]
|   |   |-> 1.43e+00 sec 1.0% 100.0% 0.0% ------ 3660 fill [for]
|   |   |-> 1.34e+00 sec 0.9% 100.0% 0.0% ------ 3960 computeGradBoundaryRefGrad [for]
|   |   |-> 1.31e+00 sec 0.9% 100.0% 0.0% ------ 90 computeGradInternal [for]
|   |   |-> 7.85e-01 sec 0.5% 100.0% 0.0% ------ 2100 parallelFor [for]
|   |   |-> 3.70e-01 sec 0.3% 100.0% 0.0% ------ 1230 setFixedValueVolume [for]
|   |   |-> 3.60e-01 sec 0.2% 100.0% 0.0% ------ 1590 setGradientValue [for]
|   |   |-> 1.90e-01 sec 0.1% 100.0% 0.0% ------ 720 updateProcBoundaryOwnerValue [for]
|   |   |-> 1.63e-01 sec 0.1% 100.0% 0.0% ------ 540 setProcBoundaryCoefficients [for]
|   |-> 2.20e+01 sec 14.9% 36.7% 0.0% 39.6% 3.11e+02 30 neoSimpleFoam.momentumPredictor [region]
|   |   |-> 1.01e+01 sec 6.9% 71.7% 0.0% 0.0% 6.19e+02 30 momentum.assemble [region]
|   |   |   |-> 8.84e+00 sec 6.0% 70.4% 0.0% 0.0% 5.91e+02 30 assemble.spatialImplicit [region]
|   |   |   |   |-> 5.43e+00 sec 3.7% 57.6% 0.0% 3.3% 5.26e+02 30 divlap.deferredCorr [region]
|   |   |   |   |   |-> 1.97e+00 sec 1.3% 95.9% 0.0% 0.0% 1.05e+03 30 luw.gradCompute [region]
|   |   |   |   |   |   |-> 1.66e+00 sec 1.1% 95.2% 0.0% 4.8% 1.05e+03 30 clg.baseGrad [region]
|   |   |   |   |   |   |   |-> 6.45e-01 sec 0.4% 100.0% 0.0% ------ 1320 computeGradTensorBoundaryReconstruct [for]
|   |   |   |   |   |   |   |-> 4.09e-01 sec 0.3% 100.0% 0.0% ------ 30 computeGradTensorInternal [for]
|   |   |   |   |   |   |   |-> 3.77e-01 sec 0.3% 100.0% 0.0% ------ 210 fill [for]
|   |   |   |   |   |   |-> 3.16e-01 sec 0.2% 99.7% 0.0% 0.3% 1.04e+03 30 clg.limiter [region]
|   |   |   |   |   |-> 1.38e+00 sec 0.9% 1.4% 0.0% 98.6% 2.17e+00 30 luw.gradOpCtor [region]
|   |   |   |   |   |-> 7.34e-01 sec 0.5% 37.3% 0.0% 62.7% 4.50e+02 30 luw.applyCorr [region]
|   |   |   |   |   |-> 5.07e-01 sec 0.3% 56.8% 0.0% 43.2% 4.14e+02 30 luw.gradAlloc [region]
|   |   |   |   |   |   |-> 2.88e-01 sec 0.2% 100.0% 0.0% ------ 210 fill [for]
|   |   |   |   |   |-> 4.99e-01 sec 0.3% 100.0% 0.0% ------ 30 addDivCorrectionToRhs [for]
|   |   |   |   |-> 3.06e+00 sec 2.1% 89.8% 0.0% 10.2% 7.15e+02 30 divlap.nonOrthCorr [region]
|   |   |   |   |   |-> 7.55e-01 sec 0.5% 100.0% 0.0% ------ 1320 computeGradTensorBoundaryReconstruct [for]
|   |   |   |   |   |-> 7.47e-01 sec 0.5% 100.0% 0.0% ------ 30 computeGradTensorInternal [for]
|   |   |   |   |   |-> 5.84e-01 sec 0.4% 100.0% 0.0% ------ 601 fill [for]
|   |   |   |   |   |-> 3.38e-01 sec 0.2% 100.0% 0.0% ------ 30 computeLaplacianImplicitCorrection [for]
|   |   |   |   |-> 2.23e-01 sec 0.2% 99.8% 0.0% 0.2% 4.04e+02 30 divlap.matrixCoeffs [region]
|   |   |   |   |   |-> 1.74e-01 sec 0.1% 100.0% 0.0% ------ 30 computeLocalGaussGreenDivLaplacianCoefficients [for]
|   |   |   |-> 1.09e+00 sec 0.7% 78.3% 0.0% 21.7% 7.74e+02 30 assemble.explicitSource [region]
|   |   |   |   |-> 3.09e-01 sec 0.2% 100.0% 0.0% ------ 420 fill [for]
|   |   |   |   |-> 1.74e-01 sec 0.1% 100.0% 0.0% ------ 30 divDevReff::internal [for]
|   |   |-> 1.97e+00 sec 1.3% 1.5% 0.0% 98.5% 1.37e+01 30 momentum.construct [region]
|   |   |-> 9.46e-01 sec 0.6% 82.9% 0.0% 17.1% 5.39e+02 30 assemble.explicitSource [region]
|   |   |   |-> 3.98e-01 sec 0.3% 100.0% 0.0% ------ 30 computeGradInternal [for]
|   |   |-> 1.59e-01 sec 0.1% 0.0% 0.0% 100.0% 0.00e+00 30 ginkgo.solverSetup [region]
|   |-> 1.80e+01 sec 12.3% 57.2% 0.0% 37.6% 1.18e+03 30 neoSimpleFoam.turbulenceCorrect [region]
|   |   |-> 3.87e+00 sec 2.6% 86.1% 0.0% 13.9% 1.24e+03 60 assemble.spatialImplicit [region]
|   |   |   |-> 8.06e-01 sec 0.5% 100.0% 0.0% ------ 60 computeGradInternal [for]
|   |   |   |-> 7.04e-01 sec 0.5% 100.0% 0.0% ------ 1202 fill [for]
|   |   |   |-> 4.94e-01 sec 0.3% 100.0% 0.0% ------ 1440 computeGradBoundaryRefGrad [for]
|   |   |   |-> 4.82e-01 sec 0.3% 100.0% 0.0% ------ 1200 computeGradBoundaryFixedValue [for]
|   |   |   |-> 2.80e-01 sec 0.2% 100.0% 0.0% ------ 60 computeLocalGaussGreenDivLaplacianCoefficients [for]
|   |   |-> 7.06e-01 sec 0.5% 100.0% 0.0% ------ 1466 fill [for]
|   |   |-> 6.50e-01 sec 0.4% 100.0% 0.0% ------ 30 computeGradTensorInternal [for]
|   |   |-> 6.27e-01 sec 0.4% 100.0% 0.0% ------ 60 computeGradInternal [for]
|   |   |-> 5.23e-01 sec 0.4% 100.0% 0.0% ------ 1440 computeGradBoundaryRefGrad [for]
|   |   |-> 5.19e-01 sec 0.4% 100.0% 0.0% ------ 1200 computeGradBoundaryFixedValue [for]
|   |   |-> 4.88e-01 sec 0.3% 100.0% 0.0% ------ 1530 kOmegaSST::omegaWFGFeedback [for]
|   |   |-> 4.22e-01 sec 0.3% 100.0% 0.0% ------ 1320 computeGradTensorBoundaryReconstruct [for]
|   |   |-> 4.18e-01 sec 0.3% 100.0% 0.0% ------ 1650 extrapolateValue [for]
|   |   |-> 3.69e-01 sec 0.3% 100.0% 0.0% ------ 1530 setNutUSpaldingWallFunction [for]
|   |   |-> 3.50e-01 sec 0.2% 100.0% 0.0% ------ 1590 setGradientValue [for]
|   |   |-> 3.50e-01 sec 0.2% 100.0% 0.0% ------ 1530 setOmegaWallFunction [for]
|   |   |-> 2.30e-01 sec 0.2% 0.0% 0.0% 100.0% 0.00e+00 60 ginkgo.solverSetup [region]
|   |   |-> 2.09e-01 sec 0.1% 100.0% 0.0% ------ 218 computeLinearInterpolationInternal [for]
|   |   |-> 1.70e-01 sec 0.1% 2.5% 0.0% 97.5% 4.12e+02 60 ginkgo.createMtx [region]
|   |-> 1.84e+00 sec 1.3% 0.0% 0.0% 100.0% 0.00e+00 30 neoSimpleFoam.write [region]
|-> 3.35e+01 sec 22.7% 1.0% 0.0% 99.0% 3.15e+01 1 neoSimpleFoam.setup [region]

BOTTOM-UP TIME TREE:
<average time> <percent of total time> <percent time in Kokkos> <percent MPI imbalance> <number of calls> <name> [type]
===================
|-> 4.40e+01 sec 29.9% 0.0% 0.0% 0.0% 0.00e+00 30 neoSimpleFoam.pressureCorrector.pEqn [region]
|   |-> 4.40e+01 sec 29.9% 0.0% 0.0% 0.0% 0.00e+00 30 neoSimpleFoam.pressureCorrector [region]
|       |-> 4.40e+01 sec 29.9% 0.0% 0.0% 0.0% 0.00e+00 30 neoSimpleFoam.timeStep [region]
|-> 3.31e+01 sec 22.5% 0.0% 0.0% 0.0% 0.00e+00 1 neoSimpleFoam.setup [region]
|-> 1.10e+01 sec 7.5% 0.0% 0.0% 0.0% 0.00e+00 120 ginkgo.solverSetup [region]
|   |-> 1.06e+01 sec 7.2% 0.0% 0.0% 0.0% 0.00e+00 30 neoSimpleFoam.pressureCorrector.pEqn [region]
|   |   |-> 1.06e+01 sec 7.2% 0.0% 0.0% 0.0% 0.00e+00 30 neoSimpleFoam.pressureCorrector [region]
|   |       |-> 1.06e+01 sec 7.2% 0.0% 0.0% 0.0% 0.00e+00 30 neoSimpleFoam.timeStep [region]
|   |-> 2.30e-01 sec 0.2% 0.0% 0.0% 0.0% 0.00e+00 60 neoSimpleFoam.turbulenceCorrect [region]
|   |   |-> 2.30e-01 sec 0.2% 0.0% 0.0% 0.0% 0.00e+00 60 neoSimpleFoam.timeStep [region]
|   |-> 1.59e-01 sec 0.1% 0.0% 0.0% 0.0% 0.00e+00 30 neoSimpleFoam.momentumPredictor [region]
|       |-> 1.59e-01 sec 0.1% 0.0% 0.0% 0.0% 0.00e+00 30 neoSimpleFoam.timeStep [region]
|-> 8.71e+00 sec 5.9% 0.0% 0.0% 0.0% 0.00e+00 30 neoSimpleFoam.momentumPredictor [region]
|   |-> 8.71e+00 sec 5.9% 0.0% 0.0% 0.0% 0.00e+00 30 neoSimpleFoam.timeStep [region]
|-> 6.78e+00 sec 4.6% 0.0% 0.0% 0.0% 0.00e+00 30 neoSimpleFoam.turbulenceCorrect [region]
|   |-> 6.78e+00 sec 4.6% 0.0% 0.0% 0.0% 0.00e+00 30 neoSimpleFoam.timeStep [region]
|-> 5.34e+00 sec 3.6% 100.0% 0.0% ------ 9833 fill [for]
|   |-> 1.43e+00 sec 1.0% 100.0% 0.0% 0.0% 0.00e+00 3660 neoSimpleFoam.pressureCorrector [region]
|   |   |-> 1.43e+00 sec 1.0% 100.0% 0.0% 0.0% 0.00e+00 3660 neoSimpleFoam.timeStep [region]
|   |-> 9.78e-01 sec 0.7% 100.0% 0.0% 0.0% 0.00e+00 1803 assemble.spatialImplicit [region]
|   |   |-> 7.04e-01 sec 0.5% 100.0% 0.0% 0.0% 0.00e+00 1202 neoSimpleFoam.turbulenceCorrect [region]
|   |   |   |-> 7.04e-01 sec 0.5% 100.0% 0.0% 0.0% 0.00e+00 1202 neoSimpleFoam.timeStep [region]
|   |   |-> 2.74e-01 sec 0.2% 100.0% 0.0% 0.0% 0.00e+00 601 neoSimpleFoam.pressureCorrector.pEqn [region]
|   |       |-> 2.74e-01 sec 0.2% 100.0% 0.0% 0.0% 0.00e+00 601 neoSimpleFoam.pressureCorrector [region]
|   |           |-> 2.74e-01 sec 0.2% 100.0% 0.0% 0.0% 0.00e+00 601 neoSimpleFoam.timeStep [region]
|   |-> 7.06e-01 sec 0.5% 100.0% 0.0% 0.0% 0.00e+00 1466 neoSimpleFoam.turbulenceCorrect [region]
|   |   |-> 7.06e-01 sec 0.5% 100.0% 0.0% 0.0% 0.00e+00 1466 neoSimpleFoam.timeStep [region]
|   |-> 5.84e-01 sec 0.4% 100.0% 0.0% 0.0% 0.00e+00 601 divlap.nonOrthCorr [region]
|   |   |-> 5.84e-01 sec 0.4% 100.0% 0.0% 0.0% 0.00e+00 601 assemble.spatialImplicit [region]
|   |       |-> 5.84e-01 sec 0.4% 100.0% 0.0% 0.0% 0.00e+00 601 momentum.assemble [region]
|   |           |-> 5.84e-01 sec 0.4% 100.0% 0.0% 0.0% 0.00e+00 601 neoSimpleFoam.momentumPredictor [region]
|   |               |-> 5.84e-01 sec 0.4% 100.0% 0.0% 0.0% 0.00e+00 601 neoSimpleFoam.timeStep [region]
|   |-> 4.39e-01 sec 0.3% 100.0% 0.0% 0.0% 0.00e+00 780 assemble.explicitSource [region]
|   |   |-> 3.09e-01 sec 0.2% 100.0% 0.0% 0.0% 0.00e+00 420 momentum.assemble [region]
|   |   |   |-> 3.09e-01 sec 0.2% 100.0% 0.0% 0.0% 0.00e+00 420 neoSimpleFoam.momentumPredictor [region]
|   |   |       |-> 3.09e-01 sec 0.2% 100.0% 0.0% 0.0% 0.00e+00 420 neoSimpleFoam.timeStep [region]
|   |-> 3.77e-01 sec 0.3% 100.0% 0.0% 0.0% 0.00e+00 210 clg.baseGrad [region]
|   |   |-> 3.77e-01 sec 0.3% 100.0% 0.0% 0.0% 0.00e+00 210 luw.gradCompute [region]
|   |       |-> 3.77e-01 sec 0.3% 100.0% 0.0% 0.0% 0.00e+00 210 divlap.deferredCorr [region]
|   |           |-> 3.77e-01 sec 0.3% 100.0% 0.0% 0.0% 0.00e+00 210 assemble.spatialImplicit [region]
|   |               |-> 3.77e-01 sec 0.3% 100.0% 0.0% 0.0% 0.00e+00 210 momentum.assemble [region]
|   |                   |-> 3.77e-01 sec 0.3% 100.0% 0.0% 0.0% 0.00e+00 210 neoSimpleFoam.momentumPredictor [region]
|   |                       |-> 3.77e-01 sec 0.3% 100.0% 0.0% 0.0% 0.00e+00 210 neoSimpleFoam.timeStep [region]
|   |-> 2.88e-01 sec 0.2% 100.0% 0.0% 0.0% 0.00e+00 210 luw.gradAlloc [region]
|   |   |-> 2.88e-01 sec 0.2% 100.0% 0.0% 0.0% 0.00e+00 210 divlap.deferredCorr [region]
|   |       |-> 2.88e-01 sec 0.2% 100.0% 0.0% 0.0% 0.00e+00 210 assemble.spatialImplicit [region]
|   |           |-> 2.88e-01 sec 0.2% 100.0% 0.0% 0.0% 0.00e+00 210 momentum.assemble [region]
|   |               |-> 2.88e-01 sec 0.2% 100.0% 0.0% 0.0% 0.00e+00 210 neoSimpleFoam.momentumPredictor [region]
|   |                   |-> 2.88e-01 sec 0.2% 100.0% 0.0% 0.0% 0.00e+00 210 neoSimpleFoam.timeStep [region]
|-> 3.66e+00 sec 2.5% 100.0% 0.0% ------ 272 computeGradInternal [for]
|   |-> 1.31e+00 sec 0.9% 100.0% 0.0% 0.0% 0.00e+00 90 neoSimpleFoam.pressureCorrector [region]
|   |   |-> 1.31e+00 sec 0.9% 100.0% 0.0% 0.0% 0.00e+00 90 neoSimpleFoam.timeStep [region]
|   |-> 1.31e+00 sec 0.9% 100.0% 0.0% 0.0% 0.00e+00 90 assemble.spatialImplicit [region]
|   |   |-> 8.06e-01 sec 0.5% 100.0% 0.0% 0.0% 0.00e+00 60 neoSimpleFoam.turbulenceCorrect [region]
|   |   |   |-> 8.06e-01 sec 0.5% 100.0% 0.0% 0.0% 0.00e+00 60 neoSimpleFoam.timeStep [region]
|   |   |-> 5.00e-01 sec 0.3% 100.0% 0.0% 0.0% 0.00e+00 30 neoSimpleFoam.pressureCorrector.pEqn [region]
|   |       |-> 5.00e-01 sec 0.3% 100.0% 0.0% 0.0% 0.00e+00 30 neoSimpleFoam.pressureCorrector [region]
|   |           |-> 5.00e-01 sec 0.3% 100.0% 0.0% 0.0% 0.00e+00 30 neoSimpleFoam.timeStep [region]
|   |-> 6.27e-01 sec 0.4% 100.0% 0.0% 0.0% 0.00e+00 60 neoSimpleFoam.turbulenceCorrect [region]
|   |   |-> 6.27e-01 sec 0.4% 100.0% 0.0% 0.0% 0.00e+00 60 neoSimpleFoam.timeStep [region]
|   |-> 3.98e-01 sec 0.3% 100.0% 0.0% 0.0% 0.00e+00 30 assemble.explicitSource [region]
|   |   |-> 3.98e-01 sec 0.3% 100.0% 0.0% 0.0% 0.00e+00 30 neoSimpleFoam.momentumPredictor [region]
|   |       |-> 3.98e-01 sec 0.3% 100.0% 0.0% 0.0% 0.00e+00 30 neoSimpleFoam.timeStep [region]
|-> 3.37e+00 sec 2.3% 0.0% 0.0% 0.0% 0.00e+00 30 neoSimpleFoam.pressureCorrector [region]
|   |-> 3.37e+00 sec 2.3% 0.0% 0.0% 0.0% 0.00e+00 30 neoSimpleFoam.timeStep [region]
|-> 2.87e+00 sec 1.9% 100.0% 0.0% ------ 8208 computeGradBoundaryRefGrad [for]
|   |-> 1.34e+00 sec 0.9% 100.0% 0.0% 0.0% 0.00e+00 3960 neoSimpleFoam.pressureCorrector [region]
|   |   |-> 1.34e+00 sec 0.9% 100.0% 0.0% 0.0% 0.00e+00 3960 neoSimpleFoam.timeStep [region]
|   |-> 9.78e-01 sec 0.7% 100.0% 0.0% 0.0% 0.00e+00 2760 assemble.spatialImplicit [region]
|   |   |-> 4.94e-01 sec 0.3% 100.0% 0.0% 0.0% 0.00e+00 1440 neoSimpleFoam.turbulenceCorrect [region]
|   |   |   |-> 4.94e-01 sec 0.3% 100.0% 0.0% 0.0% 0.00e+00 1440 neoSimpleFoam.timeStep [region]
|   |   |-> 4.84e-01 sec 0.3% 100.0% 0.0% 0.0% 0.00e+00 1320 neoSimpleFoam.pressureCorrector.pEqn [region]
|   |       |-> 4.84e-01 sec 0.3% 100.0% 0.0% 0.0% 0.00e+00 1320 neoSimpleFoam.pressureCorrector [region]
|   |           |-> 4.84e-01 sec 0.3% 100.0% 0.0% 0.0% 0.00e+00 1320 neoSimpleFoam.timeStep [region]
|   |-> 5.23e-01 sec 0.4% 100.0% 0.0% 0.0% 0.00e+00 1440 neoSimpleFoam.turbulenceCorrect [region]
|   |   |-> 5.23e-01 sec 0.4% 100.0% 0.0% 0.0% 0.00e+00 1440 neoSimpleFoam.timeStep [region]
|-> 2.27e+00 sec 1.5% 100.0% 0.0% ------ 9955 extrapolateValue [for]
|   |-> 1.85e+00 sec 1.3% 100.0% 0.0% 0.0% 0.00e+00 8250 neoSimpleFoam.pressureCorrector [region]
|   |   |-> 1.85e+00 sec 1.3% 100.0% 0.0% 0.0% 0.00e+00 8250 neoSimpleFoam.timeStep [region]
|   |-> 4.18e-01 sec 0.3% 100.0% 0.0% 0.0% 0.00e+00 1650 neoSimpleFoam.turbulenceCorrect [region]
|   |   |-> 4.18e-01 sec 0.3% 100.0% 0.0% 0.0% 0.00e+00 1650 neoSimpleFoam.timeStep [region]
|-> 1.94e+00 sec 1.3% 0.0% 0.0% 0.0% 0.00e+00 30 momentum.construct [region]
|   |-> 1.94e+00 sec 1.3% 0.0% 0.0% 0.0% 0.00e+00 30 neoSimpleFoam.momentumPredictor [region]
|       |-> 1.94e+00 sec 1.3% 0.0% 0.0% 0.0% 0.00e+00 30 neoSimpleFoam.timeStep [region]
|-> 1.84e+00 sec 1.3% 0.0% 0.0% 0.0% 0.00e+00 30 neoSimpleFoam.write [region]
|   |-> 1.84e+00 sec 1.3% 0.0% 0.0% 0.0% 0.00e+00 30 neoSimpleFoam.timeStep [region]
|-> 1.84e+00 sec 1.3% 100.0% 0.0% ------ 4004 computeGradTensorBoundaryReconstruct [for]
|   |-> 7.55e-01 sec 0.5% 100.0% 0.0% 0.0% 0.00e+00 1320 divlap.nonOrthCorr [region]
|   |   |-> 7.55e-01 sec 0.5% 100.0% 0.0% 0.0% 0.00e+00 1320 assemble.spatialImplicit [region]
|   |       |-> 7.55e-01 sec 0.5% 100.0% 0.0% 0.0% 0.00e+00 1320 momentum.assemble [region]
|   |           |-> 7.55e-01 sec 0.5% 100.0% 0.0% 0.0% 0.00e+00 1320 neoSimpleFoam.momentumPredictor [region]
|   |               |-> 7.55e-01 sec 0.5% 100.0% 0.0% 0.0% 0.00e+00 1320 neoSimpleFoam.timeStep [region]
|   |-> 6.45e-01 sec 0.4% 100.0% 0.0% 0.0% 0.00e+00 1320 clg.baseGrad [region]
|   |   |-> 6.45e-01 sec 0.4% 100.0% 0.0% 0.0% 0.00e+00 1320 luw.gradCompute [region]
|   |       |-> 6.45e-01 sec 0.4% 100.0% 0.0% 0.0% 0.00e+00 1320 divlap.deferredCorr [region]
|   |           |-> 6.45e-01 sec 0.4% 100.0% 0.0% 0.0% 0.00e+00 1320 assemble.spatialImplicit [region]
|   |               |-> 6.45e-01 sec 0.4% 100.0% 0.0% 0.0% 0.00e+00 1320 momentum.assemble [region]
|   |                   |-> 6.45e-01 sec 0.4% 100.0% 0.0% 0.0% 0.00e+00 1320 neoSimpleFoam.momentumPredictor [region]
|   |                       |-> 6.45e-01 sec 0.4% 100.0% 0.0% 0.0% 0.00e+00 1320 neoSimpleFoam.timeStep [region]
|   |-> 4.22e-01 sec 0.3% 100.0% 0.0% 0.0% 0.00e+00 1320 neoSimpleFoam.turbulenceCorrect [region]
|   |   |-> 4.22e-01 sec 0.3% 100.0% 0.0% 0.0% 0.00e+00 1320 neoSimpleFoam.timeStep [region]
|-> 1.83e+00 sec 1.2% 100.0% 0.0% ------ 91 computeGradTensorInternal [for]
|   |-> 7.47e-01 sec 0.5% 100.0% 0.0% 0.0% 0.00e+00 30 divlap.nonOrthCorr [region]
|   |   |-> 7.47e-01 sec 0.5% 100.0% 0.0% 0.0% 0.00e+00 30 assemble.spatialImplicit [region]
|   |       |-> 7.47e-01 sec 0.5% 100.0% 0.0% 0.0% 0.00e+00 30 momentum.assemble [region]
|   |           |-> 7.47e-01 sec 0.5% 100.0% 0.0% 0.0% 0.00e+00 30 neoSimpleFoam.momentumPredictor [region]
|   |               |-> 7.47e-01 sec 0.5% 100.0% 0.0% 0.0% 0.00e+00 30 neoSimpleFoam.timeStep [region]
|   |-> 6.50e-01 sec 0.4% 100.0% 0.0% 0.0% 0.00e+00 30 neoSimpleFoam.turbulenceCorrect [region]
|   |   |-> 6.50e-01 sec 0.4% 100.0% 0.0% 0.0% 0.00e+00 30 neoSimpleFoam.timeStep [region]
|   |-> 4.09e-01 sec 0.3% 100.0% 0.0% 0.0% 0.00e+00 30 clg.baseGrad [region]
|   |   |-> 4.09e-01 sec 0.3% 100.0% 0.0% 0.0% 0.00e+00 30 luw.gradCompute [region]
|   |       |-> 4.09e-01 sec 0.3% 100.0% 0.0% 0.0% 0.00e+00 30 divlap.deferredCorr [region]
|   |           |-> 4.09e-01 sec 0.3% 100.0% 0.0% 0.0% 0.00e+00 30 assemble.spatialImplicit [region]
|   |               |-> 4.09e-01 sec 0.3% 100.0% 0.0% 0.0% 0.00e+00 30 momentum.assemble [region]
|   |                   |-> 4.09e-01 sec 0.3% 100.0% 0.0% 0.0% 0.00e+00 30 neoSimpleFoam.momentumPredictor [region]
|   |                       |-> 4.09e-01 sec 0.3% 100.0% 0.0% 0.0% 0.00e+00 30 neoSimpleFoam.timeStep [region]
|-> 1.36e+00 sec 0.9% 0.0% 0.0% 0.0% 0.00e+00 30 luw.gradOpCtor [region]
|   |-> 1.36e+00 sec 0.9% 0.0% 0.0% 0.0% 0.00e+00 30 divlap.deferredCorr [region]
|       |-> 1.36e+00 sec 0.9% 0.0% 0.0% 0.0% 0.00e+00 30 assemble.spatialImplicit [region]
|           |-> 1.36e+00 sec 0.9% 0.0% 0.0% 0.0% 0.00e+00 30 momentum.assemble [region]
|               |-> 1.36e+00 sec 0.9% 0.0% 0.0% 0.0% 0.00e+00 30 neoSimpleFoam.momentumPredictor [region]
|                   |-> 1.36e+00 sec 0.9% 0.0% 0.0% 0.0% 0.00e+00 30 neoSimpleFoam.timeStep [region]
|-> 1.29e+00 sec 0.9% 100.0% 0.0% ------ 3102 parallelFor [for]
|   |-> 7.85e-01 sec 0.5% 100.0% 0.0% 0.0% 0.00e+00 2100 neoSimpleFoam.pressureCorrector [region]
|   |   |-> 7.85e-01 sec 0.5% 100.0% 0.0% 0.0% 0.00e+00 2100 neoSimpleFoam.timeStep [region]
|   |-> 1.50e-01 sec 0.1% 100.0% 0.0% 0.0% 0.00e+00 240 assemble.explicitSource [region]
|-> 1.10e+00 sec 0.7% 100.0% 0.0% ------ 4954 setGradientValue [for]
|   |-> 3.60e-01 sec 0.2% 100.0% 0.0% 0.0% 0.00e+00 1590 neoSimpleFoam.pressureCorrector [region]
|   |   |-> 3.60e-01 sec 0.2% 100.0% 0.0% 0.0% 0.00e+00 1590 neoSimpleFoam.timeStep [region]
|   |-> 3.57e-01 sec 0.2% 100.0% 0.0% 0.0% 0.00e+00 1560 neoSimpleFoam.pressureCorrector.pEqn [region]
|   |   |-> 3.57e-01 sec 0.2% 100.0% 0.0% 0.0% 0.00e+00 1560 neoSimpleFoam.pressureCorrector [region]
|   |       |-> 3.57e-01 sec 0.2% 100.0% 0.0% 0.0% 0.00e+00 1560 neoSimpleFoam.timeStep [region]
|   |-> 3.50e-01 sec 0.2% 100.0% 0.0% 0.0% 0.00e+00 1590 neoSimpleFoam.turbulenceCorrect [region]
|   |   |-> 3.50e-01 sec 0.2% 100.0% 0.0% 0.0% 0.00e+00 1590 neoSimpleFoam.timeStep [region]
|-> 1.01e+00 sec 0.7% 100.0% 0.0% ------ 2440 computeGradBoundaryFixedValue [for]
|   |-> 5.19e-01 sec 0.4% 100.0% 0.0% 0.0% 0.00e+00 1200 neoSimpleFoam.turbulenceCorrect [region]
|   |   |-> 5.19e-01 sec 0.4% 100.0% 0.0% 0.0% 0.00e+00 1200 neoSimpleFoam.timeStep [region]
|   |-> 4.82e-01 sec 0.3% 100.0% 0.0% 0.0% 0.00e+00 1200 assemble.spatialImplicit [region]
|   |   |-> 4.82e-01 sec 0.3% 100.0% 0.0% 0.0% 0.00e+00 1200 neoSimpleFoam.turbulenceCorrect [region]
|   |       |-> 4.82e-01 sec 0.3% 100.0% 0.0% 0.0% 0.00e+00 1200 neoSimpleFoam.timeStep [region]
|-> 7.58e-01 sec 0.5% 0.0% 0.0% 0.0% 0.00e+00 120 assemble.spatialImplicit [region]
|   |-> 5.38e-01 sec 0.4% 0.0% 0.0% 0.0% 0.00e+00 60 neoSimpleFoam.turbulenceCorrect [region]
|   |   |-> 5.38e-01 sec 0.4% 0.0% 0.0% 0.0% 0.00e+00 60 neoSimpleFoam.timeStep [region]
|   |-> 2.20e-01 sec 0.1% 0.0% 0.0% 0.0% 0.00e+00 30 neoSimpleFoam.pressureCorrector.pEqn [region]
|   |   |-> 2.20e-01 sec 0.1% 0.0% 0.0% 0.0% 0.00e+00 30 neoSimpleFoam.pressureCorrector [region]
|   |       |-> 2.20e-01 sec 0.1% 0.0% 0.0% 0.0% 0.00e+00 30 neoSimpleFoam.timeStep [region]
|-> 5.77e-01 sec 0.4% 100.0% 0.0% ------ 554 computeLinearInterpolationInternal [for]
|   |-> 2.09e-01 sec 0.1% 100.0% 0.0% 0.0% 0.00e+00 218 neoSimpleFoam.turbulenceCorrect [region]
|   |   |-> 2.09e-01 sec 0.1% 100.0% 0.0% 0.0% 0.00e+00 218 neoSimpleFoam.timeStep [region]
|-> 4.99e-01 sec 0.3% 100.0% 0.0% ------ 30 addDivCorrectionToRhs [for]
|   |-> 4.99e-01 sec 0.3% 100.0% 0.0% 0.0% 0.00e+00 30 divlap.deferredCorr [region]
|       |-> 4.99e-01 sec 0.3% 100.0% 0.0% 0.0% 0.00e+00 30 assemble.spatialImplicit [region]
|           |-> 4.99e-01 sec 0.3% 100.0% 0.0% 0.0% 0.00e+00 30 momentum.assemble [region]
|               |-> 4.99e-01 sec 0.3% 100.0% 0.0% 0.0% 0.00e+00 30 neoSimpleFoam.momentumPredictor [region]
|                   |-> 4.99e-01 sec 0.3% 100.0% 0.0% 0.0% 0.00e+00 30 neoSimpleFoam.timeStep [region]
|-> 4.88e-01 sec 0.3% 100.0% 0.0% ------ 1530 kOmegaSST::omegaWFGFeedback [for]
|   |-> 4.88e-01 sec 0.3% 100.0% 0.0% 0.0% 0.00e+00 1530 neoSimpleFoam.turbulenceCorrect [region]
|       |-> 4.88e-01 sec 0.3% 100.0% 0.0% 0.0% 0.00e+00 1530 neoSimpleFoam.timeStep [region]
|-> 4.63e-01 sec 0.3% 100.0% 0.0% ------ 120 computeLaplacianImplicitCorrection [for]
|   |-> 3.38e-01 sec 0.2% 100.0% 0.0% 0.0% 0.00e+00 30 divlap.nonOrthCorr [region]
|   |   |-> 3.38e-01 sec 0.2% 100.0% 0.0% 0.0% 0.00e+00 30 assemble.spatialImplicit [region]
|   |       |-> 3.38e-01 sec 0.2% 100.0% 0.0% 0.0% 0.00e+00 30 momentum.assemble [region]
|   |           |-> 3.38e-01 sec 0.2% 100.0% 0.0% 0.0% 0.00e+00 30 neoSimpleFoam.momentumPredictor [region]
|   |               |-> 3.38e-01 sec 0.2% 100.0% 0.0% 0.0% 0.00e+00 30 neoSimpleFoam.timeStep [region]
|-> 4.60e-01 sec 0.3% 0.0% 0.0% 0.0% 0.00e+00 30 luw.applyCorr [region]
|   |-> 4.60e-01 sec 0.3% 0.0% 0.0% 0.0% 0.00e+00 30 divlap.deferredCorr [region]
|       |-> 4.60e-01 sec 0.3% 0.0% 0.0% 0.0% 0.00e+00 30 assemble.spatialImplicit [region]
|           |-> 4.60e-01 sec 0.3% 0.0% 0.0% 0.0% 0.00e+00 30 momentum.assemble [region]
|               |-> 4.60e-01 sec 0.3% 0.0% 0.0% 0.0% 0.00e+00 30 neoSimpleFoam.momentumPredictor [region]
|                   |-> 4.60e-01 sec 0.3% 0.0% 0.0% 0.0% 0.00e+00 30 neoSimpleFoam.timeStep [region]
|-> 4.54e-01 sec 0.3% 100.0% 0.0% ------ 90 computeLocalGaussGreenDivLaplacianCoefficients [for]
|   |-> 2.80e-01 sec 0.2% 100.0% 0.0% 0.0% 0.00e+00 60 assemble.spatialImplicit [region]
|   |   |-> 2.80e-01 sec 0.2% 100.0% 0.0% 0.0% 0.00e+00 60 neoSimpleFoam.turbulenceCorrect [region]
|   |       |-> 2.80e-01 sec 0.2% 100.0% 0.0% 0.0% 0.00e+00 60 neoSimpleFoam.timeStep [region]
|   |-> 1.74e-01 sec 0.1% 100.0% 0.0% 0.0% 0.00e+00 30 divlap.matrixCoeffs [region]
|       |-> 1.74e-01 sec 0.1% 100.0% 0.0% 0.0% 0.00e+00 30 assemble.spatialImplicit [region]
|           |-> 1.74e-01 sec 0.1% 100.0% 0.0% 0.0% 0.00e+00 30 momentum.assemble [region]
|               |-> 1.74e-01 sec 0.1% 100.0% 0.0% 0.0% 0.00e+00 30 neoSimpleFoam.momentumPredictor [region]
|                   |-> 1.74e-01 sec 0.1% 100.0% 0.0% 0.0% 0.00e+00 30 neoSimpleFoam.timeStep [region]
|-> 4.05e-01 sec 0.3% 0.0% 0.0% -0.0% 0.00e+00 150 assemble.explicitSource [region]
|   |-> 2.35e-01 sec 0.2% 0.0% 0.0% 0.0% 0.00e+00 30 momentum.assemble [region]
|   |   |-> 2.35e-01 sec 0.2% 0.0% 0.0% 0.0% 0.00e+00 30 neoSimpleFoam.momentumPredictor [region]
|   |       |-> 2.35e-01 sec 0.2% 0.0% 0.0% 0.0% 0.00e+00 30 neoSimpleFoam.timeStep [region]
|   |-> 1.61e-01 sec 0.1% 0.0% 0.0% 0.0% 0.00e+00 30 neoSimpleFoam.momentumPredictor [region]
|   |   |-> 1.61e-01 sec 0.1% 0.0% 0.0% 0.0% 0.00e+00 30 neoSimpleFoam.timeStep [region]
|-> 3.95e-01 sec 0.3% 100.0% 0.0% ------ 1445 setFixedValueVolume [for]
|   |-> 3.70e-01 sec 0.3% 100.0% 0.0% 0.0% 0.00e+00 1230 neoSimpleFoam.pressureCorrector [region]
|   |   |-> 3.70e-01 sec 0.3% 100.0% 0.0% 0.0% 0.00e+00 1230 neoSimpleFoam.timeStep [region]
|-> 3.81e-01 sec 0.3% 100.0% 0.0% ------ 1581 setNutUSpaldingWallFunction [for]
|   |-> 3.69e-01 sec 0.3% 100.0% 0.0% 0.0% 0.00e+00 1530 neoSimpleFoam.turbulenceCorrect [region]
|   |   |-> 3.69e-01 sec 0.3% 100.0% 0.0% 0.0% 0.00e+00 1530 neoSimpleFoam.timeStep [region]
|-> 3.50e-01 sec 0.2% 100.0% 0.0% ------ 1302 updateProcBoundaryOwnerValue [for]
|   |-> 1.90e-01 sec 0.1% 100.0% 0.0% 0.0% 0.00e+00 720 neoSimpleFoam.pressureCorrector [region]
|   |   |-> 1.90e-01 sec 0.1% 100.0% 0.0% 0.0% 0.00e+00 720 neoSimpleFoam.timeStep [region]
|-> 3.50e-01 sec 0.2% 100.0% 0.0% ------ 1530 setOmegaWallFunction [for]
|   |-> 3.50e-01 sec 0.2% 100.0% 0.0% 0.0% 0.00e+00 1530 neoSimpleFoam.turbulenceCorrect [region]
|       |-> 3.50e-01 sec 0.2% 100.0% 0.0% 0.0% 0.00e+00 1530 neoSimpleFoam.timeStep [region]
|-> 3.38e-01 sec 0.2% 0.0% 0.0% 0.0% 0.00e+00 120 ginkgo.createMtx [region]
|   |-> 1.66e-01 sec 0.1% 0.0% 0.0% 0.0% 0.00e+00 60 neoSimpleFoam.turbulenceCorrect [region]
|   |   |-> 1.66e-01 sec 0.1% 0.0% 0.0% 0.0% 0.00e+00 60 neoSimpleFoam.timeStep [region]
|-> 3.20e-01 sec 0.2% 100.0% 0.0% ------ 554 computeLinearInterpolationBoundary [for]
|-> 3.12e-01 sec 0.2% 0.0% 0.0% 0.0% 0.00e+00 30 divlap.nonOrthCorr [region]
|   |-> 3.12e-01 sec 0.2% 0.0% 0.0% 0.0% 0.00e+00 30 assemble.spatialImplicit [region]
|       |-> 3.12e-01 sec 0.2% 0.0% 0.0% 0.0% 0.00e+00 30 momentum.assemble [region]
|           |-> 3.12e-01 sec 0.2% 0.0% 0.0% 0.0% 0.00e+00 30 neoSimpleFoam.momentumPredictor [region]
|               |-> 3.12e-01 sec 0.2% 0.0% 0.0% 0.0% 0.00e+00 30 neoSimpleFoam.timeStep [region]
|-> 3.09e-01 sec 0.2% 100.0% 0.0% ------ 272 computeGradBoundary [for]
|-> 2.71e-01 sec 0.2% 100.0% 0.0% ------ 554 computeLinearInterpolationProcBoundary [for]
|-> 2.59e-01 sec 0.2% 100.0% 0.0% ------ 91 computeGradTensorCells [for]
|-> 2.56e-01 sec 0.2% 100.0% 0.0% ------ 858 setProcBoundaryCoefficients [for]
|   |-> 1.63e-01 sec 0.1% 100.0% 0.0% 0.0% 0.00e+00 540 neoSimpleFoam.pressureCorrector [region]
|   |   |-> 1.63e-01 sec 0.1% 100.0% 0.0% 0.0% 0.00e+00 540 neoSimpleFoam.timeStep [region]
|-> 2.39e-01 sec 0.2% 100.0% 0.0% ------ 272 computeGradCells [for]
|-> 2.28e-01 sec 0.2% 100.0% 0.0% ------ 432 setContainer [for]
|-> 2.19e-01 sec 0.1% 0.0% 0.0% 0.0% 0.00e+00 30 luw.gradAlloc [region]
|   |-> 2.19e-01 sec 0.1% 0.0% 0.0% 0.0% 0.00e+00 30 divlap.deferredCorr [region]
|       |-> 2.19e-01 sec 0.1% 0.0% 0.0% 0.0% 0.00e+00 30 assemble.spatialImplicit [region]
|           |-> 2.19e-01 sec 0.1% 0.0% 0.0% 0.0% 0.00e+00 30 momentum.assemble [region]
|               |-> 2.19e-01 sec 0.1% 0.0% 0.0% 0.0% 0.00e+00 30 neoSimpleFoam.momentumPredictor [region]
|                   |-> 2.19e-01 sec 0.1% 0.0% 0.0% 0.0% 0.00e+00 30 neoSimpleFoam.timeStep [region]
|-> 1.89e-01 sec 0.1% 100.0% 0.0% ------ 272 computeProcGradBoundary [for]
|-> 1.79e-01 sec 0.1% 0.0% 0.0% 0.0% 0.00e+00 30 divlap.deferredCorr [region]
|   |-> 1.79e-01 sec 0.1% 0.0% 0.0% 0.0% 0.00e+00 30 assemble.spatialImplicit [region]
|       |-> 1.79e-01 sec 0.1% 0.0% 0.0% 0.0% 0.00e+00 30 momentum.assemble [region]
|           |-> 1.79e-01 sec 0.1% 0.0% 0.0% 0.0% 0.00e+00 30 neoSimpleFoam.momentumPredictor [region]
|               |-> 1.79e-01 sec 0.1% 0.0% 0.0% 0.0% 0.00e+00 30 neoSimpleFoam.timeStep [region]
|-> 1.74e-01 sec 0.1% 100.0% 0.0% ------ 30 divDevReff::internal [for]
|   |-> 1.74e-01 sec 0.1% 100.0% 0.0% 0.0% 0.00e+00 30 assemble.explicitSource [region]
|       |-> 1.74e-01 sec 0.1% 100.0% 0.0% 0.0% 0.00e+00 30 momentum.assemble [region]
|           |-> 1.74e-01 sec 0.1% 100.0% 0.0% 0.0% 0.00e+00 30 neoSimpleFoam.momentumPredictor [region]
|               |-> 1.74e-01 sec 0.1% 100.0% 0.0% 0.0% 0.00e+00 30 neoSimpleFoam.timeStep [region]
|-> 1.62e-01 sec 0.1% 100.0% 0.0% ------ 90 BoundedDiv::applyBoundedDiagInternal [for]
|-> 1.61e-01 sec 0.1% 100.0% 0.0% ------ 30 computeLocalLaplacianCoefficients [for]
|   |-> 1.61e-01 sec 0.1% 100.0% 0.0% 0.0% 0.00e+00 30 assemble.spatialImplicit [region]
|       |-> 1.61e-01 sec 0.1% 100.0% 0.0% 0.0% 0.00e+00 30 neoSimpleFoam.pressureCorrector.pEqn [region]
|           |-> 1.61e-01 sec 0.1% 100.0% 0.0% 0.0% 0.00e+00 30 neoSimpleFoam.pressureCorrector [region]
|               |-> 1.61e-01 sec 0.1% 100.0% 0.0% 0.0% 0.00e+00 30 neoSimpleFoam.timeStep [region]

KOKKOS HOST SPACE:
===================
MAX MEMORY ALLOCATED: 1290469.1 kB
ALLOCATIONS AT TIME OF HIGH WATER MARK:
  29.9% neoSimpleFoam.timeStep/neoSimpleFoam.momentumPredictor/momentum.assemble/assemble.spatialImplicit/divlap.deferredCorr/luw.gradOpCtor/Vector
  29.9% neoSimpleFoam.timeStep/neoSimpleFoam.momentumPredictor/momentum.assemble/assemble.spatialImplicit/divlap.deferredCorr/luw.gradOpCtor/Vector
  15.5% neoSimpleFoam.timeStep/neoSimpleFoam.momentumPredictor/momentum.assemble/assemble.spatialImplicit/divlap.deferredCorr/luw.gradOpCtor/Vector
  14.9% neoSimpleFoam.timeStep/neoSimpleFoam.momentumPredictor/momentum.assemble/assemble.spatialImplicit/divlap.deferredCorr/luw.gradOpCtor/Vector
  4.9% neoSimpleFoam.timeStep/neoSimpleFoam.momentumPredictor/momentum.assemble/assemble.spatialImplicit/divlap.deferredCorr/luw.gradOpCtor/Vector
  4.9% neoSimpleFoam.timeStep/neoSimpleFoam.momentumPredictor/momentum.assemble/assemble.spatialImplicit/divlap.deferredCorr/luw.gradOpCtor/Vector

KOKKOS CUDA SPACE:
===================
MAX MEMORY ALLOCATED: 0.0 kB
ALLOCATIONS AT TIME OF HIGH WATER MARK:

KOKKOS HIP SPACE:
===================
MAX MEMORY ALLOCATED: 0.0 kB
ALLOCATIONS AT TIME OF HIGH WATER MARK:

KOKKOS SYCL SPACE:
===================
MAX MEMORY ALLOCATED: 0.0 kB
ALLOCATIONS AT TIME OF HIGH WATER MARK:

KOKKOS OpenMPTarget SPACE:
===================
MAX MEMORY ALLOCATED: 0.0 kB
ALLOCATIONS AT TIME OF HIGH WATER MARK:

Host process high water mark memory consumption: 14754316 kB

END KOKKOS PROFILING REPORT.
Finalising parallel run

BEGIN KOKKOS PROFILING REPORT:
TOTAL TIME: 147.254321644 seconds
TOP-DOWN TIME TREE:
<average time> <percent of total time> <percent time in Kokkos> <percent MPI imbalance> <remainder> <kernels per second> <number of calls> <name> [type]
===================
|-> 1.11e+02 sec 75.6% 6.9% 0.0% 0.0% 4.95e+02 30 neoSimpleFoam.timeStep [region]
|   |-> 6.95e+01 sec 47.2% 2.8% 0.0% 15.6% 3.96e+02 30 neoSimpleFoam.pressureCorrector [region]
|   |   |-> 5.72e+01 sec 38.9% 1.0% 0.0% 84.1% 8.10e+01 30 neoSimpleFoam.pressureCorrector.pEqn [region]
|   |   |   |-> 8.40e+00 sec 5.7% 0.0% 0.0% 100.0% 0.00e+00 30 ginkgo.solverSetup [region]
|   |   |   |-> 4.84e-01 sec 0.3% 92.4% 0.0% 7.6% 4.71e+03 30 assemble.spatialImplicit [region]
|   |   |   |   |-> 2.41e-01 sec 0.2% 100.0% 0.0% ------ 30 computeGradInternal [for]
|   |   |-> 7.24e-01 sec 0.5% 100.0% 0.0% ------ 90 computeGradInternal [for]
|   |   |-> 1.81e-01 sec 0.1% 100.0% 0.0% ------ 3420 fill [for]
|   |-> 2.19e+01 sec 14.9% 14.2% 0.0% 47.9% 3.09e+02 30 neoSimpleFoam.momentumPredictor [region]
|   |   |-> 8.87e+00 sec 6.0% 31.2% 0.0% 0.0% 6.97e+02 30 momentum.assemble [region]
|   |   |   |-> 8.43e+00 sec 5.7% 28.2% 0.0% 0.0% 6.13e+02 30 assemble.spatialImplicit [region]
|   |   |   |   |-> 7.26e+00 sec 4.9% 17.7% 0.0% 0.3% 3.85e+02 30 divlap.deferredCorr [region]
|   |   |   |   |   |-> 4.57e+00 sec 3.1% 1.2% 0.0% 98.8% 5.90e+01 30 luw.applyCorr [region]
|   |   |   |   |   |-> 1.39e+00 sec 0.9% 1.4% 0.0% 98.6% 2.16e+00 30 luw.gradOpCtor [region]
|   |   |   |   |   |-> 7.77e-01 sec 0.5% 96.3% 0.0% 0.0% 2.66e+03 30 luw.gradCompute [region]
|   |   |   |   |   |   |-> 5.70e-01 sec 0.4% 95.2% 0.0% 4.8% 3.05e+03 30 clg.baseGrad [region]
|   |   |   |   |   |   |   |-> 3.41e-01 sec 0.2% 100.0% 0.0% ------ 30 computeGradTensorInternal [for]
|   |   |   |   |   |   |-> 2.07e-01 sec 0.1% 99.5% 0.0% 0.5% 1.59e+03 30 clg.limiter [region]
|   |   |   |   |   |-> 2.88e-01 sec 0.2% 100.0% 0.0% ------ 30 addDivCorrectionToRhs [for]
|   |   |   |   |   |-> 1.76e-01 sec 0.1% 84.8% 0.0% 15.2% 1.19e+03 30 luw.gradAlloc [region]
|   |   |   |   |   |   |-> 1.50e-01 sec 0.1% 100.0% 0.0% ------ 210 fill [for]
|   |   |   |   |-> 1.03e+00 sec 0.7% 92.1% 0.0% 7.9% 2.12e+03 30 divlap.nonOrthCorr [region]
|   |   |   |   |   |-> 3.41e-01 sec 0.2% 100.0% 0.0% ------ 30 computeGradTensorInternal [for]
|   |   |   |   |   |-> 2.54e-01 sec 0.2% 100.0% 0.0% ------ 30 computeLaplacianImplicitCorrection [for]
|   |   |   |   |   |-> 2.04e-01 sec 0.1% 100.0% 0.0% ------ 601 fill [for]
|   |   |   |-> 3.76e-01 sec 0.3% 87.6% 0.0% 12.4% 2.24e+03 30 assemble.explicitSource [region]
|   |   |-> 1.97e+00 sec 1.3% 1.2% 0.0% 98.8% 1.37e+01 30 momentum.construct [region]
|   |   |-> 3.36e-01 sec 0.2% 94.7% 0.0% 5.3% 1.52e+03 30 assemble.explicitSource [region]
|   |   |   |-> 2.40e-01 sec 0.2% 100.0% 0.0% ------ 30 computeGradInternal [for]
|   |-> 1.80e+01 sec 12.2% 14.3% 0.0% 82.4% 1.16e+03 30 neoSimpleFoam.turbulenceCorrect [region]
|   |   |-> 1.11e+00 sec 0.8% 92.4% 0.0% 7.6% 4.31e+03 60 assemble.spatialImplicit [region]
|   |   |   |-> 4.81e-01 sec 0.3% 100.0% 0.0% ------ 60 computeGradInternal [for]
|   |   |   |-> 1.56e-01 sec 0.1% 100.0% 0.0% ------ 60 computeLocalGaussGreenDivLaplacianCoefficients [for]
|   |   |-> 4.81e-01 sec 0.3% 100.0% 0.0% ------ 60 computeGradInternal [for]
|   |   |-> 3.41e-01 sec 0.2% 100.0% 0.0% ------ 30 computeGradTensorInternal [for]
|   |   |-> 2.86e-01 sec 0.2% 0.3% 0.0% 99.7% 2.45e+02 60 ginkgo.createMtx [region]
|   |   |-> 2.26e-01 sec 0.2% 0.0% 0.0% 100.0% 0.00e+00 60 ginkgo.solverSetup [region]
|   |   |-> 1.81e-01 sec 0.1% 100.0% 0.0% ------ 1316 fill [for]
|   |-> 1.95e+00 sec 1.3% 0.0% 0.0% 100.0% 0.00e+00 30 neoSimpleFoam.write [region]
|-> 3.34e+01 sec 22.7% 0.2% 0.0% 99.8% 2.99e+01 1 neoSimpleFoam.setup [region]

BOTTOM-UP TIME TREE:
<average time> <percent of total time> <percent time in Kokkos> <percent MPI imbalance> <number of calls> <name> [type]
===================
|-> 4.81e+01 sec 32.7% 0.0% 0.0% 0.0% 0.00e+00 30 neoSimpleFoam.pressureCorrector.pEqn [region]
|   |-> 4.81e+01 sec 32.7% 0.0% 0.0% 0.0% 0.00e+00 30 neoSimpleFoam.pressureCorrector [region]
|       |-> 4.81e+01 sec 32.7% 0.0% 0.0% 0.0% 0.00e+00 30 neoSimpleFoam.timeStep [region]
|-> 3.34e+01 sec 22.7% 0.0% 0.0% 0.0% 0.00e+00 1 neoSimpleFoam.setup [region]
|-> 1.48e+01 sec 10.1% 0.0% 0.0% 0.0% 0.00e+00 30 neoSimpleFoam.turbulenceCorrect [region]
|   |-> 1.48e+01 sec 10.1% 0.0% 0.0% 0.0% 0.00e+00 30 neoSimpleFoam.timeStep [region]
|-> 1.08e+01 sec 7.4% 0.0% 0.0% 0.0% 0.00e+00 30 neoSimpleFoam.pressureCorrector [region]
|   |-> 1.08e+01 sec 7.4% 0.0% 0.0% 0.0% 0.00e+00 30 neoSimpleFoam.timeStep [region]
|-> 1.05e+01 sec 7.1% 0.0% 0.0% 0.0% 0.00e+00 30 neoSimpleFoam.momentumPredictor [region]
|   |-> 1.05e+01 sec 7.1% 0.0% 0.0% 0.0% 0.00e+00 30 neoSimpleFoam.timeStep [region]
|-> 8.74e+00 sec 5.9% 0.0% 0.0% 0.0% 0.00e+00 120 ginkgo.solverSetup [region]
|   |-> 8.40e+00 sec 5.7% 0.0% 0.0% 0.0% 0.00e+00 30 neoSimpleFoam.pressureCorrector.pEqn [region]
|   |   |-> 8.40e+00 sec 5.7% 0.0% 0.0% 0.0% 0.00e+00 30 neoSimpleFoam.pressureCorrector [region]
|   |       |-> 8.40e+00 sec 5.7% 0.0% 0.0% 0.0% 0.00e+00 30 neoSimpleFoam.timeStep [region]
|   |-> 2.26e-01 sec 0.2% 0.0% 0.0% 0.0% 0.00e+00 60 neoSimpleFoam.turbulenceCorrect [region]
|   |   |-> 2.26e-01 sec 0.2% 0.0% 0.0% 0.0% 0.00e+00 60 neoSimpleFoam.timeStep [region]
|-> 4.52e+00 sec 3.1% 0.0% 0.0% 0.0% 0.00e+00 30 luw.applyCorr [region]
|   |-> 4.52e+00 sec 3.1% 0.0% 0.0% 0.0% 0.00e+00 30 divlap.deferredCorr [region]
|       |-> 4.52e+00 sec 3.1% 0.0% 0.0% 0.0% 0.00e+00 30 assemble.spatialImplicit [region]
|           |-> 4.52e+00 sec 3.1% 0.0% 0.0% 0.0% 0.00e+00 30 momentum.assemble [region]
|               |-> 4.52e+00 sec 3.1% 0.0% 0.0% 0.0% 0.00e+00 30 neoSimpleFoam.momentumPredictor [region]
|                   |-> 4.52e+00 sec 3.1% 0.0% 0.0% 0.0% 0.00e+00 30 neoSimpleFoam.timeStep [region]
|-> 2.18e+00 sec 1.5% 100.0% 0.0% ------ 272 computeGradInternal [for]
|   |-> 7.24e-01 sec 0.5% 100.0% 0.0% 0.0% 0.00e+00 90 neoSimpleFoam.pressureCorrector [region]
|   |   |-> 7.24e-01 sec 0.5% 100.0% 0.0% 0.0% 0.00e+00 90 neoSimpleFoam.timeStep [region]
|   |-> 7.22e-01 sec 0.5% 100.0% 0.0% 0.0% 0.00e+00 90 assemble.spatialImplicit [region]
|   |   |-> 4.81e-01 sec 0.3% 100.0% 0.0% 0.0% 0.00e+00 60 neoSimpleFoam.turbulenceCorrect [region]
|   |   |   |-> 4.81e-01 sec 0.3% 100.0% 0.0% 0.0% 0.00e+00 60 neoSimpleFoam.timeStep [region]
|   |   |-> 2.41e-01 sec 0.2% 100.0% 0.0% 0.0% 0.00e+00 30 neoSimpleFoam.pressureCorrector.pEqn [region]
|   |       |-> 2.41e-01 sec 0.2% 100.0% 0.0% 0.0% 0.00e+00 30 neoSimpleFoam.pressureCorrector [region]
|   |           |-> 2.41e-01 sec 0.2% 100.0% 0.0% 0.0% 0.00e+00 30 neoSimpleFoam.timeStep [region]
|   |-> 4.81e-01 sec 0.3% 100.0% 0.0% 0.0% 0.00e+00 60 neoSimpleFoam.turbulenceCorrect [region]
|   |   |-> 4.81e-01 sec 0.3% 100.0% 0.0% 0.0% 0.00e+00 60 neoSimpleFoam.timeStep [region]
|   |-> 2.40e-01 sec 0.2% 100.0% 0.0% 0.0% 0.00e+00 30 assemble.explicitSource [region]
|   |   |-> 2.40e-01 sec 0.2% 100.0% 0.0% 0.0% 0.00e+00 30 neoSimpleFoam.momentumPredictor [region]
|   |       |-> 2.40e-01 sec 0.2% 100.0% 0.0% 0.0% 0.00e+00 30 neoSimpleFoam.timeStep [region]
|-> 1.95e+00 sec 1.3% 0.0% 0.0% 0.0% 0.00e+00 30 neoSimpleFoam.write [region]
|   |-> 1.95e+00 sec 1.3% 0.0% 0.0% 0.0% 0.00e+00 30 neoSimpleFoam.timeStep [region]
|-> 1.94e+00 sec 1.3% 0.0% 0.0% 0.0% 0.00e+00 30 momentum.construct [region]
|   |-> 1.94e+00 sec 1.3% 0.0% 0.0% 0.0% 0.00e+00 30 neoSimpleFoam.momentumPredictor [region]
|       |-> 1.94e+00 sec 1.3% 0.0% 0.0% 0.0% 0.00e+00 30 neoSimpleFoam.timeStep [region]
|-> 1.37e+00 sec 0.9% 0.0% 0.0% 0.0% 0.00e+00 30 luw.gradOpCtor [region]
|   |-> 1.37e+00 sec 0.9% 0.0% 0.0% 0.0% 0.00e+00 30 divlap.deferredCorr [region]
|       |-> 1.37e+00 sec 0.9% 0.0% 0.0% 0.0% 0.00e+00 30 assemble.spatialImplicit [region]
|           |-> 1.37e+00 sec 0.9% 0.0% 0.0% 0.0% 0.00e+00 30 momentum.assemble [region]
|               |-> 1.37e+00 sec 0.9% 0.0% 0.0% 0.0% 0.00e+00 30 neoSimpleFoam.momentumPredictor [region]
|                   |-> 1.37e+00 sec 0.9% 0.0% 0.0% 0.0% 0.00e+00 30 neoSimpleFoam.timeStep [region]
|-> 1.20e+00 sec 0.8% 100.0% 0.0% ------ 9369 fill [for]
|   |-> 2.04e-01 sec 0.1% 100.0% 0.0% 0.0% 0.00e+00 601 divlap.nonOrthCorr [region]
|   |   |-> 2.04e-01 sec 0.1% 100.0% 0.0% 0.0% 0.00e+00 601 assemble.spatialImplicit [region]
|   |       |-> 2.04e-01 sec 0.1% 100.0% 0.0% 0.0% 0.00e+00 601 momentum.assemble [region]
|   |           |-> 2.04e-01 sec 0.1% 100.0% 0.0% 0.0% 0.00e+00 601 neoSimpleFoam.momentumPredictor [region]
|   |               |-> 2.04e-01 sec 0.1% 100.0% 0.0% 0.0% 0.00e+00 601 neoSimpleFoam.timeStep [region]
|   |-> 1.81e-01 sec 0.1% 100.0% 0.0% 0.0% 0.00e+00 1316 neoSimpleFoam.turbulenceCorrect [region]
|   |   |-> 1.81e-01 sec 0.1% 100.0% 0.0% 0.0% 0.00e+00 1316 neoSimpleFoam.timeStep [region]
|   |-> 1.81e-01 sec 0.1% 100.0% 0.0% 0.0% 0.00e+00 3420 neoSimpleFoam.pressureCorrector [region]
|   |   |-> 1.81e-01 sec 0.1% 100.0% 0.0% 0.0% 0.00e+00 3420 neoSimpleFoam.timeStep [region]
|   |-> 1.50e-01 sec 0.1% 100.0% 0.0% 0.0% 0.00e+00 210 luw.gradAlloc [region]
|   |   |-> 1.50e-01 sec 0.1% 100.0% 0.0% 0.0% 0.00e+00 210 divlap.deferredCorr [region]
|   |       |-> 1.50e-01 sec 0.1% 100.0% 0.0% 0.0% 0.00e+00 210 assemble.spatialImplicit [region]
|   |           |-> 1.50e-01 sec 0.1% 100.0% 0.0% 0.0% 0.00e+00 210 momentum.assemble [region]
|   |               |-> 1.50e-01 sec 0.1% 100.0% 0.0% 0.0% 0.00e+00 210 neoSimpleFoam.momentumPredictor [region]
|   |                   |-> 1.50e-01 sec 0.1% 100.0% 0.0% 0.0% 0.00e+00 210 neoSimpleFoam.timeStep [region]
|-> 1.03e+00 sec 0.7% 100.0% 0.0% ------ 91 computeGradTensorInternal [for]
|   |-> 3.41e-01 sec 0.2% 100.0% 0.0% 0.0% 0.00e+00 30 neoSimpleFoam.turbulenceCorrect [region]
|   |   |-> 3.41e-01 sec 0.2% 100.0% 0.0% 0.0% 0.00e+00 30 neoSimpleFoam.timeStep [region]
|   |-> 3.41e-01 sec 0.2% 100.0% 0.0% 0.0% 0.00e+00 30 divlap.nonOrthCorr [region]
|   |   |-> 3.41e-01 sec 0.2% 100.0% 0.0% 0.0% 0.00e+00 30 assemble.spatialImplicit [region]
|   |       |-> 3.41e-01 sec 0.2% 100.0% 0.0% 0.0% 0.00e+00 30 momentum.assemble [region]
|   |           |-> 3.41e-01 sec 0.2% 100.0% 0.0% 0.0% 0.00e+00 30 neoSimpleFoam.momentumPredictor [region]
|   |               |-> 3.41e-01 sec 0.2% 100.0% 0.0% 0.0% 0.00e+00 30 neoSimpleFoam.timeStep [region]
|   |-> 3.41e-01 sec 0.2% 100.0% 0.0% 0.0% 0.00e+00 30 clg.baseGrad [region]
|   |   |-> 3.41e-01 sec 0.2% 100.0% 0.0% 0.0% 0.00e+00 30 luw.gradCompute [region]
|   |       |-> 3.41e-01 sec 0.2% 100.0% 0.0% 0.0% 0.00e+00 30 divlap.deferredCorr [region]
|   |           |-> 3.41e-01 sec 0.2% 100.0% 0.0% 0.0% 0.00e+00 30 assemble.spatialImplicit [region]
|   |               |-> 3.41e-01 sec 0.2% 100.0% 0.0% 0.0% 0.00e+00 30 momentum.assemble [region]
|   |                   |-> 3.41e-01 sec 0.2% 100.0% 0.0% 0.0% 0.00e+00 30 neoSimpleFoam.momentumPredictor [region]
|   |                       |-> 3.41e-01 sec 0.2% 100.0% 0.0% 0.0% 0.00e+00 30 neoSimpleFoam.timeStep [region]
|-> 5.44e-01 sec 0.4% 0.0% 0.0% 0.0% 0.00e+00 120 ginkgo.createMtx [region]
|   |-> 2.85e-01 sec 0.2% 0.0% 0.0% 0.0% 0.00e+00 60 neoSimpleFoam.turbulenceCorrect [region]
|   |   |-> 2.85e-01 sec 0.2% 0.0% 0.0% 0.0% 0.00e+00 60 neoSimpleFoam.timeStep [region]
|-> 3.27e-01 sec 0.2% 100.0% 0.0% ------ 120 computeLaplacianImplicitCorrection [for]
|   |-> 2.54e-01 sec 0.2% 100.0% 0.0% 0.0% 0.00e+00 30 divlap.nonOrthCorr [region]
|   |   |-> 2.54e-01 sec 0.2% 100.0% 0.0% 0.0% 0.00e+00 30 assemble.spatialImplicit [region]
|   |       |-> 2.54e-01 sec 0.2% 100.0% 0.0% 0.0% 0.00e+00 30 momentum.assemble [region]
|   |           |-> 2.54e-01 sec 0.2% 100.0% 0.0% 0.0% 0.00e+00 30 neoSimpleFoam.momentumPredictor [region]
|   |               |-> 2.54e-01 sec 0.2% 100.0% 0.0% 0.0% 0.00e+00 30 neoSimpleFoam.timeStep [region]
|-> 2.88e-01 sec 0.2% 100.0% 0.0% ------ 30 addDivCorrectionToRhs [for]
|   |-> 2.88e-01 sec 0.2% 100.0% 0.0% 0.0% 0.00e+00 30 divlap.deferredCorr [region]
|       |-> 2.88e-01 sec 0.2% 100.0% 0.0% 0.0% 0.00e+00 30 assemble.spatialImplicit [region]
|           |-> 2.88e-01 sec 0.2% 100.0% 0.0% 0.0% 0.00e+00 30 momentum.assemble [region]
|               |-> 2.88e-01 sec 0.2% 100.0% 0.0% 0.0% 0.00e+00 30 neoSimpleFoam.momentumPredictor [region]
|                   |-> 2.88e-01 sec 0.2% 100.0% 0.0% 0.0% 0.00e+00 30 neoSimpleFoam.timeStep [region]
|-> 2.57e-01 sec 0.2% 100.0% 0.0% ------ 554 computeLinearInterpolationInternal [for]
|-> 2.35e-01 sec 0.2% 100.0% 0.0% ------ 90 computeLocalGaussGreenDivLaplacianCoefficients [for]
|   |-> 1.56e-01 sec 0.1% 100.0% 0.0% 0.0% 0.00e+00 60 assemble.spatialImplicit [region]
|   |   |-> 1.56e-01 sec 0.1% 100.0% 0.0% 0.0% 0.00e+00 60 neoSimpleFoam.turbulenceCorrect [region]
|   |       |-> 1.56e-01 sec 0.1% 100.0% 0.0% 0.0% 0.00e+00 60 neoSimpleFoam.timeStep [region]
|-> 1.99e-01 sec 0.1% 100.0% 0.0% ------ 2668 parallelFor [for]
|-> 1.73e-01 sec 0.1% 100.0% 0.0% ------ 91 computeGradTensorCells [for]

KOKKOS HOST SPACE:
===================
MAX MEMORY ALLOCATED: 1290732.5 kB
ALLOCATIONS AT TIME OF HIGH WATER MARK:
  29.9% neoSimpleFoam.timeStep/neoSimpleFoam.momentumPredictor/momentum.assemble/assemble.spatialImplicit/divlap.deferredCorr/luw.gradOpCtor/Vector
  29.9% neoSimpleFoam.timeStep/neoSimpleFoam.momentumPredictor/momentum.assemble/assemble.spatialImplicit/divlap.deferredCorr/luw.gradOpCtor/Vector
  15.5% neoSimpleFoam.timeStep/neoSimpleFoam.momentumPredictor/momentum.assemble/assemble.spatialImplicit/divlap.deferredCorr/luw.gradOpCtor/Vector
  14.9% neoSimpleFoam.timeStep/neoSimpleFoam.momentumPredictor/momentum.assemble/assemble.spatialImplicit/divlap.deferredCorr/luw.gradOpCtor/Vector
  4.9% neoSimpleFoam.timeStep/neoSimpleFoam.momentumPredictor/momentum.assemble/assemble.spatialImplicit/divlap.deferredCorr/luw.gradOpCtor/Vector
  4.9% neoSimpleFoam.timeStep/neoSimpleFoam.momentumPredictor/momentum.assemble/assemble.spatialImplicit/divlap.deferredCorr/luw.gradOpCtor/Vector

KOKKOS CUDA SPACE:
===================
MAX MEMORY ALLOCATED: 0.0 kB
ALLOCATIONS AT TIME OF HIGH WATER MARK:

KOKKOS HIP SPACE:
===================
MAX MEMORY ALLOCATED: 0.0 kB
ALLOCATIONS AT TIME OF HIGH WATER MARK:

KOKKOS SYCL SPACE:
===================
MAX MEMORY ALLOCATED: 0.0 kB
ALLOCATIONS AT TIME OF HIGH WATER MARK:

KOKKOS OpenMPTarget SPACE:
===================
MAX MEMORY ALLOCATED: 0.0 kB
ALLOCATIONS AT TIME OF HIGH WATER MARK:

Host process high water mark memory consumption: 14727700 kB

END KOKKOS PROFILING REPORT.

BEGIN KOKKOS PROFILING REPORT:
TOTAL TIME: 147.369918605 seconds
TOP-DOWN TIME TREE:
<average time> <percent of total time> <percent time in Kokkos> <percent MPI imbalance> <remainder> <kernels per second> <number of calls> <name> [type]
===================
|-> 1.12e+02 sec 75.8% 22.6% 0.0% 0.0% 4.43e+02 30 neoSimpleFoam.timeStep [region]
|   |-> 6.94e+01 sec 47.1% 12.9% 0.0% 7.4% 3.62e+02 30 neoSimpleFoam.pressureCorrector [region]
|   |   |-> 5.72e+01 sec 38.8% 3.4% 0.0% 77.2% 7.31e+01 30 neoSimpleFoam.pressureCorrector.pEqn [region]
|   |   |   |-> 1.08e+01 sec 7.3% 0.0% 0.0% 100.0% 0.00e+00 30 ginkgo.solverSetup [region]
|   |   |   |-> 1.61e+00 sec 1.1% 86.4% 0.0% 13.6% 1.08e+03 30 assemble.spatialImplicit [region]
|   |   |   |   |-> 5.08e-01 sec 0.3% 100.0% 0.0% ------ 30 computeGradInternal [for]
|   |   |   |   |-> 2.56e-01 sec 0.2% 100.0% 0.0% ------ 601 fill [for]
|   |   |   |   |-> 2.33e-01 sec 0.2% 100.0% 0.0% ------ 750 computeGradBoundaryRefGrad [for]
|   |   |   |   |-> 1.62e-01 sec 0.1% 100.0% 0.0% ------ 30 computeLocalLaplacianCoefficients [for]
|   |   |   |-> 1.93e-01 sec 0.1% 100.0% 0.0% ------ 1560 setGradientValue [for]
|   |   |-> 1.41e+00 sec 1.0% 100.0% 0.0% ------ 3660 fill [for]
|   |   |-> 1.29e+00 sec 0.9% 100.0% 0.0% ------ 90 computeGradInternal [for]
|   |   |-> 1.08e+00 sec 0.7% 100.0% 0.0% ------ 8250 extrapolateValue [for]
|   |   |-> 7.32e-01 sec 0.5% 100.0% 0.0% ------ 2250 computeGradBoundaryRefGrad [for]
|   |   |-> 5.88e-01 sec 0.4% 100.0% 0.0% ------ 1530 parallelFor [for]
|   |   |-> 2.18e-01 sec 0.1% 100.0% 0.0% ------ 660 setFixedValueVolume [for]
|   |   |-> 2.16e-01 sec 0.1% 100.0% 0.0% ------ 720 updateProcBoundaryOwnerValue [for]
|   |   |-> 2.02e-01 sec 0.1% 100.0% 0.0% ------ 1590 setGradientValue [for]
|   |   |-> 1.72e-01 sec 0.1% 100.0% 0.0% ------ 540 setProcBoundaryCoefficients [for]
|   |   |-> 1.55e-01 sec 0.1% 100.0% 0.0% ------ 150 computeLinearInterpolationInternal [for]
|   |-> 2.20e+01 sec 14.9% 34.3% 0.0% 39.9% 2.62e+02 30 neoSimpleFoam.momentumPredictor [region]
|   |   |-> 9.99e+00 sec 6.8% 67.1% 0.0% 0.0% 5.17e+02 30 momentum.assemble [region]
|   |   |   |-> 8.70e+00 sec 5.9% 65.0% 0.0% 0.0% 4.76e+02 30 assemble.spatialImplicit [region]
|   |   |   |   |-> 5.83e+00 sec 4.0% 53.0% 0.0% 1.4% 3.97e+02 30 divlap.deferredCorr [region]
|   |   |   |   |   |-> 2.07e+00 sec 1.4% 92.7% 0.0% 0.0% 7.40e+02 30 luw.gradCompute [region]
|   |   |   |   |   |   |-> 1.75e+00 sec 1.2% 91.5% 0.0% 8.5% 6.86e+02 30 clg.baseGrad [region]
|   |   |   |   |   |   |   |-> 6.97e-01 sec 0.5% 100.0% 0.0% ------ 780 computeGradTensorBoundaryReconstruct [for]
|   |   |   |   |   |   |   |-> 5.47e-01 sec 0.4% 100.0% 0.0% ------ 30 computeGradTensorInternal [for]
|   |   |   |   |   |   |   |-> 1.90e-01 sec 0.1% 100.0% 0.0% ------ 210 fill [for]
|   |   |   |   |   |   |-> 3.17e-01 sec 0.2% 99.7% 0.0% 0.3% 1.04e+03 30 clg.limiter [region]
|   |   |   |   |   |-> 1.41e+00 sec 1.0% 1.4% 0.0% 98.6% 2.13e+00 30 luw.gradOpCtor [region]
|   |   |   |   |   |-> 1.10e+00 sec 0.7% 12.0% 0.0% 88.0% 3.01e+02 30 luw.applyCorr [region]
|   |   |   |   |   |-> 6.01e-01 sec 0.4% 74.0% 0.0% 26.0% 3.50e+02 30 luw.gradAlloc [region]
|   |   |   |   |   |   |-> 4.44e-01 sec 0.3% 100.0% 0.0% ------ 210 fill [for]
|   |   |   |   |   |-> 4.36e-01 sec 0.3% 100.0% 0.0% ------ 30 addDivCorrectionToRhs [for]
|   |   |   |   |-> 2.46e+00 sec 1.7% 87.7% 0.0% 12.3% 6.70e+02 30 divlap.nonOrthCorr [region]
|   |   |   |   |   |-> 7.28e-01 sec 0.5% 100.0% 0.0% ------ 30 computeGradTensorInternal [for]
|   |   |   |   |   |-> 5.70e-01 sec 0.4% 100.0% 0.0% ------ 601 fill [for]
|   |   |   |   |   |-> 3.01e-01 sec 0.2% 100.0% 0.0% ------ 780 computeGradTensorBoundaryReconstruct [for]
|   |   |   |   |   |-> 2.91e-01 sec 0.2% 100.0% 0.0% ------ 30 computeLaplacianImplicitCorrection [for]
|   |   |   |   |-> 2.22e-01 sec 0.2% 99.8% 0.0% 0.2% 4.05e+02 30 divlap.matrixCoeffs [region]
|   |   |   |   |   |-> 1.66e-01 sec 0.1% 100.0% 0.0% ------ 30 computeLocalGaussGreenDivLaplacianCoefficients [for]
|   |   |   |   |-> 1.82e-01 sec 0.1% 99.8% 0.0% 0.2% 4.95e+02 30 divlap.bounded [region]
|   |   |   |-> 1.14e+00 sec 0.8% 79.1% 0.0% 20.9% 7.36e+02 30 assemble.explicitSource [region]
|   |   |   |   |-> 4.31e-01 sec 0.3% 100.0% 0.0% ------ 420 fill [for]
|   |   |   |   |-> 1.51e-01 sec 0.1% 100.0% 0.0% ------ 30 divDevReff::internal [for]
|   |   |-> 1.97e+00 sec 1.3% 1.4% 0.0% 98.6% 1.37e+01 30 momentum.construct [region]
|   |   |-> 9.01e-01 sec 0.6% 86.3% 0.0% 13.7% 5.66e+02 30 assemble.explicitSource [region]
|   |   |   |-> 3.60e-01 sec 0.2% 100.0% 0.0% ------ 30 computeGradInternal [for]
|   |   |   |-> 1.68e-01 sec 0.1% 100.0% 0.0% ------ 240 fill [for]
|   |   |-> 2.20e-01 sec 0.1% 0.0% 0.0% 100.0% 0.00e+00 30 ginkgo.solverSetup [region]
|   |-> 1.81e+01 sec 12.3% 48.1% 0.0% 46.1% 1.03e+03 30 neoSimpleFoam.turbulenceCorrect [region]
|   |   |-> 3.48e+00 sec 2.4% 86.4% 0.0% 13.6% 1.07e+03 60 assemble.spatialImplicit [region]
|   |   |   |-> 7.78e-01 sec 0.5% 100.0% 0.0% ------ 60 computeGradInternal [for]
|   |   |   |-> 5.67e-01 sec 0.4% 100.0% 0.0% ------ 1202 fill [for]
|   |   |   |-> 4.63e-01 sec 0.3% 100.0% 0.0% ------ 630 computeGradBoundaryFixedValue [for]
|   |   |   |-> 3.00e-01 sec 0.2% 100.0% 0.0% ------ 930 computeGradBoundaryRefGrad [for]
|   |   |   |-> 2.74e-01 sec 0.2% 100.0% 0.0% ------ 60 computeLocalGaussGreenDivLaplacianCoefficients [for]
|   |   |-> 7.84e-01 sec 0.5% 100.0% 0.0% ------ 1466 fill [for]
|   |   |-> 6.38e-01 sec 0.4% 100.0% 0.0% ------ 60 computeGradInternal [for]
|   |   |-> 6.28e-01 sec 0.4% 100.0% 0.0% ------ 30 computeGradTensorInternal [for]
|   |   |-> 4.06e-01 sec 0.3% 100.0% 0.0% ------ 930 computeGradBoundaryRefGrad [for]
|   |   |-> 3.72e-01 sec 0.3% 0.0% 0.0% 100.0% 0.00e+00 60 ginkgo.solverSetup [region]
|   |   |-> 3.46e-01 sec 0.2% 100.0% 0.0% ------ 780 computeGradTensorBoundaryReconstruct [for]
|   |   |-> 2.23e-01 sec 0.2% 100.0% 0.0% ------ 1650 extrapolateValue [for]
|   |   |-> 2.10e-01 sec 0.1% 100.0% 0.0% ------ 1590 setGradientValue [for]
|   |   |-> 2.08e-01 sec 0.1% 100.0% 0.0% ------ 1530 setNutUSpaldingWallFunction [for]
|   |   |-> 2.06e-01 sec 0.1% 100.0% 0.0% ------ 630 computeGradBoundaryFixedValue [for]
|   |   |-> 2.02e-01 sec 0.1% 100.0% 0.0% ------ 1530 kOmegaSST::omegaWFGFeedback [for]
|   |   |-> 1.96e-01 sec 0.1% 10.0% 0.0% 90.0% 3.57e+02 60 ginkgo.createMtx [region]
|   |   |-> 1.93e-01 sec 0.1% 100.0% 0.0% ------ 1530 setOmegaWallFunction [for]
|   |   |-> 1.86e-01 sec 0.1% 100.0% 0.0% ------ 218 computeLinearInterpolationInternal [for]
|   |   |-> 1.78e-01 sec 0.1% 100.0% 0.0% ------ 450 parallelFor [for]
|   |-> 2.13e+00 sec 1.4% 0.0% 0.0% 100.0% 0.00e+00 30 neoSimpleFoam.write [region]
|-> 3.35e+01 sec 22.7% 0.9% 0.0% 99.1% 2.81e+01 1 neoSimpleFoam.setup [region]

BOTTOM-UP TIME TREE:
<average time> <percent of total time> <percent time in Kokkos> <percent MPI imbalance> <number of calls> <name> [type]
===================
|-> 4.42e+01 sec 30.0% 0.0% 0.0% 0.0% 0.00e+00 30 neoSimpleFoam.pressureCorrector.pEqn [region]
|   |-> 4.42e+01 sec 30.0% 0.0% 0.0% 0.0% 0.00e+00 30 neoSimpleFoam.pressureCorrector [region]
|       |-> 4.42e+01 sec 30.0% 0.0% 0.0% 0.0% 0.00e+00 30 neoSimpleFoam.timeStep [region]
|-> 3.32e+01 sec 22.5% 0.0% 0.0% 0.0% 0.00e+00 1 neoSimpleFoam.setup [region]
|-> 1.14e+01 sec 7.7% 0.0% 0.0% 0.0% 0.00e+00 120 ginkgo.solverSetup [region]
|   |-> 1.08e+01 sec 7.3% 0.0% 0.0% 0.0% 0.00e+00 30 neoSimpleFoam.pressureCorrector.pEqn [region]
|   |   |-> 1.08e+01 sec 7.3% 0.0% 0.0% 0.0% 0.00e+00 30 neoSimpleFoam.pressureCorrector [region]
|   |       |-> 1.08e+01 sec 7.3% 0.0% 0.0% 0.0% 0.00e+00 30 neoSimpleFoam.timeStep [region]
|   |-> 3.72e-01 sec 0.3% 0.0% 0.0% 0.0% 0.00e+00 60 neoSimpleFoam.turbulenceCorrect [region]
|   |   |-> 3.72e-01 sec 0.3% 0.0% 0.0% 0.0% 0.00e+00 60 neoSimpleFoam.timeStep [region]
|   |-> 2.20e-01 sec 0.1% 0.0% 0.0% 0.0% 0.00e+00 30 neoSimpleFoam.momentumPredictor [region]
|       |-> 2.20e-01 sec 0.1% 0.0% 0.0% 0.0% 0.00e+00 30 neoSimpleFoam.timeStep [region]
|-> 8.79e+00 sec 6.0% 0.0% 0.0% 0.0% 0.00e+00 30 neoSimpleFoam.momentumPredictor [region]
|   |-> 8.79e+00 sec 6.0% 0.0% 0.0% 0.0% 0.00e+00 30 neoSimpleFoam.timeStep [region]
|-> 8.36e+00 sec 5.7% 0.0% 0.0% 0.0% 0.00e+00 30 neoSimpleFoam.turbulenceCorrect [region]
|   |-> 8.36e+00 sec 5.7% 0.0% 0.0% 0.0% 0.00e+00 30 neoSimpleFoam.timeStep [region]
|-> 5.36e+00 sec 3.6% 100.0% 0.0% ------ 9833 fill [for]
|   |-> 1.41e+00 sec 1.0% 100.0% 0.0% 0.0% 0.00e+00 3660 neoSimpleFoam.pressureCorrector [region]
|   |   |-> 1.41e+00 sec 1.0% 100.0% 0.0% 0.0% 0.00e+00 3660 neoSimpleFoam.timeStep [region]
|   |-> 8.23e-01 sec 0.6% 100.0% 0.0% 0.0% 0.00e+00 1803 assemble.spatialImplicit [region]
|   |   |-> 5.67e-01 sec 0.4% 100.0% 0.0% 0.0% 0.00e+00 1202 neoSimpleFoam.turbulenceCorrect [region]
|   |   |   |-> 5.67e-01 sec 0.4% 100.0% 0.0% 0.0% 0.00e+00 1202 neoSimpleFoam.timeStep [region]
|   |   |-> 2.56e-01 sec 0.2% 100.0% 0.0% 0.0% 0.00e+00 601 neoSimpleFoam.pressureCorrector.pEqn [region]
|   |       |-> 2.56e-01 sec 0.2% 100.0% 0.0% 0.0% 0.00e+00 601 neoSimpleFoam.pressureCorrector [region]
|   |           |-> 2.56e-01 sec 0.2% 100.0% 0.0% 0.0% 0.00e+00 601 neoSimpleFoam.timeStep [region]
|   |-> 7.84e-01 sec 0.5% 100.0% 0.0% 0.0% 0.00e+00 1466 neoSimpleFoam.turbulenceCorrect [region]
|   |   |-> 7.84e-01 sec 0.5% 100.0% 0.0% 0.0% 0.00e+00 1466 neoSimpleFoam.timeStep [region]
|   |-> 6.46e-01 sec 0.4% 100.0% 0.0% 0.0% 0.00e+00 780 assemble.explicitSource [region]
|   |   |-> 4.31e-01 sec 0.3% 100.0% 0.0% 0.0% 0.00e+00 420 momentum.assemble [region]
|   |   |   |-> 4.31e-01 sec 0.3% 100.0% 0.0% 0.0% 0.00e+00 420 neoSimpleFoam.momentumPredictor [region]
|   |   |       |-> 4.31e-01 sec 0.3% 100.0% 0.0% 0.0% 0.00e+00 420 neoSimpleFoam.timeStep [region]
|   |   |-> 1.68e-01 sec 0.1% 100.0% 0.0% 0.0% 0.00e+00 240 neoSimpleFoam.momentumPredictor [region]
|   |   |   |-> 1.68e-01 sec 0.1% 100.0% 0.0% 0.0% 0.00e+00 240 neoSimpleFoam.timeStep [region]
|   |-> 5.70e-01 sec 0.4% 100.0% 0.0% 0.0% 0.00e+00 601 divlap.nonOrthCorr [region]
|   |   |-> 5.70e-01 sec 0.4% 100.0% 0.0% 0.0% 0.00e+00 601 assemble.spatialImplicit [region]
|   |       |-> 5.70e-01 sec 0.4% 100.0% 0.0% 0.0% 0.00e+00 601 momentum.assemble [region]
|   |           |-> 5.70e-01 sec 0.4% 100.0% 0.0% 0.0% 0.00e+00 601 neoSimpleFoam.momentumPredictor [region]
|   |               |-> 5.70e-01 sec 0.4% 100.0% 0.0% 0.0% 0.00e+00 601 neoSimpleFoam.timeStep [region]
|   |-> 4.44e-01 sec 0.3% 100.0% 0.0% 0.0% 0.00e+00 210 luw.gradAlloc [region]
|   |   |-> 4.44e-01 sec 0.3% 100.0% 0.0% 0.0% 0.00e+00 210 divlap.deferredCorr [region]
|   |       |-> 4.44e-01 sec 0.3% 100.0% 0.0% 0.0% 0.00e+00 210 assemble.spatialImplicit [region]
|   |           |-> 4.44e-01 sec 0.3% 100.0% 0.0% 0.0% 0.00e+00 210 momentum.assemble [region]
|   |               |-> 4.44e-01 sec 0.3% 100.0% 0.0% 0.0% 0.00e+00 210 neoSimpleFoam.momentumPredictor [region]
|   |                   |-> 4.44e-01 sec 0.3% 100.0% 0.0% 0.0% 0.00e+00 210 neoSimpleFoam.timeStep [region]
|   |-> 1.90e-01 sec 0.1% 100.0% 0.0% 0.0% 0.00e+00 210 clg.baseGrad [region]
|   |   |-> 1.90e-01 sec 0.1% 100.0% 0.0% 0.0% 0.00e+00 210 luw.gradCompute [region]
|   |       |-> 1.90e-01 sec 0.1% 100.0% 0.0% 0.0% 0.00e+00 210 divlap.deferredCorr [region]
|   |           |-> 1.90e-01 sec 0.1% 100.0% 0.0% 0.0% 0.00e+00 210 assemble.spatialImplicit [region]
|   |               |-> 1.90e-01 sec 0.1% 100.0% 0.0% 0.0% 0.00e+00 210 momentum.assemble [region]
|   |                   |-> 1.90e-01 sec 0.1% 100.0% 0.0% 0.0% 0.00e+00 210 neoSimpleFoam.momentumPredictor [region]
|   |                       |-> 1.90e-01 sec 0.1% 100.0% 0.0% 0.0% 0.00e+00 210 neoSimpleFoam.timeStep [region]
|-> 5.13e+00 sec 3.5% 0.0% 0.0% 0.0% 0.00e+00 30 neoSimpleFoam.pressureCorrector [region]
|   |-> 5.13e+00 sec 3.5% 0.0% 0.0% 0.0% 0.00e+00 30 neoSimpleFoam.timeStep [region]
|-> 3.60e+00 sec 2.4% 100.0% 0.0% ------ 272 computeGradInternal [for]
|   |-> 1.29e+00 sec 0.9% 100.0% 0.0% 0.0% 0.00e+00 90 neoSimpleFoam.pressureCorrector [region]
|   |   |-> 1.29e+00 sec 0.9% 100.0% 0.0% 0.0% 0.00e+00 90 neoSimpleFoam.timeStep [region]
|   |-> 1.29e+00 sec 0.9% 100.0% 0.0% 0.0% 0.00e+00 90 assemble.spatialImplicit [region]
|   |   |-> 7.78e-01 sec 0.5% 100.0% 0.0% 0.0% 0.00e+00 60 neoSimpleFoam.turbulenceCorrect [region]
|   |   |   |-> 7.78e-01 sec 0.5% 100.0% 0.0% 0.0% 0.00e+00 60 neoSimpleFoam.timeStep [region]
|   |   |-> 5.08e-01 sec 0.3% 100.0% 0.0% 0.0% 0.00e+00 30 neoSimpleFoam.pressureCorrector.pEqn [region]
|   |       |-> 5.08e-01 sec 0.3% 100.0% 0.0% 0.0% 0.00e+00 30 neoSimpleFoam.pressureCorrector [region]
|   |           |-> 5.08e-01 sec 0.3% 100.0% 0.0% 0.0% 0.00e+00 30 neoSimpleFoam.timeStep [region]
|   |-> 6.38e-01 sec 0.4% 100.0% 0.0% 0.0% 0.00e+00 60 neoSimpleFoam.turbulenceCorrect [region]
|   |   |-> 6.38e-01 sec 0.4% 100.0% 0.0% 0.0% 0.00e+00 60 neoSimpleFoam.timeStep [region]
|   |-> 3.60e-01 sec 0.2% 100.0% 0.0% 0.0% 0.00e+00 30 assemble.explicitSource [region]
|   |   |-> 3.60e-01 sec 0.2% 100.0% 0.0% 0.0% 0.00e+00 30 neoSimpleFoam.momentumPredictor [region]
|   |       |-> 3.60e-01 sec 0.2% 100.0% 0.0% 0.0% 0.00e+00 30 neoSimpleFoam.timeStep [region]
|-> 2.13e+00 sec 1.4% 0.0% 0.0% 0.0% 0.00e+00 30 neoSimpleFoam.write [region]
|   |-> 2.13e+00 sec 1.4% 0.0% 0.0% 0.0% 0.00e+00 30 neoSimpleFoam.timeStep [region]
|-> 1.94e+00 sec 1.3% 0.0% 0.0% 0.0% 0.00e+00 30 momentum.construct [region]
|   |-> 1.94e+00 sec 1.3% 0.0% 0.0% 0.0% 0.00e+00 30 neoSimpleFoam.momentumPredictor [region]
|       |-> 1.94e+00 sec 1.3% 0.0% 0.0% 0.0% 0.00e+00 30 neoSimpleFoam.timeStep [region]
|-> 1.93e+00 sec 1.3% 100.0% 0.0% ------ 91 computeGradTensorInternal [for]
|   |-> 7.28e-01 sec 0.5% 100.0% 0.0% 0.0% 0.00e+00 30 divlap.nonOrthCorr [region]
|   |   |-> 7.28e-01 sec 0.5% 100.0% 0.0% 0.0% 0.00e+00 30 assemble.spatialImplicit [region]
|   |       |-> 7.28e-01 sec 0.5% 100.0% 0.0% 0.0% 0.00e+00 30 momentum.assemble [region]
|   |           |-> 7.28e-01 sec 0.5% 100.0% 0.0% 0.0% 0.00e+00 30 neoSimpleFoam.momentumPredictor [region]
|   |               |-> 7.28e-01 sec 0.5% 100.0% 0.0% 0.0% 0.00e+00 30 neoSimpleFoam.timeStep [region]
|   |-> 6.28e-01 sec 0.4% 100.0% 0.0% 0.0% 0.00e+00 30 neoSimpleFoam.turbulenceCorrect [region]
|   |   |-> 6.28e-01 sec 0.4% 100.0% 0.0% 0.0% 0.00e+00 30 neoSimpleFoam.timeStep [region]
|   |-> 5.47e-01 sec 0.4% 100.0% 0.0% 0.0% 0.00e+00 30 clg.baseGrad [region]
|   |   |-> 5.47e-01 sec 0.4% 100.0% 0.0% 0.0% 0.00e+00 30 luw.gradCompute [region]
|   |       |-> 5.47e-01 sec 0.4% 100.0% 0.0% 0.0% 0.00e+00 30 divlap.deferredCorr [region]
|   |           |-> 5.47e-01 sec 0.4% 100.0% 0.0% 0.0% 0.00e+00 30 assemble.spatialImplicit [region]
|   |               |-> 5.47e-01 sec 0.4% 100.0% 0.0% 0.0% 0.00e+00 30 momentum.assemble [region]
|   |                   |-> 5.47e-01 sec 0.4% 100.0% 0.0% 0.0% 0.00e+00 30 neoSimpleFoam.momentumPredictor [region]
|   |                       |-> 5.47e-01 sec 0.4% 100.0% 0.0% 0.0% 0.00e+00 30 neoSimpleFoam.timeStep [region]
|-> 1.69e+00 sec 1.1% 100.0% 0.0% ------ 4891 computeGradBoundaryRefGrad [for]
|   |-> 7.32e-01 sec 0.5% 100.0% 0.0% 0.0% 0.00e+00 2250 neoSimpleFoam.pressureCorrector [region]
|   |   |-> 7.32e-01 sec 0.5% 100.0% 0.0% 0.0% 0.00e+00 2250 neoSimpleFoam.timeStep [region]
|   |-> 5.33e-01 sec 0.4% 100.0% 0.0% 0.0% 0.00e+00 1680 assemble.spatialImplicit [region]
|   |   |-> 3.00e-01 sec 0.2% 100.0% 0.0% 0.0% 0.00e+00 930 neoSimpleFoam.turbulenceCorrect [region]
|   |   |   |-> 3.00e-01 sec 0.2% 100.0% 0.0% 0.0% 0.00e+00 930 neoSimpleFoam.timeStep [region]
|   |   |-> 2.33e-01 sec 0.2% 100.0% 0.0% 0.0% 0.00e+00 750 neoSimpleFoam.pressureCorrector.pEqn [region]
|   |       |-> 2.33e-01 sec 0.2% 100.0% 0.0% 0.0% 0.00e+00 750 neoSimpleFoam.pressureCorrector [region]
|   |           |-> 2.33e-01 sec 0.2% 100.0% 0.0% 0.0% 0.00e+00 750 neoSimpleFoam.timeStep [region]
|   |-> 4.06e-01 sec 0.3% 100.0% 0.0% 0.0% 0.00e+00 930 neoSimpleFoam.turbulenceCorrect [region]
|   |   |-> 4.06e-01 sec 0.3% 100.0% 0.0% 0.0% 0.00e+00 930 neoSimpleFoam.timeStep [region]
|-> 1.39e+00 sec 0.9% 0.0% 0.0% 0.0% 0.00e+00 30 luw.gradOpCtor [region]
|   |-> 1.39e+00 sec 0.9% 0.0% 0.0% 0.0% 0.00e+00 30 divlap.deferredCorr [region]
|       |-> 1.39e+00 sec 0.9% 0.0% 0.0% 0.0% 0.00e+00 30 assemble.spatialImplicit [region]
|           |-> 1.39e+00 sec 0.9% 0.0% 0.0% 0.0% 0.00e+00 30 momentum.assemble [region]
|               |-> 1.39e+00 sec 0.9% 0.0% 0.0% 0.0% 0.00e+00 30 neoSimpleFoam.momentumPredictor [region]
|                   |-> 1.39e+00 sec 0.9% 0.0% 0.0% 0.0% 0.00e+00 30 neoSimpleFoam.timeStep [region]
|-> 1.35e+00 sec 0.9% 100.0% 0.0% ------ 2366 computeGradTensorBoundaryReconstruct [for]
|   |-> 6.97e-01 sec 0.5% 100.0% 0.0% 0.0% 0.00e+00 780 clg.baseGrad [region]
|   |   |-> 6.97e-01 sec 0.5% 100.0% 0.0% 0.0% 0.00e+00 780 luw.gradCompute [region]
|   |       |-> 6.97e-01 sec 0.5% 100.0% 0.0% 0.0% 0.00e+00 780 divlap.deferredCorr [region]
|   |           |-> 6.97e-01 sec 0.5% 100.0% 0.0% 0.0% 0.00e+00 780 assemble.spatialImplicit [region]
|   |               |-> 6.97e-01 sec 0.5% 100.0% 0.0% 0.0% 0.00e+00 780 momentum.assemble [region]
|   |                   |-> 6.97e-01 sec 0.5% 100.0% 0.0% 0.0% 0.00e+00 780 neoSimpleFoam.momentumPredictor [region]
|   |                       |-> 6.97e-01 sec 0.5% 100.0% 0.0% 0.0% 0.00e+00 780 neoSimpleFoam.timeStep [region]
|   |-> 3.46e-01 sec 0.2% 100.0% 0.0% 0.0% 0.00e+00 780 neoSimpleFoam.turbulenceCorrect [region]
|   |   |-> 3.46e-01 sec 0.2% 100.0% 0.0% 0.0% 0.00e+00 780 neoSimpleFoam.timeStep [region]
|   |-> 3.01e-01 sec 0.2% 100.0% 0.0% 0.0% 0.00e+00 780 divlap.nonOrthCorr [region]
|   |   |-> 3.01e-01 sec 0.2% 100.0% 0.0% 0.0% 0.00e+00 780 assemble.spatialImplicit [region]
|   |       |-> 3.01e-01 sec 0.2% 100.0% 0.0% 0.0% 0.00e+00 780 momentum.assemble [region]
|   |           |-> 3.01e-01 sec 0.2% 100.0% 0.0% 0.0% 0.00e+00 780 neoSimpleFoam.momentumPredictor [region]
|   |               |-> 3.01e-01 sec 0.2% 100.0% 0.0% 0.0% 0.00e+00 780 neoSimpleFoam.timeStep [region]
|-> 1.31e+00 sec 0.9% 100.0% 0.0% ------ 9955 extrapolateValue [for]
|   |-> 1.08e+00 sec 0.7% 100.0% 0.0% 0.0% 0.00e+00 8250 neoSimpleFoam.pressureCorrector [region]
|   |   |-> 1.08e+00 sec 0.7% 100.0% 0.0% 0.0% 0.00e+00 8250 neoSimpleFoam.timeStep [region]
|   |-> 2.23e-01 sec 0.2% 100.0% 0.0% 0.0% 0.00e+00 1650 neoSimpleFoam.turbulenceCorrect [region]
|   |   |-> 2.23e-01 sec 0.2% 100.0% 0.0% 0.0% 0.00e+00 1650 neoSimpleFoam.timeStep [region]
|-> 1.10e+00 sec 0.7% 100.0% 0.0% ------ 2532 parallelFor [for]
|   |-> 5.88e-01 sec 0.4% 100.0% 0.0% 0.0% 0.00e+00 1530 neoSimpleFoam.pressureCorrector [region]
|   |   |-> 5.88e-01 sec 0.4% 100.0% 0.0% 0.0% 0.00e+00 1530 neoSimpleFoam.timeStep [region]
|   |-> 2.19e-01 sec 0.1% 100.0% 0.0% -0.0% 0.00e+00 240 assemble.explicitSource [region]
|   |-> 1.78e-01 sec 0.1% 100.0% 0.0% 0.0% 0.00e+00 450 neoSimpleFoam.turbulenceCorrect [region]
|   |   |-> 1.78e-01 sec 0.1% 100.0% 0.0% 0.0% 0.00e+00 450 neoSimpleFoam.timeStep [region]
|-> 9.64e-01 sec 0.7% 0.0% 0.0% 0.0% 0.00e+00 30 luw.applyCorr [region]
|   |-> 9.64e-01 sec 0.7% 0.0% 0.0% 0.0% 0.00e+00 30 divlap.deferredCorr [region]
|       |-> 9.64e-01 sec 0.7% 0.0% 0.0% 0.0% 0.00e+00 30 assemble.spatialImplicit [region]
|           |-> 9.64e-01 sec 0.7% 0.0% 0.0% 0.0% 0.00e+00 30 momentum.assemble [region]
|               |-> 9.64e-01 sec 0.7% 0.0% 0.0% 0.0% 0.00e+00 30 neoSimpleFoam.momentumPredictor [region]
|                   |-> 9.64e-01 sec 0.7% 0.0% 0.0% 0.0% 0.00e+00 30 neoSimpleFoam.timeStep [region]
|-> 7.37e-01 sec 0.5% 100.0% 0.0% ------ 1401 computeGradBoundaryFixedValue [for]
|   |-> 4.75e-01 sec 0.3% 100.0% 0.0% 0.0% 0.00e+00 660 assemble.spatialImplicit [region]
|   |   |-> 4.63e-01 sec 0.3% 100.0% 0.0% 0.0% 0.00e+00 630 neoSimpleFoam.turbulenceCorrect [region]
|   |   |   |-> 4.63e-01 sec 0.3% 100.0% 0.0% 0.0% 0.00e+00 630 neoSimpleFoam.timeStep [region]
|   |-> 2.06e-01 sec 0.1% 100.0% 0.0% 0.0% 0.00e+00 630 neoSimpleFoam.turbulenceCorrect [region]
|   |   |-> 2.06e-01 sec 0.1% 100.0% 0.0% 0.0% 0.00e+00 630 neoSimpleFoam.timeStep [region]
|-> 6.94e-01 sec 0.5% 0.0% 0.0% 0.0% 0.00e+00 120 assemble.spatialImplicit [region]
|   |-> 4.74e-01 sec 0.3% 0.0% 0.0% 0.0% 0.00e+00 60 neoSimpleFoam.turbulenceCorrect [region]
|   |   |-> 4.74e-01 sec 0.3% 0.0% 0.0% 0.0% 0.00e+00 60 neoSimpleFoam.timeStep [region]
|   |-> 2.19e-01 sec 0.1% 0.0% 0.0% 0.0% 0.00e+00 30 neoSimpleFoam.pressureCorrector.pEqn [region]
|   |   |-> 2.19e-01 sec 0.1% 0.0% 0.0% 0.0% 0.00e+00 30 neoSimpleFoam.pressureCorrector [region]
|   |       |-> 2.19e-01 sec 0.1% 0.0% 0.0% 0.0% 0.00e+00 30 neoSimpleFoam.timeStep [region]
|-> 6.26e-01 sec 0.4% 100.0% 0.0% ------ 4954 setGradientValue [for]
|   |-> 2.10e-01 sec 0.1% 100.0% 0.0% 0.0% 0.00e+00 1590 neoSimpleFoam.turbulenceCorrect [region]
|   |   |-> 2.10e-01 sec 0.1% 100.0% 0.0% 0.0% 0.00e+00 1590 neoSimpleFoam.timeStep [region]
|   |-> 2.02e-01 sec 0.1% 100.0% 0.0% 0.0% 0.00e+00 1590 neoSimpleFoam.pressureCorrector [region]
|   |   |-> 2.02e-01 sec 0.1% 100.0% 0.0% 0.0% 0.00e+00 1590 neoSimpleFoam.timeStep [region]
|   |-> 1.93e-01 sec 0.1% 100.0% 0.0% 0.0% 0.00e+00 1560 neoSimpleFoam.pressureCorrector.pEqn [region]
|   |   |-> 1.93e-01 sec 0.1% 100.0% 0.0% 0.0% 0.00e+00 1560 neoSimpleFoam.pressureCorrector [region]
|   |       |-> 1.93e-01 sec 0.1% 100.0% 0.0% 0.0% 0.00e+00 1560 neoSimpleFoam.timeStep [region]
|-> 5.23e-01 sec 0.4% 100.0% 0.0% ------ 554 computeLinearInterpolationInternal [for]
|   |-> 1.86e-01 sec 0.1% 100.0% 0.0% 0.0% 0.00e+00 218 neoSimpleFoam.turbulenceCorrect [region]
|   |   |-> 1.86e-01 sec 0.1% 100.0% 0.0% 0.0% 0.00e+00 218 neoSimpleFoam.timeStep [region]
|   |-> 1.55e-01 sec 0.1% 100.0% 0.0% 0.0% 0.00e+00 150 neoSimpleFoam.pressureCorrector [region]
|   |   |-> 1.55e-01 sec 0.1% 100.0% 0.0% 0.0% 0.00e+00 150 neoSimpleFoam.timeStep [region]
|-> 4.40e-01 sec 0.3% 100.0% 0.0% ------ 90 computeLocalGaussGreenDivLaplacianCoefficients [for]
|   |-> 2.74e-01 sec 0.2% 100.0% 0.0% 0.0% 0.00e+00 60 assemble.spatialImplicit [region]
|   |   |-> 2.74e-01 sec 0.2% 100.0% 0.0% 0.0% 0.00e+00 60 neoSimpleFoam.turbulenceCorrect [region]
|   |       |-> 2.74e-01 sec 0.2% 100.0% 0.0% 0.0% 0.00e+00 60 neoSimpleFoam.timeStep [region]
|   |-> 1.66e-01 sec 0.1% 100.0% 0.0% 0.0% 0.00e+00 30 divlap.matrixCoeffs [region]
|       |-> 1.66e-01 sec 0.1% 100.0% 0.0% 0.0% 0.00e+00 30 assemble.spatialImplicit [region]
|           |-> 1.66e-01 sec 0.1% 100.0% 0.0% 0.0% 0.00e+00 30 momentum.assemble [region]
|               |-> 1.66e-01 sec 0.1% 100.0% 0.0% 0.0% 0.00e+00 30 neoSimpleFoam.momentumPredictor [region]
|                   |-> 1.66e-01 sec 0.1% 100.0% 0.0% 0.0% 0.00e+00 30 neoSimpleFoam.timeStep [region]
|-> 4.36e-01 sec 0.3% 100.0% 0.0% ------ 30 addDivCorrectionToRhs [for]
|   |-> 4.36e-01 sec 0.3% 100.0% 0.0% 0.0% 0.00e+00 30 divlap.deferredCorr [region]
|       |-> 4.36e-01 sec 0.3% 100.0% 0.0% 0.0% 0.00e+00 30 assemble.spatialImplicit [region]
|           |-> 4.36e-01 sec 0.3% 100.0% 0.0% 0.0% 0.00e+00 30 momentum.assemble [region]
|               |-> 4.36e-01 sec 0.3% 100.0% 0.0% 0.0% 0.00e+00 30 neoSimpleFoam.momentumPredictor [region]
|                   |-> 4.36e-01 sec 0.3% 100.0% 0.0% 0.0% 0.00e+00 30 neoSimpleFoam.timeStep [region]
|-> 3.98e-01 sec 0.3% 0.0% 0.0% 0.0% 0.00e+00 150 assemble.explicitSource [region]
|   |-> 2.39e-01 sec 0.2% 0.0% 0.0% 0.0% 0.00e+00 30 momentum.assemble [region]
|   |   |-> 2.39e-01 sec 0.2% 0.0% 0.0% 0.0% 0.00e+00 30 neoSimpleFoam.momentumPredictor [region]
|   |       |-> 2.39e-01 sec 0.2% 0.0% 0.0% 0.0% 0.00e+00 30 neoSimpleFoam.timeStep [region]
|-> 3.90e-01 sec 0.3% 100.0% 0.0% ------ 1302 updateProcBoundaryOwnerValue [for]
|   |-> 2.16e-01 sec 0.1% 100.0% 0.0% 0.0% 0.00e+00 720 neoSimpleFoam.pressureCorrector [region]
|   |   |-> 2.16e-01 sec 0.1% 100.0% 0.0% 0.0% 0.00e+00 720 neoSimpleFoam.timeStep [region]
|-> 3.88e-01 sec 0.3% 100.0% 0.0% ------ 120 computeLaplacianImplicitCorrection [for]
|   |-> 2.91e-01 sec 0.2% 100.0% 0.0% 0.0% 0.00e+00 30 divlap.nonOrthCorr [region]
|   |   |-> 2.91e-01 sec 0.2% 100.0% 0.0% 0.0% 0.00e+00 30 assemble.spatialImplicit [region]
|   |       |-> 2.91e-01 sec 0.2% 100.0% 0.0% 0.0% 0.00e+00 30 momentum.assemble [region]
|   |           |-> 2.91e-01 sec 0.2% 100.0% 0.0% 0.0% 0.00e+00 30 neoSimpleFoam.momentumPredictor [region]
|   |               |-> 2.91e-01 sec 0.2% 100.0% 0.0% 0.0% 0.00e+00 30 neoSimpleFoam.timeStep [region]
|-> 3.49e-01 sec 0.2% 100.0% 0.0% ------ 554 computeLinearInterpolationBoundary [for]
|-> 3.46e-01 sec 0.2% 0.0% 0.0% 0.0% 0.00e+00 120 ginkgo.createMtx [region]
|   |-> 1.76e-01 sec 0.1% 0.0% 0.0% 0.0% 0.00e+00 60 neoSimpleFoam.turbulenceCorrect [region]
|   |   |-> 1.76e-01 sec 0.1% 0.0% 0.0% 0.0% 0.00e+00 60 neoSimpleFoam.timeStep [region]
|-> 3.20e-01 sec 0.2% 100.0% 0.0% ------ 272 computeGradBoundary [for]
|-> 3.03e-01 sec 0.2% 0.0% 0.0% 0.0% 0.00e+00 30 divlap.nonOrthCorr [region]
|   |-> 3.03e-01 sec 0.2% 0.0% 0.0% 0.0% 0.00e+00 30 assemble.spatialImplicit [region]
|       |-> 3.03e-01 sec 0.2% 0.0% 0.0% 0.0% 0.00e+00 30 momentum.assemble [region]
|           |-> 3.03e-01 sec 0.2% 0.0% 0.0% 0.0% 0.00e+00 30 neoSimpleFoam.momentumPredictor [region]
|               |-> 3.03e-01 sec 0.2% 0.0% 0.0% 0.0% 0.00e+00 30 neoSimpleFoam.timeStep [region]
|-> 2.70e-01 sec 0.2% 100.0% 0.0% ------ 554 computeLinearInterpolationProcBoundary [for]
|-> 2.69e-01 sec 0.2% 100.0% 0.0% ------ 858 setProcBoundaryCoefficients [for]
|   |-> 1.72e-01 sec 0.1% 100.0% 0.0% 0.0% 0.00e+00 540 neoSimpleFoam.pressureCorrector [region]
|   |   |-> 1.72e-01 sec 0.1% 100.0% 0.0% 0.0% 0.00e+00 540 neoSimpleFoam.timeStep [region]
|-> 2.57e-01 sec 0.2% 100.0% 0.0% ------ 91 computeGradTensorCells [for]
|-> 2.32e-01 sec 0.2% 100.0% 0.0% ------ 755 setFixedValueVolume [for]
|   |-> 2.18e-01 sec 0.1% 100.0% 0.0% 0.0% 0.00e+00 660 neoSimpleFoam.pressureCorrector [region]
|   |   |-> 2.18e-01 sec 0.1% 100.0% 0.0% 0.0% 0.00e+00 660 neoSimpleFoam.timeStep [region]
|-> 2.17e-01 sec 0.1% 100.0% 0.0% ------ 272 computeGradCells [for]
|-> 2.16e-01 sec 0.1% 100.0% 0.0% ------ 1581 setNutUSpaldingWallFunction [for]
|   |-> 2.08e-01 sec 0.1% 100.0% 0.0% 0.0% 0.00e+00 1530 neoSimpleFoam.turbulenceCorrect [region]
|   |   |-> 2.08e-01 sec 0.1% 100.0% 0.0% 0.0% 0.00e+00 1530 neoSimpleFoam.timeStep [region]
|-> 2.02e-01 sec 0.1% 100.0% 0.0% ------ 1530 kOmegaSST::omegaWFGFeedback [for]
|   |-> 2.02e-01 sec 0.1% 100.0% 0.0% 0.0% 0.00e+00 1530 neoSimpleFoam.turbulenceCorrect [region]
|       |-> 2.02e-01 sec 0.1% 100.0% 0.0% 0.0% 0.00e+00 1530 neoSimpleFoam.timeStep [region]
|-> 1.93e-01 sec 0.1% 100.0% 0.0% ------ 1530 setOmegaWallFunction [for]
|   |-> 1.93e-01 sec 0.1% 100.0% 0.0% 0.0% 0.00e+00 1530 neoSimpleFoam.turbulenceCorrect [region]
|       |-> 1.93e-01 sec 0.1% 100.0% 0.0% 0.0% 0.00e+00 1530 neoSimpleFoam.timeStep [region]
|-> 1.86e-01 sec 0.1% 100.0% 0.0% ------ 90 BoundedDiv::applyBoundedDiagInternal [for]
|-> 1.75e-01 sec 0.1% 100.0% 0.0% ------ 432 setContainer [for]
|-> 1.68e-01 sec 0.1% 100.0% 0.0% ------ 272 computeProcGradBoundary [for]
|-> 1.62e-01 sec 0.1% 100.0% 0.0% ------ 30 computeLocalLaplacianCoefficients [for]
|   |-> 1.62e-01 sec 0.1% 100.0% 0.0% 0.0% 0.00e+00 30 assemble.spatialImplicit [region]
|       |-> 1.62e-01 sec 0.1% 100.0% 0.0% 0.0% 0.00e+00 30 neoSimpleFoam.pressureCorrector.pEqn [region]
|           |-> 1.62e-01 sec 0.1% 100.0% 0.0% 0.0% 0.00e+00 30 neoSimpleFoam.pressureCorrector [region]
|               |-> 1.62e-01 sec 0.1% 100.0% 0.0% 0.0% 0.00e+00 30 neoSimpleFoam.timeStep [region]
|-> 1.56e-01 sec 0.1% 0.0% 0.0% 0.0% 0.00e+00 30 luw.gradAlloc [region]
|   |-> 1.56e-01 sec 0.1% 0.0% 0.0% 0.0% 0.00e+00 30 divlap.deferredCorr [region]
|       |-> 1.56e-01 sec 0.1% 0.0% 0.0% 0.0% 0.00e+00 30 assemble.spatialImplicit [region]
|           |-> 1.56e-01 sec 0.1% 0.0% 0.0% 0.0% 0.00e+00 30 momentum.assemble [region]
|               |-> 1.56e-01 sec 0.1% 0.0% 0.0% 0.0% 0.00e+00 30 neoSimpleFoam.momentumPredictor [region]
|                   |-> 1.56e-01 sec 0.1% 0.0% 0.0% 0.0% 0.00e+00 30 neoSimpleFoam.timeStep [region]
|-> 1.51e-01 sec 0.1% 100.0% 0.0% ------ 30 divDevReff::internal [for]
|   |-> 1.51e-01 sec 0.1% 100.0% 0.0% 0.0% 0.00e+00 30 assemble.explicitSource [region]
|       |-> 1.51e-01 sec 0.1% 100.0% 0.0% 0.0% 0.00e+00 30 momentum.assemble [region]
|           |-> 1.51e-01 sec 0.1% 100.0% 0.0% 0.0% 0.00e+00 30 neoSimpleFoam.momentumPredictor [region]
|               |-> 1.51e-01 sec 0.1% 100.0% 0.0% 0.0% 0.00e+00 30 neoSimpleFoam.timeStep [region]
|-> 1.49e-01 sec 0.1% 0.0% 0.0% 0.0% 0.00e+00 30 clg.baseGrad [region]
|   |-> 1.49e-01 sec 0.1% 0.0% 0.0% 0.0% 0.00e+00 30 luw.gradCompute [region]
|       |-> 1.49e-01 sec 0.1% 0.0% 0.0% 0.0% 0.00e+00 30 divlap.deferredCorr [region]
|           |-> 1.49e-01 sec 0.1% 0.0% 0.0% 0.0% 0.00e+00 30 assemble.spatialImplicit [region]
|               |-> 1.49e-01 sec 0.1% 0.0% 0.0% 0.0% 0.00e+00 30 momentum.assemble [region]
|                   |-> 1.49e-01 sec 0.1% 0.0% 0.0% 0.0% 0.00e+00 30 neoSimpleFoam.momentumPredictor [region]
|                       |-> 1.49e-01 sec 0.1% 0.0% 0.0% 0.0% 0.00e+00 30 neoSimpleFoam.timeStep [region]

KOKKOS HOST SPACE:
===================
MAX MEMORY ALLOCATED: 1287083.0 kB
ALLOCATIONS AT TIME OF HIGH WATER MARK:
  29.9% neoSimpleFoam.timeStep/neoSimpleFoam.momentumPredictor/momentum.assemble/assemble.spatialImplicit/divlap.deferredCorr/luw.gradOpCtor/Vector
  29.9% neoSimpleFoam.timeStep/neoSimpleFoam.momentumPredictor/momentum.assemble/assemble.spatialImplicit/divlap.deferredCorr/luw.gradOpCtor/Vector
  15.4% neoSimpleFoam.timeStep/neoSimpleFoam.momentumPredictor/momentum.assemble/assemble.spatialImplicit/divlap.deferredCorr/luw.gradOpCtor/Vector
  14.9% neoSimpleFoam.timeStep/neoSimpleFoam.momentumPredictor/momentum.assemble/assemble.spatialImplicit/divlap.deferredCorr/luw.gradOpCtor/Vector
  5.0% neoSimpleFoam.timeStep/neoSimpleFoam.momentumPredictor/momentum.assemble/assemble.spatialImplicit/divlap.deferredCorr/luw.gradOpCtor/Vector
  5.0% neoSimpleFoam.timeStep/neoSimpleFoam.momentumPredictor/momentum.assemble/assemble.spatialImplicit/divlap.deferredCorr/luw.gradOpCtor/Vector

KOKKOS CUDA SPACE:
===================
MAX MEMORY ALLOCATED: 0.0 kB
ALLOCATIONS AT TIME OF HIGH WATER MARK:

KOKKOS HIP SPACE:
===================
MAX MEMORY ALLOCATED: 0.0 kB
ALLOCATIONS AT TIME OF HIGH WATER MARK:

KOKKOS SYCL SPACE:
===================
MAX MEMORY ALLOCATED: 0.0 kB
ALLOCATIONS AT TIME OF HIGH WATER MARK:

KOKKOS OpenMPTarget SPACE:
===================
MAX MEMORY ALLOCATED: 0.0 kB
ALLOCATIONS AT TIME OF HIGH WATER MARK:

Host process high water mark memory consumption: 14433096 kB

END KOKKOS PROFILING REPORT.

BEGIN KOKKOS PROFILING REPORT:
TOTAL TIME: 147.394124692 seconds
TOP-DOWN TIME TREE:
<average time> <percent of total time> <percent time in Kokkos> <percent MPI imbalance> <remainder> <kernels per second> <number of calls> <name> [type]
===================
|-> 1.11e+02 sec 75.6% 6.6% 0.0% 0.0% 4.34e+02 30 neoSimpleFoam.timeStep [region]
|   |-> 6.95e+01 sec 47.1% 2.7% 0.0% 15.7% 3.51e+02 30 neoSimpleFoam.pressureCorrector [region]
|   |   |-> 5.73e+01 sec 38.8% 0.9% 0.0% 83.8% 7.21e+01 30 neoSimpleFoam.pressureCorrector.pEqn [region]
|   |   |   |-> 8.55e+00 sec 5.8% 0.0% 0.0% 100.0% 0.00e+00 30 ginkgo.solverSetup [region]
|   |   |   |-> 4.70e-01 sec 0.3% 92.6% 0.0% 7.4% 3.76e+03 30 assemble.spatialImplicit [region]
|   |   |   |   |-> 2.36e-01 sec 0.2% 100.0% 0.0% ------ 30 computeGradInternal [for]
|   |   |-> 7.09e-01 sec 0.5% 100.0% 0.0% ------ 90 computeGradInternal [for]
|   |   |-> 1.83e-01 sec 0.1% 100.0% 0.0% ------ 3420 fill [for]
|   |-> 2.19e+01 sec 14.9% 13.9% 0.0% 47.8% 2.63e+02 30 neoSimpleFoam.momentumPredictor [region]
|   |   |-> 8.89e+00 sec 6.0% 30.4% 0.0% 0.0% 5.81e+02 30 momentum.assemble [region]
|   |   |   |-> 8.47e+00 sec 5.7% 27.5% 0.0% 0.0% 4.89e+02 30 assemble.spatialImplicit [region]
|   |   |   |   |-> 7.32e+00 sec 5.0% 17.2% 0.0% 0.3% 3.12e+02 30 divlap.deferredCorr [region]
|   |   |   |   |   |-> 4.65e+00 sec 3.2% 1.0% 0.0% 99.0% 5.80e+01 30 luw.applyCorr [region]
|   |   |   |   |   |-> 1.40e+00 sec 1.0% 1.9% 0.0% 98.1% 2.14e+00 30 luw.gradOpCtor [region]
|   |   |   |   |   |-> 7.61e-01 sec 0.5% 96.5% 0.0% 0.0% 2.05e+03 30 luw.gradCompute [region]
|   |   |   |   |   |   |-> 5.57e-01 sec 0.4% 95.4% 0.0% 4.6% 2.21e+03 30 clg.baseGrad [region]
|   |   |   |   |   |   |   |-> 3.41e-01 sec 0.2% 100.0% 0.0% ------ 30 computeGradTensorInternal [for]
|   |   |   |   |   |   |-> 2.04e-01 sec 0.1% 99.4% 0.0% 0.6% 1.62e+03 30 clg.limiter [region]
|   |   |   |   |   |-> 2.84e-01 sec 0.2% 100.0% 0.0% ------ 30 addDivCorrectionToRhs [for]
|   |   |   |   |   |-> 1.72e-01 sec 0.1% 85.2% 0.0% 14.8% 1.22e+03 30 luw.gradAlloc [region]
|   |   |   |   |-> 1.00e+00 sec 0.7% 92.2% 0.0% 7.8% 1.68e+03 30 divlap.nonOrthCorr [region]
|   |   |   |   |   |-> 3.41e-01 sec 0.2% 100.0% 0.0% ------ 30 computeGradTensorInternal [for]
|   |   |   |   |   |-> 2.47e-01 sec 0.2% 100.0% 0.0% ------ 30 computeLaplacianImplicitCorrection [for]
|   |   |   |   |   |-> 1.94e-01 sec 0.1% 100.0% 0.0% ------ 601 fill [for]
|   |   |   |-> 3.66e-01 sec 0.2% 87.8% 0.0% 12.2% 2.29e+03 30 assemble.explicitSource [region]
|   |   |-> 1.97e+00 sec 1.3% 1.2% 0.0% 98.8% 1.37e+01 30 momentum.construct [region]
|   |   |-> 3.30e-01 sec 0.2% 94.7% 0.0% 5.3% 1.55e+03 30 assemble.explicitSource [region]
|   |   |   |-> 2.36e-01 sec 0.2% 100.0% 0.0% ------ 30 computeGradInternal [for]
|   |-> 1.80e+01 sec 12.2% 13.7% 0.0% 83.0% 1.01e+03 30 neoSimpleFoam.turbulenceCorrect [region]
|   |   |-> 1.08e+00 sec 0.7% 92.7% 0.0% 7.3% 3.52e+03 60 assemble.spatialImplicit [region]
|   |   |   |-> 4.73e-01 sec 0.3% 100.0% 0.0% ------ 60 computeGradInternal [for]
|   |   |   |-> 1.54e-01 sec 0.1% 100.0% 0.0% ------ 60 computeLocalGaussGreenDivLaplacianCoefficients [for]
|   |   |-> 4.72e-01 sec 0.3% 100.0% 0.0% ------ 60 computeGradInternal [for]
|   |   |-> 3.40e-01 sec 0.2% 100.0% 0.0% ------ 30 computeGradTensorInternal [for]
|   |   |-> 2.84e-01 sec 0.2% 0.3% 0.0% 99.7% 2.46e+02 60 ginkgo.createMtx [region]
|   |   |-> 2.25e-01 sec 0.2% 0.0% 0.0% 100.0% 0.00e+00 60 ginkgo.solverSetup [region]
|   |   |-> 1.76e-01 sec 0.1% 100.0% 0.0% ------ 1316 fill [for]
|   |-> 2.11e+00 sec 1.4% 0.0% 0.0% 100.0% 0.00e+00 30 neoSimpleFoam.write [region]
|-> 3.34e+01 sec 22.7% 0.2% 0.0% 99.8% 2.67e+01 1 neoSimpleFoam.setup [region]

BOTTOM-UP TIME TREE:
<average time> <percent of total time> <percent time in Kokkos> <percent MPI imbalance> <number of calls> <name> [type]
===================
|-> 4.80e+01 sec 32.6% 0.0% 0.0% 0.0% 0.00e+00 30 neoSimpleFoam.pressureCorrector.pEqn [region]
|   |-> 4.80e+01 sec 32.6% 0.0% 0.0% 0.0% 0.00e+00 30 neoSimpleFoam.pressureCorrector [region]
|       |-> 4.80e+01 sec 32.6% 0.0% 0.0% 0.0% 0.00e+00 30 neoSimpleFoam.timeStep [region]
|-> 3.34e+01 sec 22.6% 0.0% 0.0% 0.0% 0.00e+00 1 neoSimpleFoam.setup [region]
|-> 1.49e+01 sec 10.1% 0.0% 0.0% 0.0% 0.00e+00 30 neoSimpleFoam.turbulenceCorrect [region]
|   |-> 1.49e+01 sec 10.1% 0.0% 0.0% 0.0% 0.00e+00 30 neoSimpleFoam.timeStep [region]
|-> 1.09e+01 sec 7.4% 0.0% 0.0% 0.0% 0.00e+00 30 neoSimpleFoam.pressureCorrector [region]
|   |-> 1.09e+01 sec 7.4% 0.0% 0.0% 0.0% 0.00e+00 30 neoSimpleFoam.timeStep [region]
|-> 1.05e+01 sec 7.1% 0.0% 0.0% 0.0% 0.00e+00 30 neoSimpleFoam.momentumPredictor [region]
|   |-> 1.05e+01 sec 7.1% 0.0% 0.0% 0.0% 0.00e+00 30 neoSimpleFoam.timeStep [region]
|-> 8.89e+00 sec 6.0% 0.0% 0.0% 0.0% 0.00e+00 120 ginkgo.solverSetup [region]
|   |-> 8.55e+00 sec 5.8% 0.0% 0.0% 0.0% 0.00e+00 30 neoSimpleFoam.pressureCorrector.pEqn [region]
|   |   |-> 8.55e+00 sec 5.8% 0.0% 0.0% 0.0% 0.00e+00 30 neoSimpleFoam.pressureCorrector [region]
|   |       |-> 8.55e+00 sec 5.8% 0.0% 0.0% 0.0% 0.00e+00 30 neoSimpleFoam.timeStep [region]
|   |-> 2.25e-01 sec 0.2% 0.0% 0.0% 0.0% 0.00e+00 60 neoSimpleFoam.turbulenceCorrect [region]
|   |   |-> 2.25e-01 sec 0.2% 0.0% 0.0% 0.0% 0.00e+00 60 neoSimpleFoam.timeStep [region]
|-> 4.61e+00 sec 3.1% 0.0% 0.0% 0.0% 0.00e+00 30 luw.applyCorr [region]
|   |-> 4.61e+00 sec 3.1% 0.0% 0.0% 0.0% 0.00e+00 30 divlap.deferredCorr [region]
|       |-> 4.61e+00 sec 3.1% 0.0% 0.0% 0.0% 0.00e+00 30 assemble.spatialImplicit [region]
|           |-> 4.61e+00 sec 3.1% 0.0% 0.0% 0.0% 0.00e+00 30 momentum.assemble [region]
|               |-> 4.61e+00 sec 3.1% 0.0% 0.0% 0.0% 0.00e+00 30 neoSimpleFoam.momentumPredictor [region]
|                   |-> 4.61e+00 sec 3.1% 0.0% 0.0% 0.0% 0.00e+00 30 neoSimpleFoam.timeStep [region]
|-> 2.14e+00 sec 1.5% 100.0% 0.0% ------ 272 computeGradInternal [for]
|   |-> 7.09e-01 sec 0.5% 100.0% 0.0% 0.0% 0.00e+00 90 assemble.spatialImplicit [region]
|   |   |-> 4.73e-01 sec 0.3% 100.0% 0.0% 0.0% 0.00e+00 60 neoSimpleFoam.turbulenceCorrect [region]
|   |   |   |-> 4.73e-01 sec 0.3% 100.0% 0.0% 0.0% 0.00e+00 60 neoSimpleFoam.timeStep [region]
|   |   |-> 2.36e-01 sec 0.2% 100.0% 0.0% 0.0% 0.00e+00 30 neoSimpleFoam.pressureCorrector.pEqn [region]
|   |       |-> 2.36e-01 sec 0.2% 100.0% 0.0% 0.0% 0.00e+00 30 neoSimpleFoam.pressureCorrector [region]
|   |           |-> 2.36e-01 sec 0.2% 100.0% 0.0% 0.0% 0.00e+00 30 neoSimpleFoam.timeStep [region]
|   |-> 7.09e-01 sec 0.5% 100.0% 0.0% 0.0% 0.00e+00 90 neoSimpleFoam.pressureCorrector [region]
|   |   |-> 7.09e-01 sec 0.5% 100.0% 0.0% 0.0% 0.00e+00 90 neoSimpleFoam.timeStep [region]
|   |-> 4.72e-01 sec 0.3% 100.0% 0.0% 0.0% 0.00e+00 60 neoSimpleFoam.turbulenceCorrect [region]
|   |   |-> 4.72e-01 sec 0.3% 100.0% 0.0% 0.0% 0.00e+00 60 neoSimpleFoam.timeStep [region]
|   |-> 2.36e-01 sec 0.2% 100.0% 0.0% 0.0% 0.00e+00 30 assemble.explicitSource [region]
|   |   |-> 2.36e-01 sec 0.2% 100.0% 0.0% 0.0% 0.00e+00 30 neoSimpleFoam.momentumPredictor [region]
|   |       |-> 2.36e-01 sec 0.2% 100.0% 0.0% 0.0% 0.00e+00 30 neoSimpleFoam.timeStep [region]
|-> 2.11e+00 sec 1.4% 0.0% 0.0% 0.0% 0.00e+00 30 neoSimpleFoam.write [region]
|   |-> 2.11e+00 sec 1.4% 0.0% 0.0% 0.0% 0.00e+00 30 neoSimpleFoam.timeStep [region]
|-> 1.94e+00 sec 1.3% 0.0% 0.0% 0.0% 0.00e+00 30 momentum.construct [region]
|   |-> 1.94e+00 sec 1.3% 0.0% 0.0% 0.0% 0.00e+00 30 neoSimpleFoam.momentumPredictor [region]
|       |-> 1.94e+00 sec 1.3% 0.0% 0.0% 0.0% 0.00e+00 30 neoSimpleFoam.timeStep [region]
|-> 1.38e+00 sec 0.9% 0.0% 0.0% 0.0% 0.00e+00 30 luw.gradOpCtor [region]
|   |-> 1.38e+00 sec 0.9% 0.0% 0.0% 0.0% 0.00e+00 30 divlap.deferredCorr [region]
|       |-> 1.38e+00 sec 0.9% 0.0% 0.0% 0.0% 0.00e+00 30 assemble.spatialImplicit [region]
|           |-> 1.38e+00 sec 0.9% 0.0% 0.0% 0.0% 0.00e+00 30 momentum.assemble [region]
|               |-> 1.38e+00 sec 0.9% 0.0% 0.0% 0.0% 0.00e+00 30 neoSimpleFoam.momentumPredictor [region]
|                   |-> 1.38e+00 sec 0.9% 0.0% 0.0% 0.0% 0.00e+00 30 neoSimpleFoam.timeStep [region]
|-> 1.17e+00 sec 0.8% 100.0% 0.0% ------ 9369 fill [for]
|   |-> 1.94e-01 sec 0.1% 100.0% 0.0% 0.0% 0.00e+00 601 divlap.nonOrthCorr [region]
|   |   |-> 1.94e-01 sec 0.1% 100.0% 0.0% 0.0% 0.00e+00 601 assemble.spatialImplicit [region]
|   |       |-> 1.94e-01 sec 0.1% 100.0% 0.0% 0.0% 0.00e+00 601 momentum.assemble [region]
|   |           |-> 1.94e-01 sec 0.1% 100.0% 0.0% 0.0% 0.00e+00 601 neoSimpleFoam.momentumPredictor [region]
|   |               |-> 1.94e-01 sec 0.1% 100.0% 0.0% 0.0% 0.00e+00 601 neoSimpleFoam.timeStep [region]
|   |-> 1.83e-01 sec 0.1% 100.0% 0.0% 0.0% 0.00e+00 3420 neoSimpleFoam.pressureCorrector [region]
|   |   |-> 1.83e-01 sec 0.1% 100.0% 0.0% 0.0% 0.00e+00 3420 neoSimpleFoam.timeStep [region]
|   |-> 1.76e-01 sec 0.1% 100.0% 0.0% 0.0% 0.00e+00 1316 neoSimpleFoam.turbulenceCorrect [region]
|   |   |-> 1.76e-01 sec 0.1% 100.0% 0.0% 0.0% 0.00e+00 1316 neoSimpleFoam.timeStep [region]
|-> 1.03e+00 sec 0.7% 100.0% 0.0% ------ 91 computeGradTensorInternal [for]
|   |-> 3.41e-01 sec 0.2% 100.0% 0.0% 0.0% 0.00e+00 30 divlap.nonOrthCorr [region]
|   |   |-> 3.41e-01 sec 0.2% 100.0% 0.0% 0.0% 0.00e+00 30 assemble.spatialImplicit [region]
|   |       |-> 3.41e-01 sec 0.2% 100.0% 0.0% 0.0% 0.00e+00 30 momentum.assemble [region]
|   |           |-> 3.41e-01 sec 0.2% 100.0% 0.0% 0.0% 0.00e+00 30 neoSimpleFoam.momentumPredictor [region]
|   |               |-> 3.41e-01 sec 0.2% 100.0% 0.0% 0.0% 0.00e+00 30 neoSimpleFoam.timeStep [region]
|   |-> 3.41e-01 sec 0.2% 100.0% 0.0% 0.0% 0.00e+00 30 clg.baseGrad [region]
|   |   |-> 3.41e-01 sec 0.2% 100.0% 0.0% 0.0% 0.00e+00 30 luw.gradCompute [region]
|   |       |-> 3.41e-01 sec 0.2% 100.0% 0.0% 0.0% 0.00e+00 30 divlap.deferredCorr [region]
|   |           |-> 3.41e-01 sec 0.2% 100.0% 0.0% 0.0% 0.00e+00 30 assemble.spatialImplicit [region]
|   |               |-> 3.41e-01 sec 0.2% 100.0% 0.0% 0.0% 0.00e+00 30 momentum.assemble [region]
|   |                   |-> 3.41e-01 sec 0.2% 100.0% 0.0% 0.0% 0.00e+00 30 neoSimpleFoam.momentumPredictor [region]
|   |                       |-> 3.41e-01 sec 0.2% 100.0% 0.0% 0.0% 0.00e+00 30 neoSimpleFoam.timeStep [region]
|   |-> 3.40e-01 sec 0.2% 100.0% 0.0% 0.0% 0.00e+00 30 neoSimpleFoam.turbulenceCorrect [region]
|   |   |-> 3.40e-01 sec 0.2% 100.0% 0.0% 0.0% 0.00e+00 30 neoSimpleFoam.timeStep [region]
|-> 5.43e-01 sec 0.4% 0.0% 0.0% 0.0% 0.00e+00 120 ginkgo.createMtx [region]
|   |-> 2.83e-01 sec 0.2% 0.0% 0.0% 0.0% 0.00e+00 60 neoSimpleFoam.turbulenceCorrect [region]
|   |   |-> 2.83e-01 sec 0.2% 0.0% 0.0% 0.0% 0.00e+00 60 neoSimpleFoam.timeStep [region]
|-> 3.19e-01 sec 0.2% 100.0% 0.0% ------ 120 computeLaplacianImplicitCorrection [for]
|   |-> 2.47e-01 sec 0.2% 100.0% 0.0% 0.0% 0.00e+00 30 divlap.nonOrthCorr [region]
|   |   |-> 2.47e-01 sec 0.2% 100.0% 0.0% 0.0% 0.00e+00 30 assemble.spatialImplicit [region]
|   |       |-> 2.47e-01 sec 0.2% 100.0% 0.0% 0.0% 0.00e+00 30 momentum.assemble [region]
|   |           |-> 2.47e-01 sec 0.2% 100.0% 0.0% 0.0% 0.00e+00 30 neoSimpleFoam.momentumPredictor [region]
|   |               |-> 2.47e-01 sec 0.2% 100.0% 0.0% 0.0% 0.00e+00 30 neoSimpleFoam.timeStep [region]
|-> 2.84e-01 sec 0.2% 100.0% 0.0% ------ 30 addDivCorrectionToRhs [for]
|   |-> 2.84e-01 sec 0.2% 100.0% 0.0% 0.0% 0.00e+00 30 divlap.deferredCorr [region]
|       |-> 2.84e-01 sec 0.2% 100.0% 0.0% 0.0% 0.00e+00 30 assemble.spatialImplicit [region]
|           |-> 2.84e-01 sec 0.2% 100.0% 0.0% 0.0% 0.00e+00 30 momentum.assemble [region]
|               |-> 2.84e-01 sec 0.2% 100.0% 0.0% 0.0% 0.00e+00 30 neoSimpleFoam.momentumPredictor [region]
|                   |-> 2.84e-01 sec 0.2% 100.0% 0.0% 0.0% 0.00e+00 30 neoSimpleFoam.timeStep [region]
|-> 2.54e-01 sec 0.2% 100.0% 0.0% ------ 554 computeLinearInterpolationInternal [for]
|-> 2.32e-01 sec 0.2% 100.0% 0.0% ------ 90 computeLocalGaussGreenDivLaplacianCoefficients [for]
|   |-> 1.54e-01 sec 0.1% 100.0% 0.0% 0.0% 0.00e+00 60 assemble.spatialImplicit [region]
|   |   |-> 1.54e-01 sec 0.1% 100.0% 0.0% 0.0% 0.00e+00 60 neoSimpleFoam.turbulenceCorrect [region]
|   |       |-> 1.54e-01 sec 0.1% 100.0% 0.0% 0.0% 0.00e+00 60 neoSimpleFoam.timeStep [region]
|-> 1.92e-01 sec 0.1% 100.0% 0.0% ------ 2128 parallelFor [for]
|-> 1.73e-01 sec 0.1% 100.0% 0.0% ------ 91 computeGradTensorCells [for]

KOKKOS HOST SPACE:
===================
MAX MEMORY ALLOCATED: 1287770.6 kB
ALLOCATIONS AT TIME OF HIGH WATER MARK:
  29.9% neoSimpleFoam.timeStep/neoSimpleFoam.momentumPredictor/momentum.assemble/assemble.spatialImplicit/divlap.deferredCorr/luw.gradOpCtor/Vector
  29.9% neoSimpleFoam.timeStep/neoSimpleFoam.momentumPredictor/momentum.assemble/assemble.spatialImplicit/divlap.deferredCorr/luw.gradOpCtor/Vector
  15.4% neoSimpleFoam.timeStep/neoSimpleFoam.momentumPredictor/momentum.assemble/assemble.spatialImplicit/divlap.deferredCorr/luw.gradOpCtor/Vector
  14.9% neoSimpleFoam.timeStep/neoSimpleFoam.momentumPredictor/momentum.assemble/assemble.spatialImplicit/divlap.deferredCorr/luw.gradOpCtor/Vector
  5.0% neoSimpleFoam.timeStep/neoSimpleFoam.momentumPredictor/momentum.assemble/assemble.spatialImplicit/divlap.deferredCorr/luw.gradOpCtor/Vector
  5.0% neoSimpleFoam.timeStep/neoSimpleFoam.momentumPredictor/momentum.assemble/assemble.spatialImplicit/divlap.deferredCorr/luw.gradOpCtor/Vector

KOKKOS CUDA SPACE:
===================
MAX MEMORY ALLOCATED: 0.0 kB
ALLOCATIONS AT TIME OF HIGH WATER MARK:

KOKKOS HIP SPACE:
===================
MAX MEMORY ALLOCATED: 0.0 kB
ALLOCATIONS AT TIME OF HIGH WATER MARK:

KOKKOS SYCL SPACE:
===================
MAX MEMORY ALLOCATED: 0.0 kB
ALLOCATIONS AT TIME OF HIGH WATER MARK:

KOKKOS OpenMPTarget SPACE:
===================
MAX MEMORY ALLOCATED: 0.0 kB
ALLOCATIONS AT TIME OF HIGH WATER MARK:

Host process high water mark memory consumption: 14461452 kB

END KOKKOS PROFILING REPORT.
