/*---------------------------------------------------------------------------*\
| =========                 |                                                 |
| \\      /  F ield         | OpenFOAM: The Open Source CFD Toolbox           |
|  \\    /   O peration     | Version:  2506                                  |
|   \\  /    A nd           | Website:  www.openfoam.com                      |
|    \\/     M anipulation  |                                                 |
\*---------------------------------------------------------------------------*/
Build  : b050cd9480-20250814 OPENFOAM=2506 version=v2506
Arch   : "LSB;label=32;scalar=64"
Exec   : /storage/home/greole/code/NeoFOAM/build/profilingnvidia_h200/bin/neoSimpleFoam -parallel
Date   : Jul 07 2026
Time   : 00:48:21
Host   : gpu-nvidia-h200-3.int.coma-cluster.de
PID    : 4123870
I/O    : uncollated
Case   : /storage/home/greole/code/NeoFOAM/occDrivAerStaticMesh
nProcs : 4
Hosts  :
(
    (gpu-nvidia-h200-3.int.coma-cluster.de 4)
)
Pstream initialized with:
    node communication : off [type=host] (4 ranks, 1 nodes)
    topology controls  : none
    consensus exchange : 0 (tuning: 0)
    exchange algorithm : 0
    commsType          : nonBlocking
    polling iterations : 0
trapFpe: Floating point exception trapping enabled (FOAM_SIGFPE).
fileModificationChecking : Monitoring run-time modified files using timeStampMaster (fileModificationSkew 5, maxFileModificationPolls 20)
allowSystemOperations : Allowing user-supplied system call operations

// * * * * * * * * * * * * * * * * * * * * * * * * * * * * * * * * * * * * * //
Create time

Initializing NeoN
Creating Executor GPU
Creating NeoFOAM runTime

SIMPLE: no convergence criteria found. Calculations will run for 30 steps.

Reading field p

Reading field U

Reading/calculating face flux field phi

Selecting incompressible transport model Newtonian
NeoFOAM solver config (from fvSolution configFile) for 'config(Cg+Schwarz(Multigrid))':
{
    cacheSolver: true
    configFile: <NeoN::TokenList>
    l1ScaledResidual: true
    preconditionerRebuildInterval: 100
    relTol: 0.010000
    reportName: config(Cg+Schwarz(Multigrid))
    solver: Ginkgo
    tolerance: 0.000000
}
    effective optimize: false
    effective checkFrequency: 1
Mapping OpenFOAM solver settings to NeoN settings.
Currently, it is advisable to specify a configFile
for fine grained Ginkgo solver control

Replacing solver PBiCGStab by solver::Bicgstab
Replacing preconditioner diagonal by preconditioner::Schwarz (Schwarz-wrapped for distributed run)
NeoFOAM solver config (mapped from fvSolution) for 'Schwarz(Jacobi)+Bicgstab':
{
    cacheSolver: true
    criteria: {
        absolute_residual_norm: 0.000000
        initial_residual_norm: 0.100000
        iteration: 1000
    }
    l1ScaledResidual: true
    optimize: true
    preconditioner: {
        local_solver: {
            max_block_size: 1
            type: preconditioner::Jacobi
        }
        type: preconditioner::Schwarz
    }
    reportName: Schwarz(Jacobi)+Bicgstab
    solver: Ginkgo
    type: solver::Bicgstab
}
    effective optimize: true
    effective checkFrequency: 1
Creating phi

[NF][/storage/home/greole/code/NeoFOAM/include/NeoFOAM/auxiliary/readers.hpp::434]: Internal: 49333487, Boundary: 1754396

[NF][/storage/home/greole/code/NeoFOAM/include/NeoFOAM/auxiliary/readers.hpp::434]: Internal: 49320882, Boundary: 1762558

[NF][/storage/home/greole/code/NeoFOAM/include/NeoFOAM/auxiliary/readers.hpp::434]: Internal: 49261542, Boundary: 1427829

[NF][/storage/home/greole/code/NeoFOAM/include/NeoFOAM/auxiliary/readers.hpp::434]: Internal: 49243125, Boundary: 1362247
Selecting patchDistMethod meshWave
Mapping OpenFOAM solver settings to NeoN settings.
Currently, it is advisable to specify a configFile
for fine grained Ginkgo solver control

Replacing solver PBiCGStab by solver::Bicgstab
Replacing preconditioner diagonal by preconditioner::Schwarz (Schwarz-wrapped for distributed run)
NeoFOAM solver config (mapped from fvSolution) for 'Schwarz(Jacobi)+Bicgstab':
{
    cacheSolver: true
    criteria: {
        absolute_residual_norm: 0.000000
        initial_residual_norm: 0.100000
        iteration: 1000
    }
    l1ScaledResidual: true
    optimize: true
    preconditioner: {
        local_solver: {
            max_block_size: 1
            type: preconditioner::Jacobi
        }
        type: preconditioner::Schwarz
    }
    reportName: Schwarz(Jacobi)+Bicgstab
    solver: Ginkgo
    type: solver::Bicgstab
}
    effective optimize: true
    effective checkFrequency: 1
Mapping OpenFOAM solver settings to NeoN settings.
Currently, it is advisable to specify a configFile
for fine grained Ginkgo solver control

Replacing solver PBiCGStab by solver::Bicgstab
Replacing preconditioner diagonal by preconditioner::Schwarz (Schwarz-wrapped for distributed run)
NeoFOAM solver config (mapped from fvSolution) for 'Schwarz(Jacobi)+Bicgstab':
{
    cacheSolver: true
    criteria: {
        absolute_residual_norm: 0.000000
        initial_residual_norm: 0.100000
        iteration: 1000
    }
    l1ScaledResidual: true
    optimize: true
    preconditioner: {
        local_solver: {
            max_block_size: 1
            type: preconditioner::Jacobi
        }
        type: preconditioner::Schwarz
    }
    reportName: Schwarz(Jacobi)+Bicgstab
    solver: Ginkgo
    type: solver::Bicgstab
}
    effective optimize: true
    effective checkFrequency: 1
[mem] setup.end: DEVICE_POOL current=16605 MB  actual(reserved)=38146 MB  highWater=19132 MB
Starting time loop
Time = 1
[mem] step-start: DEVICE_POOL current=16605 MB  actual(reserved)=38146 MB  highWater=19132 MB
Schwarz(Jacobi)+Bicgstab:  Solving for Ux, Initial residual = 0.001948895596607742, Final residual = 0.00023894144179944474, No Iterations 3, Solve time = 249.534 ms
Schwarz(Jacobi)+Bicgstab:  Solving for Uy, Initial residual = 0.16486889485444556, Final residual = 0.008211417173385839, No Iterations 3, Solve time = 249.534 ms
Schwarz(Jacobi)+Bicgstab:  Solving for Uz, Initial residual = 0.10478399166434318, Final residual = 0.004988129972801333, No Iterations 3, Solve time = 249.534 ms
[mem] after-UEqn: DEVICE_POOL current=19099 MB  actual(reserved)=38146 MB  highWater=24387 MB
[GinkgoSolver] p-cache: rebuild(generate) solve=1 rebuildInterval=100
config(Cg+Schwarz(Multigrid)):  Solving for p, Initial residual = 1, Final residual = 0.009246998769952398, No Iterations 89, Solve time = 2520.073 ms
time step continuity errors : sum local = 6.175262967689995e-05, global = -1.06421673736577e-06, cumulative = -1.06421673736577e-06
[mem] after-pEqn: DEVICE_POOL current=20567 MB  actual(reserved)=38146 MB  highWater=24387 MB
[GinkgoSolver] p-cache: rebuild(generate) solve=1 rebuildInterval=0
Schwarz(Jacobi)+Bicgstab:  Solving for omega, Initial residual = 0.9999999999999999, Final residual = 0.03074763616337363, No Iterations 1, Solve time = 54.108 ms
bounding omega, min: -52.867423044015425 max: 46109492.40902775 average: 2443.2633453674116
[GinkgoSolver] p-cache: rebuild(generate) solve=1 rebuildInterval=0
Schwarz(Jacobi)+Bicgstab:  Solving for k, Initial residual = 0.9999999999999731, Final residual = 0.04385992674921331, No Iterations 1, Solve time = 52.41 ms
[mem] after-turb: DEVICE_POOL current=22752 MB  actual(reserved)=38146 MB  highWater=24811 MB
ExecutionTime = 43.15 s  ClockTime = 43 s

Time = 2
[mem] step-start: DEVICE_POOL current=22752 MB  actual(reserved)=38146 MB  highWater=24811 MB
Schwarz(Jacobi)+Bicgstab:  Solving for Ux, Initial residual = 0.0012910448347018297, Final residual = 5.909837246732776e-05, No Iterations 5, Solve time = 331.669 ms
Schwarz(Jacobi)+Bicgstab:  Solving for Uy, Initial residual = 0.06539792847411738, Final residual = 0.0029785253353689636, No Iterations 5, Solve time = 331.669 ms
Schwarz(Jacobi)+Bicgstab:  Solving for Uz, Initial residual = 0.040812927720881804, Final residual = 0.0009078219701098565, No Iterations 5, Solve time = 331.669 ms
[mem] after-UEqn: DEVICE_POOL current=22752 MB  actual(reserved)=38146 MB  highWater=28040 MB
[GinkgoSolver] p-cache: reuse(update_matrix_value) solve=2 rebuildInterval=100
config(Cg+Schwarz(Multigrid)):  Solving for p, Initial residual = 0.0389293584452558, Final residual = 0.000364836823363452, No Iterations 94, Solve time = 2644.636 ms
time step continuity errors : sum local = 4.004859456472948e-05, global = -1.6771398802599858e-06, cumulative = -2.741356617625756e-06
[mem] after-pEqn: DEVICE_POOL current=22752 MB  actual(reserved)=38146 MB  highWater=28040 MB
[GinkgoSolver] p-cache: reuse(update_matrix_value) solve=2 rebuildInterval=0
Schwarz(Jacobi)+Bicgstab:  Solving for omega, Initial residual = 0.008194368304066923, Final residual = 0.00047798554774510264, No Iterations 1, Solve time = 49.76 ms
bounding omega, min: -1385.606391503511 max: 45305779.18125983 average: 2705.6482919192663
[GinkgoSolver] p-cache: reuse(update_matrix_value) solve=2 rebuildInterval=0
Schwarz(Jacobi)+Bicgstab:  Solving for k, Initial residual = 0.07500498937180082, Final residual = 0.004455194807632582, No Iterations 1, Solve time = 49.888 ms
[mem] after-turb: DEVICE_POOL current=22752 MB  actual(reserved)=38146 MB  highWater=28040 MB
ExecutionTime = 47.75 s  ClockTime = 48 s

Time = 3
[mem] step-start: DEVICE_POOL current=22752 MB  actual(reserved)=38146 MB  highWater=28040 MB
Schwarz(Jacobi)+Bicgstab:  Solving for Ux, Initial residual = 0.0008082000709454436, Final residual = 4.7492556700587476e-05, No Iterations 6, Solve time = 369.756 ms
Schwarz(Jacobi)+Bicgstab:  Solving for Uy, Initial residual = 0.03250236499089231, Final residual = 0.0006350497986539323, No Iterations 6, Solve time = 369.756 ms
Schwarz(Jacobi)+Bicgstab:  Solving for Uz, Initial residual = 0.01818145220652466, Final residual = 0.0002673350897188644, No Iterations 6, Solve time = 369.756 ms
[mem] after-UEqn: DEVICE_POOL current=22752 MB  actual(reserved)=38146 MB  highWater=28040 MB
[GinkgoSolver] p-cache: reuse(update_matrix_value) solve=3 rebuildInterval=100
config(Cg+Schwarz(Multigrid)):  Solving for p, Initial residual = 0.017631085364448414, Final residual = 0.0001631296194579317, No Iterations 93, Solve time = 2620.714 ms
time step continuity errors : sum local = 3.217919175560756e-05, global = -5.369864973763806e-07, cumulative = -3.2783431150021365e-06
[mem] after-pEqn: DEVICE_POOL current=22752 MB  actual(reserved)=38146 MB  highWater=28040 MB
[GinkgoSolver] p-cache: reuse(update_matrix_value) solve=3 rebuildInterval=0
Schwarz(Jacobi)+Bicgstab:  Solving for omega, Initial residual = 0.0035206909359398525, Final residual = 0.0002899326599471089, No Iterations 1, Solve time = 50.554 ms
bounding omega, min: -11.965373851008742 max: 45385827.27107838 average: 3322.2115614146646
[GinkgoSolver] p-cache: reuse(update_matrix_value) solve=3 rebuildInterval=0
Schwarz(Jacobi)+Bicgstab:  Solving for k, Initial residual = 0.013997693212912518, Final residual = 0.001005372973715814, No Iterations 1, Solve time = 49.768 ms
[mem] after-turb: DEVICE_POOL current=22752 MB  actual(reserved)=38146 MB  highWater=28040 MB
ExecutionTime = 52.38 s  ClockTime = 53 s

Time = 4
[mem] step-start: DEVICE_POOL current=22752 MB  actual(reserved)=38146 MB  highWater=28040 MB
Schwarz(Jacobi)+Bicgstab:  Solving for Ux, Initial residual = 0.0005583539612285894, Final residual = 4.703885342540359e-05, No Iterations 4, Solve time = 276.324 ms
Schwarz(Jacobi)+Bicgstab:  Solving for Uy, Initial residual = 0.02025183908525573, Final residual = 0.002689815525978892, No Iterations 4, Solve time = 276.324 ms
Schwarz(Jacobi)+Bicgstab:  Solving for Uz, Initial residual = 0.010478143852873458, Final residual = 0.0007741872509115817, No Iterations 4, Solve time = 276.324 ms
[mem] after-UEqn: DEVICE_POOL current=22752 MB  actual(reserved)=38146 MB  highWater=28040 MB
[GinkgoSolver] p-cache: reuse(update_matrix_value) solve=4 rebuildInterval=100
config(Cg+Schwarz(Multigrid)):  Solving for p, Initial residual = 0.012537413124640493, Final residual = 0.0001218298801230551, No Iterations 52, Solve time = 1484.951 ms
time step continuity errors : sum local = 3.118288740030707e-05, global = 2.764767145283739e-06, cumulative = -5.135759697183975e-07
[mem] after-pEqn: DEVICE_POOL current=22752 MB  actual(reserved)=38146 MB  highWater=28040 MB
[GinkgoSolver] p-cache: reuse(update_matrix_value) solve=4 rebuildInterval=0
Schwarz(Jacobi)+Bicgstab:  Solving for omega, Initial residual = 0.0017242499946063066, Final residual = 4.831042463591317e-05, No Iterations 2, Solve time = 72.876 ms
[GinkgoSolver] p-cache: reuse(update_matrix_value) solve=4 rebuildInterval=0
Schwarz(Jacobi)+Bicgstab:  Solving for k, Initial residual = 0.004640887298567255, Final residual = 0.00039336422619213213, No Iterations 1, Solve time = 50.975 ms
[mem] after-turb: DEVICE_POOL current=22752 MB  actual(reserved)=38146 MB  highWater=28040 MB
ExecutionTime = 55.83 s  ClockTime = 56 s

Time = 5
[mem] step-start: DEVICE_POOL current=22752 MB  actual(reserved)=38146 MB  highWater=28040 MB
Schwarz(Jacobi)+Bicgstab:  Solving for Ux, Initial residual = 0.0004841080114279318, Final residual = 3.767360304765885e-05, No Iterations 4, Solve time = 281.698 ms
Schwarz(Jacobi)+Bicgstab:  Solving for Uy, Initial residual = 0.018490816569502567, Final residual = 0.0011819061572555883, No Iterations 4, Solve time = 281.698 ms
Schwarz(Jacobi)+Bicgstab:  Solving for Uz, Initial residual = 0.008305033596559664, Final residual = 0.0008110545498845578, No Iterations 4, Solve time = 281.698 ms
[mem] after-UEqn: DEVICE_POOL current=22752 MB  actual(reserved)=38146 MB  highWater=28040 MB
[GinkgoSolver] p-cache: reuse(update_matrix_value) solve=5 rebuildInterval=100
config(Cg+Schwarz(Multigrid)):  Solving for p, Initial residual = 0.010692598688780598, Final residual = 0.0001009283786347534, No Iterations 62, Solve time = 1814.683 ms
time step continuity errors : sum local = 2.83368468038169e-05, global = -4.0520381441036234e-07, cumulative = -9.187797841287597e-07
[mem] after-pEqn: DEVICE_POOL current=22752 MB  actual(reserved)=38146 MB  highWater=28040 MB
[GinkgoSolver] p-cache: reuse(update_matrix_value) solve=5 rebuildInterval=0
Schwarz(Jacobi)+Bicgstab:  Solving for omega, Initial residual = 0.0009944483796203174, Final residual = 9.814705336309733e-05, No Iterations 1, Solve time = 50.363 ms
[GinkgoSolver] p-cache: reuse(update_matrix_value) solve=5 rebuildInterval=0
Schwarz(Jacobi)+Bicgstab:  Solving for k, Initial residual = 0.0023564990546744214, Final residual = 0.00022365308387262703, No Iterations 1, Solve time = 49.326 ms
[mem] after-turb: DEVICE_POOL current=22752 MB  actual(reserved)=38146 MB  highWater=28040 MB
ExecutionTime = 59.62 s  ClockTime = 60 s

Time = 6
[mem] step-start: DEVICE_POOL current=22752 MB  actual(reserved)=38146 MB  highWater=28040 MB
Schwarz(Jacobi)+Bicgstab:  Solving for Ux, Initial residual = 0.00043606584228978866, Final residual = 2.6229676591518067e-05, No Iterations 5, Solve time = 325.023 ms
Schwarz(Jacobi)+Bicgstab:  Solving for Uy, Initial residual = 0.01791683887922227, Final residual = 0.0017209172707727538, No Iterations 5, Solve time = 325.023 ms
Schwarz(Jacobi)+Bicgstab:  Solving for Uz, Initial residual = 0.006724021532834323, Final residual = 0.0005107431145651963, No Iterations 5, Solve time = 325.023 ms
[mem] after-UEqn: DEVICE_POOL current=22752 MB  actual(reserved)=38146 MB  highWater=28040 MB
[GinkgoSolver] p-cache: reuse(update_matrix_value) solve=6 rebuildInterval=100
config(Cg+Schwarz(Multigrid)):  Solving for p, Initial residual = 0.011351847005831474, Final residual = 0.00010980853519855956, No Iterations 87, Solve time = 2449.614 ms
time step continuity errors : sum local = 2.9899305385579935e-05, global = 4.6355109856428356e-07, cumulative = -4.552286855644762e-07
[mem] after-pEqn: DEVICE_POOL current=22752 MB  actual(reserved)=38146 MB  highWater=28040 MB
[GinkgoSolver] p-cache: reuse(update_matrix_value) solve=6 rebuildInterval=0
Schwarz(Jacobi)+Bicgstab:  Solving for omega, Initial residual = 0.0006247285762045577, Final residual = 2.431228148042895e-05, No Iterations 2, Solve time = 73.76 ms
[GinkgoSolver] p-cache: reuse(update_matrix_value) solve=6 rebuildInterval=0
Schwarz(Jacobi)+Bicgstab:  Solving for k, Initial residual = 0.0016242500486491295, Final residual = 0.00015489349909227816, No Iterations 1, Solve time = 49.524 ms
[mem] after-turb: DEVICE_POOL current=22752 MB  actual(reserved)=38146 MB  highWater=28040 MB
ExecutionTime = 64.06999999999999 s  ClockTime = 64 s

Time = 7
[mem] step-start: DEVICE_POOL current=22752 MB  actual(reserved)=38146 MB  highWater=28040 MB
Schwarz(Jacobi)+Bicgstab:  Solving for Ux, Initial residual = 0.0003753530386277857, Final residual = 2.356554426992345e-05, No Iterations 5, Solve time = 328.29 ms
Schwarz(Jacobi)+Bicgstab:  Solving for Uy, Initial residual = 0.015176373574174198, Final residual = 0.0012246616369442642, No Iterations 5, Solve time = 328.29 ms
Schwarz(Jacobi)+Bicgstab:  Solving for Uz, Initial residual = 0.0051284364262073265, Final residual = 0.0002766507133462243, No Iterations 5, Solve time = 328.29 ms
[mem] after-UEqn: DEVICE_POOL current=22752 MB  actual(reserved)=38146 MB  highWater=28040 MB
[GinkgoSolver] p-cache: reuse(update_matrix_value) solve=7 rebuildInterval=100
config(Cg+Schwarz(Multigrid)):  Solving for p, Initial residual = 0.012347397265963903, Final residual = 0.00011785097085412666, No Iterations 85, Solve time = 2395.537 ms
time step continuity errors : sum local = 2.8946875584463485e-05, global = 5.051109504722963e-07, cumulative = 4.9882264907820135e-08
[mem] after-pEqn: DEVICE_POOL current=22752 MB  actual(reserved)=38146 MB  highWater=28040 MB
[GinkgoSolver] p-cache: reuse(update_matrix_value) solve=7 rebuildInterval=0
Schwarz(Jacobi)+Bicgstab:  Solving for omega, Initial residual = 0.0004898505841260442, Final residual = 1.5231197635021794e-05, No Iterations 2, Solve time = 72.883 ms
bounding omega, min: -135.92451333713882 max: 45358177.64653623 average: 5415.572396943873
[GinkgoSolver] p-cache: reuse(update_matrix_value) solve=7 rebuildInterval=0
Schwarz(Jacobi)+Bicgstab:  Solving for k, Initial residual = 0.0011596798254782555, Final residual = 2.410896697819613e-05, No Iterations 3, Solve time = 96.389 ms
[mem] after-turb: DEVICE_POOL current=22752 MB  actual(reserved)=38146 MB  highWater=28040 MB
ExecutionTime = 68.53 s  ClockTime = 69 s

Time = 8
[mem] step-start: DEVICE_POOL current=22752 MB  actual(reserved)=38146 MB  highWater=28040 MB
Schwarz(Jacobi)+Bicgstab:  Solving for Ux, Initial residual = 0.0003149888327686284, Final residual = 2.504693520279953e-05, No Iterations 5, Solve time = 315.115 ms
Schwarz(Jacobi)+Bicgstab:  Solving for Uy, Initial residual = 0.011318715180895653, Final residual = 0.00028096178356067477, No Iterations 5, Solve time = 315.115 ms
Schwarz(Jacobi)+Bicgstab:  Solving for Uz, Initial residual = 0.0036067555690278367, Final residual = 0.0001963111423175987, No Iterations 5, Solve time = 315.115 ms
[mem] after-UEqn: DEVICE_POOL current=22752 MB  actual(reserved)=38146 MB  highWater=28040 MB
[GinkgoSolver] p-cache: reuse(update_matrix_value) solve=8 rebuildInterval=100
config(Cg+Schwarz(Multigrid)):  Solving for p, Initial residual = 0.013192737311353375, Final residual = 0.00012824376766818442, No Iterations 78, Solve time = 2203.572 ms
time step continuity errors : sum local = 2.758346172687437e-05, global = -1.788662745651454e-06, cumulative = -1.738780480743634e-06
[mem] after-pEqn: DEVICE_POOL current=22752 MB  actual(reserved)=38146 MB  highWater=28040 MB
[GinkgoSolver] p-cache: reuse(update_matrix_value) solve=8 rebuildInterval=0
Schwarz(Jacobi)+Bicgstab:  Solving for omega, Initial residual = 0.0003596291130920373, Final residual = 1.2435451287130451e-05, No Iterations 2, Solve time = 73.238 ms
[GinkgoSolver] p-cache: reuse(update_matrix_value) solve=8 rebuildInterval=0
Schwarz(Jacobi)+Bicgstab:  Solving for k, Initial residual = 0.0008654390217732225, Final residual = 5.246237542035857e-05, No Iterations 2, Solve time = 73.172 ms
[mem] after-turb: DEVICE_POOL current=22752 MB  actual(reserved)=38146 MB  highWater=28040 MB
ExecutionTime = 72.75 s  ClockTime = 73 s

Time = 9
[mem] step-start: DEVICE_POOL current=22752 MB  actual(reserved)=38146 MB  highWater=28040 MB
Schwarz(Jacobi)+Bicgstab:  Solving for Ux, Initial residual = 0.00027387801851445806, Final residual = 7.363014538523776e-06, No Iterations 5, Solve time = 326.929 ms
Schwarz(Jacobi)+Bicgstab:  Solving for Uy, Initial residual = 0.009227098612839055, Final residual = 0.0004397105151547506, No Iterations 5, Solve time = 326.929 ms
Schwarz(Jacobi)+Bicgstab:  Solving for Uz, Initial residual = 0.002639197825146887, Final residual = 0.00015541873096278506, No Iterations 5, Solve time = 326.929 ms
[mem] after-UEqn: DEVICE_POOL current=22752 MB  actual(reserved)=38146 MB  highWater=28040 MB
[GinkgoSolver] p-cache: reuse(update_matrix_value) solve=9 rebuildInterval=100
config(Cg+Schwarz(Multigrid)):  Solving for p, Initial residual = 0.013731404009449503, Final residual = 0.00011632872792755736, No Iterations 72, Solve time = 2206.299 ms
time step continuity errors : sum local = 2.2028920629353733e-05, global = 1.3013432405743134e-06, cumulative = -4.3743724016932064e-07
[mem] after-pEqn: DEVICE_POOL current=22752 MB  actual(reserved)=38146 MB  highWater=28040 MB
[GinkgoSolver] p-cache: reuse(update_matrix_value) solve=9 rebuildInterval=0
Schwarz(Jacobi)+Bicgstab:  Solving for omega, Initial residual = 0.00027804821644155926, Final residual = 1.0630539402139679e-05, No Iterations 2, Solve time = 72.807 ms
[GinkgoSolver] p-cache: reuse(update_matrix_value) solve=9 rebuildInterval=0
Schwarz(Jacobi)+Bicgstab:  Solving for k, Initial residual = 0.0006654270389666193, Final residual = 3.885439739691288e-05, No Iterations 2, Solve time = 72.689 ms
[mem] after-turb: DEVICE_POOL current=22752 MB  actual(reserved)=38146 MB  highWater=28040 MB
ExecutionTime = 76.83 s  ClockTime = 77 s

Time = 10
[mem] step-start: DEVICE_POOL current=22752 MB  actual(reserved)=38146 MB  highWater=28040 MB
Schwarz(Jacobi)+Bicgstab:  Solving for Ux, Initial residual = 0.0002520047112812569, Final residual = 3.2123217872884127e-06, No Iterations 6, Solve time = 389.379 ms
Schwarz(Jacobi)+Bicgstab:  Solving for Uy, Initial residual = 0.010036879813879674, Final residual = 0.00040840951218906545, No Iterations 6, Solve time = 389.379 ms
Schwarz(Jacobi)+Bicgstab:  Solving for Uz, Initial residual = 0.002494646613466934, Final residual = 4.169145054675209e-05, No Iterations 6, Solve time = 389.379 ms
[mem] after-UEqn: DEVICE_POOL current=22752 MB  actual(reserved)=38146 MB  highWater=28040 MB
[GinkgoSolver] p-cache: reuse(update_matrix_value) solve=10 rebuildInterval=100
config(Cg+Schwarz(Multigrid)):  Solving for p, Initial residual = 0.01338447884348391, Final residual = 0.00012829078039705495, No Iterations 68, Solve time = 1925.335 ms
time step continuity errors : sum local = 2.3102958149194744e-05, global = 2.182603772190455e-06, cumulative = 1.7451665320211345e-06
[mem] after-pEqn: DEVICE_POOL current=22752 MB  actual(reserved)=38146 MB  highWater=28040 MB
[GinkgoSolver] p-cache: reuse(update_matrix_value) solve=10 rebuildInterval=0
Schwarz(Jacobi)+Bicgstab:  Solving for omega, Initial residual = 0.0002245576693972549, Final residual = 9.223362537021133e-06, No Iterations 2, Solve time = 72.342 ms
[GinkgoSolver] p-cache: reuse(update_matrix_value) solve=10 rebuildInterval=0
Schwarz(Jacobi)+Bicgstab:  Solving for k, Initial residual = 0.0005268134507171076, Final residual = 3.276054021890709e-05, No Iterations 2, Solve time = 71.982 ms
[mem] after-turb: DEVICE_POOL current=22752 MB  actual(reserved)=38146 MB  highWater=28040 MB
ExecutionTime = 80.84 s  ClockTime = 81 s

Time = 11
[mem] step-start: DEVICE_POOL current=22752 MB  actual(reserved)=38146 MB  highWater=28040 MB
Schwarz(Jacobi)+Bicgstab:  Solving for Ux, Initial residual = 0.0002393204924891247, Final residual = 1.1142105298371657e-05, No Iterations 5, Solve time = 330.789 ms
Schwarz(Jacobi)+Bicgstab:  Solving for Uy, Initial residual = 0.01103769071635228, Final residual = 0.0003215885340367753, No Iterations 5, Solve time = 330.789 ms
Schwarz(Jacobi)+Bicgstab:  Solving for Uz, Initial residual = 0.002545872035534105, Final residual = 7.271563545496473e-05, No Iterations 5, Solve time = 330.789 ms
[mem] after-UEqn: DEVICE_POOL current=22752 MB  actual(reserved)=38146 MB  highWater=28040 MB
[GinkgoSolver] p-cache: reuse(update_matrix_value) solve=11 rebuildInterval=100
config(Cg+Schwarz(Multigrid)):  Solving for p, Initial residual = 0.012991969399984541, Final residual = 0.00012826771973816525, No Iterations 65, Solve time = 1842.337 ms
time step continuity errors : sum local = 2.3675331087162128e-05, global = 2.2121893758750014e-06, cumulative = 3.957355907896136e-06
[mem] after-pEqn: DEVICE_POOL current=22752 MB  actual(reserved)=38146 MB  highWater=28040 MB
[GinkgoSolver] p-cache: reuse(update_matrix_value) solve=11 rebuildInterval=0
Schwarz(Jacobi)+Bicgstab:  Solving for omega, Initial residual = 0.0001851020097222321, Final residual = 8.098745406722547e-06, No Iterations 2, Solve time = 73.037 ms
[GinkgoSolver] p-cache: reuse(update_matrix_value) solve=11 rebuildInterval=0
Schwarz(Jacobi)+Bicgstab:  Solving for k, Initial residual = 0.0004395193807754307, Final residual = 2.8291195709757673e-05, No Iterations 2, Solve time = 72.787 ms
[mem] after-turb: DEVICE_POOL current=22752 MB  actual(reserved)=38146 MB  highWater=28040 MB
ExecutionTime = 84.73 s  ClockTime = 85 s

Time = 12
[mem] step-start: DEVICE_POOL current=22752 MB  actual(reserved)=38146 MB  highWater=28040 MB
Schwarz(Jacobi)+Bicgstab:  Solving for Ux, Initial residual = 0.0002274286386112692, Final residual = 1.4812083484575793e-05, No Iterations 4, Solve time = 276.23 ms
Schwarz(Jacobi)+Bicgstab:  Solving for Uy, Initial residual = 0.01102185972193558, Final residual = 0.0007928306818708751, No Iterations 4, Solve time = 276.23 ms
Schwarz(Jacobi)+Bicgstab:  Solving for Uz, Initial residual = 0.0024769552341441996, Final residual = 0.00012078424322059147, No Iterations 4, Solve time = 276.23 ms
[mem] after-UEqn: DEVICE_POOL current=22752 MB  actual(reserved)=38146 MB  highWater=28040 MB
[GinkgoSolver] p-cache: reuse(update_matrix_value) solve=12 rebuildInterval=100
config(Cg+Schwarz(Multigrid)):  Solving for p, Initial residual = 0.012052072482803388, Final residual = 0.00011813073267819686, No Iterations 67, Solve time = 1898.064 ms
time step continuity errors : sum local = 2.3692538706435694e-05, global = 2.2447555111346615e-06, cumulative = 6.202111419030798e-06
[mem] after-pEqn: DEVICE_POOL current=22752 MB  actual(reserved)=38146 MB  highWater=28040 MB
[GinkgoSolver] p-cache: reuse(update_matrix_value) solve=12 rebuildInterval=0
Schwarz(Jacobi)+Bicgstab:  Solving for omega, Initial residual = 0.0001560678074757021, Final residual = 7.1416542731078936e-06, No Iterations 2, Solve time = 73.372 ms
[GinkgoSolver] p-cache: reuse(update_matrix_value) solve=12 rebuildInterval=0
Schwarz(Jacobi)+Bicgstab:  Solving for k, Initial residual = 0.0003876338832604118, Final residual = 2.57367089672036e-05, No Iterations 2, Solve time = 73.242 ms
[mem] after-turb: DEVICE_POOL current=22752 MB  actual(reserved)=38146 MB  highWater=28040 MB
ExecutionTime = 88.61 s  ClockTime = 89 s

Time = 13
[mem] step-start: DEVICE_POOL current=22752 MB  actual(reserved)=38146 MB  highWater=28040 MB
Schwarz(Jacobi)+Bicgstab:  Solving for Ux, Initial residual = 0.00021554769451534637, Final residual = 9.419912262051486e-06, No Iterations 4, Solve time = 279.297 ms
Schwarz(Jacobi)+Bicgstab:  Solving for Uy, Initial residual = 0.010261558694194177, Final residual = 0.0005805561322626189, No Iterations 4, Solve time = 279.297 ms
Schwarz(Jacobi)+Bicgstab:  Solving for Uz, Initial residual = 0.0022903999917392873, Final residual = 0.00010872947787711717, No Iterations 4, Solve time = 279.297 ms
[mem] after-UEqn: DEVICE_POOL current=22752 MB  actual(reserved)=38146 MB  highWater=28040 MB
[GinkgoSolver] p-cache: reuse(update_matrix_value) solve=13 rebuildInterval=100
config(Cg+Schwarz(Multigrid)):  Solving for p, Initial residual = 0.010632445684912303, Final residual = 0.00010627445230261805, No Iterations 63, Solve time = 1789.644 ms
time step continuity errors : sum local = 2.3758363688359033e-05, global = 1.995567123187143e-06, cumulative = 8.19767854221794e-06
[mem] after-pEqn: DEVICE_POOL current=22752 MB  actual(reserved)=38146 MB  highWater=28040 MB
[GinkgoSolver] p-cache: reuse(update_matrix_value) solve=13 rebuildInterval=0
Schwarz(Jacobi)+Bicgstab:  Solving for omega, Initial residual = 0.0001349613766507463, Final residual = 6.423098352858996e-06, No Iterations 2, Solve time = 73.811 ms
[GinkgoSolver] p-cache: reuse(update_matrix_value) solve=13 rebuildInterval=0
Schwarz(Jacobi)+Bicgstab:  Solving for k, Initial residual = 0.0003677350664449385, Final residual = 2.5895443939365834e-05, No Iterations 2, Solve time = 73.057 ms
[mem] after-turb: DEVICE_POOL current=22752 MB  actual(reserved)=38146 MB  highWater=28040 MB
ExecutionTime = 92.38 s  ClockTime = 93 s

Time = 14
[mem] step-start: DEVICE_POOL current=22752 MB  actual(reserved)=38146 MB  highWater=28040 MB
Schwarz(Jacobi)+Bicgstab:  Solving for Ux, Initial residual = 0.0002053612891186781, Final residual = 1.3124158577775e-05, No Iterations 4, Solve time = 281.45 ms
Schwarz(Jacobi)+Bicgstab:  Solving for Uy, Initial residual = 0.009292584864318484, Final residual = 0.0012197849414731575, No Iterations 4, Solve time = 281.45 ms
Schwarz(Jacobi)+Bicgstab:  Solving for Uz, Initial residual = 0.0020905409427254724, Final residual = 0.00020897645575050785, No Iterations 4, Solve time = 281.45 ms
[mem] after-UEqn: DEVICE_POOL current=22752 MB  actual(reserved)=38146 MB  highWater=28040 MB
[GinkgoSolver] p-cache: reuse(update_matrix_value) solve=14 rebuildInterval=100
config(Cg+Schwarz(Multigrid)):  Solving for p, Initial residual = 0.009250599504639198, Final residual = 9.213483816319346e-05, No Iterations 37, Solve time = 1440.323 ms
time step continuity errors : sum local = 2.2880198832399284e-05, global = 3.514184174093273e-07, cumulative = 8.549096959627268e-06
[mem] after-pEqn: DEVICE_POOL current=22752 MB  actual(reserved)=38146 MB  highWater=28040 MB
[GinkgoSolver] p-cache: reuse(update_matrix_value) solve=14 rebuildInterval=0
Schwarz(Jacobi)+Bicgstab:  Solving for omega, Initial residual = 0.00012046095783518584, Final residual = 5.876922756103378e-06, No Iterations 2, Solve time = 73.463 ms
[GinkgoSolver] p-cache: reuse(update_matrix_value) solve=14 rebuildInterval=0
Schwarz(Jacobi)+Bicgstab:  Solving for k, Initial residual = 0.00036022826452510617, Final residual = 2.91149975289432e-05, No Iterations 2, Solve time = 72.262 ms
[mem] after-turb: DEVICE_POOL current=22752 MB  actual(reserved)=38146 MB  highWater=28040 MB
ExecutionTime = 95.56 s  ClockTime = 96 s

Time = 15
[mem] step-start: DEVICE_POOL current=22752 MB  actual(reserved)=38146 MB  highWater=28040 MB
Schwarz(Jacobi)+Bicgstab:  Solving for Ux, Initial residual = 0.00019749084230716817, Final residual = 1.531695926320348e-05, No Iterations 4, Solve time = 262.725 ms
Schwarz(Jacobi)+Bicgstab:  Solving for Uy, Initial residual = 0.00857490516364014, Final residual = 0.000500950913710725, No Iterations 4, Solve time = 262.725 ms
Schwarz(Jacobi)+Bicgstab:  Solving for Uz, Initial residual = 0.0019453822533662996, Final residual = 0.0001040612883222743, No Iterations 4, Solve time = 262.725 ms
[mem] after-UEqn: DEVICE_POOL current=22752 MB  actual(reserved)=38146 MB  highWater=28040 MB
[GinkgoSolver] p-cache: reuse(update_matrix_value) solve=15 rebuildInterval=100
config(Cg+Schwarz(Multigrid)):  Solving for p, Initial residual = 0.008357094907503892, Final residual = 7.789258337709533e-05, No Iterations 61, Solve time = 1731.306 ms
time step continuity errors : sum local = 2.074153453601642e-05, global = -1.9252632628182634e-06, cumulative = 6.623833696809005e-06
[mem] after-pEqn: DEVICE_POOL current=22752 MB  actual(reserved)=38146 MB  highWater=28040 MB
[GinkgoSolver] p-cache: reuse(update_matrix_value) solve=15 rebuildInterval=0
Schwarz(Jacobi)+Bicgstab:  Solving for omega, Initial residual = 0.00010974783233119911, Final residual = 5.422317251087567e-06, No Iterations 2, Solve time = 72.475 ms
[GinkgoSolver] p-cache: reuse(update_matrix_value) solve=15 rebuildInterval=0
Schwarz(Jacobi)+Bicgstab:  Solving for k, Initial residual = 0.00035463845141413155, Final residual = 9.500546439751948e-06, No Iterations 3, Solve time = 95.723 ms
[mem] after-turb: DEVICE_POOL current=22752 MB  actual(reserved)=38146 MB  highWater=28040 MB
ExecutionTime = 99.28 s  ClockTime = 100 s

Time = 16
[mem] step-start: DEVICE_POOL current=22752 MB  actual(reserved)=38146 MB  highWater=28040 MB
Schwarz(Jacobi)+Bicgstab:  Solving for Ux, Initial residual = 0.00019092599266330582, Final residual = 5.554637746314278e-06, No Iterations 5, Solve time = 336.255 ms
Schwarz(Jacobi)+Bicgstab:  Solving for Uy, Initial residual = 0.008171009374090434, Final residual = 0.0002143741174559065, No Iterations 5, Solve time = 336.255 ms
Schwarz(Jacobi)+Bicgstab:  Solving for Uz, Initial residual = 0.0018854170454894867, Final residual = 7.512987755992333e-05, No Iterations 5, Solve time = 336.255 ms
[mem] after-UEqn: DEVICE_POOL current=22752 MB  actual(reserved)=38146 MB  highWater=28040 MB
[GinkgoSolver] p-cache: reuse(update_matrix_value) solve=16 rebuildInterval=100
config(Cg+Schwarz(Multigrid)):  Solving for p, Initial residual = 0.007729750686874687, Final residual = 7.488040392161416e-05, No Iterations 34, Solve time = 988.893 ms
time step continuity errors : sum local = 2.107751553438737e-05, global = 1.07574187466059e-06, cumulative = 7.699575571469595e-06
[mem] after-pEqn: DEVICE_POOL current=22752 MB  actual(reserved)=38146 MB  highWater=28040 MB
[GinkgoSolver] p-cache: reuse(update_matrix_value) solve=16 rebuildInterval=0
Schwarz(Jacobi)+Bicgstab:  Solving for omega, Initial residual = 0.00010123599179795659, Final residual = 5.115420706022058e-06, No Iterations 2, Solve time = 72.887 ms
[GinkgoSolver] p-cache: reuse(update_matrix_value) solve=16 rebuildInterval=0
Schwarz(Jacobi)+Bicgstab:  Solving for k, Initial residual = 0.00035200095986433736, Final residual = 2.7328261249898986e-05, No Iterations 2, Solve time = 72.729 ms
[mem] after-turb: DEVICE_POOL current=22752 MB  actual(reserved)=38146 MB  highWater=28040 MB
ExecutionTime = 102.33 s  ClockTime = 103 s

Time = 17
[mem] step-start: DEVICE_POOL current=22752 MB  actual(reserved)=38146 MB  highWater=28040 MB
Schwarz(Jacobi)+Bicgstab:  Solving for Ux, Initial residual = 0.00018386607220083304, Final residual = 3.708260430342464e-06, No Iterations 5, Solve time = 345.339 ms
Schwarz(Jacobi)+Bicgstab:  Solving for Uy, Initial residual = 0.007884639177693803, Final residual = 0.00029747976282653936, No Iterations 5, Solve time = 345.339 ms
Schwarz(Jacobi)+Bicgstab:  Solving for Uz, Initial residual = 0.001819699369196613, Final residual = 4.543741133275509e-05, No Iterations 5, Solve time = 345.339 ms
[mem] after-UEqn: DEVICE_POOL current=22752 MB  actual(reserved)=38146 MB  highWater=28040 MB
[GinkgoSolver] p-cache: reuse(update_matrix_value) solve=17 rebuildInterval=100
config(Cg+Schwarz(Multigrid)):  Solving for p, Initial residual = 0.00727849165112584, Final residual = 7.134507717346184e-05, No Iterations 56, Solve time = 1595.82 ms
time step continuity errors : sum local = 2.090608097339628e-05, global = -1.854229284147169e-06, cumulative = 5.845346287322426e-06
[mem] after-pEqn: DEVICE_POOL current=22752 MB  actual(reserved)=38146 MB  highWater=28040 MB
[GinkgoSolver] p-cache: reuse(update_matrix_value) solve=17 rebuildInterval=0
Schwarz(Jacobi)+Bicgstab:  Solving for omega, Initial residual = 9.435350607247158e-05, Final residual = 4.814442530631324e-06, No Iterations 2, Solve time = 72.555 ms
[GinkgoSolver] p-cache: reuse(update_matrix_value) solve=17 rebuildInterval=0
Schwarz(Jacobi)+Bicgstab:  Solving for k, Initial residual = 0.0003505160142871118, Final residual = 8.387749564623948e-06, No Iterations 3, Solve time = 96.072 ms
[mem] after-turb: DEVICE_POOL current=22752 MB  actual(reserved)=38146 MB  highWater=28040 MB
ExecutionTime = 106 s  ClockTime = 107 s

Time = 18
[mem] step-start: DEVICE_POOL current=22752 MB  actual(reserved)=38146 MB  highWater=28040 MB
Schwarz(Jacobi)+Bicgstab:  Solving for Ux, Initial residual = 0.00017584679407075727, Final residual = 1.9945161012131365e-05, No Iterations 4, Solve time = 276.48 ms
Schwarz(Jacobi)+Bicgstab:  Solving for Uy, Initial residual = 0.007563772324238379, Final residual = 0.0004878597060973622, No Iterations 4, Solve time = 276.48 ms
Schwarz(Jacobi)+Bicgstab:  Solving for Uz, Initial residual = 0.0017463009324389979, Final residual = 7.11982179816275e-05, No Iterations 4, Solve time = 276.48 ms
[mem] after-UEqn: DEVICE_POOL current=22752 MB  actual(reserved)=38146 MB  highWater=28040 MB
[GinkgoSolver] p-cache: reuse(update_matrix_value) solve=18 rebuildInterval=100
config(Cg+Schwarz(Multigrid)):  Solving for p, Initial residual = 0.0069474518442648875, Final residual = 6.936977003246847e-05, No Iterations 27, Solve time = 792.57 ms
time step continuity errors : sum local = 2.0936376904685492e-05, global = 8.552843334246186e-07, cumulative = 6.7006306207470445e-06
[mem] after-pEqn: DEVICE_POOL current=22752 MB  actual(reserved)=38146 MB  highWater=28040 MB
[GinkgoSolver] p-cache: reuse(update_matrix_value) solve=18 rebuildInterval=0
Schwarz(Jacobi)+Bicgstab:  Solving for omega, Initial residual = 8.841529800584134e-05, Final residual = 4.630709852891997e-06, No Iterations 2, Solve time = 73.478 ms
[GinkgoSolver] p-cache: reuse(update_matrix_value) solve=18 rebuildInterval=0
Schwarz(Jacobi)+Bicgstab:  Solving for k, Initial residual = 0.00035150514960564157, Final residual = 3.373585449093315e-05, No Iterations 2, Solve time = 73.459 ms
[mem] after-turb: DEVICE_POOL current=22752 MB  actual(reserved)=38146 MB  highWater=28040 MB
ExecutionTime = 108.79 s  ClockTime = 110 s

Time = 19
[mem] step-start: DEVICE_POOL current=22752 MB  actual(reserved)=38146 MB  highWater=28040 MB
Schwarz(Jacobi)+Bicgstab:  Solving for Ux, Initial residual = 0.0001690124315844164, Final residual = 2.651704708930812e-06, No Iterations 5, Solve time = 339.61 ms
Schwarz(Jacobi)+Bicgstab:  Solving for Uy, Initial residual = 0.007330519910661154, Final residual = 0.00017299401010545997, No Iterations 5, Solve time = 339.61 ms
Schwarz(Jacobi)+Bicgstab:  Solving for Uz, Initial residual = 0.0017013934188787989, Final residual = 3.626207765840684e-05, No Iterations 5, Solve time = 339.61 ms
[mem] after-UEqn: DEVICE_POOL current=22752 MB  actual(reserved)=38146 MB  highWater=28040 MB
[GinkgoSolver] p-cache: reuse(update_matrix_value) solve=19 rebuildInterval=100
config(Cg+Schwarz(Multigrid)):  Solving for p, Initial residual = 0.006724061849634899, Final residual = 6.346788098197751e-05, No Iterations 56, Solve time = 1594.193 ms
time step continuity errors : sum local = 1.9363601280948602e-05, global = 2.1374082440279237e-09, cumulative = 6.702768028991073e-06
[mem] after-pEqn: DEVICE_POOL current=22752 MB  actual(reserved)=38146 MB  highWater=28040 MB
[GinkgoSolver] p-cache: reuse(update_matrix_value) solve=19 rebuildInterval=0
Schwarz(Jacobi)+Bicgstab:  Solving for omega, Initial residual = 8.329121521379394e-05, Final residual = 4.409806103740777e-06, No Iterations 2, Solve time = 71.988 ms
[GinkgoSolver] p-cache: reuse(update_matrix_value) solve=19 rebuildInterval=0
Schwarz(Jacobi)+Bicgstab:  Solving for k, Initial residual = 0.00035088451006459493, Final residual = 8.650710766768197e-06, No Iterations 3, Solve time = 95.294 ms
[mem] after-turb: DEVICE_POOL current=22752 MB  actual(reserved)=38146 MB  highWater=28040 MB
ExecutionTime = 112.45 s  ClockTime = 113 s

Time = 20
[mem] step-start: DEVICE_POOL current=22752 MB  actual(reserved)=38146 MB  highWater=28040 MB
Schwarz(Jacobi)+Bicgstab:  Solving for Ux, Initial residual = 0.0001621357934869449, Final residual = 1.0089557543528504e-05, No Iterations 4, Solve time = 266.669 ms
Schwarz(Jacobi)+Bicgstab:  Solving for Uy, Initial residual = 0.007228929933970415, Final residual = 0.0004863333138265644, No Iterations 4, Solve time = 266.669 ms
Schwarz(Jacobi)+Bicgstab:  Solving for Uz, Initial residual = 0.0016961487735924782, Final residual = 6.740335305051851e-05, No Iterations 4, Solve time = 266.669 ms
[mem] after-UEqn: DEVICE_POOL current=22752 MB  actual(reserved)=38146 MB  highWater=28040 MB
[GinkgoSolver] p-cache: reuse(update_matrix_value) solve=20 rebuildInterval=100
config(Cg+Schwarz(Multigrid)):  Solving for p, Initial residual = 0.006417012198988959, Final residual = 6.340746547034899e-05, No Iterations 27, Solve time = 792.659 ms
time step continuity errors : sum local = 1.9779651950619685e-05, global = -1.41863035574966e-07, cumulative = 6.5609049934161066e-06
[mem] after-pEqn: DEVICE_POOL current=22752 MB  actual(reserved)=38146 MB  highWater=28040 MB
[GinkgoSolver] p-cache: reuse(update_matrix_value) solve=20 rebuildInterval=0
Schwarz(Jacobi)+Bicgstab:  Solving for omega, Initial residual = 7.812083695408268e-05, Final residual = 4.20185983019592e-06, No Iterations 2, Solve time = 73.461 ms
[GinkgoSolver] p-cache: reuse(update_matrix_value) solve=20 rebuildInterval=0
Schwarz(Jacobi)+Bicgstab:  Solving for k, Initial residual = 0.00035051478898560717, Final residual = 8.269924637984927e-06, No Iterations 3, Solve time = 95.415 ms
[mem] after-turb: DEVICE_POOL current=22752 MB  actual(reserved)=38146 MB  highWater=28040 MB
ExecutionTime = 115.27 s  ClockTime = 116 s

Time = 21
[mem] step-start: DEVICE_POOL current=22752 MB  actual(reserved)=38146 MB  highWater=28040 MB
Schwarz(Jacobi)+Bicgstab:  Solving for Ux, Initial residual = 0.0001581540514252846, Final residual = 1.0049558963414532e-05, No Iterations 3, Solve time = 228.196 ms
Schwarz(Jacobi)+Bicgstab:  Solving for Uy, Initial residual = 0.007219988743266712, Final residual = 0.0006058445723281362, No Iterations 3, Solve time = 228.196 ms
Schwarz(Jacobi)+Bicgstab:  Solving for Uz, Initial residual = 0.001711037543219949, Final residual = 0.00015669604614633605, No Iterations 3, Solve time = 228.196 ms
[mem] after-UEqn: DEVICE_POOL current=22752 MB  actual(reserved)=38146 MB  highWater=28040 MB
[GinkgoSolver] p-cache: reuse(update_matrix_value) solve=21 rebuildInterval=100
config(Cg+Schwarz(Multigrid)):  Solving for p, Initial residual = 0.006241605670130195, Final residual = 6.061774067813343e-05, No Iterations 27, Solve time = 793.615 ms
time step continuity errors : sum local = 1.8988151190662727e-05, global = -3.881247756039846e-07, cumulative = 6.172780217812122e-06
[mem] after-pEqn: DEVICE_POOL current=22752 MB  actual(reserved)=38146 MB  highWater=28040 MB
[GinkgoSolver] p-cache: reuse(update_matrix_value) solve=21 rebuildInterval=0
Schwarz(Jacobi)+Bicgstab:  Solving for omega, Initial residual = 7.375977359337001e-05, Final residual = 4.0290860254573255e-06, No Iterations 2, Solve time = 72.57 ms
[GinkgoSolver] p-cache: reuse(update_matrix_value) solve=21 rebuildInterval=0
Schwarz(Jacobi)+Bicgstab:  Solving for k, Initial residual = 0.0003520842795041643, Final residual = 8.395154304586878e-06, No Iterations 3, Solve time = 95.209 ms
[mem] after-turb: DEVICE_POOL current=22752 MB  actual(reserved)=38146 MB  highWater=28040 MB
ExecutionTime = 118.01 s  ClockTime = 119 s

Time = 22
[mem] step-start: DEVICE_POOL current=22752 MB  actual(reserved)=38146 MB  highWater=28040 MB
Schwarz(Jacobi)+Bicgstab:  Solving for Ux, Initial residual = 0.0001556332413882846, Final residual = 9.435752560186618e-06, No Iterations 3, Solve time = 223.923 ms
Schwarz(Jacobi)+Bicgstab:  Solving for Uy, Initial residual = 0.007198226939670024, Final residual = 0.000588092658253007, No Iterations 3, Solve time = 223.923 ms
Schwarz(Jacobi)+Bicgstab:  Solving for Uz, Initial residual = 0.0017345233513051028, Final residual = 0.00014520654927538556, No Iterations 3, Solve time = 223.923 ms
[mem] after-UEqn: DEVICE_POOL current=22752 MB  actual(reserved)=38146 MB  highWater=28040 MB
[GinkgoSolver] p-cache: reuse(update_matrix_value) solve=22 rebuildInterval=100
config(Cg+Schwarz(Multigrid)):  Solving for p, Initial residual = 0.006122884356672852, Final residual = 6.045932290483781e-05, No Iterations 27, Solve time = 793.57 ms
time step continuity errors : sum local = 1.9037313667558982e-05, global = -4.86524326841241e-07, cumulative = 5.686255890970881e-06
[mem] after-pEqn: DEVICE_POOL current=22752 MB  actual(reserved)=38146 MB  highWater=28040 MB
[GinkgoSolver] p-cache: reuse(update_matrix_value) solve=22 rebuildInterval=0
Schwarz(Jacobi)+Bicgstab:  Solving for omega, Initial residual = 6.984318473736267e-05, Final residual = 3.8788753907384985e-06, No Iterations 2, Solve time = 72.967 ms
[GinkgoSolver] p-cache: reuse(update_matrix_value) solve=22 rebuildInterval=0
Schwarz(Jacobi)+Bicgstab:  Solving for k, Initial residual = 0.0003546455869108376, Final residual = 8.599462658623208e-06, No Iterations 3, Solve time = 96.885 ms
[mem] after-turb: DEVICE_POOL current=22752 MB  actual(reserved)=38146 MB  highWater=28040 MB
ExecutionTime = 120.76 s  ClockTime = 122 s

Time = 23
[mem] step-start: DEVICE_POOL current=22752 MB  actual(reserved)=38146 MB  highWater=28040 MB
Schwarz(Jacobi)+Bicgstab:  Solving for Ux, Initial residual = 0.00015344859712666667, Final residual = 9.898626244801485e-06, No Iterations 4, Solve time = 274.815 ms
Schwarz(Jacobi)+Bicgstab:  Solving for Uy, Initial residual = 0.007106733021707806, Final residual = 0.0002956852910196416, No Iterations 4, Solve time = 274.815 ms
Schwarz(Jacobi)+Bicgstab:  Solving for Uz, Initial residual = 0.0017472127249537537, Final residual = 7.930884434000103e-05, No Iterations 4, Solve time = 274.815 ms
[mem] after-UEqn: DEVICE_POOL current=22752 MB  actual(reserved)=38146 MB  highWater=28040 MB
[GinkgoSolver] p-cache: reuse(update_matrix_value) solve=23 rebuildInterval=100
config(Cg+Schwarz(Multigrid)):  Solving for p, Initial residual = 0.006009627967869625, Final residual = 5.9543337579595336e-05, No Iterations 26, Solve time = 765.903 ms
time step continuity errors : sum local = 1.8864564407377783e-05, global = -5.038938876194313e-07, cumulative = 5.182362003351449e-06
[mem] after-pEqn: DEVICE_POOL current=22752 MB  actual(reserved)=38146 MB  highWater=28040 MB
[GinkgoSolver] p-cache: reuse(update_matrix_value) solve=23 rebuildInterval=0
Schwarz(Jacobi)+Bicgstab:  Solving for omega, Initial residual = 6.627522666571121e-05, Final residual = 3.732574789120025e-06, No Iterations 2, Solve time = 73.167 ms
[GinkgoSolver] p-cache: reuse(update_matrix_value) solve=23 rebuildInterval=0
Schwarz(Jacobi)+Bicgstab:  Solving for k, Initial residual = 0.00035665982679357295, Final residual = 8.754134257873212e-06, No Iterations 3, Solve time = 96.386 ms
[mem] after-turb: DEVICE_POOL current=22752 MB  actual(reserved)=38146 MB  highWater=28040 MB
ExecutionTime = 123.54 s  ClockTime = 125 s

Time = 24
[mem] step-start: DEVICE_POOL current=22752 MB  actual(reserved)=38146 MB  highWater=28040 MB
Schwarz(Jacobi)+Bicgstab:  Solving for Ux, Initial residual = 0.000151436902280715, Final residual = 7.164541313812604e-06, No Iterations 4, Solve time = 278.005 ms
Schwarz(Jacobi)+Bicgstab:  Solving for Uy, Initial residual = 0.006944555833602456, Final residual = 0.00042036407023975325, No Iterations 4, Solve time = 278.005 ms
Schwarz(Jacobi)+Bicgstab:  Solving for Uz, Initial residual = 0.0017472601752035197, Final residual = 0.0002474600114935799, No Iterations 4, Solve time = 278.005 ms
[mem] after-UEqn: DEVICE_POOL current=22752 MB  actual(reserved)=38146 MB  highWater=28040 MB
[GinkgoSolver] p-cache: reuse(update_matrix_value) solve=24 rebuildInterval=100
config(Cg+Schwarz(Multigrid)):  Solving for p, Initial residual = 0.005899292980570299, Final residual = 5.767242719575398e-05, No Iterations 23, Solve time = 682.372 ms
time step continuity errors : sum local = 1.8366090529560712e-05, global = -4.717232652946945e-07, cumulative = 4.7106387380567546e-06
[mem] after-pEqn: DEVICE_POOL current=22752 MB  actual(reserved)=38146 MB  highWater=28040 MB
[GinkgoSolver] p-cache: reuse(update_matrix_value) solve=24 rebuildInterval=0
Schwarz(Jacobi)+Bicgstab:  Solving for omega, Initial residual = 6.309087122770183e-05, Final residual = 3.594319325473775e-06, No Iterations 2, Solve time = 71.885 ms
[GinkgoSolver] p-cache: reuse(update_matrix_value) solve=24 rebuildInterval=0
Schwarz(Jacobi)+Bicgstab:  Solving for k, Initial residual = 0.00036015024983396336, Final residual = 8.876987671449759e-06, No Iterations 3, Solve time = 95.585 ms
[mem] after-turb: DEVICE_POOL current=22752 MB  actual(reserved)=38146 MB  highWater=28040 MB
ExecutionTime = 126.25 s  ClockTime = 127 s

Time = 25
[mem] step-start: DEVICE_POOL current=22752 MB  actual(reserved)=38146 MB  highWater=28040 MB
Schwarz(Jacobi)+Bicgstab:  Solving for Ux, Initial residual = 0.0001494240701435595, Final residual = 1.65622079728144e-05, No Iterations 3, Solve time = 230.164 ms
Schwarz(Jacobi)+Bicgstab:  Solving for Uy, Initial residual = 0.006737734625003835, Final residual = 0.0006606761714290582, No Iterations 3, Solve time = 230.164 ms
Schwarz(Jacobi)+Bicgstab:  Solving for Uz, Initial residual = 0.0017536053635707222, Final residual = 0.00013808523266089622, No Iterations 3, Solve time = 230.164 ms
[mem] after-UEqn: DEVICE_POOL current=22752 MB  actual(reserved)=38146 MB  highWater=28040 MB
[GinkgoSolver] p-cache: reuse(update_matrix_value) solve=25 rebuildInterval=100
config(Cg+Schwarz(Multigrid)):  Solving for p, Initial residual = 0.005798247298413354, Final residual = 5.757925819161696e-05, No Iterations 22, Solve time = 653.901 ms
time step continuity errors : sum local = 1.8364474301856432e-05, global = -3.023211735071236e-07, cumulative = 4.408317564549631e-06
[mem] after-pEqn: DEVICE_POOL current=22752 MB  actual(reserved)=38146 MB  highWater=28040 MB
[GinkgoSolver] p-cache: reuse(update_matrix_value) solve=25 rebuildInterval=0
Schwarz(Jacobi)+Bicgstab:  Solving for omega, Initial residual = 6.0220738669764545e-05, Final residual = 3.4508613134426493e-06, No Iterations 2, Solve time = 74.531 ms
[GinkgoSolver] p-cache: reuse(update_matrix_value) solve=25 rebuildInterval=0
Schwarz(Jacobi)+Bicgstab:  Solving for k, Initial residual = 0.0003632151365004567, Final residual = 9.03124056073825e-06, No Iterations 3, Solve time = 96.537 ms
[mem] after-turb: DEVICE_POOL current=22752 MB  actual(reserved)=38146 MB  highWater=28040 MB
ExecutionTime = 128.87 s  ClockTime = 130 s

Time = 26
[mem] step-start: DEVICE_POOL current=22752 MB  actual(reserved)=38146 MB  highWater=28040 MB
Schwarz(Jacobi)+Bicgstab:  Solving for Ux, Initial residual = 0.00014706809072239675, Final residual = 9.804316201863312e-06, No Iterations 3, Solve time = 222.435 ms
Schwarz(Jacobi)+Bicgstab:  Solving for Uy, Initial residual = 0.006583575608578606, Final residual = 0.0004908744052154359, No Iterations 3, Solve time = 222.435 ms
Schwarz(Jacobi)+Bicgstab:  Solving for Uz, Initial residual = 0.001755368398694858, Final residual = 0.0001419269405063782, No Iterations 3, Solve time = 222.435 ms
[mem] after-UEqn: DEVICE_POOL current=22752 MB  actual(reserved)=38146 MB  highWater=28040 MB
[GinkgoSolver] p-cache: reuse(update_matrix_value) solve=26 rebuildInterval=100
config(Cg+Schwarz(Multigrid)):  Solving for p, Initial residual = 0.0057195602201172676, Final residual = 5.6971492633286236e-05, No Iterations 24, Solve time = 708.394 ms
time step continuity errors : sum local = 1.814167519318116e-05, global = -2.6650223482495155e-08, cumulative = 4.381667341067136e-06
[mem] after-pEqn: DEVICE_POOL current=22752 MB  actual(reserved)=38146 MB  highWater=28040 MB
[GinkgoSolver] p-cache: reuse(update_matrix_value) solve=26 rebuildInterval=0
Schwarz(Jacobi)+Bicgstab:  Solving for omega, Initial residual = 5.770676936368423e-05, Final residual = 3.347124499209546e-06, No Iterations 2, Solve time = 72.617 ms
bounding omega, min: -44102.0246493099 max: 45356128.03345024 average: 7144.905706904899
[GinkgoSolver] p-cache: reuse(update_matrix_value) solve=26 rebuildInterval=0
Schwarz(Jacobi)+Bicgstab:  Solving for k, Initial residual = 0.0003672904011513937, Final residual = 9.263315204950268e-06, No Iterations 3, Solve time = 96.705 ms
[mem] after-turb: DEVICE_POOL current=22752 MB  actual(reserved)=38146 MB  highWater=28040 MB
ExecutionTime = 131.56 s  ClockTime = 133 s

Time = 27
[mem] step-start: DEVICE_POOL current=22752 MB  actual(reserved)=38146 MB  highWater=28040 MB
Schwarz(Jacobi)+Bicgstab:  Solving for Ux, Initial residual = 0.00014477126399230913, Final residual = 9.583461293491574e-06, No Iterations 3, Solve time = 234.625 ms
Schwarz(Jacobi)+Bicgstab:  Solving for Uy, Initial residual = 0.006452055645383771, Final residual = 0.00045632534736838584, No Iterations 3, Solve time = 234.625 ms
Schwarz(Jacobi)+Bicgstab:  Solving for Uz, Initial residual = 0.0017590546498010549, Final residual = 0.00014150377365349274, No Iterations 3, Solve time = 234.625 ms
[mem] after-UEqn: DEVICE_POOL current=22752 MB  actual(reserved)=38146 MB  highWater=28040 MB
[GinkgoSolver] p-cache: reuse(update_matrix_value) solve=27 rebuildInterval=100
config(Cg+Schwarz(Multigrid)):  Solving for p, Initial residual = 0.005660687579691805, Final residual = 5.379497459508135e-05, No Iterations 29, Solve time = 1229.718 ms
time step continuity errors : sum local = 1.70212410893083e-05, global = 2.0162433193984369e-07, cumulative = 4.583291673006979e-06
[mem] after-pEqn: DEVICE_POOL current=22752 MB  actual(reserved)=38146 MB  highWater=28040 MB
[GinkgoSolver] p-cache: reuse(update_matrix_value) solve=27 rebuildInterval=0
Schwarz(Jacobi)+Bicgstab:  Solving for omega, Initial residual = 5.5436475836728644e-05, Final residual = 3.2488819357935904e-06, No Iterations 2, Solve time = 73.145 ms
[GinkgoSolver] p-cache: reuse(update_matrix_value) solve=27 rebuildInterval=0
Schwarz(Jacobi)+Bicgstab:  Solving for k, Initial residual = 0.00037221598835273956, Final residual = 9.788451115554675e-06, No Iterations 3, Solve time = 96.268 ms
[mem] after-turb: DEVICE_POOL current=22752 MB  actual(reserved)=38146 MB  highWater=28040 MB
ExecutionTime = 134.6 s  ClockTime = 136 s

Time = 28
[mem] step-start: DEVICE_POOL current=22752 MB  actual(reserved)=38146 MB  highWater=28040 MB
Schwarz(Jacobi)+Bicgstab:  Solving for Ux, Initial residual = 0.00014260685383788352, Final residual = 9.436014620630453e-06, No Iterations 3, Solve time = 229.998 ms
Schwarz(Jacobi)+Bicgstab:  Solving for Uy, Initial residual = 0.006328987274406198, Final residual = 0.00045133445943322775, No Iterations 3, Solve time = 229.998 ms
Schwarz(Jacobi)+Bicgstab:  Solving for Uz, Initial residual = 0.001761443872639762, Final residual = 0.00013931219449816876, No Iterations 3, Solve time = 229.998 ms
[mem] after-UEqn: DEVICE_POOL current=22752 MB  actual(reserved)=38146 MB  highWater=28040 MB
[GinkgoSolver] p-cache: reuse(update_matrix_value) solve=28 rebuildInterval=100
config(Cg+Schwarz(Multigrid)):  Solving for p, Initial residual = 0.005664682400705075, Final residual = 5.402300432126849e-05, No Iterations 29, Solve time = 850.912 ms
time step continuity errors : sum local = 1.6819011201485167e-05, global = 3.2845623964329556e-07, cumulative = 4.911747912650275e-06
[mem] after-pEqn: DEVICE_POOL current=22752 MB  actual(reserved)=38146 MB  highWater=28040 MB
[GinkgoSolver] p-cache: reuse(update_matrix_value) solve=28 rebuildInterval=0
Schwarz(Jacobi)+Bicgstab:  Solving for omega, Initial residual = 5.3452192791336256e-05, Final residual = 3.164506219489847e-06, No Iterations 2, Solve time = 74.283 ms
bounding omega, min: -122.27328499558757 max: 45356030.50248177 average: 7192.33246081108
[GinkgoSolver] p-cache: reuse(update_matrix_value) solve=28 rebuildInterval=0
Schwarz(Jacobi)+Bicgstab:  Solving for k, Initial residual = 0.000376970672229524, Final residual = 9.679256332419026e-06, No Iterations 3, Solve time = 96.343 ms
[mem] after-turb: DEVICE_POOL current=22752 MB  actual(reserved)=38146 MB  highWater=28040 MB
ExecutionTime = 137.43 s  ClockTime = 139 s

Time = 29
[mem] step-start: DEVICE_POOL current=22752 MB  actual(reserved)=38146 MB  highWater=28040 MB
Schwarz(Jacobi)+Bicgstab:  Solving for Ux, Initial residual = 0.0001394992520687297, Final residual = 1.2314113224353739e-05, No Iterations 3, Solve time = 225.342 ms
Schwarz(Jacobi)+Bicgstab:  Solving for Uy, Initial residual = 0.006221009151107306, Final residual = 0.0004460541980509007, No Iterations 3, Solve time = 225.342 ms
Schwarz(Jacobi)+Bicgstab:  Solving for Uz, Initial residual = 0.001760269202560029, Final residual = 0.0001373658833177586, No Iterations 3, Solve time = 225.342 ms
[mem] after-UEqn: DEVICE_POOL current=22752 MB  actual(reserved)=38146 MB  highWater=28040 MB
[GinkgoSolver] p-cache: reuse(update_matrix_value) solve=29 rebuildInterval=100
config(Cg+Schwarz(Multigrid)):  Solving for p, Initial residual = 0.005695319251750846, Final residual = 5.344859829737763e-05, No Iterations 27, Solve time = 793.231 ms
time step continuity errors : sum local = 1.6294888808485765e-05, global = 4.7054074481089066e-07, cumulative = 5.382288657461165e-06
[mem] after-pEqn: DEVICE_POOL current=22752 MB  actual(reserved)=38146 MB  highWater=28040 MB
[GinkgoSolver] p-cache: reuse(update_matrix_value) solve=29 rebuildInterval=0
Schwarz(Jacobi)+Bicgstab:  Solving for omega, Initial residual = 5.188385004585865e-05, Final residual = 3.108044584424241e-06, No Iterations 2, Solve time = 72.3 ms
[GinkgoSolver] p-cache: reuse(update_matrix_value) solve=29 rebuildInterval=0
Schwarz(Jacobi)+Bicgstab:  Solving for k, Initial residual = 0.0003833587987744937, Final residual = 9.858421088525657e-06, No Iterations 3, Solve time = 94.865 ms
[mem] after-turb: DEVICE_POOL current=22752 MB  actual(reserved)=38146 MB  highWater=28040 MB
ExecutionTime = 140.18 s  ClockTime = 142 s

Time = 30
[mem] step-start: DEVICE_POOL current=22752 MB  actual(reserved)=38146 MB  highWater=28040 MB
Schwarz(Jacobi)+Bicgstab:  Solving for Ux, Initial residual = 0.00013657193377192243, Final residual = 7.202912699864698e-06, No Iterations 3, Solve time = 226.865 ms
Schwarz(Jacobi)+Bicgstab:  Solving for Uy, Initial residual = 0.006134766073728958, Final residual = 0.00044873689592323277, No Iterations 3, Solve time = 226.865 ms
Schwarz(Jacobi)+Bicgstab:  Solving for Uz, Initial residual = 0.0017586351560669427, Final residual = 0.00013661687215118956, No Iterations 3, Solve time = 226.865 ms
[mem] after-UEqn: DEVICE_POOL current=22752 MB  actual(reserved)=38146 MB  highWater=28040 MB
[GinkgoSolver] p-cache: reuse(update_matrix_value) solve=30 rebuildInterval=100
config(Cg+Schwarz(Multigrid)):  Solving for p, Initial residual = 0.005704169505869075, Final residual = 5.4069722573397316e-05, No Iterations 24, Solve time = 711.521 ms
time step continuity errors : sum local = 1.614560813310965e-05, global = 6.989431894037427e-07, cumulative = 6.081231846864908e-06
[mem] after-pEqn: DEVICE_POOL current=22752 MB  actual(reserved)=38146 MB  highWater=28040 MB
[GinkgoSolver] p-cache: reuse(update_matrix_value) solve=30 rebuildInterval=0
Schwarz(Jacobi)+Bicgstab:  Solving for omega, Initial residual = 5.079812125046554e-05, Final residual = 3.0522739200797768e-06, No Iterations 2, Solve time = 73.378 ms
bounding omega, min: -91.19391472942476 max: 45356088.77510066 average: 7233.424563946879
[GinkgoSolver] p-cache: reuse(update_matrix_value) solve=30 rebuildInterval=0
Schwarz(Jacobi)+Bicgstab:  Solving for k, Initial residual = 0.0003911009341741824, Final residual = 1.0245209912593622e-05, No Iterations 3, Solve time = 95.152 ms
[mem] after-turb: DEVICE_POOL current=22752 MB  actual(reserved)=38146 MB  highWater=28040 MB
Writing p
Writing U
Writing turbulence variables
ExecutionTime = 143.84 s  ClockTime = 146 s

[mem] wrote 1006 samples to memoryTimeline.csv

BEGIN KOKKOS PROFILING REPORT:
TOTAL TIME: 148.3838886 seconds
TOP-DOWN TIME TREE:
<average time> <percent of total time> <percent time in Kokkos> <percent MPI imbalance> <remainder> <kernels per second> <number of calls> <name> [type]
===================
|-> 1.12e+02 sec 75.7% 6.6% 0.0% 0.0% 4.30e+02 30 neoSimpleFoam.timeStep [region]
|   |-> 7.06e+01 sec 47.6% 2.6% 0.0% 15.5% 3.45e+02 30 neoSimpleFoam.pressureCorrector [region]
|   |   |-> 5.83e+01 sec 39.3% 0.9% 0.0% 83.4% 7.07e+01 30 neoSimpleFoam.pressureCorrector.pEqn [region]
|   |   |   |-> 8.96e+00 sec 6.0% 0.0% 0.0% 100.0% 0.00e+00 30 ginkgo.solverSetup [region]
|   |   |   |-> 4.71e-01 sec 0.3% 92.5% 0.0% 7.5% 3.76e+03 30 assemble.spatialImplicit [region]
|   |   |   |   |-> 2.36e-01 sec 0.2% 100.0% 0.0% ------ 30 computeGradInternal [for]
|   |   |-> 7.09e-01 sec 0.5% 100.0% 0.0% ------ 90 computeGradInternal [for]
|   |   |-> 1.83e-01 sec 0.1% 100.0% 0.0% ------ 3420 fill [for]
|   |-> 2.19e+01 sec 14.7% 13.9% 0.0% 47.6% 2.64e+02 30 neoSimpleFoam.momentumPredictor [region]
|   |   |-> 8.89e+00 sec 6.0% 30.4% 0.0% 0.0% 5.81e+02 30 momentum.assemble [region]
|   |   |   |-> 8.46e+00 sec 5.7% 27.4% 0.0% 0.0% 4.90e+02 30 assemble.spatialImplicit [region]
|   |   |   |   |-> 7.32e+00 sec 4.9% 17.2% 0.0% 0.3% 3.12e+02 30 divlap.deferredCorr [region]
|   |   |   |   |   |-> 4.65e+00 sec 3.1% 1.0% 0.0% 99.0% 5.80e+01 30 luw.applyCorr [region]
|   |   |   |   |   |-> 1.40e+00 sec 0.9% 1.4% 0.0% 98.6% 2.14e+00 30 luw.gradOpCtor [region]
|   |   |   |   |   |-> 7.61e-01 sec 0.5% 96.4% 0.0% 0.0% 2.05e+03 30 luw.gradCompute [region]
|   |   |   |   |   |   |-> 5.57e-01 sec 0.4% 95.3% 0.0% 4.7% 2.21e+03 30 clg.baseGrad [region]
|   |   |   |   |   |   |   |-> 3.41e-01 sec 0.2% 100.0% 0.0% ------ 30 computeGradTensorInternal [for]
|   |   |   |   |   |   |-> 2.04e-01 sec 0.1% 99.4% 0.0% 0.6% 1.62e+03 30 clg.limiter [region]
|   |   |   |   |   |-> 2.84e-01 sec 0.2% 100.0% 0.0% ------ 30 addDivCorrectionToRhs [for]
|   |   |   |   |   |-> 1.72e-01 sec 0.1% 85.1% 0.0% 14.9% 1.22e+03 30 luw.gradAlloc [region]
|   |   |   |   |-> 1.00e+00 sec 0.7% 92.1% 0.0% 7.9% 1.68e+03 30 divlap.nonOrthCorr [region]
|   |   |   |   |   |-> 3.41e-01 sec 0.2% 100.0% 0.0% ------ 30 computeGradTensorInternal [for]
|   |   |   |   |   |-> 2.47e-01 sec 0.2% 100.0% 0.0% ------ 30 computeLaplacianImplicitCorrection [for]
|   |   |   |   |   |-> 1.94e-01 sec 0.1% 100.0% 0.0% ------ 601 fill [for]
|   |   |   |-> 3.66e-01 sec 0.2% 87.8% 0.0% 12.2% 2.29e+03 30 assemble.explicitSource [region]
|   |   |-> 1.97e+00 sec 1.3% 1.2% 0.0% 98.8% 1.37e+01 30 momentum.construct [region]
|   |   |-> 3.30e-01 sec 0.2% 94.7% 0.0% 5.3% 1.55e+03 30 assemble.explicitSource [region]
|   |   |   |-> 2.36e-01 sec 0.2% 100.0% 0.0% ------ 30 computeGradInternal [for]
|   |-> 1.80e+01 sec 12.1% 13.7% 0.0% 83.1% 1.01e+03 30 neoSimpleFoam.turbulenceCorrect [region]
|   |   |-> 1.07e+00 sec 0.7% 92.8% 0.0% 7.2% 3.52e+03 60 assemble.spatialImplicit [region]
|   |   |   |-> 4.73e-01 sec 0.3% 100.0% 0.0% ------ 60 computeGradInternal [for]
|   |   |   |-> 1.54e-01 sec 0.1% 100.0% 0.0% ------ 60 computeLocalGaussGreenDivLaplacianCoefficients [for]
|   |   |-> 4.72e-01 sec 0.3% 100.0% 0.0% ------ 60 computeGradInternal [for]
|   |   |-> 3.40e-01 sec 0.2% 100.0% 0.0% ------ 30 computeGradTensorInternal [for]
|   |   |-> 2.80e-01 sec 0.2% 0.3% 0.0% 99.7% 2.50e+02 60 ginkgo.createMtx [region]
|   |   |-> 2.26e-01 sec 0.2% 0.0% 0.0% 100.0% 0.00e+00 60 ginkgo.solverSetup [region]
|   |   |-> 1.76e-01 sec 0.1% 100.0% 0.0% ------ 1315 fill [for]
|   |-> 1.87e+00 sec 1.3% 0.0% 0.0% 100.0% 0.00e+00 30 neoSimpleFoam.write [region]
|-> 3.36e+01 sec 22.6% 0.2% 0.0% 99.8% 2.66e+01 1 neoSimpleFoam.setup [region]

BOTTOM-UP TIME TREE:
<average time> <percent of total time> <percent time in Kokkos> <percent MPI imbalance> <number of calls> <name> [type]
===================
|-> 4.87e+01 sec 32.8% 0.0% 0.0% 0.0% 0.00e+00 30 neoSimpleFoam.pressureCorrector.pEqn [region]
|   |-> 4.87e+01 sec 32.8% 0.0% 0.0% 0.0% 0.00e+00 30 neoSimpleFoam.pressureCorrector [region]
|       |-> 4.87e+01 sec 32.8% 0.0% 0.0% 0.0% 0.00e+00 30 neoSimpleFoam.timeStep [region]
|-> 3.35e+01 sec 22.6% 0.0% 0.0% 0.0% 0.00e+00 1 neoSimpleFoam.setup [region]
|-> 1.50e+01 sec 10.1% 0.0% 0.0% 0.0% 0.00e+00 30 neoSimpleFoam.turbulenceCorrect [region]
|   |-> 1.50e+01 sec 10.1% 0.0% 0.0% 0.0% 0.00e+00 30 neoSimpleFoam.timeStep [region]
|-> 1.09e+01 sec 7.4% 0.0% 0.0% 0.0% 0.00e+00 30 neoSimpleFoam.pressureCorrector [region]
|   |-> 1.09e+01 sec 7.4% 0.0% 0.0% 0.0% 0.00e+00 30 neoSimpleFoam.timeStep [region]
|-> 1.04e+01 sec 7.0% 0.0% 0.0% 0.0% 0.00e+00 30 neoSimpleFoam.momentumPredictor [region]
|   |-> 1.04e+01 sec 7.0% 0.0% 0.0% 0.0% 0.00e+00 30 neoSimpleFoam.timeStep [region]
|-> 9.30e+00 sec 6.3% 0.0% 0.0% 0.0% 0.00e+00 120 ginkgo.solverSetup [region]
|   |-> 8.96e+00 sec 6.0% 0.0% 0.0% 0.0% 0.00e+00 30 neoSimpleFoam.pressureCorrector.pEqn [region]
|   |   |-> 8.96e+00 sec 6.0% 0.0% 0.0% 0.0% 0.00e+00 30 neoSimpleFoam.pressureCorrector [region]
|   |       |-> 8.96e+00 sec 6.0% 0.0% 0.0% 0.0% 0.00e+00 30 neoSimpleFoam.timeStep [region]
|   |-> 2.26e-01 sec 0.2% 0.0% 0.0% 0.0% 0.00e+00 60 neoSimpleFoam.turbulenceCorrect [region]
|   |   |-> 2.26e-01 sec 0.2% 0.0% 0.0% 0.0% 0.00e+00 60 neoSimpleFoam.timeStep [region]
|-> 4.61e+00 sec 3.1% 0.0% 0.0% 0.0% 0.00e+00 30 luw.applyCorr [region]
|   |-> 4.61e+00 sec 3.1% 0.0% 0.0% 0.0% 0.00e+00 30 divlap.deferredCorr [region]
|       |-> 4.61e+00 sec 3.1% 0.0% 0.0% 0.0% 0.00e+00 30 assemble.spatialImplicit [region]
|           |-> 4.61e+00 sec 3.1% 0.0% 0.0% 0.0% 0.00e+00 30 momentum.assemble [region]
|               |-> 4.61e+00 sec 3.1% 0.0% 0.0% 0.0% 0.00e+00 30 neoSimpleFoam.momentumPredictor [region]
|                   |-> 4.61e+00 sec 3.1% 0.0% 0.0% 0.0% 0.00e+00 30 neoSimpleFoam.timeStep [region]
|-> 2.14e+00 sec 1.4% 100.0% 0.0% ------ 272 computeGradInternal [for]
|   |-> 7.09e-01 sec 0.5% 100.0% 0.0% 0.0% 0.00e+00 90 assemble.spatialImplicit [region]
|   |   |-> 4.73e-01 sec 0.3% 100.0% 0.0% 0.0% 0.00e+00 60 neoSimpleFoam.turbulenceCorrect [region]
|   |   |   |-> 4.73e-01 sec 0.3% 100.0% 0.0% 0.0% 0.00e+00 60 neoSimpleFoam.timeStep [region]
|   |   |-> 2.36e-01 sec 0.2% 100.0% 0.0% 0.0% 0.00e+00 30 neoSimpleFoam.pressureCorrector.pEqn [region]
|   |       |-> 2.36e-01 sec 0.2% 100.0% 0.0% 0.0% 0.00e+00 30 neoSimpleFoam.pressureCorrector [region]
|   |           |-> 2.36e-01 sec 0.2% 100.0% 0.0% 0.0% 0.00e+00 30 neoSimpleFoam.timeStep [region]
|   |-> 7.09e-01 sec 0.5% 100.0% 0.0% 0.0% 0.00e+00 90 neoSimpleFoam.pressureCorrector [region]
|   |   |-> 7.09e-01 sec 0.5% 100.0% 0.0% 0.0% 0.00e+00 90 neoSimpleFoam.timeStep [region]
|   |-> 4.72e-01 sec 0.3% 100.0% 0.0% 0.0% 0.00e+00 60 neoSimpleFoam.turbulenceCorrect [region]
|   |   |-> 4.72e-01 sec 0.3% 100.0% 0.0% 0.0% 0.00e+00 60 neoSimpleFoam.timeStep [region]
|   |-> 2.36e-01 sec 0.2% 100.0% 0.0% 0.0% 0.00e+00 30 assemble.explicitSource [region]
|   |   |-> 2.36e-01 sec 0.2% 100.0% 0.0% 0.0% 0.00e+00 30 neoSimpleFoam.momentumPredictor [region]
|   |       |-> 2.36e-01 sec 0.2% 100.0% 0.0% 0.0% 0.00e+00 30 neoSimpleFoam.timeStep [region]
|-> 1.94e+00 sec 1.3% 0.0% 0.0% 0.0% 0.00e+00 30 momentum.construct [region]
|   |-> 1.94e+00 sec 1.3% 0.0% 0.0% 0.0% 0.00e+00 30 neoSimpleFoam.momentumPredictor [region]
|       |-> 1.94e+00 sec 1.3% 0.0% 0.0% 0.0% 0.00e+00 30 neoSimpleFoam.timeStep [region]
|-> 1.87e+00 sec 1.3% 0.0% 0.0% 0.0% 0.00e+00 30 neoSimpleFoam.write [region]
|   |-> 1.87e+00 sec 1.3% 0.0% 0.0% 0.0% 0.00e+00 30 neoSimpleFoam.timeStep [region]
|-> 1.38e+00 sec 0.9% 0.0% 0.0% 0.0% 0.00e+00 30 luw.gradOpCtor [region]
|   |-> 1.38e+00 sec 0.9% 0.0% 0.0% 0.0% 0.00e+00 30 divlap.deferredCorr [region]
|       |-> 1.38e+00 sec 0.9% 0.0% 0.0% 0.0% 0.00e+00 30 assemble.spatialImplicit [region]
|           |-> 1.38e+00 sec 0.9% 0.0% 0.0% 0.0% 0.00e+00 30 momentum.assemble [region]
|               |-> 1.38e+00 sec 0.9% 0.0% 0.0% 0.0% 0.00e+00 30 neoSimpleFoam.momentumPredictor [region]
|                   |-> 1.38e+00 sec 0.9% 0.0% 0.0% 0.0% 0.00e+00 30 neoSimpleFoam.timeStep [region]
|-> 1.17e+00 sec 0.8% 100.0% 0.0% ------ 9368 fill [for]
|   |-> 1.94e-01 sec 0.1% 100.0% 0.0% 0.0% 0.00e+00 601 divlap.nonOrthCorr [region]
|   |   |-> 1.94e-01 sec 0.1% 100.0% 0.0% 0.0% 0.00e+00 601 assemble.spatialImplicit [region]
|   |       |-> 1.94e-01 sec 0.1% 100.0% 0.0% 0.0% 0.00e+00 601 momentum.assemble [region]
|   |           |-> 1.94e-01 sec 0.1% 100.0% 0.0% 0.0% 0.00e+00 601 neoSimpleFoam.momentumPredictor [region]
|   |               |-> 1.94e-01 sec 0.1% 100.0% 0.0% 0.0% 0.00e+00 601 neoSimpleFoam.timeStep [region]
|   |-> 1.83e-01 sec 0.1% 100.0% 0.0% 0.0% 0.00e+00 3420 neoSimpleFoam.pressureCorrector [region]
|   |   |-> 1.83e-01 sec 0.1% 100.0% 0.0% 0.0% 0.00e+00 3420 neoSimpleFoam.timeStep [region]
|   |-> 1.76e-01 sec 0.1% 100.0% 0.0% 0.0% 0.00e+00 1315 neoSimpleFoam.turbulenceCorrect [region]
|   |   |-> 1.76e-01 sec 0.1% 100.0% 0.0% 0.0% 0.00e+00 1315 neoSimpleFoam.timeStep [region]
|-> 1.03e+00 sec 0.7% 100.0% 0.0% ------ 91 computeGradTensorInternal [for]
|   |-> 3.41e-01 sec 0.2% 100.0% 0.0% 0.0% 0.00e+00 30 clg.baseGrad [region]
|   |   |-> 3.41e-01 sec 0.2% 100.0% 0.0% 0.0% 0.00e+00 30 luw.gradCompute [region]
|   |       |-> 3.41e-01 sec 0.2% 100.0% 0.0% 0.0% 0.00e+00 30 divlap.deferredCorr [region]
|   |           |-> 3.41e-01 sec 0.2% 100.0% 0.0% 0.0% 0.00e+00 30 assemble.spatialImplicit [region]
|   |               |-> 3.41e-01 sec 0.2% 100.0% 0.0% 0.0% 0.00e+00 30 momentum.assemble [region]
|   |                   |-> 3.41e-01 sec 0.2% 100.0% 0.0% 0.0% 0.00e+00 30 neoSimpleFoam.momentumPredictor [region]
|   |                       |-> 3.41e-01 sec 0.2% 100.0% 0.0% 0.0% 0.00e+00 30 neoSimpleFoam.timeStep [region]
|   |-> 3.41e-01 sec 0.2% 100.0% 0.0% 0.0% 0.00e+00 30 divlap.nonOrthCorr [region]
|   |   |-> 3.41e-01 sec 0.2% 100.0% 0.0% 0.0% 0.00e+00 30 assemble.spatialImplicit [region]
|   |       |-> 3.41e-01 sec 0.2% 100.0% 0.0% 0.0% 0.00e+00 30 momentum.assemble [region]
|   |           |-> 3.41e-01 sec 0.2% 100.0% 0.0% 0.0% 0.00e+00 30 neoSimpleFoam.momentumPredictor [region]
|   |               |-> 3.41e-01 sec 0.2% 100.0% 0.0% 0.0% 0.00e+00 30 neoSimpleFoam.timeStep [region]
|   |-> 3.40e-01 sec 0.2% 100.0% 0.0% 0.0% 0.00e+00 30 neoSimpleFoam.turbulenceCorrect [region]
|   |   |-> 3.40e-01 sec 0.2% 100.0% 0.0% 0.0% 0.00e+00 30 neoSimpleFoam.timeStep [region]
|-> 5.51e-01 sec 0.4% 0.0% 0.0% 0.0% 0.00e+00 120 ginkgo.createMtx [region]
|   |-> 2.79e-01 sec 0.2% 0.0% 0.0% 0.0% 0.00e+00 60 neoSimpleFoam.turbulenceCorrect [region]
|   |   |-> 2.79e-01 sec 0.2% 0.0% 0.0% 0.0% 0.00e+00 60 neoSimpleFoam.timeStep [region]
|-> 3.19e-01 sec 0.2% 100.0% 0.0% ------ 120 computeLaplacianImplicitCorrection [for]
|   |-> 2.47e-01 sec 0.2% 100.0% 0.0% 0.0% 0.00e+00 30 divlap.nonOrthCorr [region]
|   |   |-> 2.47e-01 sec 0.2% 100.0% 0.0% 0.0% 0.00e+00 30 assemble.spatialImplicit [region]
|   |       |-> 2.47e-01 sec 0.2% 100.0% 0.0% 0.0% 0.00e+00 30 momentum.assemble [region]
|   |           |-> 2.47e-01 sec 0.2% 100.0% 0.0% 0.0% 0.00e+00 30 neoSimpleFoam.momentumPredictor [region]
|   |               |-> 2.47e-01 sec 0.2% 100.0% 0.0% 0.0% 0.00e+00 30 neoSimpleFoam.timeStep [region]
|-> 2.84e-01 sec 0.2% 100.0% 0.0% ------ 30 addDivCorrectionToRhs [for]
|   |-> 2.84e-01 sec 0.2% 100.0% 0.0% 0.0% 0.00e+00 30 divlap.deferredCorr [region]
|       |-> 2.84e-01 sec 0.2% 100.0% 0.0% 0.0% 0.00e+00 30 assemble.spatialImplicit [region]
|           |-> 2.84e-01 sec 0.2% 100.0% 0.0% 0.0% 0.00e+00 30 momentum.assemble [region]
|               |-> 2.84e-01 sec 0.2% 100.0% 0.0% 0.0% 0.00e+00 30 neoSimpleFoam.momentumPredictor [region]
|                   |-> 2.84e-01 sec 0.2% 100.0% 0.0% 0.0% 0.00e+00 30 neoSimpleFoam.timeStep [region]
|-> 2.58e-01 sec 0.2% 100.0% 0.0% ------ 553 computeLinearInterpolationInternal [for]
|-> 2.32e-01 sec 0.2% 100.0% 0.0% ------ 90 computeLocalGaussGreenDivLaplacianCoefficients [for]
|   |-> 1.54e-01 sec 0.1% 100.0% 0.0% 0.0% 0.00e+00 60 assemble.spatialImplicit [region]
|   |   |-> 1.54e-01 sec 0.1% 100.0% 0.0% 0.0% 0.00e+00 60 neoSimpleFoam.turbulenceCorrect [region]
|   |       |-> 1.54e-01 sec 0.1% 100.0% 0.0% 0.0% 0.00e+00 60 neoSimpleFoam.timeStep [region]
|-> 1.92e-01 sec 0.1% 100.0% 0.0% ------ 2128 parallelFor [for]
|-> 1.73e-01 sec 0.1% 100.0% 0.0% ------ 91 computeGradTensorCells [for]

KOKKOS HOST SPACE:
===================
MAX MEMORY ALLOCATED: 1287770.6 kB
ALLOCATIONS AT TIME OF HIGH WATER MARK:
  29.9% neoSimpleFoam.timeStep/neoSimpleFoam.momentumPredictor/momentum.assemble/assemble.spatialImplicit/divlap.deferredCorr/luw.gradOpCtor/Vector
  29.9% neoSimpleFoam.timeStep/neoSimpleFoam.momentumPredictor/momentum.assemble/assemble.spatialImplicit/divlap.deferredCorr/luw.gradOpCtor/Vector
  15.4% neoSimpleFoam.timeStep/neoSimpleFoam.momentumPredictor/momentum.assemble/assemble.spatialImplicit/divlap.deferredCorr/luw.gradOpCtor/Vector
  14.9% neoSimpleFoam.timeStep/neoSimpleFoam.momentumPredictor/momentum.assemble/assemble.spatialImplicit/divlap.deferredCorr/luw.gradOpCtor/Vector
  5.0% neoSimpleFoam.timeStep/neoSimpleFoam.momentumPredictor/momentum.assemble/assemble.spatialImplicit/divlap.deferredCorr/luw.gradOpCtor/Vector
  5.0% neoSimpleFoam.timeStep/neoSimpleFoam.momentumPredictor/momentum.assemble/assemble.spatialImplicit/divlap.deferredCorr/luw.gradOpCtor/Vector

KOKKOS CUDA SPACE:
===================
MAX MEMORY ALLOCATED: 0.0 kB
ALLOCATIONS AT TIME OF HIGH WATER MARK:

KOKKOS HIP SPACE:
===================
MAX MEMORY ALLOCATED: 0.0 kB
ALLOCATIONS AT TIME OF HIGH WATER MARK:

KOKKOS SYCL SPACE:
===================
MAX MEMORY ALLOCATED: 0.0 kB
ALLOCATIONS AT TIME OF HIGH WATER MARK:

KOKKOS OpenMPTarget SPACE:
===================
MAX MEMORY ALLOCATED: 0.0 kB
ALLOCATIONS AT TIME OF HIGH WATER MARK:

Host process high water mark memory consumption: 14468320 kB

END KOKKOS PROFILING REPORT.

BEGIN KOKKOS PROFILING REPORT:
TOTAL TIME: 148.392085003 seconds
TOP-DOWN TIME TREE:
<average time> <percent of total time> <percent time in Kokkos> <percent MPI imbalance> <remainder> <kernels per second> <number of calls> <name> [type]
===================
|-> 1.12e+02 sec 75.8% 22.5% 0.0% 0.0% 4.40e+02 30 neoSimpleFoam.timeStep [region]
|   |-> 7.05e+01 sec 47.5% 12.7% 0.0% 7.3% 3.56e+02 30 neoSimpleFoam.pressureCorrector [region]
|   |   |-> 5.83e+01 sec 39.3% 3.3% 0.0% 77.2% 7.18e+01 30 neoSimpleFoam.pressureCorrector.pEqn [region]
|   |   |   |-> 1.10e+01 sec 7.4% 0.0% 0.0% 100.0% 0.00e+00 30 ginkgo.solverSetup [region]
|   |   |   |-> 1.61e+00 sec 1.1% 86.4% 0.0% 13.6% 1.08e+03 30 assemble.spatialImplicit [region]
|   |   |   |   |-> 5.13e-01 sec 0.3% 100.0% 0.0% ------ 30 computeGradInternal [for]
|   |   |   |   |-> 2.55e-01 sec 0.2% 100.0% 0.0% ------ 601 fill [for]
|   |   |   |   |-> 2.33e-01 sec 0.2% 100.0% 0.0% ------ 750 computeGradBoundaryRefGrad [for]
|   |   |   |   |-> 1.63e-01 sec 0.1% 100.0% 0.0% ------ 30 computeLocalLaplacianCoefficients [for]
|   |   |   |-> 1.93e-01 sec 0.1% 100.0% 0.0% ------ 1560 setGradientValue [for]
|   |   |-> 1.42e+00 sec 1.0% 100.0% 0.0% ------ 3660 fill [for]
|   |   |-> 1.29e+00 sec 0.9% 100.0% 0.0% ------ 90 computeGradInternal [for]
|   |   |-> 1.10e+00 sec 0.7% 100.0% 0.0% ------ 8250 extrapolateValue [for]
|   |   |-> 7.51e-01 sec 0.5% 100.0% 0.0% ------ 2250 computeGradBoundaryRefGrad [for]
|   |   |-> 6.11e-01 sec 0.4% 100.0% 0.0% ------ 1530 parallelFor [for]
|   |   |-> 2.18e-01 sec 0.1% 100.0% 0.0% ------ 720 updateProcBoundaryOwnerValue [for]
|   |   |-> 2.18e-01 sec 0.1% 100.0% 0.0% ------ 660 setFixedValueVolume [for]
|   |   |-> 2.02e-01 sec 0.1% 100.0% 0.0% ------ 1590 setGradientValue [for]
|   |   |-> 1.70e-01 sec 0.1% 100.0% 0.0% ------ 540 setProcBoundaryCoefficients [for]
|   |   |-> 1.69e-01 sec 0.1% 100.0% 0.0% ------ 150 computeLinearInterpolationInternal [for]
|   |-> 2.19e+01 sec 14.8% 34.9% 0.0% 39.6% 2.63e+02 30 neoSimpleFoam.momentumPredictor [region]
|   |   |-> 1.00e+01 sec 6.8% 67.7% 0.0% 0.0% 5.15e+02 30 momentum.assemble [region]
|   |   |   |-> 8.73e+00 sec 5.9% 65.7% 0.0% 0.0% 4.75e+02 30 assemble.spatialImplicit [region]
|   |   |   |   |-> 5.84e+00 sec 3.9% 53.9% 0.0% 1.4% 3.96e+02 30 divlap.deferredCorr [region]
|   |   |   |   |   |-> 2.08e+00 sec 1.4% 94.0% 0.0% 0.0% 7.36e+02 30 luw.gradCompute [region]
|   |   |   |   |   |   |-> 1.75e+00 sec 1.2% 92.9% 0.0% 7.1% 6.85e+02 30 clg.baseGrad [region]
|   |   |   |   |   |   |   |-> 6.93e-01 sec 0.5% 100.0% 0.0% ------ 780 computeGradTensorBoundaryReconstruct [for]
|   |   |   |   |   |   |   |-> 5.52e-01 sec 0.4% 100.0% 0.0% ------ 30 computeGradTensorInternal [for]
|   |   |   |   |   |   |   |-> 2.28e-01 sec 0.2% 100.0% 0.0% ------ 210 fill [for]
|   |   |   |   |   |   |-> 3.26e-01 sec 0.2% 99.7% 0.0% 0.3% 1.01e+03 30 clg.limiter [region]
|   |   |   |   |   |-> 1.41e+00 sec 1.0% 1.4% 0.0% 98.6% 2.12e+00 30 luw.gradOpCtor [region]
|   |   |   |   |   |-> 1.10e+00 sec 0.7% 12.1% 0.0% 87.9% 3.00e+02 30 luw.applyCorr [region]
|   |   |   |   |   |-> 6.04e-01 sec 0.4% 79.3% 0.0% 20.7% 3.48e+02 30 luw.gradAlloc [region]
|   |   |   |   |   |   |-> 4.79e-01 sec 0.3% 100.0% 0.0% ------ 210 fill [for]
|   |   |   |   |   |-> 4.18e-01 sec 0.3% 100.0% 0.0% ------ 30 addDivCorrectionToRhs [for]
|   |   |   |   |-> 2.46e+00 sec 1.7% 87.7% 0.0% 12.3% 6.71e+02 30 divlap.nonOrthCorr [region]
|   |   |   |   |   |-> 7.45e-01 sec 0.5% 100.0% 0.0% ------ 30 computeGradTensorInternal [for]
|   |   |   |   |   |-> 5.66e-01 sec 0.4% 100.0% 0.0% ------ 601 fill [for]
|   |   |   |   |   |-> 2.90e-01 sec 0.2% 100.0% 0.0% ------ 30 computeLaplacianImplicitCorrection [for]
|   |   |   |   |   |-> 2.77e-01 sec 0.2% 100.0% 0.0% ------ 780 computeGradTensorBoundaryReconstruct [for]
|   |   |   |   |-> 2.22e-01 sec 0.1% 99.8% 0.0% 0.2% 4.05e+02 30 divlap.matrixCoeffs [region]
|   |   |   |   |   |-> 1.73e-01 sec 0.1% 100.0% 0.0% ------ 30 computeLocalGaussGreenDivLaplacianCoefficients [for]
|   |   |   |   |-> 2.10e-01 sec 0.1% 99.8% 0.0% 0.2% 4.29e+02 30 divlap.bounded [region]
|   |   |   |-> 1.14e+00 sec 0.8% 78.8% 0.0% 21.2% 7.34e+02 30 assemble.explicitSource [region]
|   |   |   |   |-> 4.34e-01 sec 0.3% 100.0% 0.0% ------ 420 fill [for]
|   |   |   |   |-> 1.50e-01 sec 0.1% 100.0% 0.0% ------ 30 divDevReff::internal [for]
|   |   |-> 1.97e+00 sec 1.3% 1.4% 0.0% 98.6% 1.37e+01 30 momentum.construct [region]
|   |   |-> 9.28e-01 sec 0.6% 86.3% 0.0% 13.7% 5.50e+02 30 assemble.explicitSource [region]
|   |   |   |-> 3.52e-01 sec 0.2% 100.0% 0.0% ------ 30 computeGradInternal [for]
|   |   |   |-> 1.68e-01 sec 0.1% 100.0% 0.0% ------ 240 fill [for]
|   |   |-> 1.93e-01 sec 0.1% 0.0% 0.0% 100.0% 0.00e+00 30 ginkgo.solverSetup [region]
|   |-> 1.81e+01 sec 12.2% 47.5% 0.0% 46.6% 1.03e+03 30 neoSimpleFoam.turbulenceCorrect [region]
|   |   |-> 3.46e+00 sec 2.3% 85.7% 0.0% 14.3% 1.07e+03 60 assemble.spatialImplicit [region]
|   |   |   |-> 7.85e-01 sec 0.5% 100.0% 0.0% ------ 60 computeGradInternal [for]
|   |   |   |-> 5.65e-01 sec 0.4% 100.0% 0.0% ------ 1202 fill [for]
|   |   |   |-> 4.42e-01 sec 0.3% 100.0% 0.0% ------ 630 computeGradBoundaryFixedValue [for]
|   |   |   |-> 3.00e-01 sec 0.2% 100.0% 0.0% ------ 930 computeGradBoundaryRefGrad [for]
|   |   |   |-> 2.66e-01 sec 0.2% 100.0% 0.0% ------ 60 computeLocalGaussGreenDivLaplacianCoefficients [for]
|   |   |-> 7.27e-01 sec 0.5% 100.0% 0.0% ------ 1465 fill [for]
|   |   |-> 6.21e-01 sec 0.4% 100.0% 0.0% ------ 30 computeGradTensorInternal [for]
|   |   |-> 6.18e-01 sec 0.4% 100.0% 0.0% ------ 60 computeGradInternal [for]
|   |   |-> 4.45e-01 sec 0.3% 100.0% 0.0% ------ 930 computeGradBoundaryRefGrad [for]
|   |   |-> 3.77e-01 sec 0.3% 0.0% 0.0% 100.0% 0.00e+00 60 ginkgo.solverSetup [region]
|   |   |-> 3.45e-01 sec 0.2% 100.0% 0.0% ------ 780 computeGradTensorBoundaryReconstruct [for]
|   |   |-> 2.21e-01 sec 0.1% 100.0% 0.0% ------ 1650 extrapolateValue [for]
|   |   |-> 2.09e-01 sec 0.1% 100.0% 0.0% ------ 1590 setGradientValue [for]
|   |   |-> 2.08e-01 sec 0.1% 100.0% 0.0% ------ 217 computeLinearInterpolationInternal [for]
|   |   |-> 2.08e-01 sec 0.1% 100.0% 0.0% ------ 630 computeGradBoundaryFixedValue [for]
|   |   |-> 2.07e-01 sec 0.1% 100.0% 0.0% ------ 1530 setNutUSpaldingWallFunction [for]
|   |   |-> 2.04e-01 sec 0.1% 100.0% 0.0% ------ 1530 kOmegaSST::omegaWFGFeedback [for]
|   |   |-> 1.93e-01 sec 0.1% 100.0% 0.0% ------ 1530 setOmegaWallFunction [for]
|   |   |-> 1.90e-01 sec 0.1% 10.3% 0.0% 89.7% 3.69e+02 60 ginkgo.createMtx [region]
|   |   |-> 1.74e-01 sec 0.1% 100.0% 0.0% ------ 450 parallelFor [for]
|   |-> 1.86e+00 sec 1.3% 0.0% 0.0% 100.0% 0.00e+00 30 neoSimpleFoam.write [region]
|-> 3.36e+01 sec 22.6% 0.9% 0.0% 99.1% 2.80e+01 1 neoSimpleFoam.setup [region]

BOTTOM-UP TIME TREE:
<average time> <percent of total time> <percent time in Kokkos> <percent MPI imbalance> <number of calls> <name> [type]
===================
|-> 4.50e+01 sec 30.3% 0.0% 0.0% 0.0% 0.00e+00 30 neoSimpleFoam.pressureCorrector.pEqn [region]
|   |-> 4.50e+01 sec 30.3% 0.0% 0.0% 0.0% 0.00e+00 30 neoSimpleFoam.pressureCorrector [region]
|       |-> 4.50e+01 sec 30.3% 0.0% 0.0% 0.0% 0.00e+00 30 neoSimpleFoam.timeStep [region]
|-> 3.33e+01 sec 22.4% 0.0% 0.0% 0.0% 0.00e+00 1 neoSimpleFoam.setup [region]
|-> 1.16e+01 sec 7.8% 0.0% 0.0% 0.0% 0.00e+00 120 ginkgo.solverSetup [region]
|   |-> 1.10e+01 sec 7.4% 0.0% 0.0% 0.0% 0.00e+00 30 neoSimpleFoam.pressureCorrector.pEqn [region]
|   |   |-> 1.10e+01 sec 7.4% 0.0% 0.0% 0.0% 0.00e+00 30 neoSimpleFoam.pressureCorrector [region]
|   |       |-> 1.10e+01 sec 7.4% 0.0% 0.0% 0.0% 0.00e+00 30 neoSimpleFoam.timeStep [region]
|   |-> 3.77e-01 sec 0.3% 0.0% 0.0% 0.0% 0.00e+00 60 neoSimpleFoam.turbulenceCorrect [region]
|   |   |-> 3.77e-01 sec 0.3% 0.0% 0.0% 0.0% 0.00e+00 60 neoSimpleFoam.timeStep [region]
|   |-> 1.93e-01 sec 0.1% 0.0% 0.0% 0.0% 0.00e+00 30 neoSimpleFoam.momentumPredictor [region]
|       |-> 1.93e-01 sec 0.1% 0.0% 0.0% 0.0% 0.00e+00 30 neoSimpleFoam.timeStep [region]
|-> 8.68e+00 sec 5.9% 0.0% 0.0% 0.0% 0.00e+00 30 neoSimpleFoam.momentumPredictor [region]
|   |-> 8.68e+00 sec 5.9% 0.0% 0.0% 0.0% 0.00e+00 30 neoSimpleFoam.timeStep [region]
|-> 8.45e+00 sec 5.7% 0.0% 0.0% 0.0% 0.00e+00 30 neoSimpleFoam.turbulenceCorrect [region]
|   |-> 8.45e+00 sec 5.7% 0.0% 0.0% 0.0% 0.00e+00 30 neoSimpleFoam.timeStep [region]
|-> 5.39e+00 sec 3.6% 100.0% 0.0% ------ 9832 fill [for]
|   |-> 1.42e+00 sec 1.0% 100.0% 0.0% 0.0% 0.00e+00 3660 neoSimpleFoam.pressureCorrector [region]
|   |   |-> 1.42e+00 sec 1.0% 100.0% 0.0% 0.0% 0.00e+00 3660 neoSimpleFoam.timeStep [region]
|   |-> 8.20e-01 sec 0.6% 100.0% 0.0% 0.0% 0.00e+00 1803 assemble.spatialImplicit [region]
|   |   |-> 5.65e-01 sec 0.4% 100.0% 0.0% 0.0% 0.00e+00 1202 neoSimpleFoam.turbulenceCorrect [region]
|   |   |   |-> 5.65e-01 sec 0.4% 100.0% 0.0% 0.0% 0.00e+00 1202 neoSimpleFoam.timeStep [region]
|   |   |-> 2.55e-01 sec 0.2% 100.0% 0.0% 0.0% 0.00e+00 601 neoSimpleFoam.pressureCorrector.pEqn [region]
|   |       |-> 2.55e-01 sec 0.2% 100.0% 0.0% 0.0% 0.00e+00 601 neoSimpleFoam.pressureCorrector [region]
|   |           |-> 2.55e-01 sec 0.2% 100.0% 0.0% 0.0% 0.00e+00 601 neoSimpleFoam.timeStep [region]
|   |-> 7.27e-01 sec 0.5% 100.0% 0.0% 0.0% 0.00e+00 1465 neoSimpleFoam.turbulenceCorrect [region]
|   |   |-> 7.27e-01 sec 0.5% 100.0% 0.0% 0.0% 0.00e+00 1465 neoSimpleFoam.timeStep [region]
|   |-> 6.49e-01 sec 0.4% 100.0% 0.0% 0.0% 0.00e+00 780 assemble.explicitSource [region]
|   |   |-> 4.34e-01 sec 0.3% 100.0% 0.0% 0.0% 0.00e+00 420 momentum.assemble [region]
|   |   |   |-> 4.34e-01 sec 0.3% 100.0% 0.0% 0.0% 0.00e+00 420 neoSimpleFoam.momentumPredictor [region]
|   |   |       |-> 4.34e-01 sec 0.3% 100.0% 0.0% 0.0% 0.00e+00 420 neoSimpleFoam.timeStep [region]
|   |   |-> 1.68e-01 sec 0.1% 100.0% 0.0% 0.0% 0.00e+00 240 neoSimpleFoam.momentumPredictor [region]
|   |   |   |-> 1.68e-01 sec 0.1% 100.0% 0.0% 0.0% 0.00e+00 240 neoSimpleFoam.timeStep [region]
|   |-> 5.66e-01 sec 0.4% 100.0% 0.0% 0.0% 0.00e+00 601 divlap.nonOrthCorr [region]
|   |   |-> 5.66e-01 sec 0.4% 100.0% 0.0% 0.0% 0.00e+00 601 assemble.spatialImplicit [region]
|   |       |-> 5.66e-01 sec 0.4% 100.0% 0.0% 0.0% 0.00e+00 601 momentum.assemble [region]
|   |           |-> 5.66e-01 sec 0.4% 100.0% 0.0% 0.0% 0.00e+00 601 neoSimpleFoam.momentumPredictor [region]
|   |               |-> 5.66e-01 sec 0.4% 100.0% 0.0% 0.0% 0.00e+00 601 neoSimpleFoam.timeStep [region]
|   |-> 4.79e-01 sec 0.3% 100.0% 0.0% 0.0% 0.00e+00 210 luw.gradAlloc [region]
|   |   |-> 4.79e-01 sec 0.3% 100.0% 0.0% 0.0% 0.00e+00 210 divlap.deferredCorr [region]
|   |       |-> 4.79e-01 sec 0.3% 100.0% 0.0% 0.0% 0.00e+00 210 assemble.spatialImplicit [region]
|   |           |-> 4.79e-01 sec 0.3% 100.0% 0.0% 0.0% 0.00e+00 210 momentum.assemble [region]
|   |               |-> 4.79e-01 sec 0.3% 100.0% 0.0% 0.0% 0.00e+00 210 neoSimpleFoam.momentumPredictor [region]
|   |                   |-> 4.79e-01 sec 0.3% 100.0% 0.0% 0.0% 0.00e+00 210 neoSimpleFoam.timeStep [region]
|   |-> 2.28e-01 sec 0.2% 100.0% 0.0% 0.0% 0.00e+00 210 clg.baseGrad [region]
|   |   |-> 2.28e-01 sec 0.2% 100.0% 0.0% 0.0% 0.00e+00 210 luw.gradCompute [region]
|   |       |-> 2.28e-01 sec 0.2% 100.0% 0.0% 0.0% 0.00e+00 210 divlap.deferredCorr [region]
|   |           |-> 2.28e-01 sec 0.2% 100.0% 0.0% 0.0% 0.00e+00 210 assemble.spatialImplicit [region]
|   |               |-> 2.28e-01 sec 0.2% 100.0% 0.0% 0.0% 0.00e+00 210 momentum.assemble [region]
|   |                   |-> 2.28e-01 sec 0.2% 100.0% 0.0% 0.0% 0.00e+00 210 neoSimpleFoam.momentumPredictor [region]
|   |                       |-> 2.28e-01 sec 0.2% 100.0% 0.0% 0.0% 0.00e+00 210 neoSimpleFoam.timeStep [region]
|-> 5.18e+00 sec 3.5% 0.0% 0.0% 0.0% 0.00e+00 30 neoSimpleFoam.pressureCorrector [region]
|   |-> 5.18e+00 sec 3.5% 0.0% 0.0% 0.0% 0.00e+00 30 neoSimpleFoam.timeStep [region]
|-> 3.58e+00 sec 2.4% 100.0% 0.0% ------ 272 computeGradInternal [for]
|   |-> 1.30e+00 sec 0.9% 100.0% 0.0% 0.0% 0.00e+00 90 assemble.spatialImplicit [region]
|   |   |-> 7.85e-01 sec 0.5% 100.0% 0.0% 0.0% 0.00e+00 60 neoSimpleFoam.turbulenceCorrect [region]
|   |   |   |-> 7.85e-01 sec 0.5% 100.0% 0.0% 0.0% 0.00e+00 60 neoSimpleFoam.timeStep [region]
|   |   |-> 5.13e-01 sec 0.3% 100.0% 0.0% 0.0% 0.00e+00 30 neoSimpleFoam.pressureCorrector.pEqn [region]
|   |       |-> 5.13e-01 sec 0.3% 100.0% 0.0% 0.0% 0.00e+00 30 neoSimpleFoam.pressureCorrector [region]
|   |           |-> 5.13e-01 sec 0.3% 100.0% 0.0% 0.0% 0.00e+00 30 neoSimpleFoam.timeStep [region]
|   |-> 1.29e+00 sec 0.9% 100.0% 0.0% 0.0% 0.00e+00 90 neoSimpleFoam.pressureCorrector [region]
|   |   |-> 1.29e+00 sec 0.9% 100.0% 0.0% 0.0% 0.00e+00 90 neoSimpleFoam.timeStep [region]
|   |-> 6.18e-01 sec 0.4% 100.0% 0.0% 0.0% 0.00e+00 60 neoSimpleFoam.turbulenceCorrect [region]
|   |   |-> 6.18e-01 sec 0.4% 100.0% 0.0% 0.0% 0.00e+00 60 neoSimpleFoam.timeStep [region]
|   |-> 3.52e-01 sec 0.2% 100.0% 0.0% 0.0% 0.00e+00 30 assemble.explicitSource [region]
|   |   |-> 3.52e-01 sec 0.2% 100.0% 0.0% 0.0% 0.00e+00 30 neoSimpleFoam.momentumPredictor [region]
|   |       |-> 3.52e-01 sec 0.2% 100.0% 0.0% 0.0% 0.00e+00 30 neoSimpleFoam.timeStep [region]
|-> 1.95e+00 sec 1.3% 100.0% 0.0% ------ 91 computeGradTensorInternal [for]
|   |-> 7.45e-01 sec 0.5% 100.0% 0.0% 0.0% 0.00e+00 30 divlap.nonOrthCorr [region]
|   |   |-> 7.45e-01 sec 0.5% 100.0% 0.0% 0.0% 0.00e+00 30 assemble.spatialImplicit [region]
|   |       |-> 7.45e-01 sec 0.5% 100.0% 0.0% 0.0% 0.00e+00 30 momentum.assemble [region]
|   |           |-> 7.45e-01 sec 0.5% 100.0% 0.0% 0.0% 0.00e+00 30 neoSimpleFoam.momentumPredictor [region]
|   |               |-> 7.45e-01 sec 0.5% 100.0% 0.0% 0.0% 0.00e+00 30 neoSimpleFoam.timeStep [region]
|   |-> 6.21e-01 sec 0.4% 100.0% 0.0% 0.0% 0.00e+00 30 neoSimpleFoam.turbulenceCorrect [region]
|   |   |-> 6.21e-01 sec 0.4% 100.0% 0.0% 0.0% 0.00e+00 30 neoSimpleFoam.timeStep [region]
|   |-> 5.52e-01 sec 0.4% 100.0% 0.0% 0.0% 0.00e+00 30 clg.baseGrad [region]
|   |   |-> 5.52e-01 sec 0.4% 100.0% 0.0% 0.0% 0.00e+00 30 luw.gradCompute [region]
|   |       |-> 5.52e-01 sec 0.4% 100.0% 0.0% 0.0% 0.00e+00 30 divlap.deferredCorr [region]
|   |           |-> 5.52e-01 sec 0.4% 100.0% 0.0% 0.0% 0.00e+00 30 assemble.spatialImplicit [region]
|   |               |-> 5.52e-01 sec 0.4% 100.0% 0.0% 0.0% 0.00e+00 30 momentum.assemble [region]
|   |                   |-> 5.52e-01 sec 0.4% 100.0% 0.0% 0.0% 0.00e+00 30 neoSimpleFoam.momentumPredictor [region]
|   |                       |-> 5.52e-01 sec 0.4% 100.0% 0.0% 0.0% 0.00e+00 30 neoSimpleFoam.timeStep [region]
|-> 1.94e+00 sec 1.3% 0.0% 0.0% 0.0% 0.00e+00 30 momentum.construct [region]
|   |-> 1.94e+00 sec 1.3% 0.0% 0.0% 0.0% 0.00e+00 30 neoSimpleFoam.momentumPredictor [region]
|       |-> 1.94e+00 sec 1.3% 0.0% 0.0% 0.0% 0.00e+00 30 neoSimpleFoam.timeStep [region]
|-> 1.86e+00 sec 1.3% 0.0% 0.0% 0.0% 0.00e+00 30 neoSimpleFoam.write [region]
|   |-> 1.86e+00 sec 1.3% 0.0% 0.0% 0.0% 0.00e+00 30 neoSimpleFoam.timeStep [region]
|-> 1.75e+00 sec 1.2% 100.0% 0.0% ------ 4891 computeGradBoundaryRefGrad [for]
|   |-> 7.51e-01 sec 0.5% 100.0% 0.0% 0.0% 0.00e+00 2250 neoSimpleFoam.pressureCorrector [region]
|   |   |-> 7.51e-01 sec 0.5% 100.0% 0.0% 0.0% 0.00e+00 2250 neoSimpleFoam.timeStep [region]
|   |-> 5.32e-01 sec 0.4% 100.0% 0.0% 0.0% 0.00e+00 1680 assemble.spatialImplicit [region]
|   |   |-> 3.00e-01 sec 0.2% 100.0% 0.0% 0.0% 0.00e+00 930 neoSimpleFoam.turbulenceCorrect [region]
|   |   |   |-> 3.00e-01 sec 0.2% 100.0% 0.0% 0.0% 0.00e+00 930 neoSimpleFoam.timeStep [region]
|   |   |-> 2.33e-01 sec 0.2% 100.0% 0.0% 0.0% 0.00e+00 750 neoSimpleFoam.pressureCorrector.pEqn [region]
|   |       |-> 2.33e-01 sec 0.2% 100.0% 0.0% 0.0% 0.00e+00 750 neoSimpleFoam.pressureCorrector [region]
|   |           |-> 2.33e-01 sec 0.2% 100.0% 0.0% 0.0% 0.00e+00 750 neoSimpleFoam.timeStep [region]
|   |-> 4.45e-01 sec 0.3% 100.0% 0.0% 0.0% 0.00e+00 930 neoSimpleFoam.turbulenceCorrect [region]
|   |   |-> 4.45e-01 sec 0.3% 100.0% 0.0% 0.0% 0.00e+00 930 neoSimpleFoam.timeStep [region]
|-> 1.39e+00 sec 0.9% 0.0% 0.0% 0.0% 0.00e+00 30 luw.gradOpCtor [region]
|   |-> 1.39e+00 sec 0.9% 0.0% 0.0% 0.0% 0.00e+00 30 divlap.deferredCorr [region]
|       |-> 1.39e+00 sec 0.9% 0.0% 0.0% 0.0% 0.00e+00 30 assemble.spatialImplicit [region]
|           |-> 1.39e+00 sec 0.9% 0.0% 0.0% 0.0% 0.00e+00 30 momentum.assemble [region]
|               |-> 1.39e+00 sec 0.9% 0.0% 0.0% 0.0% 0.00e+00 30 neoSimpleFoam.momentumPredictor [region]
|                   |-> 1.39e+00 sec 0.9% 0.0% 0.0% 0.0% 0.00e+00 30 neoSimpleFoam.timeStep [region]
|-> 1.33e+00 sec 0.9% 100.0% 0.0% ------ 9955 extrapolateValue [for]
|   |-> 1.10e+00 sec 0.7% 100.0% 0.0% 0.0% 0.00e+00 8250 neoSimpleFoam.pressureCorrector [region]
|   |   |-> 1.10e+00 sec 0.7% 100.0% 0.0% 0.0% 0.00e+00 8250 neoSimpleFoam.timeStep [region]
|   |-> 2.21e-01 sec 0.1% 100.0% 0.0% 0.0% 0.00e+00 1650 neoSimpleFoam.turbulenceCorrect [region]
|   |   |-> 2.21e-01 sec 0.1% 100.0% 0.0% 0.0% 0.00e+00 1650 neoSimpleFoam.timeStep [region]
|-> 1.32e+00 sec 0.9% 100.0% 0.0% ------ 2366 computeGradTensorBoundaryReconstruct [for]
|   |-> 6.93e-01 sec 0.5% 100.0% 0.0% 0.0% 0.00e+00 780 clg.baseGrad [region]
|   |   |-> 6.93e-01 sec 0.5% 100.0% 0.0% 0.0% 0.00e+00 780 luw.gradCompute [region]
|   |       |-> 6.93e-01 sec 0.5% 100.0% 0.0% 0.0% 0.00e+00 780 divlap.deferredCorr [region]
|   |           |-> 6.93e-01 sec 0.5% 100.0% 0.0% 0.0% 0.00e+00 780 assemble.spatialImplicit [region]
|   |               |-> 6.93e-01 sec 0.5% 100.0% 0.0% 0.0% 0.00e+00 780 momentum.assemble [region]
|   |                   |-> 6.93e-01 sec 0.5% 100.0% 0.0% 0.0% 0.00e+00 780 neoSimpleFoam.momentumPredictor [region]
|   |                       |-> 6.93e-01 sec 0.5% 100.0% 0.0% 0.0% 0.00e+00 780 neoSimpleFoam.timeStep [region]
|   |-> 3.45e-01 sec 0.2% 100.0% 0.0% 0.0% 0.00e+00 780 neoSimpleFoam.turbulenceCorrect [region]
|   |   |-> 3.45e-01 sec 0.2% 100.0% 0.0% 0.0% 0.00e+00 780 neoSimpleFoam.timeStep [region]
|   |-> 2.77e-01 sec 0.2% 100.0% 0.0% 0.0% 0.00e+00 780 divlap.nonOrthCorr [region]
|   |   |-> 2.77e-01 sec 0.2% 100.0% 0.0% 0.0% 0.00e+00 780 assemble.spatialImplicit [region]
|   |       |-> 2.77e-01 sec 0.2% 100.0% 0.0% 0.0% 0.00e+00 780 momentum.assemble [region]
|   |           |-> 2.77e-01 sec 0.2% 100.0% 0.0% 0.0% 0.00e+00 780 neoSimpleFoam.momentumPredictor [region]
|   |               |-> 2.77e-01 sec 0.2% 100.0% 0.0% 0.0% 0.00e+00 780 neoSimpleFoam.timeStep [region]
|-> 1.14e+00 sec 0.8% 100.0% 0.0% ------ 2532 parallelFor [for]
|   |-> 6.11e-01 sec 0.4% 100.0% 0.0% 0.0% 0.00e+00 1530 neoSimpleFoam.pressureCorrector [region]
|   |   |-> 6.11e-01 sec 0.4% 100.0% 0.0% 0.0% 0.00e+00 1530 neoSimpleFoam.timeStep [region]
|   |-> 2.42e-01 sec 0.2% 100.0% 0.0% 0.0% 0.00e+00 240 assemble.explicitSource [region]
|   |-> 1.74e-01 sec 0.1% 100.0% 0.0% 0.0% 0.00e+00 450 neoSimpleFoam.turbulenceCorrect [region]
|   |   |-> 1.74e-01 sec 0.1% 100.0% 0.0% 0.0% 0.00e+00 450 neoSimpleFoam.timeStep [region]
|-> 9.66e-01 sec 0.7% 0.0% 0.0% 0.0% 0.00e+00 30 luw.applyCorr [region]
|   |-> 9.66e-01 sec 0.7% 0.0% 0.0% 0.0% 0.00e+00 30 divlap.deferredCorr [region]
|       |-> 9.66e-01 sec 0.7% 0.0% 0.0% 0.0% 0.00e+00 30 assemble.spatialImplicit [region]
|           |-> 9.66e-01 sec 0.7% 0.0% 0.0% 0.0% 0.00e+00 30 momentum.assemble [region]
|               |-> 9.66e-01 sec 0.7% 0.0% 0.0% 0.0% 0.00e+00 30 neoSimpleFoam.momentumPredictor [region]
|                   |-> 9.66e-01 sec 0.7% 0.0% 0.0% 0.0% 0.00e+00 30 neoSimpleFoam.timeStep [region]
|-> 7.16e-01 sec 0.5% 100.0% 0.0% ------ 1401 computeGradBoundaryFixedValue [for]
|   |-> 4.53e-01 sec 0.3% 100.0% 0.0% 0.0% 0.00e+00 660 assemble.spatialImplicit [region]
|   |   |-> 4.42e-01 sec 0.3% 100.0% 0.0% 0.0% 0.00e+00 630 neoSimpleFoam.turbulenceCorrect [region]
|   |   |   |-> 4.42e-01 sec 0.3% 100.0% 0.0% 0.0% 0.00e+00 630 neoSimpleFoam.timeStep [region]
|   |-> 2.08e-01 sec 0.1% 100.0% 0.0% 0.0% 0.00e+00 630 neoSimpleFoam.turbulenceCorrect [region]
|   |   |-> 2.08e-01 sec 0.1% 100.0% 0.0% 0.0% 0.00e+00 630 neoSimpleFoam.timeStep [region]
|-> 7.15e-01 sec 0.5% 0.0% 0.0% 0.0% 0.00e+00 120 assemble.spatialImplicit [region]
|   |-> 4.95e-01 sec 0.3% 0.0% 0.0% 0.0% 0.00e+00 60 neoSimpleFoam.turbulenceCorrect [region]
|   |   |-> 4.95e-01 sec 0.3% 0.0% 0.0% 0.0% 0.00e+00 60 neoSimpleFoam.timeStep [region]
|   |-> 2.19e-01 sec 0.1% 0.0% 0.0% 0.0% 0.00e+00 30 neoSimpleFoam.pressureCorrector.pEqn [region]
|   |   |-> 2.19e-01 sec 0.1% 0.0% 0.0% 0.0% 0.00e+00 30 neoSimpleFoam.pressureCorrector [region]
|   |       |-> 2.19e-01 sec 0.1% 0.0% 0.0% 0.0% 0.00e+00 30 neoSimpleFoam.timeStep [region]
|-> 6.26e-01 sec 0.4% 100.0% 0.0% ------ 4954 setGradientValue [for]
|   |-> 2.09e-01 sec 0.1% 100.0% 0.0% 0.0% 0.00e+00 1590 neoSimpleFoam.turbulenceCorrect [region]
|   |   |-> 2.09e-01 sec 0.1% 100.0% 0.0% 0.0% 0.00e+00 1590 neoSimpleFoam.timeStep [region]
|   |-> 2.02e-01 sec 0.1% 100.0% 0.0% 0.0% 0.00e+00 1590 neoSimpleFoam.pressureCorrector [region]
|   |   |-> 2.02e-01 sec 0.1% 100.0% 0.0% 0.0% 0.00e+00 1590 neoSimpleFoam.timeStep [region]
|   |-> 1.93e-01 sec 0.1% 100.0% 0.0% 0.0% 0.00e+00 1560 neoSimpleFoam.pressureCorrector.pEqn [region]
|   |   |-> 1.93e-01 sec 0.1% 100.0% 0.0% 0.0% 0.00e+00 1560 neoSimpleFoam.pressureCorrector [region]
|   |       |-> 1.93e-01 sec 0.1% 100.0% 0.0% 0.0% 0.00e+00 1560 neoSimpleFoam.timeStep [region]
|-> 5.77e-01 sec 0.4% 100.0% 0.0% ------ 553 computeLinearInterpolationInternal [for]
|   |-> 2.08e-01 sec 0.1% 100.0% 0.0% 0.0% 0.00e+00 217 neoSimpleFoam.turbulenceCorrect [region]
|   |   |-> 2.08e-01 sec 0.1% 100.0% 0.0% 0.0% 0.00e+00 217 neoSimpleFoam.timeStep [region]
|   |-> 1.69e-01 sec 0.1% 100.0% 0.0% 0.0% 0.00e+00 150 neoSimpleFoam.pressureCorrector [region]
|   |   |-> 1.69e-01 sec 0.1% 100.0% 0.0% 0.0% 0.00e+00 150 neoSimpleFoam.timeStep [region]
|-> 4.39e-01 sec 0.3% 100.0% 0.0% ------ 90 computeLocalGaussGreenDivLaplacianCoefficients [for]
|   |-> 2.66e-01 sec 0.2% 100.0% 0.0% 0.0% 0.00e+00 60 assemble.spatialImplicit [region]
|   |   |-> 2.66e-01 sec 0.2% 100.0% 0.0% 0.0% 0.00e+00 60 neoSimpleFoam.turbulenceCorrect [region]
|   |       |-> 2.66e-01 sec 0.2% 100.0% 0.0% 0.0% 0.00e+00 60 neoSimpleFoam.timeStep [region]
|   |-> 1.73e-01 sec 0.1% 100.0% 0.0% 0.0% 0.00e+00 30 divlap.matrixCoeffs [region]
|       |-> 1.73e-01 sec 0.1% 100.0% 0.0% 0.0% 0.00e+00 30 assemble.spatialImplicit [region]
|           |-> 1.73e-01 sec 0.1% 100.0% 0.0% 0.0% 0.00e+00 30 momentum.assemble [region]
|               |-> 1.73e-01 sec 0.1% 100.0% 0.0% 0.0% 0.00e+00 30 neoSimpleFoam.momentumPredictor [region]
|                   |-> 1.73e-01 sec 0.1% 100.0% 0.0% 0.0% 0.00e+00 30 neoSimpleFoam.timeStep [region]
|-> 4.18e-01 sec 0.3% 100.0% 0.0% ------ 30 addDivCorrectionToRhs [for]
|   |-> 4.18e-01 sec 0.3% 100.0% 0.0% 0.0% 0.00e+00 30 divlap.deferredCorr [region]
|       |-> 4.18e-01 sec 0.3% 100.0% 0.0% 0.0% 0.00e+00 30 assemble.spatialImplicit [region]
|           |-> 4.18e-01 sec 0.3% 100.0% 0.0% 0.0% 0.00e+00 30 momentum.assemble [region]
|               |-> 4.18e-01 sec 0.3% 100.0% 0.0% 0.0% 0.00e+00 30 neoSimpleFoam.momentumPredictor [region]
|                   |-> 4.18e-01 sec 0.3% 100.0% 0.0% 0.0% 0.00e+00 30 neoSimpleFoam.timeStep [region]
|-> 4.06e-01 sec 0.3% 0.0% 0.0% -0.0% 0.00e+00 150 assemble.explicitSource [region]
|   |-> 2.42e-01 sec 0.2% 0.0% 0.0% 0.0% 0.00e+00 30 momentum.assemble [region]
|   |   |-> 2.42e-01 sec 0.2% 0.0% 0.0% 0.0% 0.00e+00 30 neoSimpleFoam.momentumPredictor [region]
|   |       |-> 2.42e-01 sec 0.2% 0.0% 0.0% 0.0% 0.00e+00 30 neoSimpleFoam.timeStep [region]
|-> 3.91e-01 sec 0.3% 100.0% 0.0% ------ 120 computeLaplacianImplicitCorrection [for]
|   |-> 2.90e-01 sec 0.2% 100.0% 0.0% 0.0% 0.00e+00 30 divlap.nonOrthCorr [region]
|   |   |-> 2.90e-01 sec 0.2% 100.0% 0.0% 0.0% 0.00e+00 30 assemble.spatialImplicit [region]
|   |       |-> 2.90e-01 sec 0.2% 100.0% 0.0% 0.0% 0.00e+00 30 momentum.assemble [region]
|   |           |-> 2.90e-01 sec 0.2% 100.0% 0.0% 0.0% 0.00e+00 30 neoSimpleFoam.momentumPredictor [region]
|   |               |-> 2.90e-01 sec 0.2% 100.0% 0.0% 0.0% 0.00e+00 30 neoSimpleFoam.timeStep [region]
|-> 3.90e-01 sec 0.3% 100.0% 0.0% ------ 1302 updateProcBoundaryOwnerValue [for]
|   |-> 2.18e-01 sec 0.1% 100.0% 0.0% 0.0% 0.00e+00 720 neoSimpleFoam.pressureCorrector [region]
|   |   |-> 2.18e-01 sec 0.1% 100.0% 0.0% 0.0% 0.00e+00 720 neoSimpleFoam.timeStep [region]
|-> 3.35e-01 sec 0.2% 0.0% 0.0% 0.0% 0.00e+00 120 ginkgo.createMtx [region]
|   |-> 1.70e-01 sec 0.1% 0.0% 0.0% 0.0% 0.00e+00 60 neoSimpleFoam.turbulenceCorrect [region]
|   |   |-> 1.70e-01 sec 0.1% 0.0% 0.0% 0.0% 0.00e+00 60 neoSimpleFoam.timeStep [region]
|-> 3.03e-01 sec 0.2% 0.0% 0.0% 0.0% 0.00e+00 30 divlap.nonOrthCorr [region]
|   |-> 3.03e-01 sec 0.2% 0.0% 0.0% 0.0% 0.00e+00 30 assemble.spatialImplicit [region]
|       |-> 3.03e-01 sec 0.2% 0.0% 0.0% 0.0% 0.00e+00 30 momentum.assemble [region]
|           |-> 3.03e-01 sec 0.2% 0.0% 0.0% 0.0% 0.00e+00 30 neoSimpleFoam.momentumPredictor [region]
|               |-> 3.03e-01 sec 0.2% 0.0% 0.0% 0.0% 0.00e+00 30 neoSimpleFoam.timeStep [region]
|-> 2.83e-01 sec 0.2% 100.0% 0.0% ------ 91 computeGradTensorCells [for]
|-> 2.78e-01 sec 0.2% 100.0% 0.0% ------ 553 computeLinearInterpolationProcBoundary [for]
|-> 2.76e-01 sec 0.2% 100.0% 0.0% ------ 553 computeLinearInterpolationBoundary [for]
|-> 2.69e-01 sec 0.2% 100.0% 0.0% ------ 858 setProcBoundaryCoefficients [for]
|   |-> 1.70e-01 sec 0.1% 100.0% 0.0% 0.0% 0.00e+00 540 neoSimpleFoam.pressureCorrector [region]
|   |   |-> 1.70e-01 sec 0.1% 100.0% 0.0% 0.0% 0.00e+00 540 neoSimpleFoam.timeStep [region]
|-> 2.48e-01 sec 0.2% 100.0% 0.0% ------ 272 computeGradCells [for]
|-> 2.32e-01 sec 0.2% 100.0% 0.0% ------ 755 setFixedValueVolume [for]
|   |-> 2.18e-01 sec 0.1% 100.0% 0.0% 0.0% 0.00e+00 660 neoSimpleFoam.pressureCorrector [region]
|   |   |-> 2.18e-01 sec 0.1% 100.0% 0.0% 0.0% 0.00e+00 660 neoSimpleFoam.timeStep [region]
|-> 2.21e-01 sec 0.1% 100.0% 0.0% ------ 272 computeGradBoundary [for]
|-> 2.15e-01 sec 0.1% 100.0% 0.0% ------ 1581 setNutUSpaldingWallFunction [for]
|   |-> 2.07e-01 sec 0.1% 100.0% 0.0% 0.0% 0.00e+00 1530 neoSimpleFoam.turbulenceCorrect [region]
|   |   |-> 2.07e-01 sec 0.1% 100.0% 0.0% 0.0% 0.00e+00 1530 neoSimpleFoam.timeStep [region]
|-> 2.05e-01 sec 0.1% 100.0% 0.0% ------ 90 BoundedDiv::applyBoundedDiagInternal [for]
|-> 2.04e-01 sec 0.1% 100.0% 0.0% ------ 1530 kOmegaSST::omegaWFGFeedback [for]
|   |-> 2.04e-01 sec 0.1% 100.0% 0.0% 0.0% 0.00e+00 1530 neoSimpleFoam.turbulenceCorrect [region]
|       |-> 2.04e-01 sec 0.1% 100.0% 0.0% 0.0% 0.00e+00 1530 neoSimpleFoam.timeStep [region]
|-> 1.93e-01 sec 0.1% 100.0% 0.0% ------ 1530 setOmegaWallFunction [for]
|   |-> 1.93e-01 sec 0.1% 100.0% 0.0% 0.0% 0.00e+00 1530 neoSimpleFoam.turbulenceCorrect [region]
|       |-> 1.93e-01 sec 0.1% 100.0% 0.0% 0.0% 0.00e+00 1530 neoSimpleFoam.timeStep [region]
|-> 1.78e-01 sec 0.1% 100.0% 0.0% ------ 432 setContainer [for]
|-> 1.68e-01 sec 0.1% 100.0% 0.0% ------ 272 computeProcGradBoundary [for]
|-> 1.63e-01 sec 0.1% 100.0% 0.0% ------ 30 computeLocalLaplacianCoefficients [for]
|   |-> 1.63e-01 sec 0.1% 100.0% 0.0% 0.0% 0.00e+00 30 assemble.spatialImplicit [region]
|       |-> 1.63e-01 sec 0.1% 100.0% 0.0% 0.0% 0.00e+00 30 neoSimpleFoam.pressureCorrector.pEqn [region]
|           |-> 1.63e-01 sec 0.1% 100.0% 0.0% 0.0% 0.00e+00 30 neoSimpleFoam.pressureCorrector [region]
|               |-> 1.63e-01 sec 0.1% 100.0% 0.0% 0.0% 0.00e+00 30 neoSimpleFoam.timeStep [region]
|-> 1.50e-01 sec 0.1% 100.0% 0.0% ------ 30 divDevReff::internal [for]
|   |-> 1.50e-01 sec 0.1% 100.0% 0.0% 0.0% 0.00e+00 30 assemble.explicitSource [region]
|       |-> 1.50e-01 sec 0.1% 100.0% 0.0% 0.0% 0.00e+00 30 momentum.assemble [region]
|           |-> 1.50e-01 sec 0.1% 100.0% 0.0% 0.0% 0.00e+00 30 neoSimpleFoam.momentumPredictor [region]
|               |-> 1.50e-01 sec 0.1% 100.0% 0.0% 0.0% 0.00e+00 30 neoSimpleFoam.timeStep [region]

KOKKOS HOST SPACE:
===================
MAX MEMORY ALLOCATED: 1287083.0 kB
ALLOCATIONS AT TIME OF HIGH WATER MARK:
  29.9% neoSimpleFoam.timeStep/neoSimpleFoam.momentumPredictor/momentum.assemble/assemble.spatialImplicit/divlap.deferredCorr/luw.gradOpCtor/Vector
  29.9% neoSimpleFoam.timeStep/neoSimpleFoam.momentumPredictor/momentum.assemble/assemble.spatialImplicit/divlap.deferredCorr/luw.gradOpCtor/Vector
  15.4% neoSimpleFoam.timeStep/neoSimpleFoam.momentumPredictor/momentum.assemble/assemble.spatialImplicit/divlap.deferredCorr/luw.gradOpCtor/Vector
  14.9% neoSimpleFoam.timeStep/neoSimpleFoam.momentumPredictor/momentum.assemble/assemble.spatialImplicit/divlap.deferredCorr/luw.gradOpCtor/Vector
  5.0% neoSimpleFoam.timeStep/neoSimpleFoam.momentumPredictor/momentum.assemble/assemble.spatialImplicit/divlap.deferredCorr/luw.gradOpCtor/Vector
  5.0% neoSimpleFoam.timeStep/neoSimpleFoam.momentumPredictor/momentum.assemble/assemble.spatialImplicit/divlap.deferredCorr/luw.gradOpCtor/Vector

KOKKOS CUDA SPACE:
===================
MAX MEMORY ALLOCATED: 0.0 kB
ALLOCATIONS AT TIME OF HIGH WATER MARK:

KOKKOS HIP SPACE:
===================
MAX MEMORY ALLOCATED: 0.0 kB
ALLOCATIONS AT TIME OF HIGH WATER MARK:

KOKKOS SYCL SPACE:
===================
MAX MEMORY ALLOCATED: 0.0 kB
ALLOCATIONS AT TIME OF HIGH WATER MARK:

KOKKOS OpenMPTarget SPACE:
===================
MAX MEMORY ALLOCATED: 0.0 kB
ALLOCATIONS AT TIME OF HIGH WATER MARK:

Host process high water mark memory consumption: 14433200 kB

END KOKKOS PROFILING REPORT.

BEGIN KOKKOS PROFILING REPORT:
TOTAL TIME: 148.546774973 seconds
TOP-DOWN TIME TREE:
<average time> <percent of total time> <percent time in Kokkos> <percent MPI imbalance> <remainder> <kernels per second> <number of calls> <name> [type]
===================
|-> 1.12e+02 sec 75.7% 6.8% 0.0% 0.0% 4.90e+02 30 neoSimpleFoam.timeStep [region]
|   |-> 7.06e+01 sec 47.5% 2.8% 0.0% 15.4% 3.90e+02 30 neoSimpleFoam.pressureCorrector [region]
|   |   |-> 5.83e+01 sec 39.3% 0.9% 0.0% 83.7% 7.95e+01 30 neoSimpleFoam.pressureCorrector.pEqn [region]
|   |   |   |-> 8.80e+00 sec 5.9% 0.0% 0.0% 100.0% 0.00e+00 30 ginkgo.solverSetup [region]
|   |   |   |-> 4.84e-01 sec 0.3% 92.3% 0.0% 7.7% 4.71e+03 30 assemble.spatialImplicit [region]
|   |   |   |   |-> 2.40e-01 sec 0.2% 100.0% 0.0% ------ 30 computeGradInternal [for]
|   |   |-> 7.22e-01 sec 0.5% 100.0% 0.0% ------ 90 computeGradInternal [for]
|   |   |-> 1.81e-01 sec 0.1% 100.0% 0.0% ------ 3420 fill [for]
|   |-> 2.19e+01 sec 14.7% 14.2% 0.0% 47.6% 3.10e+02 30 neoSimpleFoam.momentumPredictor [region]
|   |   |-> 8.89e+00 sec 6.0% 31.1% 0.0% 0.0% 6.96e+02 30 momentum.assemble [region]
|   |   |   |-> 8.45e+00 sec 5.7% 28.1% 0.0% 0.0% 6.11e+02 30 assemble.spatialImplicit [region]
|   |   |   |   |-> 7.28e+00 sec 4.9% 17.6% 0.0% 0.3% 3.84e+02 30 divlap.deferredCorr [region]
|   |   |   |   |   |-> 4.59e+00 sec 3.1% 1.1% 0.0% 98.9% 5.89e+01 30 luw.applyCorr [region]
|   |   |   |   |   |-> 1.39e+00 sec 0.9% 1.4% 0.0% 98.6% 2.15e+00 30 luw.gradOpCtor [region]
|   |   |   |   |   |-> 7.77e-01 sec 0.5% 96.3% 0.0% 0.0% 2.66e+03 30 luw.gradCompute [region]
|   |   |   |   |   |   |-> 5.70e-01 sec 0.4% 95.2% 0.0% 4.8% 3.05e+03 30 clg.baseGrad [region]
|   |   |   |   |   |   |   |-> 3.41e-01 sec 0.2% 100.0% 0.0% ------ 30 computeGradTensorInternal [for]
|   |   |   |   |   |   |-> 2.07e-01 sec 0.1% 99.5% 0.0% 0.5% 1.59e+03 30 clg.limiter [region]
|   |   |   |   |   |-> 2.88e-01 sec 0.2% 100.0% 0.0% ------ 30 addDivCorrectionToRhs [for]
|   |   |   |   |   |-> 1.76e-01 sec 0.1% 84.8% 0.0% 15.2% 1.19e+03 30 luw.gradAlloc [region]
|   |   |   |   |   |   |-> 1.50e-01 sec 0.1% 100.0% 0.0% ------ 210 fill [for]
|   |   |   |   |-> 1.03e+00 sec 0.7% 92.1% 0.0% 7.9% 2.12e+03 30 divlap.nonOrthCorr [region]
|   |   |   |   |   |-> 3.41e-01 sec 0.2% 100.0% 0.0% ------ 30 computeGradTensorInternal [for]
|   |   |   |   |   |-> 2.54e-01 sec 0.2% 100.0% 0.0% ------ 30 computeLaplacianImplicitCorrection [for]
|   |   |   |   |   |-> 2.04e-01 sec 0.1% 100.0% 0.0% ------ 601 fill [for]
|   |   |   |-> 3.76e-01 sec 0.3% 87.6% 0.0% 12.4% 2.23e+03 30 assemble.explicitSource [region]
|   |   |-> 1.97e+00 sec 1.3% 1.2% 0.0% 98.8% 1.37e+01 30 momentum.construct [region]
|   |   |-> 3.36e-01 sec 0.2% 94.6% 0.0% 5.4% 1.52e+03 30 assemble.explicitSource [region]
|   |   |   |-> 2.40e-01 sec 0.2% 100.0% 0.0% ------ 30 computeGradInternal [for]
|   |-> 1.80e+01 sec 12.1% 14.2% 0.0% 82.4% 1.16e+03 30 neoSimpleFoam.turbulenceCorrect [region]
|   |   |-> 1.11e+00 sec 0.7% 92.5% 0.0% 7.5% 4.32e+03 60 assemble.spatialImplicit [region]
|   |   |   |-> 4.81e-01 sec 0.3% 100.0% 0.0% ------ 60 computeGradInternal [for]
|   |   |   |-> 1.56e-01 sec 0.1% 100.0% 0.0% ------ 60 computeLocalGaussGreenDivLaplacianCoefficients [for]
|   |   |-> 4.81e-01 sec 0.3% 100.0% 0.0% ------ 60 computeGradInternal [for]
|   |   |-> 3.41e-01 sec 0.2% 100.0% 0.0% ------ 30 computeGradTensorInternal [for]
|   |   |-> 2.81e-01 sec 0.2% 0.3% 0.0% 99.7% 2.49e+02 60 ginkgo.createMtx [region]
|   |   |-> 2.27e-01 sec 0.2% 0.0% 0.0% 100.0% 0.00e+00 60 ginkgo.solverSetup [region]
|   |   |-> 1.81e-01 sec 0.1% 100.0% 0.0% ------ 1315 fill [for]
|   |-> 1.96e+00 sec 1.3% 0.0% 0.0% 100.0% 0.00e+00 30 neoSimpleFoam.write [region]
|-> 3.36e+01 sec 22.6% 0.2% 0.0% 99.8% 2.98e+01 1 neoSimpleFoam.setup [region]

BOTTOM-UP TIME TREE:
<average time> <percent of total time> <percent time in Kokkos> <percent MPI imbalance> <number of calls> <name> [type]
===================
|-> 4.88e+01 sec 32.9% 0.0% 0.0% 0.0% 0.00e+00 30 neoSimpleFoam.pressureCorrector.pEqn [region]
|   |-> 4.88e+01 sec 32.9% 0.0% 0.0% 0.0% 0.00e+00 30 neoSimpleFoam.pressureCorrector [region]
|       |-> 4.88e+01 sec 32.9% 0.0% 0.0% 0.0% 0.00e+00 30 neoSimpleFoam.timeStep [region]
|-> 3.35e+01 sec 22.6% 0.0% 0.0% 0.0% 0.00e+00 1 neoSimpleFoam.setup [region]
|-> 1.49e+01 sec 10.0% 0.0% 0.0% 0.0% 0.00e+00 30 neoSimpleFoam.turbulenceCorrect [region]
|   |-> 1.49e+01 sec 10.0% 0.0% 0.0% 0.0% 0.00e+00 30 neoSimpleFoam.timeStep [region]
|-> 1.08e+01 sec 7.3% 0.0% 0.0% 0.0% 0.00e+00 30 neoSimpleFoam.pressureCorrector [region]
|   |-> 1.08e+01 sec 7.3% 0.0% 0.0% 0.0% 0.00e+00 30 neoSimpleFoam.timeStep [region]
|-> 1.04e+01 sec 7.0% 0.0% 0.0% 0.0% 0.00e+00 30 neoSimpleFoam.momentumPredictor [region]
|   |-> 1.04e+01 sec 7.0% 0.0% 0.0% 0.0% 0.00e+00 30 neoSimpleFoam.timeStep [region]
|-> 9.14e+00 sec 6.2% 0.0% 0.0% 0.0% 0.00e+00 120 ginkgo.solverSetup [region]
|   |-> 8.80e+00 sec 5.9% 0.0% 0.0% 0.0% 0.00e+00 30 neoSimpleFoam.pressureCorrector.pEqn [region]
|   |   |-> 8.80e+00 sec 5.9% 0.0% 0.0% 0.0% 0.00e+00 30 neoSimpleFoam.pressureCorrector [region]
|   |       |-> 8.80e+00 sec 5.9% 0.0% 0.0% 0.0% 0.00e+00 30 neoSimpleFoam.timeStep [region]
|   |-> 2.27e-01 sec 0.2% 0.0% 0.0% 0.0% 0.00e+00 60 neoSimpleFoam.turbulenceCorrect [region]
|   |   |-> 2.27e-01 sec 0.2% 0.0% 0.0% 0.0% 0.00e+00 60 neoSimpleFoam.timeStep [region]
|-> 4.54e+00 sec 3.1% 0.0% 0.0% 0.0% 0.00e+00 30 luw.applyCorr [region]
|   |-> 4.54e+00 sec 3.1% 0.0% 0.0% 0.0% 0.00e+00 30 divlap.deferredCorr [region]
|       |-> 4.54e+00 sec 3.1% 0.0% 0.0% 0.0% 0.00e+00 30 assemble.spatialImplicit [region]
|           |-> 4.54e+00 sec 3.1% 0.0% 0.0% 0.0% 0.00e+00 30 momentum.assemble [region]
|               |-> 4.54e+00 sec 3.1% 0.0% 0.0% 0.0% 0.00e+00 30 neoSimpleFoam.momentumPredictor [region]
|                   |-> 4.54e+00 sec 3.1% 0.0% 0.0% 0.0% 0.00e+00 30 neoSimpleFoam.timeStep [region]
|-> 2.18e+00 sec 1.5% 100.0% 0.0% ------ 272 computeGradInternal [for]
|   |-> 7.22e-01 sec 0.5% 100.0% 0.0% 0.0% 0.00e+00 90 neoSimpleFoam.pressureCorrector [region]
|   |   |-> 7.22e-01 sec 0.5% 100.0% 0.0% 0.0% 0.00e+00 90 neoSimpleFoam.timeStep [region]
|   |-> 7.22e-01 sec 0.5% 100.0% 0.0% 0.0% 0.00e+00 90 assemble.spatialImplicit [region]
|   |   |-> 4.81e-01 sec 0.3% 100.0% 0.0% 0.0% 0.00e+00 60 neoSimpleFoam.turbulenceCorrect [region]
|   |   |   |-> 4.81e-01 sec 0.3% 100.0% 0.0% 0.0% 0.00e+00 60 neoSimpleFoam.timeStep [region]
|   |   |-> 2.40e-01 sec 0.2% 100.0% 0.0% 0.0% 0.00e+00 30 neoSimpleFoam.pressureCorrector.pEqn [region]
|   |       |-> 2.40e-01 sec 0.2% 100.0% 0.0% 0.0% 0.00e+00 30 neoSimpleFoam.pressureCorrector [region]
|   |           |-> 2.40e-01 sec 0.2% 100.0% 0.0% 0.0% 0.00e+00 30 neoSimpleFoam.timeStep [region]
|   |-> 4.81e-01 sec 0.3% 100.0% 0.0% 0.0% 0.00e+00 60 neoSimpleFoam.turbulenceCorrect [region]
|   |   |-> 4.81e-01 sec 0.3% 100.0% 0.0% 0.0% 0.00e+00 60 neoSimpleFoam.timeStep [region]
|   |-> 2.40e-01 sec 0.2% 100.0% 0.0% 0.0% 0.00e+00 30 assemble.explicitSource [region]
|   |   |-> 2.40e-01 sec 0.2% 100.0% 0.0% 0.0% 0.00e+00 30 neoSimpleFoam.momentumPredictor [region]
|   |       |-> 2.40e-01 sec 0.2% 100.0% 0.0% 0.0% 0.00e+00 30 neoSimpleFoam.timeStep [region]
|-> 1.96e+00 sec 1.3% 0.0% 0.0% 0.0% 0.00e+00 30 neoSimpleFoam.write [region]
|   |-> 1.96e+00 sec 1.3% 0.0% 0.0% 0.0% 0.00e+00 30 neoSimpleFoam.timeStep [region]
|-> 1.94e+00 sec 1.3% 0.0% 0.0% 0.0% 0.00e+00 30 momentum.construct [region]
|   |-> 1.94e+00 sec 1.3% 0.0% 0.0% 0.0% 0.00e+00 30 neoSimpleFoam.momentumPredictor [region]
|       |-> 1.94e+00 sec 1.3% 0.0% 0.0% 0.0% 0.00e+00 30 neoSimpleFoam.timeStep [region]
|-> 1.38e+00 sec 0.9% 0.0% 0.0% 0.0% 0.00e+00 30 luw.gradOpCtor [region]
|   |-> 1.38e+00 sec 0.9% 0.0% 0.0% 0.0% 0.00e+00 30 divlap.deferredCorr [region]
|       |-> 1.38e+00 sec 0.9% 0.0% 0.0% 0.0% 0.00e+00 30 assemble.spatialImplicit [region]
|           |-> 1.38e+00 sec 0.9% 0.0% 0.0% 0.0% 0.00e+00 30 momentum.assemble [region]
|               |-> 1.38e+00 sec 0.9% 0.0% 0.0% 0.0% 0.00e+00 30 neoSimpleFoam.momentumPredictor [region]
|                   |-> 1.38e+00 sec 0.9% 0.0% 0.0% 0.0% 0.00e+00 30 neoSimpleFoam.timeStep [region]
|-> 1.20e+00 sec 0.8% 100.0% 0.0% ------ 9368 fill [for]
|   |-> 2.04e-01 sec 0.1% 100.0% 0.0% 0.0% 0.00e+00 601 divlap.nonOrthCorr [region]
|   |   |-> 2.04e-01 sec 0.1% 100.0% 0.0% 0.0% 0.00e+00 601 assemble.spatialImplicit [region]
|   |       |-> 2.04e-01 sec 0.1% 100.0% 0.0% 0.0% 0.00e+00 601 momentum.assemble [region]
|   |           |-> 2.04e-01 sec 0.1% 100.0% 0.0% 0.0% 0.00e+00 601 neoSimpleFoam.momentumPredictor [region]
|   |               |-> 2.04e-01 sec 0.1% 100.0% 0.0% 0.0% 0.00e+00 601 neoSimpleFoam.timeStep [region]
|   |-> 1.81e-01 sec 0.1% 100.0% 0.0% 0.0% 0.00e+00 1315 neoSimpleFoam.turbulenceCorrect [region]
|   |   |-> 1.81e-01 sec 0.1% 100.0% 0.0% 0.0% 0.00e+00 1315 neoSimpleFoam.timeStep [region]
|   |-> 1.81e-01 sec 0.1% 100.0% 0.0% 0.0% 0.00e+00 3420 neoSimpleFoam.pressureCorrector [region]
|   |   |-> 1.81e-01 sec 0.1% 100.0% 0.0% 0.0% 0.00e+00 3420 neoSimpleFoam.timeStep [region]
|   |-> 1.50e-01 sec 0.1% 100.0% 0.0% 0.0% 0.00e+00 210 luw.gradAlloc [region]
|   |   |-> 1.50e-01 sec 0.1% 100.0% 0.0% 0.0% 0.00e+00 210 divlap.deferredCorr [region]
|   |       |-> 1.50e-01 sec 0.1% 100.0% 0.0% 0.0% 0.00e+00 210 assemble.spatialImplicit [region]
|   |           |-> 1.50e-01 sec 0.1% 100.0% 0.0% 0.0% 0.00e+00 210 momentum.assemble [region]
|   |               |-> 1.50e-01 sec 0.1% 100.0% 0.0% 0.0% 0.00e+00 210 neoSimpleFoam.momentumPredictor [region]
|   |                   |-> 1.50e-01 sec 0.1% 100.0% 0.0% 0.0% 0.00e+00 210 neoSimpleFoam.timeStep [region]
|-> 1.03e+00 sec 0.7% 100.0% 0.0% ------ 91 computeGradTensorInternal [for]
|   |-> 3.41e-01 sec 0.2% 100.0% 0.0% 0.0% 0.00e+00 30 divlap.nonOrthCorr [region]
|   |   |-> 3.41e-01 sec 0.2% 100.0% 0.0% 0.0% 0.00e+00 30 assemble.spatialImplicit [region]
|   |       |-> 3.41e-01 sec 0.2% 100.0% 0.0% 0.0% 0.00e+00 30 momentum.assemble [region]
|   |           |-> 3.41e-01 sec 0.2% 100.0% 0.0% 0.0% 0.00e+00 30 neoSimpleFoam.momentumPredictor [region]
|   |               |-> 3.41e-01 sec 0.2% 100.0% 0.0% 0.0% 0.00e+00 30 neoSimpleFoam.timeStep [region]
|   |-> 3.41e-01 sec 0.2% 100.0% 0.0% 0.0% 0.00e+00 30 neoSimpleFoam.turbulenceCorrect [region]
|   |   |-> 3.41e-01 sec 0.2% 100.0% 0.0% 0.0% 0.00e+00 30 neoSimpleFoam.timeStep [region]
|   |-> 3.41e-01 sec 0.2% 100.0% 0.0% 0.0% 0.00e+00 30 clg.baseGrad [region]
|   |   |-> 3.41e-01 sec 0.2% 100.0% 0.0% 0.0% 0.00e+00 30 luw.gradCompute [region]
|   |       |-> 3.41e-01 sec 0.2% 100.0% 0.0% 0.0% 0.00e+00 30 divlap.deferredCorr [region]
|   |           |-> 3.41e-01 sec 0.2% 100.0% 0.0% 0.0% 0.00e+00 30 assemble.spatialImplicit [region]
|   |               |-> 3.41e-01 sec 0.2% 100.0% 0.0% 0.0% 0.00e+00 30 momentum.assemble [region]
|   |                   |-> 3.41e-01 sec 0.2% 100.0% 0.0% 0.0% 0.00e+00 30 neoSimpleFoam.momentumPredictor [region]
|   |                       |-> 3.41e-01 sec 0.2% 100.0% 0.0% 0.0% 0.00e+00 30 neoSimpleFoam.timeStep [region]
|-> 5.52e-01 sec 0.4% 0.0% 0.0% 0.0% 0.00e+00 120 ginkgo.createMtx [region]
|   |-> 2.80e-01 sec 0.2% 0.0% 0.0% 0.0% 0.00e+00 60 neoSimpleFoam.turbulenceCorrect [region]
|   |   |-> 2.80e-01 sec 0.2% 0.0% 0.0% 0.0% 0.00e+00 60 neoSimpleFoam.timeStep [region]
|-> 3.27e-01 sec 0.2% 100.0% 0.0% ------ 120 computeLaplacianImplicitCorrection [for]
|   |-> 2.54e-01 sec 0.2% 100.0% 0.0% 0.0% 0.00e+00 30 divlap.nonOrthCorr [region]
|   |   |-> 2.54e-01 sec 0.2% 100.0% 0.0% 0.0% 0.00e+00 30 assemble.spatialImplicit [region]
|   |       |-> 2.54e-01 sec 0.2% 100.0% 0.0% 0.0% 0.00e+00 30 momentum.assemble [region]
|   |           |-> 2.54e-01 sec 0.2% 100.0% 0.0% 0.0% 0.00e+00 30 neoSimpleFoam.momentumPredictor [region]
|   |               |-> 2.54e-01 sec 0.2% 100.0% 0.0% 0.0% 0.00e+00 30 neoSimpleFoam.timeStep [region]
|-> 2.88e-01 sec 0.2% 100.0% 0.0% ------ 30 addDivCorrectionToRhs [for]
|   |-> 2.88e-01 sec 0.2% 100.0% 0.0% 0.0% 0.00e+00 30 divlap.deferredCorr [region]
|       |-> 2.88e-01 sec 0.2% 100.0% 0.0% 0.0% 0.00e+00 30 assemble.spatialImplicit [region]
|           |-> 2.88e-01 sec 0.2% 100.0% 0.0% 0.0% 0.00e+00 30 momentum.assemble [region]
|               |-> 2.88e-01 sec 0.2% 100.0% 0.0% 0.0% 0.00e+00 30 neoSimpleFoam.momentumPredictor [region]
|                   |-> 2.88e-01 sec 0.2% 100.0% 0.0% 0.0% 0.00e+00 30 neoSimpleFoam.timeStep [region]
|-> 2.57e-01 sec 0.2% 100.0% 0.0% ------ 553 computeLinearInterpolationInternal [for]
|-> 2.35e-01 sec 0.2% 100.0% 0.0% ------ 90 computeLocalGaussGreenDivLaplacianCoefficients [for]
|   |-> 1.56e-01 sec 0.1% 100.0% 0.0% 0.0% 0.00e+00 60 assemble.spatialImplicit [region]
|   |   |-> 1.56e-01 sec 0.1% 100.0% 0.0% 0.0% 0.00e+00 60 neoSimpleFoam.turbulenceCorrect [region]
|   |       |-> 1.56e-01 sec 0.1% 100.0% 0.0% 0.0% 0.00e+00 60 neoSimpleFoam.timeStep [region]
|-> 1.98e-01 sec 0.1% 100.0% 0.0% ------ 2668 parallelFor [for]
|-> 1.73e-01 sec 0.1% 100.0% 0.0% ------ 91 computeGradTensorCells [for]

KOKKOS HOST SPACE:
===================
MAX MEMORY ALLOCATED: 1290732.5 kB
ALLOCATIONS AT TIME OF HIGH WATER MARK:
  29.9% neoSimpleFoam.timeStep/neoSimpleFoam.momentumPredictor/momentum.assemble/assemble.spatialImplicit/divlap.deferredCorr/luw.gradOpCtor/Vector
  29.9% neoSimpleFoam.timeStep/neoSimpleFoam.momentumPredictor/momentum.assemble/assemble.spatialImplicit/divlap.deferredCorr/luw.gradOpCtor/Vector
  15.5% neoSimpleFoam.timeStep/neoSimpleFoam.momentumPredictor/momentum.assemble/assemble.spatialImplicit/divlap.deferredCorr/luw.gradOpCtor/Vector
  14.9% neoSimpleFoam.timeStep/neoSimpleFoam.momentumPredictor/momentum.assemble/assemble.spatialImplicit/divlap.deferredCorr/luw.gradOpCtor/Vector
  4.9% neoSimpleFoam.timeStep/neoSimpleFoam.momentumPredictor/momentum.assemble/assemble.spatialImplicit/divlap.deferredCorr/luw.gradOpCtor/Vector
  4.9% neoSimpleFoam.timeStep/neoSimpleFoam.momentumPredictor/momentum.assemble/assemble.spatialImplicit/divlap.deferredCorr/luw.gradOpCtor/Vector

KOKKOS CUDA SPACE:
===================
MAX MEMORY ALLOCATED: 0.0 kB
ALLOCATIONS AT TIME OF HIGH WATER MARK:

KOKKOS HIP SPACE:
===================
MAX MEMORY ALLOCATED: 0.0 kB
ALLOCATIONS AT TIME OF HIGH WATER MARK:

KOKKOS SYCL SPACE:
===================
MAX MEMORY ALLOCATED: 0.0 kB
ALLOCATIONS AT TIME OF HIGH WATER MARK:

KOKKOS OpenMPTarget SPACE:
===================
MAX MEMORY ALLOCATED: 0.0 kB
ALLOCATIONS AT TIME OF HIGH WATER MARK:

Host process high water mark memory consumption: 14730528 kB

END KOKKOS PROFILING REPORT.
Finalizing NeoN

BEGIN KOKKOS PROFILING REPORT:
TOTAL TIME: 148.57804564 seconds
TOP-DOWN TIME TREE:
<average time> <percent of total time> <percent time in Kokkos> <percent MPI imbalance> <remainder> <kernels per second> <number of calls> <name> [type]
===================
|-> 1.13e+02 sec 75.8% 26.2% 0.0% 0.0% 5.03e+02 30 neoSimpleFoam.timeStep [region]
|   |-> 7.06e+01 sec 47.5% 15.7% 0.0% 4.9% 4.03e+02 30 neoSimpleFoam.pressureCorrector [region]
|   |   |-> 5.83e+01 sec 39.3% 3.9% 0.0% 76.9% 8.10e+01 30 neoSimpleFoam.pressureCorrector.pEqn [region]
|   |   |   |-> 1.09e+01 sec 7.3% 0.0% 0.0% 100.0% 0.00e+00 30 ginkgo.solverSetup [region]
|   |   |   |-> 1.85e+00 sec 1.2% 88.1% 0.0% 11.9% 1.23e+03 30 assemble.spatialImplicit [region]
|   |   |   |   |-> 4.95e-01 sec 0.3% 100.0% 0.0% ------ 30 computeGradInternal [for]
|   |   |   |   |-> 4.85e-01 sec 0.3% 100.0% 0.0% ------ 1320 computeGradBoundaryRefGrad [for]
|   |   |   |   |-> 2.59e-01 sec 0.2% 100.0% 0.0% ------ 601 fill [for]
|   |   |   |   |-> 1.60e-01 sec 0.1% 100.0% 0.0% ------ 30 computeLocalLaplacianCoefficients [for]
|   |   |   |-> 3.57e-01 sec 0.2% 100.0% 0.0% ------ 1560 setGradientValue [for]
|   |   |-> 1.87e+00 sec 1.3% 100.0% 0.0% ------ 8250 extrapolateValue [for]
|   |   |-> 1.43e+00 sec 1.0% 100.0% 0.0% ------ 3660 fill [for]
|   |   |-> 1.36e+00 sec 0.9% 100.0% 0.0% ------ 3960 computeGradBoundaryRefGrad [for]
|   |   |-> 1.23e+00 sec 0.8% 100.0% 0.0% ------ 90 computeGradInternal [for]
|   |   |-> 7.53e-01 sec 0.5% 100.0% 0.0% ------ 2100 parallelFor [for]
|   |   |-> 3.70e-01 sec 0.2% 100.0% 0.0% ------ 1230 setFixedValueVolume [for]
|   |   |-> 3.60e-01 sec 0.2% 100.0% 0.0% ------ 1590 setGradientValue [for]
|   |   |-> 1.85e-01 sec 0.1% 100.0% 0.0% ------ 720 updateProcBoundaryOwnerValue [for]
|   |   |-> 1.66e-01 sec 0.1% 100.0% 0.0% ------ 540 setProcBoundaryCoefficients [for]
|   |   |-> 1.56e-01 sec 0.1% 100.0% 0.0% ------ 90 computeGradBoundary [for]
|   |-> 2.19e+01 sec 14.8% 37.1% 0.0% 39.2% 3.12e+02 30 neoSimpleFoam.momentumPredictor [region]
|   |   |-> 1.01e+01 sec 6.8% 72.0% 0.0% 0.0% 6.17e+02 30 momentum.assemble [region]
|   |   |   |-> 8.89e+00 sec 6.0% 70.9% 0.0% 0.0% 5.88e+02 30 assemble.spatialImplicit [region]
|   |   |   |   |-> 5.48e+00 sec 3.7% 58.4% 0.0% 3.9% 5.21e+02 30 divlap.deferredCorr [region]
|   |   |   |   |   |-> 2.05e+00 sec 1.4% 96.1% 0.0% 0.0% 1.01e+03 30 luw.gradCompute [region]
|   |   |   |   |   |   |-> 1.73e+00 sec 1.2% 95.4% 0.0% 4.6% 1.01e+03 30 clg.baseGrad [region]
|   |   |   |   |   |   |   |-> 6.73e-01 sec 0.5% 100.0% 0.0% ------ 1320 computeGradTensorBoundaryReconstruct [for]
|   |   |   |   |   |   |   |-> 4.17e-01 sec 0.3% 100.0% 0.0% ------ 210 fill [for]
|   |   |   |   |   |   |   |-> 4.13e-01 sec 0.3% 100.0% 0.0% ------ 30 computeGradTensorInternal [for]
|   |   |   |   |   |   |-> 3.19e-01 sec 0.2% 99.7% 0.0% 0.3% 1.03e+03 30 clg.limiter [region]
|   |   |   |   |   |-> 1.40e+00 sec 0.9% 1.5% 0.0% 98.5% 2.14e+00 30 luw.gradOpCtor [region]
|   |   |   |   |   |-> 7.36e-01 sec 0.5% 42.3% 0.0% 57.7% 4.48e+02 30 luw.applyCorr [region]
|   |   |   |   |   |   |-> 1.49e-01 sec 0.1% 100.0% 0.0% ------ 90 parallelFor [for]
|   |   |   |   |   |-> 4.77e-01 sec 0.3% 100.0% 0.0% ------ 30 addDivCorrectionToRhs [for]
|   |   |   |   |   |-> 4.68e-01 sec 0.3% 61.5% 0.0% 38.5% 4.49e+02 30 luw.gradAlloc [region]
|   |   |   |   |   |   |-> 2.88e-01 sec 0.2% 100.0% 0.0% ------ 210 fill [for]
|   |   |   |   |-> 3.05e+00 sec 2.1% 89.9% 0.0% 10.1% 7.18e+02 30 divlap.nonOrthCorr [region]
|   |   |   |   |   |-> 7.84e-01 sec 0.5% 100.0% 0.0% ------ 1320 computeGradTensorBoundaryReconstruct [for]
|   |   |   |   |   |-> 7.27e-01 sec 0.5% 100.0% 0.0% ------ 30 computeGradTensorInternal [for]
|   |   |   |   |   |-> 6.26e-01 sec 0.4% 100.0% 0.0% ------ 601 fill [for]
|   |   |   |   |   |-> 3.32e-01 sec 0.2% 100.0% 0.0% ------ 30 computeLaplacianImplicitCorrection [for]
|   |   |   |   |-> 2.22e-01 sec 0.1% 99.8% 0.0% 0.2% 4.06e+02 30 divlap.matrixCoeffs [region]
|   |   |   |   |   |-> 1.65e-01 sec 0.1% 100.0% 0.0% ------ 30 computeLocalGaussGreenDivLaplacianCoefficients [for]
|   |   |   |-> 1.08e+00 sec 0.7% 78.0% 0.0% 22.0% 7.80e+02 30 assemble.explicitSource [region]
|   |   |   |   |-> 2.98e-01 sec 0.2% 100.0% 0.0% ------ 420 fill [for]
|   |   |   |   |-> 1.60e-01 sec 0.1% 100.0% 0.0% ------ 30 divDevReff::internal [for]
|   |   |-> 1.98e+00 sec 1.3% 1.6% 0.0% 98.4% 1.36e+01 30 momentum.construct [region]
|   |   |-> 9.67e-01 sec 0.7% 82.0% 0.0% 18.0% 5.27e+02 30 assemble.explicitSource [region]
|   |   |   |-> 3.65e-01 sec 0.2% 100.0% 0.0% ------ 30 computeGradInternal [for]
|   |   |-> 1.52e-01 sec 0.1% 0.0% 0.0% 100.0% 0.00e+00 30 ginkgo.solverSetup [region]
|   |-> 1.81e+01 sec 12.2% 56.9% 0.0% 38.0% 1.18e+03 30 neoSimpleFoam.turbulenceCorrect [region]
|   |   |-> 3.85e+00 sec 2.6% 86.4% 0.0% 13.6% 1.25e+03 60 assemble.spatialImplicit [region]
|   |   |   |-> 7.56e-01 sec 0.5% 100.0% 0.0% ------ 60 computeGradInternal [for]
|   |   |   |-> 7.23e-01 sec 0.5% 100.0% 0.0% ------ 1202 fill [for]
|   |   |   |-> 5.11e-01 sec 0.3% 100.0% 0.0% ------ 1440 computeGradBoundaryRefGrad [for]
|   |   |   |-> 4.64e-01 sec 0.3% 100.0% 0.0% ------ 1200 computeGradBoundaryFixedValue [for]
|   |   |   |-> 2.72e-01 sec 0.2% 100.0% 0.0% ------ 60 computeLocalGaussGreenDivLaplacianCoefficients [for]
|   |   |-> 7.48e-01 sec 0.5% 100.0% 0.0% ------ 1465 fill [for]
|   |   |-> 6.30e-01 sec 0.4% 100.0% 0.0% ------ 30 computeGradTensorInternal [for]
|   |   |-> 6.07e-01 sec 0.4% 100.0% 0.0% ------ 60 computeGradInternal [for]
|   |   |-> 5.45e-01 sec 0.4% 100.0% 0.0% ------ 1200 computeGradBoundaryFixedValue [for]
|   |   |-> 4.93e-01 sec 0.3% 100.0% 0.0% ------ 1440 computeGradBoundaryRefGrad [for]
|   |   |-> 4.87e-01 sec 0.3% 100.0% 0.0% ------ 1530 kOmegaSST::omegaWFGFeedback [for]
|   |   |-> 4.40e-01 sec 0.3% 100.0% 0.0% ------ 1320 computeGradTensorBoundaryReconstruct [for]
|   |   |-> 4.18e-01 sec 0.3% 100.0% 0.0% ------ 1650 extrapolateValue [for]
|   |   |-> 3.69e-01 sec 0.2% 100.0% 0.0% ------ 1530 setNutUSpaldingWallFunction [for]
|   |   |-> 3.50e-01 sec 0.2% 100.0% 0.0% ------ 1590 setGradientValue [for]
|   |   |-> 3.50e-01 sec 0.2% 100.0% 0.0% ------ 1530 setOmegaWallFunction [for]
|   |   |-> 2.30e-01 sec 0.2% 0.0% 0.0% 100.0% 0.00e+00 60 ginkgo.solverSetup [region]
|   |   |-> 1.89e-01 sec 0.1% 100.0% 0.0% ------ 217 computeLinearInterpolationInternal [for]
|   |   |-> 1.66e-01 sec 0.1% 2.5% 0.0% 97.5% 4.23e+02 60 ginkgo.createMtx [region]
|   |-> 1.97e+00 sec 1.3% 0.0% 0.0% 100.0% 0.00e+00 30 neoSimpleFoam.write [region]
|-> 3.36e+01 sec 22.6% 1.0% 0.0% 99.0% 3.14e+01 1 neoSimpleFoam.setup [region]

BOTTOM-UP TIME TREE:
<average time> <percent of total time> <percent time in Kokkos> <percent MPI imbalance> <number of calls> <name> [type]
===================
|-> 4.49e+01 sec 30.2% 0.0% 0.0% 0.0% 0.00e+00 30 neoSimpleFoam.pressureCorrector.pEqn [region]
|   |-> 4.49e+01 sec 30.2% 0.0% 0.0% 0.0% 0.00e+00 30 neoSimpleFoam.pressureCorrector [region]
|       |-> 4.49e+01 sec 30.2% 0.0% 0.0% 0.0% 0.00e+00 30 neoSimpleFoam.timeStep [region]
|-> 3.33e+01 sec 22.4% 0.0% 0.0% 0.0% 0.00e+00 1 neoSimpleFoam.setup [region]
|-> 1.12e+01 sec 7.6% 0.0% 0.0% 0.0% 0.00e+00 120 ginkgo.solverSetup [region]
|   |-> 1.09e+01 sec 7.3% 0.0% 0.0% 0.0% 0.00e+00 30 neoSimpleFoam.pressureCorrector.pEqn [region]
|   |   |-> 1.09e+01 sec 7.3% 0.0% 0.0% 0.0% 0.00e+00 30 neoSimpleFoam.pressureCorrector [region]
|   |       |-> 1.09e+01 sec 7.3% 0.0% 0.0% 0.0% 0.00e+00 30 neoSimpleFoam.timeStep [region]
|   |-> 2.30e-01 sec 0.2% 0.0% 0.0% 0.0% 0.00e+00 60 neoSimpleFoam.turbulenceCorrect [region]
|   |   |-> 2.30e-01 sec 0.2% 0.0% 0.0% 0.0% 0.00e+00 60 neoSimpleFoam.timeStep [region]
|   |-> 1.52e-01 sec 0.1% 0.0% 0.0% 0.0% 0.00e+00 30 neoSimpleFoam.momentumPredictor [region]
|       |-> 1.52e-01 sec 0.1% 0.0% 0.0% 0.0% 0.00e+00 30 neoSimpleFoam.timeStep [region]
|-> 8.59e+00 sec 5.8% 0.0% 0.0% 0.0% 0.00e+00 30 neoSimpleFoam.momentumPredictor [region]
|   |-> 8.59e+00 sec 5.8% 0.0% 0.0% 0.0% 0.00e+00 30 neoSimpleFoam.timeStep [region]
|-> 6.86e+00 sec 4.6% 0.0% 0.0% 0.0% 0.00e+00 30 neoSimpleFoam.turbulenceCorrect [region]
|   |-> 6.86e+00 sec 4.6% 0.0% 0.0% 0.0% 0.00e+00 30 neoSimpleFoam.timeStep [region]
|-> 5.43e+00 sec 3.7% 100.0% 0.0% ------ 9832 fill [for]
|   |-> 1.43e+00 sec 1.0% 100.0% 0.0% 0.0% 0.00e+00 3660 neoSimpleFoam.pressureCorrector [region]
|   |   |-> 1.43e+00 sec 1.0% 100.0% 0.0% 0.0% 0.00e+00 3660 neoSimpleFoam.timeStep [region]
|   |-> 9.82e-01 sec 0.7% 100.0% 0.0% 0.0% 0.00e+00 1803 assemble.spatialImplicit [region]
|   |   |-> 7.23e-01 sec 0.5% 100.0% 0.0% 0.0% 0.00e+00 1202 neoSimpleFoam.turbulenceCorrect [region]
|   |   |   |-> 7.23e-01 sec 0.5% 100.0% 0.0% 0.0% 0.00e+00 1202 neoSimpleFoam.timeStep [region]
|   |   |-> 2.59e-01 sec 0.2% 100.0% 0.0% 0.0% 0.00e+00 601 neoSimpleFoam.pressureCorrector.pEqn [region]
|   |       |-> 2.59e-01 sec 0.2% 100.0% 0.0% 0.0% 0.00e+00 601 neoSimpleFoam.pressureCorrector [region]
|   |           |-> 2.59e-01 sec 0.2% 100.0% 0.0% 0.0% 0.00e+00 601 neoSimpleFoam.timeStep [region]
|   |-> 7.48e-01 sec 0.5% 100.0% 0.0% 0.0% 0.00e+00 1465 neoSimpleFoam.turbulenceCorrect [region]
|   |   |-> 7.48e-01 sec 0.5% 100.0% 0.0% 0.0% 0.00e+00 1465 neoSimpleFoam.timeStep [region]
|   |-> 6.26e-01 sec 0.4% 100.0% 0.0% 0.0% 0.00e+00 601 divlap.nonOrthCorr [region]
|   |   |-> 6.26e-01 sec 0.4% 100.0% 0.0% 0.0% 0.00e+00 601 assemble.spatialImplicit [region]
|   |       |-> 6.26e-01 sec 0.4% 100.0% 0.0% 0.0% 0.00e+00 601 momentum.assemble [region]
|   |           |-> 6.26e-01 sec 0.4% 100.0% 0.0% 0.0% 0.00e+00 601 neoSimpleFoam.momentumPredictor [region]
|   |               |-> 6.26e-01 sec 0.4% 100.0% 0.0% 0.0% 0.00e+00 601 neoSimpleFoam.timeStep [region]
|   |-> 4.28e-01 sec 0.3% 100.0% 0.0% 0.0% 0.00e+00 780 assemble.explicitSource [region]
|   |   |-> 2.98e-01 sec 0.2% 100.0% 0.0% 0.0% 0.00e+00 420 momentum.assemble [region]
|   |   |   |-> 2.98e-01 sec 0.2% 100.0% 0.0% 0.0% 0.00e+00 420 neoSimpleFoam.momentumPredictor [region]
|   |   |       |-> 2.98e-01 sec 0.2% 100.0% 0.0% 0.0% 0.00e+00 420 neoSimpleFoam.timeStep [region]
|   |-> 4.17e-01 sec 0.3% 100.0% 0.0% 0.0% 0.00e+00 210 clg.baseGrad [region]
|   |   |-> 4.17e-01 sec 0.3% 100.0% 0.0% 0.0% 0.00e+00 210 luw.gradCompute [region]
|   |       |-> 4.17e-01 sec 0.3% 100.0% 0.0% 0.0% 0.00e+00 210 divlap.deferredCorr [region]
|   |           |-> 4.17e-01 sec 0.3% 100.0% 0.0% 0.0% 0.00e+00 210 assemble.spatialImplicit [region]
|   |               |-> 4.17e-01 sec 0.3% 100.0% 0.0% 0.0% 0.00e+00 210 momentum.assemble [region]
|   |                   |-> 4.17e-01 sec 0.3% 100.0% 0.0% 0.0% 0.00e+00 210 neoSimpleFoam.momentumPredictor [region]
|   |                       |-> 4.17e-01 sec 0.3% 100.0% 0.0% 0.0% 0.00e+00 210 neoSimpleFoam.timeStep [region]
|   |-> 2.88e-01 sec 0.2% 100.0% 0.0% 0.0% 0.00e+00 210 luw.gradAlloc [region]
|   |   |-> 2.88e-01 sec 0.2% 100.0% 0.0% 0.0% 0.00e+00 210 divlap.deferredCorr [region]
|   |       |-> 2.88e-01 sec 0.2% 100.0% 0.0% 0.0% 0.00e+00 210 assemble.spatialImplicit [region]
|   |           |-> 2.88e-01 sec 0.2% 100.0% 0.0% 0.0% 0.00e+00 210 momentum.assemble [region]
|   |               |-> 2.88e-01 sec 0.2% 100.0% 0.0% 0.0% 0.00e+00 210 neoSimpleFoam.momentumPredictor [region]
|   |                   |-> 2.88e-01 sec 0.2% 100.0% 0.0% 0.0% 0.00e+00 210 neoSimpleFoam.timeStep [region]
|-> 3.47e+00 sec 2.3% 100.0% 0.0% ------ 272 computeGradInternal [for]
|   |-> 1.25e+00 sec 0.8% 100.0% 0.0% 0.0% 0.00e+00 90 assemble.spatialImplicit [region]
|   |   |-> 7.56e-01 sec 0.5% 100.0% 0.0% 0.0% 0.00e+00 60 neoSimpleFoam.turbulenceCorrect [region]
|   |   |   |-> 7.56e-01 sec 0.5% 100.0% 0.0% 0.0% 0.00e+00 60 neoSimpleFoam.timeStep [region]
|   |   |-> 4.95e-01 sec 0.3% 100.0% 0.0% 0.0% 0.00e+00 30 neoSimpleFoam.pressureCorrector.pEqn [region]
|   |       |-> 4.95e-01 sec 0.3% 100.0% 0.0% 0.0% 0.00e+00 30 neoSimpleFoam.pressureCorrector [region]
|   |           |-> 4.95e-01 sec 0.3% 100.0% 0.0% 0.0% 0.00e+00 30 neoSimpleFoam.timeStep [region]
|   |-> 1.23e+00 sec 0.8% 100.0% 0.0% 0.0% 0.00e+00 90 neoSimpleFoam.pressureCorrector [region]
|   |   |-> 1.23e+00 sec 0.8% 100.0% 0.0% 0.0% 0.00e+00 90 neoSimpleFoam.timeStep [region]
|   |-> 6.07e-01 sec 0.4% 100.0% 0.0% 0.0% 0.00e+00 60 neoSimpleFoam.turbulenceCorrect [region]
|   |   |-> 6.07e-01 sec 0.4% 100.0% 0.0% 0.0% 0.00e+00 60 neoSimpleFoam.timeStep [region]
|   |-> 3.65e-01 sec 0.2% 100.0% 0.0% 0.0% 0.00e+00 30 assemble.explicitSource [region]
|   |   |-> 3.65e-01 sec 0.2% 100.0% 0.0% 0.0% 0.00e+00 30 neoSimpleFoam.momentumPredictor [region]
|   |       |-> 3.65e-01 sec 0.2% 100.0% 0.0% 0.0% 0.00e+00 30 neoSimpleFoam.timeStep [region]
|-> 3.44e+00 sec 2.3% 0.0% 0.0% 0.0% 0.00e+00 30 neoSimpleFoam.pressureCorrector [region]
|   |-> 3.44e+00 sec 2.3% 0.0% 0.0% 0.0% 0.00e+00 30 neoSimpleFoam.timeStep [region]
|-> 2.87e+00 sec 1.9% 100.0% 0.0% ------ 8208 computeGradBoundaryRefGrad [for]
|   |-> 1.36e+00 sec 0.9% 100.0% 0.0% 0.0% 0.00e+00 3960 neoSimpleFoam.pressureCorrector [region]
|   |   |-> 1.36e+00 sec 0.9% 100.0% 0.0% 0.0% 0.00e+00 3960 neoSimpleFoam.timeStep [region]
|   |-> 9.96e-01 sec 0.7% 100.0% 0.0% 0.0% 0.00e+00 2760 assemble.spatialImplicit [region]
|   |   |-> 5.11e-01 sec 0.3% 100.0% 0.0% 0.0% 0.00e+00 1440 neoSimpleFoam.turbulenceCorrect [region]
|   |   |   |-> 5.11e-01 sec 0.3% 100.0% 0.0% 0.0% 0.00e+00 1440 neoSimpleFoam.timeStep [region]
|   |   |-> 4.85e-01 sec 0.3% 100.0% 0.0% 0.0% 0.00e+00 1320 neoSimpleFoam.pressureCorrector.pEqn [region]
|   |       |-> 4.85e-01 sec 0.3% 100.0% 0.0% 0.0% 0.00e+00 1320 neoSimpleFoam.pressureCorrector [region]
|   |           |-> 4.85e-01 sec 0.3% 100.0% 0.0% 0.0% 0.00e+00 1320 neoSimpleFoam.timeStep [region]
|   |-> 4.93e-01 sec 0.3% 100.0% 0.0% 0.0% 0.00e+00 1440 neoSimpleFoam.turbulenceCorrect [region]
|   |   |-> 4.93e-01 sec 0.3% 100.0% 0.0% 0.0% 0.00e+00 1440 neoSimpleFoam.timeStep [region]
|-> 2.29e+00 sec 1.5% 100.0% 0.0% ------ 9955 extrapolateValue [for]
|   |-> 1.87e+00 sec 1.3% 100.0% 0.0% 0.0% 0.00e+00 8250 neoSimpleFoam.pressureCorrector [region]
|   |   |-> 1.87e+00 sec 1.3% 100.0% 0.0% 0.0% 0.00e+00 8250 neoSimpleFoam.timeStep [region]
|   |-> 4.18e-01 sec 0.3% 100.0% 0.0% 0.0% 0.00e+00 1650 neoSimpleFoam.turbulenceCorrect [region]
|   |   |-> 4.18e-01 sec 0.3% 100.0% 0.0% 0.0% 0.00e+00 1650 neoSimpleFoam.timeStep [region]
|-> 1.97e+00 sec 1.3% 0.0% 0.0% 0.0% 0.00e+00 30 neoSimpleFoam.write [region]
|   |-> 1.97e+00 sec 1.3% 0.0% 0.0% 0.0% 0.00e+00 30 neoSimpleFoam.timeStep [region]
|-> 1.95e+00 sec 1.3% 0.0% 0.0% 0.0% 0.00e+00 30 momentum.construct [region]
|   |-> 1.95e+00 sec 1.3% 0.0% 0.0% 0.0% 0.00e+00 30 neoSimpleFoam.momentumPredictor [region]
|       |-> 1.95e+00 sec 1.3% 0.0% 0.0% 0.0% 0.00e+00 30 neoSimpleFoam.timeStep [region]
|-> 1.92e+00 sec 1.3% 100.0% 0.0% ------ 4004 computeGradTensorBoundaryReconstruct [for]
|   |-> 7.84e-01 sec 0.5% 100.0% 0.0% 0.0% 0.00e+00 1320 divlap.nonOrthCorr [region]
|   |   |-> 7.84e-01 sec 0.5% 100.0% 0.0% 0.0% 0.00e+00 1320 assemble.spatialImplicit [region]
|   |       |-> 7.84e-01 sec 0.5% 100.0% 0.0% 0.0% 0.00e+00 1320 momentum.assemble [region]
|   |           |-> 7.84e-01 sec 0.5% 100.0% 0.0% 0.0% 0.00e+00 1320 neoSimpleFoam.momentumPredictor [region]
|   |               |-> 7.84e-01 sec 0.5% 100.0% 0.0% 0.0% 0.00e+00 1320 neoSimpleFoam.timeStep [region]
|   |-> 6.73e-01 sec 0.5% 100.0% 0.0% 0.0% 0.00e+00 1320 clg.baseGrad [region]
|   |   |-> 6.73e-01 sec 0.5% 100.0% 0.0% 0.0% 0.00e+00 1320 luw.gradCompute [region]
|   |       |-> 6.73e-01 sec 0.5% 100.0% 0.0% 0.0% 0.00e+00 1320 divlap.deferredCorr [region]
|   |           |-> 6.73e-01 sec 0.5% 100.0% 0.0% 0.0% 0.00e+00 1320 assemble.spatialImplicit [region]
|   |               |-> 6.73e-01 sec 0.5% 100.0% 0.0% 0.0% 0.00e+00 1320 momentum.assemble [region]
|   |                   |-> 6.73e-01 sec 0.5% 100.0% 0.0% 0.0% 0.00e+00 1320 neoSimpleFoam.momentumPredictor [region]
|   |                       |-> 6.73e-01 sec 0.5% 100.0% 0.0% 0.0% 0.00e+00 1320 neoSimpleFoam.timeStep [region]
|   |-> 4.40e-01 sec 0.3% 100.0% 0.0% 0.0% 0.00e+00 1320 neoSimpleFoam.turbulenceCorrect [region]
|   |   |-> 4.40e-01 sec 0.3% 100.0% 0.0% 0.0% 0.00e+00 1320 neoSimpleFoam.timeStep [region]
|-> 1.79e+00 sec 1.2% 100.0% 0.0% ------ 91 computeGradTensorInternal [for]
|   |-> 7.27e-01 sec 0.5% 100.0% 0.0% 0.0% 0.00e+00 30 divlap.nonOrthCorr [region]
|   |   |-> 7.27e-01 sec 0.5% 100.0% 0.0% 0.0% 0.00e+00 30 assemble.spatialImplicit [region]
|   |       |-> 7.27e-01 sec 0.5% 100.0% 0.0% 0.0% 0.00e+00 30 momentum.assemble [region]
|   |           |-> 7.27e-01 sec 0.5% 100.0% 0.0% 0.0% 0.00e+00 30 neoSimpleFoam.momentumPredictor [region]
|   |               |-> 7.27e-01 sec 0.5% 100.0% 0.0% 0.0% 0.00e+00 30 neoSimpleFoam.timeStep [region]
|   |-> 6.30e-01 sec 0.4% 100.0% 0.0% 0.0% 0.00e+00 30 neoSimpleFoam.turbulenceCorrect [region]
|   |   |-> 6.30e-01 sec 0.4% 100.0% 0.0% 0.0% 0.00e+00 30 neoSimpleFoam.timeStep [region]
|   |-> 4.13e-01 sec 0.3% 100.0% 0.0% 0.0% 0.00e+00 30 clg.baseGrad [region]
|   |   |-> 4.13e-01 sec 0.3% 100.0% 0.0% 0.0% 0.00e+00 30 luw.gradCompute [region]
|   |       |-> 4.13e-01 sec 0.3% 100.0% 0.0% 0.0% 0.00e+00 30 divlap.deferredCorr [region]
|   |           |-> 4.13e-01 sec 0.3% 100.0% 0.0% 0.0% 0.00e+00 30 assemble.spatialImplicit [region]
|   |               |-> 4.13e-01 sec 0.3% 100.0% 0.0% 0.0% 0.00e+00 30 momentum.assemble [region]
|   |                   |-> 4.13e-01 sec 0.3% 100.0% 0.0% 0.0% 0.00e+00 30 neoSimpleFoam.momentumPredictor [region]
|   |                       |-> 4.13e-01 sec 0.3% 100.0% 0.0% 0.0% 0.00e+00 30 neoSimpleFoam.timeStep [region]
|-> 1.38e+00 sec 0.9% 0.0% 0.0% 0.0% 0.00e+00 30 luw.gradOpCtor [region]
|   |-> 1.38e+00 sec 0.9% 0.0% 0.0% 0.0% 0.00e+00 30 divlap.deferredCorr [region]
|       |-> 1.38e+00 sec 0.9% 0.0% 0.0% 0.0% 0.00e+00 30 assemble.spatialImplicit [region]
|           |-> 1.38e+00 sec 0.9% 0.0% 0.0% 0.0% 0.00e+00 30 momentum.assemble [region]
|               |-> 1.38e+00 sec 0.9% 0.0% 0.0% 0.0% 0.00e+00 30 neoSimpleFoam.momentumPredictor [region]
|                   |-> 1.38e+00 sec 0.9% 0.0% 0.0% 0.0% 0.00e+00 30 neoSimpleFoam.timeStep [region]
|-> 1.27e+00 sec 0.9% 100.0% 0.0% ------ 3102 parallelFor [for]
|   |-> 7.53e-01 sec 0.5% 100.0% 0.0% 0.0% 0.00e+00 2100 neoSimpleFoam.pressureCorrector [region]
|   |   |-> 7.53e-01 sec 0.5% 100.0% 0.0% 0.0% 0.00e+00 2100 neoSimpleFoam.timeStep [region]
|   |-> 1.56e-01 sec 0.1% 100.0% 0.0% 0.0% 0.00e+00 240 assemble.explicitSource [region]
|   |-> 1.49e-01 sec 0.1% 100.0% 0.0% 0.0% 0.00e+00 90 luw.applyCorr [region]
|   |   |-> 1.49e-01 sec 0.1% 100.0% 0.0% 0.0% 0.00e+00 90 divlap.deferredCorr [region]
|   |       |-> 1.49e-01 sec 0.1% 100.0% 0.0% 0.0% 0.00e+00 90 assemble.spatialImplicit [region]
|   |           |-> 1.49e-01 sec 0.1% 100.0% 0.0% 0.0% 0.00e+00 90 momentum.assemble [region]
|   |               |-> 1.49e-01 sec 0.1% 100.0% 0.0% 0.0% 0.00e+00 90 neoSimpleFoam.momentumPredictor [region]
|   |                   |-> 1.49e-01 sec 0.1% 100.0% 0.0% 0.0% 0.00e+00 90 neoSimpleFoam.timeStep [region]
|-> 1.09e+00 sec 0.7% 100.0% 0.0% ------ 4954 setGradientValue [for]
|   |-> 3.60e-01 sec 0.2% 100.0% 0.0% 0.0% 0.00e+00 1590 neoSimpleFoam.pressureCorrector [region]
|   |   |-> 3.60e-01 sec 0.2% 100.0% 0.0% 0.0% 0.00e+00 1590 neoSimpleFoam.timeStep [region]
|   |-> 3.57e-01 sec 0.2% 100.0% 0.0% 0.0% 0.00e+00 1560 neoSimpleFoam.pressureCorrector.pEqn [region]
|   |   |-> 3.57e-01 sec 0.2% 100.0% 0.0% 0.0% 0.00e+00 1560 neoSimpleFoam.pressureCorrector [region]
|   |       |-> 3.57e-01 sec 0.2% 100.0% 0.0% 0.0% 0.00e+00 1560 neoSimpleFoam.timeStep [region]
|   |-> 3.50e-01 sec 0.2% 100.0% 0.0% 0.0% 0.00e+00 1590 neoSimpleFoam.turbulenceCorrect [region]
|   |   |-> 3.50e-01 sec 0.2% 100.0% 0.0% 0.0% 0.00e+00 1590 neoSimpleFoam.timeStep [region]
|-> 1.02e+00 sec 0.7% 100.0% 0.0% ------ 2440 computeGradBoundaryFixedValue [for]
|   |-> 5.45e-01 sec 0.4% 100.0% 0.0% 0.0% 0.00e+00 1200 neoSimpleFoam.turbulenceCorrect [region]
|   |   |-> 5.45e-01 sec 0.4% 100.0% 0.0% 0.0% 0.00e+00 1200 neoSimpleFoam.timeStep [region]
|   |-> 4.64e-01 sec 0.3% 100.0% 0.0% 0.0% 0.00e+00 1200 assemble.spatialImplicit [region]
|   |   |-> 4.64e-01 sec 0.3% 100.0% 0.0% 0.0% 0.00e+00 1200 neoSimpleFoam.turbulenceCorrect [region]
|   |       |-> 4.64e-01 sec 0.3% 100.0% 0.0% 0.0% 0.00e+00 1200 neoSimpleFoam.timeStep [region]
|-> 7.45e-01 sec 0.5% 0.0% 0.0% 0.0% 0.00e+00 120 assemble.spatialImplicit [region]
|   |-> 5.24e-01 sec 0.4% 0.0% 0.0% 0.0% 0.00e+00 60 neoSimpleFoam.turbulenceCorrect [region]
|   |   |-> 5.24e-01 sec 0.4% 0.0% 0.0% 0.0% 0.00e+00 60 neoSimpleFoam.timeStep [region]
|   |-> 2.21e-01 sec 0.1% 0.0% 0.0% 0.0% 0.00e+00 30 neoSimpleFoam.pressureCorrector.pEqn [region]
|   |   |-> 2.21e-01 sec 0.1% 0.0% 0.0% 0.0% 0.00e+00 30 neoSimpleFoam.pressureCorrector [region]
|   |       |-> 2.21e-01 sec 0.1% 0.0% 0.0% 0.0% 0.00e+00 30 neoSimpleFoam.timeStep [region]
|-> 5.28e-01 sec 0.4% 100.0% 0.0% ------ 553 computeLinearInterpolationInternal [for]
|   |-> 1.89e-01 sec 0.1% 100.0% 0.0% 0.0% 0.00e+00 217 neoSimpleFoam.turbulenceCorrect [region]
|   |   |-> 1.89e-01 sec 0.1% 100.0% 0.0% 0.0% 0.00e+00 217 neoSimpleFoam.timeStep [region]
|-> 4.87e-01 sec 0.3% 100.0% 0.0% ------ 1530 kOmegaSST::omegaWFGFeedback [for]
|   |-> 4.87e-01 sec 0.3% 100.0% 0.0% 0.0% 0.00e+00 1530 neoSimpleFoam.turbulenceCorrect [region]
|       |-> 4.87e-01 sec 0.3% 100.0% 0.0% 0.0% 0.00e+00 1530 neoSimpleFoam.timeStep [region]
|-> 4.77e-01 sec 0.3% 100.0% 0.0% ------ 30 addDivCorrectionToRhs [for]
|   |-> 4.77e-01 sec 0.3% 100.0% 0.0% 0.0% 0.00e+00 30 divlap.deferredCorr [region]
|       |-> 4.77e-01 sec 0.3% 100.0% 0.0% 0.0% 0.00e+00 30 assemble.spatialImplicit [region]
|           |-> 4.77e-01 sec 0.3% 100.0% 0.0% 0.0% 0.00e+00 30 momentum.assemble [region]
|               |-> 4.77e-01 sec 0.3% 100.0% 0.0% 0.0% 0.00e+00 30 neoSimpleFoam.momentumPredictor [region]
|                   |-> 4.77e-01 sec 0.3% 100.0% 0.0% 0.0% 0.00e+00 30 neoSimpleFoam.timeStep [region]
|-> 4.52e-01 sec 0.3% 100.0% 0.0% ------ 120 computeLaplacianImplicitCorrection [for]
|   |-> 3.32e-01 sec 0.2% 100.0% 0.0% 0.0% 0.00e+00 30 divlap.nonOrthCorr [region]
|   |   |-> 3.32e-01 sec 0.2% 100.0% 0.0% 0.0% 0.00e+00 30 assemble.spatialImplicit [region]
|   |       |-> 3.32e-01 sec 0.2% 100.0% 0.0% 0.0% 0.00e+00 30 momentum.assemble [region]
|   |           |-> 3.32e-01 sec 0.2% 100.0% 0.0% 0.0% 0.00e+00 30 neoSimpleFoam.momentumPredictor [region]
|   |               |-> 3.32e-01 sec 0.2% 100.0% 0.0% 0.0% 0.00e+00 30 neoSimpleFoam.timeStep [region]
|-> 4.38e-01 sec 0.3% 100.0% 0.0% ------ 90 computeLocalGaussGreenDivLaplacianCoefficients [for]
|   |-> 2.72e-01 sec 0.2% 100.0% 0.0% 0.0% 0.00e+00 60 assemble.spatialImplicit [region]
|   |   |-> 2.72e-01 sec 0.2% 100.0% 0.0% 0.0% 0.00e+00 60 neoSimpleFoam.turbulenceCorrect [region]
|   |       |-> 2.72e-01 sec 0.2% 100.0% 0.0% 0.0% 0.00e+00 60 neoSimpleFoam.timeStep [region]
|   |-> 1.65e-01 sec 0.1% 100.0% 0.0% 0.0% 0.00e+00 30 divlap.matrixCoeffs [region]
|       |-> 1.65e-01 sec 0.1% 100.0% 0.0% 0.0% 0.00e+00 30 assemble.spatialImplicit [region]
|           |-> 1.65e-01 sec 0.1% 100.0% 0.0% 0.0% 0.00e+00 30 momentum.assemble [region]
|               |-> 1.65e-01 sec 0.1% 100.0% 0.0% 0.0% 0.00e+00 30 neoSimpleFoam.momentumPredictor [region]
|                   |-> 1.65e-01 sec 0.1% 100.0% 0.0% 0.0% 0.00e+00 30 neoSimpleFoam.timeStep [region]
|-> 4.25e-01 sec 0.3% 0.0% 0.0% 0.0% 0.00e+00 30 luw.applyCorr [region]
|   |-> 4.25e-01 sec 0.3% 0.0% 0.0% 0.0% 0.00e+00 30 divlap.deferredCorr [region]
|       |-> 4.25e-01 sec 0.3% 0.0% 0.0% 0.0% 0.00e+00 30 assemble.spatialImplicit [region]
|           |-> 4.25e-01 sec 0.3% 0.0% 0.0% 0.0% 0.00e+00 30 momentum.assemble [region]
|               |-> 4.25e-01 sec 0.3% 0.0% 0.0% 0.0% 0.00e+00 30 neoSimpleFoam.momentumPredictor [region]
|                   |-> 4.25e-01 sec 0.3% 0.0% 0.0% 0.0% 0.00e+00 30 neoSimpleFoam.timeStep [region]
|-> 4.19e-01 sec 0.3% 0.0% 0.0% 0.0% 0.00e+00 150 assemble.explicitSource [region]
|   |-> 2.37e-01 sec 0.2% 0.0% 0.0% 0.0% 0.00e+00 30 momentum.assemble [region]
|   |   |-> 2.37e-01 sec 0.2% 0.0% 0.0% 0.0% 0.00e+00 30 neoSimpleFoam.momentumPredictor [region]
|   |       |-> 2.37e-01 sec 0.2% 0.0% 0.0% 0.0% 0.00e+00 30 neoSimpleFoam.timeStep [region]
|   |-> 1.74e-01 sec 0.1% 0.0% 0.0% 0.0% 0.00e+00 30 neoSimpleFoam.momentumPredictor [region]
|   |   |-> 1.74e-01 sec 0.1% 0.0% 0.0% 0.0% 0.00e+00 30 neoSimpleFoam.timeStep [region]
|-> 3.95e-01 sec 0.3% 100.0% 0.0% ------ 1445 setFixedValueVolume [for]
|   |-> 3.70e-01 sec 0.2% 100.0% 0.0% 0.0% 0.00e+00 1230 neoSimpleFoam.pressureCorrector [region]
|   |   |-> 3.70e-01 sec 0.2% 100.0% 0.0% 0.0% 0.00e+00 1230 neoSimpleFoam.timeStep [region]
|-> 3.85e-01 sec 0.3% 100.0% 0.0% ------ 553 computeLinearInterpolationBoundary [for]
|-> 3.81e-01 sec 0.3% 100.0% 0.0% ------ 1581 setNutUSpaldingWallFunction [for]
|   |-> 3.69e-01 sec 0.2% 100.0% 0.0% 0.0% 0.00e+00 1530 neoSimpleFoam.turbulenceCorrect [region]
|   |   |-> 3.69e-01 sec 0.2% 100.0% 0.0% 0.0% 0.00e+00 1530 neoSimpleFoam.timeStep [region]
|-> 3.74e-01 sec 0.3% 100.0% 0.0% ------ 272 computeGradBoundary [for]
|   |-> 1.56e-01 sec 0.1% 100.0% 0.0% 0.0% 0.00e+00 90 neoSimpleFoam.pressureCorrector [region]
|   |   |-> 1.56e-01 sec 0.1% 100.0% 0.0% 0.0% 0.00e+00 90 neoSimpleFoam.timeStep [region]
|-> 3.50e-01 sec 0.2% 100.0% 0.0% ------ 1530 setOmegaWallFunction [for]
|   |-> 3.50e-01 sec 0.2% 100.0% 0.0% 0.0% 0.00e+00 1530 neoSimpleFoam.turbulenceCorrect [region]
|       |-> 3.50e-01 sec 0.2% 100.0% 0.0% 0.0% 0.00e+00 1530 neoSimpleFoam.timeStep [region]
|-> 3.48e-01 sec 0.2% 100.0% 0.0% ------ 1302 updateProcBoundaryOwnerValue [for]
|   |-> 1.85e-01 sec 0.1% 100.0% 0.0% 0.0% 0.00e+00 720 neoSimpleFoam.pressureCorrector [region]
|   |   |-> 1.85e-01 sec 0.1% 100.0% 0.0% 0.0% 0.00e+00 720 neoSimpleFoam.timeStep [region]
|-> 3.26e-01 sec 0.2% 0.0% 0.0% -0.0% 0.00e+00 120 ginkgo.createMtx [region]
|   |-> 1.61e-01 sec 0.1% 0.0% 0.0% 0.0% 0.00e+00 60 neoSimpleFoam.turbulenceCorrect [region]
|   |   |-> 1.61e-01 sec 0.1% 0.0% 0.0% 0.0% 0.00e+00 60 neoSimpleFoam.timeStep [region]
|-> 3.10e-01 sec 0.2% 0.0% 0.0% 0.0% 0.00e+00 30 divlap.nonOrthCorr [region]
|   |-> 3.10e-01 sec 0.2% 0.0% 0.0% 0.0% 0.00e+00 30 assemble.spatialImplicit [region]
|       |-> 3.10e-01 sec 0.2% 0.0% 0.0% 0.0% 0.00e+00 30 momentum.assemble [region]
|           |-> 3.10e-01 sec 0.2% 0.0% 0.0% 0.0% 0.00e+00 30 neoSimpleFoam.momentumPredictor [region]
|               |-> 3.10e-01 sec 0.2% 0.0% 0.0% 0.0% 0.00e+00 30 neoSimpleFoam.timeStep [region]
|-> 2.73e-01 sec 0.2% 100.0% 0.0% ------ 553 computeLinearInterpolationProcBoundary [for]
|-> 2.58e-01 sec 0.2% 100.0% 0.0% ------ 858 setProcBoundaryCoefficients [for]
|   |-> 1.66e-01 sec 0.1% 100.0% 0.0% 0.0% 0.00e+00 540 neoSimpleFoam.pressureCorrector [region]
|   |   |-> 1.66e-01 sec 0.1% 100.0% 0.0% 0.0% 0.00e+00 540 neoSimpleFoam.timeStep [region]
|-> 2.41e-01 sec 0.2% 100.0% 0.0% ------ 432 setContainer [for]
|-> 2.23e-01 sec 0.1% 100.0% 0.0% ------ 91 computeGradTensorCells [for]
|-> 2.19e-01 sec 0.1% 100.0% 0.0% ------ 272 computeGradCells [for]
|-> 2.14e-01 sec 0.1% 0.0% 0.0% 0.0% 0.00e+00 30 divlap.deferredCorr [region]
|   |-> 2.14e-01 sec 0.1% 0.0% 0.0% 0.0% 0.00e+00 30 assemble.spatialImplicit [region]
|       |-> 2.14e-01 sec 0.1% 0.0% 0.0% 0.0% 0.00e+00 30 momentum.assemble [region]
|           |-> 2.14e-01 sec 0.1% 0.0% 0.0% 0.0% 0.00e+00 30 neoSimpleFoam.momentumPredictor [region]
|               |-> 2.14e-01 sec 0.1% 0.0% 0.0% 0.0% 0.00e+00 30 neoSimpleFoam.timeStep [region]
|-> 1.93e-01 sec 0.1% 100.0% 0.0% ------ 272 computeProcGradBoundary [for]
|-> 1.80e-01 sec 0.1% 0.0% 0.0% 0.0% 0.00e+00 30 luw.gradAlloc [region]
|   |-> 1.80e-01 sec 0.1% 0.0% 0.0% 0.0% 0.00e+00 30 divlap.deferredCorr [region]
|       |-> 1.80e-01 sec 0.1% 0.0% 0.0% 0.0% 0.00e+00 30 assemble.spatialImplicit [region]
|           |-> 1.80e-01 sec 0.1% 0.0% 0.0% 0.0% 0.00e+00 30 momentum.assemble [region]
|               |-> 1.80e-01 sec 0.1% 0.0% 0.0% 0.0% 0.00e+00 30 neoSimpleFoam.momentumPredictor [region]
|                   |-> 1.80e-01 sec 0.1% 0.0% 0.0% 0.0% 0.00e+00 30 neoSimpleFoam.timeStep [region]
|-> 1.65e-01 sec 0.1% 100.0% 0.0% ------ 90 BoundedDiv::applyBoundedDiagInternal [for]
|-> 1.60e-01 sec 0.1% 100.0% 0.0% ------ 30 divDevReff::internal [for]
|   |-> 1.60e-01 sec 0.1% 100.0% 0.0% 0.0% 0.00e+00 30 assemble.explicitSource [region]
|       |-> 1.60e-01 sec 0.1% 100.0% 0.0% 0.0% 0.00e+00 30 momentum.assemble [region]
|           |-> 1.60e-01 sec 0.1% 100.0% 0.0% 0.0% 0.00e+00 30 neoSimpleFoam.momentumPredictor [region]
|               |-> 1.60e-01 sec 0.1% 100.0% 0.0% 0.0% 0.00e+00 30 neoSimpleFoam.timeStep [region]
|-> 1.60e-01 sec 0.1% 100.0% 0.0% ------ 30 computeLocalLaplacianCoefficients [for]
|   |-> 1.60e-01 sec 0.1% 100.0% 0.0% 0.0% 0.00e+00 30 assemble.spatialImplicit [region]
|       |-> 1.60e-01 sec 0.1% 100.0% 0.0% 0.0% 0.00e+00 30 neoSimpleFoam.pressureCorrector.pEqn [region]
|           |-> 1.60e-01 sec 0.1% 100.0% 0.0% 0.0% 0.00e+00 30 neoSimpleFoam.pressureCorrector [region]
|               |-> 1.60e-01 sec 0.1% 100.0% 0.0% 0.0% 0.00e+00 30 neoSimpleFoam.timeStep [region]

KOKKOS HOST SPACE:
===================
MAX MEMORY ALLOCATED: 1290469.1 kB
ALLOCATIONS AT TIME OF HIGH WATER MARK:
  29.9% neoSimpleFoam.timeStep/neoSimpleFoam.momentumPredictor/momentum.assemble/assemble.spatialImplicit/divlap.deferredCorr/luw.gradOpCtor/Vector
  29.9% neoSimpleFoam.timeStep/neoSimpleFoam.momentumPredictor/momentum.assemble/assemble.spatialImplicit/divlap.deferredCorr/luw.gradOpCtor/Vector
  15.5% neoSimpleFoam.timeStep/neoSimpleFoam.momentumPredictor/momentum.assemble/assemble.spatialImplicit/divlap.deferredCorr/luw.gradOpCtor/Vector
  14.9% neoSimpleFoam.timeStep/neoSimpleFoam.momentumPredictor/momentum.assemble/assemble.spatialImplicit/divlap.deferredCorr/luw.gradOpCtor/Vector
  4.9% neoSimpleFoam.timeStep/neoSimpleFoam.momentumPredictor/momentum.assemble/assemble.spatialImplicit/divlap.deferredCorr/luw.gradOpCtor/Vector
  4.9% neoSimpleFoam.timeStep/neoSimpleFoam.momentumPredictor/momentum.assemble/assemble.spatialImplicit/divlap.deferredCorr/luw.gradOpCtor/Vector

KOKKOS CUDA SPACE:
===================
MAX MEMORY ALLOCATED: 0.0 kB
ALLOCATIONS AT TIME OF HIGH WATER MARK:

KOKKOS HIP SPACE:
===================
MAX MEMORY ALLOCATED: 0.0 kB
ALLOCATIONS AT TIME OF HIGH WATER MARK:

KOKKOS SYCL SPACE:
===================
MAX MEMORY ALLOCATED: 0.0 kB
ALLOCATIONS AT TIME OF HIGH WATER MARK:

KOKKOS OpenMPTarget SPACE:
===================
MAX MEMORY ALLOCATED: 0.0 kB
ALLOCATIONS AT TIME OF HIGH WATER MARK:

Host process high water mark memory consumption: 14755840 kB

END KOKKOS PROFILING REPORT.
Finalising parallel run
