/*---------------------------------------------------------------------------*\
| =========                 |                                                 |
| \\      /  F ield         | OpenFOAM: The Open Source CFD Toolbox           |
|  \\    /   O peration     | Version:  2506                                  |
|   \\  /    A nd           | Website:  www.openfoam.com                      |
|    \\/     M anipulation  |                                                 |
\*---------------------------------------------------------------------------*/
Build  : b050cd9480-20250814 OPENFOAM=2506 version=v2506
Arch   : "LSB;label=32;scalar=64"
Exec   : /storage/home/greole/code/NeoFOAM/build/profilingnvidia_h200/bin/neoSimpleFoam -parallel
Date   : Jul 06 2026
Time   : 23:23:29
Host   : gpu-nvidia-h200-3.int.coma-cluster.de
PID    : 767672
I/O    : uncollated
Case   : /storage/home/greole/code/NeoFOAM/occDrivAerStaticMesh
nProcs : 4
Hosts  :
(
    (gpu-nvidia-h200-3.int.coma-cluster.de 4)
)
Pstream initialized with:
    node communication : off [type=host] (4 ranks, 1 nodes)
    topology controls  : none
    consensus exchange : 0 (tuning: 0)
    exchange algorithm : 0
    commsType          : nonBlocking
    polling iterations : 0
trapFpe: Floating point exception trapping enabled (FOAM_SIGFPE).
fileModificationChecking : Monitoring run-time modified files using timeStampMaster (fileModificationSkew 5, maxFileModificationPolls 20)
allowSystemOperations : Allowing user-supplied system call operations

// * * * * * * * * * * * * * * * * * * * * * * * * * * * * * * * * * * * * * //
Create time

Initializing NeoN
Creating Executor GPU
Creating NeoFOAM runTime

SIMPLE: no convergence criteria found. Calculations will run for 30 steps.

Reading field p

Reading field U

Reading/calculating face flux field phi

Selecting incompressible transport model Newtonian
NeoFOAM solver config (from fvSolution configFile) for 'config(Cg+Schwarz(Multigrid))':
{
    cacheSolver: true
    configFile: <NeoN::TokenList>
    l1ScaledResidual: true
    preconditionerRebuildInterval: 100
    relTol: 0.010000
    reportName: config(Cg+Schwarz(Multigrid))
    solver: Ginkgo
    tolerance: 0.000000
}
    effective optimize: false
    effective checkFrequency: 1
Mapping OpenFOAM solver settings to NeoN settings.
Currently, it is advisable to specify a configFile
for fine grained Ginkgo solver control

Replacing solver PBiCGStab by solver::Bicgstab
Replacing preconditioner diagonal by preconditioner::Schwarz (Schwarz-wrapped for distributed run)
NeoFOAM solver config (mapped from fvSolution) for 'Schwarz(Jacobi)+Bicgstab':
{
    cacheSolver: true
    criteria: {
        absolute_residual_norm: 0.000000
        initial_residual_norm: 0.100000
        iteration: 1000
    }
    l1ScaledResidual: true
    optimize: true
    preconditioner: {
        local_solver: {
            max_block_size: 1
            type: preconditioner::Jacobi
        }
        type: preconditioner::Schwarz
    }
    reportName: Schwarz(Jacobi)+Bicgstab
    solver: Ginkgo
    type: solver::Bicgstab
}
    effective optimize: true
    effective checkFrequency: 1
Creating phi

[NF][/storage/home/greole/code/NeoFOAM/include/NeoFOAM/auxiliary/readers.hpp::434]: Internal: 49333487, Boundary: 1754396

[NF][/storage/home/greole/code/NeoFOAM/include/NeoFOAM/auxiliary/readers.hpp::434]: Internal: 49320882, Boundary: 1762558

[NF][/storage/home/greole/code/NeoFOAM/include/NeoFOAM/auxiliary/readers.hpp::434]: Internal: 49261542, Boundary: 1427829

[NF][/storage/home/greole/code/NeoFOAM/include/NeoFOAM/auxiliary/readers.hpp::434]: Internal: 49243125, Boundary: 1362247
Selecting patchDistMethod meshWave
Mapping OpenFOAM solver settings to NeoN settings.
Currently, it is advisable to specify a configFile
for fine grained Ginkgo solver control

Replacing solver PBiCGStab by solver::Bicgstab
Replacing preconditioner diagonal by preconditioner::Schwarz (Schwarz-wrapped for distributed run)
NeoFOAM solver config (mapped from fvSolution) for 'Schwarz(Jacobi)+Bicgstab':
{
    cacheSolver: true
    criteria: {
        absolute_residual_norm: 0.000000
        initial_residual_norm: 0.100000
        iteration: 1000
    }
    l1ScaledResidual: true
    optimize: true
    preconditioner: {
        local_solver: {
            max_block_size: 1
            type: preconditioner::Jacobi
        }
        type: preconditioner::Schwarz
    }
    reportName: Schwarz(Jacobi)+Bicgstab
    solver: Ginkgo
    type: solver::Bicgstab
}
    effective optimize: true
    effective checkFrequency: 1
Mapping OpenFOAM solver settings to NeoN settings.
Currently, it is advisable to specify a configFile
for fine grained Ginkgo solver control

Replacing solver PBiCGStab by solver::Bicgstab
Replacing preconditioner diagonal by preconditioner::Schwarz (Schwarz-wrapped for distributed run)
NeoFOAM solver config (mapped from fvSolution) for 'Schwarz(Jacobi)+Bicgstab':
{
    cacheSolver: true
    criteria: {
        absolute_residual_norm: 0.000000
        initial_residual_norm: 0.100000
        iteration: 1000
    }
    l1ScaledResidual: true
    optimize: true
    preconditioner: {
        local_solver: {
            max_block_size: 1
            type: preconditioner::Jacobi
        }
        type: preconditioner::Schwarz
    }
    reportName: Schwarz(Jacobi)+Bicgstab
    solver: Ginkgo
    type: solver::Bicgstab
}
    effective optimize: true
    effective checkFrequency: 1
[mem] setup.end: DEVICE_POOL current=16605 MB  actual(reserved)=38146 MB  highWater=19132 MB
Starting time loop
Time = 1
[mem] step-start: DEVICE_POOL current=16605 MB  actual(reserved)=38146 MB  highWater=19132 MB
Schwarz(Jacobi)+Bicgstab:  Solving for Ux, Initial residual = 0.0019488955966077426, Final residual = 0.0002389414417994443, No Iterations 3, Solve time = 238.674 ms
Schwarz(Jacobi)+Bicgstab:  Solving for Uy, Initial residual = 0.16486889485444556, Final residual = 0.00821141717338584, No Iterations 3, Solve time = 238.674 ms
Schwarz(Jacobi)+Bicgstab:  Solving for Uz, Initial residual = 0.10478399166434318, Final residual = 0.004988129972801338, No Iterations 3, Solve time = 238.674 ms
[mem] after-UEqn: DEVICE_POOL current=19099 MB  actual(reserved)=38146 MB  highWater=24387 MB
[GinkgoSolver] p-cache: rebuild(generate) solve=1 rebuildInterval=100
config(Cg+Schwarz(Multigrid)):  Solving for p, Initial residual = 1, Final residual = 0.00988280198984594, No Iterations 82, Solve time = 2320.473 ms
time step continuity errors : sum local = 6.599860415597526e-05, global = 4.1614083183000877e-07, cumulative = 4.1614083183000877e-07
[mem] after-pEqn: DEVICE_POOL current=20567 MB  actual(reserved)=38146 MB  highWater=24387 MB
[GinkgoSolver] p-cache: rebuild(generate) solve=1 rebuildInterval=0
Schwarz(Jacobi)+Bicgstab:  Solving for omega, Initial residual = 0.9999999999999997, Final residual = 0.030747691106243417, No Iterations 1, Solve time = 52.307 ms
bounding omega, min: -52.867364901301016 max: 46109489.13096007 average: 2443.2153740723256
[GinkgoSolver] p-cache: rebuild(generate) solve=1 rebuildInterval=0
Schwarz(Jacobi)+Bicgstab:  Solving for k, Initial residual = 0.999999999999973, Final residual = 0.04385990819607967, No Iterations 1, Solve time = 51.642 ms
[mem] after-turb: DEVICE_POOL current=22752 MB  actual(reserved)=38146 MB  highWater=24811 MB
ExecutionTime = 43.08 s  ClockTime = 44 s

Time = 2
[mem] step-start: DEVICE_POOL current=22752 MB  actual(reserved)=38146 MB  highWater=24811 MB
Schwarz(Jacobi)+Bicgstab:  Solving for Ux, Initial residual = 0.0012912900557213705, Final residual = 5.911739218045386e-05, No Iterations 5, Solve time = 344.028 ms
Schwarz(Jacobi)+Bicgstab:  Solving for Uy, Initial residual = 0.06540367954561073, Final residual = 0.0029848588483712252, No Iterations 5, Solve time = 344.028 ms
Schwarz(Jacobi)+Bicgstab:  Solving for Uz, Initial residual = 0.04081845829221425, Final residual = 0.0009080648332631438, No Iterations 5, Solve time = 344.028 ms
[mem] after-UEqn: DEVICE_POOL current=22752 MB  actual(reserved)=38146 MB  highWater=28040 MB
[GinkgoSolver] p-cache: reuse(update_matrix_value) solve=2 rebuildInterval=100
config(Cg+Schwarz(Multigrid)):  Solving for p, Initial residual = 0.038939739699271295, Final residual = 0.00038197468980895744, No Iterations 88, Solve time = 2454.728 ms
time step continuity errors : sum local = 4.1923172474545366e-05, global = -6.978982769984205e-07, cumulative = -2.8175744516841175e-07
[mem] after-pEqn: DEVICE_POOL current=22752 MB  actual(reserved)=38146 MB  highWater=28040 MB
[GinkgoSolver] p-cache: reuse(update_matrix_value) solve=2 rebuildInterval=0
Schwarz(Jacobi)+Bicgstab:  Solving for omega, Initial residual = 0.00819453603486403, Final residual = 0.00047799467687470703, No Iterations 1, Solve time = 50.731 ms
bounding omega, min: -1300.3893961255021 max: 45305779.36534284 average: 2705.6281309936417
[GinkgoSolver] p-cache: reuse(update_matrix_value) solve=2 rebuildInterval=0
Schwarz(Jacobi)+Bicgstab:  Solving for k, Initial residual = 0.07500472870569211, Final residual = 0.004455177500274925, No Iterations 1, Solve time = 50.468 ms
[mem] after-turb: DEVICE_POOL current=22752 MB  actual(reserved)=38146 MB  highWater=28040 MB
ExecutionTime = 47.48 s  ClockTime = 48 s

Time = 3
[mem] step-start: DEVICE_POOL current=22752 MB  actual(reserved)=38146 MB  highWater=28040 MB
Schwarz(Jacobi)+Bicgstab:  Solving for Ux, Initial residual = 0.0008087529882664656, Final residual = 4.7577620237190575e-05, No Iterations 6, Solve time = 376.265 ms
Schwarz(Jacobi)+Bicgstab:  Solving for Uy, Initial residual = 0.03249778307993117, Final residual = 0.0006338553067776404, No Iterations 6, Solve time = 376.265 ms
Schwarz(Jacobi)+Bicgstab:  Solving for Uz, Initial residual = 0.018182384228944862, Final residual = 0.00026734656058650236, No Iterations 6, Solve time = 376.265 ms
[mem] after-UEqn: DEVICE_POOL current=22752 MB  actual(reserved)=38146 MB  highWater=28040 MB
[GinkgoSolver] p-cache: reuse(update_matrix_value) solve=3 rebuildInterval=100
config(Cg+Schwarz(Multigrid)):  Solving for p, Initial residual = 0.01764973008661801, Final residual = 0.00017025129777643893, No Iterations 86, Solve time = 2401.114 ms
time step continuity errors : sum local = 3.3550770801805266e-05, global = -8.748630204598843e-07, cumulative = -1.156620465628296e-06
[mem] after-pEqn: DEVICE_POOL current=22752 MB  actual(reserved)=38146 MB  highWater=28040 MB
[GinkgoSolver] p-cache: reuse(update_matrix_value) solve=3 rebuildInterval=0
Schwarz(Jacobi)+Bicgstab:  Solving for omega, Initial residual = 0.0035207303351445242, Final residual = 0.00028993704852939143, No Iterations 1, Solve time = 49.883 ms
bounding omega, min: -11.96533338481688 max: 45385824.16027447 average: 3322.234554594981
[GinkgoSolver] p-cache: reuse(update_matrix_value) solve=3 rebuildInterval=0
Schwarz(Jacobi)+Bicgstab:  Solving for k, Initial residual = 0.013997374356744417, Final residual = 0.0010053573115522132, No Iterations 1, Solve time = 50.236 ms
[mem] after-turb: DEVICE_POOL current=22752 MB  actual(reserved)=38146 MB  highWater=28040 MB
ExecutionTime = 51.89 s  ClockTime = 53 s

Time = 4
[mem] step-start: DEVICE_POOL current=22752 MB  actual(reserved)=38146 MB  highWater=28040 MB
Schwarz(Jacobi)+Bicgstab:  Solving for Ux, Initial residual = 0.0005582373580807432, Final residual = 4.703026818367022e-05, No Iterations 4, Solve time = 267.425 ms
Schwarz(Jacobi)+Bicgstab:  Solving for Uy, Initial residual = 0.020244539626257316, Final residual = 0.0026798909945555172, No Iterations 4, Solve time = 267.425 ms
Schwarz(Jacobi)+Bicgstab:  Solving for Uz, Initial residual = 0.01047700418318121, Final residual = 0.0007740137426333929, No Iterations 4, Solve time = 267.425 ms
[mem] after-UEqn: DEVICE_POOL current=22752 MB  actual(reserved)=38146 MB  highWater=28040 MB
[GinkgoSolver] p-cache: reuse(update_matrix_value) solve=4 rebuildInterval=100
config(Cg+Schwarz(Multigrid)):  Solving for p, Initial residual = 0.012543624614888818, Final residual = 0.0001249107785495561, No Iterations 45, Solve time = 1278.08 ms
time step continuity errors : sum local = 3.1961418938103854e-05, global = 5.362612477169482e-06, cumulative = 4.205992011541186e-06
[mem] after-pEqn: DEVICE_POOL current=22752 MB  actual(reserved)=38146 MB  highWater=28040 MB
[GinkgoSolver] p-cache: reuse(update_matrix_value) solve=4 rebuildInterval=0
Schwarz(Jacobi)+Bicgstab:  Solving for omega, Initial residual = 0.001724239613238589, Final residual = 4.8311255555537485e-05, No Iterations 2, Solve time = 73.529 ms
[GinkgoSolver] p-cache: reuse(update_matrix_value) solve=4 rebuildInterval=0
Schwarz(Jacobi)+Bicgstab:  Solving for k, Initial residual = 0.0046408143660721405, Final residual = 0.000393363868470904, No Iterations 1, Solve time = 50.457 ms
[mem] after-turb: DEVICE_POOL current=22752 MB  actual(reserved)=38146 MB  highWater=28040 MB
ExecutionTime = 55.1 s  ClockTime = 56 s

Time = 5
[mem] step-start: DEVICE_POOL current=22752 MB  actual(reserved)=38146 MB  highWater=28040 MB
Schwarz(Jacobi)+Bicgstab:  Solving for Ux, Initial residual = 0.00048485183769682, Final residual = 3.782026749746429e-05, No Iterations 4, Solve time = 273.294 ms
Schwarz(Jacobi)+Bicgstab:  Solving for Uy, Initial residual = 0.01849998628648545, Final residual = 0.001182658872310589, No Iterations 4, Solve time = 273.294 ms
Schwarz(Jacobi)+Bicgstab:  Solving for Uz, Initial residual = 0.008307551229223211, Final residual = 0.0008150916658114703, No Iterations 4, Solve time = 273.294 ms
[mem] after-UEqn: DEVICE_POOL current=22752 MB  actual(reserved)=38146 MB  highWater=28040 MB
[GinkgoSolver] p-cache: reuse(update_matrix_value) solve=5 rebuildInterval=100
config(Cg+Schwarz(Multigrid)):  Solving for p, Initial residual = 0.010715103492982433, Final residual = 9.79685719706197e-05, No Iterations 56, Solve time = 1576.865 ms
time step continuity errors : sum local = 2.745184654514104e-05, global = 7.719652227329255e-08, cumulative = 4.283188533814479e-06
[mem] after-pEqn: DEVICE_POOL current=22752 MB  actual(reserved)=38146 MB  highWater=28040 MB
[GinkgoSolver] p-cache: reuse(update_matrix_value) solve=5 rebuildInterval=0
Schwarz(Jacobi)+Bicgstab:  Solving for omega, Initial residual = 0.0009944361709688305, Final residual = 9.814687752436253e-05, No Iterations 1, Solve time = 51.182 ms
[GinkgoSolver] p-cache: reuse(update_matrix_value) solve=5 rebuildInterval=0
Schwarz(Jacobi)+Bicgstab:  Solving for k, Initial residual = 0.002356492246247161, Final residual = 0.00022365488273293208, No Iterations 1, Solve time = 50.719 ms
[mem] after-turb: DEVICE_POOL current=22752 MB  actual(reserved)=38146 MB  highWater=28040 MB
ExecutionTime = 58.59 s  ClockTime = 59 s

Time = 6
[mem] step-start: DEVICE_POOL current=22752 MB  actual(reserved)=38146 MB  highWater=28040 MB
Schwarz(Jacobi)+Bicgstab:  Solving for Ux, Initial residual = 0.0004361100003043813, Final residual = 2.6167623011722685e-05, No Iterations 5, Solve time = 332.803 ms
Schwarz(Jacobi)+Bicgstab:  Solving for Uy, Initial residual = 0.01791270063441404, Final residual = 0.0017020181039295356, No Iterations 5, Solve time = 332.803 ms
Schwarz(Jacobi)+Bicgstab:  Solving for Uz, Initial residual = 0.0067235306291977374, Final residual = 0.0005097784808984263, No Iterations 5, Solve time = 332.803 ms
[mem] after-UEqn: DEVICE_POOL current=22752 MB  actual(reserved)=38146 MB  highWater=28040 MB
[GinkgoSolver] p-cache: reuse(update_matrix_value) solve=6 rebuildInterval=100
config(Cg+Schwarz(Multigrid)):  Solving for p, Initial residual = 0.011386411843066272, Final residual = 0.00010791166211518537, No Iterations 83, Solve time = 2318.848 ms
time step continuity errors : sum local = 2.929198194092396e-05, global = -2.7791312684365915e-07, cumulative = 4.0052754069708196e-06
[mem] after-pEqn: DEVICE_POOL current=22752 MB  actual(reserved)=38146 MB  highWater=28040 MB
[GinkgoSolver] p-cache: reuse(update_matrix_value) solve=6 rebuildInterval=0
Schwarz(Jacobi)+Bicgstab:  Solving for omega, Initial residual = 0.0006247256572385052, Final residual = 2.431217230328614e-05, No Iterations 2, Solve time = 74.116 ms
[GinkgoSolver] p-cache: reuse(update_matrix_value) solve=6 rebuildInterval=0
Schwarz(Jacobi)+Bicgstab:  Solving for k, Initial residual = 0.0016242734526426706, Final residual = 0.00015489787360950142, No Iterations 1, Solve time = 49.672 ms
[mem] after-turb: DEVICE_POOL current=22752 MB  actual(reserved)=38146 MB  highWater=28040 MB
ExecutionTime = 62.88 s  ClockTime = 64 s

Time = 7
[mem] step-start: DEVICE_POOL current=22752 MB  actual(reserved)=38146 MB  highWater=28040 MB
Schwarz(Jacobi)+Bicgstab:  Solving for Ux, Initial residual = 0.00037565358103114447, Final residual = 2.3674384242005778e-05, No Iterations 5, Solve time = 322.066 ms
Schwarz(Jacobi)+Bicgstab:  Solving for Uy, Initial residual = 0.01517872830937986, Final residual = 0.0012138859256695476, No Iterations 5, Solve time = 322.066 ms
Schwarz(Jacobi)+Bicgstab:  Solving for Uz, Initial residual = 0.005127718500328566, Final residual = 0.0002768654504720561, No Iterations 5, Solve time = 322.066 ms
[mem] after-UEqn: DEVICE_POOL current=22752 MB  actual(reserved)=38146 MB  highWater=28040 MB
[GinkgoSolver] p-cache: reuse(update_matrix_value) solve=7 rebuildInterval=100
config(Cg+Schwarz(Multigrid)):  Solving for p, Initial residual = 0.012328402736516796, Final residual = 0.00011460755932744669, No Iterations 82, Solve time = 2292.578 ms
time step continuity errors : sum local = 2.8194526430651104e-05, global = -3.82046636272617e-07, cumulative = 3.6232287706982028e-06
[mem] after-pEqn: DEVICE_POOL current=22752 MB  actual(reserved)=38146 MB  highWater=28040 MB
[GinkgoSolver] p-cache: reuse(update_matrix_value) solve=7 rebuildInterval=0
Schwarz(Jacobi)+Bicgstab:  Solving for omega, Initial residual = 0.0004898475888865599, Final residual = 1.5230892675111075e-05, No Iterations 2, Solve time = 73.427 ms
[GinkgoSolver] p-cache: reuse(update_matrix_value) solve=7 rebuildInterval=0
Schwarz(Jacobi)+Bicgstab:  Solving for k, Initial residual = 0.0011596845193893699, Final residual = 2.4109075162204527e-05, No Iterations 3, Solve time = 96.077 ms
[mem] after-turb: DEVICE_POOL current=22752 MB  actual(reserved)=38146 MB  highWater=28040 MB
ExecutionTime = 67.19 s  ClockTime = 68 s

Time = 8
[mem] step-start: DEVICE_POOL current=22752 MB  actual(reserved)=38146 MB  highWater=28040 MB
Schwarz(Jacobi)+Bicgstab:  Solving for Ux, Initial residual = 0.0003160004192784762, Final residual = 2.4891554372171737e-05, No Iterations 5, Solve time = 343.297 ms
Schwarz(Jacobi)+Bicgstab:  Solving for Uy, Initial residual = 0.011322581992857962, Final residual = 0.00028453598617743045, No Iterations 5, Solve time = 343.297 ms
Schwarz(Jacobi)+Bicgstab:  Solving for Uz, Initial residual = 0.003605879960196405, Final residual = 0.00019634225341443314, No Iterations 5, Solve time = 343.297 ms
[mem] after-UEqn: DEVICE_POOL current=22752 MB  actual(reserved)=38146 MB  highWater=28040 MB
[GinkgoSolver] p-cache: reuse(update_matrix_value) solve=8 rebuildInterval=100
config(Cg+Schwarz(Multigrid)):  Solving for p, Initial residual = 0.013171178552767435, Final residual = 0.00012803027030353748, No Iterations 75, Solve time = 2098.621 ms
time step continuity errors : sum local = 2.758908793782736e-05, global = -9.846820817065214e-07, cumulative = 2.6385466889916814e-06
[mem] after-pEqn: DEVICE_POOL current=22752 MB  actual(reserved)=38146 MB  highWater=28040 MB
[GinkgoSolver] p-cache: reuse(update_matrix_value) solve=8 rebuildInterval=0
Schwarz(Jacobi)+Bicgstab:  Solving for omega, Initial residual = 0.00035962771050131724, Final residual = 1.2435300529712394e-05, No Iterations 2, Solve time = 73.268 ms
[GinkgoSolver] p-cache: reuse(update_matrix_value) solve=8 rebuildInterval=0
Schwarz(Jacobi)+Bicgstab:  Solving for k, Initial residual = 0.0008654390570279403, Final residual = 5.2473724891912105e-05, No Iterations 2, Solve time = 73.342 ms
bounding k, min: -0.021707104520595877 max: 584.253092698964 average: 0.45684817488475743
[mem] after-turb: DEVICE_POOL current=22752 MB  actual(reserved)=38146 MB  highWater=28040 MB
ExecutionTime = 71.31 s  ClockTime = 72 s

Time = 9
[mem] step-start: DEVICE_POOL current=22752 MB  actual(reserved)=38146 MB  highWater=28040 MB
Schwarz(Jacobi)+Bicgstab:  Solving for Ux, Initial residual = 0.0002742996145186901, Final residual = 7.394594625437193e-06, No Iterations 5, Solve time = 328.689 ms
Schwarz(Jacobi)+Bicgstab:  Solving for Uy, Initial residual = 0.009219027734258438, Final residual = 0.00044296639400282905, No Iterations 5, Solve time = 328.689 ms
Schwarz(Jacobi)+Bicgstab:  Solving for Uz, Initial residual = 0.002636369369003914, Final residual = 0.0001553993994408353, No Iterations 5, Solve time = 328.689 ms
[mem] after-UEqn: DEVICE_POOL current=22752 MB  actual(reserved)=38146 MB  highWater=28040 MB
[GinkgoSolver] p-cache: reuse(update_matrix_value) solve=9 rebuildInterval=100
config(Cg+Schwarz(Multigrid)):  Solving for p, Initial residual = 0.01368192500644136, Final residual = 0.00012252220271691798, No Iterations 39, Solve time = 1117.945 ms
time step continuity errors : sum local = 2.3293957623139046e-05, global = -1.215138827383019e-06, cumulative = 1.4234078616086625e-06
[mem] after-pEqn: DEVICE_POOL current=22752 MB  actual(reserved)=38146 MB  highWater=28040 MB
[GinkgoSolver] p-cache: reuse(update_matrix_value) solve=9 rebuildInterval=0
Schwarz(Jacobi)+Bicgstab:  Solving for omega, Initial residual = 0.00027805888225930725, Final residual = 1.0633443617482017e-05, No Iterations 2, Solve time = 72.935 ms
[GinkgoSolver] p-cache: reuse(update_matrix_value) solve=9 rebuildInterval=0
Schwarz(Jacobi)+Bicgstab:  Solving for k, Initial residual = 0.0006654249751443831, Final residual = 3.885945782097971e-05, No Iterations 2, Solve time = 73.664 ms
[mem] after-turb: DEVICE_POOL current=22752 MB  actual(reserved)=38146 MB  highWater=28040 MB
ExecutionTime = 74.44 s  ClockTime = 75 s

Time = 10
[mem] step-start: DEVICE_POOL current=22752 MB  actual(reserved)=38146 MB  highWater=28040 MB
Schwarz(Jacobi)+Bicgstab:  Solving for Ux, Initial residual = 0.0002531556311248464, Final residual = 3.21781428886755e-06, No Iterations 6, Solve time = 385.998 ms
Schwarz(Jacobi)+Bicgstab:  Solving for Uy, Initial residual = 0.010051068991401636, Final residual = 0.0004077293408154574, No Iterations 6, Solve time = 385.998 ms
Schwarz(Jacobi)+Bicgstab:  Solving for Uz, Initial residual = 0.0024922786167309004, Final residual = 4.172780449075767e-05, No Iterations 6, Solve time = 385.998 ms
[mem] after-UEqn: DEVICE_POOL current=22752 MB  actual(reserved)=38146 MB  highWater=28040 MB
[GinkgoSolver] p-cache: reuse(update_matrix_value) solve=10 rebuildInterval=100
config(Cg+Schwarz(Multigrid)):  Solving for p, Initial residual = 0.013674037399766761, Final residual = 0.00013239803042859428, No Iterations 75, Solve time = 2096.647 ms
time step continuity errors : sum local = 2.3341608280382683e-05, global = 2.152032750737865e-06, cumulative = 3.5754406123465276e-06
[mem] after-pEqn: DEVICE_POOL current=22752 MB  actual(reserved)=38146 MB  highWater=28040 MB
[GinkgoSolver] p-cache: reuse(update_matrix_value) solve=10 rebuildInterval=0
Schwarz(Jacobi)+Bicgstab:  Solving for omega, Initial residual = 0.00022455901942524965, Final residual = 9.22496077255175e-06, No Iterations 2, Solve time = 73.439 ms
[GinkgoSolver] p-cache: reuse(update_matrix_value) solve=10 rebuildInterval=0
Schwarz(Jacobi)+Bicgstab:  Solving for k, Initial residual = 0.0005268065679358041, Final residual = 3.276307737250559e-05, No Iterations 2, Solve time = 74.56 ms
[mem] after-turb: DEVICE_POOL current=22752 MB  actual(reserved)=38146 MB  highWater=28040 MB
ExecutionTime = 78.59999999999999 s  ClockTime = 80 s

Time = 11
[mem] step-start: DEVICE_POOL current=22752 MB  actual(reserved)=38146 MB  highWater=28040 MB
Schwarz(Jacobi)+Bicgstab:  Solving for Ux, Initial residual = 0.0002395504508357296, Final residual = 1.0832132067751252e-05, No Iterations 5, Solve time = 338.888 ms
Schwarz(Jacobi)+Bicgstab:  Solving for Uy, Initial residual = 0.011025035141045502, Final residual = 0.00032128857060673724, No Iterations 5, Solve time = 338.888 ms
Schwarz(Jacobi)+Bicgstab:  Solving for Uz, Initial residual = 0.0025426570221973857, Final residual = 7.255100155628714e-05, No Iterations 5, Solve time = 338.888 ms
[mem] after-UEqn: DEVICE_POOL current=22752 MB  actual(reserved)=38146 MB  highWater=28040 MB
[GinkgoSolver] p-cache: reuse(update_matrix_value) solve=11 rebuildInterval=100
config(Cg+Schwarz(Multigrid)):  Solving for p, Initial residual = 0.013122093003662266, Final residual = 0.00011776092484863433, No Iterations 77, Solve time = 2152.456 ms
time step continuity errors : sum local = 2.1516432877842728e-05, global = 9.271188408629677e-07, cumulative = 4.502559453209495e-06
[mem] after-pEqn: DEVICE_POOL current=22752 MB  actual(reserved)=38146 MB  highWater=28040 MB
[GinkgoSolver] p-cache: reuse(update_matrix_value) solve=11 rebuildInterval=0
Schwarz(Jacobi)+Bicgstab:  Solving for omega, Initial residual = 0.0001851003160430615, Final residual = 8.099799895104487e-06, No Iterations 2, Solve time = 72.348 ms
[GinkgoSolver] p-cache: reuse(update_matrix_value) solve=11 rebuildInterval=0
Schwarz(Jacobi)+Bicgstab:  Solving for k, Initial residual = 0.0004395077971234492, Final residual = 2.829265616033514e-05, No Iterations 2, Solve time = 72.422 ms
[mem] after-turb: DEVICE_POOL current=22752 MB  actual(reserved)=38146 MB  highWater=28040 MB
ExecutionTime = 82.76000000000001 s  ClockTime = 84 s

Time = 12
[mem] step-start: DEVICE_POOL current=22752 MB  actual(reserved)=38146 MB  highWater=28040 MB
Schwarz(Jacobi)+Bicgstab:  Solving for Ux, Initial residual = 0.00022751932047978166, Final residual = 1.441921418092486e-05, No Iterations 4, Solve time = 287.655 ms
Schwarz(Jacobi)+Bicgstab:  Solving for Uy, Initial residual = 0.010986785609724287, Final residual = 0.0007875971333533242, No Iterations 4, Solve time = 287.655 ms
Schwarz(Jacobi)+Bicgstab:  Solving for Uz, Initial residual = 0.0024743627708255717, Final residual = 0.00012063577714155639, No Iterations 4, Solve time = 287.655 ms
[mem] after-UEqn: DEVICE_POOL current=22752 MB  actual(reserved)=38146 MB  highWater=28040 MB
[GinkgoSolver] p-cache: reuse(update_matrix_value) solve=12 rebuildInterval=100
config(Cg+Schwarz(Multigrid)):  Solving for p, Initial residual = 0.01202719093804641, Final residual = 0.00011484752508019298, No Iterations 60, Solve time = 1686.129 ms
time step continuity errors : sum local = 2.3079531638351893e-05, global = 2.6773164396375623e-06, cumulative = 7.179875892847057e-06
[mem] after-pEqn: DEVICE_POOL current=22752 MB  actual(reserved)=38146 MB  highWater=28040 MB
[GinkgoSolver] p-cache: reuse(update_matrix_value) solve=12 rebuildInterval=0
Schwarz(Jacobi)+Bicgstab:  Solving for omega, Initial residual = 0.00015606916629238841, Final residual = 7.14255025629598e-06, No Iterations 2, Solve time = 73.562 ms
[GinkgoSolver] p-cache: reuse(update_matrix_value) solve=12 rebuildInterval=0
Schwarz(Jacobi)+Bicgstab:  Solving for k, Initial residual = 0.00038762541373045745, Final residual = 2.5736565384040992e-05, No Iterations 2, Solve time = 72.889 ms
[mem] after-turb: DEVICE_POOL current=22752 MB  actual(reserved)=38146 MB  highWater=28040 MB
ExecutionTime = 86.42 s  ClockTime = 88 s

Time = 13
[mem] step-start: DEVICE_POOL current=22752 MB  actual(reserved)=38146 MB  highWater=28040 MB
Schwarz(Jacobi)+Bicgstab:  Solving for Ux, Initial residual = 0.00021559260535487294, Final residual = 9.372297853614939e-06, No Iterations 4, Solve time = 277.365 ms
Schwarz(Jacobi)+Bicgstab:  Solving for Uy, Initial residual = 0.010237670505915461, Final residual = 0.0005786594948979457, No Iterations 4, Solve time = 277.365 ms
Schwarz(Jacobi)+Bicgstab:  Solving for Uz, Initial residual = 0.0022907971369956937, Final residual = 0.00010776894259340519, No Iterations 4, Solve time = 277.365 ms
[mem] after-UEqn: DEVICE_POOL current=22752 MB  actual(reserved)=38146 MB  highWater=28040 MB
[GinkgoSolver] p-cache: reuse(update_matrix_value) solve=13 rebuildInterval=100
config(Cg+Schwarz(Multigrid)):  Solving for p, Initial residual = 0.010551081880877002, Final residual = 0.00010516886873810619, No Iterations 56, Solve time = 1575.465 ms
time step continuity errors : sum local = 2.3687024320811785e-05, global = 2.103972487036737e-06, cumulative = 9.283848379883794e-06
[mem] after-pEqn: DEVICE_POOL current=22752 MB  actual(reserved)=38146 MB  highWater=28040 MB
[GinkgoSolver] p-cache: reuse(update_matrix_value) solve=13 rebuildInterval=0
Schwarz(Jacobi)+Bicgstab:  Solving for omega, Initial residual = 0.00013496428111167496, Final residual = 6.42416081705018e-06, No Iterations 2, Solve time = 73.594 ms
[GinkgoSolver] p-cache: reuse(update_matrix_value) solve=13 rebuildInterval=0
Schwarz(Jacobi)+Bicgstab:  Solving for k, Initial residual = 0.0003677341896560624, Final residual = 2.5897730075026323e-05, No Iterations 2, Solve time = 73.818 ms
[mem] after-turb: DEVICE_POOL current=22752 MB  actual(reserved)=38146 MB  highWater=28040 MB
ExecutionTime = 89.95 s  ClockTime = 91 s

Time = 14
[mem] step-start: DEVICE_POOL current=22752 MB  actual(reserved)=38146 MB  highWater=28040 MB
Schwarz(Jacobi)+Bicgstab:  Solving for Ux, Initial residual = 0.00020556420959674254, Final residual = 1.3084018355389417e-05, No Iterations 4, Solve time = 277.601 ms
Schwarz(Jacobi)+Bicgstab:  Solving for Uy, Initial residual = 0.009287566598738597, Final residual = 0.0012014907989822243, No Iterations 4, Solve time = 277.601 ms
Schwarz(Jacobi)+Bicgstab:  Solving for Uz, Initial residual = 0.0020930906794046837, Final residual = 0.00021462954771883725, No Iterations 4, Solve time = 277.601 ms
[mem] after-UEqn: DEVICE_POOL current=22752 MB  actual(reserved)=38146 MB  highWater=28040 MB
[GinkgoSolver] p-cache: reuse(update_matrix_value) solve=14 rebuildInterval=100
config(Cg+Schwarz(Multigrid)):  Solving for p, Initial residual = 0.009172800043872205, Final residual = 9.096417219447345e-05, No Iterations 30, Solve time = 867.539 ms
time step continuity errors : sum local = 2.277578350788679e-05, global = 1.0219134675269961e-06, cumulative = 1.030576184741079e-05
[mem] after-pEqn: DEVICE_POOL current=22752 MB  actual(reserved)=38146 MB  highWater=28040 MB
[GinkgoSolver] p-cache: reuse(update_matrix_value) solve=14 rebuildInterval=0
Schwarz(Jacobi)+Bicgstab:  Solving for omega, Initial residual = 0.00012046346896535916, Final residual = 5.877917706269044e-06, No Iterations 2, Solve time = 73.63 ms
[GinkgoSolver] p-cache: reuse(update_matrix_value) solve=14 rebuildInterval=0
Schwarz(Jacobi)+Bicgstab:  Solving for k, Initial residual = 0.00036023628785069207, Final residual = 2.912522299148701e-05, No Iterations 2, Solve time = 73.771 ms
[mem] after-turb: DEVICE_POOL current=22752 MB  actual(reserved)=38146 MB  highWater=28040 MB
ExecutionTime = 92.79000000000001 s  ClockTime = 94 s

Time = 15
[mem] step-start: DEVICE_POOL current=22752 MB  actual(reserved)=38146 MB  highWater=28040 MB
Schwarz(Jacobi)+Bicgstab:  Solving for Ux, Initial residual = 0.0001973624391279332, Final residual = 1.4836091307199652e-05, No Iterations 4, Solve time = 282.525 ms
Schwarz(Jacobi)+Bicgstab:  Solving for Uy, Initial residual = 0.008577188098901666, Final residual = 0.000495798561399081, No Iterations 4, Solve time = 282.525 ms
Schwarz(Jacobi)+Bicgstab:  Solving for Uz, Initial residual = 0.0019488569063294975, Final residual = 0.0001042689152438038, No Iterations 4, Solve time = 282.525 ms
[mem] after-UEqn: DEVICE_POOL current=22752 MB  actual(reserved)=38146 MB  highWater=28040 MB
[GinkgoSolver] p-cache: reuse(update_matrix_value) solve=15 rebuildInterval=100
config(Cg+Schwarz(Multigrid)):  Solving for p, Initial residual = 0.008303112818982984, Final residual = 7.952183944729973e-05, No Iterations 55, Solve time = 1550.826 ms
time step continuity errors : sum local = 2.131071387587046e-05, global = -3.136468445989072e-06, cumulative = 7.1692934014217184e-06
[mem] after-pEqn: DEVICE_POOL current=22752 MB  actual(reserved)=38146 MB  highWater=28040 MB
[GinkgoSolver] p-cache: reuse(update_matrix_value) solve=15 rebuildInterval=0
Schwarz(Jacobi)+Bicgstab:  Solving for omega, Initial residual = 0.00010975651585695336, Final residual = 5.423969483873133e-06, No Iterations 2, Solve time = 72.726 ms
[GinkgoSolver] p-cache: reuse(update_matrix_value) solve=15 rebuildInterval=0
Schwarz(Jacobi)+Bicgstab:  Solving for k, Initial residual = 0.00035465442036148286, Final residual = 9.502641334638923e-06, No Iterations 3, Solve time = 95.374 ms
[mem] after-turb: DEVICE_POOL current=22752 MB  actual(reserved)=38146 MB  highWater=28040 MB
ExecutionTime = 96.33 s  ClockTime = 98 s

Time = 16
[mem] step-start: DEVICE_POOL current=22752 MB  actual(reserved)=38146 MB  highWater=28040 MB
Schwarz(Jacobi)+Bicgstab:  Solving for Ux, Initial residual = 0.00019078079033105872, Final residual = 7.870439989144608e-06, No Iterations 4, Solve time = 278.477 ms
Schwarz(Jacobi)+Bicgstab:  Solving for Uy, Initial residual = 0.0081754127645023, Final residual = 0.0004146785956062702, No Iterations 4, Solve time = 278.477 ms
Schwarz(Jacobi)+Bicgstab:  Solving for Uz, Initial residual = 0.0018882888805125692, Final residual = 0.0003372915655488087, No Iterations 4, Solve time = 278.477 ms
[mem] after-UEqn: DEVICE_POOL current=22752 MB  actual(reserved)=38146 MB  highWater=28040 MB
[GinkgoSolver] p-cache: reuse(update_matrix_value) solve=16 rebuildInterval=100
config(Cg+Schwarz(Multigrid)):  Solving for p, Initial residual = 0.007720024868416979, Final residual = 7.654043869038367e-05, No Iterations 36, Solve time = 1032.869 ms
time step continuity errors : sum local = 2.1628407112639363e-05, global = 5.966673455286786e-07, cumulative = 7.765960746950398e-06
[mem] after-pEqn: DEVICE_POOL current=22752 MB  actual(reserved)=38146 MB  highWater=28040 MB
[GinkgoSolver] p-cache: reuse(update_matrix_value) solve=16 rebuildInterval=0
Schwarz(Jacobi)+Bicgstab:  Solving for omega, Initial residual = 0.00010129215444674484, Final residual = 5.124174913218836e-06, No Iterations 2, Solve time = 73.745 ms
[GinkgoSolver] p-cache: reuse(update_matrix_value) solve=16 rebuildInterval=0
Schwarz(Jacobi)+Bicgstab:  Solving for k, Initial residual = 0.00035211873430431744, Final residual = 2.7443466549080122e-05, No Iterations 2, Solve time = 73.995 ms
[mem] after-turb: DEVICE_POOL current=22752 MB  actual(reserved)=38146 MB  highWater=28040 MB
ExecutionTime = 99.34 s  ClockTime = 101 s

Time = 17
[mem] step-start: DEVICE_POOL current=22752 MB  actual(reserved)=38146 MB  highWater=28040 MB
Schwarz(Jacobi)+Bicgstab:  Solving for Ux, Initial residual = 0.00018413637056388676, Final residual = 6.950601116713636e-06, No Iterations 4, Solve time = 273.603 ms
Schwarz(Jacobi)+Bicgstab:  Solving for Uy, Initial residual = 0.007907619877211006, Final residual = 0.0006544912318381805, No Iterations 4, Solve time = 273.603 ms
Schwarz(Jacobi)+Bicgstab:  Solving for Uz, Initial residual = 0.001813137739762863, Final residual = 9.663428641414793e-05, No Iterations 4, Solve time = 273.603 ms
[mem] after-UEqn: DEVICE_POOL current=22752 MB  actual(reserved)=38146 MB  highWater=28040 MB
[GinkgoSolver] p-cache: reuse(update_matrix_value) solve=17 rebuildInterval=100
config(Cg+Schwarz(Multigrid)):  Solving for p, Initial residual = 0.0072735488990433505, Final residual = 7.225408207153365e-05, No Iterations 49, Solve time = 1388.14 ms
time step continuity errors : sum local = 2.1183010830241608e-05, global = -2.4511393818017444e-06, cumulative = 5.314821365148653e-06
[mem] after-pEqn: DEVICE_POOL current=22752 MB  actual(reserved)=38146 MB  highWater=28040 MB
[GinkgoSolver] p-cache: reuse(update_matrix_value) solve=17 rebuildInterval=0
Schwarz(Jacobi)+Bicgstab:  Solving for omega, Initial residual = 9.433200927795219e-05, Final residual = 4.808604313794228e-06, No Iterations 2, Solve time = 73.82 ms
[GinkgoSolver] p-cache: reuse(update_matrix_value) solve=17 rebuildInterval=0
Schwarz(Jacobi)+Bicgstab:  Solving for k, Initial residual = 0.00035025756666582644, Final residual = 8.39162854801616e-06, No Iterations 3, Solve time = 96.63 ms
[mem] after-turb: DEVICE_POOL current=22752 MB  actual(reserved)=38146 MB  highWater=28040 MB
ExecutionTime = 102.69 s  ClockTime = 104 s

Time = 18
[mem] step-start: DEVICE_POOL current=22752 MB  actual(reserved)=38146 MB  highWater=28040 MB
Schwarz(Jacobi)+Bicgstab:  Solving for Ux, Initial residual = 0.00017669987109758629, Final residual = 6.635744377422738e-06, No Iterations 4, Solve time = 273.672 ms
Schwarz(Jacobi)+Bicgstab:  Solving for Uy, Initial residual = 0.007614998732480922, Final residual = 0.00032430055265884086, No Iterations 4, Solve time = 273.672 ms
Schwarz(Jacobi)+Bicgstab:  Solving for Uz, Initial residual = 0.0017344423539424065, Final residual = 8.15145923937342e-05, No Iterations 4, Solve time = 273.672 ms
[mem] after-UEqn: DEVICE_POOL current=22752 MB  actual(reserved)=38146 MB  highWater=28040 MB
[GinkgoSolver] p-cache: reuse(update_matrix_value) solve=18 rebuildInterval=100
config(Cg+Schwarz(Multigrid)):  Solving for p, Initial residual = 0.0069474643067026715, Final residual = 6.533783937121014e-05, No Iterations 22, Solve time = 648.817 ms
time step continuity errors : sum local = 1.967460009563446e-05, global = 5.660773876797824e-07, cumulative = 5.880898752828436e-06
[mem] after-pEqn: DEVICE_POOL current=22752 MB  actual(reserved)=38146 MB  highWater=28040 MB
[GinkgoSolver] p-cache: reuse(update_matrix_value) solve=18 rebuildInterval=0
Schwarz(Jacobi)+Bicgstab:  Solving for omega, Initial residual = 8.823521458494382e-05, Final residual = 4.602855275836533e-06, No Iterations 2, Solve time = 73.604 ms
[GinkgoSolver] p-cache: reuse(update_matrix_value) solve=18 rebuildInterval=0
Schwarz(Jacobi)+Bicgstab:  Solving for k, Initial residual = 0.0003502845059551436, Final residual = 3.230981127173254e-05, No Iterations 2, Solve time = 72.857 ms
[mem] after-turb: DEVICE_POOL current=22752 MB  actual(reserved)=38146 MB  highWater=28040 MB
ExecutionTime = 105.31 s  ClockTime = 107 s

Time = 19
[mem] step-start: DEVICE_POOL current=22752 MB  actual(reserved)=38146 MB  highWater=28040 MB
Schwarz(Jacobi)+Bicgstab:  Solving for Ux, Initial residual = 0.00016875655837311136, Final residual = 1.263752590557243e-05, No Iterations 3, Solve time = 222.045 ms
Schwarz(Jacobi)+Bicgstab:  Solving for Uy, Initial residual = 0.007368178527096291, Final residual = 0.0006405578271021622, No Iterations 3, Solve time = 222.045 ms
Schwarz(Jacobi)+Bicgstab:  Solving for Uz, Initial residual = 0.0016889950997032316, Final residual = 0.00016167635225430613, No Iterations 3, Solve time = 222.045 ms
[mem] after-UEqn: DEVICE_POOL current=22752 MB  actual(reserved)=38146 MB  highWater=28040 MB
[GinkgoSolver] p-cache: reuse(update_matrix_value) solve=19 rebuildInterval=100
config(Cg+Schwarz(Multigrid)):  Solving for p, Initial residual = 0.006702666852418026, Final residual = 6.182471967000573e-05, No Iterations 52, Solve time = 1471.623 ms
time step continuity errors : sum local = 1.8896044059839727e-05, global = 2.6182146593568703e-07, cumulative = 6.142720218764123e-06
[mem] after-pEqn: DEVICE_POOL current=22752 MB  actual(reserved)=38146 MB  highWater=28040 MB
[GinkgoSolver] p-cache: reuse(update_matrix_value) solve=19 rebuildInterval=0
Schwarz(Jacobi)+Bicgstab:  Solving for omega, Initial residual = 8.319887226445001e-05, Final residual = 4.399776429571897e-06, No Iterations 2, Solve time = 74.112 ms
[GinkgoSolver] p-cache: reuse(update_matrix_value) solve=19 rebuildInterval=0
Schwarz(Jacobi)+Bicgstab:  Solving for k, Initial residual = 0.0003503831899565616, Final residual = 8.622467424347012e-06, No Iterations 3, Solve time = 102.731 ms
[mem] after-turb: DEVICE_POOL current=22752 MB  actual(reserved)=38146 MB  highWater=28040 MB
ExecutionTime = 108.7 s  ClockTime = 110 s

Time = 20
[mem] step-start: DEVICE_POOL current=22752 MB  actual(reserved)=38146 MB  highWater=28040 MB
Schwarz(Jacobi)+Bicgstab:  Solving for Ux, Initial residual = 0.00016279166716100374, Final residual = 6.903793828924416e-06, No Iterations 4, Solve time = 275.526 ms
Schwarz(Jacobi)+Bicgstab:  Solving for Uy, Initial residual = 0.007268708288189333, Final residual = 0.00040815982329187966, No Iterations 4, Solve time = 275.526 ms
Schwarz(Jacobi)+Bicgstab:  Solving for Uz, Initial residual = 0.0016902868998702914, Final residual = 0.0001569292858653849, No Iterations 4, Solve time = 275.526 ms
[mem] after-UEqn: DEVICE_POOL current=22752 MB  actual(reserved)=38146 MB  highWater=28040 MB
[GinkgoSolver] p-cache: reuse(update_matrix_value) solve=20 rebuildInterval=100
config(Cg+Schwarz(Multigrid)):  Solving for p, Initial residual = 0.0064196236562561754, Final residual = 6.068011762560413e-05, No Iterations 25, Solve time = 731.101 ms
time step continuity errors : sum local = 1.89575613383703e-05, global = -2.703909263613265e-07, cumulative = 5.872329292402796e-06
[mem] after-pEqn: DEVICE_POOL current=22752 MB  actual(reserved)=38146 MB  highWater=28040 MB
[GinkgoSolver] p-cache: reuse(update_matrix_value) solve=20 rebuildInterval=0
Schwarz(Jacobi)+Bicgstab:  Solving for omega, Initial residual = 7.809513401427897e-05, Final residual = 4.2006279179255305e-06, No Iterations 2, Solve time = 73.719 ms
[GinkgoSolver] p-cache: reuse(update_matrix_value) solve=20 rebuildInterval=0
Schwarz(Jacobi)+Bicgstab:  Solving for k, Initial residual = 0.00035062327628871667, Final residual = 8.271743239348258e-06, No Iterations 3, Solve time = 96.47 ms
[mem] after-turb: DEVICE_POOL current=22752 MB  actual(reserved)=38146 MB  highWater=28040 MB
ExecutionTime = 111.42 s  ClockTime = 113 s

Time = 21
[mem] step-start: DEVICE_POOL current=22752 MB  actual(reserved)=38146 MB  highWater=28040 MB
Schwarz(Jacobi)+Bicgstab:  Solving for Ux, Initial residual = 0.00015837777375011389, Final residual = 3.3776545406547346e-06, No Iterations 5, Solve time = 318.526 ms
Schwarz(Jacobi)+Bicgstab:  Solving for Uy, Initial residual = 0.007221789833353998, Final residual = 0.00015622903980491612, No Iterations 5, Solve time = 318.526 ms
Schwarz(Jacobi)+Bicgstab:  Solving for Uz, Initial residual = 0.0017110216035591574, Final residual = 5.895884736495662e-05, No Iterations 5, Solve time = 318.526 ms
[mem] after-UEqn: DEVICE_POOL current=22752 MB  actual(reserved)=38146 MB  highWater=28040 MB
[GinkgoSolver] p-cache: reuse(update_matrix_value) solve=21 rebuildInterval=100
config(Cg+Schwarz(Multigrid)):  Solving for p, Initial residual = 0.006238606878362826, Final residual = 6.00480474186795e-05, No Iterations 24, Solve time = 704.59 ms
time step continuity errors : sum local = 1.8874030286199942e-05, global = -5.062630619309712e-07, cumulative = 5.366066230471825e-06
[mem] after-pEqn: DEVICE_POOL current=22752 MB  actual(reserved)=38146 MB  highWater=28040 MB
[GinkgoSolver] p-cache: reuse(update_matrix_value) solve=21 rebuildInterval=0
Schwarz(Jacobi)+Bicgstab:  Solving for omega, Initial residual = 7.376574723844133e-05, Final residual = 4.03455541758536e-06, No Iterations 2, Solve time = 74.006 ms
[GinkgoSolver] p-cache: reuse(update_matrix_value) solve=21 rebuildInterval=0
Schwarz(Jacobi)+Bicgstab:  Solving for k, Initial residual = 0.0003524676067703937, Final residual = 8.403365451415763e-06, No Iterations 3, Solve time = 97.507 ms
[mem] after-turb: DEVICE_POOL current=22752 MB  actual(reserved)=38146 MB  highWater=28040 MB
ExecutionTime = 114.16 s  ClockTime = 116 s

Time = 22
[mem] step-start: DEVICE_POOL current=22752 MB  actual(reserved)=38146 MB  highWater=28040 MB
Schwarz(Jacobi)+Bicgstab:  Solving for Ux, Initial residual = 0.000155661735656815, Final residual = 1.0978435974750353e-05, No Iterations 3, Solve time = 214.387 ms
Schwarz(Jacobi)+Bicgstab:  Solving for Uy, Initial residual = 0.007160193054601249, Final residual = 0.000601066147793933, No Iterations 3, Solve time = 214.387 ms
Schwarz(Jacobi)+Bicgstab:  Solving for Uz, Initial residual = 0.0017342211826904016, Final residual = 0.000151619594126268, No Iterations 3, Solve time = 214.387 ms
[mem] after-UEqn: DEVICE_POOL current=22752 MB  actual(reserved)=38146 MB  highWater=28040 MB
[GinkgoSolver] p-cache: reuse(update_matrix_value) solve=22 rebuildInterval=100
config(Cg+Schwarz(Multigrid)):  Solving for p, Initial residual = 0.006087001386708082, Final residual = 5.471319131342735e-05, No Iterations 26, Solve time = 758.099 ms
time step continuity errors : sum local = 1.7299229436992834e-05, global = -5.62189135329706e-07, cumulative = 4.803877095142119e-06
[mem] after-pEqn: DEVICE_POOL current=22752 MB  actual(reserved)=38146 MB  highWater=28040 MB
[GinkgoSolver] p-cache: reuse(update_matrix_value) solve=22 rebuildInterval=0
Schwarz(Jacobi)+Bicgstab:  Solving for omega, Initial residual = 6.979637636423023e-05, Final residual = 3.872896519081379e-06, No Iterations 2, Solve time = 73.887 ms
bounding omega, min: -541.882299300205 max: 45356474.391614586 average: 7030.7202677804535
[GinkgoSolver] p-cache: reuse(update_matrix_value) solve=22 rebuildInterval=0
Schwarz(Jacobi)+Bicgstab:  Solving for k, Initial residual = 0.0003545128208033232, Final residual = 8.587768626376438e-06, No Iterations 3, Solve time = 96.762 ms
[mem] after-turb: DEVICE_POOL current=22752 MB  actual(reserved)=38146 MB  highWater=28040 MB
ExecutionTime = 116.84 s  ClockTime = 118 s

Time = 23
[mem] step-start: DEVICE_POOL current=22752 MB  actual(reserved)=38146 MB  highWater=28040 MB
Schwarz(Jacobi)+Bicgstab:  Solving for Ux, Initial residual = 0.00015335343876083532, Final residual = 9.097565192212659e-06, No Iterations 3, Solve time = 231.188 ms
Schwarz(Jacobi)+Bicgstab:  Solving for Uy, Initial residual = 0.0070752783297194765, Final residual = 0.0005626442902156622, No Iterations 3, Solve time = 231.188 ms
Schwarz(Jacobi)+Bicgstab:  Solving for Uz, Initial residual = 0.0017529109158699293, Final residual = 0.00014397051489350784, No Iterations 3, Solve time = 231.188 ms
[mem] after-UEqn: DEVICE_POOL current=22752 MB  actual(reserved)=38146 MB  highWater=28040 MB
[GinkgoSolver] p-cache: reuse(update_matrix_value) solve=23 rebuildInterval=100
config(Cg+Schwarz(Multigrid)):  Solving for p, Initial residual = 0.005972334918436388, Final residual = 5.8019249165421797e-05, No Iterations 22, Solve time = 647.706 ms
time step continuity errors : sum local = 1.8434017606785353e-05, global = -6.920720796586229e-07, cumulative = 4.111805015483496e-06
[mem] after-pEqn: DEVICE_POOL current=22752 MB  actual(reserved)=38146 MB  highWater=28040 MB
[GinkgoSolver] p-cache: reuse(update_matrix_value) solve=23 rebuildInterval=0
Schwarz(Jacobi)+Bicgstab:  Solving for omega, Initial residual = 6.6274026438373e-05, Final residual = 3.732142718136467e-06, No Iterations 2, Solve time = 73.968 ms
[GinkgoSolver] p-cache: reuse(update_matrix_value) solve=23 rebuildInterval=0
Schwarz(Jacobi)+Bicgstab:  Solving for k, Initial residual = 0.00035690582420981707, Final residual = 8.762087530734627e-06, No Iterations 3, Solve time = 96.352 ms
[mem] after-turb: DEVICE_POOL current=22752 MB  actual(reserved)=38146 MB  highWater=28040 MB
ExecutionTime = 119.43 s  ClockTime = 121 s

Time = 24
[mem] step-start: DEVICE_POOL current=22752 MB  actual(reserved)=38146 MB  highWater=28040 MB
Schwarz(Jacobi)+Bicgstab:  Solving for Ux, Initial residual = 0.00015133901484204535, Final residual = 1.663372570321875e-05, No Iterations 3, Solve time = 230.512 ms
Schwarz(Jacobi)+Bicgstab:  Solving for Uy, Initial residual = 0.006937968677878599, Final residual = 0.0005339595996575206, No Iterations 3, Solve time = 230.512 ms
Schwarz(Jacobi)+Bicgstab:  Solving for Uz, Initial residual = 0.0017557623759398764, Final residual = 0.00013995894247953395, No Iterations 3, Solve time = 230.512 ms
[mem] after-UEqn: DEVICE_POOL current=22752 MB  actual(reserved)=38146 MB  highWater=28040 MB
[GinkgoSolver] p-cache: reuse(update_matrix_value) solve=24 rebuildInterval=100
config(Cg+Schwarz(Multigrid)):  Solving for p, Initial residual = 0.005888155380404994, Final residual = 5.7900377769895225e-05, No Iterations 19, Solve time = 566.973 ms
time step continuity errors : sum local = 1.8436325421720655e-05, global = -6.900995560427459e-07, cumulative = 3.42170545944075e-06
[mem] after-pEqn: DEVICE_POOL current=22752 MB  actual(reserved)=38146 MB  highWater=28040 MB
[GinkgoSolver] p-cache: reuse(update_matrix_value) solve=24 rebuildInterval=0
Schwarz(Jacobi)+Bicgstab:  Solving for omega, Initial residual = 6.30932441161198e-05, Final residual = 3.5983065341492562e-06, No Iterations 2, Solve time = 74.07 ms
[GinkgoSolver] p-cache: reuse(update_matrix_value) solve=24 rebuildInterval=0
Schwarz(Jacobi)+Bicgstab:  Solving for k, Initial residual = 0.0003608258602350702, Final residual = 8.904786522997722e-06, No Iterations 3, Solve time = 96.458 ms
[mem] after-turb: DEVICE_POOL current=22752 MB  actual(reserved)=38146 MB  highWater=28040 MB
ExecutionTime = 121.95 s  ClockTime = 123 s

Time = 25
[mem] step-start: DEVICE_POOL current=22752 MB  actual(reserved)=38146 MB  highWater=28040 MB
Schwarz(Jacobi)+Bicgstab:  Solving for Ux, Initial residual = 0.000150418128329871, Final residual = 1.1330383440521417e-05, No Iterations 3, Solve time = 227.724 ms
Schwarz(Jacobi)+Bicgstab:  Solving for Uy, Initial residual = 0.006779492665473641, Final residual = 0.0005044499231597559, No Iterations 3, Solve time = 227.724 ms
Schwarz(Jacobi)+Bicgstab:  Solving for Uz, Initial residual = 0.001750586041423171, Final residual = 0.00013739715016928964, No Iterations 3, Solve time = 227.724 ms
[mem] after-UEqn: DEVICE_POOL current=22752 MB  actual(reserved)=38146 MB  highWater=28040 MB
[GinkgoSolver] p-cache: reuse(update_matrix_value) solve=25 rebuildInterval=100
config(Cg+Schwarz(Multigrid)):  Solving for p, Initial residual = 0.005809436552501438, Final residual = 5.4353356941857344e-05, No Iterations 26, Solve time = 758.244 ms
time step continuity errors : sum local = 1.728317092661839e-05, global = -3.774481549244432e-07, cumulative = 3.0442573045163067e-06
[mem] after-pEqn: DEVICE_POOL current=22752 MB  actual(reserved)=38146 MB  highWater=28040 MB
[GinkgoSolver] p-cache: reuse(update_matrix_value) solve=25 rebuildInterval=0
Schwarz(Jacobi)+Bicgstab:  Solving for omega, Initial residual = 6.017196000423733e-05, Final residual = 3.44501210773453e-06, No Iterations 2, Solve time = 73.188 ms
[GinkgoSolver] p-cache: reuse(update_matrix_value) solve=25 rebuildInterval=0
Schwarz(Jacobi)+Bicgstab:  Solving for k, Initial residual = 0.00036349794089083546, Final residual = 9.033107868870349e-06, No Iterations 3, Solve time = 96.676 ms
[mem] after-turb: DEVICE_POOL current=22752 MB  actual(reserved)=38146 MB  highWater=28040 MB
ExecutionTime = 124.65 s  ClockTime = 126 s

Time = 26
[mem] step-start: DEVICE_POOL current=22752 MB  actual(reserved)=38146 MB  highWater=28040 MB
Schwarz(Jacobi)+Bicgstab:  Solving for Ux, Initial residual = 0.00014760496983671622, Final residual = 8.860749053298137e-06, No Iterations 3, Solve time = 228.967 ms
Schwarz(Jacobi)+Bicgstab:  Solving for Uy, Initial residual = 0.006641356681177569, Final residual = 0.00048286829976838585, No Iterations 3, Solve time = 228.967 ms
Schwarz(Jacobi)+Bicgstab:  Solving for Uz, Initial residual = 0.0017489240619581506, Final residual = 0.00013710196577015372, No Iterations 3, Solve time = 228.967 ms
[mem] after-UEqn: DEVICE_POOL current=22752 MB  actual(reserved)=38146 MB  highWater=28040 MB
[GinkgoSolver] p-cache: reuse(update_matrix_value) solve=26 rebuildInterval=100
config(Cg+Schwarz(Multigrid)):  Solving for p, Initial residual = 0.00575130189192841, Final residual = 5.735259667797981e-05, No Iterations 18, Solve time = 541.197 ms
time step continuity errors : sum local = 1.8149111066334517e-05, global = -2.919520743926307e-08, cumulative = 3.0150620970770438e-06
[mem] after-pEqn: DEVICE_POOL current=22752 MB  actual(reserved)=38146 MB  highWater=28040 MB
[GinkgoSolver] p-cache: reuse(update_matrix_value) solve=26 rebuildInterval=0
Schwarz(Jacobi)+Bicgstab:  Solving for omega, Initial residual = 5.767686008104261e-05, Final residual = 3.347356500140999e-06, No Iterations 2, Solve time = 73.33 ms
bounding omega, min: -53180.98507312698 max: 45356132.460821696 average: 7145.339524516929
[GinkgoSolver] p-cache: reuse(update_matrix_value) solve=26 rebuildInterval=0
Schwarz(Jacobi)+Bicgstab:  Solving for k, Initial residual = 0.0003676713474006678, Final residual = 9.289415386295671e-06, No Iterations 3, Solve time = 96.527 ms
[mem] after-turb: DEVICE_POOL current=22752 MB  actual(reserved)=38146 MB  highWater=28040 MB
ExecutionTime = 127.14 s  ClockTime = 129 s

Time = 27
[mem] step-start: DEVICE_POOL current=22752 MB  actual(reserved)=38146 MB  highWater=28040 MB
Schwarz(Jacobi)+Bicgstab:  Solving for Ux, Initial residual = 0.00014482885294013194, Final residual = 9.087189799115873e-06, No Iterations 5, Solve time = 332.157 ms
Schwarz(Jacobi)+Bicgstab:  Solving for Uy, Initial residual = 0.006510080141462286, Final residual = 0.00011744164726162296, No Iterations 5, Solve time = 332.157 ms
Schwarz(Jacobi)+Bicgstab:  Solving for Uz, Initial residual = 0.0017502172494680338, Final residual = 3.346885245772004e-05, No Iterations 5, Solve time = 332.157 ms
[mem] after-UEqn: DEVICE_POOL current=22752 MB  actual(reserved)=38146 MB  highWater=28040 MB
[GinkgoSolver] p-cache: reuse(update_matrix_value) solve=27 rebuildInterval=100
config(Cg+Schwarz(Multigrid)):  Solving for p, Initial residual = 0.0056959108146157076, Final residual = 5.655783754516802e-05, No Iterations 25, Solve time = 726.359 ms
time step continuity errors : sum local = 1.78001860848533e-05, global = 1.3855695655587133e-08, cumulative = 3.028917792732631e-06
[mem] after-pEqn: DEVICE_POOL current=22752 MB  actual(reserved)=38146 MB  highWater=28040 MB
[GinkgoSolver] p-cache: reuse(update_matrix_value) solve=27 rebuildInterval=0
Schwarz(Jacobi)+Bicgstab:  Solving for omega, Initial residual = 5.546184566186305e-05, Final residual = 3.250382795414024e-06, No Iterations 2, Solve time = 74.388 ms
[GinkgoSolver] p-cache: reuse(update_matrix_value) solve=27 rebuildInterval=0
Schwarz(Jacobi)+Bicgstab:  Solving for k, Initial residual = 0.00037274854290472427, Final residual = 9.801438728354115e-06, No Iterations 3, Solve time = 95.957 ms
[mem] after-turb: DEVICE_POOL current=22752 MB  actual(reserved)=38146 MB  highWater=28040 MB
ExecutionTime = 129.91 s  ClockTime = 131 s

Time = 28
[mem] step-start: DEVICE_POOL current=22752 MB  actual(reserved)=38146 MB  highWater=28040 MB
Schwarz(Jacobi)+Bicgstab:  Solving for Ux, Initial residual = 0.0001424297271945246, Final residual = 8.010592425076841e-06, No Iterations 3, Solve time = 218.678 ms
Schwarz(Jacobi)+Bicgstab:  Solving for Uy, Initial residual = 0.006365015261876835, Final residual = 0.0004707361842884966, No Iterations 3, Solve time = 218.678 ms
Schwarz(Jacobi)+Bicgstab:  Solving for Uz, Initial residual = 0.0017483230907036167, Final residual = 0.00014479717399550724, No Iterations 3, Solve time = 218.678 ms
[mem] after-UEqn: DEVICE_POOL current=22752 MB  actual(reserved)=38146 MB  highWater=28040 MB
[GinkgoSolver] p-cache: reuse(update_matrix_value) solve=28 rebuildInterval=100
config(Cg+Schwarz(Multigrid)):  Solving for p, Initial residual = 0.005697096141243571, Final residual = 5.5698997867346025e-05, No Iterations 29, Solve time = 840.933 ms
time step continuity errors : sum local = 1.7236577017475588e-05, global = 1.3197077793895423e-07, cumulative = 3.1608885706715852e-06
[mem] after-pEqn: DEVICE_POOL current=22752 MB  actual(reserved)=38146 MB  highWater=28040 MB
[GinkgoSolver] p-cache: reuse(update_matrix_value) solve=28 rebuildInterval=0
Schwarz(Jacobi)+Bicgstab:  Solving for omega, Initial residual = 5.346728819704078e-05, Final residual = 3.1630836605331143e-06, No Iterations 2, Solve time = 73.087 ms
bounding omega, min: -117.2241065607798 max: 45356031.35417327 average: 7192.528554873655
[GinkgoSolver] p-cache: reuse(update_matrix_value) solve=28 rebuildInterval=0
Schwarz(Jacobi)+Bicgstab:  Solving for k, Initial residual = 0.00037746235726942743, Final residual = 9.701217242185997e-06, No Iterations 3, Solve time = 96.295 ms
[mem] after-turb: DEVICE_POOL current=22752 MB  actual(reserved)=38146 MB  highWater=28040 MB
ExecutionTime = 132.69 s  ClockTime = 134 s

Time = 29
[mem] step-start: DEVICE_POOL current=22752 MB  actual(reserved)=38146 MB  highWater=28040 MB
Schwarz(Jacobi)+Bicgstab:  Solving for Ux, Initial residual = 0.00013948207294962889, Final residual = 7.435658844166746e-06, No Iterations 3, Solve time = 216.009 ms
Schwarz(Jacobi)+Bicgstab:  Solving for Uy, Initial residual = 0.006236937522451585, Final residual = 0.0004461464321107827, No Iterations 3, Solve time = 216.009 ms
Schwarz(Jacobi)+Bicgstab:  Solving for Uz, Initial residual = 0.0017494207065453114, Final residual = 0.00013806690066946365, No Iterations 3, Solve time = 216.009 ms
[mem] after-UEqn: DEVICE_POOL current=22752 MB  actual(reserved)=38146 MB  highWater=28040 MB
[GinkgoSolver] p-cache: reuse(update_matrix_value) solve=29 rebuildInterval=100
config(Cg+Schwarz(Multigrid)):  Solving for p, Initial residual = 0.005744276842114216, Final residual = 5.463879039390503e-05, No Iterations 22, Solve time = 645.689 ms
time step continuity errors : sum local = 1.650527656797497e-05, global = 6.343085038135892e-07, cumulative = 3.7951970744851744e-06
[mem] after-pEqn: DEVICE_POOL current=22752 MB  actual(reserved)=38146 MB  highWater=28040 MB
[GinkgoSolver] p-cache: reuse(update_matrix_value) solve=29 rebuildInterval=0
Schwarz(Jacobi)+Bicgstab:  Solving for omega, Initial residual = 5.189146544451873e-05, Final residual = 3.10607446495474e-06, No Iterations 2, Solve time = 73.012 ms
[GinkgoSolver] p-cache: reuse(update_matrix_value) solve=29 rebuildInterval=0
Schwarz(Jacobi)+Bicgstab:  Solving for k, Initial residual = 0.00038391882236518134, Final residual = 9.878287428825987e-06, No Iterations 3, Solve time = 96.395 ms
[mem] after-turb: DEVICE_POOL current=22752 MB  actual(reserved)=38146 MB  highWater=28040 MB
ExecutionTime = 135.28 s  ClockTime = 137 s

Time = 30
[mem] step-start: DEVICE_POOL current=22752 MB  actual(reserved)=38146 MB  highWater=28040 MB
Schwarz(Jacobi)+Bicgstab:  Solving for Ux, Initial residual = 0.0001366579634844537, Final residual = 8.385521923684467e-06, No Iterations 3, Solve time = 216.921 ms
Schwarz(Jacobi)+Bicgstab:  Solving for Uy, Initial residual = 0.006132147006441428, Final residual = 0.0004413438597971116, No Iterations 3, Solve time = 216.921 ms
Schwarz(Jacobi)+Bicgstab:  Solving for Uz, Initial residual = 0.0017501510566612804, Final residual = 0.00013501423502791684, No Iterations 3, Solve time = 216.921 ms
[mem] after-UEqn: DEVICE_POOL current=22752 MB  actual(reserved)=38146 MB  highWater=28040 MB
[GinkgoSolver] p-cache: reuse(update_matrix_value) solve=30 rebuildInterval=100
config(Cg+Schwarz(Multigrid)):  Solving for p, Initial residual = 0.00572691829761036, Final residual = 5.519691702559613e-05, No Iterations 20, Solve time = 592.841 ms
time step continuity errors : sum local = 1.6427704606067994e-05, global = 1.0718313504470554e-06, cumulative = 4.86702842493223e-06
[mem] after-pEqn: DEVICE_POOL current=22752 MB  actual(reserved)=38146 MB  highWater=28040 MB
[GinkgoSolver] p-cache: reuse(update_matrix_value) solve=30 rebuildInterval=0
Schwarz(Jacobi)+Bicgstab:  Solving for omega, Initial residual = 5.0792519570467424e-05, Final residual = 3.049175555490061e-06, No Iterations 2, Solve time = 74.481 ms
bounding omega, min: -29.785972864773186 max: 45356088.052888855 average: 7233.487680915802
[GinkgoSolver] p-cache: reuse(update_matrix_value) solve=30 rebuildInterval=0
Schwarz(Jacobi)+Bicgstab:  Solving for k, Initial residual = 0.000391447896371071, Final residual = 1.0270289668447015e-05, No Iterations 3, Solve time = 96.086 ms
[mem] after-turb: DEVICE_POOL current=22752 MB  actual(reserved)=38146 MB  highWater=28040 MB
Writing p
Writing U
Writing turbulence variables
ExecutionTime = 138.66 s  ClockTime = 142 s

[mem] wrote 1008 samples to memoryTimeline.csv

BEGIN KOKKOS PROFILING REPORT:
TOTAL TIME: 143.1553648 seconds
TOP-DOWN TIME TREE:
<average time> <percent of total time> <percent time in Kokkos> <percent MPI imbalance> <remainder> <kernels per second> <number of calls> <name> [type]
===================
|-> 1.07e+02 sec 74.6% 6.9% 0.0% 0.0% 4.53e+02 30 neoSimpleFoam.timeStep [region]
|   |-> 6.47e+01 sec 45.2% 2.9% 0.0% 17.0% 3.77e+02 30 neoSimpleFoam.pressureCorrector [region]
|   |   |-> 5.23e+01 sec 36.6% 1.0% 0.0% 82.7% 7.88e+01 30 neoSimpleFoam.pressureCorrector.pEqn [region]
|   |   |   |-> 8.35e+00 sec 5.8% 0.0% 0.0% 100.0% 0.00e+00 30 ginkgo.solverSetup [region]
|   |   |   |-> 4.73e-01 sec 0.3% 92.2% 0.0% 7.8% 3.75e+03 30 assemble.spatialImplicit [region]
|   |   |   |   |-> 2.36e-01 sec 0.2% 100.0% 0.0% ------ 30 computeGradInternal [for]
|   |   |-> 7.09e-01 sec 0.5% 100.0% 0.0% ------ 90 computeGradInternal [for]
|   |   |-> 1.83e-01 sec 0.1% 100.0% 0.0% ------ 3420 fill [for]
|   |-> 2.17e+01 sec 15.2% 14.0% 0.0% 47.1% 2.65e+02 30 neoSimpleFoam.momentumPredictor [region]
|   |   |-> 8.93e+00 sec 6.2% 30.2% 0.0% 0.0% 5.78e+02 30 momentum.assemble [region]
|   |   |   |-> 8.50e+00 sec 5.9% 27.3% 0.0% 0.0% 4.87e+02 30 assemble.spatialImplicit [region]
|   |   |   |   |-> 7.36e+00 sec 5.1% 17.1% 0.0% 0.3% 3.10e+02 30 divlap.deferredCorr [region]
|   |   |   |   |   |-> 4.68e+00 sec 3.3% 1.0% 0.0% 99.0% 5.78e+01 30 luw.applyCorr [region]
|   |   |   |   |   |-> 1.42e+00 sec 1.0% 1.4% 0.0% 98.6% 2.12e+00 30 luw.gradOpCtor [region]
|   |   |   |   |   |-> 7.62e-01 sec 0.5% 96.4% 0.0% 0.0% 2.05e+03 30 luw.gradCompute [region]
|   |   |   |   |   |   |-> 5.58e-01 sec 0.4% 95.3% 0.0% 4.7% 2.21e+03 30 clg.baseGrad [region]
|   |   |   |   |   |   |   |-> 3.41e-01 sec 0.2% 100.0% 0.0% ------ 30 computeGradTensorInternal [for]
|   |   |   |   |   |   |-> 2.04e-01 sec 0.1% 99.4% 0.0% 0.6% 1.61e+03 30 clg.limiter [region]
|   |   |   |   |   |-> 2.84e-01 sec 0.2% 100.0% 0.0% ------ 30 addDivCorrectionToRhs [for]
|   |   |   |   |   |-> 1.72e-01 sec 0.1% 85.1% 0.0% 14.9% 1.22e+03 30 luw.gradAlloc [region]
|   |   |   |   |   |   |-> 1.46e-01 sec 0.1% 100.0% 0.0% ------ 210 fill [for]
|   |   |   |   |-> 1.01e+00 sec 0.7% 92.0% 0.0% 8.0% 1.67e+03 30 divlap.nonOrthCorr [region]
|   |   |   |   |   |-> 3.41e-01 sec 0.2% 100.0% 0.0% ------ 30 computeGradTensorInternal [for]
|   |   |   |   |   |-> 2.47e-01 sec 0.2% 100.0% 0.0% ------ 30 computeLaplacianImplicitCorrection [for]
|   |   |   |   |   |-> 1.94e-01 sec 0.1% 100.0% 0.0% ------ 601 fill [for]
|   |   |   |-> 3.67e-01 sec 0.3% 87.7% 0.0% 12.3% 2.29e+03 30 assemble.explicitSource [region]
|   |   |-> 1.98e+00 sec 1.4% 1.2% 0.0% 98.8% 1.37e+01 30 momentum.construct [region]
|   |   |-> 3.30e-01 sec 0.2% 94.7% 0.0% 5.3% 1.54e+03 30 assemble.explicitSource [region]
|   |   |   |-> 2.36e-01 sec 0.2% 100.0% 0.0% ------ 30 computeGradInternal [for]
|   |-> 1.80e+01 sec 12.6% 13.7% 0.0% 82.9% 1.01e+03 30 neoSimpleFoam.turbulenceCorrect [region]
|   |   |-> 1.08e+00 sec 0.8% 92.6% 0.0% 7.4% 3.51e+03 60 assemble.spatialImplicit [region]
|   |   |   |-> 4.73e-01 sec 0.3% 100.0% 0.0% ------ 60 computeGradInternal [for]
|   |   |   |-> 1.54e-01 sec 0.1% 100.0% 0.0% ------ 60 computeLocalGaussGreenDivLaplacianCoefficients [for]
|   |   |-> 4.72e-01 sec 0.3% 100.0% 0.0% ------ 60 computeGradInternal [for]
|   |   |-> 3.41e-01 sec 0.2% 100.0% 0.0% ------ 30 computeGradTensorInternal [for]
|   |   |-> 2.85e-01 sec 0.2% 0.3% 0.0% 99.7% 2.45e+02 60 ginkgo.createMtx [region]
|   |   |-> 2.32e-01 sec 0.2% 0.0% 0.0% 100.0% 0.00e+00 60 ginkgo.solverSetup [region]
|   |   |-> 1.76e-01 sec 0.1% 100.0% 0.0% ------ 1316 fill [for]
|   |-> 2.42e+00 sec 1.7% 0.0% 0.0% 100.0% 0.00e+00 30 neoSimpleFoam.write [region]
|-> 3.39e+01 sec 23.7% 0.2% 0.0% 99.8% 2.63e+01 1 neoSimpleFoam.setup [region]

BOTTOM-UP TIME TREE:
<average time> <percent of total time> <percent time in Kokkos> <percent MPI imbalance> <number of calls> <name> [type]
===================
|-> 4.33e+01 sec 30.2% 0.0% 0.0% 0.0% 0.00e+00 30 neoSimpleFoam.pressureCorrector.pEqn [region]
|   |-> 4.33e+01 sec 30.2% 0.0% 0.0% 0.0% 0.00e+00 30 neoSimpleFoam.pressureCorrector [region]
|       |-> 4.33e+01 sec 30.2% 0.0% 0.0% 0.0% 0.00e+00 30 neoSimpleFoam.timeStep [region]
|-> 3.38e+01 sec 23.6% 0.0% 0.0% 0.0% 0.00e+00 1 neoSimpleFoam.setup [region]
|-> 1.49e+01 sec 10.4% 0.0% 0.0% 0.0% 0.00e+00 30 neoSimpleFoam.turbulenceCorrect [region]
|   |-> 1.49e+01 sec 10.4% 0.0% 0.0% 0.0% 0.00e+00 30 neoSimpleFoam.timeStep [region]
|-> 1.10e+01 sec 7.7% 0.0% 0.0% 0.0% 0.00e+00 30 neoSimpleFoam.pressureCorrector [region]
|   |-> 1.10e+01 sec 7.7% 0.0% 0.0% 0.0% 0.00e+00 30 neoSimpleFoam.timeStep [region]
|-> 1.02e+01 sec 7.1% 0.0% 0.0% 0.0% 0.00e+00 30 neoSimpleFoam.momentumPredictor [region]
|   |-> 1.02e+01 sec 7.1% 0.0% 0.0% 0.0% 0.00e+00 30 neoSimpleFoam.timeStep [region]
|-> 8.70e+00 sec 6.1% 0.0% 0.0% -0.0% 0.00e+00 120 ginkgo.solverSetup [region]
|   |-> 8.35e+00 sec 5.8% 0.0% 0.0% 0.0% 0.00e+00 30 neoSimpleFoam.pressureCorrector.pEqn [region]
|   |   |-> 8.35e+00 sec 5.8% 0.0% 0.0% 0.0% 0.00e+00 30 neoSimpleFoam.pressureCorrector [region]
|   |       |-> 8.35e+00 sec 5.8% 0.0% 0.0% 0.0% 0.00e+00 30 neoSimpleFoam.timeStep [region]
|   |-> 2.32e-01 sec 0.2% 0.0% 0.0% 0.0% 0.00e+00 60 neoSimpleFoam.turbulenceCorrect [region]
|   |   |-> 2.32e-01 sec 0.2% 0.0% 0.0% 0.0% 0.00e+00 60 neoSimpleFoam.timeStep [region]
|-> 4.63e+00 sec 3.2% 0.0% 0.0% 0.0% 0.00e+00 30 luw.applyCorr [region]
|   |-> 4.63e+00 sec 3.2% 0.0% 0.0% 0.0% 0.00e+00 30 divlap.deferredCorr [region]
|       |-> 4.63e+00 sec 3.2% 0.0% 0.0% 0.0% 0.00e+00 30 assemble.spatialImplicit [region]
|           |-> 4.63e+00 sec 3.2% 0.0% 0.0% 0.0% 0.00e+00 30 momentum.assemble [region]
|               |-> 4.63e+00 sec 3.2% 0.0% 0.0% 0.0% 0.00e+00 30 neoSimpleFoam.momentumPredictor [region]
|                   |-> 4.63e+00 sec 3.2% 0.0% 0.0% 0.0% 0.00e+00 30 neoSimpleFoam.timeStep [region]
|-> 2.42e+00 sec 1.7% 0.0% 0.0% 0.0% 0.00e+00 30 neoSimpleFoam.write [region]
|   |-> 2.42e+00 sec 1.7% 0.0% 0.0% 0.0% 0.00e+00 30 neoSimpleFoam.timeStep [region]
|-> 2.14e+00 sec 1.5% 100.0% 0.0% ------ 272 computeGradInternal [for]
|   |-> 7.09e-01 sec 0.5% 100.0% 0.0% 0.0% 0.00e+00 90 assemble.spatialImplicit [region]
|   |   |-> 4.73e-01 sec 0.3% 100.0% 0.0% 0.0% 0.00e+00 60 neoSimpleFoam.turbulenceCorrect [region]
|   |   |   |-> 4.73e-01 sec 0.3% 100.0% 0.0% 0.0% 0.00e+00 60 neoSimpleFoam.timeStep [region]
|   |   |-> 2.36e-01 sec 0.2% 100.0% 0.0% 0.0% 0.00e+00 30 neoSimpleFoam.pressureCorrector.pEqn [region]
|   |       |-> 2.36e-01 sec 0.2% 100.0% 0.0% 0.0% 0.00e+00 30 neoSimpleFoam.pressureCorrector [region]
|   |           |-> 2.36e-01 sec 0.2% 100.0% 0.0% 0.0% 0.00e+00 30 neoSimpleFoam.timeStep [region]
|   |-> 7.09e-01 sec 0.5% 100.0% 0.0% 0.0% 0.00e+00 90 neoSimpleFoam.pressureCorrector [region]
|   |   |-> 7.09e-01 sec 0.5% 100.0% 0.0% 0.0% 0.00e+00 90 neoSimpleFoam.timeStep [region]
|   |-> 4.72e-01 sec 0.3% 100.0% 0.0% 0.0% 0.00e+00 60 neoSimpleFoam.turbulenceCorrect [region]
|   |   |-> 4.72e-01 sec 0.3% 100.0% 0.0% 0.0% 0.00e+00 60 neoSimpleFoam.timeStep [region]
|   |-> 2.36e-01 sec 0.2% 100.0% 0.0% 0.0% 0.00e+00 30 assemble.explicitSource [region]
|   |   |-> 2.36e-01 sec 0.2% 100.0% 0.0% 0.0% 0.00e+00 30 neoSimpleFoam.momentumPredictor [region]
|   |       |-> 2.36e-01 sec 0.2% 100.0% 0.0% 0.0% 0.00e+00 30 neoSimpleFoam.timeStep [region]
|-> 1.95e+00 sec 1.4% 0.0% 0.0% 0.0% 0.00e+00 30 momentum.construct [region]
|   |-> 1.95e+00 sec 1.4% 0.0% 0.0% 0.0% 0.00e+00 30 neoSimpleFoam.momentumPredictor [region]
|       |-> 1.95e+00 sec 1.4% 0.0% 0.0% 0.0% 0.00e+00 30 neoSimpleFoam.timeStep [region]
|-> 1.40e+00 sec 1.0% 0.0% 0.0% 0.0% 0.00e+00 30 luw.gradOpCtor [region]
|   |-> 1.40e+00 sec 1.0% 0.0% 0.0% 0.0% 0.00e+00 30 divlap.deferredCorr [region]
|       |-> 1.40e+00 sec 1.0% 0.0% 0.0% 0.0% 0.00e+00 30 assemble.spatialImplicit [region]
|           |-> 1.40e+00 sec 1.0% 0.0% 0.0% 0.0% 0.00e+00 30 momentum.assemble [region]
|               |-> 1.40e+00 sec 1.0% 0.0% 0.0% 0.0% 0.00e+00 30 neoSimpleFoam.momentumPredictor [region]
|                   |-> 1.40e+00 sec 1.0% 0.0% 0.0% 0.0% 0.00e+00 30 neoSimpleFoam.timeStep [region]
|-> 1.17e+00 sec 0.8% 100.0% 0.0% ------ 9369 fill [for]
|   |-> 1.94e-01 sec 0.1% 100.0% 0.0% 0.0% 0.00e+00 601 divlap.nonOrthCorr [region]
|   |   |-> 1.94e-01 sec 0.1% 100.0% 0.0% 0.0% 0.00e+00 601 assemble.spatialImplicit [region]
|   |       |-> 1.94e-01 sec 0.1% 100.0% 0.0% 0.0% 0.00e+00 601 momentum.assemble [region]
|   |           |-> 1.94e-01 sec 0.1% 100.0% 0.0% 0.0% 0.00e+00 601 neoSimpleFoam.momentumPredictor [region]
|   |               |-> 1.94e-01 sec 0.1% 100.0% 0.0% 0.0% 0.00e+00 601 neoSimpleFoam.timeStep [region]
|   |-> 1.83e-01 sec 0.1% 100.0% 0.0% 0.0% 0.00e+00 3420 neoSimpleFoam.pressureCorrector [region]
|   |   |-> 1.83e-01 sec 0.1% 100.0% 0.0% 0.0% 0.00e+00 3420 neoSimpleFoam.timeStep [region]
|   |-> 1.76e-01 sec 0.1% 100.0% 0.0% 0.0% 0.00e+00 1316 neoSimpleFoam.turbulenceCorrect [region]
|   |   |-> 1.76e-01 sec 0.1% 100.0% 0.0% 0.0% 0.00e+00 1316 neoSimpleFoam.timeStep [region]
|   |-> 1.46e-01 sec 0.1% 100.0% 0.0% 0.0% 0.00e+00 210 luw.gradAlloc [region]
|   |   |-> 1.46e-01 sec 0.1% 100.0% 0.0% 0.0% 0.00e+00 210 divlap.deferredCorr [region]
|   |       |-> 1.46e-01 sec 0.1% 100.0% 0.0% 0.0% 0.00e+00 210 assemble.spatialImplicit [region]
|   |           |-> 1.46e-01 sec 0.1% 100.0% 0.0% 0.0% 0.00e+00 210 momentum.assemble [region]
|   |               |-> 1.46e-01 sec 0.1% 100.0% 0.0% 0.0% 0.00e+00 210 neoSimpleFoam.momentumPredictor [region]
|   |                   |-> 1.46e-01 sec 0.1% 100.0% 0.0% 0.0% 0.00e+00 210 neoSimpleFoam.timeStep [region]
|   |-> 1.44e-01 sec 0.1% 100.0% 0.0% 0.0% 0.00e+00 780 assemble.explicitSource [region]
|-> 1.03e+00 sec 0.7% 100.0% 0.0% ------ 91 computeGradTensorInternal [for]
|   |-> 3.41e-01 sec 0.2% 100.0% 0.0% 0.0% 0.00e+00 30 divlap.nonOrthCorr [region]
|   |   |-> 3.41e-01 sec 0.2% 100.0% 0.0% 0.0% 0.00e+00 30 assemble.spatialImplicit [region]
|   |       |-> 3.41e-01 sec 0.2% 100.0% 0.0% 0.0% 0.00e+00 30 momentum.assemble [region]
|   |           |-> 3.41e-01 sec 0.2% 100.0% 0.0% 0.0% 0.00e+00 30 neoSimpleFoam.momentumPredictor [region]
|   |               |-> 3.41e-01 sec 0.2% 100.0% 0.0% 0.0% 0.00e+00 30 neoSimpleFoam.timeStep [region]
|   |-> 3.41e-01 sec 0.2% 100.0% 0.0% 0.0% 0.00e+00 30 clg.baseGrad [region]
|   |   |-> 3.41e-01 sec 0.2% 100.0% 0.0% 0.0% 0.00e+00 30 luw.gradCompute [region]
|   |       |-> 3.41e-01 sec 0.2% 100.0% 0.0% 0.0% 0.00e+00 30 divlap.deferredCorr [region]
|   |           |-> 3.41e-01 sec 0.2% 100.0% 0.0% 0.0% 0.00e+00 30 assemble.spatialImplicit [region]
|   |               |-> 3.41e-01 sec 0.2% 100.0% 0.0% 0.0% 0.00e+00 30 momentum.assemble [region]
|   |                   |-> 3.41e-01 sec 0.2% 100.0% 0.0% 0.0% 0.00e+00 30 neoSimpleFoam.momentumPredictor [region]
|   |                       |-> 3.41e-01 sec 0.2% 100.0% 0.0% 0.0% 0.00e+00 30 neoSimpleFoam.timeStep [region]
|   |-> 3.41e-01 sec 0.2% 100.0% 0.0% 0.0% 0.00e+00 30 neoSimpleFoam.turbulenceCorrect [region]
|   |   |-> 3.41e-01 sec 0.2% 100.0% 0.0% 0.0% 0.00e+00 30 neoSimpleFoam.timeStep [region]
|-> 5.44e-01 sec 0.4% 0.0% 0.0% 0.0% 0.00e+00 120 ginkgo.createMtx [region]
|   |-> 2.84e-01 sec 0.2% 0.0% 0.0% 0.0% 0.00e+00 60 neoSimpleFoam.turbulenceCorrect [region]
|   |   |-> 2.84e-01 sec 0.2% 0.0% 0.0% 0.0% 0.00e+00 60 neoSimpleFoam.timeStep [region]
|-> 3.19e-01 sec 0.2% 100.0% 0.0% ------ 120 computeLaplacianImplicitCorrection [for]
|   |-> 2.47e-01 sec 0.2% 100.0% 0.0% 0.0% 0.00e+00 30 divlap.nonOrthCorr [region]
|   |   |-> 2.47e-01 sec 0.2% 100.0% 0.0% 0.0% 0.00e+00 30 assemble.spatialImplicit [region]
|   |       |-> 2.47e-01 sec 0.2% 100.0% 0.0% 0.0% 0.00e+00 30 momentum.assemble [region]
|   |           |-> 2.47e-01 sec 0.2% 100.0% 0.0% 0.0% 0.00e+00 30 neoSimpleFoam.momentumPredictor [region]
|   |               |-> 2.47e-01 sec 0.2% 100.0% 0.0% 0.0% 0.00e+00 30 neoSimpleFoam.timeStep [region]
|-> 2.84e-01 sec 0.2% 100.0% 0.0% ------ 30 addDivCorrectionToRhs [for]
|   |-> 2.84e-01 sec 0.2% 100.0% 0.0% 0.0% 0.00e+00 30 divlap.deferredCorr [region]
|       |-> 2.84e-01 sec 0.2% 100.0% 0.0% 0.0% 0.00e+00 30 assemble.spatialImplicit [region]
|           |-> 2.84e-01 sec 0.2% 100.0% 0.0% 0.0% 0.00e+00 30 momentum.assemble [region]
|               |-> 2.84e-01 sec 0.2% 100.0% 0.0% 0.0% 0.00e+00 30 neoSimpleFoam.momentumPredictor [region]
|                   |-> 2.84e-01 sec 0.2% 100.0% 0.0% 0.0% 0.00e+00 30 neoSimpleFoam.timeStep [region]
|-> 2.54e-01 sec 0.2% 100.0% 0.0% ------ 554 computeLinearInterpolationInternal [for]
|-> 2.33e-01 sec 0.2% 100.0% 0.0% ------ 90 computeLocalGaussGreenDivLaplacianCoefficients [for]
|   |-> 1.54e-01 sec 0.1% 100.0% 0.0% 0.0% 0.00e+00 60 assemble.spatialImplicit [region]
|   |   |-> 1.54e-01 sec 0.1% 100.0% 0.0% 0.0% 0.00e+00 60 neoSimpleFoam.turbulenceCorrect [region]
|   |       |-> 1.54e-01 sec 0.1% 100.0% 0.0% 0.0% 0.00e+00 60 neoSimpleFoam.timeStep [region]
|-> 1.92e-01 sec 0.1% 100.0% 0.0% ------ 2128 parallelFor [for]
|-> 1.73e-01 sec 0.1% 100.0% 0.0% ------ 91 computeGradTensorCells [for]

KOKKOS HOST SPACE:
===================
MAX MEMORY ALLOCATED: 1287770.6 kB
ALLOCATIONS AT TIME OF HIGH WATER MARK:
  29.9% neoSimpleFoam.timeStep/neoSimpleFoam.momentumPredictor/momentum.assemble/assemble.spatialImplicit/divlap.deferredCorr/luw.gradOpCtor/Vector
  29.9% neoSimpleFoam.timeStep/neoSimpleFoam.momentumPredictor/momentum.assemble/assemble.spatialImplicit/divlap.deferredCorr/luw.gradOpCtor/Vector
  15.4% neoSimpleFoam.timeStep/neoSimpleFoam.momentumPredictor/momentum.assemble/assemble.spatialImplicit/divlap.deferredCorr/luw.gradOpCtor/Vector
  14.9% neoSimpleFoam.timeStep/neoSimpleFoam.momentumPredictor/momentum.assemble/assemble.spatialImplicit/divlap.deferredCorr/luw.gradOpCtor/Vector
  5.0% neoSimpleFoam.timeStep/neoSimpleFoam.momentumPredictor/momentum.assemble/assemble.spatialImplicit/divlap.deferredCorr/luw.gradOpCtor/Vector
  5.0% neoSimpleFoam.timeStep/neoSimpleFoam.momentumPredictor/momentum.assemble/assemble.spatialImplicit/divlap.deferredCorr/luw.gradOpCtor/Vector

KOKKOS CUDA SPACE:
===================
MAX MEMORY ALLOCATED: 0.0 kB
ALLOCATIONS AT TIME OF HIGH WATER MARK:

KOKKOS HIP SPACE:
===================
MAX MEMORY ALLOCATED: 0.0 kB
ALLOCATIONS AT TIME OF HIGH WATER MARK:

KOKKOS SYCL SPACE:
===================
MAX MEMORY ALLOCATED: 0.0 kB
ALLOCATIONS AT TIME OF HIGH WATER MARK:

KOKKOS OpenMPTarget SPACE:
===================
MAX MEMORY ALLOCATED: 0.0 kB
ALLOCATIONS AT TIME OF HIGH WATER MARK:

Host process high water mark memory consumption: 14467064 kB

END KOKKOS PROFILING REPORT.

BEGIN KOKKOS PROFILING REPORT:
TOTAL TIME: 143.162071187 seconds
TOP-DOWN TIME TREE:
<average time> <percent of total time> <percent time in Kokkos> <percent MPI imbalance> <remainder> <kernels per second> <number of calls> <name> [type]
===================
|-> 1.07e+02 sec 74.7% 23.6% 0.0% 0.0% 4.63e+02 30 neoSimpleFoam.timeStep [region]
|   |-> 6.46e+01 sec 45.1% 13.9% 0.0% 8.0% 3.89e+02 30 neoSimpleFoam.pressureCorrector [region]
|   |   |-> 5.23e+01 sec 36.6% 3.7% 0.0% 76.7% 8.00e+01 30 neoSimpleFoam.pressureCorrector.pEqn [region]
|   |   |   |-> 9.95e+00 sec 7.0% 0.0% 0.0% 100.0% 0.00e+00 30 ginkgo.solverSetup [region]
|   |   |   |-> 1.61e+00 sec 1.1% 86.3% 0.0% 13.7% 1.08e+03 30 assemble.spatialImplicit [region]
|   |   |   |   |-> 5.15e-01 sec 0.4% 100.0% 0.0% ------ 30 computeGradInternal [for]
|   |   |   |   |-> 2.55e-01 sec 0.2% 100.0% 0.0% ------ 601 fill [for]
|   |   |   |   |-> 2.32e-01 sec 0.2% 100.0% 0.0% ------ 750 computeGradBoundaryRefGrad [for]
|   |   |   |   |-> 1.64e-01 sec 0.1% 100.0% 0.0% ------ 30 computeLocalLaplacianCoefficients [for]
|   |   |   |-> 1.93e-01 sec 0.1% 100.0% 0.0% ------ 1560 setGradientValue [for]
|   |   |-> 1.41e+00 sec 1.0% 100.0% 0.0% ------ 3660 fill [for]
|   |   |-> 1.32e+00 sec 0.9% 100.0% 0.0% ------ 90 computeGradInternal [for]
|   |   |-> 1.10e+00 sec 0.8% 100.0% 0.0% ------ 8250 extrapolateValue [for]
|   |   |-> 7.28e-01 sec 0.5% 100.0% 0.0% ------ 2250 computeGradBoundaryRefGrad [for]
|   |   |-> 5.85e-01 sec 0.4% 100.0% 0.0% ------ 1530 parallelFor [for]
|   |   |-> 2.18e-01 sec 0.2% 100.0% 0.0% ------ 660 setFixedValueVolume [for]
|   |   |-> 2.18e-01 sec 0.2% 100.0% 0.0% ------ 720 updateProcBoundaryOwnerValue [for]
|   |   |-> 2.02e-01 sec 0.1% 100.0% 0.0% ------ 1590 setGradientValue [for]
|   |   |-> 1.70e-01 sec 0.1% 100.0% 0.0% ------ 540 setProcBoundaryCoefficients [for]
|   |   |-> 1.54e-01 sec 0.1% 100.0% 0.0% ------ 150 computeLinearInterpolationInternal [for]
|   |-> 2.18e+01 sec 15.2% 34.8% 0.0% 39.3% 2.65e+02 30 neoSimpleFoam.momentumPredictor [region]
|   |   |-> 9.99e+00 sec 7.0% 67.3% 0.0% 0.0% 5.17e+02 30 momentum.assemble [region]
|   |   |   |-> 8.68e+00 sec 6.1% 65.3% 0.0% 0.0% 4.77e+02 30 assemble.spatialImplicit [region]
|   |   |   |   |-> 5.79e+00 sec 4.0% 53.2% 0.0% 1.4% 4.00e+02 30 divlap.deferredCorr [region]
|   |   |   |   |   |-> 2.07e+00 sec 1.4% 93.5% 0.0% 0.0% 7.39e+02 30 luw.gradCompute [region]
|   |   |   |   |   |   |-> 1.75e+00 sec 1.2% 92.4% 0.0% 7.6% 6.86e+02 30 clg.baseGrad [region]
|   |   |   |   |   |   |   |-> 6.95e-01 sec 0.5% 100.0% 0.0% ------ 780 computeGradTensorBoundaryReconstruct [for]
|   |   |   |   |   |   |   |-> 5.51e-01 sec 0.4% 100.0% 0.0% ------ 30 computeGradTensorInternal [for]
|   |   |   |   |   |   |   |-> 2.13e-01 sec 0.1% 100.0% 0.0% ------ 210 fill [for]
|   |   |   |   |   |   |-> 3.19e-01 sec 0.2% 99.7% 0.0% 0.3% 1.03e+03 30 clg.limiter [region]
|   |   |   |   |   |-> 1.42e+00 sec 1.0% 1.4% 0.0% 98.6% 2.11e+00 30 luw.gradOpCtor [region]
|   |   |   |   |   |-> 1.10e+00 sec 0.8% 12.5% 0.0% 87.5% 3.00e+02 30 luw.applyCorr [region]
|   |   |   |   |   |-> 6.02e-01 sec 0.4% 77.8% 0.0% 22.2% 3.49e+02 30 luw.gradAlloc [region]
|   |   |   |   |   |   |-> 4.68e-01 sec 0.3% 100.0% 0.0% ------ 210 fill [for]
|   |   |   |   |   |-> 3.78e-01 sec 0.3% 100.0% 0.0% ------ 30 addDivCorrectionToRhs [for]
|   |   |   |   |-> 2.46e+00 sec 1.7% 87.7% 0.0% 12.3% 6.71e+02 30 divlap.nonOrthCorr [region]
|   |   |   |   |   |-> 7.50e-01 sec 0.5% 100.0% 0.0% ------ 30 computeGradTensorInternal [for]
|   |   |   |   |   |-> 5.68e-01 sec 0.4% 100.0% 0.0% ------ 601 fill [for]
|   |   |   |   |   |-> 2.91e-01 sec 0.2% 100.0% 0.0% ------ 30 computeLaplacianImplicitCorrection [for]
|   |   |   |   |   |-> 2.74e-01 sec 0.2% 100.0% 0.0% ------ 780 computeGradTensorBoundaryReconstruct [for]
|   |   |   |   |-> 2.25e-01 sec 0.2% 99.8% 0.0% 0.2% 4.01e+02 30 divlap.matrixCoeffs [region]
|   |   |   |   |   |-> 1.73e-01 sec 0.1% 100.0% 0.0% ------ 30 computeLocalGaussGreenDivLaplacianCoefficients [for]
|   |   |   |   |-> 2.10e-01 sec 0.1% 99.8% 0.0% 0.2% 4.29e+02 30 divlap.bounded [region]
|   |   |   |-> 1.16e+00 sec 0.8% 78.2% 0.0% 21.8% 7.23e+02 30 assemble.explicitSource [region]
|   |   |   |   |-> 4.53e-01 sec 0.3% 100.0% 0.0% ------ 420 fill [for]
|   |   |-> 1.98e+00 sec 1.4% 1.8% 0.0% 98.2% 1.36e+01 30 momentum.construct [region]
|   |   |-> 9.09e-01 sec 0.6% 84.6% 0.0% 15.4% 5.61e+02 30 assemble.explicitSource [region]
|   |   |   |-> 3.15e-01 sec 0.2% 100.0% 0.0% ------ 30 computeGradInternal [for]
|   |   |   |-> 1.77e-01 sec 0.1% 100.0% 0.0% ------ 240 fill [for]
|   |   |-> 1.98e-01 sec 0.1% 0.0% 0.0% 100.0% 0.00e+00 30 ginkgo.solverSetup [region]
|   |-> 1.81e+01 sec 12.7% 47.9% 0.0% 46.3% 1.03e+03 30 neoSimpleFoam.turbulenceCorrect [region]
|   |   |-> 3.48e+00 sec 2.4% 86.4% 0.0% 13.6% 1.07e+03 60 assemble.spatialImplicit [region]
|   |   |   |-> 7.85e-01 sec 0.5% 100.0% 0.0% ------ 60 computeGradInternal [for]
|   |   |   |-> 5.78e-01 sec 0.4% 100.0% 0.0% ------ 1202 fill [for]
|   |   |   |-> 4.23e-01 sec 0.3% 100.0% 0.0% ------ 630 computeGradBoundaryFixedValue [for]
|   |   |   |-> 3.10e-01 sec 0.2% 100.0% 0.0% ------ 930 computeGradBoundaryRefGrad [for]
|   |   |   |-> 2.68e-01 sec 0.2% 100.0% 0.0% ------ 60 computeLocalGaussGreenDivLaplacianCoefficients [for]
|   |   |-> 7.31e-01 sec 0.5% 100.0% 0.0% ------ 1466 fill [for]
|   |   |-> 6.33e-01 sec 0.4% 100.0% 0.0% ------ 60 computeGradInternal [for]
|   |   |-> 5.89e-01 sec 0.4% 100.0% 0.0% ------ 30 computeGradTensorInternal [for]
|   |   |-> 4.24e-01 sec 0.3% 100.0% 0.0% ------ 930 computeGradBoundaryRefGrad [for]
|   |   |-> 3.99e-01 sec 0.3% 100.0% 0.0% ------ 780 computeGradTensorBoundaryReconstruct [for]
|   |   |-> 3.87e-01 sec 0.3% 0.0% 0.0% 100.0% 0.00e+00 60 ginkgo.solverSetup [region]
|   |   |-> 2.25e-01 sec 0.2% 100.0% 0.0% ------ 630 computeGradBoundaryFixedValue [for]
|   |   |-> 2.21e-01 sec 0.2% 100.0% 0.0% ------ 1650 extrapolateValue [for]
|   |   |-> 2.08e-01 sec 0.1% 100.0% 0.0% ------ 1530 kOmegaSST::omegaWFGFeedback [for]
|   |   |-> 2.08e-01 sec 0.1% 100.0% 0.0% ------ 1530 setNutUSpaldingWallFunction [for]
|   |   |-> 2.05e-01 sec 0.1% 100.0% 0.0% ------ 218 computeLinearInterpolationInternal [for]
|   |   |-> 2.05e-01 sec 0.1% 100.0% 0.0% ------ 1590 setGradientValue [for]
|   |   |-> 1.95e-01 sec 0.1% 9.8% 0.0% 90.2% 3.59e+02 60 ginkgo.createMtx [region]
|   |   |-> 1.92e-01 sec 0.1% 100.0% 0.0% ------ 1530 setOmegaWallFunction [for]
|   |   |-> 1.73e-01 sec 0.1% 100.0% 0.0% ------ 450 parallelFor [for]
|   |-> 2.41e+00 sec 1.7% 0.0% 0.0% 100.0% 0.00e+00 30 neoSimpleFoam.write [region]
|-> 3.39e+01 sec 23.7% 0.9% 0.0% 99.1% 2.77e+01 1 neoSimpleFoam.setup [region]

BOTTOM-UP TIME TREE:
<average time> <percent of total time> <percent time in Kokkos> <percent MPI imbalance> <number of calls> <name> [type]
===================
|-> 4.01e+01 sec 28.0% 0.0% 0.0% 0.0% 0.00e+00 30 neoSimpleFoam.pressureCorrector.pEqn [region]
|   |-> 4.01e+01 sec 28.0% 0.0% 0.0% 0.0% 0.00e+00 30 neoSimpleFoam.pressureCorrector [region]
|       |-> 4.01e+01 sec 28.0% 0.0% 0.0% 0.0% 0.00e+00 30 neoSimpleFoam.timeStep [region]
|-> 3.36e+01 sec 23.5% 0.0% 0.0% 0.0% 0.00e+00 1 neoSimpleFoam.setup [region]
|-> 1.05e+01 sec 7.4% 0.0% 0.0% 0.0% 0.00e+00 120 ginkgo.solverSetup [region]
|   |-> 9.95e+00 sec 7.0% 0.0% 0.0% 0.0% 0.00e+00 30 neoSimpleFoam.pressureCorrector.pEqn [region]
|   |   |-> 9.95e+00 sec 7.0% 0.0% 0.0% 0.0% 0.00e+00 30 neoSimpleFoam.pressureCorrector [region]
|   |       |-> 9.95e+00 sec 7.0% 0.0% 0.0% 0.0% 0.00e+00 30 neoSimpleFoam.timeStep [region]
|   |-> 3.87e-01 sec 0.3% 0.0% 0.0% 0.0% 0.00e+00 60 neoSimpleFoam.turbulenceCorrect [region]
|   |   |-> 3.87e-01 sec 0.3% 0.0% 0.0% 0.0% 0.00e+00 60 neoSimpleFoam.timeStep [region]
|   |-> 1.98e-01 sec 0.1% 0.0% 0.0% 0.0% 0.00e+00 30 neoSimpleFoam.momentumPredictor [region]
|       |-> 1.98e-01 sec 0.1% 0.0% 0.0% 0.0% 0.00e+00 30 neoSimpleFoam.timeStep [region]
|-> 8.57e+00 sec 6.0% 0.0% 0.0% 0.0% 0.00e+00 30 neoSimpleFoam.momentumPredictor [region]
|   |-> 8.57e+00 sec 6.0% 0.0% 0.0% 0.0% 0.00e+00 30 neoSimpleFoam.timeStep [region]
|-> 8.39e+00 sec 5.9% 0.0% 0.0% 0.0% 0.00e+00 30 neoSimpleFoam.turbulenceCorrect [region]
|   |-> 8.39e+00 sec 5.9% 0.0% 0.0% 0.0% 0.00e+00 30 neoSimpleFoam.timeStep [region]
|-> 5.41e+00 sec 3.8% 100.0% 0.0% ------ 9833 fill [for]
|   |-> 1.41e+00 sec 1.0% 100.0% 0.0% 0.0% 0.00e+00 3660 neoSimpleFoam.pressureCorrector [region]
|   |   |-> 1.41e+00 sec 1.0% 100.0% 0.0% 0.0% 0.00e+00 3660 neoSimpleFoam.timeStep [region]
|   |-> 8.33e-01 sec 0.6% 100.0% 0.0% 0.0% 0.00e+00 1803 assemble.spatialImplicit [region]
|   |   |-> 5.78e-01 sec 0.4% 100.0% 0.0% 0.0% 0.00e+00 1202 neoSimpleFoam.turbulenceCorrect [region]
|   |   |   |-> 5.78e-01 sec 0.4% 100.0% 0.0% 0.0% 0.00e+00 1202 neoSimpleFoam.timeStep [region]
|   |   |-> 2.55e-01 sec 0.2% 100.0% 0.0% 0.0% 0.00e+00 601 neoSimpleFoam.pressureCorrector.pEqn [region]
|   |       |-> 2.55e-01 sec 0.2% 100.0% 0.0% 0.0% 0.00e+00 601 neoSimpleFoam.pressureCorrector [region]
|   |           |-> 2.55e-01 sec 0.2% 100.0% 0.0% 0.0% 0.00e+00 601 neoSimpleFoam.timeStep [region]
|   |-> 7.31e-01 sec 0.5% 100.0% 0.0% 0.0% 0.00e+00 1466 neoSimpleFoam.turbulenceCorrect [region]
|   |   |-> 7.31e-01 sec 0.5% 100.0% 0.0% 0.0% 0.00e+00 1466 neoSimpleFoam.timeStep [region]
|   |-> 6.80e-01 sec 0.5% 100.0% 0.0% 0.0% 0.00e+00 780 assemble.explicitSource [region]
|   |   |-> 4.53e-01 sec 0.3% 100.0% 0.0% 0.0% 0.00e+00 420 momentum.assemble [region]
|   |   |   |-> 4.53e-01 sec 0.3% 100.0% 0.0% 0.0% 0.00e+00 420 neoSimpleFoam.momentumPredictor [region]
|   |   |       |-> 4.53e-01 sec 0.3% 100.0% 0.0% 0.0% 0.00e+00 420 neoSimpleFoam.timeStep [region]
|   |   |-> 1.77e-01 sec 0.1% 100.0% 0.0% 0.0% 0.00e+00 240 neoSimpleFoam.momentumPredictor [region]
|   |   |   |-> 1.77e-01 sec 0.1% 100.0% 0.0% 0.0% 0.00e+00 240 neoSimpleFoam.timeStep [region]
|   |-> 5.68e-01 sec 0.4% 100.0% 0.0% 0.0% 0.00e+00 601 divlap.nonOrthCorr [region]
|   |   |-> 5.68e-01 sec 0.4% 100.0% 0.0% 0.0% 0.00e+00 601 assemble.spatialImplicit [region]
|   |       |-> 5.68e-01 sec 0.4% 100.0% 0.0% 0.0% 0.00e+00 601 momentum.assemble [region]
|   |           |-> 5.68e-01 sec 0.4% 100.0% 0.0% 0.0% 0.00e+00 601 neoSimpleFoam.momentumPredictor [region]
|   |               |-> 5.68e-01 sec 0.4% 100.0% 0.0% 0.0% 0.00e+00 601 neoSimpleFoam.timeStep [region]
|   |-> 4.68e-01 sec 0.3% 100.0% 0.0% 0.0% 0.00e+00 210 luw.gradAlloc [region]
|   |   |-> 4.68e-01 sec 0.3% 100.0% 0.0% 0.0% 0.00e+00 210 divlap.deferredCorr [region]
|   |       |-> 4.68e-01 sec 0.3% 100.0% 0.0% 0.0% 0.00e+00 210 assemble.spatialImplicit [region]
|   |           |-> 4.68e-01 sec 0.3% 100.0% 0.0% 0.0% 0.00e+00 210 momentum.assemble [region]
|   |               |-> 4.68e-01 sec 0.3% 100.0% 0.0% 0.0% 0.00e+00 210 neoSimpleFoam.momentumPredictor [region]
|   |                   |-> 4.68e-01 sec 0.3% 100.0% 0.0% 0.0% 0.00e+00 210 neoSimpleFoam.timeStep [region]
|   |-> 2.13e-01 sec 0.1% 100.0% 0.0% 0.0% 0.00e+00 210 clg.baseGrad [region]
|   |   |-> 2.13e-01 sec 0.1% 100.0% 0.0% 0.0% 0.00e+00 210 luw.gradCompute [region]
|   |       |-> 2.13e-01 sec 0.1% 100.0% 0.0% 0.0% 0.00e+00 210 divlap.deferredCorr [region]
|   |           |-> 2.13e-01 sec 0.1% 100.0% 0.0% 0.0% 0.00e+00 210 assemble.spatialImplicit [region]
|   |               |-> 2.13e-01 sec 0.1% 100.0% 0.0% 0.0% 0.00e+00 210 momentum.assemble [region]
|   |                   |-> 2.13e-01 sec 0.1% 100.0% 0.0% 0.0% 0.00e+00 210 neoSimpleFoam.momentumPredictor [region]
|   |                       |-> 2.13e-01 sec 0.1% 100.0% 0.0% 0.0% 0.00e+00 210 neoSimpleFoam.timeStep [region]
|-> 5.19e+00 sec 3.6% 0.0% 0.0% 0.0% 0.00e+00 30 neoSimpleFoam.pressureCorrector [region]
|   |-> 5.19e+00 sec 3.6% 0.0% 0.0% 0.0% 0.00e+00 30 neoSimpleFoam.timeStep [region]
|-> 3.59e+00 sec 2.5% 100.0% 0.0% ------ 272 computeGradInternal [for]
|   |-> 1.32e+00 sec 0.9% 100.0% 0.0% 0.0% 0.00e+00 90 neoSimpleFoam.pressureCorrector [region]
|   |   |-> 1.32e+00 sec 0.9% 100.0% 0.0% 0.0% 0.00e+00 90 neoSimpleFoam.timeStep [region]
|   |-> 1.30e+00 sec 0.9% 100.0% 0.0% 0.0% 0.00e+00 90 assemble.spatialImplicit [region]
|   |   |-> 7.85e-01 sec 0.5% 100.0% 0.0% 0.0% 0.00e+00 60 neoSimpleFoam.turbulenceCorrect [region]
|   |   |   |-> 7.85e-01 sec 0.5% 100.0% 0.0% 0.0% 0.00e+00 60 neoSimpleFoam.timeStep [region]
|   |   |-> 5.15e-01 sec 0.4% 100.0% 0.0% 0.0% 0.00e+00 30 neoSimpleFoam.pressureCorrector.pEqn [region]
|   |       |-> 5.15e-01 sec 0.4% 100.0% 0.0% 0.0% 0.00e+00 30 neoSimpleFoam.pressureCorrector [region]
|   |           |-> 5.15e-01 sec 0.4% 100.0% 0.0% 0.0% 0.00e+00 30 neoSimpleFoam.timeStep [region]
|   |-> 6.33e-01 sec 0.4% 100.0% 0.0% 0.0% 0.00e+00 60 neoSimpleFoam.turbulenceCorrect [region]
|   |   |-> 6.33e-01 sec 0.4% 100.0% 0.0% 0.0% 0.00e+00 60 neoSimpleFoam.timeStep [region]
|   |-> 3.15e-01 sec 0.2% 100.0% 0.0% 0.0% 0.00e+00 30 assemble.explicitSource [region]
|   |   |-> 3.15e-01 sec 0.2% 100.0% 0.0% 0.0% 0.00e+00 30 neoSimpleFoam.momentumPredictor [region]
|   |       |-> 3.15e-01 sec 0.2% 100.0% 0.0% 0.0% 0.00e+00 30 neoSimpleFoam.timeStep [region]
|-> 2.41e+00 sec 1.7% 0.0% 0.0% 0.0% 0.00e+00 30 neoSimpleFoam.write [region]
|   |-> 2.41e+00 sec 1.7% 0.0% 0.0% 0.0% 0.00e+00 30 neoSimpleFoam.timeStep [region]
|-> 1.95e+00 sec 1.4% 0.0% 0.0% 0.0% 0.00e+00 30 momentum.construct [region]
|   |-> 1.95e+00 sec 1.4% 0.0% 0.0% 0.0% 0.00e+00 30 neoSimpleFoam.momentumPredictor [region]
|       |-> 1.95e+00 sec 1.4% 0.0% 0.0% 0.0% 0.00e+00 30 neoSimpleFoam.timeStep [region]
|-> 1.92e+00 sec 1.3% 100.0% 0.0% ------ 91 computeGradTensorInternal [for]
|   |-> 7.50e-01 sec 0.5% 100.0% 0.0% 0.0% 0.00e+00 30 divlap.nonOrthCorr [region]
|   |   |-> 7.50e-01 sec 0.5% 100.0% 0.0% 0.0% 0.00e+00 30 assemble.spatialImplicit [region]
|   |       |-> 7.50e-01 sec 0.5% 100.0% 0.0% 0.0% 0.00e+00 30 momentum.assemble [region]
|   |           |-> 7.50e-01 sec 0.5% 100.0% 0.0% 0.0% 0.00e+00 30 neoSimpleFoam.momentumPredictor [region]
|   |               |-> 7.50e-01 sec 0.5% 100.0% 0.0% 0.0% 0.00e+00 30 neoSimpleFoam.timeStep [region]
|   |-> 5.89e-01 sec 0.4% 100.0% 0.0% 0.0% 0.00e+00 30 neoSimpleFoam.turbulenceCorrect [region]
|   |   |-> 5.89e-01 sec 0.4% 100.0% 0.0% 0.0% 0.00e+00 30 neoSimpleFoam.timeStep [region]
|   |-> 5.51e-01 sec 0.4% 100.0% 0.0% 0.0% 0.00e+00 30 clg.baseGrad [region]
|   |   |-> 5.51e-01 sec 0.4% 100.0% 0.0% 0.0% 0.00e+00 30 luw.gradCompute [region]
|   |       |-> 5.51e-01 sec 0.4% 100.0% 0.0% 0.0% 0.00e+00 30 divlap.deferredCorr [region]
|   |           |-> 5.51e-01 sec 0.4% 100.0% 0.0% 0.0% 0.00e+00 30 assemble.spatialImplicit [region]
|   |               |-> 5.51e-01 sec 0.4% 100.0% 0.0% 0.0% 0.00e+00 30 momentum.assemble [region]
|   |                   |-> 5.51e-01 sec 0.4% 100.0% 0.0% 0.0% 0.00e+00 30 neoSimpleFoam.momentumPredictor [region]
|   |                       |-> 5.51e-01 sec 0.4% 100.0% 0.0% 0.0% 0.00e+00 30 neoSimpleFoam.timeStep [region]
|-> 1.71e+00 sec 1.2% 100.0% 0.0% ------ 4891 computeGradBoundaryRefGrad [for]
|   |-> 7.28e-01 sec 0.5% 100.0% 0.0% 0.0% 0.00e+00 2250 neoSimpleFoam.pressureCorrector [region]
|   |   |-> 7.28e-01 sec 0.5% 100.0% 0.0% 0.0% 0.00e+00 2250 neoSimpleFoam.timeStep [region]
|   |-> 5.43e-01 sec 0.4% 100.0% 0.0% 0.0% 0.00e+00 1680 assemble.spatialImplicit [region]
|   |   |-> 3.10e-01 sec 0.2% 100.0% 0.0% 0.0% 0.00e+00 930 neoSimpleFoam.turbulenceCorrect [region]
|   |   |   |-> 3.10e-01 sec 0.2% 100.0% 0.0% 0.0% 0.00e+00 930 neoSimpleFoam.timeStep [region]
|   |   |-> 2.32e-01 sec 0.2% 100.0% 0.0% 0.0% 0.00e+00 750 neoSimpleFoam.pressureCorrector.pEqn [region]
|   |       |-> 2.32e-01 sec 0.2% 100.0% 0.0% 0.0% 0.00e+00 750 neoSimpleFoam.pressureCorrector [region]
|   |           |-> 2.32e-01 sec 0.2% 100.0% 0.0% 0.0% 0.00e+00 750 neoSimpleFoam.timeStep [region]
|   |-> 4.24e-01 sec 0.3% 100.0% 0.0% 0.0% 0.00e+00 930 neoSimpleFoam.turbulenceCorrect [region]
|   |   |-> 4.24e-01 sec 0.3% 100.0% 0.0% 0.0% 0.00e+00 930 neoSimpleFoam.timeStep [region]
|-> 1.40e+00 sec 1.0% 0.0% 0.0% 0.0% 0.00e+00 30 luw.gradOpCtor [region]
|   |-> 1.40e+00 sec 1.0% 0.0% 0.0% 0.0% 0.00e+00 30 divlap.deferredCorr [region]
|       |-> 1.40e+00 sec 1.0% 0.0% 0.0% 0.0% 0.00e+00 30 assemble.spatialImplicit [region]
|           |-> 1.40e+00 sec 1.0% 0.0% 0.0% 0.0% 0.00e+00 30 momentum.assemble [region]
|               |-> 1.40e+00 sec 1.0% 0.0% 0.0% 0.0% 0.00e+00 30 neoSimpleFoam.momentumPredictor [region]
|                   |-> 1.40e+00 sec 1.0% 0.0% 0.0% 0.0% 0.00e+00 30 neoSimpleFoam.timeStep [region]
|-> 1.38e+00 sec 1.0% 100.0% 0.0% ------ 2366 computeGradTensorBoundaryReconstruct [for]
|   |-> 6.95e-01 sec 0.5% 100.0% 0.0% 0.0% 0.00e+00 780 clg.baseGrad [region]
|   |   |-> 6.95e-01 sec 0.5% 100.0% 0.0% 0.0% 0.00e+00 780 luw.gradCompute [region]
|   |       |-> 6.95e-01 sec 0.5% 100.0% 0.0% 0.0% 0.00e+00 780 divlap.deferredCorr [region]
|   |           |-> 6.95e-01 sec 0.5% 100.0% 0.0% 0.0% 0.00e+00 780 assemble.spatialImplicit [region]
|   |               |-> 6.95e-01 sec 0.5% 100.0% 0.0% 0.0% 0.00e+00 780 momentum.assemble [region]
|   |                   |-> 6.95e-01 sec 0.5% 100.0% 0.0% 0.0% 0.00e+00 780 neoSimpleFoam.momentumPredictor [region]
|   |                       |-> 6.95e-01 sec 0.5% 100.0% 0.0% 0.0% 0.00e+00 780 neoSimpleFoam.timeStep [region]
|   |-> 3.99e-01 sec 0.3% 100.0% 0.0% 0.0% 0.00e+00 780 neoSimpleFoam.turbulenceCorrect [region]
|   |   |-> 3.99e-01 sec 0.3% 100.0% 0.0% 0.0% 0.00e+00 780 neoSimpleFoam.timeStep [region]
|   |-> 2.74e-01 sec 0.2% 100.0% 0.0% 0.0% 0.00e+00 780 divlap.nonOrthCorr [region]
|   |   |-> 2.74e-01 sec 0.2% 100.0% 0.0% 0.0% 0.00e+00 780 assemble.spatialImplicit [region]
|   |       |-> 2.74e-01 sec 0.2% 100.0% 0.0% 0.0% 0.00e+00 780 momentum.assemble [region]
|   |           |-> 2.74e-01 sec 0.2% 100.0% 0.0% 0.0% 0.00e+00 780 neoSimpleFoam.momentumPredictor [region]
|   |               |-> 2.74e-01 sec 0.2% 100.0% 0.0% 0.0% 0.00e+00 780 neoSimpleFoam.timeStep [region]
|-> 1.33e+00 sec 0.9% 100.0% 0.0% ------ 9955 extrapolateValue [for]
|   |-> 1.10e+00 sec 0.8% 100.0% 0.0% 0.0% 0.00e+00 8250 neoSimpleFoam.pressureCorrector [region]
|   |   |-> 1.10e+00 sec 0.8% 100.0% 0.0% 0.0% 0.00e+00 8250 neoSimpleFoam.timeStep [region]
|   |-> 2.21e-01 sec 0.2% 100.0% 0.0% 0.0% 0.00e+00 1650 neoSimpleFoam.turbulenceCorrect [region]
|   |   |-> 2.21e-01 sec 0.2% 100.0% 0.0% 0.0% 0.00e+00 1650 neoSimpleFoam.timeStep [region]
|-> 1.14e+00 sec 0.8% 100.0% 0.0% ------ 2532 parallelFor [for]
|   |-> 5.85e-01 sec 0.4% 100.0% 0.0% 0.0% 0.00e+00 1530 neoSimpleFoam.pressureCorrector [region]
|   |   |-> 5.85e-01 sec 0.4% 100.0% 0.0% 0.0% 0.00e+00 1530 neoSimpleFoam.timeStep [region]
|   |-> 2.54e-01 sec 0.2% 100.0% 0.0% 0.0% 0.00e+00 240 assemble.explicitSource [region]
|   |-> 1.73e-01 sec 0.1% 100.0% 0.0% 0.0% 0.00e+00 450 neoSimpleFoam.turbulenceCorrect [region]
|   |   |-> 1.73e-01 sec 0.1% 100.0% 0.0% 0.0% 0.00e+00 450 neoSimpleFoam.timeStep [region]
|-> 9.63e-01 sec 0.7% 0.0% 0.0% 0.0% 0.00e+00 30 luw.applyCorr [region]
|   |-> 9.63e-01 sec 0.7% 0.0% 0.0% 0.0% 0.00e+00 30 divlap.deferredCorr [region]
|       |-> 9.63e-01 sec 0.7% 0.0% 0.0% 0.0% 0.00e+00 30 assemble.spatialImplicit [region]
|           |-> 9.63e-01 sec 0.7% 0.0% 0.0% 0.0% 0.00e+00 30 momentum.assemble [region]
|               |-> 9.63e-01 sec 0.7% 0.0% 0.0% 0.0% 0.00e+00 30 neoSimpleFoam.momentumPredictor [region]
|                   |-> 9.63e-01 sec 0.7% 0.0% 0.0% 0.0% 0.00e+00 30 neoSimpleFoam.timeStep [region]
|-> 7.22e-01 sec 0.5% 100.0% 0.0% ------ 1401 computeGradBoundaryFixedValue [for]
|   |-> 4.34e-01 sec 0.3% 100.0% 0.0% 0.0% 0.00e+00 660 assemble.spatialImplicit [region]
|   |   |-> 4.23e-01 sec 0.3% 100.0% 0.0% 0.0% 0.00e+00 630 neoSimpleFoam.turbulenceCorrect [region]
|   |   |   |-> 4.23e-01 sec 0.3% 100.0% 0.0% 0.0% 0.00e+00 630 neoSimpleFoam.timeStep [region]
|   |-> 2.25e-01 sec 0.2% 100.0% 0.0% 0.0% 0.00e+00 630 neoSimpleFoam.turbulenceCorrect [region]
|   |   |-> 2.25e-01 sec 0.2% 100.0% 0.0% 0.0% 0.00e+00 630 neoSimpleFoam.timeStep [region]
|-> 6.93e-01 sec 0.5% 0.0% 0.0% 0.0% 0.00e+00 120 assemble.spatialImplicit [region]
|   |-> 4.71e-01 sec 0.3% 0.0% 0.0% 0.0% 0.00e+00 60 neoSimpleFoam.turbulenceCorrect [region]
|   |   |-> 4.71e-01 sec 0.3% 0.0% 0.0% 0.0% 0.00e+00 60 neoSimpleFoam.timeStep [region]
|   |-> 2.21e-01 sec 0.2% 0.0% 0.0% 0.0% 0.00e+00 30 neoSimpleFoam.pressureCorrector.pEqn [region]
|   |   |-> 2.21e-01 sec 0.2% 0.0% 0.0% 0.0% 0.00e+00 30 neoSimpleFoam.pressureCorrector [region]
|   |       |-> 2.21e-01 sec 0.2% 0.0% 0.0% 0.0% 0.00e+00 30 neoSimpleFoam.timeStep [region]
|-> 6.22e-01 sec 0.4% 100.0% 0.0% ------ 4954 setGradientValue [for]
|   |-> 2.05e-01 sec 0.1% 100.0% 0.0% 0.0% 0.00e+00 1590 neoSimpleFoam.turbulenceCorrect [region]
|   |   |-> 2.05e-01 sec 0.1% 100.0% 0.0% 0.0% 0.00e+00 1590 neoSimpleFoam.timeStep [region]
|   |-> 2.02e-01 sec 0.1% 100.0% 0.0% 0.0% 0.00e+00 1590 neoSimpleFoam.pressureCorrector [region]
|   |   |-> 2.02e-01 sec 0.1% 100.0% 0.0% 0.0% 0.00e+00 1590 neoSimpleFoam.timeStep [region]
|   |-> 1.93e-01 sec 0.1% 100.0% 0.0% 0.0% 0.00e+00 1560 neoSimpleFoam.pressureCorrector.pEqn [region]
|   |   |-> 1.93e-01 sec 0.1% 100.0% 0.0% 0.0% 0.00e+00 1560 neoSimpleFoam.pressureCorrector [region]
|   |       |-> 1.93e-01 sec 0.1% 100.0% 0.0% 0.0% 0.00e+00 1560 neoSimpleFoam.timeStep [region]
|-> 5.53e-01 sec 0.4% 100.0% 0.0% ------ 554 computeLinearInterpolationInternal [for]
|   |-> 2.05e-01 sec 0.1% 100.0% 0.0% 0.0% 0.00e+00 218 neoSimpleFoam.turbulenceCorrect [region]
|   |   |-> 2.05e-01 sec 0.1% 100.0% 0.0% 0.0% 0.00e+00 218 neoSimpleFoam.timeStep [region]
|   |-> 1.54e-01 sec 0.1% 100.0% 0.0% 0.0% 0.00e+00 150 neoSimpleFoam.pressureCorrector [region]
|   |   |-> 1.54e-01 sec 0.1% 100.0% 0.0% 0.0% 0.00e+00 150 neoSimpleFoam.timeStep [region]
|-> 4.41e-01 sec 0.3% 100.0% 0.0% ------ 90 computeLocalGaussGreenDivLaplacianCoefficients [for]
|   |-> 2.68e-01 sec 0.2% 100.0% 0.0% 0.0% 0.00e+00 60 assemble.spatialImplicit [region]
|   |   |-> 2.68e-01 sec 0.2% 100.0% 0.0% 0.0% 0.00e+00 60 neoSimpleFoam.turbulenceCorrect [region]
|   |       |-> 2.68e-01 sec 0.2% 100.0% 0.0% 0.0% 0.00e+00 60 neoSimpleFoam.timeStep [region]
|   |-> 1.73e-01 sec 0.1% 100.0% 0.0% 0.0% 0.00e+00 30 divlap.matrixCoeffs [region]
|       |-> 1.73e-01 sec 0.1% 100.0% 0.0% 0.0% 0.00e+00 30 assemble.spatialImplicit [region]
|           |-> 1.73e-01 sec 0.1% 100.0% 0.0% 0.0% 0.00e+00 30 momentum.assemble [region]
|               |-> 1.73e-01 sec 0.1% 100.0% 0.0% 0.0% 0.00e+00 30 neoSimpleFoam.momentumPredictor [region]
|                   |-> 1.73e-01 sec 0.1% 100.0% 0.0% 0.0% 0.00e+00 30 neoSimpleFoam.timeStep [region]
|-> 4.29e-01 sec 0.3% 0.0% 0.0% 0.0% 0.00e+00 150 assemble.explicitSource [region]
|   |-> 2.53e-01 sec 0.2% 0.0% 0.0% 0.0% 0.00e+00 30 momentum.assemble [region]
|   |   |-> 2.53e-01 sec 0.2% 0.0% 0.0% 0.0% 0.00e+00 30 neoSimpleFoam.momentumPredictor [region]
|   |       |-> 2.53e-01 sec 0.2% 0.0% 0.0% 0.0% 0.00e+00 30 neoSimpleFoam.timeStep [region]
|-> 3.94e-01 sec 0.3% 100.0% 0.0% ------ 120 computeLaplacianImplicitCorrection [for]
|   |-> 2.91e-01 sec 0.2% 100.0% 0.0% 0.0% 0.00e+00 30 divlap.nonOrthCorr [region]
|   |   |-> 2.91e-01 sec 0.2% 100.0% 0.0% 0.0% 0.00e+00 30 assemble.spatialImplicit [region]
|   |       |-> 2.91e-01 sec 0.2% 100.0% 0.0% 0.0% 0.00e+00 30 momentum.assemble [region]
|   |           |-> 2.91e-01 sec 0.2% 100.0% 0.0% 0.0% 0.00e+00 30 neoSimpleFoam.momentumPredictor [region]
|   |               |-> 2.91e-01 sec 0.2% 100.0% 0.0% 0.0% 0.00e+00 30 neoSimpleFoam.timeStep [region]
|-> 3.91e-01 sec 0.3% 100.0% 0.0% ------ 1302 updateProcBoundaryOwnerValue [for]
|   |-> 2.18e-01 sec 0.2% 100.0% 0.0% 0.0% 0.00e+00 720 neoSimpleFoam.pressureCorrector [region]
|   |   |-> 2.18e-01 sec 0.2% 100.0% 0.0% 0.0% 0.00e+00 720 neoSimpleFoam.timeStep [region]
|-> 3.78e-01 sec 0.3% 100.0% 0.0% ------ 30 addDivCorrectionToRhs [for]
|   |-> 3.78e-01 sec 0.3% 100.0% 0.0% 0.0% 0.00e+00 30 divlap.deferredCorr [region]
|       |-> 3.78e-01 sec 0.3% 100.0% 0.0% 0.0% 0.00e+00 30 assemble.spatialImplicit [region]
|           |-> 3.78e-01 sec 0.3% 100.0% 0.0% 0.0% 0.00e+00 30 momentum.assemble [region]
|               |-> 3.78e-01 sec 0.3% 100.0% 0.0% 0.0% 0.00e+00 30 neoSimpleFoam.momentumPredictor [region]
|                   |-> 3.78e-01 sec 0.3% 100.0% 0.0% 0.0% 0.00e+00 30 neoSimpleFoam.timeStep [region]
|-> 3.44e-01 sec 0.2% 0.0% 0.0% 0.0% 0.00e+00 120 ginkgo.createMtx [region]
|   |-> 1.76e-01 sec 0.1% 0.0% 0.0% 0.0% 0.00e+00 60 neoSimpleFoam.turbulenceCorrect [region]
|   |   |-> 1.76e-01 sec 0.1% 0.0% 0.0% 0.0% 0.00e+00 60 neoSimpleFoam.timeStep [region]
|-> 3.03e-01 sec 0.2% 0.0% 0.0% 0.0% 0.00e+00 30 divlap.nonOrthCorr [region]
|   |-> 3.03e-01 sec 0.2% 0.0% 0.0% 0.0% 0.00e+00 30 assemble.spatialImplicit [region]
|       |-> 3.03e-01 sec 0.2% 0.0% 0.0% 0.0% 0.00e+00 30 momentum.assemble [region]
|           |-> 3.03e-01 sec 0.2% 0.0% 0.0% 0.0% 0.00e+00 30 neoSimpleFoam.momentumPredictor [region]
|               |-> 3.03e-01 sec 0.2% 0.0% 0.0% 0.0% 0.00e+00 30 neoSimpleFoam.timeStep [region]
|-> 2.82e-01 sec 0.2% 100.0% 0.0% ------ 554 computeLinearInterpolationBoundary [for]
|-> 2.75e-01 sec 0.2% 100.0% 0.0% ------ 91 computeGradTensorCells [for]
|-> 2.63e-01 sec 0.2% 100.0% 0.0% ------ 858 setProcBoundaryCoefficients [for]
|   |-> 1.70e-01 sec 0.1% 100.0% 0.0% 0.0% 0.00e+00 540 neoSimpleFoam.pressureCorrector [region]
|   |   |-> 1.70e-01 sec 0.1% 100.0% 0.0% 0.0% 0.00e+00 540 neoSimpleFoam.timeStep [region]
|-> 2.62e-01 sec 0.2% 100.0% 0.0% ------ 272 computeGradBoundary [for]
|-> 2.53e-01 sec 0.2% 100.0% 0.0% ------ 272 computeGradCells [for]
|-> 2.45e-01 sec 0.2% 100.0% 0.0% ------ 554 computeLinearInterpolationProcBoundary [for]
|-> 2.32e-01 sec 0.2% 100.0% 0.0% ------ 755 setFixedValueVolume [for]
|   |-> 2.18e-01 sec 0.2% 100.0% 0.0% 0.0% 0.00e+00 660 neoSimpleFoam.pressureCorrector [region]
|   |   |-> 2.18e-01 sec 0.2% 100.0% 0.0% 0.0% 0.00e+00 660 neoSimpleFoam.timeStep [region]
|-> 2.16e-01 sec 0.2% 100.0% 0.0% ------ 1581 setNutUSpaldingWallFunction [for]
|   |-> 2.08e-01 sec 0.1% 100.0% 0.0% 0.0% 0.00e+00 1530 neoSimpleFoam.turbulenceCorrect [region]
|   |   |-> 2.08e-01 sec 0.1% 100.0% 0.0% 0.0% 0.00e+00 1530 neoSimpleFoam.timeStep [region]
|-> 2.08e-01 sec 0.1% 100.0% 0.0% ------ 1530 kOmegaSST::omegaWFGFeedback [for]
|   |-> 2.08e-01 sec 0.1% 100.0% 0.0% 0.0% 0.00e+00 1530 neoSimpleFoam.turbulenceCorrect [region]
|       |-> 2.08e-01 sec 0.1% 100.0% 0.0% 0.0% 0.00e+00 1530 neoSimpleFoam.timeStep [region]
|-> 2.00e-01 sec 0.1% 100.0% 0.0% ------ 90 BoundedDiv::applyBoundedDiagInternal [for]
|-> 1.92e-01 sec 0.1% 100.0% 0.0% ------ 1530 setOmegaWallFunction [for]
|   |-> 1.92e-01 sec 0.1% 100.0% 0.0% 0.0% 0.00e+00 1530 neoSimpleFoam.turbulenceCorrect [region]
|       |-> 1.92e-01 sec 0.1% 100.0% 0.0% 0.0% 0.00e+00 1530 neoSimpleFoam.timeStep [region]
|-> 1.84e-01 sec 0.1% 100.0% 0.0% ------ 432 setContainer [for]
|-> 1.80e-01 sec 0.1% 100.0% 0.0% ------ 272 computeProcGradBoundary [for]
|-> 1.64e-01 sec 0.1% 100.0% 0.0% ------ 30 computeLocalLaplacianCoefficients [for]
|   |-> 1.64e-01 sec 0.1% 100.0% 0.0% 0.0% 0.00e+00 30 assemble.spatialImplicit [region]
|       |-> 1.64e-01 sec 0.1% 100.0% 0.0% 0.0% 0.00e+00 30 neoSimpleFoam.pressureCorrector.pEqn [region]
|           |-> 1.64e-01 sec 0.1% 100.0% 0.0% 0.0% 0.00e+00 30 neoSimpleFoam.pressureCorrector [region]
|               |-> 1.64e-01 sec 0.1% 100.0% 0.0% 0.0% 0.00e+00 30 neoSimpleFoam.timeStep [region]

KOKKOS HOST SPACE:
===================
MAX MEMORY ALLOCATED: 1287083.0 kB
ALLOCATIONS AT TIME OF HIGH WATER MARK:
  29.9% neoSimpleFoam.timeStep/neoSimpleFoam.momentumPredictor/momentum.assemble/assemble.spatialImplicit/divlap.deferredCorr/luw.gradOpCtor/Vector
  29.9% neoSimpleFoam.timeStep/neoSimpleFoam.momentumPredictor/momentum.assemble/assemble.spatialImplicit/divlap.deferredCorr/luw.gradOpCtor/Vector
  15.4% neoSimpleFoam.timeStep/neoSimpleFoam.momentumPredictor/momentum.assemble/assemble.spatialImplicit/divlap.deferredCorr/luw.gradOpCtor/Vector
  14.9% neoSimpleFoam.timeStep/neoSimpleFoam.momentumPredictor/momentum.assemble/assemble.spatialImplicit/divlap.deferredCorr/luw.gradOpCtor/Vector
  5.0% neoSimpleFoam.timeStep/neoSimpleFoam.momentumPredictor/momentum.assemble/assemble.spatialImplicit/divlap.deferredCorr/luw.gradOpCtor/Vector
  5.0% neoSimpleFoam.timeStep/neoSimpleFoam.momentumPredictor/momentum.assemble/assemble.spatialImplicit/divlap.deferredCorr/luw.gradOpCtor/Vector

KOKKOS CUDA SPACE:
===================
MAX MEMORY ALLOCATED: 0.0 kB
ALLOCATIONS AT TIME OF HIGH WATER MARK:

KOKKOS HIP SPACE:
===================
MAX MEMORY ALLOCATED: 0.0 kB
ALLOCATIONS AT TIME OF HIGH WATER MARK:

KOKKOS SYCL SPACE:
===================
MAX MEMORY ALLOCATED: 0.0 kB
ALLOCATIONS AT TIME OF HIGH WATER MARK:

KOKKOS OpenMPTarget SPACE:
===================
MAX MEMORY ALLOCATED: 0.0 kB
ALLOCATIONS AT TIME OF HIGH WATER MARK:

Host process high water mark memory consumption: 14428372 kB

END KOKKOS PROFILING REPORT.

BEGIN KOKKOS PROFILING REPORT:
TOTAL TIME: 143.282078996 seconds
TOP-DOWN TIME TREE:
<average time> <percent of total time> <percent time in Kokkos> <percent MPI imbalance> <remainder> <kernels per second> <number of calls> <name> [type]
===================
|-> 1.07e+02 sec 74.5% 7.2% 0.0% 0.0% 5.16e+02 30 neoSimpleFoam.timeStep [region]
|   |-> 6.46e+01 sec 45.1% 3.0% 0.0% 16.9% 4.25e+02 30 neoSimpleFoam.pressureCorrector [region]
|   |   |-> 5.23e+01 sec 36.5% 1.1% 0.0% 83.2% 8.86e+01 30 neoSimpleFoam.pressureCorrector.pEqn [region]
|   |   |   |-> 8.09e+00 sec 5.6% 0.0% 0.0% 100.0% 0.00e+00 30 ginkgo.solverSetup [region]
|   |   |   |-> 4.87e-01 sec 0.3% 92.0% 0.0% 8.0% 4.69e+03 30 assemble.spatialImplicit [region]
|   |   |   |   |-> 2.41e-01 sec 0.2% 100.0% 0.0% ------ 30 computeGradInternal [for]
|   |   |-> 7.22e-01 sec 0.5% 100.0% 0.0% ------ 90 computeGradInternal [for]
|   |   |-> 1.81e-01 sec 0.1% 100.0% 0.0% ------ 3420 fill [for]
|   |-> 2.17e+01 sec 15.2% 14.3% 0.0% 47.1% 3.12e+02 30 neoSimpleFoam.momentumPredictor [region]
|   |   |-> 8.91e+00 sec 6.2% 31.0% 0.0% 0.0% 6.94e+02 30 momentum.assemble [region]
|   |   |   |-> 8.48e+00 sec 5.9% 28.0% 0.0% 0.0% 6.09e+02 30 assemble.spatialImplicit [region]
|   |   |   |   |-> 7.30e+00 sec 5.1% 17.6% 0.0% 0.3% 3.83e+02 30 divlap.deferredCorr [region]
|   |   |   |   |   |-> 4.61e+00 sec 3.2% 1.1% 0.0% 98.9% 5.86e+01 30 luw.applyCorr [region]
|   |   |   |   |   |-> 1.40e+00 sec 1.0% 1.4% 0.0% 98.6% 2.15e+00 30 luw.gradOpCtor [region]
|   |   |   |   |   |-> 7.78e-01 sec 0.5% 96.3% 0.0% 0.0% 2.66e+03 30 luw.gradCompute [region]
|   |   |   |   |   |   |-> 5.71e-01 sec 0.4% 95.1% 0.0% 4.9% 3.05e+03 30 clg.baseGrad [region]
|   |   |   |   |   |   |   |-> 3.41e-01 sec 0.2% 100.0% 0.0% ------ 30 computeGradTensorInternal [for]
|   |   |   |   |   |   |-> 2.07e-01 sec 0.1% 99.5% 0.0% 0.5% 1.59e+03 30 clg.limiter [region]
|   |   |   |   |   |-> 2.88e-01 sec 0.2% 100.0% 0.0% ------ 30 addDivCorrectionToRhs [for]
|   |   |   |   |   |-> 1.76e-01 sec 0.1% 84.7% 0.0% 15.3% 1.19e+03 30 luw.gradAlloc [region]
|   |   |   |   |   |   |-> 1.49e-01 sec 0.1% 100.0% 0.0% ------ 210 fill [for]
|   |   |   |   |-> 1.03e+00 sec 0.7% 91.9% 0.0% 8.1% 2.12e+03 30 divlap.nonOrthCorr [region]
|   |   |   |   |   |-> 3.41e-01 sec 0.2% 100.0% 0.0% ------ 30 computeGradTensorInternal [for]
|   |   |   |   |   |-> 2.54e-01 sec 0.2% 100.0% 0.0% ------ 30 computeLaplacianImplicitCorrection [for]
|   |   |   |   |   |-> 2.04e-01 sec 0.1% 100.0% 0.0% ------ 601 fill [for]
|   |   |   |-> 3.77e-01 sec 0.3% 87.4% 0.0% 12.6% 2.23e+03 30 assemble.explicitSource [region]
|   |   |-> 1.98e+00 sec 1.4% 1.2% 0.0% 98.8% 1.37e+01 30 momentum.construct [region]
|   |   |-> 3.37e-01 sec 0.2% 94.5% 0.0% 5.5% 1.52e+03 30 assemble.explicitSource [region]
|   |   |   |-> 2.40e-01 sec 0.2% 100.0% 0.0% ------ 30 computeGradInternal [for]
|   |-> 1.80e+01 sec 12.6% 14.3% 0.0% 82.3% 1.16e+03 30 neoSimpleFoam.turbulenceCorrect [region]
|   |   |-> 1.12e+00 sec 0.8% 92.2% 0.0% 7.8% 4.30e+03 60 assemble.spatialImplicit [region]
|   |   |   |-> 4.81e-01 sec 0.3% 100.0% 0.0% ------ 60 computeGradInternal [for]
|   |   |   |-> 1.56e-01 sec 0.1% 100.0% 0.0% ------ 60 computeLocalGaussGreenDivLaplacianCoefficients [for]
|   |   |-> 4.81e-01 sec 0.3% 100.0% 0.0% ------ 60 computeGradInternal [for]
|   |   |-> 3.41e-01 sec 0.2% 100.0% 0.0% ------ 30 computeGradTensorInternal [for]
|   |   |-> 2.90e-01 sec 0.2% 0.3% 0.0% 99.7% 2.41e+02 60 ginkgo.createMtx [region]
|   |   |-> 2.31e-01 sec 0.2% 0.0% 0.0% 100.0% 0.00e+00 60 ginkgo.solverSetup [region]
|   |   |-> 1.81e-01 sec 0.1% 100.0% 0.0% ------ 1316 fill [for]
|   |-> 2.42e+00 sec 1.7% 0.0% 0.0% 100.0% 0.00e+00 30 neoSimpleFoam.write [region]
|-> 3.39e+01 sec 23.7% 0.2% 0.0% 99.8% 2.95e+01 1 neoSimpleFoam.setup [region]

BOTTOM-UP TIME TREE:
<average time> <percent of total time> <percent time in Kokkos> <percent MPI imbalance> <number of calls> <name> [type]
===================
|-> 4.35e+01 sec 30.4% 0.0% 0.0% 0.0% 0.00e+00 30 neoSimpleFoam.pressureCorrector.pEqn [region]
|   |-> 4.35e+01 sec 30.4% 0.0% 0.0% 0.0% 0.00e+00 30 neoSimpleFoam.pressureCorrector [region]
|       |-> 4.35e+01 sec 30.4% 0.0% 0.0% 0.0% 0.00e+00 30 neoSimpleFoam.timeStep [region]
|-> 3.38e+01 sec 23.6% 0.0% 0.0% 0.0% 0.00e+00 1 neoSimpleFoam.setup [region]
|-> 1.48e+01 sec 10.3% 0.0% 0.0% 0.0% 0.00e+00 30 neoSimpleFoam.turbulenceCorrect [region]
|   |-> 1.48e+01 sec 10.3% 0.0% 0.0% 0.0% 0.00e+00 30 neoSimpleFoam.timeStep [region]
|-> 1.09e+01 sec 7.6% 0.0% 0.0% 0.0% 0.00e+00 30 neoSimpleFoam.pressureCorrector [region]
|   |-> 1.09e+01 sec 7.6% 0.0% 0.0% 0.0% 0.00e+00 30 neoSimpleFoam.timeStep [region]
|-> 1.02e+01 sec 7.1% 0.0% 0.0% 0.0% 0.00e+00 30 neoSimpleFoam.momentumPredictor [region]
|   |-> 1.02e+01 sec 7.1% 0.0% 0.0% 0.0% 0.00e+00 30 neoSimpleFoam.timeStep [region]
|-> 8.44e+00 sec 5.9% 0.0% 0.0% 0.0% 0.00e+00 120 ginkgo.solverSetup [region]
|   |-> 8.09e+00 sec 5.6% 0.0% 0.0% 0.0% 0.00e+00 30 neoSimpleFoam.pressureCorrector.pEqn [region]
|   |   |-> 8.09e+00 sec 5.6% 0.0% 0.0% 0.0% 0.00e+00 30 neoSimpleFoam.pressureCorrector [region]
|   |       |-> 8.09e+00 sec 5.6% 0.0% 0.0% 0.0% 0.00e+00 30 neoSimpleFoam.timeStep [region]
|   |-> 2.31e-01 sec 0.2% 0.0% 0.0% 0.0% 0.00e+00 60 neoSimpleFoam.turbulenceCorrect [region]
|   |   |-> 2.31e-01 sec 0.2% 0.0% 0.0% 0.0% 0.00e+00 60 neoSimpleFoam.timeStep [region]
|-> 4.56e+00 sec 3.2% 0.0% 0.0% 0.0% 0.00e+00 30 luw.applyCorr [region]
|   |-> 4.56e+00 sec 3.2% 0.0% 0.0% 0.0% 0.00e+00 30 divlap.deferredCorr [region]
|       |-> 4.56e+00 sec 3.2% 0.0% 0.0% 0.0% 0.00e+00 30 assemble.spatialImplicit [region]
|           |-> 4.56e+00 sec 3.2% 0.0% 0.0% 0.0% 0.00e+00 30 momentum.assemble [region]
|               |-> 4.56e+00 sec 3.2% 0.0% 0.0% 0.0% 0.00e+00 30 neoSimpleFoam.momentumPredictor [region]
|                   |-> 4.56e+00 sec 3.2% 0.0% 0.0% 0.0% 0.00e+00 30 neoSimpleFoam.timeStep [region]
|-> 2.42e+00 sec 1.7% 0.0% 0.0% 0.0% 0.00e+00 30 neoSimpleFoam.write [region]
|   |-> 2.42e+00 sec 1.7% 0.0% 0.0% 0.0% 0.00e+00 30 neoSimpleFoam.timeStep [region]
|-> 2.18e+00 sec 1.5% 100.0% 0.0% ------ 272 computeGradInternal [for]
|   |-> 7.22e-01 sec 0.5% 100.0% 0.0% 0.0% 0.00e+00 90 neoSimpleFoam.pressureCorrector [region]
|   |   |-> 7.22e-01 sec 0.5% 100.0% 0.0% 0.0% 0.00e+00 90 neoSimpleFoam.timeStep [region]
|   |-> 7.22e-01 sec 0.5% 100.0% 0.0% 0.0% 0.00e+00 90 assemble.spatialImplicit [region]
|   |   |-> 4.81e-01 sec 0.3% 100.0% 0.0% 0.0% 0.00e+00 60 neoSimpleFoam.turbulenceCorrect [region]
|   |   |   |-> 4.81e-01 sec 0.3% 100.0% 0.0% 0.0% 0.00e+00 60 neoSimpleFoam.timeStep [region]
|   |   |-> 2.41e-01 sec 0.2% 100.0% 0.0% 0.0% 0.00e+00 30 neoSimpleFoam.pressureCorrector.pEqn [region]
|   |       |-> 2.41e-01 sec 0.2% 100.0% 0.0% 0.0% 0.00e+00 30 neoSimpleFoam.pressureCorrector [region]
|   |           |-> 2.41e-01 sec 0.2% 100.0% 0.0% 0.0% 0.00e+00 30 neoSimpleFoam.timeStep [region]
|   |-> 4.81e-01 sec 0.3% 100.0% 0.0% 0.0% 0.00e+00 60 neoSimpleFoam.turbulenceCorrect [region]
|   |   |-> 4.81e-01 sec 0.3% 100.0% 0.0% 0.0% 0.00e+00 60 neoSimpleFoam.timeStep [region]
|   |-> 2.40e-01 sec 0.2% 100.0% 0.0% 0.0% 0.00e+00 30 assemble.explicitSource [region]
|   |   |-> 2.40e-01 sec 0.2% 100.0% 0.0% 0.0% 0.00e+00 30 neoSimpleFoam.momentumPredictor [region]
|   |       |-> 2.40e-01 sec 0.2% 100.0% 0.0% 0.0% 0.00e+00 30 neoSimpleFoam.timeStep [region]
|-> 1.95e+00 sec 1.4% 0.0% 0.0% 0.0% 0.00e+00 30 momentum.construct [region]
|   |-> 1.95e+00 sec 1.4% 0.0% 0.0% 0.0% 0.00e+00 30 neoSimpleFoam.momentumPredictor [region]
|       |-> 1.95e+00 sec 1.4% 0.0% 0.0% 0.0% 0.00e+00 30 neoSimpleFoam.timeStep [region]
|-> 1.38e+00 sec 1.0% 0.0% 0.0% 0.0% 0.00e+00 30 luw.gradOpCtor [region]
|   |-> 1.38e+00 sec 1.0% 0.0% 0.0% 0.0% 0.00e+00 30 divlap.deferredCorr [region]
|       |-> 1.38e+00 sec 1.0% 0.0% 0.0% 0.0% 0.00e+00 30 assemble.spatialImplicit [region]
|           |-> 1.38e+00 sec 1.0% 0.0% 0.0% 0.0% 0.00e+00 30 momentum.assemble [region]
|               |-> 1.38e+00 sec 1.0% 0.0% 0.0% 0.0% 0.00e+00 30 neoSimpleFoam.momentumPredictor [region]
|                   |-> 1.38e+00 sec 1.0% 0.0% 0.0% 0.0% 0.00e+00 30 neoSimpleFoam.timeStep [region]
|-> 1.20e+00 sec 0.8% 100.0% 0.0% ------ 9369 fill [for]
|   |-> 2.04e-01 sec 0.1% 100.0% 0.0% 0.0% 0.00e+00 601 divlap.nonOrthCorr [region]
|   |   |-> 2.04e-01 sec 0.1% 100.0% 0.0% 0.0% 0.00e+00 601 assemble.spatialImplicit [region]
|   |       |-> 2.04e-01 sec 0.1% 100.0% 0.0% 0.0% 0.00e+00 601 momentum.assemble [region]
|   |           |-> 2.04e-01 sec 0.1% 100.0% 0.0% 0.0% 0.00e+00 601 neoSimpleFoam.momentumPredictor [region]
|   |               |-> 2.04e-01 sec 0.1% 100.0% 0.0% 0.0% 0.00e+00 601 neoSimpleFoam.timeStep [region]
|   |-> 1.81e-01 sec 0.1% 100.0% 0.0% 0.0% 0.00e+00 1316 neoSimpleFoam.turbulenceCorrect [region]
|   |   |-> 1.81e-01 sec 0.1% 100.0% 0.0% 0.0% 0.00e+00 1316 neoSimpleFoam.timeStep [region]
|   |-> 1.81e-01 sec 0.1% 100.0% 0.0% 0.0% 0.00e+00 3420 neoSimpleFoam.pressureCorrector [region]
|   |   |-> 1.81e-01 sec 0.1% 100.0% 0.0% 0.0% 0.00e+00 3420 neoSimpleFoam.timeStep [region]
|   |-> 1.49e-01 sec 0.1% 100.0% 0.0% 0.0% 0.00e+00 210 luw.gradAlloc [region]
|   |   |-> 1.49e-01 sec 0.1% 100.0% 0.0% 0.0% 0.00e+00 210 divlap.deferredCorr [region]
|   |       |-> 1.49e-01 sec 0.1% 100.0% 0.0% 0.0% 0.00e+00 210 assemble.spatialImplicit [region]
|   |           |-> 1.49e-01 sec 0.1% 100.0% 0.0% 0.0% 0.00e+00 210 momentum.assemble [region]
|   |               |-> 1.49e-01 sec 0.1% 100.0% 0.0% 0.0% 0.00e+00 210 neoSimpleFoam.momentumPredictor [region]
|   |                   |-> 1.49e-01 sec 0.1% 100.0% 0.0% 0.0% 0.00e+00 210 neoSimpleFoam.timeStep [region]
|   |-> 1.47e-01 sec 0.1% 100.0% 0.0% 0.0% 0.00e+00 780 assemble.explicitSource [region]
|-> 1.03e+00 sec 0.7% 100.0% 0.0% ------ 91 computeGradTensorInternal [for]
|   |-> 3.41e-01 sec 0.2% 100.0% 0.0% 0.0% 0.00e+00 30 divlap.nonOrthCorr [region]
|   |   |-> 3.41e-01 sec 0.2% 100.0% 0.0% 0.0% 0.00e+00 30 assemble.spatialImplicit [region]
|   |       |-> 3.41e-01 sec 0.2% 100.0% 0.0% 0.0% 0.00e+00 30 momentum.assemble [region]
|   |           |-> 3.41e-01 sec 0.2% 100.0% 0.0% 0.0% 0.00e+00 30 neoSimpleFoam.momentumPredictor [region]
|   |               |-> 3.41e-01 sec 0.2% 100.0% 0.0% 0.0% 0.00e+00 30 neoSimpleFoam.timeStep [region]
|   |-> 3.41e-01 sec 0.2% 100.0% 0.0% 0.0% 0.00e+00 30 neoSimpleFoam.turbulenceCorrect [region]
|   |   |-> 3.41e-01 sec 0.2% 100.0% 0.0% 0.0% 0.00e+00 30 neoSimpleFoam.timeStep [region]
|   |-> 3.41e-01 sec 0.2% 100.0% 0.0% 0.0% 0.00e+00 30 clg.baseGrad [region]
|   |   |-> 3.41e-01 sec 0.2% 100.0% 0.0% 0.0% 0.00e+00 30 luw.gradCompute [region]
|   |       |-> 3.41e-01 sec 0.2% 100.0% 0.0% 0.0% 0.00e+00 30 divlap.deferredCorr [region]
|   |           |-> 3.41e-01 sec 0.2% 100.0% 0.0% 0.0% 0.00e+00 30 assemble.spatialImplicit [region]
|   |               |-> 3.41e-01 sec 0.2% 100.0% 0.0% 0.0% 0.00e+00 30 momentum.assemble [region]
|   |                   |-> 3.41e-01 sec 0.2% 100.0% 0.0% 0.0% 0.00e+00 30 neoSimpleFoam.momentumPredictor [region]
|   |                       |-> 3.41e-01 sec 0.2% 100.0% 0.0% 0.0% 0.00e+00 30 neoSimpleFoam.timeStep [region]
|-> 5.48e-01 sec 0.4% 0.0% 0.0% 0.0% 0.00e+00 120 ginkgo.createMtx [region]
|   |-> 2.89e-01 sec 0.2% 0.0% 0.0% 0.0% 0.00e+00 60 neoSimpleFoam.turbulenceCorrect [region]
|   |   |-> 2.89e-01 sec 0.2% 0.0% 0.0% 0.0% 0.00e+00 60 neoSimpleFoam.timeStep [region]
|-> 3.27e-01 sec 0.2% 100.0% 0.0% ------ 120 computeLaplacianImplicitCorrection [for]
|   |-> 2.54e-01 sec 0.2% 100.0% 0.0% 0.0% 0.00e+00 30 divlap.nonOrthCorr [region]
|   |   |-> 2.54e-01 sec 0.2% 100.0% 0.0% 0.0% 0.00e+00 30 assemble.spatialImplicit [region]
|   |       |-> 2.54e-01 sec 0.2% 100.0% 0.0% 0.0% 0.00e+00 30 momentum.assemble [region]
|   |           |-> 2.54e-01 sec 0.2% 100.0% 0.0% 0.0% 0.00e+00 30 neoSimpleFoam.momentumPredictor [region]
|   |               |-> 2.54e-01 sec 0.2% 100.0% 0.0% 0.0% 0.00e+00 30 neoSimpleFoam.timeStep [region]
|-> 2.88e-01 sec 0.2% 100.0% 0.0% ------ 30 addDivCorrectionToRhs [for]
|   |-> 2.88e-01 sec 0.2% 100.0% 0.0% 0.0% 0.00e+00 30 divlap.deferredCorr [region]
|       |-> 2.88e-01 sec 0.2% 100.0% 0.0% 0.0% 0.00e+00 30 assemble.spatialImplicit [region]
|           |-> 2.88e-01 sec 0.2% 100.0% 0.0% 0.0% 0.00e+00 30 momentum.assemble [region]
|               |-> 2.88e-01 sec 0.2% 100.0% 0.0% 0.0% 0.00e+00 30 neoSimpleFoam.momentumPredictor [region]
|                   |-> 2.88e-01 sec 0.2% 100.0% 0.0% 0.0% 0.00e+00 30 neoSimpleFoam.timeStep [region]
|-> 2.57e-01 sec 0.2% 100.0% 0.0% ------ 554 computeLinearInterpolationInternal [for]
|-> 2.35e-01 sec 0.2% 100.0% 0.0% ------ 90 computeLocalGaussGreenDivLaplacianCoefficients [for]
|   |-> 1.56e-01 sec 0.1% 100.0% 0.0% 0.0% 0.00e+00 60 assemble.spatialImplicit [region]
|   |   |-> 1.56e-01 sec 0.1% 100.0% 0.0% 0.0% 0.00e+00 60 neoSimpleFoam.turbulenceCorrect [region]
|   |       |-> 1.56e-01 sec 0.1% 100.0% 0.0% 0.0% 0.00e+00 60 neoSimpleFoam.timeStep [region]
|-> 1.99e-01 sec 0.1% 100.0% 0.0% ------ 2668 parallelFor [for]
|-> 1.73e-01 sec 0.1% 100.0% 0.0% ------ 91 computeGradTensorCells [for]

KOKKOS HOST SPACE:
===================
MAX MEMORY ALLOCATED: 1290732.5 kB
ALLOCATIONS AT TIME OF HIGH WATER MARK:
  29.9% neoSimpleFoam.timeStep/neoSimpleFoam.momentumPredictor/momentum.assemble/assemble.spatialImplicit/divlap.deferredCorr/luw.gradOpCtor/Vector
  29.9% neoSimpleFoam.timeStep/neoSimpleFoam.momentumPredictor/momentum.assemble/assemble.spatialImplicit/divlap.deferredCorr/luw.gradOpCtor/Vector
  15.5% neoSimpleFoam.timeStep/neoSimpleFoam.momentumPredictor/momentum.assemble/assemble.spatialImplicit/divlap.deferredCorr/luw.gradOpCtor/Vector
  14.9% neoSimpleFoam.timeStep/neoSimpleFoam.momentumPredictor/momentum.assemble/assemble.spatialImplicit/divlap.deferredCorr/luw.gradOpCtor/Vector
  4.9% neoSimpleFoam.timeStep/neoSimpleFoam.momentumPredictor/momentum.assemble/assemble.spatialImplicit/divlap.deferredCorr/luw.gradOpCtor/Vector
  4.9% neoSimpleFoam.timeStep/neoSimpleFoam.momentumPredictor/momentum.assemble/assemble.spatialImplicit/divlap.deferredCorr/luw.gradOpCtor/Vector

KOKKOS CUDA SPACE:
===================
MAX MEMORY ALLOCATED: 0.0 kB
ALLOCATIONS AT TIME OF HIGH WATER MARK:

KOKKOS HIP SPACE:
===================
MAX MEMORY ALLOCATED: 0.0 kB
ALLOCATIONS AT TIME OF HIGH WATER MARK:

KOKKOS SYCL SPACE:
===================
MAX MEMORY ALLOCATED: 0.0 kB
ALLOCATIONS AT TIME OF HIGH WATER MARK:

KOKKOS OpenMPTarget SPACE:
===================
MAX MEMORY ALLOCATED: 0.0 kB
ALLOCATIONS AT TIME OF HIGH WATER MARK:

Host process high water mark memory consumption: 14729580 kB

END KOKKOS PROFILING REPORT.
Finalizing NeoN

BEGIN KOKKOS PROFILING REPORT:
TOTAL TIME: 143.32449611 seconds
TOP-DOWN TIME TREE:
<average time> <percent of total time> <percent time in Kokkos> <percent MPI imbalance> <remainder> <kernels per second> <number of calls> <name> [type]
===================
|-> 1.07e+02 sec 74.6% 27.4% 0.0% 0.0% 5.30e+02 30 neoSimpleFoam.timeStep [region]
|   |-> 6.47e+01 sec 45.1% 17.2% 0.0% 5.4% 4.39e+02 30 neoSimpleFoam.pressureCorrector [region]
|   |   |-> 5.24e+01 sec 36.5% 4.4% 0.0% 76.4% 9.03e+01 30 neoSimpleFoam.pressureCorrector.pEqn [region]
|   |   |   |-> 9.75e+00 sec 6.8% 0.0% 0.0% 100.0% 0.00e+00 30 ginkgo.solverSetup [region]
|   |   |   |-> 1.85e+00 sec 1.3% 87.9% 0.0% 12.1% 1.24e+03 30 assemble.spatialImplicit [region]
|   |   |   |   |-> 4.93e-01 sec 0.3% 100.0% 0.0% ------ 30 computeGradInternal [for]
|   |   |   |   |-> 4.84e-01 sec 0.3% 100.0% 0.0% ------ 1320 computeGradBoundaryRefGrad [for]
|   |   |   |   |-> 2.46e-01 sec 0.2% 100.0% 0.0% ------ 601 fill [for]
|   |   |   |   |-> 1.59e-01 sec 0.1% 100.0% 0.0% ------ 30 computeLocalLaplacianCoefficients [for]
|   |   |   |-> 3.56e-01 sec 0.2% 100.0% 0.0% ------ 1560 setGradientValue [for]
|   |   |-> 1.88e+00 sec 1.3% 100.0% 0.0% ------ 8250 extrapolateValue [for]
|   |   |-> 1.40e+00 sec 1.0% 100.0% 0.0% ------ 3660 fill [for]
|   |   |-> 1.33e+00 sec 0.9% 100.0% 0.0% ------ 3960 computeGradBoundaryRefGrad [for]
|   |   |-> 1.29e+00 sec 0.9% 100.0% 0.0% ------ 90 computeGradInternal [for]
|   |   |-> 7.82e-01 sec 0.5% 100.0% 0.0% ------ 2100 parallelFor [for]
|   |   |-> 3.69e-01 sec 0.3% 100.0% 0.0% ------ 1230 setFixedValueVolume [for]
|   |   |-> 3.60e-01 sec 0.3% 100.0% 0.0% ------ 1590 setGradientValue [for]
|   |   |-> 1.86e-01 sec 0.1% 100.0% 0.0% ------ 720 updateProcBoundaryOwnerValue [for]
|   |   |-> 1.67e-01 sec 0.1% 100.0% 0.0% ------ 540 setProcBoundaryCoefficients [for]
|   |   |-> 1.46e-01 sec 0.1% 100.0% 0.0% ------ 90 computeGradBoundary [for]
|   |   |-> 1.44e-01 sec 0.1% 100.0% 0.0% ------ 150 computeLinearInterpolationInternal [for]
|   |-> 2.18e+01 sec 15.2% 36.8% 0.0% 38.9% 3.14e+02 30 neoSimpleFoam.momentumPredictor [region]
|   |   |-> 1.01e+01 sec 7.1% 71.3% 0.0% 0.0% 6.18e+02 30 momentum.assemble [region]
|   |   |   |-> 8.88e+00 sec 6.2% 70.1% 0.0% 0.0% 5.88e+02 30 assemble.spatialImplicit [region]
|   |   |   |   |-> 5.46e+00 sec 3.8% 57.1% 0.0% 3.7% 5.22e+02 30 divlap.deferredCorr [region]
|   |   |   |   |   |-> 2.00e+00 sec 1.4% 95.8% 0.0% 0.0% 1.04e+03 30 luw.gradCompute [region]
|   |   |   |   |   |   |-> 1.68e+00 sec 1.2% 95.1% 0.0% 4.9% 1.03e+03 30 clg.baseGrad [region]
|   |   |   |   |   |   |   |-> 6.39e-01 sec 0.4% 100.0% 0.0% ------ 1320 computeGradTensorBoundaryReconstruct [for]
|   |   |   |   |   |   |   |-> 4.09e-01 sec 0.3% 100.0% 0.0% ------ 30 computeGradTensorInternal [for]
|   |   |   |   |   |   |   |-> 4.06e-01 sec 0.3% 100.0% 0.0% ------ 210 fill [for]
|   |   |   |   |   |   |-> 3.15e-01 sec 0.2% 99.7% 0.0% 0.3% 1.05e+03 30 clg.limiter [region]
|   |   |   |   |   |-> 1.39e+00 sec 1.0% 1.4% 0.0% 98.6% 2.15e+00 30 luw.gradOpCtor [region]
|   |   |   |   |   |-> 8.09e-01 sec 0.6% 39.1% 0.0% 60.9% 4.08e+02 30 luw.applyCorr [region]
|   |   |   |   |   |   |-> 1.57e-01 sec 0.1% 100.0% 0.0% ------ 90 parallelFor [for]
|   |   |   |   |   |-> 4.76e-01 sec 0.3% 60.2% 0.0% 39.8% 4.41e+02 30 luw.gradAlloc [region]
|   |   |   |   |   |   |-> 2.87e-01 sec 0.2% 100.0% 0.0% ------ 210 fill [for]
|   |   |   |   |   |-> 4.42e-01 sec 0.3% 100.0% 0.0% ------ 30 addDivCorrectionToRhs [for]
|   |   |   |   |-> 3.06e+00 sec 2.1% 90.0% 0.0% 10.0% 7.16e+02 30 divlap.nonOrthCorr [region]
|   |   |   |   |   |-> 7.78e-01 sec 0.5% 100.0% 0.0% ------ 1320 computeGradTensorBoundaryReconstruct [for]
|   |   |   |   |   |-> 7.44e-01 sec 0.5% 100.0% 0.0% ------ 30 computeGradTensorInternal [for]
|   |   |   |   |   |-> 6.08e-01 sec 0.4% 100.0% 0.0% ------ 601 fill [for]
|   |   |   |   |   |-> 3.35e-01 sec 0.2% 100.0% 0.0% ------ 30 computeLaplacianImplicitCorrection [for]
|   |   |   |   |-> 2.25e-01 sec 0.2% 99.8% 0.0% 0.2% 4.01e+02 30 divlap.matrixCoeffs [region]
|   |   |   |   |   |-> 1.70e-01 sec 0.1% 100.0% 0.0% ------ 30 computeLocalGaussGreenDivLaplacianCoefficients [for]
|   |   |   |-> 1.08e+00 sec 0.8% 76.8% 0.0% 23.2% 7.75e+02 30 assemble.explicitSource [region]
|   |   |   |   |-> 2.97e-01 sec 0.2% 100.0% 0.0% ------ 420 fill [for]
|   |   |   |   |-> 1.54e-01 sec 0.1% 100.0% 0.0% ------ 180 setContainer [for]
|   |   |   |   |-> 1.54e-01 sec 0.1% 100.0% 0.0% ------ 30 divDevReff::internal [for]
|   |   |-> 1.98e+00 sec 1.4% 1.5% 0.0% 98.5% 1.36e+01 30 momentum.construct [region]
|   |   |-> 9.56e-01 sec 0.7% 78.6% 0.0% 21.4% 5.33e+02 30 assemble.explicitSource [region]
|   |   |   |-> 3.48e-01 sec 0.2% 100.0% 0.0% ------ 30 computeGradInternal [for]
|   |-> 1.80e+01 sec 12.6% 56.4% 0.0% 38.3% 1.19e+03 30 neoSimpleFoam.turbulenceCorrect [region]
|   |   |-> 3.80e+00 sec 2.7% 86.0% 0.0% 14.0% 1.26e+03 60 assemble.spatialImplicit [region]
|   |   |   |-> 7.74e-01 sec 0.5% 100.0% 0.0% ------ 60 computeGradInternal [for]
|   |   |   |-> 7.10e-01 sec 0.5% 100.0% 0.0% ------ 1202 fill [for]
|   |   |   |-> 4.77e-01 sec 0.3% 100.0% 0.0% ------ 1440 computeGradBoundaryRefGrad [for]
|   |   |   |-> 4.28e-01 sec 0.3% 100.0% 0.0% ------ 1200 computeGradBoundaryFixedValue [for]
|   |   |   |-> 2.76e-01 sec 0.2% 100.0% 0.0% ------ 60 computeLocalGaussGreenDivLaplacianCoefficients [for]
|   |   |-> 7.29e-01 sec 0.5% 100.0% 0.0% ------ 1466 fill [for]
|   |   |-> 6.19e-01 sec 0.4% 100.0% 0.0% ------ 60 computeGradInternal [for]
|   |   |-> 6.10e-01 sec 0.4% 100.0% 0.0% ------ 30 computeGradTensorInternal [for]
|   |   |-> 5.47e-01 sec 0.4% 100.0% 0.0% ------ 1440 computeGradBoundaryRefGrad [for]
|   |   |-> 5.32e-01 sec 0.4% 100.0% 0.0% ------ 1200 computeGradBoundaryFixedValue [for]
|   |   |-> 4.80e-01 sec 0.3% 100.0% 0.0% ------ 1530 kOmegaSST::omegaWFGFeedback [for]
|   |   |-> 4.14e-01 sec 0.3% 100.0% 0.0% ------ 1320 computeGradTensorBoundaryReconstruct [for]
|   |   |-> 3.97e-01 sec 0.3% 100.0% 0.0% ------ 1650 extrapolateValue [for]
|   |   |-> 3.69e-01 sec 0.3% 100.0% 0.0% ------ 1530 setNutUSpaldingWallFunction [for]
|   |   |-> 3.47e-01 sec 0.2% 100.0% 0.0% ------ 1530 setOmegaWallFunction [for]
|   |   |-> 3.43e-01 sec 0.2% 100.0% 0.0% ------ 1590 setGradientValue [for]
|   |   |-> 2.39e-01 sec 0.2% 0.0% 0.0% 100.0% 0.00e+00 60 ginkgo.solverSetup [region]
|   |   |-> 1.88e-01 sec 0.1% 100.0% 0.0% ------ 218 computeLinearInterpolationInternal [for]
|   |   |-> 1.73e-01 sec 0.1% 4.0% 0.0% 96.0% 4.05e+02 60 ginkgo.createMtx [region]
|   |-> 2.41e+00 sec 1.7% 0.0% 0.0% 100.0% 0.00e+00 30 neoSimpleFoam.write [region]
|-> 3.39e+01 sec 23.7% 0.9% 0.0% 99.1% 3.11e+01 1 neoSimpleFoam.setup [region]

BOTTOM-UP TIME TREE:
<average time> <percent of total time> <percent time in Kokkos> <percent MPI imbalance> <number of calls> <name> [type]
===================
|-> 4.00e+01 sec 27.9% 0.0% 0.0% 0.0% 0.00e+00 30 neoSimpleFoam.pressureCorrector.pEqn [region]
|   |-> 4.00e+01 sec 27.9% 0.0% 0.0% 0.0% 0.00e+00 30 neoSimpleFoam.pressureCorrector [region]
|       |-> 4.00e+01 sec 27.9% 0.0% 0.0% 0.0% 0.00e+00 30 neoSimpleFoam.timeStep [region]
|-> 3.36e+01 sec 23.4% 0.0% 0.0% 0.0% 0.00e+00 1 neoSimpleFoam.setup [region]
|-> 1.01e+01 sec 7.1% 0.0% 0.0% 0.0% 0.00e+00 120 ginkgo.solverSetup [region]
|   |-> 9.75e+00 sec 6.8% 0.0% 0.0% 0.0% 0.00e+00 30 neoSimpleFoam.pressureCorrector.pEqn [region]
|   |   |-> 9.75e+00 sec 6.8% 0.0% 0.0% 0.0% 0.00e+00 30 neoSimpleFoam.pressureCorrector [region]
|   |       |-> 9.75e+00 sec 6.8% 0.0% 0.0% 0.0% 0.00e+00 30 neoSimpleFoam.timeStep [region]
|   |-> 2.39e-01 sec 0.2% 0.0% 0.0% 0.0% 0.00e+00 60 neoSimpleFoam.turbulenceCorrect [region]
|   |   |-> 2.39e-01 sec 0.2% 0.0% 0.0% 0.0% 0.00e+00 60 neoSimpleFoam.timeStep [region]
|-> 8.47e+00 sec 5.9% 0.0% 0.0% 0.0% 0.00e+00 30 neoSimpleFoam.momentumPredictor [region]
|   |-> 8.47e+00 sec 5.9% 0.0% 0.0% 0.0% 0.00e+00 30 neoSimpleFoam.timeStep [region]
|-> 6.91e+00 sec 4.8% 0.0% 0.0% 0.0% 0.00e+00 30 neoSimpleFoam.turbulenceCorrect [region]
|   |-> 6.91e+00 sec 4.8% 0.0% 0.0% 0.0% 0.00e+00 30 neoSimpleFoam.timeStep [region]
|-> 5.34e+00 sec 3.7% 100.0% 0.0% ------ 9833 fill [for]
|   |-> 1.40e+00 sec 1.0% 100.0% 0.0% 0.0% 0.00e+00 3660 neoSimpleFoam.pressureCorrector [region]
|   |   |-> 1.40e+00 sec 1.0% 100.0% 0.0% 0.0% 0.00e+00 3660 neoSimpleFoam.timeStep [region]
|   |-> 9.57e-01 sec 0.7% 100.0% 0.0% 0.0% 0.00e+00 1803 assemble.spatialImplicit [region]
|   |   |-> 7.10e-01 sec 0.5% 100.0% 0.0% 0.0% 0.00e+00 1202 neoSimpleFoam.turbulenceCorrect [region]
|   |   |   |-> 7.10e-01 sec 0.5% 100.0% 0.0% 0.0% 0.00e+00 1202 neoSimpleFoam.timeStep [region]
|   |   |-> 2.46e-01 sec 0.2% 100.0% 0.0% 0.0% 0.00e+00 601 neoSimpleFoam.pressureCorrector.pEqn [region]
|   |       |-> 2.46e-01 sec 0.2% 100.0% 0.0% 0.0% 0.00e+00 601 neoSimpleFoam.pressureCorrector [region]
|   |           |-> 2.46e-01 sec 0.2% 100.0% 0.0% 0.0% 0.00e+00 601 neoSimpleFoam.timeStep [region]
|   |-> 7.29e-01 sec 0.5% 100.0% 0.0% 0.0% 0.00e+00 1466 neoSimpleFoam.turbulenceCorrect [region]
|   |   |-> 7.29e-01 sec 0.5% 100.0% 0.0% 0.0% 0.00e+00 1466 neoSimpleFoam.timeStep [region]
|   |-> 6.08e-01 sec 0.4% 100.0% 0.0% 0.0% 0.00e+00 601 divlap.nonOrthCorr [region]
|   |   |-> 6.08e-01 sec 0.4% 100.0% 0.0% 0.0% 0.00e+00 601 assemble.spatialImplicit [region]
|   |       |-> 6.08e-01 sec 0.4% 100.0% 0.0% 0.0% 0.00e+00 601 momentum.assemble [region]
|   |           |-> 6.08e-01 sec 0.4% 100.0% 0.0% 0.0% 0.00e+00 601 neoSimpleFoam.momentumPredictor [region]
|   |               |-> 6.08e-01 sec 0.4% 100.0% 0.0% 0.0% 0.00e+00 601 neoSimpleFoam.timeStep [region]
|   |-> 4.39e-01 sec 0.3% 100.0% 0.0% 0.0% 0.00e+00 780 assemble.explicitSource [region]
|   |   |-> 2.97e-01 sec 0.2% 100.0% 0.0% 0.0% 0.00e+00 420 momentum.assemble [region]
|   |   |   |-> 2.97e-01 sec 0.2% 100.0% 0.0% 0.0% 0.00e+00 420 neoSimpleFoam.momentumPredictor [region]
|   |   |       |-> 2.97e-01 sec 0.2% 100.0% 0.0% 0.0% 0.00e+00 420 neoSimpleFoam.timeStep [region]
|   |-> 4.06e-01 sec 0.3% 100.0% 0.0% 0.0% 0.00e+00 210 clg.baseGrad [region]
|   |   |-> 4.06e-01 sec 0.3% 100.0% 0.0% 0.0% 0.00e+00 210 luw.gradCompute [region]
|   |       |-> 4.06e-01 sec 0.3% 100.0% 0.0% 0.0% 0.00e+00 210 divlap.deferredCorr [region]
|   |           |-> 4.06e-01 sec 0.3% 100.0% 0.0% 0.0% 0.00e+00 210 assemble.spatialImplicit [region]
|   |               |-> 4.06e-01 sec 0.3% 100.0% 0.0% 0.0% 0.00e+00 210 momentum.assemble [region]
|   |                   |-> 4.06e-01 sec 0.3% 100.0% 0.0% 0.0% 0.00e+00 210 neoSimpleFoam.momentumPredictor [region]
|   |                       |-> 4.06e-01 sec 0.3% 100.0% 0.0% 0.0% 0.00e+00 210 neoSimpleFoam.timeStep [region]
|   |-> 2.87e-01 sec 0.2% 100.0% 0.0% 0.0% 0.00e+00 210 luw.gradAlloc [region]
|   |   |-> 2.87e-01 sec 0.2% 100.0% 0.0% 0.0% 0.00e+00 210 divlap.deferredCorr [region]
|   |       |-> 2.87e-01 sec 0.2% 100.0% 0.0% 0.0% 0.00e+00 210 assemble.spatialImplicit [region]
|   |           |-> 2.87e-01 sec 0.2% 100.0% 0.0% 0.0% 0.00e+00 210 momentum.assemble [region]
|   |               |-> 2.87e-01 sec 0.2% 100.0% 0.0% 0.0% 0.00e+00 210 neoSimpleFoam.momentumPredictor [region]
|   |                   |-> 2.87e-01 sec 0.2% 100.0% 0.0% 0.0% 0.00e+00 210 neoSimpleFoam.timeStep [region]
|-> 3.54e+00 sec 2.5% 100.0% 0.0% ------ 272 computeGradInternal [for]
|   |-> 1.29e+00 sec 0.9% 100.0% 0.0% 0.0% 0.00e+00 90 neoSimpleFoam.pressureCorrector [region]
|   |   |-> 1.29e+00 sec 0.9% 100.0% 0.0% 0.0% 0.00e+00 90 neoSimpleFoam.timeStep [region]
|   |-> 1.27e+00 sec 0.9% 100.0% 0.0% 0.0% 0.00e+00 90 assemble.spatialImplicit [region]
|   |   |-> 7.74e-01 sec 0.5% 100.0% 0.0% 0.0% 0.00e+00 60 neoSimpleFoam.turbulenceCorrect [region]
|   |   |   |-> 7.74e-01 sec 0.5% 100.0% 0.0% 0.0% 0.00e+00 60 neoSimpleFoam.timeStep [region]
|   |   |-> 4.93e-01 sec 0.3% 100.0% 0.0% 0.0% 0.00e+00 30 neoSimpleFoam.pressureCorrector.pEqn [region]
|   |       |-> 4.93e-01 sec 0.3% 100.0% 0.0% 0.0% 0.00e+00 30 neoSimpleFoam.pressureCorrector [region]
|   |           |-> 4.93e-01 sec 0.3% 100.0% 0.0% 0.0% 0.00e+00 30 neoSimpleFoam.timeStep [region]
|   |-> 6.19e-01 sec 0.4% 100.0% 0.0% 0.0% 0.00e+00 60 neoSimpleFoam.turbulenceCorrect [region]
|   |   |-> 6.19e-01 sec 0.4% 100.0% 0.0% 0.0% 0.00e+00 60 neoSimpleFoam.timeStep [region]
|   |-> 3.48e-01 sec 0.2% 100.0% 0.0% 0.0% 0.00e+00 30 assemble.explicitSource [region]
|   |   |-> 3.48e-01 sec 0.2% 100.0% 0.0% 0.0% 0.00e+00 30 neoSimpleFoam.momentumPredictor [region]
|   |       |-> 3.48e-01 sec 0.2% 100.0% 0.0% 0.0% 0.00e+00 30 neoSimpleFoam.timeStep [region]
|-> 3.48e+00 sec 2.4% 0.0% 0.0% 0.0% 0.00e+00 30 neoSimpleFoam.pressureCorrector [region]
|   |-> 3.48e+00 sec 2.4% 0.0% 0.0% 0.0% 0.00e+00 30 neoSimpleFoam.timeStep [region]
|-> 2.86e+00 sec 2.0% 100.0% 0.0% ------ 8208 computeGradBoundaryRefGrad [for]
|   |-> 1.33e+00 sec 0.9% 100.0% 0.0% 0.0% 0.00e+00 3960 neoSimpleFoam.pressureCorrector [region]
|   |   |-> 1.33e+00 sec 0.9% 100.0% 0.0% 0.0% 0.00e+00 3960 neoSimpleFoam.timeStep [region]
|   |-> 9.62e-01 sec 0.7% 100.0% 0.0% 0.0% 0.00e+00 2760 assemble.spatialImplicit [region]
|   |   |-> 4.84e-01 sec 0.3% 100.0% 0.0% 0.0% 0.00e+00 1320 neoSimpleFoam.pressureCorrector.pEqn [region]
|   |   |   |-> 4.84e-01 sec 0.3% 100.0% 0.0% 0.0% 0.00e+00 1320 neoSimpleFoam.pressureCorrector [region]
|   |   |       |-> 4.84e-01 sec 0.3% 100.0% 0.0% 0.0% 0.00e+00 1320 neoSimpleFoam.timeStep [region]
|   |   |-> 4.77e-01 sec 0.3% 100.0% 0.0% 0.0% 0.00e+00 1440 neoSimpleFoam.turbulenceCorrect [region]
|   |       |-> 4.77e-01 sec 0.3% 100.0% 0.0% 0.0% 0.00e+00 1440 neoSimpleFoam.timeStep [region]
|   |-> 5.47e-01 sec 0.4% 100.0% 0.0% 0.0% 0.00e+00 1440 neoSimpleFoam.turbulenceCorrect [region]
|   |   |-> 5.47e-01 sec 0.4% 100.0% 0.0% 0.0% 0.00e+00 1440 neoSimpleFoam.timeStep [region]
|-> 2.41e+00 sec 1.7% 0.0% 0.0% 0.0% 0.00e+00 30 neoSimpleFoam.write [region]
|   |-> 2.41e+00 sec 1.7% 0.0% 0.0% 0.0% 0.00e+00 30 neoSimpleFoam.timeStep [region]
|-> 2.29e+00 sec 1.6% 100.0% 0.0% ------ 9955 extrapolateValue [for]
|   |-> 1.88e+00 sec 1.3% 100.0% 0.0% 0.0% 0.00e+00 8250 neoSimpleFoam.pressureCorrector [region]
|   |   |-> 1.88e+00 sec 1.3% 100.0% 0.0% 0.0% 0.00e+00 8250 neoSimpleFoam.timeStep [region]
|   |-> 3.97e-01 sec 0.3% 100.0% 0.0% 0.0% 0.00e+00 1650 neoSimpleFoam.turbulenceCorrect [region]
|   |   |-> 3.97e-01 sec 0.3% 100.0% 0.0% 0.0% 0.00e+00 1650 neoSimpleFoam.timeStep [region]
|-> 1.95e+00 sec 1.4% 0.0% 0.0% 0.0% 0.00e+00 30 momentum.construct [region]
|   |-> 1.95e+00 sec 1.4% 0.0% 0.0% 0.0% 0.00e+00 30 neoSimpleFoam.momentumPredictor [region]
|       |-> 1.95e+00 sec 1.4% 0.0% 0.0% 0.0% 0.00e+00 30 neoSimpleFoam.timeStep [region]
|-> 1.83e+00 sec 1.3% 100.0% 0.0% ------ 4004 computeGradTensorBoundaryReconstruct [for]
|   |-> 7.78e-01 sec 0.5% 100.0% 0.0% 0.0% 0.00e+00 1320 divlap.nonOrthCorr [region]
|   |   |-> 7.78e-01 sec 0.5% 100.0% 0.0% 0.0% 0.00e+00 1320 assemble.spatialImplicit [region]
|   |       |-> 7.78e-01 sec 0.5% 100.0% 0.0% 0.0% 0.00e+00 1320 momentum.assemble [region]
|   |           |-> 7.78e-01 sec 0.5% 100.0% 0.0% 0.0% 0.00e+00 1320 neoSimpleFoam.momentumPredictor [region]
|   |               |-> 7.78e-01 sec 0.5% 100.0% 0.0% 0.0% 0.00e+00 1320 neoSimpleFoam.timeStep [region]
|   |-> 6.39e-01 sec 0.4% 100.0% 0.0% 0.0% 0.00e+00 1320 clg.baseGrad [region]
|   |   |-> 6.39e-01 sec 0.4% 100.0% 0.0% 0.0% 0.00e+00 1320 luw.gradCompute [region]
|   |       |-> 6.39e-01 sec 0.4% 100.0% 0.0% 0.0% 0.00e+00 1320 divlap.deferredCorr [region]
|   |           |-> 6.39e-01 sec 0.4% 100.0% 0.0% 0.0% 0.00e+00 1320 assemble.spatialImplicit [region]
|   |               |-> 6.39e-01 sec 0.4% 100.0% 0.0% 0.0% 0.00e+00 1320 momentum.assemble [region]
|   |                   |-> 6.39e-01 sec 0.4% 100.0% 0.0% 0.0% 0.00e+00 1320 neoSimpleFoam.momentumPredictor [region]
|   |                       |-> 6.39e-01 sec 0.4% 100.0% 0.0% 0.0% 0.00e+00 1320 neoSimpleFoam.timeStep [region]
|   |-> 4.14e-01 sec 0.3% 100.0% 0.0% 0.0% 0.00e+00 1320 neoSimpleFoam.turbulenceCorrect [region]
|   |   |-> 4.14e-01 sec 0.3% 100.0% 0.0% 0.0% 0.00e+00 1320 neoSimpleFoam.timeStep [region]
|-> 1.79e+00 sec 1.2% 100.0% 0.0% ------ 91 computeGradTensorInternal [for]
|   |-> 7.44e-01 sec 0.5% 100.0% 0.0% 0.0% 0.00e+00 30 divlap.nonOrthCorr [region]
|   |   |-> 7.44e-01 sec 0.5% 100.0% 0.0% 0.0% 0.00e+00 30 assemble.spatialImplicit [region]
|   |       |-> 7.44e-01 sec 0.5% 100.0% 0.0% 0.0% 0.00e+00 30 momentum.assemble [region]
|   |           |-> 7.44e-01 sec 0.5% 100.0% 0.0% 0.0% 0.00e+00 30 neoSimpleFoam.momentumPredictor [region]
|   |               |-> 7.44e-01 sec 0.5% 100.0% 0.0% 0.0% 0.00e+00 30 neoSimpleFoam.timeStep [region]
|   |-> 6.10e-01 sec 0.4% 100.0% 0.0% 0.0% 0.00e+00 30 neoSimpleFoam.turbulenceCorrect [region]
|   |   |-> 6.10e-01 sec 0.4% 100.0% 0.0% 0.0% 0.00e+00 30 neoSimpleFoam.timeStep [region]
|   |-> 4.09e-01 sec 0.3% 100.0% 0.0% 0.0% 0.00e+00 30 clg.baseGrad [region]
|   |   |-> 4.09e-01 sec 0.3% 100.0% 0.0% 0.0% 0.00e+00 30 luw.gradCompute [region]
|   |       |-> 4.09e-01 sec 0.3% 100.0% 0.0% 0.0% 0.00e+00 30 divlap.deferredCorr [region]
|   |           |-> 4.09e-01 sec 0.3% 100.0% 0.0% 0.0% 0.00e+00 30 assemble.spatialImplicit [region]
|   |               |-> 4.09e-01 sec 0.3% 100.0% 0.0% 0.0% 0.00e+00 30 momentum.assemble [region]
|   |                   |-> 4.09e-01 sec 0.3% 100.0% 0.0% 0.0% 0.00e+00 30 neoSimpleFoam.momentumPredictor [region]
|   |                       |-> 4.09e-01 sec 0.3% 100.0% 0.0% 0.0% 0.00e+00 30 neoSimpleFoam.timeStep [region]
|-> 1.37e+00 sec 1.0% 0.0% 0.0% 0.0% 0.00e+00 30 luw.gradOpCtor [region]
|   |-> 1.37e+00 sec 1.0% 0.0% 0.0% 0.0% 0.00e+00 30 divlap.deferredCorr [region]
|       |-> 1.37e+00 sec 1.0% 0.0% 0.0% 0.0% 0.00e+00 30 assemble.spatialImplicit [region]
|           |-> 1.37e+00 sec 1.0% 0.0% 0.0% 0.0% 0.00e+00 30 momentum.assemble [region]
|               |-> 1.37e+00 sec 1.0% 0.0% 0.0% 0.0% 0.00e+00 30 neoSimpleFoam.momentumPredictor [region]
|                   |-> 1.37e+00 sec 1.0% 0.0% 0.0% 0.0% 0.00e+00 30 neoSimpleFoam.timeStep [region]
|-> 1.31e+00 sec 0.9% 100.0% 0.0% ------ 3102 parallelFor [for]
|   |-> 7.82e-01 sec 0.5% 100.0% 0.0% 0.0% 0.00e+00 2100 neoSimpleFoam.pressureCorrector [region]
|   |   |-> 7.82e-01 sec 0.5% 100.0% 0.0% 0.0% 0.00e+00 2100 neoSimpleFoam.timeStep [region]
|   |-> 1.57e-01 sec 0.1% 100.0% 0.0% 0.0% 0.00e+00 90 luw.applyCorr [region]
|   |   |-> 1.57e-01 sec 0.1% 100.0% 0.0% 0.0% 0.00e+00 90 divlap.deferredCorr [region]
|   |       |-> 1.57e-01 sec 0.1% 100.0% 0.0% 0.0% 0.00e+00 90 assemble.spatialImplicit [region]
|   |           |-> 1.57e-01 sec 0.1% 100.0% 0.0% 0.0% 0.00e+00 90 momentum.assemble [region]
|   |               |-> 1.57e-01 sec 0.1% 100.0% 0.0% 0.0% 0.00e+00 90 neoSimpleFoam.momentumPredictor [region]
|   |                   |-> 1.57e-01 sec 0.1% 100.0% 0.0% 0.0% 0.00e+00 90 neoSimpleFoam.timeStep [region]
|   |-> 1.53e-01 sec 0.1% 100.0% 0.0% -0.0% 0.00e+00 240 assemble.explicitSource [region]
|-> 1.08e+00 sec 0.8% 100.0% 0.0% ------ 4954 setGradientValue [for]
|   |-> 3.60e-01 sec 0.3% 100.0% 0.0% 0.0% 0.00e+00 1590 neoSimpleFoam.pressureCorrector [region]
|   |   |-> 3.60e-01 sec 0.3% 100.0% 0.0% 0.0% 0.00e+00 1590 neoSimpleFoam.timeStep [region]
|   |-> 3.56e-01 sec 0.2% 100.0% 0.0% 0.0% 0.00e+00 1560 neoSimpleFoam.pressureCorrector.pEqn [region]
|   |   |-> 3.56e-01 sec 0.2% 100.0% 0.0% 0.0% 0.00e+00 1560 neoSimpleFoam.pressureCorrector [region]
|   |       |-> 3.56e-01 sec 0.2% 100.0% 0.0% 0.0% 0.00e+00 1560 neoSimpleFoam.timeStep [region]
|   |-> 3.43e-01 sec 0.2% 100.0% 0.0% 0.0% 0.00e+00 1590 neoSimpleFoam.turbulenceCorrect [region]
|   |   |-> 3.43e-01 sec 0.2% 100.0% 0.0% 0.0% 0.00e+00 1590 neoSimpleFoam.timeStep [region]
|-> 9.81e-01 sec 0.7% 100.0% 0.0% ------ 2440 computeGradBoundaryFixedValue [for]
|   |-> 5.32e-01 sec 0.4% 100.0% 0.0% 0.0% 0.00e+00 1200 neoSimpleFoam.turbulenceCorrect [region]
|   |   |-> 5.32e-01 sec 0.4% 100.0% 0.0% 0.0% 0.00e+00 1200 neoSimpleFoam.timeStep [region]
|   |-> 4.28e-01 sec 0.3% 100.0% 0.0% 0.0% 0.00e+00 1200 assemble.spatialImplicit [region]
|   |   |-> 4.28e-01 sec 0.3% 100.0% 0.0% 0.0% 0.00e+00 1200 neoSimpleFoam.turbulenceCorrect [region]
|   |       |-> 4.28e-01 sec 0.3% 100.0% 0.0% 0.0% 0.00e+00 1200 neoSimpleFoam.timeStep [region]
|-> 7.56e-01 sec 0.5% 0.0% 0.0% 0.0% 0.00e+00 120 assemble.spatialImplicit [region]
|   |-> 5.32e-01 sec 0.4% 0.0% 0.0% 0.0% 0.00e+00 60 neoSimpleFoam.turbulenceCorrect [region]
|   |   |-> 5.32e-01 sec 0.4% 0.0% 0.0% 0.0% 0.00e+00 60 neoSimpleFoam.timeStep [region]
|   |-> 2.24e-01 sec 0.2% 0.0% 0.0% 0.0% 0.00e+00 30 neoSimpleFoam.pressureCorrector.pEqn [region]
|   |   |-> 2.24e-01 sec 0.2% 0.0% 0.0% 0.0% 0.00e+00 30 neoSimpleFoam.pressureCorrector [region]
|   |       |-> 2.24e-01 sec 0.2% 0.0% 0.0% 0.0% 0.00e+00 30 neoSimpleFoam.timeStep [region]
|-> 5.52e-01 sec 0.4% 100.0% 0.0% ------ 554 computeLinearInterpolationInternal [for]
|   |-> 1.88e-01 sec 0.1% 100.0% 0.0% 0.0% 0.00e+00 218 neoSimpleFoam.turbulenceCorrect [region]
|   |   |-> 1.88e-01 sec 0.1% 100.0% 0.0% 0.0% 0.00e+00 218 neoSimpleFoam.timeStep [region]
|   |-> 1.44e-01 sec 0.1% 100.0% 0.0% 0.0% 0.00e+00 150 neoSimpleFoam.pressureCorrector [region]
|   |   |-> 1.44e-01 sec 0.1% 100.0% 0.0% 0.0% 0.00e+00 150 neoSimpleFoam.timeStep [region]
|-> 4.93e-01 sec 0.3% 0.0% 0.0% 0.0% 0.00e+00 30 luw.applyCorr [region]
|   |-> 4.93e-01 sec 0.3% 0.0% 0.0% 0.0% 0.00e+00 30 divlap.deferredCorr [region]
|       |-> 4.93e-01 sec 0.3% 0.0% 0.0% 0.0% 0.00e+00 30 assemble.spatialImplicit [region]
|           |-> 4.93e-01 sec 0.3% 0.0% 0.0% 0.0% 0.00e+00 30 momentum.assemble [region]
|               |-> 4.93e-01 sec 0.3% 0.0% 0.0% 0.0% 0.00e+00 30 neoSimpleFoam.momentumPredictor [region]
|                   |-> 4.93e-01 sec 0.3% 0.0% 0.0% 0.0% 0.00e+00 30 neoSimpleFoam.timeStep [region]
|-> 4.80e-01 sec 0.3% 100.0% 0.0% ------ 1530 kOmegaSST::omegaWFGFeedback [for]
|   |-> 4.80e-01 sec 0.3% 100.0% 0.0% 0.0% 0.00e+00 1530 neoSimpleFoam.turbulenceCorrect [region]
|       |-> 4.80e-01 sec 0.3% 100.0% 0.0% 0.0% 0.00e+00 1530 neoSimpleFoam.timeStep [region]
|-> 4.65e-01 sec 0.3% 0.0% 0.0% 0.0% 0.00e+00 150 assemble.explicitSource [region]
|   |-> 2.51e-01 sec 0.2% 0.0% 0.0% 0.0% 0.00e+00 30 momentum.assemble [region]
|   |   |-> 2.51e-01 sec 0.2% 0.0% 0.0% 0.0% 0.00e+00 30 neoSimpleFoam.momentumPredictor [region]
|   |       |-> 2.51e-01 sec 0.2% 0.0% 0.0% 0.0% 0.00e+00 30 neoSimpleFoam.timeStep [region]
|   |-> 2.05e-01 sec 0.1% 0.0% 0.0% 0.0% 0.00e+00 30 neoSimpleFoam.momentumPredictor [region]
|   |   |-> 2.05e-01 sec 0.1% 0.0% 0.0% 0.0% 0.00e+00 30 neoSimpleFoam.timeStep [region]
|-> 4.53e-01 sec 0.3% 100.0% 0.0% ------ 120 computeLaplacianImplicitCorrection [for]
|   |-> 3.35e-01 sec 0.2% 100.0% 0.0% 0.0% 0.00e+00 30 divlap.nonOrthCorr [region]
|   |   |-> 3.35e-01 sec 0.2% 100.0% 0.0% 0.0% 0.00e+00 30 assemble.spatialImplicit [region]
|   |       |-> 3.35e-01 sec 0.2% 100.0% 0.0% 0.0% 0.00e+00 30 momentum.assemble [region]
|   |           |-> 3.35e-01 sec 0.2% 100.0% 0.0% 0.0% 0.00e+00 30 neoSimpleFoam.momentumPredictor [region]
|   |               |-> 3.35e-01 sec 0.2% 100.0% 0.0% 0.0% 0.00e+00 30 neoSimpleFoam.timeStep [region]
|-> 4.47e-01 sec 0.3% 100.0% 0.0% ------ 90 computeLocalGaussGreenDivLaplacianCoefficients [for]
|   |-> 2.76e-01 sec 0.2% 100.0% 0.0% 0.0% 0.00e+00 60 assemble.spatialImplicit [region]
|   |   |-> 2.76e-01 sec 0.2% 100.0% 0.0% 0.0% 0.00e+00 60 neoSimpleFoam.turbulenceCorrect [region]
|   |       |-> 2.76e-01 sec 0.2% 100.0% 0.0% 0.0% 0.00e+00 60 neoSimpleFoam.timeStep [region]
|   |-> 1.70e-01 sec 0.1% 100.0% 0.0% 0.0% 0.00e+00 30 divlap.matrixCoeffs [region]
|       |-> 1.70e-01 sec 0.1% 100.0% 0.0% 0.0% 0.00e+00 30 assemble.spatialImplicit [region]
|           |-> 1.70e-01 sec 0.1% 100.0% 0.0% 0.0% 0.00e+00 30 momentum.assemble [region]
|               |-> 1.70e-01 sec 0.1% 100.0% 0.0% 0.0% 0.00e+00 30 neoSimpleFoam.momentumPredictor [region]
|                   |-> 1.70e-01 sec 0.1% 100.0% 0.0% 0.0% 0.00e+00 30 neoSimpleFoam.timeStep [region]
|-> 4.42e-01 sec 0.3% 100.0% 0.0% ------ 30 addDivCorrectionToRhs [for]
|   |-> 4.42e-01 sec 0.3% 100.0% 0.0% 0.0% 0.00e+00 30 divlap.deferredCorr [region]
|       |-> 4.42e-01 sec 0.3% 100.0% 0.0% 0.0% 0.00e+00 30 assemble.spatialImplicit [region]
|           |-> 4.42e-01 sec 0.3% 100.0% 0.0% 0.0% 0.00e+00 30 momentum.assemble [region]
|               |-> 4.42e-01 sec 0.3% 100.0% 0.0% 0.0% 0.00e+00 30 neoSimpleFoam.momentumPredictor [region]
|                   |-> 4.42e-01 sec 0.3% 100.0% 0.0% 0.0% 0.00e+00 30 neoSimpleFoam.timeStep [region]
|-> 3.96e-01 sec 0.3% 100.0% 0.0% ------ 1445 setFixedValueVolume [for]
|   |-> 3.69e-01 sec 0.3% 100.0% 0.0% 0.0% 0.00e+00 1230 neoSimpleFoam.pressureCorrector [region]
|   |   |-> 3.69e-01 sec 0.3% 100.0% 0.0% 0.0% 0.00e+00 1230 neoSimpleFoam.timeStep [region]
|-> 3.87e-01 sec 0.3% 100.0% 0.0% ------ 554 computeLinearInterpolationBoundary [for]
|-> 3.81e-01 sec 0.3% 100.0% 0.0% ------ 1581 setNutUSpaldingWallFunction [for]
|   |-> 3.69e-01 sec 0.3% 100.0% 0.0% 0.0% 0.00e+00 1530 neoSimpleFoam.turbulenceCorrect [region]
|   |   |-> 3.69e-01 sec 0.3% 100.0% 0.0% 0.0% 0.00e+00 1530 neoSimpleFoam.timeStep [region]
|-> 3.53e-01 sec 0.2% 100.0% 0.0% ------ 272 computeGradBoundary [for]
|   |-> 1.46e-01 sec 0.1% 100.0% 0.0% 0.0% 0.00e+00 90 neoSimpleFoam.pressureCorrector [region]
|   |   |-> 1.46e-01 sec 0.1% 100.0% 0.0% 0.0% 0.00e+00 90 neoSimpleFoam.timeStep [region]
|-> 3.47e-01 sec 0.2% 100.0% 0.0% ------ 1530 setOmegaWallFunction [for]
|   |-> 3.47e-01 sec 0.2% 100.0% 0.0% 0.0% 0.00e+00 1530 neoSimpleFoam.turbulenceCorrect [region]
|       |-> 3.47e-01 sec 0.2% 100.0% 0.0% 0.0% 0.00e+00 1530 neoSimpleFoam.timeStep [region]
|-> 3.46e-01 sec 0.2% 100.0% 0.0% ------ 1302 updateProcBoundaryOwnerValue [for]
|   |-> 1.86e-01 sec 0.1% 100.0% 0.0% 0.0% 0.00e+00 720 neoSimpleFoam.pressureCorrector [region]
|   |   |-> 1.86e-01 sec 0.1% 100.0% 0.0% 0.0% 0.00e+00 720 neoSimpleFoam.timeStep [region]
|-> 3.37e-01 sec 0.2% 0.0% 0.0% 0.0% 0.00e+00 120 ginkgo.createMtx [region]
|   |-> 1.66e-01 sec 0.1% 0.0% 0.0% 0.0% 0.00e+00 60 neoSimpleFoam.turbulenceCorrect [region]
|   |   |-> 1.66e-01 sec 0.1% 0.0% 0.0% 0.0% 0.00e+00 60 neoSimpleFoam.timeStep [region]
|-> 3.06e-01 sec 0.2% 0.0% 0.0% 0.0% 0.00e+00 30 divlap.nonOrthCorr [region]
|   |-> 3.06e-01 sec 0.2% 0.0% 0.0% 0.0% 0.00e+00 30 assemble.spatialImplicit [region]
|       |-> 3.06e-01 sec 0.2% 0.0% 0.0% 0.0% 0.00e+00 30 momentum.assemble [region]
|           |-> 3.06e-01 sec 0.2% 0.0% 0.0% 0.0% 0.00e+00 30 neoSimpleFoam.momentumPredictor [region]
|               |-> 3.06e-01 sec 0.2% 0.0% 0.0% 0.0% 0.00e+00 30 neoSimpleFoam.timeStep [region]
|-> 2.83e-01 sec 0.2% 100.0% 0.0% ------ 554 computeLinearInterpolationProcBoundary [for]
|-> 2.57e-01 sec 0.2% 100.0% 0.0% ------ 858 setProcBoundaryCoefficients [for]
|   |-> 1.67e-01 sec 0.1% 100.0% 0.0% 0.0% 0.00e+00 540 neoSimpleFoam.pressureCorrector [region]
|   |   |-> 1.67e-01 sec 0.1% 100.0% 0.0% 0.0% 0.00e+00 540 neoSimpleFoam.timeStep [region]
|-> 2.54e-01 sec 0.2% 100.0% 0.0% ------ 432 setContainer [for]
|   |-> 1.54e-01 sec 0.1% 100.0% 0.0% 0.0% 0.00e+00 180 assemble.explicitSource [region]
|   |   |-> 1.54e-01 sec 0.1% 100.0% 0.0% 0.0% 0.00e+00 180 momentum.assemble [region]
|   |       |-> 1.54e-01 sec 0.1% 100.0% 0.0% 0.0% 0.00e+00 180 neoSimpleFoam.momentumPredictor [region]
|   |           |-> 1.54e-01 sec 0.1% 100.0% 0.0% 0.0% 0.00e+00 180 neoSimpleFoam.timeStep [region]
|-> 2.38e-01 sec 0.2% 100.0% 0.0% ------ 91 computeGradTensorCells [for]
|-> 2.11e-01 sec 0.1% 100.0% 0.0% ------ 272 computeGradCells [for]
|-> 2.04e-01 sec 0.1% 0.0% 0.0% 0.0% 0.00e+00 30 divlap.deferredCorr [region]
|   |-> 2.04e-01 sec 0.1% 0.0% 0.0% 0.0% 0.00e+00 30 assemble.spatialImplicit [region]
|       |-> 2.04e-01 sec 0.1% 0.0% 0.0% 0.0% 0.00e+00 30 momentum.assemble [region]
|           |-> 2.04e-01 sec 0.1% 0.0% 0.0% 0.0% 0.00e+00 30 neoSimpleFoam.momentumPredictor [region]
|               |-> 2.04e-01 sec 0.1% 0.0% 0.0% 0.0% 0.00e+00 30 neoSimpleFoam.timeStep [region]
|-> 1.90e-01 sec 0.1% 0.0% 0.0% 0.0% 0.00e+00 30 luw.gradAlloc [region]
|   |-> 1.90e-01 sec 0.1% 0.0% 0.0% 0.0% 0.00e+00 30 divlap.deferredCorr [region]
|       |-> 1.90e-01 sec 0.1% 0.0% 0.0% 0.0% 0.00e+00 30 assemble.spatialImplicit [region]
|           |-> 1.90e-01 sec 0.1% 0.0% 0.0% 0.0% 0.00e+00 30 momentum.assemble [region]
|               |-> 1.90e-01 sec 0.1% 0.0% 0.0% 0.0% 0.00e+00 30 neoSimpleFoam.momentumPredictor [region]
|                   |-> 1.90e-01 sec 0.1% 0.0% 0.0% 0.0% 0.00e+00 30 neoSimpleFoam.timeStep [region]
|-> 1.75e-01 sec 0.1% 100.0% 0.0% ------ 272 computeProcGradBoundary [for]
|-> 1.63e-01 sec 0.1% 100.0% 0.0% ------ 90 BoundedDiv::applyBoundedDiagInternal [for]
|-> 1.59e-01 sec 0.1% 100.0% 0.0% ------ 30 computeLocalLaplacianCoefficients [for]
|   |-> 1.59e-01 sec 0.1% 100.0% 0.0% 0.0% 0.00e+00 30 assemble.spatialImplicit [region]
|       |-> 1.59e-01 sec 0.1% 100.0% 0.0% 0.0% 0.00e+00 30 neoSimpleFoam.pressureCorrector.pEqn [region]
|           |-> 1.59e-01 sec 0.1% 100.0% 0.0% 0.0% 0.00e+00 30 neoSimpleFoam.pressureCorrector [region]
|               |-> 1.59e-01 sec 0.1% 100.0% 0.0% 0.0% 0.00e+00 30 neoSimpleFoam.timeStep [region]
|-> 1.54e-01 sec 0.1% 100.0% 0.0% ------ 30 divDevReff::internal [for]
|   |-> 1.54e-01 sec 0.1% 100.0% 0.0% 0.0% 0.00e+00 30 assemble.explicitSource [region]
|       |-> 1.54e-01 sec 0.1% 100.0% 0.0% 0.0% 0.00e+00 30 momentum.assemble [region]
|           |-> 1.54e-01 sec 0.1% 100.0% 0.0% 0.0% 0.00e+00 30 neoSimpleFoam.momentumPredictor [region]
|               |-> 1.54e-01 sec 0.1% 100.0% 0.0% 0.0% 0.00e+00 30 neoSimpleFoam.timeStep [region]

KOKKOS HOST SPACE:
===================
MAX MEMORY ALLOCATED: 1290469.1 kB
ALLOCATIONS AT TIME OF HIGH WATER MARK:
  29.9% neoSimpleFoam.timeStep/neoSimpleFoam.momentumPredictor/momentum.assemble/assemble.spatialImplicit/divlap.deferredCorr/luw.gradOpCtor/Vector
  29.9% neoSimpleFoam.timeStep/neoSimpleFoam.momentumPredictor/momentum.assemble/assemble.spatialImplicit/divlap.deferredCorr/luw.gradOpCtor/Vector
  15.5% neoSimpleFoam.timeStep/neoSimpleFoam.momentumPredictor/momentum.assemble/assemble.spatialImplicit/divlap.deferredCorr/luw.gradOpCtor/Vector
  14.9% neoSimpleFoam.timeStep/neoSimpleFoam.momentumPredictor/momentum.assemble/assemble.spatialImplicit/divlap.deferredCorr/luw.gradOpCtor/Vector
  4.9% neoSimpleFoam.timeStep/neoSimpleFoam.momentumPredictor/momentum.assemble/assemble.spatialImplicit/divlap.deferredCorr/luw.gradOpCtor/Vector
  4.9% neoSimpleFoam.timeStep/neoSimpleFoam.momentumPredictor/momentum.assemble/assemble.spatialImplicit/divlap.deferredCorr/luw.gradOpCtor/Vector

KOKKOS CUDA SPACE:
===================
MAX MEMORY ALLOCATED: 0.0 kB
ALLOCATIONS AT TIME OF HIGH WATER MARK:

KOKKOS HIP SPACE:
===================
MAX MEMORY ALLOCATED: 0.0 kB
ALLOCATIONS AT TIME OF HIGH WATER MARK:

KOKKOS SYCL SPACE:
===================
MAX MEMORY ALLOCATED: 0.0 kB
ALLOCATIONS AT TIME OF HIGH WATER MARK:

KOKKOS OpenMPTarget SPACE:
===================
MAX MEMORY ALLOCATED: 0.0 kB
ALLOCATIONS AT TIME OF HIGH WATER MARK:

Host process high water mark memory consumption: 14755164 kB

END KOKKOS PROFILING REPORT.
Finalising parallel run
