/*---------------------------------------------------------------------------*\
| =========                 |                                                 |
| \\      /  F ield         | OpenFOAM: The Open Source CFD Toolbox           |
|  \\    /   O peration     | Version:  2506                                  |
|   \\  /    A nd           | Website:  www.openfoam.com                      |
|    \\/     M anipulation  |                                                 |
\*---------------------------------------------------------------------------*/
Build  : b050cd9480-20250814 OPENFOAM=2506 version=v2506
Arch   : "LSB;label=32;scalar=64"
Exec   : /storage/home/greole/code/NeoFOAM/build/profilingnvidia_h200/bin/neoSimpleFoam -parallel
Date   : Jul 14 2026
Time   : 16:14:36
Host   : gpu-nvidia-h200-3.int.coma-cluster.de
PID    : 3599816
I/O    : uncollated
Case   : /storage/home/greole/code/NeoFOAM/occDrivAerStaticMesh
nProcs : 4
Hosts  :
(
    (gpu-nvidia-h200-3.int.coma-cluster.de 4)
)
Pstream initialized with:
    node communication : off [type=host] (4 ranks, 1 nodes)
    topology controls  : none
    consensus exchange : 0 (tuning: 0)
    exchange algorithm : 0
    commsType          : nonBlocking
    polling iterations : 0
trapFpe: Floating point exception trapping enabled (FOAM_SIGFPE).
fileModificationChecking : Monitoring run-time modified files using timeStampMaster (fileModificationSkew 5, maxFileModificationPolls 20)
allowSystemOperations : Allowing user-supplied system call operations

// * * * * * * * * * * * * * * * * * * * * * * * * * * * * * * * * * * * * * //
Create time

Initializing NeoN
Creating Executor GPU
Creating NeoFOAM runTime
GPU-aware MPI: library-available=yes, NeoN-flag=on, executor=GPUExecutor, ranks=4 -> used=yes

SIMPLE: no convergence criteria found. Calculations will run for 50 steps.

Reading field p

Reading field U

Reading/calculating face flux field phi

Selecting incompressible transport model Newtonian
NeoFOAM solver config (from fvSolution configFile) for 'config(Cg+Multigrid)':
{
    cacheSolver: true
    configFile: <NeoN::TokenList>
    l1ScaledResidual: true
    preconditionerRebuildInterval: 0
    relTol: 0.010000
    reportName: config(Cg+Multigrid)
    solver: Ginkgo
    tolerance: 0.000000
}
    effective optimize: false
    effective checkFrequency: 1
Mapping OpenFOAM solver settings to NeoN settings.
Currently, it is advisable to specify a configFile
for fine grained Ginkgo solver control

Replacing solver PBiCGStab by solver::Bicgstab
Replacing preconditioner diagonal by preconditioner::Schwarz (Schwarz-wrapped for distributed run)
NeoFOAM solver config (mapped from fvSolution) for 'Schwarz(Jacobi)+Bicgstab':
{
    cacheSolver: true
    criteria: {
        absolute_residual_norm: 0.000000
        initial_residual_norm: 0.100000
        iteration: 1000
    }
    l1ScaledResidual: true
    optimize: true
    preconditioner: {
        local_solver: {
            max_block_size: 1
            type: preconditioner::Jacobi
        }
        type: preconditioner::Schwarz
    }
    reportName: Schwarz(Jacobi)+Bicgstab
    solver: Ginkgo
    type: solver::Bicgstab
}
    effective optimize: true
    effective checkFrequency: 1
Creating phi

[NF][/storage/home/greole/code/NeoFOAM/include/NeoFOAM/auxiliary/readers.hpp::434]: Internal: 49320882, Boundary: 1762558

[NF][/storage/home/greole/code/NeoFOAM/include/NeoFOAM/auxiliary/readers.hpp::434]: Internal: 49333487, Boundary: 1754396

[NF][/storage/home/greole/code/NeoFOAM/include/NeoFOAM/auxiliary/readers.hpp::434]: Internal: 49261542, Boundary: 1427829

[NF][/storage/home/greole/code/NeoFOAM/include/NeoFOAM/auxiliary/readers.hpp::434]: Internal: 49243125, Boundary: 1362247
Selecting patchDistMethod meshWave
Mapping OpenFOAM solver settings to NeoN settings.
Currently, it is advisable to specify a configFile
for fine grained Ginkgo solver control

Replacing solver PBiCGStab by solver::Bicgstab
Replacing preconditioner diagonal by preconditioner::Schwarz (Schwarz-wrapped for distributed run)
NeoFOAM solver config (mapped from fvSolution) for 'Schwarz(Jacobi)+Bicgstab':
{
    cacheSolver: true
    criteria: {
        absolute_residual_norm: 0.000000
        initial_residual_norm: 0.100000
        iteration: 1000
    }
    l1ScaledResidual: true
    optimize: true
    preconditioner: {
        local_solver: {
            max_block_size: 1
            type: preconditioner::Jacobi
        }
        type: preconditioner::Schwarz
    }
    reportName: Schwarz(Jacobi)+Bicgstab
    solver: Ginkgo
    type: solver::Bicgstab
}
    effective optimize: true
    effective checkFrequency: 1
Mapping OpenFOAM solver settings to NeoN settings.
Currently, it is advisable to specify a configFile
for fine grained Ginkgo solver control

Replacing solver PBiCGStab by solver::Bicgstab
Replacing preconditioner diagonal by preconditioner::Schwarz (Schwarz-wrapped for distributed run)
NeoFOAM solver config (mapped from fvSolution) for 'Schwarz(Jacobi)+Bicgstab':
{
    cacheSolver: true
    criteria: {
        absolute_residual_norm: 0.000000
        initial_residual_norm: 0.100000
        iteration: 1000
    }
    l1ScaledResidual: true
    optimize: true
    preconditioner: {
        local_solver: {
            max_block_size: 1
            type: preconditioner::Jacobi
        }
        type: preconditioner::Schwarz
    }
    reportName: Schwarz(Jacobi)+Bicgstab
    solver: Ginkgo
    type: solver::Bicgstab
}
    effective optimize: true
    effective checkFrequency: 1
[mem] setup.end: DEVICE_POOL current=12979 MB  actual(reserved)=38146 MB  highWater=19132 MB
Starting time loop
Time = 1001
[mem] step-start: DEVICE_POOL current=12979 MB  actual(reserved)=38146 MB  highWater=19132 MB
Schwarz(Jacobi)+Bicgstab:  Solving for Ux, Initial residual = 7.915662809814934e-05, Final residual = 3.1179304544013475e-06, No Iterations 3, Solve time = 253.856 ms
Schwarz(Jacobi)+Bicgstab:  Solving for Uy, Initial residual = 0.004031496934770699, Final residual = 0.0001416085397544056, No Iterations 3, Solve time = 253.856 ms
Schwarz(Jacobi)+Bicgstab:  Solving for Uz, Initial residual = 0.0011224955775289295, Final residual = 4.897542661413987e-05, No Iterations 3, Solve time = 253.856 ms
[mem] after-UEqn: DEVICE_POOL current=15473 MB  actual(reserved)=38146 MB  highWater=20761 MB
[GinkgoSolver] p-cache: rebuild(generate) solve=1 rebuildInterval=0
config(Cg+Multigrid):  Solving for p, Initial residual = 0.0013092181241290495, Final residual = 1.3011682564025038e-05, No Iterations 9, Solve time = 1211.323 ms
time step continuity errors : sum local = 3.2858823438635155e-06, global = 4.041016754929857e-08, cumulative = 4.041016754929857e-08
[mem] after-pEqn: DEVICE_POOL current=16941 MB  actual(reserved)=38146 MB  highWater=20761 MB
[GinkgoSolver] p-cache: rebuild(generate) solve=1 rebuildInterval=0
Schwarz(Jacobi)+Bicgstab:  Solving for omega, Initial residual = 1.3009804368399211e-05, Final residual = 9.27038834311884e-07, No Iterations 2, Solve time = 75.637 ms
bounding omega, min: -36027.24701537884 max: 45355982.77769652 average: 6373.925633268599
[GinkgoSolver] p-cache: rebuild(generate) solve=1 rebuildInterval=0
Schwarz(Jacobi)+Bicgstab:  Solving for k, Initial residual = 0.00024224250249408645, Final residual = 9.448685857211214e-06, No Iterations 3, Solve time = 100.488 ms
bounding k, min: -2.274109434707056e-05 max: 942.8729983996676 average: 9.15275697926015
[mem] after-turb: DEVICE_POOL current=19126 MB  actual(reserved)=38146 MB  highWater=21935 MB
ExecutionTime = 48.31 s  ClockTime = 49 s

Time = 1002
[mem] step-start: DEVICE_POOL current=19126 MB  actual(reserved)=38146 MB  highWater=21935 MB
Schwarz(Jacobi)+Bicgstab:  Solving for Ux, Initial residual = 7.875428823063551e-05, Final residual = 2.991969202260173e-06, No Iterations 3, Solve time = 236.759 ms
Schwarz(Jacobi)+Bicgstab:  Solving for Uy, Initial residual = 0.004033279421442776, Final residual = 0.00014042132144228742, No Iterations 3, Solve time = 236.759 ms
Schwarz(Jacobi)+Bicgstab:  Solving for Uz, Initial residual = 0.001119129902199568, Final residual = 4.126368478239348e-05, No Iterations 3, Solve time = 236.759 ms
[mem] after-UEqn: DEVICE_POOL current=19126 MB  actual(reserved)=38146 MB  highWater=24414 MB
[GinkgoSolver] p-cache: reuse(update_matrix_value) solve=2 rebuildInterval=0
config(Cg+Multigrid):  Solving for p, Initial residual = 0.0012785150727727228, Final residual = 1.27080522625143e-05, No Iterations 11, Solve time = 1438.229 ms
time step continuity errors : sum local = 3.2093928419745553e-06, global = 2.8607958023607637e-09, cumulative = 4.3270963351659336e-08
[mem] after-pEqn: DEVICE_POOL current=19126 MB  actual(reserved)=38146 MB  highWater=24414 MB
[GinkgoSolver] p-cache: reuse(update_matrix_value) solve=2 rebuildInterval=0
Schwarz(Jacobi)+Bicgstab:  Solving for omega, Initial residual = 1.3121875129609487e-05, Final residual = 8.757534414816446e-07, No Iterations 2, Solve time = 88.351 ms
bounding omega, min: -91660.16453207652 max: 45355982.852047935 average: 6373.633676759923
[GinkgoSolver] p-cache: reuse(update_matrix_value) solve=2 rebuildInterval=0
Schwarz(Jacobi)+Bicgstab:  Solving for k, Initial residual = 0.0002414920355283084, Final residual = 1.1414611944360297e-05, No Iterations 2, Solve time = 74.944 ms
bounding k, min: -0.00029163540123512243 max: 934.2342008635981 average: 9.152489629314198
[mem] after-turb: DEVICE_POOL current=19126 MB  actual(reserved)=38146 MB  highWater=24414 MB
ExecutionTime = 51.32 s  ClockTime = 52 s

Time = 1003
[mem] step-start: DEVICE_POOL current=19126 MB  actual(reserved)=38146 MB  highWater=24414 MB
Schwarz(Jacobi)+Bicgstab:  Solving for Ux, Initial residual = 7.858402205204296e-05, Final residual = 2.411402957293587e-06, No Iterations 3, Solve time = 233.891 ms
Schwarz(Jacobi)+Bicgstab:  Solving for Uy, Initial residual = 0.004029362745102889, Final residual = 0.0001365682128674407, No Iterations 3, Solve time = 233.891 ms
Schwarz(Jacobi)+Bicgstab:  Solving for Uz, Initial residual = 0.0011177277294256705, Final residual = 3.906842849712788e-05, No Iterations 3, Solve time = 233.891 ms
[mem] after-UEqn: DEVICE_POOL current=19126 MB  actual(reserved)=38146 MB  highWater=24414 MB
[GinkgoSolver] p-cache: reuse(update_matrix_value) solve=3 rebuildInterval=0
config(Cg+Multigrid):  Solving for p, Initial residual = 0.0012694408893230873, Final residual = 1.2671080804401869e-05, No Iterations 13, Solve time = 1675.104 ms
time step continuity errors : sum local = 3.200177102537524e-06, global = -2.6212612020801993e-09, cumulative = 4.064970214957914e-08
[mem] after-pEqn: DEVICE_POOL current=19126 MB  actual(reserved)=38146 MB  highWater=24414 MB
[GinkgoSolver] p-cache: reuse(update_matrix_value) solve=3 rebuildInterval=0
Schwarz(Jacobi)+Bicgstab:  Solving for omega, Initial residual = 1.297693631053735e-05, Final residual = 8.497131677917431e-07, No Iterations 2, Solve time = 87.867 ms
bounding omega, min: -36294.07908941842 max: 45355982.93767576 average: 6373.502251045622
[GinkgoSolver] p-cache: reuse(update_matrix_value) solve=3 rebuildInterval=0
Schwarz(Jacobi)+Bicgstab:  Solving for k, Initial residual = 0.00024127617110802736, Final residual = 1.3111829139166796e-05, No Iterations 2, Solve time = 74.044 ms
bounding k, min: -0.0006895104232791261 max: 921.9822627631278 average: 9.15231548782873
[mem] after-turb: DEVICE_POOL current=19126 MB  actual(reserved)=38146 MB  highWater=24414 MB
ExecutionTime = 54.56 s  ClockTime = 55 s

Time = 1004
[mem] step-start: DEVICE_POOL current=19126 MB  actual(reserved)=38146 MB  highWater=24414 MB
Schwarz(Jacobi)+Bicgstab:  Solving for Ux, Initial residual = 7.84778729333828e-05, Final residual = 2.051005346960781e-06, No Iterations 3, Solve time = 216.492 ms
Schwarz(Jacobi)+Bicgstab:  Solving for Uy, Initial residual = 0.0040237882526527, Final residual = 0.00013303394749289394, No Iterations 3, Solve time = 216.492 ms
Schwarz(Jacobi)+Bicgstab:  Solving for Uz, Initial residual = 0.001117327559561914, Final residual = 4.1254003106988626e-05, No Iterations 3, Solve time = 216.492 ms
[mem] after-UEqn: DEVICE_POOL current=19126 MB  actual(reserved)=38146 MB  highWater=24414 MB
[GinkgoSolver] p-cache: reuse(update_matrix_value) solve=4 rebuildInterval=0
config(Cg+Multigrid):  Solving for p, Initial residual = 0.001267279256586286, Final residual = 1.2586846332388763e-05, No Iterations 13, Solve time = 1676.051 ms
time step continuity errors : sum local = 3.1791373547371736e-06, global = -9.127055845527289e-09, cumulative = 3.152264630405185e-08
[mem] after-pEqn: DEVICE_POOL current=19126 MB  actual(reserved)=38146 MB  highWater=24414 MB
[GinkgoSolver] p-cache: reuse(update_matrix_value) solve=4 rebuildInterval=0
Schwarz(Jacobi)+Bicgstab:  Solving for omega, Initial residual = 1.2865558611805822e-05, Final residual = 8.408263806315186e-07, No Iterations 2, Solve time = 81.904 ms
bounding omega, min: -34575.757030140536 max: 45355983.020188846 average: 6373.6357551250185
[GinkgoSolver] p-cache: reuse(update_matrix_value) solve=4 rebuildInterval=0
Schwarz(Jacobi)+Bicgstab:  Solving for k, Initial residual = 0.00024123775576902865, Final residual = 1.3709380507987029e-05, No Iterations 2, Solve time = 74.411 ms
bounding k, min: -0.005370541146185744 max: 907.0616309261305 average: 9.152100662740338
[mem] after-turb: DEVICE_POOL current=19126 MB  actual(reserved)=38146 MB  highWater=24414 MB
ExecutionTime = 57.76 s  ClockTime = 59 s

Time = 1005
[mem] step-start: DEVICE_POOL current=19126 MB  actual(reserved)=38146 MB  highWater=24414 MB
Schwarz(Jacobi)+Bicgstab:  Solving for Ux, Initial residual = 7.836482918541595e-05, Final residual = 3.873518051712667e-06, No Iterations 2, Solve time = 165.575 ms
Schwarz(Jacobi)+Bicgstab:  Solving for Uy, Initial residual = 0.004018361345754675, Final residual = 0.00025011474204071616, No Iterations 2, Solve time = 165.575 ms
Schwarz(Jacobi)+Bicgstab:  Solving for Uz, Initial residual = 0.0011175247745205525, Final residual = 6.373200474432667e-05, No Iterations 2, Solve time = 165.575 ms
[mem] after-UEqn: DEVICE_POOL current=19126 MB  actual(reserved)=38146 MB  highWater=24414 MB
[GinkgoSolver] p-cache: reuse(update_matrix_value) solve=5 rebuildInterval=0
config(Cg+Multigrid):  Solving for p, Initial residual = 0.0012735157031026508, Final residual = 1.153388093420223e-05, No Iterations 9, Solve time = 1200.463 ms
time step continuity errors : sum local = 2.9130579819210603e-06, global = -1.1039126509900943e-08, cumulative = 2.048351979415091e-08
[mem] after-pEqn: DEVICE_POOL current=19126 MB  actual(reserved)=38146 MB  highWater=24414 MB
[GinkgoSolver] p-cache: reuse(update_matrix_value) solve=5 rebuildInterval=0
Schwarz(Jacobi)+Bicgstab:  Solving for omega, Initial residual = 1.284927467044787e-05, Final residual = 8.457441628951046e-07, No Iterations 2, Solve time = 86.231 ms
bounding omega, min: -35313.594275495474 max: 45355983.08609634 average: 6373.812223794859
[GinkgoSolver] p-cache: reuse(update_matrix_value) solve=5 rebuildInterval=0
Schwarz(Jacobi)+Bicgstab:  Solving for k, Initial residual = 0.00024164370307548, Final residual = 1.3721683035879868e-05, No Iterations 2, Solve time = 74.64 ms
bounding k, min: -0.0023055529342910497 max: 899.9607387046444 average: 9.15193163224336
[mem] after-turb: DEVICE_POOL current=19126 MB  actual(reserved)=38146 MB  highWater=24414 MB
ExecutionTime = 60.45 s  ClockTime = 61 s

Time = 1006
[mem] step-start: DEVICE_POOL current=19126 MB  actual(reserved)=38146 MB  highWater=24414 MB
Schwarz(Jacobi)+Bicgstab:  Solving for Ux, Initial residual = 7.845383475666551e-05, Final residual = 2.4602896510404062e-06, No Iterations 3, Solve time = 233.488 ms
Schwarz(Jacobi)+Bicgstab:  Solving for Uy, Initial residual = 0.0040102029353362, Final residual = 0.00015309314286627893, No Iterations 3, Solve time = 233.488 ms
Schwarz(Jacobi)+Bicgstab:  Solving for Uz, Initial residual = 0.00111914097102526, Final residual = 6.126278968932887e-05, No Iterations 3, Solve time = 233.488 ms
[mem] after-UEqn: DEVICE_POOL current=19126 MB  actual(reserved)=38146 MB  highWater=24414 MB
[GinkgoSolver] p-cache: reuse(update_matrix_value) solve=6 rebuildInterval=0
config(Cg+Multigrid):  Solving for p, Initial residual = 0.0012714987552310932, Final residual = 1.206154836118968e-05, No Iterations 9, Solve time = 1198.054 ms
time step continuity errors : sum local = 3.04600097349546e-06, global = -1.921160886892859e-08, cumulative = 1.271910925222318e-09
[mem] after-pEqn: DEVICE_POOL current=19126 MB  actual(reserved)=38146 MB  highWater=24414 MB
[GinkgoSolver] p-cache: reuse(update_matrix_value) solve=6 rebuildInterval=0
Schwarz(Jacobi)+Bicgstab:  Solving for omega, Initial residual = 1.2811573803023103e-05, Final residual = 8.412789828716702e-07, No Iterations 2, Solve time = 75.346 ms
bounding omega, min: -105092.22311618588 max: 45355983.127615 average: 6373.9883619112115
[GinkgoSolver] p-cache: reuse(update_matrix_value) solve=6 rebuildInterval=0
Schwarz(Jacobi)+Bicgstab:  Solving for k, Initial residual = 0.00024171156842818167, Final residual = 1.34931031730341e-05, No Iterations 2, Solve time = 73.958 ms
bounding k, min: -0.0023418720431372247 max: 894.1136155389208 average: 9.151717826607715
[mem] after-turb: DEVICE_POOL current=19126 MB  actual(reserved)=38146 MB  highWater=24414 MB
ExecutionTime = 63.22 s  ClockTime = 64 s

Time = 1007
[mem] step-start: DEVICE_POOL current=19126 MB  actual(reserved)=38146 MB  highWater=24414 MB
Schwarz(Jacobi)+Bicgstab:  Solving for Ux, Initial residual = 7.839321023748617e-05, Final residual = 4.254034886720816e-06, No Iterations 2, Solve time = 179.881 ms
Schwarz(Jacobi)+Bicgstab:  Solving for Uy, Initial residual = 0.004007796634247744, Final residual = 0.0005076864321788054, No Iterations 2, Solve time = 179.881 ms
Schwarz(Jacobi)+Bicgstab:  Solving for Uz, Initial residual = 0.0011199720822551423, Final residual = 7.056272007636283e-05, No Iterations 2, Solve time = 179.881 ms
[mem] after-UEqn: DEVICE_POOL current=19126 MB  actual(reserved)=38146 MB  highWater=24414 MB
[GinkgoSolver] p-cache: reuse(update_matrix_value) solve=7 rebuildInterval=0
config(Cg+Multigrid):  Solving for p, Initial residual = 0.0012853946655488895, Final residual = 1.0508886367793038e-05, No Iterations 15, Solve time = 1910.447 ms
time step continuity errors : sum local = 2.653505660729767e-06, global = -3.709706691356605e-08, cumulative = -3.582515598834373e-08
[mem] after-pEqn: DEVICE_POOL current=19126 MB  actual(reserved)=38146 MB  highWater=24414 MB
[GinkgoSolver] p-cache: reuse(update_matrix_value) solve=7 rebuildInterval=0
Schwarz(Jacobi)+Bicgstab:  Solving for omega, Initial residual = 1.2813039077394026e-05, Final residual = 8.377082688299225e-07, No Iterations 2, Solve time = 88.036 ms
bounding omega, min: -33138.77917840515 max: 45355983.11653523 average: 6374.084058261574
[GinkgoSolver] p-cache: reuse(update_matrix_value) solve=7 rebuildInterval=0
Schwarz(Jacobi)+Bicgstab:  Solving for k, Initial residual = 0.00024220369578801723, Final residual = 1.3417685747738452e-05, No Iterations 2, Solve time = 75.041 ms
bounding k, min: -0.0009456623904318187 max: 892.6126699184381 average: 9.151412733989625
[mem] after-turb: DEVICE_POOL current=19126 MB  actual(reserved)=38146 MB  highWater=24414 MB
ExecutionTime = 66.65000000000001 s  ClockTime = 68 s

Time = 1008
[mem] step-start: DEVICE_POOL current=19126 MB  actual(reserved)=38146 MB  highWater=24414 MB
Schwarz(Jacobi)+Bicgstab:  Solving for Ux, Initial residual = 7.857668175094753e-05, Final residual = 4.280859458134182e-06, No Iterations 2, Solve time = 181.017 ms
Schwarz(Jacobi)+Bicgstab:  Solving for Uy, Initial residual = 0.003986306971282016, Final residual = 0.0007359129143587298, No Iterations 2, Solve time = 181.017 ms
Schwarz(Jacobi)+Bicgstab:  Solving for Uz, Initial residual = 0.0011230557887692487, Final residual = 6.429567808894886e-05, No Iterations 2, Solve time = 181.017 ms
[mem] after-UEqn: DEVICE_POOL current=19126 MB  actual(reserved)=38146 MB  highWater=24414 MB
[GinkgoSolver] p-cache: reuse(update_matrix_value) solve=8 rebuildInterval=0
config(Cg+Multigrid):  Solving for p, Initial residual = 0.0012806689240489504, Final residual = 1.2788892221748962e-05, No Iterations 9, Solve time = 1198.932 ms
time step continuity errors : sum local = 3.228018848803297e-06, global = -3.494987341811783e-08, cumulative = -7.077502940646157e-08
[mem] after-pEqn: DEVICE_POOL current=19126 MB  actual(reserved)=38146 MB  highWater=24414 MB
[GinkgoSolver] p-cache: reuse(update_matrix_value) solve=8 rebuildInterval=0
Schwarz(Jacobi)+Bicgstab:  Solving for omega, Initial residual = 1.2782539092720346e-05, Final residual = 8.354804284179942e-07, No Iterations 2, Solve time = 88.431 ms
bounding omega, min: -38293.5418576734 max: 45355983.04111711 average: 6374.222494103644
[GinkgoSolver] p-cache: reuse(update_matrix_value) solve=8 rebuildInterval=0
Schwarz(Jacobi)+Bicgstab:  Solving for k, Initial residual = 0.00024211124888698894, Final residual = 1.3454948644143464e-05, No Iterations 2, Solve time = 74.38 ms
bounding k, min: -0.0008820395410512119 max: 891.2969579118678 average: 9.151218647587994
[mem] after-turb: DEVICE_POOL current=19126 MB  actual(reserved)=38146 MB  highWater=24414 MB
ExecutionTime = 69.37 s  ClockTime = 70 s

Time = 1009
[mem] step-start: DEVICE_POOL current=19126 MB  actual(reserved)=38146 MB  highWater=24414 MB
Schwarz(Jacobi)+Bicgstab:  Solving for Ux, Initial residual = 7.842452854756015e-05, Final residual = 2.6012662938194887e-06, No Iterations 3, Solve time = 227.128 ms
Schwarz(Jacobi)+Bicgstab:  Solving for Uy, Initial residual = 0.004037050972320574, Final residual = 0.00013488035606419412, No Iterations 3, Solve time = 227.128 ms
Schwarz(Jacobi)+Bicgstab:  Solving for Uz, Initial residual = 0.0011166642430633063, Final residual = 9.396726586319424e-05, No Iterations 3, Solve time = 227.128 ms
[mem] after-UEqn: DEVICE_POOL current=19126 MB  actual(reserved)=38146 MB  highWater=24414 MB
[GinkgoSolver] p-cache: reuse(update_matrix_value) solve=9 rebuildInterval=0
config(Cg+Multigrid):  Solving for p, Initial residual = 0.001287691293957651, Final residual = 1.1823167305479792e-05, No Iterations 15, Solve time = 1914.944 ms
time step continuity errors : sum local = 2.983334032507101e-06, global = -5.002878724242641e-08, cumulative = -1.2080381664888798e-07
[mem] after-pEqn: DEVICE_POOL current=19126 MB  actual(reserved)=38146 MB  highWater=24414 MB
[GinkgoSolver] p-cache: reuse(update_matrix_value) solve=9 rebuildInterval=0
Schwarz(Jacobi)+Bicgstab:  Solving for omega, Initial residual = 1.2747256165536859e-05, Final residual = 8.34149289470637e-07, No Iterations 2, Solve time = 79.969 ms
bounding omega, min: -37814.686633769925 max: 45355982.87238656 average: 6374.267908405222
[GinkgoSolver] p-cache: reuse(update_matrix_value) solve=9 rebuildInterval=0
Schwarz(Jacobi)+Bicgstab:  Solving for k, Initial residual = 0.00024219980455169368, Final residual = 1.3363731591815652e-05, No Iterations 2, Solve time = 75.185 ms
bounding k, min: -0.0015072794882186567 max: 891.9170912832284 average: 9.150655123859723
[mem] after-turb: DEVICE_POOL current=19126 MB  actual(reserved)=38146 MB  highWater=24414 MB
ExecutionTime = 72.83 s  ClockTime = 74 s

Time = 1010
[mem] step-start: DEVICE_POOL current=19126 MB  actual(reserved)=38146 MB  highWater=24414 MB
Schwarz(Jacobi)+Bicgstab:  Solving for Ux, Initial residual = 7.834425478032274e-05, Final residual = 2.847702115522896e-06, No Iterations 3, Solve time = 243.268 ms
Schwarz(Jacobi)+Bicgstab:  Solving for Uy, Initial residual = 0.004059709430577487, Final residual = 0.00013560961903728036, No Iterations 3, Solve time = 243.268 ms
Schwarz(Jacobi)+Bicgstab:  Solving for Uz, Initial residual = 0.001101962395410073, Final residual = 4.604186719971658e-05, No Iterations 3, Solve time = 243.268 ms
[mem] after-UEqn: DEVICE_POOL current=19126 MB  actual(reserved)=38146 MB  highWater=24414 MB
[GinkgoSolver] p-cache: reuse(update_matrix_value) solve=10 rebuildInterval=0
config(Cg+Multigrid):  Solving for p, Initial residual = 0.0012731310419555589, Final residual = 1.2522058477967182e-05, No Iterations 11, Solve time = 1435.51 ms
time step continuity errors : sum local = 3.1566664483370535e-06, global = -4.670093509900662e-08, cumulative = -1.675047517478946e-07
[mem] after-pEqn: DEVICE_POOL current=19126 MB  actual(reserved)=38146 MB  highWater=24414 MB
[GinkgoSolver] p-cache: reuse(update_matrix_value) solve=10 rebuildInterval=0
Schwarz(Jacobi)+Bicgstab:  Solving for omega, Initial residual = 1.2723837603703363e-05, Final residual = 8.335213353181269e-07, No Iterations 2, Solve time = 82.76 ms
bounding omega, min: -174280.5712581321 max: 45355982.67339066 average: 6374.2283863974935
[GinkgoSolver] p-cache: reuse(update_matrix_value) solve=10 rebuildInterval=0
Schwarz(Jacobi)+Bicgstab:  Solving for k, Initial residual = 0.0002422293602680821, Final residual = 1.3175875135644563e-05, No Iterations 2, Solve time = 74.609 ms
bounding k, min: -0.0019192519918206918 max: 892.1012947514029 average: 9.15004334337248
[mem] after-turb: DEVICE_POOL current=19126 MB  actual(reserved)=38146 MB  highWater=24414 MB
ExecutionTime = 75.81999999999999 s  ClockTime = 77 s

Time = 1011
[mem] step-start: DEVICE_POOL current=19126 MB  actual(reserved)=38146 MB  highWater=24414 MB
Schwarz(Jacobi)+Bicgstab:  Solving for Ux, Initial residual = 7.829053946063775e-05, Final residual = 3.2775398445009184e-06, No Iterations 3, Solve time = 226.45 ms
Schwarz(Jacobi)+Bicgstab:  Solving for Uy, Initial residual = 0.004072756758966484, Final residual = 0.00013711069941842527, No Iterations 3, Solve time = 226.45 ms
Schwarz(Jacobi)+Bicgstab:  Solving for Uz, Initial residual = 0.001096209347407358, Final residual = 4.065103131041513e-05, No Iterations 3, Solve time = 226.45 ms
[mem] after-UEqn: DEVICE_POOL current=19126 MB  actual(reserved)=38146 MB  highWater=24414 MB
[GinkgoSolver] p-cache: reuse(update_matrix_value) solve=11 rebuildInterval=0
config(Cg+Multigrid):  Solving for p, Initial residual = 0.0012693383685861012, Final residual = 1.0505505193871896e-05, No Iterations 17, Solve time = 2144.001 ms
time step continuity errors : sum local = 2.6466039302745554e-06, global = -5.12178734669292e-08, cumulative = -2.1872262521482382e-07
[mem] after-pEqn: DEVICE_POOL current=19126 MB  actual(reserved)=38146 MB  highWater=24414 MB
[GinkgoSolver] p-cache: reuse(update_matrix_value) solve=11 rebuildInterval=0
Schwarz(Jacobi)+Bicgstab:  Solving for omega, Initial residual = 1.270984140010065e-05, Final residual = 8.287090638489575e-07, No Iterations 2, Solve time = 87.252 ms
bounding omega, min: -37613.99390534016 max: 45355982.6491287 average: 6374.181912809561
[GinkgoSolver] p-cache: reuse(update_matrix_value) solve=11 rebuildInterval=0
Schwarz(Jacobi)+Bicgstab:  Solving for k, Initial residual = 0.0002422569851259022, Final residual = 1.2673584758002644e-05, No Iterations 2, Solve time = 73.269 ms
bounding k, min: -0.000542132222998027 max: 892.8437399822056 average: 9.149354301998947
[mem] after-turb: DEVICE_POOL current=19126 MB  actual(reserved)=38146 MB  highWater=24414 MB
ExecutionTime = 79.54000000000001 s  ClockTime = 80 s

Time = 1012
[mem] step-start: DEVICE_POOL current=19126 MB  actual(reserved)=38146 MB  highWater=24414 MB
Schwarz(Jacobi)+Bicgstab:  Solving for Ux, Initial residual = 7.829630281404489e-05, Final residual = 4.236009498261242e-06, No Iterations 2, Solve time = 176.555 ms
Schwarz(Jacobi)+Bicgstab:  Solving for Uy, Initial residual = 0.00407511811575771, Final residual = 0.0005226663795898709, No Iterations 2, Solve time = 176.555 ms
Schwarz(Jacobi)+Bicgstab:  Solving for Uz, Initial residual = 0.0010937555565178677, Final residual = 6.514051043981086e-05, No Iterations 2, Solve time = 176.555 ms
[mem] after-UEqn: DEVICE_POOL current=19126 MB  actual(reserved)=38146 MB  highWater=24414 MB
[GinkgoSolver] p-cache: reuse(update_matrix_value) solve=12 rebuildInterval=0
config(Cg+Multigrid):  Solving for p, Initial residual = 0.001287861429250575, Final residual = 1.1681959986068134e-05, No Iterations 9, Solve time = 1208.421 ms
time step continuity errors : sum local = 2.9375416826320124e-06, global = -4.6594982431773406e-08, cumulative = -2.653176076465972e-07
[mem] after-pEqn: DEVICE_POOL current=19126 MB  actual(reserved)=38146 MB  highWater=24414 MB
[GinkgoSolver] p-cache: reuse(update_matrix_value) solve=12 rebuildInterval=0
Schwarz(Jacobi)+Bicgstab:  Solving for omega, Initial residual = 1.2724597100450363e-05, Final residual = 8.3248772641194e-07, No Iterations 2, Solve time = 88.54 ms
bounding omega, min: -38408.40999838314 max: 45355982.67973071 average: 6374.043626097331
[GinkgoSolver] p-cache: reuse(update_matrix_value) solve=12 rebuildInterval=0
Schwarz(Jacobi)+Bicgstab:  Solving for k, Initial residual = 0.00024259085354757915, Final residual = 1.23802722471505e-05, No Iterations 2, Solve time = 78.249 ms
bounding k, min: -0.00016609482941385735 max: 893.0245617154179 average: 9.148551812257741
[mem] after-turb: DEVICE_POOL current=19126 MB  actual(reserved)=38146 MB  highWater=24414 MB
ExecutionTime = 82.27 s  ClockTime = 83 s

Time = 1013
[mem] step-start: DEVICE_POOL current=19126 MB  actual(reserved)=38146 MB  highWater=24414 MB
Schwarz(Jacobi)+Bicgstab:  Solving for Ux, Initial residual = 7.853877136108392e-05, Final residual = 2.9269291964494974e-06, No Iterations 3, Solve time = 234.618 ms
Schwarz(Jacobi)+Bicgstab:  Solving for Uy, Initial residual = 0.0040440225465029, Final residual = 0.00015332210396451355, No Iterations 3, Solve time = 234.618 ms
Schwarz(Jacobi)+Bicgstab:  Solving for Uz, Initial residual = 0.0010978683451010646, Final residual = 7.650077535183379e-05, No Iterations 3, Solve time = 234.618 ms
[mem] after-UEqn: DEVICE_POOL current=19126 MB  actual(reserved)=38146 MB  highWater=24414 MB
[GinkgoSolver] p-cache: reuse(update_matrix_value) solve=13 rebuildInterval=0
config(Cg+Multigrid):  Solving for p, Initial residual = 0.0012834600394570534, Final residual = 1.2532306069285345e-05, No Iterations 9, Solve time = 1202.208 ms
time step continuity errors : sum local = 3.1496981802863546e-06, global = -4.842807295046739e-08, cumulative = -3.137456805970646e-07
[mem] after-pEqn: DEVICE_POOL current=19126 MB  actual(reserved)=38146 MB  highWater=24414 MB
[GinkgoSolver] p-cache: reuse(update_matrix_value) solve=13 rebuildInterval=0
Schwarz(Jacobi)+Bicgstab:  Solving for omega, Initial residual = 1.2714177041197527e-05, Final residual = 8.354402150418494e-07, No Iterations 2, Solve time = 88.249 ms
bounding omega, min: -38872.11216267949 max: 45355982.72491692 average: 6373.854311048301
[GinkgoSolver] p-cache: reuse(update_matrix_value) solve=13 rebuildInterval=0
Schwarz(Jacobi)+Bicgstab:  Solving for k, Initial residual = 0.00024243357790026146, Final residual = 1.2202067659192128e-05, No Iterations 2, Solve time = 74.025 ms
bounding k, min: -0.0017080549507172277 max: 893.2236341276188 average: 9.147733043497707
[mem] after-turb: DEVICE_POOL current=19126 MB  actual(reserved)=38146 MB  highWater=24414 MB
ExecutionTime = 85.05 s  ClockTime = 86 s

Time = 1014
[mem] step-start: DEVICE_POOL current=19126 MB  actual(reserved)=38146 MB  highWater=24414 MB
Schwarz(Jacobi)+Bicgstab:  Solving for Ux, Initial residual = 7.852290234671021e-05, Final residual = 3.5258122303237537e-06, No Iterations 3, Solve time = 225.001 ms
Schwarz(Jacobi)+Bicgstab:  Solving for Uy, Initial residual = 0.00403042267654494, Final residual = 0.00014731179578387403, No Iterations 3, Solve time = 225.001 ms
Schwarz(Jacobi)+Bicgstab:  Solving for Uz, Initial residual = 0.0011034880317847692, Final residual = 5.053825276438638e-05, No Iterations 3, Solve time = 225.001 ms
[mem] after-UEqn: DEVICE_POOL current=19126 MB  actual(reserved)=38146 MB  highWater=24414 MB
[GinkgoSolver] p-cache: reuse(update_matrix_value) solve=14 rebuildInterval=0
config(Cg+Multigrid):  Solving for p, Initial residual = 0.0012810344558915946, Final residual = 1.2330736799519646e-05, No Iterations 11, Solve time = 1442.062 ms
time step continuity errors : sum local = 3.097343842295901e-06, global = -4.7172635427114664e-08, cumulative = -3.6091831602417925e-07
[mem] after-pEqn: DEVICE_POOL current=19126 MB  actual(reserved)=38146 MB  highWater=24414 MB
[GinkgoSolver] p-cache: reuse(update_matrix_value) solve=14 rebuildInterval=0
Schwarz(Jacobi)+Bicgstab:  Solving for omega, Initial residual = 1.2707271291804306e-05, Final residual = 8.365920273010356e-07, No Iterations 2, Solve time = 88.243 ms
bounding omega, min: -216163.54968181308 max: 45355982.75690166 average: 6373.581894544937
[GinkgoSolver] p-cache: reuse(update_matrix_value) solve=14 rebuildInterval=0
Schwarz(Jacobi)+Bicgstab:  Solving for k, Initial residual = 0.00024240703519561515, Final residual = 1.2105075214719607e-05, No Iterations 2, Solve time = 74.315 ms
bounding k, min: -0.0019798882647838606 max: 892.8208714428242 average: 9.14687386939704
[mem] after-turb: DEVICE_POOL current=19126 MB  actual(reserved)=38146 MB  highWater=24414 MB
ExecutionTime = 88.06 s  ClockTime = 89 s

Time = 1015
[mem] step-start: DEVICE_POOL current=19126 MB  actual(reserved)=38146 MB  highWater=24414 MB
Schwarz(Jacobi)+Bicgstab:  Solving for Ux, Initial residual = 7.85258405887473e-05, Final residual = 3.844799075917362e-06, No Iterations 3, Solve time = 230.168 ms
Schwarz(Jacobi)+Bicgstab:  Solving for Uy, Initial residual = 0.004029285523675113, Final residual = 0.00014112387596841518, No Iterations 3, Solve time = 230.168 ms
Schwarz(Jacobi)+Bicgstab:  Solving for Uz, Initial residual = 0.0011055120261036565, Final residual = 4.496685304672591e-05, No Iterations 3, Solve time = 230.168 ms
[mem] after-UEqn: DEVICE_POOL current=19126 MB  actual(reserved)=38146 MB  highWater=24414 MB
[GinkgoSolver] p-cache: reuse(update_matrix_value) solve=15 rebuildInterval=0
config(Cg+Multigrid):  Solving for p, Initial residual = 0.0012808523102918778, Final residual = 1.1597963734626586e-05, No Iterations 13, Solve time = 1675.645 ms
time step continuity errors : sum local = 2.911261968773682e-06, global = -4.46781144598965e-08, cumulative = -4.055964304840758e-07
[mem] after-pEqn: DEVICE_POOL current=19126 MB  actual(reserved)=38146 MB  highWater=24414 MB
[GinkgoSolver] p-cache: reuse(update_matrix_value) solve=15 rebuildInterval=0
Schwarz(Jacobi)+Bicgstab:  Solving for omega, Initial residual = 1.270794965951902e-05, Final residual = 8.343363083681423e-07, No Iterations 2, Solve time = 88.6 ms
bounding omega, min: -51373.49887510443 max: 45355982.75404744 average: 6373.37009876657
[GinkgoSolver] p-cache: reuse(update_matrix_value) solve=15 rebuildInterval=0
Schwarz(Jacobi)+Bicgstab:  Solving for k, Initial residual = 0.00024240740027776394, Final residual = 1.219226091289662e-05, No Iterations 2, Solve time = 74.324 ms
bounding k, min: -0.002128885170379076 max: 892.3040819769491 average: 9.146001888172595
[mem] after-turb: DEVICE_POOL current=19126 MB  actual(reserved)=38146 MB  highWater=24414 MB
ExecutionTime = 91.28 s  ClockTime = 92 s

Time = 1016
[mem] step-start: DEVICE_POOL current=19126 MB  actual(reserved)=38146 MB  highWater=24414 MB
Schwarz(Jacobi)+Bicgstab:  Solving for Ux, Initial residual = 7.85271219010097e-05, Final residual = 3.5841673363242692e-06, No Iterations 3, Solve time = 234.187 ms
Schwarz(Jacobi)+Bicgstab:  Solving for Uy, Initial residual = 0.004037800531780702, Final residual = 0.00013554780559863516, No Iterations 3, Solve time = 234.187 ms
Schwarz(Jacobi)+Bicgstab:  Solving for Uz, Initial residual = 0.0011047094439041495, Final residual = 4.297667033121116e-05, No Iterations 3, Solve time = 234.187 ms
[mem] after-UEqn: DEVICE_POOL current=19126 MB  actual(reserved)=38146 MB  highWater=24414 MB
[GinkgoSolver] p-cache: reuse(update_matrix_value) solve=16 rebuildInterval=0
config(Cg+Multigrid):  Solving for p, Initial residual = 0.0012810347701216916, Final residual = 1.238057665568506e-05, No Iterations 11, Solve time = 1441.043 ms
time step continuity errors : sum local = 3.105061633986181e-06, global = -3.9135877550498674e-08, cumulative = -4.4473230803457445e-07
[mem] after-pEqn: DEVICE_POOL current=19126 MB  actual(reserved)=38146 MB  highWater=24414 MB
[GinkgoSolver] p-cache: reuse(update_matrix_value) solve=16 rebuildInterval=0
Schwarz(Jacobi)+Bicgstab:  Solving for omega, Initial residual = 1.2706797473273635e-05, Final residual = 8.33895806816603e-07, No Iterations 2, Solve time = 88.35 ms
bounding omega, min: -48782.144391183836 max: 45355982.706259646 average: 6373.085799195479
[GinkgoSolver] p-cache: reuse(update_matrix_value) solve=16 rebuildInterval=0
Schwarz(Jacobi)+Bicgstab:  Solving for k, Initial residual = 0.00024239802272107256, Final residual = 1.2231045031536776e-05, No Iterations 2, Solve time = 73.901 ms
bounding k, min: -0.0025717624926897137 max: 891.3894061617065 average: 9.14511149331018
[mem] after-turb: DEVICE_POOL current=19126 MB  actual(reserved)=38146 MB  highWater=24414 MB
ExecutionTime = 94.3 s  ClockTime = 95 s

Time = 1017
[mem] step-start: DEVICE_POOL current=19126 MB  actual(reserved)=38146 MB  highWater=24414 MB
Schwarz(Jacobi)+Bicgstab:  Solving for Ux, Initial residual = 7.850982862153755e-05, Final residual = 4.20866406431153e-06, No Iterations 2, Solve time = 177.658 ms
Schwarz(Jacobi)+Bicgstab:  Solving for Uy, Initial residual = 0.004052277763240073, Final residual = 0.0007735569370747195, No Iterations 2, Solve time = 177.658 ms
Schwarz(Jacobi)+Bicgstab:  Solving for Uz, Initial residual = 0.001101716850008993, Final residual = 7.536295472648853e-05, No Iterations 2, Solve time = 177.658 ms
[mem] after-UEqn: DEVICE_POOL current=19126 MB  actual(reserved)=38146 MB  highWater=24414 MB
[GinkgoSolver] p-cache: reuse(update_matrix_value) solve=17 rebuildInterval=0
config(Cg+Multigrid):  Solving for p, Initial residual = 0.001295504949322867, Final residual = 1.1753195063430778e-05, No Iterations 11, Solve time = 1448.117 ms
time step continuity errors : sum local = 2.946284912270634e-06, global = -2.8881483252664562e-08, cumulative = -4.73613791287239e-07
[mem] after-pEqn: DEVICE_POOL current=19126 MB  actual(reserved)=38146 MB  highWater=24414 MB
[GinkgoSolver] p-cache: reuse(update_matrix_value) solve=17 rebuildInterval=0
Schwarz(Jacobi)+Bicgstab:  Solving for omega, Initial residual = 1.2742466020710046e-05, Final residual = 8.429313565082053e-07, No Iterations 2, Solve time = 87.856 ms
bounding omega, min: -52993.02822701952 max: 45355982.64050403 average: 6372.7522711391275
[GinkgoSolver] p-cache: reuse(update_matrix_value) solve=17 rebuildInterval=0
Schwarz(Jacobi)+Bicgstab:  Solving for k, Initial residual = 0.00024282117472889642, Final residual = 1.2359444273913724e-05, No Iterations 2, Solve time = 74.477 ms
bounding k, min: -0.005652288625350013 max: 890.28416233546 average: 9.144148358881012
[mem] after-turb: DEVICE_POOL current=19126 MB  actual(reserved)=38146 MB  highWater=24414 MB
ExecutionTime = 97.27 s  ClockTime = 98 s

Time = 1018
[mem] step-start: DEVICE_POOL current=19126 MB  actual(reserved)=38146 MB  highWater=24414 MB
Schwarz(Jacobi)+Bicgstab:  Solving for Ux, Initial residual = 7.877235167157745e-05, Final residual = 3.323886553228407e-06, No Iterations 3, Solve time = 225.433 ms
Schwarz(Jacobi)+Bicgstab:  Solving for Uy, Initial residual = 0.004028120799231952, Final residual = 0.00015656554553091612, No Iterations 3, Solve time = 225.433 ms
Schwarz(Jacobi)+Bicgstab:  Solving for Uz, Initial residual = 0.001104848238508895, Final residual = 5.94897583019181e-05, No Iterations 3, Solve time = 225.433 ms
[mem] after-UEqn: DEVICE_POOL current=19126 MB  actual(reserved)=38146 MB  highWater=24414 MB
[GinkgoSolver] p-cache: reuse(update_matrix_value) solve=18 rebuildInterval=0
config(Cg+Multigrid):  Solving for p, Initial residual = 0.001286307821802909, Final residual = 1.2188733207408632e-05, No Iterations 11, Solve time = 1441.313 ms
time step continuity errors : sum local = 3.0543978383144787e-06, global = -2.567117051500972e-08, cumulative = -4.992849618022487e-07
[mem] after-pEqn: DEVICE_POOL current=19126 MB  actual(reserved)=38146 MB  highWater=24414 MB
[GinkgoSolver] p-cache: reuse(update_matrix_value) solve=18 rebuildInterval=0
Schwarz(Jacobi)+Bicgstab:  Solving for omega, Initial residual = 1.2755237992627944e-05, Final residual = 8.445570216418461e-07, No Iterations 2, Solve time = 88.409 ms
bounding omega, min: -309710.1841673995 max: 45355982.58762039 average: 6372.416306051106
[GinkgoSolver] p-cache: reuse(update_matrix_value) solve=18 rebuildInterval=0
Schwarz(Jacobi)+Bicgstab:  Solving for k, Initial residual = 0.00024280504726906916, Final residual = 1.2395337799476536e-05, No Iterations 2, Solve time = 74.113 ms
bounding k, min: -0.004098270973162801 max: 888.8720646405993 average: 9.143298577836697
[mem] after-turb: DEVICE_POOL current=19126 MB  actual(reserved)=38146 MB  highWater=24414 MB
ExecutionTime = 100.27 s  ClockTime = 101 s

Time = 1019
[mem] step-start: DEVICE_POOL current=19126 MB  actual(reserved)=38146 MB  highWater=24414 MB
Schwarz(Jacobi)+Bicgstab:  Solving for Ux, Initial residual = 7.882808939299993e-05, Final residual = 3.257467845040156e-06, No Iterations 3, Solve time = 231.589 ms
Schwarz(Jacobi)+Bicgstab:  Solving for Uy, Initial residual = 0.004034357643450723, Final residual = 0.00015059441393855286, No Iterations 3, Solve time = 231.589 ms
Schwarz(Jacobi)+Bicgstab:  Solving for Uz, Initial residual = 0.0011028172554689824, Final residual = 6.403942058573436e-05, No Iterations 3, Solve time = 231.589 ms
[mem] after-UEqn: DEVICE_POOL current=19126 MB  actual(reserved)=38146 MB  highWater=24414 MB
[GinkgoSolver] p-cache: reuse(update_matrix_value) solve=19 rebuildInterval=0
config(Cg+Multigrid):  Solving for p, Initial residual = 0.0012862421462315856, Final residual = 1.2376741280156712e-05, No Iterations 11, Solve time = 1425.406 ms
time step continuity errors : sum local = 3.1006974885143193e-06, global = -2.3114255382358275e-08, cumulative = -5.22399217184607e-07
[mem] after-pEqn: DEVICE_POOL current=19126 MB  actual(reserved)=38146 MB  highWater=24414 MB
[GinkgoSolver] p-cache: reuse(update_matrix_value) solve=19 rebuildInterval=0
Schwarz(Jacobi)+Bicgstab:  Solving for omega, Initial residual = 1.2760274589960761e-05, Final residual = 8.409723657838314e-07, No Iterations 2, Solve time = 88.351 ms
bounding omega, min: -55357.31974668626 max: 45355982.57495701 average: 6372.151304989213
[GinkgoSolver] p-cache: reuse(update_matrix_value) solve=19 rebuildInterval=0
Schwarz(Jacobi)+Bicgstab:  Solving for k, Initial residual = 0.0002428176325640269, Final residual = 1.2481050178156802e-05, No Iterations 2, Solve time = 73.727 ms
bounding k, min: -0.004387783508619042 max: 887.3758641928682 average: 9.142519154020954
[mem] after-turb: DEVICE_POOL current=19126 MB  actual(reserved)=38146 MB  highWater=24414 MB
ExecutionTime = 103.26 s  ClockTime = 104 s

Time = 1020
[mem] step-start: DEVICE_POOL current=19126 MB  actual(reserved)=38146 MB  highWater=24414 MB
Schwarz(Jacobi)+Bicgstab:  Solving for Ux, Initial residual = 7.884153762705639e-05, Final residual = 3.4137785403899646e-06, No Iterations 3, Solve time = 233.217 ms
Schwarz(Jacobi)+Bicgstab:  Solving for Uy, Initial residual = 0.004052870345412878, Final residual = 0.00014452974710973593, No Iterations 3, Solve time = 233.217 ms
Schwarz(Jacobi)+Bicgstab:  Solving for Uz, Initial residual = 0.001099985764672287, Final residual = 3.81547478105443e-05, No Iterations 3, Solve time = 233.217 ms
[mem] after-UEqn: DEVICE_POOL current=19126 MB  actual(reserved)=38146 MB  highWater=24414 MB
[GinkgoSolver] p-cache: reuse(update_matrix_value) solve=20 rebuildInterval=0
config(Cg+Multigrid):  Solving for p, Initial residual = 0.0012891128143016463, Final residual = 1.2474620401683751e-05, No Iterations 11, Solve time = 1436.901 ms
time step continuity errors : sum local = 3.124619646518936e-06, global = -2.0894908251795787e-08, cumulative = -5.432941254364028e-07
[mem] after-pEqn: DEVICE_POOL current=19126 MB  actual(reserved)=38146 MB  highWater=24414 MB
[GinkgoSolver] p-cache: reuse(update_matrix_value) solve=20 rebuildInterval=0
Schwarz(Jacobi)+Bicgstab:  Solving for omega, Initial residual = 1.2751362152219545e-05, Final residual = 8.374945339452464e-07, No Iterations 2, Solve time = 79.412 ms
bounding omega, min: -44649.30857883614 max: 45355982.57932993 average: 6371.859962985875
[GinkgoSolver] p-cache: reuse(update_matrix_value) solve=20 rebuildInterval=0
Schwarz(Jacobi)+Bicgstab:  Solving for k, Initial residual = 0.00024283082971604525, Final residual = 1.255863938007066e-05, No Iterations 2, Solve time = 76.953 ms
bounding k, min: -0.005502190975898283 max: 885.7362516676841 average: 9.14176453515547
[mem] after-turb: DEVICE_POOL current=19126 MB  actual(reserved)=38146 MB  highWater=24414 MB
ExecutionTime = 106.25 s  ClockTime = 107 s

Time = 1021
[mem] step-start: DEVICE_POOL current=19126 MB  actual(reserved)=38146 MB  highWater=24414 MB
Schwarz(Jacobi)+Bicgstab:  Solving for Ux, Initial residual = 7.883732272205049e-05, Final residual = 3.40641376136366e-06, No Iterations 3, Solve time = 239.55 ms
Schwarz(Jacobi)+Bicgstab:  Solving for Uy, Initial residual = 0.0040763354268992524, Final residual = 0.00014105545948412594, No Iterations 3, Solve time = 239.55 ms
Schwarz(Jacobi)+Bicgstab:  Solving for Uz, Initial residual = 0.0010950876937968295, Final residual = 3.770719049921489e-05, No Iterations 3, Solve time = 239.55 ms
[mem] after-UEqn: DEVICE_POOL current=19126 MB  actual(reserved)=38146 MB  highWater=24414 MB
[GinkgoSolver] p-cache: reuse(update_matrix_value) solve=21 rebuildInterval=0
config(Cg+Multigrid):  Solving for p, Initial residual = 0.001288363975710726, Final residual = 1.2505892466370626e-05, No Iterations 11, Solve time = 1430.187 ms
time step continuity errors : sum local = 3.1320170381409264e-06, global = -1.9707543471655464e-08, cumulative = -5.630016689080584e-07
[mem] after-pEqn: DEVICE_POOL current=19126 MB  actual(reserved)=38146 MB  highWater=24414 MB
[GinkgoSolver] p-cache: reuse(update_matrix_value) solve=21 rebuildInterval=0
Schwarz(Jacobi)+Bicgstab:  Solving for omega, Initial residual = 1.2749804082390746e-05, Final residual = 8.403191913691177e-07, No Iterations 2, Solve time = 83.755 ms
bounding omega, min: -56922.2809154753 max: 45355982.59146831 average: 6371.616685158904
[GinkgoSolver] p-cache: reuse(update_matrix_value) solve=21 rebuildInterval=0
Schwarz(Jacobi)+Bicgstab:  Solving for k, Initial residual = 0.00024284708545540507, Final residual = 1.2623087453287206e-05, No Iterations 2, Solve time = 74.54 ms
bounding k, min: -0.002493030496600393 max: 884.1000650440694 average: 9.141028476898166
[mem] after-turb: DEVICE_POOL current=19126 MB  actual(reserved)=38146 MB  highWater=24414 MB
ExecutionTime = 109.27 s  ClockTime = 110 s

Time = 1022
[mem] step-start: DEVICE_POOL current=19126 MB  actual(reserved)=38146 MB  highWater=24414 MB
Schwarz(Jacobi)+Bicgstab:  Solving for Ux, Initial residual = 7.881796635360381e-05, Final residual = 3.370041178014257e-06, No Iterations 3, Solve time = 237.441 ms
Schwarz(Jacobi)+Bicgstab:  Solving for Uy, Initial residual = 0.0040983191197592785, Final residual = 0.0001408146886722294, No Iterations 3, Solve time = 237.441 ms
Schwarz(Jacobi)+Bicgstab:  Solving for Uz, Initial residual = 0.001091491776454152, Final residual = 2.9301602115962063e-05, No Iterations 3, Solve time = 237.441 ms
[mem] after-UEqn: DEVICE_POOL current=19126 MB  actual(reserved)=38146 MB  highWater=24414 MB
[GinkgoSolver] p-cache: reuse(update_matrix_value) solve=22 rebuildInterval=0
config(Cg+Multigrid):  Solving for p, Initial residual = 0.0012860830188108564, Final residual = 1.1778079305492804e-05, No Iterations 11, Solve time = 1445.632 ms
time step continuity errors : sum local = 2.9494247898405084e-06, global = -1.8936189546993038e-08, cumulative = -5.819378584550514e-07
[mem] after-pEqn: DEVICE_POOL current=19126 MB  actual(reserved)=38146 MB  highWater=24414 MB
[GinkgoSolver] p-cache: reuse(update_matrix_value) solve=22 rebuildInterval=0
Schwarz(Jacobi)+Bicgstab:  Solving for omega, Initial residual = 1.2745328938491916e-05, Final residual = 8.404173588428074e-07, No Iterations 2, Solve time = 87.557 ms
bounding omega, min: -304495.07045041356 max: 45355982.608223766 average: 6371.363638771069
[GinkgoSolver] p-cache: reuse(update_matrix_value) solve=22 rebuildInterval=0
Schwarz(Jacobi)+Bicgstab:  Solving for k, Initial residual = 0.00024284909506026912, Final residual = 1.2923998780903116e-05, No Iterations 2, Solve time = 74.43 ms
bounding k, min: -0.0044063875962546545 max: 882.4496751642648 average: 9.140273908959138
[mem] after-turb: DEVICE_POOL current=19126 MB  actual(reserved)=38146 MB  highWater=24414 MB
ExecutionTime = 112.27 s  ClockTime = 113 s

Time = 1023
[mem] step-start: DEVICE_POOL current=19126 MB  actual(reserved)=38146 MB  highWater=24414 MB
Schwarz(Jacobi)+Bicgstab:  Solving for Ux, Initial residual = 7.880554306847521e-05, Final residual = 3.531955464563441e-06, No Iterations 3, Solve time = 242.184 ms
Schwarz(Jacobi)+Bicgstab:  Solving for Uy, Initial residual = 0.004116106458882077, Final residual = 0.00014208737398413744, No Iterations 3, Solve time = 242.184 ms
Schwarz(Jacobi)+Bicgstab:  Solving for Uz, Initial residual = 0.001088655736089532, Final residual = 3.477225684603654e-05, No Iterations 3, Solve time = 242.184 ms
[mem] after-UEqn: DEVICE_POOL current=19126 MB  actual(reserved)=38146 MB  highWater=24414 MB
[GinkgoSolver] p-cache: reuse(update_matrix_value) solve=23 rebuildInterval=0
config(Cg+Multigrid):  Solving for p, Initial residual = 0.0012820623305848501, Final residual = 1.1666917112838278e-05, No Iterations 11, Solve time = 1448.961 ms
time step continuity errors : sum local = 2.921318639107962e-06, global = -1.8648369790875574e-08, cumulative = -6.005862282459269e-07
[mem] after-pEqn: DEVICE_POOL current=19126 MB  actual(reserved)=38146 MB  highWater=24414 MB
[GinkgoSolver] p-cache: reuse(update_matrix_value) solve=23 rebuildInterval=0
Schwarz(Jacobi)+Bicgstab:  Solving for omega, Initial residual = 1.2753449598806606e-05, Final residual = 8.366372685116988e-07, No Iterations 2, Solve time = 88.223 ms
bounding omega, min: -59401.33700656666 max: 45355982.626136474 average: 6371.185647456458
[GinkgoSolver] p-cache: reuse(update_matrix_value) solve=23 rebuildInterval=0
Schwarz(Jacobi)+Bicgstab:  Solving for k, Initial residual = 0.00024290880448253727, Final residual = 1.410120109290104e-05, No Iterations 2, Solve time = 74.138 ms
bounding k, min: -0.0037841895174673956 max: 880.8915628947635 average: 9.139513283712
[mem] after-turb: DEVICE_POOL current=19126 MB  actual(reserved)=38146 MB  highWater=24414 MB
ExecutionTime = 115.31 s  ClockTime = 116 s

Time = 1024
[mem] step-start: DEVICE_POOL current=19126 MB  actual(reserved)=38146 MB  highWater=24414 MB
Schwarz(Jacobi)+Bicgstab:  Solving for Ux, Initial residual = 7.882412993724876e-05, Final residual = 4.390221190033265e-06, No Iterations 2, Solve time = 173.328 ms
Schwarz(Jacobi)+Bicgstab:  Solving for Uy, Initial residual = 0.004128154549166764, Final residual = 0.0003645161794479929, No Iterations 2, Solve time = 173.328 ms
Schwarz(Jacobi)+Bicgstab:  Solving for Uz, Initial residual = 0.0010878569690538642, Final residual = 7.693753814657857e-05, No Iterations 2, Solve time = 173.328 ms
[mem] after-UEqn: DEVICE_POOL current=19126 MB  actual(reserved)=38146 MB  highWater=24414 MB
[GinkgoSolver] p-cache: reuse(update_matrix_value) solve=24 rebuildInterval=0
config(Cg+Multigrid):  Solving for p, Initial residual = 0.0012866838566775894, Final residual = 1.082115909381089e-05, No Iterations 11, Solve time = 1443.015 ms
time step continuity errors : sum local = 2.709310405214819e-06, global = -1.8039070765999948e-08, cumulative = -6.186252990119269e-07
[mem] after-pEqn: DEVICE_POOL current=19126 MB  actual(reserved)=38146 MB  highWater=24414 MB
[GinkgoSolver] p-cache: reuse(update_matrix_value) solve=24 rebuildInterval=0
Schwarz(Jacobi)+Bicgstab:  Solving for omega, Initial residual = 1.2796150190753862e-05, Final residual = 8.406929845741931e-07, No Iterations 2, Solve time = 80.588 ms
bounding omega, min: -53761.7387767388 max: 45355982.638950035 average: 6371.025343847705
[GinkgoSolver] p-cache: reuse(update_matrix_value) solve=24 rebuildInterval=0
Schwarz(Jacobi)+Bicgstab:  Solving for k, Initial residual = 0.0002433578054384956, Final residual = 1.6925596363877828e-05, No Iterations 2, Solve time = 74.629 ms
bounding k, min: -0.014304136195039147 max: 879.4446069209296 average: 9.13875769197301
[mem] after-turb: DEVICE_POOL current=19126 MB  actual(reserved)=38146 MB  highWater=24414 MB
ExecutionTime = 118.27 s  ClockTime = 119 s

Time = 1025
[mem] step-start: DEVICE_POOL current=19126 MB  actual(reserved)=38146 MB  highWater=24414 MB
Schwarz(Jacobi)+Bicgstab:  Solving for Ux, Initial residual = 7.903346483032057e-05, Final residual = 4.478857338012848e-06, No Iterations 2, Solve time = 191.288 ms
Schwarz(Jacobi)+Bicgstab:  Solving for Uy, Initial residual = 0.004118064808119669, Final residual = 0.0007273600645991373, No Iterations 2, Solve time = 191.288 ms
Schwarz(Jacobi)+Bicgstab:  Solving for Uz, Initial residual = 0.0010932437604199846, Final residual = 7.429880738769015e-05, No Iterations 2, Solve time = 191.288 ms
[mem] after-UEqn: DEVICE_POOL current=19126 MB  actual(reserved)=38146 MB  highWater=24414 MB
[GinkgoSolver] p-cache: reuse(update_matrix_value) solve=25 rebuildInterval=0
config(Cg+Multigrid):  Solving for p, Initial residual = 0.0012848104132475546, Final residual = 1.211389538170245e-05, No Iterations 9, Solve time = 1208.621 ms
time step continuity errors : sum local = 3.0326126674798733e-06, global = -2.39262609387809e-08, cumulative = -6.425515599507078e-07
[mem] after-pEqn: DEVICE_POOL current=19126 MB  actual(reserved)=38146 MB  highWater=24414 MB
[GinkgoSolver] p-cache: reuse(update_matrix_value) solve=25 rebuildInterval=0
Schwarz(Jacobi)+Bicgstab:  Solving for omega, Initial residual = 1.284224483077867e-05, Final residual = 8.452492062420511e-07, No Iterations 2, Solve time = 80.512 ms
bounding omega, min: -59488.83800268464 max: 45355982.648371525 average: 6370.957340288696
[GinkgoSolver] p-cache: reuse(update_matrix_value) solve=25 rebuildInterval=0
Schwarz(Jacobi)+Bicgstab:  Solving for k, Initial residual = 0.00024365585576905502, Final residual = 2.0363693212156522e-05, No Iterations 2, Solve time = 74.28 ms
bounding k, min: -0.015543754537884577 max: 878.132297484015 average: 9.138184601071824
[mem] after-turb: DEVICE_POOL current=19126 MB  actual(reserved)=38146 MB  highWater=24414 MB
ExecutionTime = 121 s  ClockTime = 122 s

Time = 1026
[mem] step-start: DEVICE_POOL current=19126 MB  actual(reserved)=38146 MB  highWater=24414 MB
Schwarz(Jacobi)+Bicgstab:  Solving for Ux, Initial residual = 7.900091730348641e-05, Final residual = 3.63980032214835e-06, No Iterations 3, Solve time = 236.147 ms
Schwarz(Jacobi)+Bicgstab:  Solving for Uy, Initial residual = 0.004167925966203546, Final residual = 0.0001333699131733484, No Iterations 3, Solve time = 236.147 ms
Schwarz(Jacobi)+Bicgstab:  Solving for Uz, Initial residual = 0.0010928142296909634, Final residual = 4.967127035395485e-05, No Iterations 3, Solve time = 236.147 ms
[mem] after-UEqn: DEVICE_POOL current=19126 MB  actual(reserved)=38146 MB  highWater=24414 MB
[GinkgoSolver] p-cache: reuse(update_matrix_value) solve=26 rebuildInterval=0
config(Cg+Multigrid):  Solving for p, Initial residual = 0.0012852948278428312, Final residual = 1.1645503801420854e-05, No Iterations 11, Solve time = 1439.913 ms
time step continuity errors : sum local = 2.9150886228292176e-06, global = -1.954569246287394e-08, cumulative = -6.620972524135817e-07
[mem] after-pEqn: DEVICE_POOL current=19126 MB  actual(reserved)=38146 MB  highWater=24414 MB
[GinkgoSolver] p-cache: reuse(update_matrix_value) solve=26 rebuildInterval=0
Schwarz(Jacobi)+Bicgstab:  Solving for omega, Initial residual = 1.2866693059791721e-05, Final residual = 8.419986143676863e-07, No Iterations 2, Solve time = 87.826 ms
bounding omega, min: -305784.4811074719 max: 45355982.65002828 average: 6370.898452132683
[GinkgoSolver] p-cache: reuse(update_matrix_value) solve=26 rebuildInterval=0
Schwarz(Jacobi)+Bicgstab:  Solving for k, Initial residual = 0.0002444116933542616, Final residual = 5.408963139403478e-06, No Iterations 3, Solve time = 97.593 ms
bounding k, min: -8.322910050538514e-06 max: 876.9841736365652 average: 9.137861568031049
[mem] after-turb: DEVICE_POOL current=19126 MB  actual(reserved)=38146 MB  highWater=24414 MB
ExecutionTime = 124.03 s  ClockTime = 125 s

Time = 1027
[mem] step-start: DEVICE_POOL current=19126 MB  actual(reserved)=38146 MB  highWater=24414 MB
Schwarz(Jacobi)+Bicgstab:  Solving for Ux, Initial residual = 7.909382230820305e-05, Final residual = 2.6647165302944207e-06, No Iterations 3, Solve time = 230.476 ms
Schwarz(Jacobi)+Bicgstab:  Solving for Uy, Initial residual = 0.00417718196737597, Final residual = 0.00013375541300784773, No Iterations 3, Solve time = 230.476 ms
Schwarz(Jacobi)+Bicgstab:  Solving for Uz, Initial residual = 0.0010915735503165941, Final residual = 4.616641517952777e-05, No Iterations 3, Solve time = 230.476 ms
[mem] after-UEqn: DEVICE_POOL current=19126 MB  actual(reserved)=38146 MB  highWater=24414 MB
[GinkgoSolver] p-cache: reuse(update_matrix_value) solve=27 rebuildInterval=0
config(Cg+Multigrid):  Solving for p, Initial residual = 0.0012830367331057788, Final residual = 1.1992866024742991e-05, No Iterations 11, Solve time = 1446.086 ms
time step continuity errors : sum local = 3.001556751146102e-06, global = -1.7840708768848068e-08, cumulative = -6.799379611824297e-07
[mem] after-pEqn: DEVICE_POOL current=19126 MB  actual(reserved)=38146 MB  highWater=24414 MB
[GinkgoSolver] p-cache: reuse(update_matrix_value) solve=27 rebuildInterval=0
Schwarz(Jacobi)+Bicgstab:  Solving for omega, Initial residual = 1.2658978041312538e-05, Final residual = 8.362012200410101e-07, No Iterations 2, Solve time = 87.519 ms
bounding omega, min: -56155.6054906685 max: 45355982.6483518 average: 6370.887142021544
[GinkgoSolver] p-cache: reuse(update_matrix_value) solve=27 rebuildInterval=0
Schwarz(Jacobi)+Bicgstab:  Solving for k, Initial residual = 0.00024366230349655074, Final residual = 1.1963156684132395e-05, No Iterations 2, Solve time = 74.601 ms
[mem] after-turb: DEVICE_POOL current=19126 MB  actual(reserved)=38146 MB  highWater=24414 MB
ExecutionTime = 127.04 s  ClockTime = 128 s

Time = 1028
[mem] step-start: DEVICE_POOL current=19126 MB  actual(reserved)=38146 MB  highWater=24414 MB
Schwarz(Jacobi)+Bicgstab:  Solving for Ux, Initial residual = 7.906257985677541e-05, Final residual = 3.76841426112095e-06, No Iterations 2, Solve time = 168.226 ms
Schwarz(Jacobi)+Bicgstab:  Solving for Uy, Initial residual = 0.004182465016038912, Final residual = 0.0007791701347089615, No Iterations 2, Solve time = 168.226 ms
Schwarz(Jacobi)+Bicgstab:  Solving for Uz, Initial residual = 0.0010915007770242902, Final residual = 7.746210695174097e-05, No Iterations 2, Solve time = 168.226 ms
[mem] after-UEqn: DEVICE_POOL current=19126 MB  actual(reserved)=38146 MB  highWater=24414 MB
[GinkgoSolver] p-cache: reuse(update_matrix_value) solve=28 rebuildInterval=0
config(Cg+Multigrid):  Solving for p, Initial residual = 0.0013080257362823912, Final residual = 1.2803730436803349e-05, No Iterations 13, Solve time = 1678.164 ms
time step continuity errors : sum local = 3.2039278431163262e-06, global = -1.8014374393374414e-08, cumulative = -6.979523355758041e-07
[mem] after-pEqn: DEVICE_POOL current=19126 MB  actual(reserved)=38146 MB  highWater=24414 MB
[GinkgoSolver] p-cache: reuse(update_matrix_value) solve=28 rebuildInterval=0
Schwarz(Jacobi)+Bicgstab:  Solving for omega, Initial residual = 1.2801816116077578e-05, Final residual = 8.366835068159886e-07, No Iterations 2, Solve time = 87.807 ms
bounding omega, min: -55717.89171041352 max: 45355982.6479269 average: 6370.774700706556
[GinkgoSolver] p-cache: reuse(update_matrix_value) solve=28 rebuildInterval=0
Schwarz(Jacobi)+Bicgstab:  Solving for k, Initial residual = 0.0002440753409973678, Final residual = 1.2468019386585136e-05, No Iterations 2, Solve time = 75.107 ms
bounding k, min: -0.0005369556011443387 max: 875.113279245555 average: 9.136445020042746
[mem] after-turb: DEVICE_POOL current=19126 MB  actual(reserved)=38146 MB  highWater=24414 MB
ExecutionTime = 130.22 s  ClockTime = 131 s

Time = 1029
[mem] step-start: DEVICE_POOL current=19126 MB  actual(reserved)=38146 MB  highWater=24414 MB
Schwarz(Jacobi)+Bicgstab:  Solving for Ux, Initial residual = 7.936003936121977e-05, Final residual = 2.817370288268097e-06, No Iterations 3, Solve time = 222.54 ms
Schwarz(Jacobi)+Bicgstab:  Solving for Uy, Initial residual = 0.004144559134636513, Final residual = 0.00016075970387718121, No Iterations 3, Solve time = 222.54 ms
Schwarz(Jacobi)+Bicgstab:  Solving for Uz, Initial residual = 0.001099797063007864, Final residual = 0.00010015113740766181, No Iterations 3, Solve time = 222.54 ms
[mem] after-UEqn: DEVICE_POOL current=19126 MB  actual(reserved)=38146 MB  highWater=24414 MB
[GinkgoSolver] p-cache: reuse(update_matrix_value) solve=29 rebuildInterval=0
config(Cg+Multigrid):  Solving for p, Initial residual = 0.0012943583714023293, Final residual = 1.0649511910416989e-05, No Iterations 15, Solve time = 1909.962 ms
time step continuity errors : sum local = 2.6639409824111543e-06, global = -1.260106865383801e-08, cumulative = -7.105534042296422e-07
[mem] after-pEqn: DEVICE_POOL current=19126 MB  actual(reserved)=38146 MB  highWater=24414 MB
[GinkgoSolver] p-cache: reuse(update_matrix_value) solve=29 rebuildInterval=0
Schwarz(Jacobi)+Bicgstab:  Solving for omega, Initial residual = 1.2828760494566533e-05, Final residual = 8.379980641838113e-07, No Iterations 2, Solve time = 88.107 ms
bounding omega, min: -55269.50186491617 max: 45355982.65026786 average: 6370.634267386914
[GinkgoSolver] p-cache: reuse(update_matrix_value) solve=29 rebuildInterval=0
Schwarz(Jacobi)+Bicgstab:  Solving for k, Initial residual = 0.000244215903608723, Final residual = 1.2808188767205634e-05, No Iterations 2, Solve time = 75.027 ms
bounding k, min: -0.005468086038069683 max: 874.425862824119 average: 9.135783961581344
[mem] after-turb: DEVICE_POOL current=19126 MB  actual(reserved)=38146 MB  highWater=24414 MB
ExecutionTime = 133.72 s  ClockTime = 135 s

Time = 1030
[mem] step-start: DEVICE_POOL current=19126 MB  actual(reserved)=38146 MB  highWater=24414 MB
Schwarz(Jacobi)+Bicgstab:  Solving for Ux, Initial residual = 7.942481116139357e-05, Final residual = 4.120069562619553e-06, No Iterations 2, Solve time = 183.047 ms
Schwarz(Jacobi)+Bicgstab:  Solving for Uy, Initial residual = 0.004136148591256041, Final residual = 0.0007672191029427935, No Iterations 2, Solve time = 183.047 ms
Schwarz(Jacobi)+Bicgstab:  Solving for Uz, Initial residual = 0.001106793027426062, Final residual = 7.46617351871821e-05, No Iterations 2, Solve time = 183.047 ms
[mem] after-UEqn: DEVICE_POOL current=19126 MB  actual(reserved)=38146 MB  highWater=24414 MB
[GinkgoSolver] p-cache: reuse(update_matrix_value) solve=30 rebuildInterval=0
config(Cg+Multigrid):  Solving for p, Initial residual = 0.0012983011231900913, Final residual = 1.2191843537147563e-05, No Iterations 9, Solve time = 1206.905 ms
time step continuity errors : sum local = 3.0485156390005296e-06, global = -1.0495153889510316e-08, cumulative = -7.210485581191525e-07
[mem] after-pEqn: DEVICE_POOL current=19126 MB  actual(reserved)=38146 MB  highWater=24414 MB
[GinkgoSolver] p-cache: reuse(update_matrix_value) solve=30 rebuildInterval=0
Schwarz(Jacobi)+Bicgstab:  Solving for omega, Initial residual = 1.2832083382623157e-05, Final residual = 8.383568985759473e-07, No Iterations 2, Solve time = 87.097 ms
bounding omega, min: -281053.2566505714 max: 45355982.65245409 average: 6370.667283036048
[GinkgoSolver] p-cache: reuse(update_matrix_value) solve=30 rebuildInterval=0
Schwarz(Jacobi)+Bicgstab:  Solving for k, Initial residual = 0.0002442655574306011, Final residual = 1.3162750312681223e-05, No Iterations 2, Solve time = 74.529 ms
bounding k, min: -0.0012802758888634802 max: 873.8630601610417 average: 9.13531683791694
[mem] after-turb: DEVICE_POOL current=19126 MB  actual(reserved)=38146 MB  highWater=24414 MB
ExecutionTime = 136.45 s  ClockTime = 138 s

Time = 1031
[mem] step-start: DEVICE_POOL current=19126 MB  actual(reserved)=38146 MB  highWater=24414 MB
Schwarz(Jacobi)+Bicgstab:  Solving for Ux, Initial residual = 7.933394629946227e-05, Final residual = 3.076344185076328e-06, No Iterations 3, Solve time = 223.532 ms
Schwarz(Jacobi)+Bicgstab:  Solving for Uy, Initial residual = 0.004197875039784161, Final residual = 0.00013328006941430506, No Iterations 3, Solve time = 223.532 ms
Schwarz(Jacobi)+Bicgstab:  Solving for Uz, Initial residual = 0.0011042897159360425, Final residual = 4.412857353675822e-05, No Iterations 3, Solve time = 223.532 ms
[mem] after-UEqn: DEVICE_POOL current=19126 MB  actual(reserved)=38146 MB  highWater=24414 MB
[GinkgoSolver] p-cache: reuse(update_matrix_value) solve=31 rebuildInterval=0
config(Cg+Multigrid):  Solving for p, Initial residual = 0.0012964082308207254, Final residual = 1.0674128283279876e-05, No Iterations 15, Solve time = 1936.014 ms
time step continuity errors : sum local = 2.6689166705840967e-06, global = 5.135997172368455e-09, cumulative = -7.15912560946784e-07
[mem] after-pEqn: DEVICE_POOL current=19126 MB  actual(reserved)=38146 MB  highWater=24414 MB
[GinkgoSolver] p-cache: reuse(update_matrix_value) solve=31 rebuildInterval=0
Schwarz(Jacobi)+Bicgstab:  Solving for omega, Initial residual = 1.2826739574007134e-05, Final residual = 8.322685679681422e-07, No Iterations 2, Solve time = 87.739 ms
bounding omega, min: -53327.19229420577 max: 45355982.65113485 average: 6370.6339331831
[GinkgoSolver] p-cache: reuse(update_matrix_value) solve=31 rebuildInterval=0
Schwarz(Jacobi)+Bicgstab:  Solving for k, Initial residual = 0.0002446058943911913, Final residual = 1.3460911188055438e-05, No Iterations 2, Solve time = 73.911 ms
bounding k, min: -0.008278039309258915 max: 873.4344539913182 average: 9.134710641945615
[mem] after-turb: DEVICE_POOL current=19126 MB  actual(reserved)=38146 MB  highWater=24414 MB
ExecutionTime = 139.92 s  ClockTime = 141 s

Time = 1032
[mem] step-start: DEVICE_POOL current=19126 MB  actual(reserved)=38146 MB  highWater=24414 MB
Schwarz(Jacobi)+Bicgstab:  Solving for Ux, Initial residual = 7.927186677644117e-05, Final residual = 3.6780070727843225e-06, No Iterations 3, Solve time = 243.863 ms
Schwarz(Jacobi)+Bicgstab:  Solving for Uy, Initial residual = 0.004221505752197719, Final residual = 0.00013307335637561816, No Iterations 3, Solve time = 243.863 ms
Schwarz(Jacobi)+Bicgstab:  Solving for Uz, Initial residual = 0.0011003175462491396, Final residual = 2.4115853898907825e-05, No Iterations 3, Solve time = 243.863 ms
[mem] after-UEqn: DEVICE_POOL current=19126 MB  actual(reserved)=38146 MB  highWater=24414 MB
[GinkgoSolver] p-cache: reuse(update_matrix_value) solve=32 rebuildInterval=0
config(Cg+Multigrid):  Solving for p, Initial residual = 0.0012968442543211346, Final residual = 1.199741020427945e-05, No Iterations 9, Solve time = 1208.544 ms
time step continuity errors : sum local = 2.9995286175838896e-06, global = 9.112696103412604e-09, cumulative = -7.067998648433714e-07
[mem] after-pEqn: DEVICE_POOL current=19126 MB  actual(reserved)=38146 MB  highWater=24414 MB
[GinkgoSolver] p-cache: reuse(update_matrix_value) solve=32 rebuildInterval=0
Schwarz(Jacobi)+Bicgstab:  Solving for omega, Initial residual = 1.2821679642994352e-05, Final residual = 8.337380415337217e-07, No Iterations 2, Solve time = 83.959 ms
bounding omega, min: -51850.98480086108 max: 45355982.65698091 average: 6370.705433936075
[GinkgoSolver] p-cache: reuse(update_matrix_value) solve=32 rebuildInterval=0
Schwarz(Jacobi)+Bicgstab:  Solving for k, Initial residual = 0.00024508079168563687, Final residual = 1.3481610210396928e-05, No Iterations 2, Solve time = 74.404 ms
bounding k, min: -0.008714813730993892 max: 873.0899473105361 average: 9.134068064061298
[mem] after-turb: DEVICE_POOL current=19126 MB  actual(reserved)=38146 MB  highWater=24414 MB
ExecutionTime = 142.71 s  ClockTime = 144 s

Time = 1033
[mem] step-start: DEVICE_POOL current=19126 MB  actual(reserved)=38146 MB  highWater=24414 MB
Schwarz(Jacobi)+Bicgstab:  Solving for Ux, Initial residual = 7.929696540058901e-05, Final residual = 3.618350734367649e-06, No Iterations 3, Solve time = 224.509 ms
Schwarz(Jacobi)+Bicgstab:  Solving for Uy, Initial residual = 0.0042399226020962705, Final residual = 0.00013486731282325568, No Iterations 3, Solve time = 224.509 ms
Schwarz(Jacobi)+Bicgstab:  Solving for Uz, Initial residual = 0.0010959697012598742, Final residual = 4.116835305734355e-05, No Iterations 3, Solve time = 224.509 ms
[mem] after-UEqn: DEVICE_POOL current=19126 MB  actual(reserved)=38146 MB  highWater=24414 MB
[GinkgoSolver] p-cache: reuse(update_matrix_value) solve=33 rebuildInterval=0
config(Cg+Multigrid):  Solving for p, Initial residual = 0.0012899979212773773, Final residual = 1.2585133367556549e-05, No Iterations 13, Solve time = 1667.053 ms
time step continuity errors : sum local = 3.14658662855654e-06, global = 2.1547003372670534e-08, cumulative = -6.852528614707009e-07
[mem] after-pEqn: DEVICE_POOL current=19126 MB  actual(reserved)=38146 MB  highWater=24414 MB
[GinkgoSolver] p-cache: reuse(update_matrix_value) solve=33 rebuildInterval=0
Schwarz(Jacobi)+Bicgstab:  Solving for omega, Initial residual = 1.2828079137605131e-05, Final residual = 8.406385613981065e-07, No Iterations 2, Solve time = 87.889 ms
bounding omega, min: -51173.407222785245 max: 45355982.66206217 average: 6370.666670796596
[GinkgoSolver] p-cache: reuse(update_matrix_value) solve=33 rebuildInterval=0
Schwarz(Jacobi)+Bicgstab:  Solving for k, Initial residual = 0.0002455903102744211, Final residual = 1.3278527753262853e-05, No Iterations 2, Solve time = 74.949 ms
bounding k, min: -0.003528091771683624 max: 872.8394219743288 average: 9.133442807201257
[mem] after-turb: DEVICE_POOL current=19126 MB  actual(reserved)=38146 MB  highWater=24414 MB
ExecutionTime = 145.95 s  ClockTime = 147 s

Time = 1034
[mem] step-start: DEVICE_POOL current=19126 MB  actual(reserved)=38146 MB  highWater=24414 MB
Schwarz(Jacobi)+Bicgstab:  Solving for Ux, Initial residual = 7.936726887768681e-05, Final residual = 3.843102136522453e-06, No Iterations 3, Solve time = 238.274 ms
Schwarz(Jacobi)+Bicgstab:  Solving for Uy, Initial residual = 0.004252297850637297, Final residual = 0.00013606912900453335, No Iterations 3, Solve time = 238.274 ms
Schwarz(Jacobi)+Bicgstab:  Solving for Uz, Initial residual = 0.0010956956402858472, Final residual = 3.100737739359266e-05, No Iterations 3, Solve time = 238.274 ms
[mem] after-UEqn: DEVICE_POOL current=19126 MB  actual(reserved)=38146 MB  highWater=24414 MB
[GinkgoSolver] p-cache: reuse(update_matrix_value) solve=34 rebuildInterval=0
config(Cg+Multigrid):  Solving for p, Initial residual = 0.0012884535232658622, Final residual = 1.1684010315539108e-05, No Iterations 11, Solve time = 1452.912 ms
time step continuity errors : sum local = 2.921726163129268e-06, global = 3.062194043145927e-08, cumulative = -6.546309210392416e-07
[mem] after-pEqn: DEVICE_POOL current=19126 MB  actual(reserved)=38146 MB  highWater=24414 MB
[GinkgoSolver] p-cache: reuse(update_matrix_value) solve=34 rebuildInterval=0
Schwarz(Jacobi)+Bicgstab:  Solving for omega, Initial residual = 1.2835869355423397e-05, Final residual = 8.467931207445349e-07, No Iterations 2, Solve time = 83.361 ms
bounding omega, min: -170169.44900571893 max: 45355982.67339079 average: 6370.64991882251
[GinkgoSolver] p-cache: reuse(update_matrix_value) solve=34 rebuildInterval=0
Schwarz(Jacobi)+Bicgstab:  Solving for k, Initial residual = 0.0002461117298680207, Final residual = 1.2667541431500748e-05, No Iterations 2, Solve time = 74.709 ms
bounding k, min: -0.0015996729215681559 max: 872.6234325043775 average: 9.13282235666763
[mem] after-turb: DEVICE_POOL current=19126 MB  actual(reserved)=38146 MB  highWater=24414 MB
ExecutionTime = 149 s  ClockTime = 150 s

Time = 1035
[mem] step-start: DEVICE_POOL current=19126 MB  actual(reserved)=38146 MB  highWater=24414 MB
Schwarz(Jacobi)+Bicgstab:  Solving for Ux, Initial residual = 7.947618616083793e-05, Final residual = 4.503537170437823e-06, No Iterations 2, Solve time = 177.617 ms
Schwarz(Jacobi)+Bicgstab:  Solving for Uy, Initial residual = 0.004258610617319797, Final residual = 0.0003740441631010449, No Iterations 2, Solve time = 177.617 ms
Schwarz(Jacobi)+Bicgstab:  Solving for Uz, Initial residual = 0.0010962846678769192, Final residual = 7.109694877398486e-05, No Iterations 2, Solve time = 177.617 ms
[mem] after-UEqn: DEVICE_POOL current=19126 MB  actual(reserved)=38146 MB  highWater=24414 MB
[GinkgoSolver] p-cache: reuse(update_matrix_value) solve=35 rebuildInterval=0
config(Cg+Multigrid):  Solving for p, Initial residual = 0.0012956999092561172, Final residual = 1.1544140137422206e-05, No Iterations 11, Solve time = 1442.612 ms
time step continuity errors : sum local = 2.8872058389131666e-06, global = 3.843103106302532e-08, cumulative = -6.161998899762163e-07
[mem] after-pEqn: DEVICE_POOL current=19126 MB  actual(reserved)=38146 MB  highWater=24414 MB
[GinkgoSolver] p-cache: reuse(update_matrix_value) solve=35 rebuildInterval=0
Schwarz(Jacobi)+Bicgstab:  Solving for omega, Initial residual = 1.2877208492182698e-05, Final residual = 8.531390842779106e-07, No Iterations 2, Solve time = 88.064 ms
bounding omega, min: -49250.262975297876 max: 45355982.68542074 average: 6370.706379509675
[GinkgoSolver] p-cache: reuse(update_matrix_value) solve=35 rebuildInterval=0
Schwarz(Jacobi)+Bicgstab:  Solving for k, Initial residual = 0.0002468562261765119, Final residual = 1.2227384298718975e-05, No Iterations 2, Solve time = 74.852 ms
bounding k, min: -0.004234007866589421 max: 872.5013514293563 average: 9.132245946391437
[mem] after-turb: DEVICE_POOL current=19126 MB  actual(reserved)=38146 MB  highWater=24414 MB
ExecutionTime = 151.94 s  ClockTime = 153 s

Time = 1036
[mem] step-start: DEVICE_POOL current=19126 MB  actual(reserved)=38146 MB  highWater=24414 MB
Schwarz(Jacobi)+Bicgstab:  Solving for Ux, Initial residual = 7.976209063512583e-05, Final residual = 4.5881802463754136e-06, No Iterations 2, Solve time = 185.35 ms
Schwarz(Jacobi)+Bicgstab:  Solving for Uy, Initial residual = 0.004244847869579193, Final residual = 0.0007583004720242551, No Iterations 2, Solve time = 185.35 ms
Schwarz(Jacobi)+Bicgstab:  Solving for Uz, Initial residual = 0.0011024522743976234, Final residual = 6.74797159306527e-05, No Iterations 2, Solve time = 185.35 ms
[mem] after-UEqn: DEVICE_POOL current=19126 MB  actual(reserved)=38146 MB  highWater=24414 MB
[GinkgoSolver] p-cache: reuse(update_matrix_value) solve=36 rebuildInterval=0
config(Cg+Multigrid):  Solving for p, Initial residual = 0.0012926171145800317, Final residual = 1.2678704862100285e-05, No Iterations 10, Solve time = 1313.036 ms
time step continuity errors : sum local = 3.171642508892265e-06, global = 4.246468511740082e-08, cumulative = -5.737352048588155e-07
[mem] after-pEqn: DEVICE_POOL current=19126 MB  actual(reserved)=38146 MB  highWater=24414 MB
[GinkgoSolver] p-cache: reuse(update_matrix_value) solve=36 rebuildInterval=0
Schwarz(Jacobi)+Bicgstab:  Solving for omega, Initial residual = 1.290923889894057e-05, Final residual = 8.619089812646207e-07, No Iterations 2, Solve time = 79.736 ms
bounding omega, min: -48141.15296250783 max: 45355982.69215012 average: 6370.776441758527
[GinkgoSolver] p-cache: reuse(update_matrix_value) solve=36 rebuildInterval=0
Schwarz(Jacobi)+Bicgstab:  Solving for k, Initial residual = 0.0002471713869567033, Final residual = 1.242380987846537e-05, No Iterations 2, Solve time = 73.889 ms
bounding k, min: -0.012167217694676973 max: 872.4321796757268 average: 9.131922312918372
[mem] after-turb: DEVICE_POOL current=19126 MB  actual(reserved)=38146 MB  highWater=24414 MB
ExecutionTime = 154.77 s  ClockTime = 156 s

Time = 1037
[mem] step-start: DEVICE_POOL current=19126 MB  actual(reserved)=38146 MB  highWater=24414 MB
Schwarz(Jacobi)+Bicgstab:  Solving for Ux, Initial residual = 7.980380278093807e-05, Final residual = 4.267480069173784e-06, No Iterations 3, Solve time = 230.803 ms
Schwarz(Jacobi)+Bicgstab:  Solving for Uy, Initial residual = 0.0042987484061680365, Final residual = 0.00013536589561551852, No Iterations 3, Solve time = 230.803 ms
Schwarz(Jacobi)+Bicgstab:  Solving for Uz, Initial residual = 0.0011029760559011263, Final residual = 4.1804628445603955e-05, No Iterations 3, Solve time = 230.803 ms
[mem] after-UEqn: DEVICE_POOL current=19126 MB  actual(reserved)=38146 MB  highWater=24414 MB
[GinkgoSolver] p-cache: reuse(update_matrix_value) solve=37 rebuildInterval=0
config(Cg+Multigrid):  Solving for p, Initial residual = 0.0012970035340841405, Final residual = 1.1202532174695249e-05, No Iterations 11, Solve time = 1441.283 ms
time step continuity errors : sum local = 2.803089180201407e-06, global = 5.415580782469084e-08, cumulative = -5.195793970341247e-07
[mem] after-pEqn: DEVICE_POOL current=19126 MB  actual(reserved)=38146 MB  highWater=24414 MB
[GinkgoSolver] p-cache: reuse(update_matrix_value) solve=37 rebuildInterval=0
Schwarz(Jacobi)+Bicgstab:  Solving for omega, Initial residual = 1.2940591401639267e-05, Final residual = 8.717096689906726e-07, No Iterations 2, Solve time = 87.991 ms
bounding omega, min: -46196.08832645431 max: 45355982.69453963 average: 6370.888260047445
[GinkgoSolver] p-cache: reuse(update_matrix_value) solve=37 rebuildInterval=0
Schwarz(Jacobi)+Bicgstab:  Solving for k, Initial residual = 0.00024770999598347694, Final residual = 1.2333452393823163e-05, No Iterations 2, Solve time = 74.702 ms
bounding k, min: -0.004770094923950807 max: 872.3766029927442 average: 9.13151870949631
[mem] after-turb: DEVICE_POOL current=19126 MB  actual(reserved)=38146 MB  highWater=24414 MB
ExecutionTime = 157.79 s  ClockTime = 159 s

Time = 1038
[mem] step-start: DEVICE_POOL current=19126 MB  actual(reserved)=38146 MB  highWater=24414 MB
Schwarz(Jacobi)+Bicgstab:  Solving for Ux, Initial residual = 7.992823008961096e-05, Final residual = 5.90954517416033e-06, No Iterations 3, Solve time = 234.312 ms
Schwarz(Jacobi)+Bicgstab:  Solving for Uy, Initial residual = 0.004311834092452313, Final residual = 0.00013523141438510404, No Iterations 3, Solve time = 234.312 ms
Schwarz(Jacobi)+Bicgstab:  Solving for Uz, Initial residual = 0.0011021680157606696, Final residual = 3.4855654429548974e-05, No Iterations 3, Solve time = 234.312 ms
[mem] after-UEqn: DEVICE_POOL current=19126 MB  actual(reserved)=38146 MB  highWater=24414 MB
[GinkgoSolver] p-cache: reuse(update_matrix_value) solve=38 rebuildInterval=0
config(Cg+Multigrid):  Solving for p, Initial residual = 0.0013049413262328574, Final residual = 1.2956126513088008e-05, No Iterations 9, Solve time = 1199.247 ms
time step continuity errors : sum local = 3.2431563020982992e-06, global = 5.972132626187277e-08, cumulative = -4.5985807077225193e-07
[mem] after-pEqn: DEVICE_POOL current=19126 MB  actual(reserved)=38146 MB  highWater=24414 MB
[GinkgoSolver] p-cache: reuse(update_matrix_value) solve=38 rebuildInterval=0
Schwarz(Jacobi)+Bicgstab:  Solving for omega, Initial residual = 1.2984793143704017e-05, Final residual = 8.841825572487988e-07, No Iterations 2, Solve time = 88.585 ms
bounding omega, min: -341443.00067272014 max: 45355982.68988558 average: 6371.03636943565
[GinkgoSolver] p-cache: reuse(update_matrix_value) solve=38 rebuildInterval=0
Schwarz(Jacobi)+Bicgstab:  Solving for k, Initial residual = 0.00024835642542131724, Final residual = 1.2000338456594682e-05, No Iterations 2, Solve time = 74.647 ms
bounding k, min: -0.013768749602246753 max: 872.3362310121631 average: 9.131237832964697
[mem] after-turb: DEVICE_POOL current=19126 MB  actual(reserved)=38146 MB  highWater=24414 MB
ExecutionTime = 160.52 s  ClockTime = 162 s

Time = 1039
[mem] step-start: DEVICE_POOL current=19126 MB  actual(reserved)=38146 MB  highWater=24414 MB
Schwarz(Jacobi)+Bicgstab:  Solving for Ux, Initial residual = 8.018166467708683e-05, Final residual = 3.576424549588345e-06, No Iterations 3, Solve time = 222.275 ms
Schwarz(Jacobi)+Bicgstab:  Solving for Uy, Initial residual = 0.004322577524378418, Final residual = 0.0001366896124468048, No Iterations 3, Solve time = 222.275 ms
Schwarz(Jacobi)+Bicgstab:  Solving for Uz, Initial residual = 0.0011026904144934024, Final residual = 3.921151138725234e-05, No Iterations 3, Solve time = 222.275 ms
[mem] after-UEqn: DEVICE_POOL current=19126 MB  actual(reserved)=38146 MB  highWater=24414 MB
[GinkgoSolver] p-cache: reuse(update_matrix_value) solve=39 rebuildInterval=0
config(Cg+Multigrid):  Solving for p, Initial residual = 0.0012993104591780328, Final residual = 1.2106031651299858e-05, No Iterations 10, Solve time = 1313.148 ms
time step continuity errors : sum local = 3.0313569051344455e-06, global = 6.877342198644934e-08, cumulative = -3.910846487858026e-07
[mem] after-pEqn: DEVICE_POOL current=19126 MB  actual(reserved)=38146 MB  highWater=24414 MB
[GinkgoSolver] p-cache: reuse(update_matrix_value) solve=39 rebuildInterval=0
Schwarz(Jacobi)+Bicgstab:  Solving for omega, Initial residual = 1.3001805097143202e-05, Final residual = 8.868618746702937e-07, No Iterations 2, Solve time = 88.028 ms
bounding omega, min: -46139.544216122624 max: 45355982.67924572 average: 6371.06596079031
[GinkgoSolver] p-cache: reuse(update_matrix_value) solve=39 rebuildInterval=0
Schwarz(Jacobi)+Bicgstab:  Solving for k, Initial residual = 0.0002486723910543993, Final residual = 1.1418137008250194e-05, No Iterations 2, Solve time = 74.038 ms
bounding k, min: -0.02411427112458328 max: 872.2520390850857 average: 9.130932916998054
[mem] after-turb: DEVICE_POOL current=19126 MB  actual(reserved)=38146 MB  highWater=24414 MB
ExecutionTime = 163.41 s  ClockTime = 165 s

Time = 1040
[mem] step-start: DEVICE_POOL current=19126 MB  actual(reserved)=38146 MB  highWater=24414 MB
Schwarz(Jacobi)+Bicgstab:  Solving for Ux, Initial residual = 8.022655944823268e-05, Final residual = 3.998171073540299e-06, No Iterations 2, Solve time = 171.743 ms
Schwarz(Jacobi)+Bicgstab:  Solving for Uy, Initial residual = 0.004331307886354167, Final residual = 0.0007813937971733496, No Iterations 2, Solve time = 171.743 ms
Schwarz(Jacobi)+Bicgstab:  Solving for Uz, Initial residual = 0.001105087261832895, Final residual = 7.560526102011881e-05, No Iterations 2, Solve time = 171.743 ms
[mem] after-UEqn: DEVICE_POOL current=19126 MB  actual(reserved)=38146 MB  highWater=24414 MB
[GinkgoSolver] p-cache: reuse(update_matrix_value) solve=40 rebuildInterval=0
config(Cg+Multigrid):  Solving for p, Initial residual = 0.001318770857575344, Final residual = 1.20152574710829e-05, No Iterations 11, Solve time = 1432.058 ms
time step continuity errors : sum local = 3.010076948995871e-06, global = 7.795673833169979e-08, cumulative = -3.1312791045410277e-07
[mem] after-pEqn: DEVICE_POOL current=19126 MB  actual(reserved)=38146 MB  highWater=24414 MB
[GinkgoSolver] p-cache: reuse(update_matrix_value) solve=40 rebuildInterval=0
Schwarz(Jacobi)+Bicgstab:  Solving for omega, Initial residual = 1.3017324720591518e-05, Final residual = 8.900963986909616e-07, No Iterations 2, Solve time = 87.851 ms
bounding omega, min: -45467.14717967662 max: 45355982.655411236 average: 6371.035185276345
[GinkgoSolver] p-cache: reuse(update_matrix_value) solve=40 rebuildInterval=0
Schwarz(Jacobi)+Bicgstab:  Solving for k, Initial residual = 0.00024924976049101586, Final residual = 2.1983114971938104e-05, No Iterations 2, Solve time = 72.012 ms
bounding k, min: -0.3261914303166681 max: 872.1682718534162 average: 9.130894550914478
[mem] after-turb: DEVICE_POOL current=19126 MB  actual(reserved)=38146 MB  highWater=24414 MB
ExecutionTime = 166.33 s  ClockTime = 168 s

Time = 1041
[mem] step-start: DEVICE_POOL current=19126 MB  actual(reserved)=38146 MB  highWater=24414 MB
Schwarz(Jacobi)+Bicgstab:  Solving for Ux, Initial residual = 8.05174410300441e-05, Final residual = 3.3900011938810237e-06, No Iterations 3, Solve time = 231.313 ms
Schwarz(Jacobi)+Bicgstab:  Solving for Uy, Initial residual = 0.004301502078903735, Final residual = 0.00016923735567693266, No Iterations 3, Solve time = 231.313 ms
Schwarz(Jacobi)+Bicgstab:  Solving for Uz, Initial residual = 0.0011150160073116321, Final residual = 7.024815259580628e-05, No Iterations 3, Solve time = 231.313 ms
[mem] after-UEqn: DEVICE_POOL current=19126 MB  actual(reserved)=38146 MB  highWater=24414 MB
[GinkgoSolver] p-cache: reuse(update_matrix_value) solve=41 rebuildInterval=0
config(Cg+Multigrid):  Solving for p, Initial residual = 0.001298980174910856, Final residual = 1.1979257409753026e-05, No Iterations 13, Solve time = 1665.544 ms
time step continuity errors : sum local = 3.0030572351294763e-06, global = 7.472871634574651e-08, cumulative = -2.3839919410835627e-07
[mem] after-pEqn: DEVICE_POOL current=19126 MB  actual(reserved)=38146 MB  highWater=24414 MB
[GinkgoSolver] p-cache: reuse(update_matrix_value) solve=41 rebuildInterval=0
Schwarz(Jacobi)+Bicgstab:  Solving for omega, Initial residual = 1.2835563331721731e-05, Final residual = 8.96576964151055e-07, No Iterations 2, Solve time = 87.751 ms
bounding omega, min: -45186.16058943143 max: 45355982.63087814 average: 6371.069141402335
[GinkgoSolver] p-cache: reuse(update_matrix_value) solve=41 rebuildInterval=0
Schwarz(Jacobi)+Bicgstab:  Solving for k, Initial residual = 0.0002491775901249918, Final residual = 1.130488952605998e-05, No Iterations 3, Solve time = 96.664 ms
bounding k, min: -0.00019595583029815005 max: 872.1166960032709 average: 9.130504208614072
[mem] after-turb: DEVICE_POOL current=19126 MB  actual(reserved)=38146 MB  highWater=24414 MB
ExecutionTime = 169.56 s  ClockTime = 171 s

Time = 1042
[mem] step-start: DEVICE_POOL current=19126 MB  actual(reserved)=38146 MB  highWater=24414 MB
Schwarz(Jacobi)+Bicgstab:  Solving for Ux, Initial residual = 8.060367031184817e-05, Final residual = 4.558565744468414e-06, No Iterations 2, Solve time = 172.957 ms
Schwarz(Jacobi)+Bicgstab:  Solving for Uy, Initial residual = 0.0043002754426656456, Final residual = 0.0007592810068614666, No Iterations 2, Solve time = 172.957 ms
Schwarz(Jacobi)+Bicgstab:  Solving for Uz, Initial residual = 0.0011210522982964641, Final residual = 6.664452890047013e-05, No Iterations 2, Solve time = 172.957 ms
[mem] after-UEqn: DEVICE_POOL current=19126 MB  actual(reserved)=38146 MB  highWater=24414 MB
[GinkgoSolver] p-cache: reuse(update_matrix_value) solve=42 rebuildInterval=0
config(Cg+Multigrid):  Solving for p, Initial residual = 0.0013019536679515125, Final residual = 1.1010872378410512e-05, No Iterations 15, Solve time = 1894.144 ms
time step continuity errors : sum local = 2.7634544686384984e-06, global = 5.6607865505870846e-08, cumulative = -1.8179132860248542e-07
[mem] after-pEqn: DEVICE_POOL current=19126 MB  actual(reserved)=38146 MB  highWater=24414 MB
[GinkgoSolver] p-cache: reuse(update_matrix_value) solve=42 rebuildInterval=0
Schwarz(Jacobi)+Bicgstab:  Solving for omega, Initial residual = 1.3212402158755756e-05, Final residual = 9.017046132245703e-07, No Iterations 2, Solve time = 87.013 ms
bounding omega, min: -197145.0337274064 max: 45355982.613704376 average: 6370.980912912793
[GinkgoSolver] p-cache: reuse(update_matrix_value) solve=42 rebuildInterval=0
Schwarz(Jacobi)+Bicgstab:  Solving for k, Initial residual = 0.00024783976796909204, Final residual = 4.461527428300305e-06, No Iterations 3, Solve time = 97.335 ms
[mem] after-turb: DEVICE_POOL current=19126 MB  actual(reserved)=38146 MB  highWater=24414 MB
ExecutionTime = 173 s  ClockTime = 174 s

Time = 1043
[mem] step-start: DEVICE_POOL current=19126 MB  actual(reserved)=38146 MB  highWater=24414 MB
Schwarz(Jacobi)+Bicgstab:  Solving for Ux, Initial residual = 8.055059218144607e-05, Final residual = 5.349393297779881e-06, No Iterations 3, Solve time = 217.638 ms
Schwarz(Jacobi)+Bicgstab:  Solving for Uy, Initial residual = 0.004365787099687313, Final residual = 0.00014114489517713574, No Iterations 3, Solve time = 217.638 ms
Schwarz(Jacobi)+Bicgstab:  Solving for Uz, Initial residual = 0.001119891617626008, Final residual = 0.00018599809809307147, No Iterations 3, Solve time = 217.638 ms
[mem] after-UEqn: DEVICE_POOL current=19126 MB  actual(reserved)=38146 MB  highWater=24414 MB
[GinkgoSolver] p-cache: reuse(update_matrix_value) solve=43 rebuildInterval=0
config(Cg+Multigrid):  Solving for p, Initial residual = 0.001301413461866026, Final residual = 1.059867090493783e-05, No Iterations 15, Solve time = 1903.902 ms
time step continuity errors : sum local = 2.664128042090009e-06, global = 2.274465786326825e-08, cumulative = -1.5904667073921717e-07
[mem] after-pEqn: DEVICE_POOL current=19126 MB  actual(reserved)=38146 MB  highWater=24414 MB
[GinkgoSolver] p-cache: reuse(update_matrix_value) solve=43 rebuildInterval=0
Schwarz(Jacobi)+Bicgstab:  Solving for omega, Initial residual = 1.3127512313878029e-05, Final residual = 9.050977792562823e-07, No Iterations 2, Solve time = 88.69 ms
bounding omega, min: -45379.27919238433 max: 45355982.60159338 average: 6371.075930185678
[GinkgoSolver] p-cache: reuse(update_matrix_value) solve=43 rebuildInterval=0
Schwarz(Jacobi)+Bicgstab:  Solving for k, Initial residual = 0.0002477153251579489, Final residual = 1.1298633960231561e-05, No Iterations 2, Solve time = 74.469 ms
bounding k, min: -0.0001534820787488362 max: 871.8616256214957 average: 9.130812653989453
[mem] after-turb: DEVICE_POOL current=19126 MB  actual(reserved)=38146 MB  highWater=24414 MB
ExecutionTime = 176.44 s  ClockTime = 178 s

Time = 1044
[mem] step-start: DEVICE_POOL current=19126 MB  actual(reserved)=38146 MB  highWater=24414 MB
Schwarz(Jacobi)+Bicgstab:  Solving for Ux, Initial residual = 8.059772420582606e-05, Final residual = 4.417544304525823e-06, No Iterations 3, Solve time = 252.677 ms
Schwarz(Jacobi)+Bicgstab:  Solving for Uy, Initial residual = 0.004385070879872286, Final residual = 0.0001408132066299458, No Iterations 3, Solve time = 252.677 ms
Schwarz(Jacobi)+Bicgstab:  Solving for Uz, Initial residual = 0.00113260323855935, Final residual = 4.4302960782460715e-05, No Iterations 3, Solve time = 252.677 ms
[mem] after-UEqn: DEVICE_POOL current=19126 MB  actual(reserved)=38146 MB  highWater=24414 MB
[GinkgoSolver] p-cache: reuse(update_matrix_value) solve=44 rebuildInterval=0
config(Cg+Multigrid):  Solving for p, Initial residual = 0.001300145137157621, Final residual = 1.2993347720091985e-05, No Iterations 9, Solve time = 1192.056 ms
time step continuity errors : sum local = 3.2695995899716926e-06, global = 2.6615140316183157e-08, cumulative = -1.32431530423034e-07
[mem] after-pEqn: DEVICE_POOL current=19126 MB  actual(reserved)=38146 MB  highWater=24414 MB
[GinkgoSolver] p-cache: reuse(update_matrix_value) solve=44 rebuildInterval=0
Schwarz(Jacobi)+Bicgstab:  Solving for omega, Initial residual = 1.3167103043722646e-05, Final residual = 9.04322608509334e-07, No Iterations 2, Solve time = 87.254 ms
bounding omega, min: -45711.717175522106 max: 45355982.593152545 average: 6371.123001554613
[GinkgoSolver] p-cache: reuse(update_matrix_value) solve=44 rebuildInterval=0
Schwarz(Jacobi)+Bicgstab:  Solving for k, Initial residual = 0.000248219763785218, Final residual = 1.2766794896799182e-05, No Iterations 2, Solve time = 73.827 ms
bounding k, min: -0.00016444534441772805 max: 871.6655171830398 average: 9.130934034559923
[mem] after-turb: DEVICE_POOL current=19126 MB  actual(reserved)=38146 MB  highWater=24414 MB
ExecutionTime = 179.23 s  ClockTime = 181 s

Time = 1045
[mem] step-start: DEVICE_POOL current=19126 MB  actual(reserved)=38146 MB  highWater=24414 MB
Schwarz(Jacobi)+Bicgstab:  Solving for Ux, Initial residual = 8.062296803833614e-05, Final residual = 4.5930373481500225e-06, No Iterations 3, Solve time = 237.06 ms
Schwarz(Jacobi)+Bicgstab:  Solving for Uy, Initial residual = 0.004401521447480535, Final residual = 0.0001423615404326755, No Iterations 3, Solve time = 237.06 ms
Schwarz(Jacobi)+Bicgstab:  Solving for Uz, Initial residual = 0.001129551136534242, Final residual = 6.326570153327235e-05, No Iterations 3, Solve time = 237.06 ms
[mem] after-UEqn: DEVICE_POOL current=19126 MB  actual(reserved)=38146 MB  highWater=24414 MB
[GinkgoSolver] p-cache: reuse(update_matrix_value) solve=45 rebuildInterval=0
config(Cg+Multigrid):  Solving for p, Initial residual = 0.0012991916006037947, Final residual = 1.107300585705821e-05, No Iterations 15, Solve time = 1895.127 ms
time step continuity errors : sum local = 2.7865984032933842e-06, global = -2.910457450546393e-08, cumulative = -1.6153610492849793e-07
[mem] after-pEqn: DEVICE_POOL current=19126 MB  actual(reserved)=38146 MB  highWater=24414 MB
[GinkgoSolver] p-cache: reuse(update_matrix_value) solve=45 rebuildInterval=0
Schwarz(Jacobi)+Bicgstab:  Solving for omega, Initial residual = 1.3182364430592447e-05, Final residual = 9.095159960382443e-07, No Iterations 2, Solve time = 83.481 ms
bounding omega, min: -46142.990041775636 max: 45355982.58845657 average: 6371.127388739305
[GinkgoSolver] p-cache: reuse(update_matrix_value) solve=45 rebuildInterval=0
Schwarz(Jacobi)+Bicgstab:  Solving for k, Initial residual = 0.0002488528597237774, Final residual = 1.397230498766414e-05, No Iterations 2, Solve time = 73.764 ms
bounding k, min: -0.00013866693002205044 max: 871.4297313557613 average: 9.131130813584665
[mem] after-turb: DEVICE_POOL current=19126 MB  actual(reserved)=38146 MB  highWater=24414 MB
ExecutionTime = 182.68 s  ClockTime = 184 s

Time = 1046
[mem] step-start: DEVICE_POOL current=19126 MB  actual(reserved)=38146 MB  highWater=24414 MB
Schwarz(Jacobi)+Bicgstab:  Solving for Ux, Initial residual = 8.071098006652047e-05, Final residual = 4.232826722503606e-06, No Iterations 3, Solve time = 236.507 ms
Schwarz(Jacobi)+Bicgstab:  Solving for Uy, Initial residual = 0.004412659978406525, Final residual = 0.00014348403841280647, No Iterations 3, Solve time = 236.507 ms
Schwarz(Jacobi)+Bicgstab:  Solving for Uz, Initial residual = 0.0011297504485115893, Final residual = 4.6703998708503514e-05, No Iterations 3, Solve time = 236.507 ms
[mem] after-UEqn: DEVICE_POOL current=19126 MB  actual(reserved)=38146 MB  highWater=24414 MB
[GinkgoSolver] p-cache: reuse(update_matrix_value) solve=46 rebuildInterval=0
config(Cg+Multigrid):  Solving for p, Initial residual = 0.0012989532595021004, Final residual = 1.1597161363548787e-05, No Iterations 15, Solve time = 1898.047 ms
time step continuity errors : sum local = 2.917939001056169e-06, global = -4.653866532526122e-08, cumulative = -2.0807477025375916e-07
[mem] after-pEqn: DEVICE_POOL current=19126 MB  actual(reserved)=38146 MB  highWater=24414 MB
[GinkgoSolver] p-cache: reuse(update_matrix_value) solve=46 rebuildInterval=0
Schwarz(Jacobi)+Bicgstab:  Solving for omega, Initial residual = 1.3188781199357327e-05, Final residual = 9.09289747561599e-07, No Iterations 2, Solve time = 87.596 ms
bounding omega, min: -182994.98794299073 max: 45355982.58663768 average: 6371.08175626111
[GinkgoSolver] p-cache: reuse(update_matrix_value) solve=46 rebuildInterval=0
Schwarz(Jacobi)+Bicgstab:  Solving for k, Initial residual = 0.00024946606390704876, Final residual = 1.2936178535878807e-05, No Iterations 2, Solve time = 76.272 ms
bounding k, min: -0.0019609961412062134 max: 871.1544771975251 average: 9.131391514414487
[mem] after-turb: DEVICE_POOL current=19126 MB  actual(reserved)=38146 MB  highWater=24414 MB
ExecutionTime = 186.11 s  ClockTime = 187 s

Time = 1047
[mem] step-start: DEVICE_POOL current=19126 MB  actual(reserved)=38146 MB  highWater=24414 MB
Schwarz(Jacobi)+Bicgstab:  Solving for Ux, Initial residual = 8.082018194780315e-05, Final residual = 4.097004656862848e-06, No Iterations 3, Solve time = 216.393 ms
Schwarz(Jacobi)+Bicgstab:  Solving for Uy, Initial residual = 0.004419386145083355, Final residual = 0.00014374428703008445, No Iterations 3, Solve time = 216.393 ms
Schwarz(Jacobi)+Bicgstab:  Solving for Uz, Initial residual = 0.0011288819031683866, Final residual = 3.7996117173790913e-05, No Iterations 3, Solve time = 216.393 ms
[mem] after-UEqn: DEVICE_POOL current=19126 MB  actual(reserved)=38146 MB  highWater=24414 MB
[GinkgoSolver] p-cache: reuse(update_matrix_value) solve=47 rebuildInterval=0
config(Cg+Multigrid):  Solving for p, Initial residual = 0.0012997549559756654, Final residual = 1.2723904372862619e-05, No Iterations 9, Solve time = 1202.906 ms
time step continuity errors : sum local = 3.1985400682646906e-06, global = -6.513980813970863e-08, cumulative = -2.732145783934678e-07
[mem] after-pEqn: DEVICE_POOL current=19126 MB  actual(reserved)=38146 MB  highWater=24414 MB
[GinkgoSolver] p-cache: reuse(update_matrix_value) solve=47 rebuildInterval=0
Schwarz(Jacobi)+Bicgstab:  Solving for omega, Initial residual = 1.3165895575492628e-05, Final residual = 9.058284598014815e-07, No Iterations 2, Solve time = 83.649 ms
bounding omega, min: -47242.87973644218 max: 45355982.58764385 average: 6371.118322093812
[GinkgoSolver] p-cache: reuse(update_matrix_value) solve=47 rebuildInterval=0
Schwarz(Jacobi)+Bicgstab:  Solving for k, Initial residual = 0.00024996848874027453, Final residual = 1.3634129750482048e-05, No Iterations 2, Solve time = 74.189 ms
bounding k, min: -0.000613167906562433 max: 870.8719743385757 average: 9.13165903730358
[mem] after-turb: DEVICE_POOL current=19126 MB  actual(reserved)=38146 MB  highWater=24414 MB
ExecutionTime = 188.85 s  ClockTime = 190 s

Time = 1048
[mem] step-start: DEVICE_POOL current=19126 MB  actual(reserved)=38146 MB  highWater=24414 MB
Schwarz(Jacobi)+Bicgstab:  Solving for Ux, Initial residual = 8.093761742434151e-05, Final residual = 4.770627491930065e-06, No Iterations 2, Solve time = 183.419 ms
Schwarz(Jacobi)+Bicgstab:  Solving for Uy, Initial residual = 0.0044230817351774004, Final residual = 0.0005016122682134085, No Iterations 2, Solve time = 183.419 ms
Schwarz(Jacobi)+Bicgstab:  Solving for Uz, Initial residual = 0.0011278105753729525, Final residual = 7.882015562941584e-05, No Iterations 2, Solve time = 183.419 ms
[mem] after-UEqn: DEVICE_POOL current=19126 MB  actual(reserved)=38146 MB  highWater=24414 MB
[GinkgoSolver] p-cache: reuse(update_matrix_value) solve=48 rebuildInterval=0
config(Cg+Multigrid):  Solving for p, Initial residual = 0.001309728134167715, Final residual = 1.0892959795280129e-05, No Iterations 17, Solve time = 2117.729 ms
time step continuity errors : sum local = 2.7370349644585417e-06, global = -5.4952567692715926e-08, cumulative = -3.281671460861837e-07
[mem] after-pEqn: DEVICE_POOL current=19126 MB  actual(reserved)=38146 MB  highWater=24414 MB
[GinkgoSolver] p-cache: reuse(update_matrix_value) solve=48 rebuildInterval=0
Schwarz(Jacobi)+Bicgstab:  Solving for omega, Initial residual = 1.319169456490948e-05, Final residual = 9.025874993818618e-07, No Iterations 2, Solve time = 87.809 ms
bounding omega, min: -47287.575167205985 max: 45355982.591255896 average: 6371.030893775228
[GinkgoSolver] p-cache: reuse(update_matrix_value) solve=48 rebuildInterval=0
Schwarz(Jacobi)+Bicgstab:  Solving for k, Initial residual = 0.0002506691234815142, Final residual = 1.3408575349304226e-05, No Iterations 2, Solve time = 74.209 ms
bounding k, min: -0.002345393095209198 max: 870.5915325735127 average: 9.131944724971806
[mem] after-turb: DEVICE_POOL current=19126 MB  actual(reserved)=38146 MB  highWater=24414 MB
ExecutionTime = 192.49 s  ClockTime = 194 s

Time = 1049
[mem] step-start: DEVICE_POOL current=19126 MB  actual(reserved)=38146 MB  highWater=24414 MB
Schwarz(Jacobi)+Bicgstab:  Solving for Ux, Initial residual = 8.121796055992363e-05, Final residual = 4.824772198775316e-06, No Iterations 2, Solve time = 177.922 ms
Schwarz(Jacobi)+Bicgstab:  Solving for Uy, Initial residual = 0.0044034442356263494, Final residual = 0.0007761267219138625, No Iterations 2, Solve time = 177.922 ms
Schwarz(Jacobi)+Bicgstab:  Solving for Uz, Initial residual = 0.0011332418338079262, Final residual = 7.823482522126794e-05, No Iterations 2, Solve time = 177.922 ms
[mem] after-UEqn: DEVICE_POOL current=19126 MB  actual(reserved)=38146 MB  highWater=24414 MB
[GinkgoSolver] p-cache: reuse(update_matrix_value) solve=49 rebuildInterval=0
config(Cg+Multigrid):  Solving for p, Initial residual = 0.0013066739141695417, Final residual = 1.1288908414733197e-05, No Iterations 17, Solve time = 2118.516 ms
time step continuity errors : sum local = 2.8284905678548903e-06, global = -4.0274680883163587e-08, cumulative = -3.684418269693473e-07
[mem] after-pEqn: DEVICE_POOL current=19126 MB  actual(reserved)=38146 MB  highWater=24414 MB
[GinkgoSolver] p-cache: reuse(update_matrix_value) solve=49 rebuildInterval=0
Schwarz(Jacobi)+Bicgstab:  Solving for omega, Initial residual = 1.318796364193458e-05, Final residual = 9.071078437207837e-07, No Iterations 2, Solve time = 86.958 ms
bounding omega, min: -47471.208208307915 max: 45355982.59532862 average: 6371.053605722233
[GinkgoSolver] p-cache: reuse(update_matrix_value) solve=49 rebuildInterval=0
Schwarz(Jacobi)+Bicgstab:  Solving for k, Initial residual = 0.0002509105543441048, Final residual = 1.3908733194779427e-05, No Iterations 2, Solve time = 74.176 ms
bounding k, min: -0.001229623877634388 max: 870.3521212920698 average: 9.132508282777204
[mem] after-turb: DEVICE_POOL current=19126 MB  actual(reserved)=38146 MB  highWater=24414 MB
ExecutionTime = 196.12 s  ClockTime = 197 s

Time = 1050
[mem] step-start: DEVICE_POOL current=19126 MB  actual(reserved)=38146 MB  highWater=24414 MB
Schwarz(Jacobi)+Bicgstab:  Solving for Ux, Initial residual = 8.121212484786713e-05, Final residual = 3.4611541785665558e-06, No Iterations 3, Solve time = 229.372 ms
Schwarz(Jacobi)+Bicgstab:  Solving for Uy, Initial residual = 0.004449079777835721, Final residual = 0.00014251519520107388, No Iterations 3, Solve time = 229.372 ms
Schwarz(Jacobi)+Bicgstab:  Solving for Uz, Initial residual = 0.0011335212146256486, Final residual = 5.4523906780456474e-05, No Iterations 3, Solve time = 229.372 ms
[mem] after-UEqn: DEVICE_POOL current=19126 MB  actual(reserved)=38146 MB  highWater=24414 MB
[GinkgoSolver] p-cache: reuse(update_matrix_value) solve=50 rebuildInterval=0
config(Cg+Multigrid):  Solving for p, Initial residual = 0.0013080471734986624, Final residual = 1.1234192418302442e-05, No Iterations 9, Solve time = 1201.327 ms
time step continuity errors : sum local = 2.806561131367665e-06, global = -7.846136746223048e-08, cumulative = -4.469031944315778e-07
[mem] after-pEqn: DEVICE_POOL current=19126 MB  actual(reserved)=38146 MB  highWater=24414 MB
[GinkgoSolver] p-cache: reuse(update_matrix_value) solve=50 rebuildInterval=0
Schwarz(Jacobi)+Bicgstab:  Solving for omega, Initial residual = 1.3193480175378157e-05, Final residual = 9.030243435292767e-07, No Iterations 2, Solve time = 79.223 ms
bounding omega, min: -138555.29725934903 max: 45355982.601961754 average: 6371.150422680622
[GinkgoSolver] p-cache: reuse(update_matrix_value) solve=50 rebuildInterval=0
Schwarz(Jacobi)+Bicgstab:  Solving for k, Initial residual = 0.00025125100548865285, Final residual = 1.377336004527813e-05, No Iterations 2, Solve time = 73.347 ms
bounding k, min: -0.0037843199985525544 max: 870.1257327706454 average: 9.13296611571714
[mem] after-turb: DEVICE_POOL current=19126 MB  actual(reserved)=38146 MB  highWater=24414 MB
Writing p
Writing U
Writing turbulence variables
ExecutionTime = 200.07 s  ClockTime = 203 s

Finalizing NeoN
Finalising parallel run
