/*---------------------------------------------------------------------------*\
| =========                 |                                                 |
| \\      /  F ield         | OpenFOAM: The Open Source CFD Toolbox           |
|  \\    /   O peration     | Version:  2506                                  |
|   \\  /    A nd           | Website:  www.openfoam.com                      |
|    \\/     M anipulation  |                                                 |
\*---------------------------------------------------------------------------*/
Build  : b050cd9480-20250814 OPENFOAM=2506 version=v2506
Arch   : "LSB;label=32;scalar=64"
Exec   : /storage/home/greole/code/NeoFOAM/build/profilingnvidia_h200/bin/neoSimpleFoam -parallel
Date   : Jul 14 2026
Time   : 15:40:46
Host   : gpu-nvidia-h200-3.int.coma-cluster.de
PID    : 3593249
I/O    : uncollated
Case   : /storage/home/greole/code/NeoFOAM/occDrivAerStaticMesh
nProcs : 4
Hosts  :
(
    (gpu-nvidia-h200-3.int.coma-cluster.de 4)
)
Pstream initialized with:
    node communication : off [type=host] (4 ranks, 1 nodes)
    topology controls  : none
    consensus exchange : 0 (tuning: 0)
    exchange algorithm : 0
    commsType          : nonBlocking
    polling iterations : 0
trapFpe: Floating point exception trapping enabled (FOAM_SIGFPE).
fileModificationChecking : Monitoring run-time modified files using timeStampMaster (fileModificationSkew 5, maxFileModificationPolls 20)
allowSystemOperations : Allowing user-supplied system call operations

// * * * * * * * * * * * * * * * * * * * * * * * * * * * * * * * * * * * * * //
Create time

Initializing NeoN
Creating Executor GPU
Creating NeoFOAM runTime
GPU-aware MPI: library-available=yes, NeoN-flag=on, executor=GPUExecutor, ranks=4 -> used=yes

SIMPLE: no convergence criteria found. Calculations will run for 50 steps.

Reading field p

Reading field U

Reading/calculating face flux field phi

Selecting incompressible transport model Newtonian
NeoFOAM solver config (from fvSolution configFile) for 'config(Cg+Multigrid)':
{
    cacheSolver: true
    configFile: <NeoN::TokenList>
    l1ScaledResidual: true
    preconditionerRebuildInterval: 0
    relTol: 0.010000
    reportName: config(Cg+Multigrid)
    solver: Ginkgo
    tolerance: 0.000000
}
    effective optimize: false
    effective checkFrequency: 1
Mapping OpenFOAM solver settings to NeoN settings.
Currently, it is advisable to specify a configFile
for fine grained Ginkgo solver control

Replacing solver PBiCGStab by solver::Bicgstab
Replacing preconditioner diagonal by preconditioner::Schwarz (Schwarz-wrapped for distributed run)
NeoFOAM solver config (mapped from fvSolution) for 'Schwarz(Jacobi)+Bicgstab':
{
    cacheSolver: true
    criteria: {
        absolute_residual_norm: 0.000000
        initial_residual_norm: 0.100000
        iteration: 1000
    }
    l1ScaledResidual: true
    optimize: true
    preconditioner: {
        local_solver: {
            max_block_size: 1
            type: preconditioner::Jacobi
        }
        type: preconditioner::Schwarz
    }
    reportName: Schwarz(Jacobi)+Bicgstab
    solver: Ginkgo
    type: solver::Bicgstab
}
    effective optimize: true
    effective checkFrequency: 1
Creating phi

[NF][/storage/home/greole/code/NeoFOAM/include/NeoFOAM/auxiliary/readers.hpp::434]: Internal: 49333487, Boundary: 1754396

[NF][/storage/home/greole/code/NeoFOAM/include/NeoFOAM/auxiliary/readers.hpp::434]: Internal: 49320882, Boundary: 1762558

[NF][/storage/home/greole/code/NeoFOAM/include/NeoFOAM/auxiliary/readers.hpp::434]: Internal: 49261542, Boundary: 1427829

[NF][/storage/home/greole/code/NeoFOAM/include/NeoFOAM/auxiliary/readers.hpp::434]: Internal: 49243125, Boundary: 1362247
Selecting patchDistMethod meshWave
Mapping OpenFOAM solver settings to NeoN settings.
Currently, it is advisable to specify a configFile
for fine grained Ginkgo solver control

Replacing solver PBiCGStab by solver::Bicgstab
Replacing preconditioner diagonal by preconditioner::Schwarz (Schwarz-wrapped for distributed run)
NeoFOAM solver config (mapped from fvSolution) for 'Schwarz(Jacobi)+Bicgstab':
{
    cacheSolver: true
    criteria: {
        absolute_residual_norm: 0.000000
        initial_residual_norm: 0.100000
        iteration: 1000
    }
    l1ScaledResidual: true
    optimize: true
    preconditioner: {
        local_solver: {
            max_block_size: 1
            type: preconditioner::Jacobi
        }
        type: preconditioner::Schwarz
    }
    reportName: Schwarz(Jacobi)+Bicgstab
    solver: Ginkgo
    type: solver::Bicgstab
}
    effective optimize: true
    effective checkFrequency: 1
Mapping OpenFOAM solver settings to NeoN settings.
Currently, it is advisable to specify a configFile
for fine grained Ginkgo solver control

Replacing solver PBiCGStab by solver::Bicgstab
Replacing preconditioner diagonal by preconditioner::Schwarz (Schwarz-wrapped for distributed run)
NeoFOAM solver config (mapped from fvSolution) for 'Schwarz(Jacobi)+Bicgstab':
{
    cacheSolver: true
    criteria: {
        absolute_residual_norm: 0.000000
        initial_residual_norm: 0.100000
        iteration: 1000
    }
    l1ScaledResidual: true
    optimize: true
    preconditioner: {
        local_solver: {
            max_block_size: 1
            type: preconditioner::Jacobi
        }
        type: preconditioner::Schwarz
    }
    reportName: Schwarz(Jacobi)+Bicgstab
    solver: Ginkgo
    type: solver::Bicgstab
}
    effective optimize: true
    effective checkFrequency: 1
[mem] setup.end: DEVICE_POOL current=12979 MB  actual(reserved)=38146 MB  highWater=19132 MB
Starting time loop
Time = 1001
[mem] step-start: DEVICE_POOL current=12979 MB  actual(reserved)=38146 MB  highWater=19132 MB
Schwarz(Jacobi)+Bicgstab:  Solving for Ux, Initial residual = 7.915653595473763e-05, Final residual = 3.1179240294667796e-06, No Iterations 3, Solve time = 250.045 ms
Schwarz(Jacobi)+Bicgstab:  Solving for Uy, Initial residual = 0.0040314963885018755, Final residual = 0.0001416085236941068, No Iterations 3, Solve time = 250.045 ms
Schwarz(Jacobi)+Bicgstab:  Solving for Uz, Initial residual = 0.0011224948656558265, Final residual = 4.897539672892672e-05, No Iterations 3, Solve time = 250.045 ms
[mem] after-UEqn: DEVICE_POOL current=15473 MB  actual(reserved)=38146 MB  highWater=20761 MB
[GinkgoSolver] p-cache: rebuild(generate) solve=1 rebuildInterval=0
config(Cg+Multigrid):  Solving for p, Initial residual = 0.0013092178421722145, Final residual = 1.2215076705231175e-05, No Iterations 9, Solve time = 1418.096 ms
time step continuity errors : sum local = 3.084712887879029e-06, global = 3.7842551564359586e-08, cumulative = 3.7842551564359586e-08
[mem] after-pEqn: DEVICE_POOL current=16941 MB  actual(reserved)=38146 MB  highWater=20761 MB
[GinkgoSolver] p-cache: rebuild(generate) solve=1 rebuildInterval=0
Schwarz(Jacobi)+Bicgstab:  Solving for omega, Initial residual = 1.3009227194730904e-05, Final residual = 9.269790404420066e-07, No Iterations 2, Solve time = 76.659 ms
bounding omega, min: -36027.73893234344 max: 45355982.77769652 average: 6373.8679743896
[GinkgoSolver] p-cache: rebuild(generate) solve=1 rebuildInterval=0
Schwarz(Jacobi)+Bicgstab:  Solving for k, Initial residual = 0.00024224217820047596, Final residual = 9.449021810128206e-06, No Iterations 3, Solve time = 99.762 ms
bounding k, min: -2.3786230397866e-05 max: 942.8729636404794 average: 9.152758317848225
[mem] after-turb: DEVICE_POOL current=19126 MB  actual(reserved)=38146 MB  highWater=21935 MB
ExecutionTime = 48.8 s  ClockTime = 50 s

Time = 1002
[mem] step-start: DEVICE_POOL current=19126 MB  actual(reserved)=38146 MB  highWater=21935 MB
Schwarz(Jacobi)+Bicgstab:  Solving for Ux, Initial residual = 7.874907800406305e-05, Final residual = 2.9919070921763904e-06, No Iterations 3, Solve time = 231.769 ms
Schwarz(Jacobi)+Bicgstab:  Solving for Uy, Initial residual = 0.004033782527897214, Final residual = 0.00014044847624399958, No Iterations 3, Solve time = 231.769 ms
Schwarz(Jacobi)+Bicgstab:  Solving for Uz, Initial residual = 0.0011191085869179864, Final residual = 4.126040217981793e-05, No Iterations 3, Solve time = 231.769 ms
[mem] after-UEqn: DEVICE_POOL current=19126 MB  actual(reserved)=38146 MB  highWater=24414 MB
[GinkgoSolver] p-cache: reuse(update_matrix_value) solve=2 rebuildInterval=0
config(Cg+Multigrid):  Solving for p, Initial residual = 0.0012778424528364274, Final residual = 1.1151070499112613e-05, No Iterations 9, Solve time = 1403.297 ms
time step continuity errors : sum local = 2.817771403721134e-06, global = 1.9921182424174428e-08, cumulative = 5.7763733988534014e-08
[mem] after-pEqn: DEVICE_POOL current=19126 MB  actual(reserved)=38146 MB  highWater=24414 MB
[GinkgoSolver] p-cache: reuse(update_matrix_value) solve=2 rebuildInterval=0
Schwarz(Jacobi)+Bicgstab:  Solving for omega, Initial residual = 1.3120867956899919e-05, Final residual = 8.756781440204707e-07, No Iterations 2, Solve time = 88.782 ms
bounding omega, min: -93678.72678922645 max: 45355982.85227016 average: 6373.5951103960915
[GinkgoSolver] p-cache: reuse(update_matrix_value) solve=2 rebuildInterval=0
Schwarz(Jacobi)+Bicgstab:  Solving for k, Initial residual = 0.0002414924358556525, Final residual = 1.1407360101012702e-05, No Iterations 2, Solve time = 74.612 ms
bounding k, min: -0.0002943828323231527 max: 934.241234750798 average: 9.152492014557815
[mem] after-turb: DEVICE_POOL current=19126 MB  actual(reserved)=38146 MB  highWater=24414 MB
ExecutionTime = 51.77 s  ClockTime = 53 s

Time = 1003
[mem] step-start: DEVICE_POOL current=19126 MB  actual(reserved)=38146 MB  highWater=24414 MB
Schwarz(Jacobi)+Bicgstab:  Solving for Ux, Initial residual = 7.857674904995028e-05, Final residual = 2.4111050286721817e-06, No Iterations 3, Solve time = 238.832 ms
Schwarz(Jacobi)+Bicgstab:  Solving for Uy, Initial residual = 0.0040304936302432695, Final residual = 0.00013656916096464684, No Iterations 3, Solve time = 238.832 ms
Schwarz(Jacobi)+Bicgstab:  Solving for Uz, Initial residual = 0.0011177208799985643, Final residual = 3.905938245051761e-05, No Iterations 3, Solve time = 238.832 ms
[mem] after-UEqn: DEVICE_POOL current=19126 MB  actual(reserved)=38146 MB  highWater=24414 MB
[GinkgoSolver] p-cache: reuse(update_matrix_value) solve=3 rebuildInterval=0
config(Cg+Multigrid):  Solving for p, Initial residual = 0.00126926016217188, Final residual = 1.067196155522271e-05, No Iterations 9, Solve time = 1422.281 ms
time step continuity errors : sum local = 2.696504802131839e-06, global = -2.813829212400206e-09, cumulative = 5.494990477613381e-08
[mem] after-pEqn: DEVICE_POOL current=19126 MB  actual(reserved)=38146 MB  highWater=24414 MB
[GinkgoSolver] p-cache: reuse(update_matrix_value) solve=3 rebuildInterval=0
Schwarz(Jacobi)+Bicgstab:  Solving for omega, Initial residual = 1.2976629344327682e-05, Final residual = 8.495625819676996e-07, No Iterations 2, Solve time = 80.057 ms
bounding omega, min: -36329.44526541181 max: 45355982.94054138 average: 6373.460176675692
[GinkgoSolver] p-cache: reuse(update_matrix_value) solve=3 rebuildInterval=0
Schwarz(Jacobi)+Bicgstab:  Solving for k, Initial residual = 0.00024127504712375476, Final residual = 1.3119779175450348e-05, No Iterations 2, Solve time = 74.837 ms
bounding k, min: -0.0006939685604310554 max: 922.3904562044935 average: 9.152318945929027
[mem] after-turb: DEVICE_POOL current=19126 MB  actual(reserved)=38146 MB  highWater=24414 MB
ExecutionTime = 54.8 s  ClockTime = 56 s

Time = 1004
[mem] step-start: DEVICE_POOL current=19126 MB  actual(reserved)=38146 MB  highWater=24414 MB
Schwarz(Jacobi)+Bicgstab:  Solving for Ux, Initial residual = 7.847299016916085e-05, Final residual = 2.0507597714265927e-06, No Iterations 3, Solve time = 220.787 ms
Schwarz(Jacobi)+Bicgstab:  Solving for Uy, Initial residual = 0.0040251017839154895, Final residual = 0.00013300137732841826, No Iterations 3, Solve time = 220.787 ms
Schwarz(Jacobi)+Bicgstab:  Solving for Uz, Initial residual = 0.0011173917110442304, Final residual = 4.123392248195761e-05, No Iterations 3, Solve time = 220.787 ms
[mem] after-UEqn: DEVICE_POOL current=19126 MB  actual(reserved)=38146 MB  highWater=24414 MB
[GinkgoSolver] p-cache: reuse(update_matrix_value) solve=4 rebuildInterval=0
config(Cg+Multigrid):  Solving for p, Initial residual = 0.0012679276558754831, Final residual = 1.0240671295888943e-05, No Iterations 9, Solve time = 1405.56 ms
time step continuity errors : sum local = 2.586384097310997e-06, global = -1.0772158288338105e-08, cumulative = 4.4177746487795705e-08
[mem] after-pEqn: DEVICE_POOL current=19126 MB  actual(reserved)=38146 MB  highWater=24414 MB
[GinkgoSolver] p-cache: reuse(update_matrix_value) solve=4 rebuildInterval=0
Schwarz(Jacobi)+Bicgstab:  Solving for omega, Initial residual = 1.2865206920192951e-05, Final residual = 8.4079252031614e-07, No Iterations 2, Solve time = 87.884 ms
bounding omega, min: -34593.76288148129 max: 45355983.028181806 average: 6373.612323443839
[GinkgoSolver] p-cache: reuse(update_matrix_value) solve=4 rebuildInterval=0
Schwarz(Jacobi)+Bicgstab:  Solving for k, Initial residual = 0.0002412389654303874, Final residual = 1.3719232351199094e-05, No Iterations 2, Solve time = 74.727 ms
bounding k, min: -0.005404911709952713 max: 907.4172599640915 average: 9.152103937084743
[mem] after-turb: DEVICE_POOL current=19126 MB  actual(reserved)=38146 MB  highWater=24414 MB
ExecutionTime = 57.82 s  ClockTime = 59 s

Time = 1005
[mem] step-start: DEVICE_POOL current=19126 MB  actual(reserved)=38146 MB  highWater=24414 MB
Schwarz(Jacobi)+Bicgstab:  Solving for Ux, Initial residual = 7.836475348448524e-05, Final residual = 3.876810808268224e-06, No Iterations 2, Solve time = 187.211 ms
Schwarz(Jacobi)+Bicgstab:  Solving for Uy, Initial residual = 0.0040194639214881514, Final residual = 0.0002503538993393445, No Iterations 2, Solve time = 187.211 ms
Schwarz(Jacobi)+Bicgstab:  Solving for Uz, Initial residual = 0.0011176255958899148, Final residual = 6.372726975640631e-05, No Iterations 2, Solve time = 187.211 ms
[mem] after-UEqn: DEVICE_POOL current=19126 MB  actual(reserved)=38146 MB  highWater=24414 MB
[GinkgoSolver] p-cache: reuse(update_matrix_value) solve=5 rebuildInterval=0
config(Cg+Multigrid):  Solving for p, Initial residual = 0.0012749593577953437, Final residual = 1.0072196985773897e-05, No Iterations 9, Solve time = 1406.384 ms
time step continuity errors : sum local = 2.5421676815392796e-06, global = -1.1570967746683554e-08, cumulative = 3.260677874111215e-08
[mem] after-pEqn: DEVICE_POOL current=19126 MB  actual(reserved)=38146 MB  highWater=24414 MB
[GinkgoSolver] p-cache: reuse(update_matrix_value) solve=5 rebuildInterval=0
Schwarz(Jacobi)+Bicgstab:  Solving for omega, Initial residual = 1.2847264091469666e-05, Final residual = 8.45472968505968e-07, No Iterations 2, Solve time = 86.391 ms
bounding omega, min: -35169.820497218185 max: 45355983.09975578 average: 6373.776489903903
[GinkgoSolver] p-cache: reuse(update_matrix_value) solve=5 rebuildInterval=0
Schwarz(Jacobi)+Bicgstab:  Solving for k, Initial residual = 0.00024164533604798712, Final residual = 1.372882489133553e-05, No Iterations 2, Solve time = 74.729 ms
bounding k, min: -0.002314988161891421 max: 900.1916731379274 average: 9.151932514190461
[mem] after-turb: DEVICE_POOL current=19126 MB  actual(reserved)=38146 MB  highWater=24414 MB
ExecutionTime = 60.79 s  ClockTime = 62 s

Time = 1006
[mem] step-start: DEVICE_POOL current=19126 MB  actual(reserved)=38146 MB  highWater=24414 MB
Schwarz(Jacobi)+Bicgstab:  Solving for Ux, Initial residual = 7.846254201458206e-05, Final residual = 2.463166953406758e-06, No Iterations 3, Solve time = 224.437 ms
Schwarz(Jacobi)+Bicgstab:  Solving for Uy, Initial residual = 0.004011146142464708, Final residual = 0.00015324749525800262, No Iterations 3, Solve time = 224.437 ms
Schwarz(Jacobi)+Bicgstab:  Solving for Uz, Initial residual = 0.0011192833890215366, Final residual = 6.156059743483123e-05, No Iterations 3, Solve time = 224.437 ms
[mem] after-UEqn: DEVICE_POOL current=19126 MB  actual(reserved)=38146 MB  highWater=24414 MB
[GinkgoSolver] p-cache: reuse(update_matrix_value) solve=6 rebuildInterval=0
config(Cg+Multigrid):  Solving for p, Initial residual = 0.001273581437755335, Final residual = 1.0028571127686664e-05, No Iterations 9, Solve time = 1415.375 ms
time step continuity errors : sum local = 2.529309445646025e-06, global = -1.2931842951745942e-08, cumulative = 1.9674935789366208e-08
[mem] after-pEqn: DEVICE_POOL current=19126 MB  actual(reserved)=38146 MB  highWater=24414 MB
[GinkgoSolver] p-cache: reuse(update_matrix_value) solve=6 rebuildInterval=0
Schwarz(Jacobi)+Bicgstab:  Solving for omega, Initial residual = 1.2810116214501053e-05, Final residual = 8.413609006262425e-07, No Iterations 2, Solve time = 89.835 ms
bounding omega, min: -126686.82695200486 max: 45355983.13869819 average: 6373.9358463685685
[GinkgoSolver] p-cache: reuse(update_matrix_value) solve=6 rebuildInterval=0
Schwarz(Jacobi)+Bicgstab:  Solving for k, Initial residual = 0.0002417132225775748, Final residual = 1.3496480122041322e-05, No Iterations 2, Solve time = 74.675 ms
bounding k, min: -0.0023576826388809202 max: 894.2455888764106 average: 9.151716424064617
[mem] after-turb: DEVICE_POOL current=19126 MB  actual(reserved)=38146 MB  highWater=24414 MB
ExecutionTime = 63.8 s  ClockTime = 65 s

Time = 1007
[mem] step-start: DEVICE_POOL current=19126 MB  actual(reserved)=38146 MB  highWater=24414 MB
Schwarz(Jacobi)+Bicgstab:  Solving for Ux, Initial residual = 7.840862008117083e-05, Final residual = 4.255031629128572e-06, No Iterations 2, Solve time = 170.524 ms
Schwarz(Jacobi)+Bicgstab:  Solving for Uy, Initial residual = 0.004008711250628447, Final residual = 0.0005082962163668633, No Iterations 2, Solve time = 170.524 ms
Schwarz(Jacobi)+Bicgstab:  Solving for Uz, Initial residual = 0.0011201794823968408, Final residual = 7.05368790170677e-05, No Iterations 2, Solve time = 170.524 ms
[mem] after-UEqn: DEVICE_POOL current=19126 MB  actual(reserved)=38146 MB  highWater=24414 MB
[GinkgoSolver] p-cache: reuse(update_matrix_value) solve=7 rebuildInterval=0
config(Cg+Multigrid):  Solving for p, Initial residual = 0.0012881150017370504, Final residual = 1.034355041475903e-05, No Iterations 9, Solve time = 1417.133 ms
time step continuity errors : sum local = 2.6068368009935725e-06, global = -1.2406206588452949e-08, cumulative = 7.268729200913259e-09
[mem] after-pEqn: DEVICE_POOL current=19126 MB  actual(reserved)=38146 MB  highWater=24414 MB
[GinkgoSolver] p-cache: reuse(update_matrix_value) solve=7 rebuildInterval=0
Schwarz(Jacobi)+Bicgstab:  Solving for omega, Initial residual = 1.2811909112354978e-05, Final residual = 8.376901907068488e-07, No Iterations 2, Solve time = 81.593 ms
bounding omega, min: -33453.55113101602 max: 45355983.133645155 average: 6374.078467159478
[GinkgoSolver] p-cache: reuse(update_matrix_value) solve=7 rebuildInterval=0
Schwarz(Jacobi)+Bicgstab:  Solving for k, Initial residual = 0.00024220652095125953, Final residual = 1.3417471164024483e-05, No Iterations 2, Solve time = 75.552 ms
bounding k, min: -0.0009458604108083038 max: 892.6560903043677 average: 9.151408431054513
[mem] after-turb: DEVICE_POOL current=19126 MB  actual(reserved)=38146 MB  highWater=24414 MB
ExecutionTime = 66.73999999999999 s  ClockTime = 68 s

Time = 1008
[mem] step-start: DEVICE_POOL current=19126 MB  actual(reserved)=38146 MB  highWater=24414 MB
Schwarz(Jacobi)+Bicgstab:  Solving for Ux, Initial residual = 7.860002210518818e-05, Final residual = 4.281863462824841e-06, No Iterations 2, Solve time = 173.37 ms
Schwarz(Jacobi)+Bicgstab:  Solving for Uy, Initial residual = 0.00398684439132391, Final residual = 0.000736232430178897, No Iterations 2, Solve time = 173.37 ms
Schwarz(Jacobi)+Bicgstab:  Solving for Uz, Initial residual = 0.0011232853511119643, Final residual = 6.398592733698244e-05, No Iterations 2, Solve time = 173.37 ms
[mem] after-UEqn: DEVICE_POOL current=19126 MB  actual(reserved)=38146 MB  highWater=24414 MB
[GinkgoSolver] p-cache: reuse(update_matrix_value) solve=8 rebuildInterval=0
config(Cg+Multigrid):  Solving for p, Initial residual = 0.0012837434040346089, Final residual = 1.099689679383485e-05, No Iterations 9, Solve time = 1426.195 ms
time step continuity errors : sum local = 2.7698363933500774e-06, global = -1.2910893960886209e-08, cumulative = -5.64216475997295e-09
[mem] after-pEqn: DEVICE_POOL current=19126 MB  actual(reserved)=38146 MB  highWater=24414 MB
[GinkgoSolver] p-cache: reuse(update_matrix_value) solve=8 rebuildInterval=0
Schwarz(Jacobi)+Bicgstab:  Solving for omega, Initial residual = 1.278103869253038e-05, Final residual = 8.352570625139168e-07, No Iterations 2, Solve time = 86.095 ms
bounding omega, min: -39050.93583180273 max: 45355983.0647971 average: 6374.193330239849
[GinkgoSolver] p-cache: reuse(update_matrix_value) solve=8 rebuildInterval=0
Schwarz(Jacobi)+Bicgstab:  Solving for k, Initial residual = 0.00024211279294544303, Final residual = 1.3452729575972448e-05, No Iterations 2, Solve time = 67.984 ms
bounding k, min: -0.0008783218502456981 max: 891.2212653360777 average: 9.151207951451298
[mem] after-turb: DEVICE_POOL current=19126 MB  actual(reserved)=38146 MB  highWater=24414 MB
ExecutionTime = 69.73999999999999 s  ClockTime = 71 s

Time = 1009
[mem] step-start: DEVICE_POOL current=19126 MB  actual(reserved)=38146 MB  highWater=24414 MB
Schwarz(Jacobi)+Bicgstab:  Solving for Ux, Initial residual = 7.844988107809154e-05, Final residual = 2.600777785021872e-06, No Iterations 3, Solve time = 212.268 ms
Schwarz(Jacobi)+Bicgstab:  Solving for Uy, Initial residual = 0.004037370430989005, Final residual = 0.00013492236622219533, No Iterations 3, Solve time = 212.268 ms
Schwarz(Jacobi)+Bicgstab:  Solving for Uz, Initial residual = 0.0011168034159076523, Final residual = 0.00011953281455381766, No Iterations 3, Solve time = 212.268 ms
[mem] after-UEqn: DEVICE_POOL current=19126 MB  actual(reserved)=38146 MB  highWater=24414 MB
[GinkgoSolver] p-cache: reuse(update_matrix_value) solve=9 rebuildInterval=0
config(Cg+Multigrid):  Solving for p, Initial residual = 0.0012953718481525025, Final residual = 1.1476467672522285e-05, No Iterations 9, Solve time = 1412.254 ms
time step continuity errors : sum local = 2.88883512339662e-06, global = -1.0056058040572204e-08, cumulative = -1.5698222800545156e-08
[mem] after-pEqn: DEVICE_POOL current=19126 MB  actual(reserved)=38146 MB  highWater=24414 MB
[GinkgoSolver] p-cache: reuse(update_matrix_value) solve=9 rebuildInterval=0
Schwarz(Jacobi)+Bicgstab:  Solving for omega, Initial residual = 1.2744830760107306e-05, Final residual = 8.33961495653131e-07, No Iterations 2, Solve time = 86.069 ms
bounding omega, min: -36696.09029274057 max: 45355982.87150206 average: 6374.227777530625
[GinkgoSolver] p-cache: reuse(update_matrix_value) solve=9 rebuildInterval=0
Schwarz(Jacobi)+Bicgstab:  Solving for k, Initial residual = 0.00024221843344581198, Final residual = 1.3348888628525893e-05, No Iterations 2, Solve time = 74.321 ms
bounding k, min: -0.0014963702068250852 max: 891.8013799305695 average: 9.150606905479226
[mem] after-turb: DEVICE_POOL current=19126 MB  actual(reserved)=38146 MB  highWater=24414 MB
ExecutionTime = 72.75 s  ClockTime = 74 s

Time = 1010
[mem] step-start: DEVICE_POOL current=19126 MB  actual(reserved)=38146 MB  highWater=24414 MB
Schwarz(Jacobi)+Bicgstab:  Solving for Ux, Initial residual = 7.838421438214244e-05, Final residual = 2.854101306631449e-06, No Iterations 3, Solve time = 236.777 ms
Schwarz(Jacobi)+Bicgstab:  Solving for Uy, Initial residual = 0.0040613122189713715, Final residual = 0.0001356888397767163, No Iterations 3, Solve time = 236.777 ms
Schwarz(Jacobi)+Bicgstab:  Solving for Uz, Initial residual = 0.0011004903066864863, Final residual = 4.4597377360760485e-05, No Iterations 3, Solve time = 236.777 ms
[mem] after-UEqn: DEVICE_POOL current=19126 MB  actual(reserved)=38146 MB  highWater=24414 MB
[GinkgoSolver] p-cache: reuse(update_matrix_value) solve=10 rebuildInterval=0
config(Cg+Multigrid):  Solving for p, Initial residual = 0.0012770262459344585, Final residual = 1.166116587444297e-05, No Iterations 9, Solve time = 1418.262 ms
time step continuity errors : sum local = 2.9339787313878164e-06, global = -8.860357841157549e-09, cumulative = -2.4558580641702705e-08
[mem] after-pEqn: DEVICE_POOL current=19126 MB  actual(reserved)=38146 MB  highWater=24414 MB
[GinkgoSolver] p-cache: reuse(update_matrix_value) solve=10 rebuildInterval=0
Schwarz(Jacobi)+Bicgstab:  Solving for omega, Initial residual = 1.2722671068703928e-05, Final residual = 8.33228999714888e-07, No Iterations 2, Solve time = 88.029 ms
bounding omega, min: -166220.1728553755 max: 45355982.6577345 average: 6374.206613965244
[GinkgoSolver] p-cache: reuse(update_matrix_value) solve=10 rebuildInterval=0
Schwarz(Jacobi)+Bicgstab:  Solving for k, Initial residual = 0.00024224658534028752, Final residual = 1.3166958990984282e-05, No Iterations 2, Solve time = 74.654 ms
bounding k, min: -0.001955069459523083 max: 891.937190096135 average: 9.149969926751178
[mem] after-turb: DEVICE_POOL current=19126 MB  actual(reserved)=38146 MB  highWater=24414 MB
ExecutionTime = 75.76000000000001 s  ClockTime = 77 s

Time = 1011
[mem] step-start: DEVICE_POOL current=19126 MB  actual(reserved)=38146 MB  highWater=24414 MB
Schwarz(Jacobi)+Bicgstab:  Solving for Ux, Initial residual = 7.832819172757323e-05, Final residual = 3.290162473416428e-06, No Iterations 3, Solve time = 230.553 ms
Schwarz(Jacobi)+Bicgstab:  Solving for Uy, Initial residual = 0.004074370557204593, Final residual = 0.00013714964730953, No Iterations 3, Solve time = 230.553 ms
Schwarz(Jacobi)+Bicgstab:  Solving for Uz, Initial residual = 0.0010939392199694907, Final residual = 4.1196545038856025e-05, No Iterations 3, Solve time = 230.553 ms
[mem] after-UEqn: DEVICE_POOL current=19126 MB  actual(reserved)=38146 MB  highWater=24414 MB
[GinkgoSolver] p-cache: reuse(update_matrix_value) solve=11 rebuildInterval=0
config(Cg+Multigrid):  Solving for p, Initial residual = 0.0012720292675542139, Final residual = 1.1377958404338435e-05, No Iterations 9, Solve time = 1407.386 ms
time step continuity errors : sum local = 2.8615611553147986e-06, global = -5.45375985684979e-09, cumulative = -3.0012340498552495e-08
[mem] after-pEqn: DEVICE_POOL current=19126 MB  actual(reserved)=38146 MB  highWater=24414 MB
[GinkgoSolver] p-cache: reuse(update_matrix_value) solve=11 rebuildInterval=0
Schwarz(Jacobi)+Bicgstab:  Solving for omega, Initial residual = 1.2709231472311592e-05, Final residual = 8.284240633300269e-07, No Iterations 2, Solve time = 88.927 ms
bounding omega, min: -37458.33278583382 max: 45355982.65728413 average: 6374.144068783074
[GinkgoSolver] p-cache: reuse(update_matrix_value) solve=11 rebuildInterval=0
Schwarz(Jacobi)+Bicgstab:  Solving for k, Initial residual = 0.0002422702876413676, Final residual = 1.2669328006345731e-05, No Iterations 2, Solve time = 74.353 ms
bounding k, min: -0.0005356223689742326 max: 892.6994185182596 average: 9.149261459412163
[mem] after-turb: DEVICE_POOL current=19126 MB  actual(reserved)=38146 MB  highWater=24414 MB
ExecutionTime = 78.77 s  ClockTime = 80 s

Time = 1012
[mem] step-start: DEVICE_POOL current=19126 MB  actual(reserved)=38146 MB  highWater=24414 MB
Schwarz(Jacobi)+Bicgstab:  Solving for Ux, Initial residual = 7.832472841621416e-05, Final residual = 4.239055894033582e-06, No Iterations 2, Solve time = 174.391 ms
Schwarz(Jacobi)+Bicgstab:  Solving for Uy, Initial residual = 0.004076811720842924, Final residual = 0.0005355570409958284, No Iterations 2, Solve time = 174.391 ms
Schwarz(Jacobi)+Bicgstab:  Solving for Uz, Initial residual = 0.0010915977589344293, Final residual = 6.259035783518078e-05, No Iterations 2, Solve time = 174.391 ms
[mem] after-UEqn: DEVICE_POOL current=19126 MB  actual(reserved)=38146 MB  highWater=24414 MB
[GinkgoSolver] p-cache: reuse(update_matrix_value) solve=12 rebuildInterval=0
config(Cg+Multigrid):  Solving for p, Initial residual = 0.001289715365864003, Final residual = 1.1120637928435081e-05, No Iterations 9, Solve time = 1405.721 ms
time step continuity errors : sum local = 2.7957933533839307e-06, global = -2.962501700288287e-09, cumulative = -3.2974842198840784e-08
[mem] after-pEqn: DEVICE_POOL current=19126 MB  actual(reserved)=38146 MB  highWater=24414 MB
[GinkgoSolver] p-cache: reuse(update_matrix_value) solve=12 rebuildInterval=0
Schwarz(Jacobi)+Bicgstab:  Solving for omega, Initial residual = 1.2721983120534784e-05, Final residual = 8.319353537105911e-07, No Iterations 2, Solve time = 87.634 ms
bounding omega, min: -40500.26705079131 max: 45355982.696525864 average: 6373.975098943317
[GinkgoSolver] p-cache: reuse(update_matrix_value) solve=12 rebuildInterval=0
Schwarz(Jacobi)+Bicgstab:  Solving for k, Initial residual = 0.00024261342510886177, Final residual = 1.2378302557002254e-05, No Iterations 2, Solve time = 70.474 ms
bounding k, min: -0.0005245739334532075 max: 892.8819887589544 average: 9.14842082848572
[mem] after-turb: DEVICE_POOL current=19126 MB  actual(reserved)=38146 MB  highWater=24414 MB
ExecutionTime = 81.73999999999999 s  ClockTime = 83 s

Time = 1013
[mem] step-start: DEVICE_POOL current=19126 MB  actual(reserved)=38146 MB  highWater=24414 MB
Schwarz(Jacobi)+Bicgstab:  Solving for Ux, Initial residual = 7.856573655629999e-05, Final residual = 2.9357183767510826e-06, No Iterations 3, Solve time = 240.725 ms
Schwarz(Jacobi)+Bicgstab:  Solving for Uy, Initial residual = 0.004044719115892136, Final residual = 0.00015351693663837255, No Iterations 3, Solve time = 240.725 ms
Schwarz(Jacobi)+Bicgstab:  Solving for Uz, Initial residual = 0.001095124982779132, Final residual = 6.416056487514241e-05, No Iterations 3, Solve time = 240.725 ms
[mem] after-UEqn: DEVICE_POOL current=19126 MB  actual(reserved)=38146 MB  highWater=24414 MB
[GinkgoSolver] p-cache: reuse(update_matrix_value) solve=13 rebuildInterval=0
config(Cg+Multigrid):  Solving for p, Initial residual = 0.0012842115296428042, Final residual = 1.097185227217738e-05, No Iterations 9, Solve time = 1435.31 ms
time step continuity errors : sum local = 2.757478661583225e-06, global = -2.294615894361376e-09, cumulative = -3.526945809320216e-08
[mem] after-pEqn: DEVICE_POOL current=19126 MB  actual(reserved)=38146 MB  highWater=24414 MB
[GinkgoSolver] p-cache: reuse(update_matrix_value) solve=13 rebuildInterval=0
Schwarz(Jacobi)+Bicgstab:  Solving for omega, Initial residual = 1.2712233780513405e-05, Final residual = 8.35173588377283e-07, No Iterations 2, Solve time = 88.426 ms
bounding omega, min: -39243.19558059161 max: 45355982.74925025 average: 6373.77731892744
[GinkgoSolver] p-cache: reuse(update_matrix_value) solve=13 rebuildInterval=0
Schwarz(Jacobi)+Bicgstab:  Solving for k, Initial residual = 0.0002424707299903918, Final residual = 1.2200576290843734e-05, No Iterations 2, Solve time = 74.63 ms
bounding k, min: -0.0017176348521633078 max: 893.1107353823853 average: 9.147563557505483
[mem] after-turb: DEVICE_POOL current=19126 MB  actual(reserved)=38146 MB  highWater=24414 MB
ExecutionTime = 84.75 s  ClockTime = 86 s

Time = 1014
[mem] step-start: DEVICE_POOL current=19126 MB  actual(reserved)=38146 MB  highWater=24414 MB
Schwarz(Jacobi)+Bicgstab:  Solving for Ux, Initial residual = 7.855152157739031e-05, Final residual = 3.511598917908826e-06, No Iterations 3, Solve time = 229.178 ms
Schwarz(Jacobi)+Bicgstab:  Solving for Uy, Initial residual = 0.004030789201978546, Final residual = 0.00014760695456165614, No Iterations 3, Solve time = 229.178 ms
Schwarz(Jacobi)+Bicgstab:  Solving for Uz, Initial residual = 0.0010997868208514094, Final residual = 6.047758998549275e-05, No Iterations 3, Solve time = 229.178 ms
[mem] after-UEqn: DEVICE_POOL current=19126 MB  actual(reserved)=38146 MB  highWater=24414 MB
[GinkgoSolver] p-cache: reuse(update_matrix_value) solve=14 rebuildInterval=0
config(Cg+Multigrid):  Solving for p, Initial residual = 0.0012811525968768923, Final residual = 1.0705041191043225e-05, No Iterations 9, Solve time = 1403.956 ms
time step continuity errors : sum local = 2.6893786551380823e-06, global = -2.0941506677030193e-09, cumulative = -3.736360876090518e-08
[mem] after-pEqn: DEVICE_POOL current=19126 MB  actual(reserved)=38146 MB  highWater=24414 MB
[GinkgoSolver] p-cache: reuse(update_matrix_value) solve=14 rebuildInterval=0
Schwarz(Jacobi)+Bicgstab:  Solving for omega, Initial residual = 1.2711805466019438e-05, Final residual = 8.366874010202628e-07, No Iterations 2, Solve time = 78.04 ms
bounding omega, min: -281745.51106895145 max: 45355982.78334559 average: 6373.532706264349
[GinkgoSolver] p-cache: reuse(update_matrix_value) solve=14 rebuildInterval=0
Schwarz(Jacobi)+Bicgstab:  Solving for k, Initial residual = 0.00024247858185669796, Final residual = 1.2107247933743341e-05, No Iterations 2, Solve time = 74.582 ms
bounding k, min: -0.0019224213733924772 max: 892.7414627670622 average: 9.146688899774269
[mem] after-turb: DEVICE_POOL current=19126 MB  actual(reserved)=38146 MB  highWater=24414 MB
ExecutionTime = 87.81 s  ClockTime = 89 s

Time = 1015
[mem] step-start: DEVICE_POOL current=19126 MB  actual(reserved)=38146 MB  highWater=24414 MB
Schwarz(Jacobi)+Bicgstab:  Solving for Ux, Initial residual = 7.85690141382781e-05, Final residual = 3.8042144988716784e-06, No Iterations 3, Solve time = 228.274 ms
Schwarz(Jacobi)+Bicgstab:  Solving for Uy, Initial residual = 0.004030189416329265, Final residual = 0.0001415061890843825, No Iterations 3, Solve time = 228.274 ms
Schwarz(Jacobi)+Bicgstab:  Solving for Uz, Initial residual = 0.0011020663209986307, Final residual = 5.0126109189153874e-05, No Iterations 3, Solve time = 228.274 ms
[mem] after-UEqn: DEVICE_POOL current=19126 MB  actual(reserved)=38146 MB  highWater=24414 MB
[GinkgoSolver] p-cache: reuse(update_matrix_value) solve=15 rebuildInterval=0
config(Cg+Multigrid):  Solving for p, Initial residual = 0.0012815093462709717, Final residual = 1.0396550280649679e-05, No Iterations 9, Solve time = 1408.437 ms
time step continuity errors : sum local = 2.6108079630740026e-06, global = -2.6104026698443235e-09, cumulative = -3.9974011430749504e-08
[mem] after-pEqn: DEVICE_POOL current=19126 MB  actual(reserved)=38146 MB  highWater=24414 MB
[GinkgoSolver] p-cache: reuse(update_matrix_value) solve=15 rebuildInterval=0
Schwarz(Jacobi)+Bicgstab:  Solving for omega, Initial residual = 1.2715192790924695e-05, Final residual = 8.345080133880527e-07, No Iterations 2, Solve time = 88.087 ms
bounding omega, min: -50912.08480210329 max: 45355982.77543721 average: 6373.311977063347
[GinkgoSolver] p-cache: reuse(update_matrix_value) solve=15 rebuildInterval=0
Schwarz(Jacobi)+Bicgstab:  Solving for k, Initial residual = 0.00024248362559628757, Final residual = 1.2195047334622034e-05, No Iterations 2, Solve time = 74.331 ms
bounding k, min: -0.002147679908481956 max: 892.2892996950956 average: 9.145807266892598
[mem] after-turb: DEVICE_POOL current=19126 MB  actual(reserved)=38146 MB  highWater=24414 MB
ExecutionTime = 90.84 s  ClockTime = 92 s

Time = 1016
[mem] step-start: DEVICE_POOL current=19126 MB  actual(reserved)=38146 MB  highWater=24414 MB
Schwarz(Jacobi)+Bicgstab:  Solving for Ux, Initial residual = 7.856210110788735e-05, Final residual = 3.7016536279939886e-06, No Iterations 3, Solve time = 231.762 ms
Schwarz(Jacobi)+Bicgstab:  Solving for Uy, Initial residual = 0.004038798066677236, Final residual = 0.00013582770972519621, No Iterations 3, Solve time = 231.762 ms
Schwarz(Jacobi)+Bicgstab:  Solving for Uz, Initial residual = 0.0011013323609597853, Final residual = 3.893557967817603e-05, No Iterations 3, Solve time = 231.762 ms
[mem] after-UEqn: DEVICE_POOL current=19126 MB  actual(reserved)=38146 MB  highWater=24414 MB
[GinkgoSolver] p-cache: reuse(update_matrix_value) solve=16 rebuildInterval=0
config(Cg+Multigrid):  Solving for p, Initial residual = 0.001282609078481622, Final residual = 1.0312238649518654e-05, No Iterations 9, Solve time = 1421.802 ms
time step continuity errors : sum local = 2.5886367543139072e-06, global = -2.3518646561574796e-09, cumulative = -4.232587608690698e-08
[mem] after-pEqn: DEVICE_POOL current=19126 MB  actual(reserved)=38146 MB  highWater=24414 MB
[GinkgoSolver] p-cache: reuse(update_matrix_value) solve=16 rebuildInterval=0
Schwarz(Jacobi)+Bicgstab:  Solving for omega, Initial residual = 1.271308061492102e-05, Final residual = 8.339784664218815e-07, No Iterations 2, Solve time = 87.532 ms
bounding omega, min: -49603.61202384967 max: 45355982.71909508 average: 6373.023026547834
[GinkgoSolver] p-cache: reuse(update_matrix_value) solve=16 rebuildInterval=0
Schwarz(Jacobi)+Bicgstab:  Solving for k, Initial residual = 0.00024248464225595695, Final residual = 1.223625682281802e-05, No Iterations 2, Solve time = 74.184 ms
bounding k, min: -0.0025303144726934734 max: 891.3787851716662 average: 9.14490634565503
[mem] after-turb: DEVICE_POOL current=19126 MB  actual(reserved)=38146 MB  highWater=24414 MB
ExecutionTime = 93.87 s  ClockTime = 95 s

Time = 1017
[mem] step-start: DEVICE_POOL current=19126 MB  actual(reserved)=38146 MB  highWater=24414 MB
Schwarz(Jacobi)+Bicgstab:  Solving for Ux, Initial residual = 7.854437998798496e-05, Final residual = 3.720377419418145e-06, No Iterations 3, Solve time = 233.324 ms
Schwarz(Jacobi)+Bicgstab:  Solving for Uy, Initial residual = 0.004053077127390892, Final residual = 0.00013684897485857553, No Iterations 3, Solve time = 233.324 ms
Schwarz(Jacobi)+Bicgstab:  Solving for Uz, Initial residual = 0.001098259053792695, Final residual = 4.012195016013897e-05, No Iterations 3, Solve time = 233.324 ms
[mem] after-UEqn: DEVICE_POOL current=19126 MB  actual(reserved)=38146 MB  highWater=24414 MB
[GinkgoSolver] p-cache: reuse(update_matrix_value) solve=17 rebuildInterval=0
config(Cg+Multigrid):  Solving for p, Initial residual = 0.0012821737547013456, Final residual = 1.0262845333374734e-05, No Iterations 9, Solve time = 1409.613 ms
time step continuity errors : sum local = 2.575374475135778e-06, global = -2.084678205596818e-09, cumulative = -4.44105542925038e-08
[mem] after-pEqn: DEVICE_POOL current=19126 MB  actual(reserved)=38146 MB  highWater=24414 MB
[GinkgoSolver] p-cache: reuse(update_matrix_value) solve=17 rebuildInterval=0
Schwarz(Jacobi)+Bicgstab:  Solving for omega, Initial residual = 1.2716538831524463e-05, Final residual = 8.38588570373894e-07, No Iterations 2, Solve time = 83.311 ms
bounding omega, min: -59856.19919253804 max: 45355982.64634865 average: 6372.728619517319
[GinkgoSolver] p-cache: reuse(update_matrix_value) solve=17 rebuildInterval=0
Schwarz(Jacobi)+Bicgstab:  Solving for k, Initial residual = 0.00024250621860931392, Final residual = 1.2308349773479064e-05, No Iterations 2, Solve time = 74.345 ms
bounding k, min: -0.005538829416831689 max: 890.3310200240687 average: 9.144029956190053
[mem] after-turb: DEVICE_POOL current=19126 MB  actual(reserved)=38146 MB  highWater=24414 MB
ExecutionTime = 96.90000000000001 s  ClockTime = 98 s

Time = 1018
[mem] step-start: DEVICE_POOL current=19126 MB  actual(reserved)=38146 MB  highWater=24414 MB
Schwarz(Jacobi)+Bicgstab:  Solving for Ux, Initial residual = 7.85409999897511e-05, Final residual = 4.305913670525861e-06, No Iterations 2, Solve time = 178.068 ms
Schwarz(Jacobi)+Bicgstab:  Solving for Uy, Initial residual = 0.004069504362471641, Final residual = 0.0003084800263944579, No Iterations 2, Solve time = 178.068 ms
Schwarz(Jacobi)+Bicgstab:  Solving for Uz, Initial residual = 0.0010947749512900823, Final residual = 7.537417321806026e-05, No Iterations 2, Solve time = 178.068 ms
[mem] after-UEqn: DEVICE_POOL current=19126 MB  actual(reserved)=38146 MB  highWater=24414 MB
[GinkgoSolver] p-cache: reuse(update_matrix_value) solve=18 rebuildInterval=0
config(Cg+Multigrid):  Solving for p, Initial residual = 0.0012828887482484962, Final residual = 9.98037923474908e-06, No Iterations 9, Solve time = 1417.335 ms
time step continuity errors : sum local = 2.5038215248838202e-06, global = -1.2034726870817028e-09, cumulative = -4.56140269795855e-08
[mem] after-pEqn: DEVICE_POOL current=19126 MB  actual(reserved)=38146 MB  highWater=24414 MB
[GinkgoSolver] p-cache: reuse(update_matrix_value) solve=18 rebuildInterval=0
Schwarz(Jacobi)+Bicgstab:  Solving for omega, Initial residual = 1.2746609154116292e-05, Final residual = 8.446833871422676e-07, No Iterations 2, Solve time = 85.853 ms
bounding omega, min: -401812.1836439782 max: 45355982.58622383 average: 6372.435181448545
[GinkgoSolver] p-cache: reuse(update_matrix_value) solve=18 rebuildInterval=0
Schwarz(Jacobi)+Bicgstab:  Solving for k, Initial residual = 0.00024274847985587678, Final residual = 1.2390419781325787e-05, No Iterations 2, Solve time = 73.525 ms
bounding k, min: -0.00436623256853777 max: 888.9799716378033 average: 9.143236184119312
[mem] after-turb: DEVICE_POOL current=19126 MB  actual(reserved)=38146 MB  highWater=24414 MB
ExecutionTime = 99.87 s  ClockTime = 101 s

Time = 1019
[mem] step-start: DEVICE_POOL current=19126 MB  actual(reserved)=38146 MB  highWater=24414 MB
Schwarz(Jacobi)+Bicgstab:  Solving for Ux, Initial residual = 7.869236924570919e-05, Final residual = 4.338192293137155e-06, No Iterations 2, Solve time = 164.068 ms
Schwarz(Jacobi)+Bicgstab:  Solving for Uy, Initial residual = 0.0040714513040369235, Final residual = 0.0007575060427368579, No Iterations 2, Solve time = 164.068 ms
Schwarz(Jacobi)+Bicgstab:  Solving for Uz, Initial residual = 0.0010957960131462055, Final residual = 7.249740516883424e-05, No Iterations 2, Solve time = 164.068 ms
[mem] after-UEqn: DEVICE_POOL current=19126 MB  actual(reserved)=38146 MB  highWater=24414 MB
[GinkgoSolver] p-cache: reuse(update_matrix_value) solve=19 rebuildInterval=0
config(Cg+Multigrid):  Solving for p, Initial residual = 0.0012885839672393735, Final residual = 1.0467303950895228e-05, No Iterations 9, Solve time = 1397.234 ms
time step continuity errors : sum local = 2.6254488448378698e-06, global = -9.533758255828203e-10, cumulative = -4.656740280516832e-08
[mem] after-pEqn: DEVICE_POOL current=19126 MB  actual(reserved)=38146 MB  highWater=24414 MB
[GinkgoSolver] p-cache: reuse(update_matrix_value) solve=19 rebuildInterval=0
Schwarz(Jacobi)+Bicgstab:  Solving for omega, Initial residual = 1.276093082995288e-05, Final residual = 8.451783624584596e-07, No Iterations 2, Solve time = 86.075 ms
bounding omega, min: -54618.68438789165 max: 45355982.57155912 average: 6372.247757917782
[GinkgoSolver] p-cache: reuse(update_matrix_value) solve=19 rebuildInterval=0
Schwarz(Jacobi)+Bicgstab:  Solving for k, Initial residual = 0.0002426265982455288, Final residual = 1.2514587385620467e-05, No Iterations 2, Solve time = 75.13 ms
bounding k, min: -0.004908884824665394 max: 887.5325618564644 average: 9.1427179570908
[mem] after-turb: DEVICE_POOL current=19126 MB  actual(reserved)=38146 MB  highWater=24414 MB
ExecutionTime = 102.81 s  ClockTime = 104 s

Time = 1020
[mem] step-start: DEVICE_POOL current=19126 MB  actual(reserved)=38146 MB  highWater=24414 MB
Schwarz(Jacobi)+Bicgstab:  Solving for Ux, Initial residual = 7.863240952706012e-05, Final residual = 2.5225475474627906e-06, No Iterations 3, Solve time = 223.502 ms
Schwarz(Jacobi)+Bicgstab:  Solving for Uy, Initial residual = 0.004134174816969916, Final residual = 0.00013563234482539944, No Iterations 3, Solve time = 223.502 ms
Schwarz(Jacobi)+Bicgstab:  Solving for Uz, Initial residual = 0.0010915761241703926, Final residual = 4.542171877057683e-05, No Iterations 3, Solve time = 223.502 ms
[mem] after-UEqn: DEVICE_POOL current=19126 MB  actual(reserved)=38146 MB  highWater=24414 MB
[GinkgoSolver] p-cache: reuse(update_matrix_value) solve=20 rebuildInterval=0
config(Cg+Multigrid):  Solving for p, Initial residual = 0.0012829223269746025, Final residual = 1.0105186728530664e-05, No Iterations 9, Solve time = 1406.779 ms
time step continuity errors : sum local = 2.5341954399471483e-06, global = -8.071503058161004e-10, cumulative = -4.737455311098442e-08
[mem] after-pEqn: DEVICE_POOL current=19126 MB  actual(reserved)=38146 MB  highWater=24414 MB
[GinkgoSolver] p-cache: reuse(update_matrix_value) solve=20 rebuildInterval=0
Schwarz(Jacobi)+Bicgstab:  Solving for omega, Initial residual = 1.2737191967436856e-05, Final residual = 8.37875662059015e-07, No Iterations 2, Solve time = 88.208 ms
bounding omega, min: -61066.386199261244 max: 45355982.57263679 average: 6372.041296735069
[GinkgoSolver] p-cache: reuse(update_matrix_value) solve=20 rebuildInterval=0
Schwarz(Jacobi)+Bicgstab:  Solving for k, Initial residual = 0.00024253821781271617, Final residual = 1.2631958836751169e-05, No Iterations 2, Solve time = 74.565 ms
bounding k, min: -0.006667516155326597 max: 885.9265518512098 average: 9.142031785457567
[mem] after-turb: DEVICE_POOL current=19126 MB  actual(reserved)=38146 MB  highWater=24414 MB
ExecutionTime = 105.82 s  ClockTime = 107 s

Time = 1021
[mem] step-start: DEVICE_POOL current=19126 MB  actual(reserved)=38146 MB  highWater=24414 MB
Schwarz(Jacobi)+Bicgstab:  Solving for Ux, Initial residual = 7.862759346744621e-05, Final residual = 3.644103011936433e-06, No Iterations 2, Solve time = 170.728 ms
Schwarz(Jacobi)+Bicgstab:  Solving for Uy, Initial residual = 0.00414649228776278, Final residual = 0.000765922483546705, No Iterations 2, Solve time = 170.728 ms
Schwarz(Jacobi)+Bicgstab:  Solving for Uz, Initial residual = 0.001087513921148891, Final residual = 7.756817445447668e-05, No Iterations 2, Solve time = 170.728 ms
[mem] after-UEqn: DEVICE_POOL current=19126 MB  actual(reserved)=38146 MB  highWater=24414 MB
[GinkgoSolver] p-cache: reuse(update_matrix_value) solve=21 rebuildInterval=0
config(Cg+Multigrid):  Solving for p, Initial residual = 0.0013008404167386568, Final residual = 9.701125571422419e-06, No Iterations 9, Solve time = 1418.612 ms
time step continuity errors : sum local = 2.432579241931711e-06, global = -2.9407945423116304e-09, cumulative = -5.031534765329605e-08
[mem] after-pEqn: DEVICE_POOL current=19126 MB  actual(reserved)=38146 MB  highWater=24414 MB
[GinkgoSolver] p-cache: reuse(update_matrix_value) solve=21 rebuildInterval=0
Schwarz(Jacobi)+Bicgstab:  Solving for omega, Initial residual = 1.2757360007359202e-05, Final residual = 8.432339719108279e-07, No Iterations 2, Solve time = 88.104 ms
bounding omega, min: -58399.03574462607 max: 45355982.57961449 average: 6371.74212097149
[GinkgoSolver] p-cache: reuse(update_matrix_value) solve=21 rebuildInterval=0
Schwarz(Jacobi)+Bicgstab:  Solving for k, Initial residual = 0.00024293836766844473, Final residual = 1.2733332371578299e-05, No Iterations 2, Solve time = 73.144 ms
bounding k, min: -0.0026895203766786266 max: 884.3384920988731 average: 9.141180806317474
[mem] after-turb: DEVICE_POOL current=19126 MB  actual(reserved)=38146 MB  highWater=24414 MB
ExecutionTime = 108.75 s  ClockTime = 110 s

Time = 1022
[mem] step-start: DEVICE_POOL current=19126 MB  actual(reserved)=38146 MB  highWater=24414 MB
Schwarz(Jacobi)+Bicgstab:  Solving for Ux, Initial residual = 7.886540084475245e-05, Final residual = 2.357708546341264e-06, No Iterations 3, Solve time = 229.208 ms
Schwarz(Jacobi)+Bicgstab:  Solving for Uy, Initial residual = 0.004111036603803285, Final residual = 0.00015995154762254237, No Iterations 3, Solve time = 229.208 ms
Schwarz(Jacobi)+Bicgstab:  Solving for Uz, Initial residual = 0.001094161060703026, Final residual = 0.00014116468072372535, No Iterations 3, Solve time = 229.208 ms
[mem] after-UEqn: DEVICE_POOL current=19126 MB  actual(reserved)=38146 MB  highWater=24414 MB
[GinkgoSolver] p-cache: reuse(update_matrix_value) solve=22 rebuildInterval=0
config(Cg+Multigrid):  Solving for p, Initial residual = 0.0012943451649176786, Final residual = 9.689599465253826e-06, No Iterations 9, Solve time = 1416.399 ms
time step continuity errors : sum local = 2.429383047483671e-06, global = -4.895756769445843e-09, cumulative = -5.521110442274189e-08
[mem] after-pEqn: DEVICE_POOL current=19126 MB  actual(reserved)=38146 MB  highWater=24414 MB
[GinkgoSolver] p-cache: reuse(update_matrix_value) solve=22 rebuildInterval=0
Schwarz(Jacobi)+Bicgstab:  Solving for omega, Initial residual = 1.2780944469456354e-05, Final residual = 8.449255649923886e-07, No Iterations 2, Solve time = 88.145 ms
bounding omega, min: -309789.0342407899 max: 45355982.59071113 average: 6371.480511591343
[GinkgoSolver] p-cache: reuse(update_matrix_value) solve=22 rebuildInterval=0
Schwarz(Jacobi)+Bicgstab:  Solving for k, Initial residual = 0.00024294918657030807, Final residual = 1.2913486616656555e-05, No Iterations 2, Solve time = 74.016 ms
bounding k, min: -0.0032892826588541424 max: 882.7224944478967 average: 9.140538358109806
[mem] after-turb: DEVICE_POOL current=19126 MB  actual(reserved)=38146 MB  highWater=24414 MB
ExecutionTime = 111.72 s  ClockTime = 113 s

Time = 1023
[mem] step-start: DEVICE_POOL current=19126 MB  actual(reserved)=38146 MB  highWater=24414 MB
Schwarz(Jacobi)+Bicgstab:  Solving for Ux, Initial residual = 7.890996056271098e-05, Final residual = 3.3203312388214117e-06, No Iterations 3, Solve time = 227.788 ms
Schwarz(Jacobi)+Bicgstab:  Solving for Uy, Initial residual = 0.0040968287290331345, Final residual = 0.0001527458630552206, No Iterations 3, Solve time = 227.788 ms
Schwarz(Jacobi)+Bicgstab:  Solving for Uz, Initial residual = 0.0011046762609897417, Final residual = 4.367673677164017e-05, No Iterations 3, Solve time = 227.788 ms
[mem] after-UEqn: DEVICE_POOL current=19126 MB  actual(reserved)=38146 MB  highWater=24414 MB
[GinkgoSolver] p-cache: reuse(update_matrix_value) solve=23 rebuildInterval=0
config(Cg+Multigrid):  Solving for p, Initial residual = 0.0012914846294075364, Final residual = 9.735654215025886e-06, No Iterations 9, Solve time = 1396.658 ms
time step continuity errors : sum local = 2.4405021984572562e-06, global = -5.9718136031179355e-09, cumulative = -6.118291802585983e-08
[mem] after-pEqn: DEVICE_POOL current=19126 MB  actual(reserved)=38146 MB  highWater=24414 MB
[GinkgoSolver] p-cache: reuse(update_matrix_value) solve=23 rebuildInterval=0
Schwarz(Jacobi)+Bicgstab:  Solving for omega, Initial residual = 1.279184016596323e-05, Final residual = 8.383192686303594e-07, No Iterations 2, Solve time = 79.013 ms
bounding omega, min: -60538.54048236046 max: 45355982.603872664 average: 6371.300936031374
[GinkgoSolver] p-cache: reuse(update_matrix_value) solve=23 rebuildInterval=0
Schwarz(Jacobi)+Bicgstab:  Solving for k, Initial residual = 0.00024304892213695221, Final residual = 1.380667456027536e-05, No Iterations 2, Solve time = 74.496 ms
bounding k, min: -0.005223146053213501 max: 881.1755358497973 average: 9.139860583540004
[mem] after-turb: DEVICE_POOL current=19126 MB  actual(reserved)=38146 MB  highWater=24414 MB
ExecutionTime = 114.75 s  ClockTime = 116 s

Time = 1024
[mem] step-start: DEVICE_POOL current=19126 MB  actual(reserved)=38146 MB  highWater=24414 MB
Schwarz(Jacobi)+Bicgstab:  Solving for Ux, Initial residual = 7.90070310145906e-05, Final residual = 3.166983486569042e-06, No Iterations 3, Solve time = 226.622 ms
Schwarz(Jacobi)+Bicgstab:  Solving for Uy, Initial residual = 0.004099110298228218, Final residual = 0.0001435599476787864, No Iterations 3, Solve time = 226.622 ms
Schwarz(Jacobi)+Bicgstab:  Solving for Uz, Initial residual = 0.001103300487481841, Final residual = 2.8537277451118288e-05, No Iterations 3, Solve time = 226.622 ms
[mem] after-UEqn: DEVICE_POOL current=19126 MB  actual(reserved)=38146 MB  highWater=24414 MB
[GinkgoSolver] p-cache: reuse(update_matrix_value) solve=24 rebuildInterval=0
config(Cg+Multigrid):  Solving for p, Initial residual = 0.0012981420310401713, Final residual = 9.844910604946408e-06, No Iterations 9, Solve time = 1404.494 ms
time step continuity errors : sum local = 2.4674339799781613e-06, global = -6.70079749463947e-09, cumulative = -6.78837155204993e-08
[mem] after-pEqn: DEVICE_POOL current=19126 MB  actual(reserved)=38146 MB  highWater=24414 MB
[GinkgoSolver] p-cache: reuse(update_matrix_value) solve=24 rebuildInterval=0
Schwarz(Jacobi)+Bicgstab:  Solving for omega, Initial residual = 1.2786128492913122e-05, Final residual = 8.340038555115396e-07, No Iterations 2, Solve time = 87.829 ms
bounding omega, min: -58096.77274722822 max: 45355982.617233045 average: 6371.126343013402
[GinkgoSolver] p-cache: reuse(update_matrix_value) solve=24 rebuildInterval=0
Schwarz(Jacobi)+Bicgstab:  Solving for k, Initial residual = 0.00024319205978293277, Final residual = 1.637857431219499e-05, No Iterations 2, Solve time = 77.842 ms
bounding k, min: -0.012441102110046495 max: 879.7217764265453 average: 9.13904852094739
[mem] after-turb: DEVICE_POOL current=19126 MB  actual(reserved)=38146 MB  highWater=24414 MB
ExecutionTime = 117.77 s  ClockTime = 119 s

Time = 1025
[mem] step-start: DEVICE_POOL current=19126 MB  actual(reserved)=38146 MB  highWater=24414 MB
Schwarz(Jacobi)+Bicgstab:  Solving for Ux, Initial residual = 7.903240917383148e-05, Final residual = 3.4852134408278647e-06, No Iterations 3, Solve time = 242.509 ms
Schwarz(Jacobi)+Bicgstab:  Solving for Uy, Initial residual = 0.0041120751493689805, Final residual = 0.00013706393797668676, No Iterations 3, Solve time = 242.509 ms
Schwarz(Jacobi)+Bicgstab:  Solving for Uz, Initial residual = 0.0010977631895702357, Final residual = 4.221864548619349e-05, No Iterations 3, Solve time = 242.509 ms
[mem] after-UEqn: DEVICE_POOL current=19126 MB  actual(reserved)=38146 MB  highWater=24414 MB
[GinkgoSolver] p-cache: reuse(update_matrix_value) solve=25 rebuildInterval=0
config(Cg+Multigrid):  Solving for p, Initial residual = 0.0012948890164387098, Final residual = 9.818557984822777e-06, No Iterations 9, Solve time = 1399.746 ms
time step continuity errors : sum local = 2.4603685814723505e-06, global = -7.728404335028625e-09, cumulative = -7.561211985552792e-08
[mem] after-pEqn: DEVICE_POOL current=19126 MB  actual(reserved)=38146 MB  highWater=24414 MB
[GinkgoSolver] p-cache: reuse(update_matrix_value) solve=25 rebuildInterval=0
Schwarz(Jacobi)+Bicgstab:  Solving for omega, Initial residual = 1.2817312920766848e-05, Final residual = 8.35708251963592e-07, No Iterations 2, Solve time = 88.504 ms
bounding omega, min: -56756.45042837787 max: 45355982.62892695 average: 6370.988037033396
[GinkgoSolver] p-cache: reuse(update_matrix_value) solve=25 rebuildInterval=0
Schwarz(Jacobi)+Bicgstab:  Solving for k, Initial residual = 0.0002436057175259593, Final residual = 1.98285339954905e-05, No Iterations 2, Solve time = 74.114 ms
bounding k, min: -0.014959556329101897 max: 878.4144598338368 average: 9.138222875536883
[mem] after-turb: DEVICE_POOL current=19126 MB  actual(reserved)=38146 MB  highWater=24414 MB
ExecutionTime = 120.79 s  ClockTime = 122 s

Time = 1026
[mem] step-start: DEVICE_POOL current=19126 MB  actual(reserved)=38146 MB  highWater=24414 MB
Schwarz(Jacobi)+Bicgstab:  Solving for Ux, Initial residual = 7.904023644293416e-05, Final residual = 3.406745880462746e-06, No Iterations 3, Solve time = 232.931 ms
Schwarz(Jacobi)+Bicgstab:  Solving for Uy, Initial residual = 0.004130028602708315, Final residual = 0.00013659123750848885, No Iterations 3, Solve time = 232.931 ms
Schwarz(Jacobi)+Bicgstab:  Solving for Uz, Initial residual = 0.0010949952654808687, Final residual = 2.5854384256945548e-05, No Iterations 3, Solve time = 232.931 ms
[mem] after-UEqn: DEVICE_POOL current=19126 MB  actual(reserved)=38146 MB  highWater=24414 MB
[GinkgoSolver] p-cache: reuse(update_matrix_value) solve=26 rebuildInterval=0
config(Cg+Multigrid):  Solving for p, Initial residual = 0.0012918935594042683, Final residual = 9.965775728714524e-06, No Iterations 9, Solve time = 1413.28 ms
time step continuity errors : sum local = 2.496667660635492e-06, global = -8.479983014181828e-09, cumulative = -8.409210286970975e-08
[mem] after-pEqn: DEVICE_POOL current=19126 MB  actual(reserved)=38146 MB  highWater=24414 MB
[GinkgoSolver] p-cache: reuse(update_matrix_value) solve=26 rebuildInterval=0
Schwarz(Jacobi)+Bicgstab:  Solving for omega, Initial residual = 1.2840009179733853e-05, Final residual = 8.332257176431033e-07, No Iterations 2, Solve time = 87.703 ms
bounding omega, min: -384281.75316832465 max: 45355982.63812468 average: 6370.822136041797
[GinkgoSolver] p-cache: reuse(update_matrix_value) solve=26 rebuildInterval=0
Schwarz(Jacobi)+Bicgstab:  Solving for k, Initial residual = 0.00024429769575149687, Final residual = 5.4345697092662595e-06, No Iterations 3, Solve time = 96.623 ms
bounding k, min: -3.2313410822881826e-08 max: 877.2484735885541 average: 9.137704330156279
[mem] after-turb: DEVICE_POOL current=19126 MB  actual(reserved)=38146 MB  highWater=24414 MB
ExecutionTime = 123.83 s  ClockTime = 125 s

Time = 1027
[mem] step-start: DEVICE_POOL current=19126 MB  actual(reserved)=38146 MB  highWater=24414 MB
Schwarz(Jacobi)+Bicgstab:  Solving for Ux, Initial residual = 7.902728281858061e-05, Final residual = 4.431594235053409e-06, No Iterations 2, Solve time = 169.724 ms
Schwarz(Jacobi)+Bicgstab:  Solving for Uy, Initial residual = 0.004148755737047378, Final residual = 0.0005650538538202394, No Iterations 2, Solve time = 169.724 ms
Schwarz(Jacobi)+Bicgstab:  Solving for Uz, Initial residual = 0.001091103877292669, Final residual = 7.390604540327032e-05, No Iterations 2, Solve time = 169.724 ms
[mem] after-UEqn: DEVICE_POOL current=19126 MB  actual(reserved)=38146 MB  highWater=24414 MB
[GinkgoSolver] p-cache: reuse(update_matrix_value) solve=27 rebuildInterval=0
config(Cg+Multigrid):  Solving for p, Initial residual = 0.0012932215534024749, Final residual = 1.0183441275508678e-05, No Iterations 9, Solve time = 1414.9 ms
time step continuity errors : sum local = 2.5504699019189985e-06, global = -1.0298253775222535e-08, cumulative = -9.439035664493228e-08
[mem] after-pEqn: DEVICE_POOL current=19126 MB  actual(reserved)=38146 MB  highWater=24414 MB
[GinkgoSolver] p-cache: reuse(update_matrix_value) solve=27 rebuildInterval=0
Schwarz(Jacobi)+Bicgstab:  Solving for omega, Initial residual = 1.2679736104663213e-05, Final residual = 8.345015583765957e-07, No Iterations 2, Solve time = 82.86 ms
bounding omega, min: -56909.413789175764 max: 45355982.64534534 average: 6370.760749153025
[GinkgoSolver] p-cache: reuse(update_matrix_value) solve=27 rebuildInterval=0
Schwarz(Jacobi)+Bicgstab:  Solving for k, Initial residual = 0.0002439098742387595, Final residual = 1.1965801792528457e-05, No Iterations 2, Solve time = 73.87 ms
bounding k, min: -7.1475630391154305e-06 max: 876.2326059464742 average: 9.136981681369399
[mem] after-turb: DEVICE_POOL current=19126 MB  actual(reserved)=38146 MB  highWater=24414 MB
ExecutionTime = 126.82 s  ClockTime = 128 s

Time = 1028
[mem] step-start: DEVICE_POOL current=19126 MB  actual(reserved)=38146 MB  highWater=24414 MB
Schwarz(Jacobi)+Bicgstab:  Solving for Ux, Initial residual = 7.925666058036782e-05, Final residual = 4.48239580052026e-06, No Iterations 2, Solve time = 183.813 ms
Schwarz(Jacobi)+Bicgstab:  Solving for Uy, Initial residual = 0.004135656047122838, Final residual = 0.0007852244875298554, No Iterations 2, Solve time = 183.813 ms
Schwarz(Jacobi)+Bicgstab:  Solving for Uz, Initial residual = 0.001094842271521737, Final residual = 7.038952769849084e-05, No Iterations 2, Solve time = 183.813 ms
[mem] after-UEqn: DEVICE_POOL current=19126 MB  actual(reserved)=38146 MB  highWater=24414 MB
[GinkgoSolver] p-cache: reuse(update_matrix_value) solve=28 rebuildInterval=0
config(Cg+Multigrid):  Solving for p, Initial residual = 0.0012911315179366762, Final residual = 1.0523305392742655e-05, No Iterations 9, Solve time = 1412.998 ms
time step continuity errors : sum local = 2.6345013312416104e-06, global = -8.337048165162719e-09, cumulative = -1.02727404810095e-07
[mem] after-pEqn: DEVICE_POOL current=19126 MB  actual(reserved)=38146 MB  highWater=24414 MB
[GinkgoSolver] p-cache: reuse(update_matrix_value) solve=28 rebuildInterval=0
Schwarz(Jacobi)+Bicgstab:  Solving for omega, Initial residual = 1.2801713619214355e-05, Final residual = 8.341564994855727e-07, No Iterations 2, Solve time = 87.871 ms
bounding omega, min: -55573.125343439126 max: 45355982.65244612 average: 6370.695524335617
[GinkgoSolver] p-cache: reuse(update_matrix_value) solve=28 rebuildInterval=0
Schwarz(Jacobi)+Bicgstab:  Solving for k, Initial residual = 0.00024375322369795508, Final residual = 1.2380934847180926e-05, No Iterations 2, Solve time = 73.131 ms
bounding k, min: -0.00036729057234603324 max: 875.3593178692976 average: 9.136484207307543
[mem] after-turb: DEVICE_POOL current=19126 MB  actual(reserved)=38146 MB  highWater=24414 MB
ExecutionTime = 129.8 s  ClockTime = 131 s

Time = 1029
[mem] step-start: DEVICE_POOL current=19126 MB  actual(reserved)=38146 MB  highWater=24414 MB
Schwarz(Jacobi)+Bicgstab:  Solving for Ux, Initial residual = 7.916242108745025e-05, Final residual = 4.069321041572982e-06, No Iterations 3, Solve time = 226.349 ms
Schwarz(Jacobi)+Bicgstab:  Solving for Uy, Initial residual = 0.004193597325441492, Final residual = 0.0001348869228185963, No Iterations 3, Solve time = 226.349 ms
Schwarz(Jacobi)+Bicgstab:  Solving for Uz, Initial residual = 0.0010920427989172493, Final residual = 4.737776520701038e-05, No Iterations 3, Solve time = 226.349 ms
[mem] after-UEqn: DEVICE_POOL current=19126 MB  actual(reserved)=38146 MB  highWater=24414 MB
[GinkgoSolver] p-cache: reuse(update_matrix_value) solve=29 rebuildInterval=0
config(Cg+Multigrid):  Solving for p, Initial residual = 0.001289853231072139, Final residual = 1.0919101946898995e-05, No Iterations 9, Solve time = 1414.574 ms
time step continuity errors : sum local = 2.732597966341555e-06, global = -8.459539433955372e-09, cumulative = -1.1118694424405037e-07
[mem] after-pEqn: DEVICE_POOL current=19126 MB  actual(reserved)=38146 MB  highWater=24414 MB
[GinkgoSolver] p-cache: reuse(update_matrix_value) solve=29 rebuildInterval=0
Schwarz(Jacobi)+Bicgstab:  Solving for omega, Initial residual = 1.2814528570262803e-05, Final residual = 8.356943208640393e-07, No Iterations 2, Solve time = 80.25 ms
bounding omega, min: -55292.90948939363 max: 45355982.6596187 average: 6370.67575132538
[GinkgoSolver] p-cache: reuse(update_matrix_value) solve=29 rebuildInterval=0
Schwarz(Jacobi)+Bicgstab:  Solving for k, Initial residual = 0.00024398391533854362, Final residual = 1.280782201269992e-05, No Iterations 2, Solve time = 74.566 ms
bounding k, min: -0.0025455551807917354 max: 874.6333094492293 average: 9.135917271162002
[mem] after-turb: DEVICE_POOL current=19126 MB  actual(reserved)=38146 MB  highWater=24414 MB
ExecutionTime = 132.83 s  ClockTime = 134 s

Time = 1030
[mem] step-start: DEVICE_POOL current=19126 MB  actual(reserved)=38146 MB  highWater=24414 MB
Schwarz(Jacobi)+Bicgstab:  Solving for Ux, Initial residual = 7.919568573477142e-05, Final residual = 3.590461473589638e-06, No Iterations 3, Solve time = 229.897 ms
Schwarz(Jacobi)+Bicgstab:  Solving for Uy, Initial residual = 0.004213099714805917, Final residual = 0.0001334349039986074, No Iterations 3, Solve time = 229.897 ms
Schwarz(Jacobi)+Bicgstab:  Solving for Uz, Initial residual = 0.001089483027493884, Final residual = 3.8977358024325684e-05, No Iterations 3, Solve time = 229.897 ms
[mem] after-UEqn: DEVICE_POOL current=19126 MB  actual(reserved)=38146 MB  highWater=24414 MB
[GinkgoSolver] p-cache: reuse(update_matrix_value) solve=30 rebuildInterval=0
config(Cg+Multigrid):  Solving for p, Initial residual = 0.0012886522738580505, Final residual = 1.1493729195002567e-05, No Iterations 9, Solve time = 1422.737 ms
time step continuity errors : sum local = 2.875295402980213e-06, global = -9.119906694432593e-09, cumulative = -1.2030685093848297e-07
[mem] after-pEqn: DEVICE_POOL current=19126 MB  actual(reserved)=38146 MB  highWater=24414 MB
[GinkgoSolver] p-cache: reuse(update_matrix_value) solve=30 rebuildInterval=0
Schwarz(Jacobi)+Bicgstab:  Solving for omega, Initial residual = 1.281940606191584e-05, Final residual = 8.378019000700789e-07, No Iterations 2, Solve time = 85.865 ms
bounding omega, min: -275431.5379797197 max: 45355982.66816264 average: 6370.624203402236
[GinkgoSolver] p-cache: reuse(update_matrix_value) solve=30 rebuildInterval=0
Schwarz(Jacobi)+Bicgstab:  Solving for k, Initial residual = 0.00024426643247130604, Final residual = 1.3067546407807508e-05, No Iterations 2, Solve time = 74.321 ms
bounding k, min: -0.004063148454682243 max: 874.042321970317 average: 9.135311325628395
[mem] after-turb: DEVICE_POOL current=19126 MB  actual(reserved)=38146 MB  highWater=24414 MB
ExecutionTime = 135.87 s  ClockTime = 137 s

Time = 1031
[mem] step-start: DEVICE_POOL current=19126 MB  actual(reserved)=38146 MB  highWater=24414 MB
Schwarz(Jacobi)+Bicgstab:  Solving for Ux, Initial residual = 7.923259958577056e-05, Final residual = 3.4279517572909785e-06, No Iterations 3, Solve time = 236.516 ms
Schwarz(Jacobi)+Bicgstab:  Solving for Uy, Initial residual = 0.004223704230898089, Final residual = 0.00013353849849142101, No Iterations 3, Solve time = 236.516 ms
Schwarz(Jacobi)+Bicgstab:  Solving for Uz, Initial residual = 0.0010891709939340874, Final residual = 3.8157564592730384e-05, No Iterations 3, Solve time = 236.516 ms
[mem] after-UEqn: DEVICE_POOL current=19126 MB  actual(reserved)=38146 MB  highWater=24414 MB
[GinkgoSolver] p-cache: reuse(update_matrix_value) solve=31 rebuildInterval=0
config(Cg+Multigrid):  Solving for p, Initial residual = 0.0012889870880254887, Final residual = 1.1816307592215589e-05, No Iterations 9, Solve time = 1401.289 ms
time step continuity errors : sum local = 2.954915562868692e-06, global = -8.055438300263307e-09, cumulative = -1.2836228923874628e-07
[mem] after-pEqn: DEVICE_POOL current=19126 MB  actual(reserved)=38146 MB  highWater=24414 MB
[GinkgoSolver] p-cache: reuse(update_matrix_value) solve=31 rebuildInterval=0
Schwarz(Jacobi)+Bicgstab:  Solving for omega, Initial residual = 1.282338721971066e-05, Final residual = 8.349428723009919e-07, No Iterations 2, Solve time = 88.422 ms
bounding omega, min: -53472.11506022657 max: 45355982.67781531 average: 6370.621716158934
[GinkgoSolver] p-cache: reuse(update_matrix_value) solve=31 rebuildInterval=0
Schwarz(Jacobi)+Bicgstab:  Solving for k, Initial residual = 0.0002446344561679642, Final residual = 1.3349383606996044e-05, No Iterations 2, Solve time = 79.223 ms
bounding k, min: -0.013469065735760712 max: 873.576983854606 average: 9.13467126104567
[mem] after-turb: DEVICE_POOL current=19126 MB  actual(reserved)=38146 MB  highWater=24414 MB
ExecutionTime = 138.89 s  ClockTime = 140 s

Time = 1032
[mem] step-start: DEVICE_POOL current=19126 MB  actual(reserved)=38146 MB  highWater=24414 MB
Schwarz(Jacobi)+Bicgstab:  Solving for Ux, Initial residual = 7.929346237745246e-05, Final residual = 3.7625849229019502e-06, No Iterations 3, Solve time = 236.088 ms
Schwarz(Jacobi)+Bicgstab:  Solving for Uy, Initial residual = 0.004227487674617171, Final residual = 0.00013337489914728193, No Iterations 3, Solve time = 236.088 ms
Schwarz(Jacobi)+Bicgstab:  Solving for Uz, Initial residual = 0.0010910428888186963, Final residual = 3.3160832010060126e-05, No Iterations 3, Solve time = 236.088 ms
[mem] after-UEqn: DEVICE_POOL current=19126 MB  actual(reserved)=38146 MB  highWater=24414 MB
[GinkgoSolver] p-cache: reuse(update_matrix_value) solve=32 rebuildInterval=0
config(Cg+Multigrid):  Solving for p, Initial residual = 0.0012913455949662177, Final residual = 1.1885595586897052e-05, No Iterations 9, Solve time = 1426.747 ms
time step continuity errors : sum local = 2.9714167581146273e-06, global = -4.702711999498307e-09, cumulative = -1.330650012382446e-07
[mem] after-pEqn: DEVICE_POOL current=19126 MB  actual(reserved)=38146 MB  highWater=24414 MB
[GinkgoSolver] p-cache: reuse(update_matrix_value) solve=32 rebuildInterval=0
Schwarz(Jacobi)+Bicgstab:  Solving for omega, Initial residual = 1.2824610052519834e-05, Final residual = 8.374271993021986e-07, No Iterations 2, Solve time = 79.933 ms
bounding omega, min: -51784.80848859817 max: 45355982.68799859 average: 6370.5915946922305
[GinkgoSolver] p-cache: reuse(update_matrix_value) solve=32 rebuildInterval=0
Schwarz(Jacobi)+Bicgstab:  Solving for k, Initial residual = 0.0002450917541646062, Final residual = 1.3465507723618283e-05, No Iterations 2, Solve time = 72.686 ms
bounding k, min: -0.006337468486637124 max: 873.2165365147654 average: 9.134024399935349
[mem] after-turb: DEVICE_POOL current=19126 MB  actual(reserved)=38146 MB  highWater=24414 MB
ExecutionTime = 141.93 s  ClockTime = 143 s

Time = 1033
[mem] step-start: DEVICE_POOL current=19126 MB  actual(reserved)=38146 MB  highWater=24414 MB
Schwarz(Jacobi)+Bicgstab:  Solving for Ux, Initial residual = 7.939222132724728e-05, Final residual = 4.500595910716886e-06, No Iterations 2, Solve time = 168.722 ms
Schwarz(Jacobi)+Bicgstab:  Solving for Uy, Initial residual = 0.004228542261465246, Final residual = 0.0005997755042753619, No Iterations 2, Solve time = 168.722 ms
Schwarz(Jacobi)+Bicgstab:  Solving for Uz, Initial residual = 0.0010937377520513325, Final residual = 7.489663136669281e-05, No Iterations 2, Solve time = 168.722 ms
[mem] after-UEqn: DEVICE_POOL current=19126 MB  actual(reserved)=38146 MB  highWater=24414 MB
[GinkgoSolver] p-cache: reuse(update_matrix_value) solve=33 rebuildInterval=0
config(Cg+Multigrid):  Solving for p, Initial residual = 0.0013089571299574102, Final residual = 1.159626010235582e-05, No Iterations 9, Solve time = 1418.943 ms
time step continuity errors : sum local = 2.898731198547554e-06, global = -7.155027568011748e-10, cumulative = -1.3378050399504578e-07
[mem] after-pEqn: DEVICE_POOL current=19126 MB  actual(reserved)=38146 MB  highWater=24414 MB
[GinkgoSolver] p-cache: reuse(update_matrix_value) solve=33 rebuildInterval=0
Schwarz(Jacobi)+Bicgstab:  Solving for omega, Initial residual = 1.2860192197340475e-05, Final residual = 8.479937829260428e-07, No Iterations 2, Solve time = 88.117 ms
bounding omega, min: -51162.45041103787 max: 45355982.6976256 average: 6370.55958160545
[GinkgoSolver] p-cache: reuse(update_matrix_value) solve=33 rebuildInterval=0
Schwarz(Jacobi)+Bicgstab:  Solving for k, Initial residual = 0.0002459175958639385, Final residual = 1.335352092857743e-05, No Iterations 2, Solve time = 74.396 ms
bounding k, min: -0.0030464749172804733 max: 872.9383295867374 average: 9.133344703925983
[mem] after-turb: DEVICE_POOL current=19126 MB  actual(reserved)=38146 MB  highWater=24414 MB
ExecutionTime = 144.91 s  ClockTime = 146 s

Time = 1034
[mem] step-start: DEVICE_POOL current=19126 MB  actual(reserved)=38146 MB  highWater=24414 MB
Schwarz(Jacobi)+Bicgstab:  Solving for Ux, Initial residual = 7.970530148783883e-05, Final residual = 4.550844426203017e-06, No Iterations 2, Solve time = 178.236 ms
Schwarz(Jacobi)+Bicgstab:  Solving for Uy, Initial residual = 0.004199555201967166, Final residual = 0.0008070609483106513, No Iterations 2, Solve time = 178.236 ms
Schwarz(Jacobi)+Bicgstab:  Solving for Uz, Initial residual = 0.0011028270048763181, Final residual = 7.348876175121806e-05, No Iterations 2, Solve time = 178.236 ms
[mem] after-UEqn: DEVICE_POOL current=19126 MB  actual(reserved)=38146 MB  highWater=24414 MB
[GinkgoSolver] p-cache: reuse(update_matrix_value) solve=34 rebuildInterval=0
config(Cg+Multigrid):  Solving for p, Initial residual = 0.0012958179770787078, Final residual = 1.1581322192364007e-05, No Iterations 9, Solve time = 1410.284 ms
time step continuity errors : sum local = 2.8950447220010457e-06, global = 4.2756726695089054e-09, cumulative = -1.2950483132553688e-07
[mem] after-pEqn: DEVICE_POOL current=19126 MB  actual(reserved)=38146 MB  highWater=24414 MB
[GinkgoSolver] p-cache: reuse(update_matrix_value) solve=34 rebuildInterval=0
Schwarz(Jacobi)+Bicgstab:  Solving for omega, Initial residual = 1.2871387148283857e-05, Final residual = 8.546305849529625e-07, No Iterations 2, Solve time = 86.121 ms
bounding omega, min: -199539.05720296298 max: 45355982.7052743 average: 6370.592572830207
[GinkgoSolver] p-cache: reuse(update_matrix_value) solve=34 rebuildInterval=0
Schwarz(Jacobi)+Bicgstab:  Solving for k, Initial residual = 0.0002461742908975645, Final residual = 1.27339693401921e-05, No Iterations 2, Solve time = 74.715 ms
bounding k, min: -0.002276202820289029 max: 872.7323343480017 average: 9.132926084308014
[mem] after-turb: DEVICE_POOL current=19126 MB  actual(reserved)=38146 MB  highWater=24414 MB
ExecutionTime = 147.89 s  ClockTime = 149 s

Time = 1035
[mem] step-start: DEVICE_POOL current=19126 MB  actual(reserved)=38146 MB  highWater=24414 MB
Schwarz(Jacobi)+Bicgstab:  Solving for Ux, Initial residual = 7.966445108229977e-05, Final residual = 4.344784815755802e-06, No Iterations 3, Solve time = 227.866 ms
Schwarz(Jacobi)+Bicgstab:  Solving for Uy, Initial residual = 0.004251885859893262, Final residual = 0.0001392152974181479, No Iterations 3, Solve time = 227.866 ms
Schwarz(Jacobi)+Bicgstab:  Solving for Uz, Initial residual = 0.0011035404785089496, Final residual = 4.619990962075557e-05, No Iterations 3, Solve time = 227.866 ms
[mem] after-UEqn: DEVICE_POOL current=19126 MB  actual(reserved)=38146 MB  highWater=24414 MB
[GinkgoSolver] p-cache: reuse(update_matrix_value) solve=35 rebuildInterval=0
config(Cg+Multigrid):  Solving for p, Initial residual = 0.0012968156471363772, Final residual = 1.1037236622802072e-05, No Iterations 9, Solve time = 1423.677 ms
time step continuity errors : sum local = 2.759938899500442e-06, global = 7.709588247643155e-09, cumulative = -1.2179524307789373e-07
[mem] after-pEqn: DEVICE_POOL current=19126 MB  actual(reserved)=38146 MB  highWater=24414 MB
[GinkgoSolver] p-cache: reuse(update_matrix_value) solve=35 rebuildInterval=0
Schwarz(Jacobi)+Bicgstab:  Solving for omega, Initial residual = 1.2890579085708146e-05, Final residual = 8.569073383290229e-07, No Iterations 2, Solve time = 85.444 ms
bounding omega, min: -48979.30103898251 max: 45355982.71053217 average: 6370.699317375719
[GinkgoSolver] p-cache: reuse(update_matrix_value) solve=35 rebuildInterval=0
Schwarz(Jacobi)+Bicgstab:  Solving for k, Initial residual = 0.00024674224135522665, Final residual = 1.2280851170672782e-05, No Iterations 2, Solve time = 74.656 ms
bounding k, min: -0.0044317730620497 max: 872.581905460357 average: 9.132466216356221
[mem] after-turb: DEVICE_POOL current=19126 MB  actual(reserved)=38146 MB  highWater=24414 MB
ExecutionTime = 150.92 s  ClockTime = 152 s

Time = 1036
[mem] step-start: DEVICE_POOL current=19126 MB  actual(reserved)=38146 MB  highWater=24414 MB
Schwarz(Jacobi)+Bicgstab:  Solving for Ux, Initial residual = 7.975130501727759e-05, Final residual = 4.5917353746197065e-06, No Iterations 3, Solve time = 229.441 ms
Schwarz(Jacobi)+Bicgstab:  Solving for Uy, Initial residual = 0.004272626395935475, Final residual = 0.00013557490722430974, No Iterations 3, Solve time = 229.441 ms
Schwarz(Jacobi)+Bicgstab:  Solving for Uz, Initial residual = 0.0011021965911969841, Final residual = 3.8891610429908075e-05, No Iterations 3, Solve time = 229.441 ms
[mem] after-UEqn: DEVICE_POOL current=19126 MB  actual(reserved)=38146 MB  highWater=24414 MB
[GinkgoSolver] p-cache: reuse(update_matrix_value) solve=36 rebuildInterval=0
config(Cg+Multigrid):  Solving for p, Initial residual = 0.0012974619629536478, Final residual = 1.0459545992599674e-05, No Iterations 9, Solve time = 1412.095 ms
time step continuity errors : sum local = 2.616874063329232e-06, global = 1.0153606258038782e-08, cumulative = -1.1164163681985495e-07
[mem] after-pEqn: DEVICE_POOL current=19126 MB  actual(reserved)=38146 MB  highWater=24414 MB
[GinkgoSolver] p-cache: reuse(update_matrix_value) solve=36 rebuildInterval=0
Schwarz(Jacobi)+Bicgstab:  Solving for omega, Initial residual = 1.2915090591075712e-05, Final residual = 8.63642773205498e-07, No Iterations 2, Solve time = 87.368 ms
bounding omega, min: -47917.331837488964 max: 45355982.710628 average: 6370.776503302782
[GinkgoSolver] p-cache: reuse(update_matrix_value) solve=36 rebuildInterval=0
Schwarz(Jacobi)+Bicgstab:  Solving for k, Initial residual = 0.00024730034519542215, Final residual = 1.2463319788193284e-05, No Iterations 2, Solve time = 74.919 ms
bounding k, min: -0.005708559966945775 max: 872.46725040334 average: 9.132023258130468
[mem] after-turb: DEVICE_POOL current=19126 MB  actual(reserved)=38146 MB  highWater=24414 MB
ExecutionTime = 153.95 s  ClockTime = 155 s

Time = 1037
[mem] step-start: DEVICE_POOL current=19126 MB  actual(reserved)=38146 MB  highWater=24414 MB
Schwarz(Jacobi)+Bicgstab:  Solving for Ux, Initial residual = 7.989156727586026e-05, Final residual = 4.418686354209884e-06, No Iterations 3, Solve time = 236.009 ms
Schwarz(Jacobi)+Bicgstab:  Solving for Uy, Initial residual = 0.0042899304037684995, Final residual = 0.00013582822628660415, No Iterations 3, Solve time = 236.009 ms
Schwarz(Jacobi)+Bicgstab:  Solving for Uz, Initial residual = 0.0011015472928045088, Final residual = 3.8286816411073164e-05, No Iterations 3, Solve time = 236.009 ms
[mem] after-UEqn: DEVICE_POOL current=19126 MB  actual(reserved)=38146 MB  highWater=24414 MB
[GinkgoSolver] p-cache: reuse(update_matrix_value) solve=37 rebuildInterval=0
config(Cg+Multigrid):  Solving for p, Initial residual = 0.001296446636361274, Final residual = 1.0041247053473834e-05, No Iterations 9, Solve time = 1400.7 ms
time step continuity errors : sum local = 2.513936701846784e-06, global = 1.14246856570005e-08, cumulative = -1.0021695116285444e-07
[mem] after-pEqn: DEVICE_POOL current=19126 MB  actual(reserved)=38146 MB  highWater=24414 MB
[GinkgoSolver] p-cache: reuse(update_matrix_value) solve=37 rebuildInterval=0
Schwarz(Jacobi)+Bicgstab:  Solving for omega, Initial residual = 1.2950415429073662e-05, Final residual = 8.749849269945408e-07, No Iterations 2, Solve time = 87.644 ms
bounding omega, min: -46016.18394960459 max: 45355982.704751655 average: 6370.848712725918
[GinkgoSolver] p-cache: reuse(update_matrix_value) solve=37 rebuildInterval=0
Schwarz(Jacobi)+Bicgstab:  Solving for k, Initial residual = 0.00024783116350299343, Final residual = 1.2310542288163177e-05, No Iterations 2, Solve time = 74.474 ms
bounding k, min: -0.022929697744263667 max: 872.3802253296243 average: 9.131610751228573
[mem] after-turb: DEVICE_POOL current=19126 MB  actual(reserved)=38146 MB  highWater=24414 MB
ExecutionTime = 157 s  ClockTime = 158 s

Time = 1038
[mem] step-start: DEVICE_POOL current=19126 MB  actual(reserved)=38146 MB  highWater=24414 MB
Schwarz(Jacobi)+Bicgstab:  Solving for Ux, Initial residual = 8.002465706210707e-05, Final residual = 5.620288660232013e-06, No Iterations 3, Solve time = 224.519 ms
Schwarz(Jacobi)+Bicgstab:  Solving for Uy, Initial residual = 0.004302846906293519, Final residual = 0.0001371454855248748, No Iterations 3, Solve time = 224.519 ms
Schwarz(Jacobi)+Bicgstab:  Solving for Uz, Initial residual = 0.0011022194581353812, Final residual = 3.477187016336661e-05, No Iterations 3, Solve time = 224.519 ms
[mem] after-UEqn: DEVICE_POOL current=19126 MB  actual(reserved)=38146 MB  highWater=24414 MB
[GinkgoSolver] p-cache: reuse(update_matrix_value) solve=38 rebuildInterval=0
config(Cg+Multigrid):  Solving for p, Initial residual = 0.0013005425140463435, Final residual = 9.652763434085467e-06, No Iterations 9, Solve time = 1402.85 ms
time step continuity errors : sum local = 2.4185613082635156e-06, global = 1.1185234664075788e-08, cumulative = -8.903171649877866e-08
[mem] after-pEqn: DEVICE_POOL current=19126 MB  actual(reserved)=38146 MB  highWater=24414 MB
[GinkgoSolver] p-cache: reuse(update_matrix_value) solve=38 rebuildInterval=0
Schwarz(Jacobi)+Bicgstab:  Solving for omega, Initial residual = 1.2989389308201757e-05, Final residual = 8.865440409673253e-07, No Iterations 2, Solve time = 85.852 ms
bounding omega, min: -310368.0783937433 max: 45355982.69323607 average: 6370.909422841094
[GinkgoSolver] p-cache: reuse(update_matrix_value) solve=38 rebuildInterval=0
Schwarz(Jacobi)+Bicgstab:  Solving for k, Initial residual = 0.000248431238510161, Final residual = 1.205622549712699e-05, No Iterations 2, Solve time = 73.778 ms
bounding k, min: -0.015510967150203996 max: 872.3077939111535 average: 9.131307860471745
[mem] after-turb: DEVICE_POOL current=19126 MB  actual(reserved)=38146 MB  highWater=24414 MB
ExecutionTime = 160.02 s  ClockTime = 161 s

Time = 1039
[mem] step-start: DEVICE_POOL current=19126 MB  actual(reserved)=38146 MB  highWater=24414 MB
Schwarz(Jacobi)+Bicgstab:  Solving for Ux, Initial residual = 8.026282141850046e-05, Final residual = 3.7551650476452612e-06, No Iterations 3, Solve time = 226.023 ms
Schwarz(Jacobi)+Bicgstab:  Solving for Uy, Initial residual = 0.004312455026186399, Final residual = 0.00013778814670404455, No Iterations 3, Solve time = 226.023 ms
Schwarz(Jacobi)+Bicgstab:  Solving for Uz, Initial residual = 0.0011037357180673512, Final residual = 3.9927450680786506e-05, No Iterations 3, Solve time = 226.023 ms
[mem] after-UEqn: DEVICE_POOL current=19126 MB  actual(reserved)=38146 MB  highWater=24414 MB
[GinkgoSolver] p-cache: reuse(update_matrix_value) solve=39 rebuildInterval=0
config(Cg+Multigrid):  Solving for p, Initial residual = 0.0012950433187639825, Final residual = 9.665498226297919e-06, No Iterations 9, Solve time = 1420.726 ms
time step continuity errors : sum local = 2.4236558297098123e-06, global = 1.0422272119172655e-08, cumulative = -7.8609444379606e-08
[mem] after-pEqn: DEVICE_POOL current=19126 MB  actual(reserved)=38146 MB  highWater=24414 MB
[GinkgoSolver] p-cache: reuse(update_matrix_value) solve=39 rebuildInterval=0
Schwarz(Jacobi)+Bicgstab:  Solving for omega, Initial residual = 1.3009941357433119e-05, Final residual = 8.895459201288491e-07, No Iterations 2, Solve time = 79.392 ms
bounding omega, min: -45961.896724715254 max: 45355982.67765265 average: 6370.983883090959
[GinkgoSolver] p-cache: reuse(update_matrix_value) solve=39 rebuildInterval=0
Schwarz(Jacobi)+Bicgstab:  Solving for k, Initial residual = 0.0002487631635718199, Final residual = 1.1764996221045163e-05, No Iterations 2, Solve time = 74.094 ms
bounding k, min: -0.014547331137008415 max: 872.2411366807315 average: 9.130998056569648
[mem] after-turb: DEVICE_POOL current=19126 MB  actual(reserved)=38146 MB  highWater=24414 MB
ExecutionTime = 163.07 s  ClockTime = 164 s

Time = 1040
[mem] step-start: DEVICE_POOL current=19126 MB  actual(reserved)=38146 MB  highWater=24414 MB
Schwarz(Jacobi)+Bicgstab:  Solving for Ux, Initial residual = 8.032672397772883e-05, Final residual = 4.177559353184699e-06, No Iterations 2, Solve time = 170.028 ms
Schwarz(Jacobi)+Bicgstab:  Solving for Uy, Initial residual = 0.0043203909113988595, Final residual = 0.0007227029907505049, No Iterations 2, Solve time = 170.028 ms
Schwarz(Jacobi)+Bicgstab:  Solving for Uz, Initial residual = 0.0011062965411368006, Final residual = 7.443320558074691e-05, No Iterations 2, Solve time = 170.028 ms
[mem] after-UEqn: DEVICE_POOL current=19126 MB  actual(reserved)=38146 MB  highWater=24414 MB
[GinkgoSolver] p-cache: reuse(update_matrix_value) solve=40 rebuildInterval=0
config(Cg+Multigrid):  Solving for p, Initial residual = 0.0013123337635628602, Final residual = 1.0099926956808059e-05, No Iterations 9, Solve time = 1417.17 ms
time step continuity errors : sum local = 2.534523587253743e-06, global = 8.823544162963908e-09, cumulative = -6.978590021664209e-08
[mem] after-pEqn: DEVICE_POOL current=19126 MB  actual(reserved)=38146 MB  highWater=24414 MB
[GinkgoSolver] p-cache: reuse(update_matrix_value) solve=40 rebuildInterval=0
Schwarz(Jacobi)+Bicgstab:  Solving for omega, Initial residual = 1.30331554356458e-05, Final residual = 8.928719695056891e-07, No Iterations 2, Solve time = 86.466 ms
bounding omega, min: -45272.652434968666 max: 45355982.65993916 average: 6370.944703347027
[GinkgoSolver] p-cache: reuse(update_matrix_value) solve=40 rebuildInterval=0
Schwarz(Jacobi)+Bicgstab:  Solving for k, Initial residual = 0.0002493698684841083, Final residual = 1.172385702143781e-05, No Iterations 2, Solve time = 72.512 ms
bounding k, min: -0.15730126438439668 max: 872.1524962389785 average: 9.130832804931392
[mem] after-turb: DEVICE_POOL current=19126 MB  actual(reserved)=38146 MB  highWater=24414 MB
ExecutionTime = 166.05 s  ClockTime = 167 s

Time = 1041
[mem] step-start: DEVICE_POOL current=19126 MB  actual(reserved)=38146 MB  highWater=24414 MB
Schwarz(Jacobi)+Bicgstab:  Solving for Ux, Initial residual = 8.061392159810884e-05, Final residual = 4.243840263770197e-06, No Iterations 3, Solve time = 230.423 ms
Schwarz(Jacobi)+Bicgstab:  Solving for Uy, Initial residual = 0.004293167122202544, Final residual = 0.00016834545514188092, No Iterations 3, Solve time = 230.423 ms
Schwarz(Jacobi)+Bicgstab:  Solving for Uz, Initial residual = 0.0011150460112579663, Final residual = 5.832612256756082e-05, No Iterations 3, Solve time = 230.423 ms
[mem] after-UEqn: DEVICE_POOL current=19126 MB  actual(reserved)=38146 MB  highWater=24414 MB
[GinkgoSolver] p-cache: reuse(update_matrix_value) solve=41 rebuildInterval=0
config(Cg+Multigrid):  Solving for p, Initial residual = 0.0012986603136403928, Final residual = 1.0805931223598283e-05, No Iterations 9, Solve time = 1408.808 ms
time step continuity errors : sum local = 2.713417820436962e-06, global = 6.551757415557053e-09, cumulative = -6.323414280108504e-08
[mem] after-pEqn: DEVICE_POOL current=19126 MB  actual(reserved)=38146 MB  highWater=24414 MB
[GinkgoSolver] p-cache: reuse(update_matrix_value) solve=41 rebuildInterval=0
Schwarz(Jacobi)+Bicgstab:  Solving for omega, Initial residual = 1.2935924393116995e-05, Final residual = 9.006006709915897e-07, No Iterations 2, Solve time = 86.574 ms
bounding omega, min: -45013.85493317862 max: 45355982.64059775 average: 6370.950625378133
[GinkgoSolver] p-cache: reuse(update_matrix_value) solve=41 rebuildInterval=0
Schwarz(Jacobi)+Bicgstab:  Solving for k, Initial residual = 0.00024941504074917526, Final residual = 1.2361653490886883e-05, No Iterations 2, Solve time = 74.627 ms
bounding k, min: -0.12950932553820016 max: 872.0831397790325 average: 9.130660144390205
[mem] after-turb: DEVICE_POOL current=19126 MB  actual(reserved)=38146 MB  highWater=24414 MB
ExecutionTime = 169.07 s  ClockTime = 170 s

Time = 1042
[mem] step-start: DEVICE_POOL current=19126 MB  actual(reserved)=38146 MB  highWater=24414 MB
Schwarz(Jacobi)+Bicgstab:  Solving for Ux, Initial residual = 8.074289267351718e-05, Final residual = 4.6863004496531706e-06, No Iterations 2, Solve time = 187.316 ms
Schwarz(Jacobi)+Bicgstab:  Solving for Uy, Initial residual = 0.004295052294415257, Final residual = 0.0007231393494137291, No Iterations 2, Solve time = 187.316 ms
Schwarz(Jacobi)+Bicgstab:  Solving for Uz, Initial residual = 0.0011192245563226486, Final residual = 7.691636278876818e-05, No Iterations 2, Solve time = 187.316 ms
[mem] after-UEqn: DEVICE_POOL current=19126 MB  actual(reserved)=38146 MB  highWater=24414 MB
[GinkgoSolver] p-cache: reuse(update_matrix_value) solve=42 rebuildInterval=0
config(Cg+Multigrid):  Solving for p, Initial residual = 0.0013022028139506867, Final residual = 1.1580380297540706e-05, No Iterations 9, Solve time = 1408.941 ms
time step continuity errors : sum local = 2.909071810073362e-06, global = 3.3126009219197124e-09, cumulative = -5.992154187916533e-08
[mem] after-pEqn: DEVICE_POOL current=19126 MB  actual(reserved)=38146 MB  highWater=24414 MB
[GinkgoSolver] p-cache: reuse(update_matrix_value) solve=42 rebuildInterval=0
Schwarz(Jacobi)+Bicgstab:  Solving for omega, Initial residual = 1.3083723811755436e-05, Final residual = 9.070208351213013e-07, No Iterations 2, Solve time = 86.105 ms
bounding omega, min: -201592.90740812576 max: 45355982.62773036 average: 6371.051209718992
[GinkgoSolver] p-cache: reuse(update_matrix_value) solve=42 rebuildInterval=0
Schwarz(Jacobi)+Bicgstab:  Solving for k, Initial residual = 0.0002494706493929312, Final residual = 7.205632698311933e-06, No Iterations 3, Solve time = 97.245 ms
bounding k, min: -3.560108452258094e-05 max: 871.9882326619999 average: 9.130704952616886
[mem] after-turb: DEVICE_POOL current=19126 MB  actual(reserved)=38146 MB  highWater=24414 MB
ExecutionTime = 172.07 s  ClockTime = 173 s

Time = 1043
[mem] step-start: DEVICE_POOL current=19126 MB  actual(reserved)=38146 MB  highWater=24414 MB
Schwarz(Jacobi)+Bicgstab:  Solving for Ux, Initial residual = 8.068242810586862e-05, Final residual = 4.848384353117396e-06, No Iterations 3, Solve time = 226.104 ms
Schwarz(Jacobi)+Bicgstab:  Solving for Uy, Initial residual = 0.004360259420774071, Final residual = 0.0001407763168368534, No Iterations 3, Solve time = 226.104 ms
Schwarz(Jacobi)+Bicgstab:  Solving for Uz, Initial residual = 0.0011194493611607625, Final residual = 4.948886510351368e-05, No Iterations 3, Solve time = 226.104 ms
[mem] after-UEqn: DEVICE_POOL current=19126 MB  actual(reserved)=38146 MB  highWater=24414 MB
[GinkgoSolver] p-cache: reuse(update_matrix_value) solve=43 rebuildInterval=0
config(Cg+Multigrid):  Solving for p, Initial residual = 0.0013041652762449563, Final residual = 1.2603576555353684e-05, No Iterations 9, Solve time = 1409.897 ms
time step continuity errors : sum local = 3.1664924475365953e-06, global = -7.963123596209927e-11, cumulative = -6.000117311512742e-08
[mem] after-pEqn: DEVICE_POOL current=19126 MB  actual(reserved)=38146 MB  highWater=24414 MB
[GinkgoSolver] p-cache: reuse(update_matrix_value) solve=43 rebuildInterval=0
Schwarz(Jacobi)+Bicgstab:  Solving for omega, Initial residual = 1.3168358009332219e-05, Final residual = 9.067986149572494e-07, No Iterations 2, Solve time = 85.472 ms
bounding omega, min: -45818.76238626209 max: 45355982.614299364 average: 6371.021504177891
[GinkgoSolver] p-cache: reuse(update_matrix_value) solve=43 rebuildInterval=0
Schwarz(Jacobi)+Bicgstab:  Solving for k, Initial residual = 0.00024815312026187607, Final residual = 1.4056530678510608e-05, No Iterations 2, Solve time = 75.189 ms
bounding k, min: -0.00012129455759621055 max: 871.8525207210836 average: 9.130641285692692
[mem] after-turb: DEVICE_POOL current=19126 MB  actual(reserved)=38146 MB  highWater=24414 MB
ExecutionTime = 175.1 s  ClockTime = 176 s

Time = 1044
[mem] step-start: DEVICE_POOL current=19126 MB  actual(reserved)=38146 MB  highWater=24414 MB
Schwarz(Jacobi)+Bicgstab:  Solving for Ux, Initial residual = 8.072782032005741e-05, Final residual = 5.11376499187644e-06, No Iterations 3, Solve time = 245.512 ms
Schwarz(Jacobi)+Bicgstab:  Solving for Uy, Initial residual = 0.004385874815615618, Final residual = 0.00014070820935478676, No Iterations 3, Solve time = 245.512 ms
Schwarz(Jacobi)+Bicgstab:  Solving for Uz, Initial residual = 0.0011181137267762755, Final residual = 3.790597964958061e-05, No Iterations 3, Solve time = 245.512 ms
[mem] after-UEqn: DEVICE_POOL current=19126 MB  actual(reserved)=38146 MB  highWater=24414 MB
[GinkgoSolver] p-cache: reuse(update_matrix_value) solve=44 rebuildInterval=0
config(Cg+Multigrid):  Solving for p, Initial residual = 0.0013049984842490195, Final residual = 1.0181750950643775e-05, No Iterations 10, Solve time = 1561.24 ms
time step continuity errors : sum local = 2.5574040824584562e-06, global = -7.777820825920129e-09, cumulative = -6.777899394104756e-08
[mem] after-pEqn: DEVICE_POOL current=19126 MB  actual(reserved)=38146 MB  highWater=24414 MB
[GinkgoSolver] p-cache: reuse(update_matrix_value) solve=44 rebuildInterval=0
Schwarz(Jacobi)+Bicgstab:  Solving for omega, Initial residual = 1.3205552819985538e-05, Final residual = 9.061895595489982e-07, No Iterations 2, Solve time = 87.939 ms
bounding omega, min: -45974.728321077324 max: 45355982.60266784 average: 6370.948310748661
[GinkgoSolver] p-cache: reuse(update_matrix_value) solve=44 rebuildInterval=0
Schwarz(Jacobi)+Bicgstab:  Solving for k, Initial residual = 0.00024892651156580123, Final residual = 1.3688555167644956e-05, No Iterations 2, Solve time = 74.082 ms
bounding k, min: -0.0001762120575639325 max: 871.6794296073498 average: 9.130689151201976
[mem] after-turb: DEVICE_POOL current=19126 MB  actual(reserved)=38146 MB  highWater=24414 MB
ExecutionTime = 178.28 s  ClockTime = 180 s

Time = 1045
[mem] step-start: DEVICE_POOL current=19126 MB  actual(reserved)=38146 MB  highWater=24414 MB
Schwarz(Jacobi)+Bicgstab:  Solving for Ux, Initial residual = 8.082731250772195e-05, Final residual = 3.906884493402375e-06, No Iterations 3, Solve time = 231.411 ms
Schwarz(Jacobi)+Bicgstab:  Solving for Uy, Initial residual = 0.004405742149844202, Final residual = 0.00014266904794408693, No Iterations 3, Solve time = 231.411 ms
Schwarz(Jacobi)+Bicgstab:  Solving for Uz, Initial residual = 0.0011169661666065092, Final residual = 3.82128478668753e-05, No Iterations 3, Solve time = 231.411 ms
[mem] after-UEqn: DEVICE_POOL current=19126 MB  actual(reserved)=38146 MB  highWater=24414 MB
[GinkgoSolver] p-cache: reuse(update_matrix_value) solve=45 rebuildInterval=0
config(Cg+Multigrid):  Solving for p, Initial residual = 0.0012987739361798316, Final residual = 1.0541353358540853e-05, No Iterations 10, Solve time = 1550.024 ms
time step continuity errors : sum local = 2.6457666990236434e-06, global = -3.2603601252940653e-09, cumulative = -7.103935406634162e-08
[mem] after-pEqn: DEVICE_POOL current=19126 MB  actual(reserved)=38146 MB  highWater=24414 MB
[GinkgoSolver] p-cache: reuse(update_matrix_value) solve=45 rebuildInterval=0
Schwarz(Jacobi)+Bicgstab:  Solving for omega, Initial residual = 1.3172865780178825e-05, Final residual = 9.082768059990517e-07, No Iterations 2, Solve time = 88.107 ms
bounding omega, min: -46437.90517498304 max: 45355982.59484893 average: 6370.891415634164
[GinkgoSolver] p-cache: reuse(update_matrix_value) solve=45 rebuildInterval=0
Schwarz(Jacobi)+Bicgstab:  Solving for k, Initial residual = 0.0002495315243460302, Final residual = 1.3608278696616878e-05, No Iterations 2, Solve time = 75.322 ms
bounding k, min: -0.00014411701916752524 max: 871.4817521941702 average: 9.130769350196497
[mem] after-turb: DEVICE_POOL current=19126 MB  actual(reserved)=38146 MB  highWater=24414 MB
ExecutionTime = 181.45 s  ClockTime = 183 s

Time = 1046
[mem] step-start: DEVICE_POOL current=19126 MB  actual(reserved)=38146 MB  highWater=24414 MB
Schwarz(Jacobi)+Bicgstab:  Solving for Ux, Initial residual = 8.084213113902593e-05, Final residual = 5.0361490572856215e-06, No Iterations 3, Solve time = 208.413 ms
Schwarz(Jacobi)+Bicgstab:  Solving for Uy, Initial residual = 0.004417823528604142, Final residual = 0.00014377761542739109, No Iterations 3, Solve time = 208.413 ms
Schwarz(Jacobi)+Bicgstab:  Solving for Uz, Initial residual = 0.0011172031444720068, Final residual = 3.8720012502787944e-05, No Iterations 3, Solve time = 208.413 ms
[mem] after-UEqn: DEVICE_POOL current=19126 MB  actual(reserved)=38146 MB  highWater=24414 MB
[GinkgoSolver] p-cache: reuse(update_matrix_value) solve=46 rebuildInterval=0
config(Cg+Multigrid):  Solving for p, Initial residual = 0.0013006751662313063, Final residual = 1.2881782026604277e-05, No Iterations 9, Solve time = 1407.626 ms
time step continuity errors : sum local = 3.229795947875934e-06, global = -1.3065135357672766e-08, cumulative = -8.41044894240144e-08
[mem] after-pEqn: DEVICE_POOL current=19126 MB  actual(reserved)=38146 MB  highWater=24414 MB
[GinkgoSolver] p-cache: reuse(update_matrix_value) solve=46 rebuildInterval=0
Schwarz(Jacobi)+Bicgstab:  Solving for omega, Initial residual = 1.3173482892378056e-05, Final residual = 9.100200397325524e-07, No Iterations 2, Solve time = 88.314 ms
bounding omega, min: -186836.7949617288 max: 45355982.59028372 average: 6370.846304051053
[GinkgoSolver] p-cache: reuse(update_matrix_value) solve=46 rebuildInterval=0
Schwarz(Jacobi)+Bicgstab:  Solving for k, Initial residual = 0.0002501858170892169, Final residual = 1.3647428221840073e-05, No Iterations 2, Solve time = 74.163 ms
bounding k, min: -0.0006105387212589977 max: 871.2597395551386 average: 9.130964932284975
[mem] after-turb: DEVICE_POOL current=19126 MB  actual(reserved)=38146 MB  highWater=24414 MB
ExecutionTime = 184.46 s  ClockTime = 186 s

Time = 1047
[mem] step-start: DEVICE_POOL current=19126 MB  actual(reserved)=38146 MB  highWater=24414 MB
Schwarz(Jacobi)+Bicgstab:  Solving for Ux, Initial residual = 8.100549710716487e-05, Final residual = 3.7398993422128385e-06, No Iterations 3, Solve time = 243.701 ms
Schwarz(Jacobi)+Bicgstab:  Solving for Uy, Initial residual = 0.004423140430053466, Final residual = 0.00014402433431394678, No Iterations 3, Solve time = 243.701 ms
Schwarz(Jacobi)+Bicgstab:  Solving for Uz, Initial residual = 0.0011187650945851206, Final residual = 5.105632097747393e-05, No Iterations 3, Solve time = 243.701 ms
[mem] after-UEqn: DEVICE_POOL current=19126 MB  actual(reserved)=38146 MB  highWater=24414 MB
[GinkgoSolver] p-cache: reuse(update_matrix_value) solve=47 rebuildInterval=0
config(Cg+Multigrid):  Solving for p, Initial residual = 0.0012977153055619803, Final residual = 9.908454937551676e-06, No Iterations 10, Solve time = 1556.847 ms
time step continuity errors : sum local = 2.4816933227617897e-06, global = 4.874343706374828e-09, cumulative = -7.923014571763957e-08
[mem] after-pEqn: DEVICE_POOL current=19126 MB  actual(reserved)=38146 MB  highWater=24414 MB
[GinkgoSolver] p-cache: reuse(update_matrix_value) solve=47 rebuildInterval=0
Schwarz(Jacobi)+Bicgstab:  Solving for omega, Initial residual = 1.3179316027393784e-05, Final residual = 8.401627566230665e-07, No Iterations 2, Solve time = 76.012 ms
bounding omega, min: -47638.836323833806 max: 45355982.58853224 average: 6370.822780496621
[GinkgoSolver] p-cache: reuse(update_matrix_value) solve=47 rebuildInterval=0
Schwarz(Jacobi)+Bicgstab:  Solving for k, Initial residual = 0.00025063087308143945, Final residual = 1.3675834210581476e-05, No Iterations 2, Solve time = 74.463 ms
bounding k, min: -0.0025952010210368495 max: 871.021382764796 average: 9.131194315952634
[mem] after-turb: DEVICE_POOL current=19126 MB  actual(reserved)=38146 MB  highWater=24414 MB
ExecutionTime = 187.6 s  ClockTime = 189 s

Time = 1048
[mem] step-start: DEVICE_POOL current=19126 MB  actual(reserved)=38146 MB  highWater=24414 MB
Schwarz(Jacobi)+Bicgstab:  Solving for Ux, Initial residual = 8.104594880749501e-05, Final residual = 4.740764788533152e-06, No Iterations 2, Solve time = 166.26 ms
Schwarz(Jacobi)+Bicgstab:  Solving for Uy, Initial residual = 0.004423685410022341, Final residual = 0.0008033673566121723, No Iterations 2, Solve time = 166.26 ms
Schwarz(Jacobi)+Bicgstab:  Solving for Uz, Initial residual = 0.0011219983171344857, Final residual = 7.635645816017074e-05, No Iterations 2, Solve time = 166.26 ms
[mem] after-UEqn: DEVICE_POOL current=19126 MB  actual(reserved)=38146 MB  highWater=24414 MB
[GinkgoSolver] p-cache: reuse(update_matrix_value) solve=48 rebuildInterval=0
config(Cg+Multigrid):  Solving for p, Initial residual = 0.0013260692206151043, Final residual = 1.227332172463627e-05, No Iterations 9, Solve time = 1416.658 ms
time step continuity errors : sum local = 3.0697597234725016e-06, global = -1.5774263730945627e-08, cumulative = -9.50044094485852e-08
[mem] after-pEqn: DEVICE_POOL current=19126 MB  actual(reserved)=38146 MB  highWater=24414 MB
[GinkgoSolver] p-cache: reuse(update_matrix_value) solve=48 rebuildInterval=0
Schwarz(Jacobi)+Bicgstab:  Solving for omega, Initial residual = 1.3156959272280808e-05, Final residual = 8.697256043049855e-07, No Iterations 2, Solve time = 88.046 ms
bounding omega, min: -46991.836712913595 max: 45355982.58937394 average: 6370.768106108017
[GinkgoSolver] p-cache: reuse(update_matrix_value) solve=48 rebuildInterval=0
Schwarz(Jacobi)+Bicgstab:  Solving for k, Initial residual = 0.0002513404826606958, Final residual = 1.376785336905936e-05, No Iterations 2, Solve time = 74.166 ms
bounding k, min: -0.0018721159692220938 max: 870.7785149311858 average: 9.131343072992758
[mem] after-turb: DEVICE_POOL current=19126 MB  actual(reserved)=38146 MB  highWater=24414 MB
ExecutionTime = 190.58 s  ClockTime = 192 s

Time = 1049
[mem] step-start: DEVICE_POOL current=19126 MB  actual(reserved)=38146 MB  highWater=24414 MB
Schwarz(Jacobi)+Bicgstab:  Solving for Ux, Initial residual = 8.133674031756345e-05, Final residual = 3.74019033261799e-06, No Iterations 3, Solve time = 216.337 ms
Schwarz(Jacobi)+Bicgstab:  Solving for Uy, Initial residual = 0.004389309311142101, Final residual = 0.00017373549168660395, No Iterations 3, Solve time = 216.337 ms
Schwarz(Jacobi)+Bicgstab:  Solving for Uz, Initial residual = 0.0011309412889598351, Final residual = 6.250574367372063e-05, No Iterations 3, Solve time = 216.337 ms
[mem] after-UEqn: DEVICE_POOL current=19126 MB  actual(reserved)=38146 MB  highWater=24414 MB
[GinkgoSolver] p-cache: reuse(update_matrix_value) solve=49 rebuildInterval=0
config(Cg+Multigrid):  Solving for p, Initial residual = 0.0013074182759543773, Final residual = 1.2090646669926542e-05, No Iterations 9, Solve time = 1421.289 ms
time step continuity errors : sum local = 3.020925345355708e-06, global = -1.100951140478279e-08, cumulative = -1.06013920853368e-07
[mem] after-pEqn: DEVICE_POOL current=19126 MB  actual(reserved)=38146 MB  highWater=24414 MB
[GinkgoSolver] p-cache: reuse(update_matrix_value) solve=49 rebuildInterval=0
Schwarz(Jacobi)+Bicgstab:  Solving for omega, Initial residual = 1.3167027448702282e-05, Final residual = 8.929642902035178e-07, No Iterations 2, Solve time = 87.852 ms
bounding omega, min: -47914.17235312559 max: 45355982.59248829 average: 6370.699753441018
[GinkgoSolver] p-cache: reuse(update_matrix_value) solve=49 rebuildInterval=0
Schwarz(Jacobi)+Bicgstab:  Solving for k, Initial residual = 0.0002516725967136719, Final residual = 1.3783095944923784e-05, No Iterations 2, Solve time = 74.801 ms
bounding k, min: -0.0018843041485401644 max: 870.5437307747243 average: 9.131614679946154
[mem] after-turb: DEVICE_POOL current=19126 MB  actual(reserved)=38146 MB  highWater=24414 MB
ExecutionTime = 193.61 s  ClockTime = 195 s

Time = 1050
[mem] step-start: DEVICE_POOL current=19126 MB  actual(reserved)=38146 MB  highWater=24414 MB
Schwarz(Jacobi)+Bicgstab:  Solving for Ux, Initial residual = 8.138186772529721e-05, Final residual = 4.7337619444401305e-06, No Iterations 2, Solve time = 176.753 ms
Schwarz(Jacobi)+Bicgstab:  Solving for Uy, Initial residual = 0.00437833900474705, Final residual = 0.000745399185908987, No Iterations 2, Solve time = 176.753 ms
Schwarz(Jacobi)+Bicgstab:  Solving for Uz, Initial residual = 0.0011356593426062873, Final residual = 7.924707649763831e-05, No Iterations 2, Solve time = 176.753 ms
[mem] after-UEqn: DEVICE_POOL current=19126 MB  actual(reserved)=38146 MB  highWater=24414 MB
[GinkgoSolver] p-cache: reuse(update_matrix_value) solve=50 rebuildInterval=0
config(Cg+Multigrid):  Solving for p, Initial residual = 0.0013113824876608987, Final residual = 1.2449071721260401e-05, No Iterations 9, Solve time = 1419.174 ms
time step continuity errors : sum local = 3.1076847334329125e-06, global = -5.291821365171005e-09, cumulative = -1.1130574221853901e-07
[mem] after-pEqn: DEVICE_POOL current=19126 MB  actual(reserved)=38146 MB  highWater=24414 MB
[GinkgoSolver] p-cache: reuse(update_matrix_value) solve=50 rebuildInterval=0
Schwarz(Jacobi)+Bicgstab:  Solving for omega, Initial residual = 1.317428411298977e-05, Final residual = 8.983037227656278e-07, No Iterations 2, Solve time = 83.504 ms
bounding omega, min: -133984.51229728942 max: 45355982.59832217 average: 6370.751593168449
[GinkgoSolver] p-cache: reuse(update_matrix_value) solve=50 rebuildInterval=0
Schwarz(Jacobi)+Bicgstab:  Solving for k, Initial residual = 0.00025179967870192087, Final residual = 1.382841821518525e-05, No Iterations 2, Solve time = 74.205 ms
bounding k, min: -0.0002174336638565855 max: 870.3397643874835 average: 9.132162463711227
[mem] after-turb: DEVICE_POOL current=19126 MB  actual(reserved)=38146 MB  highWater=24414 MB
Writing p
Writing U
Writing turbulence variables
ExecutionTime = 197.82 s  ClockTime = 200 s

Finalizing NeoN
Finalising parallel run
