/*---------------------------------------------------------------------------*\
| =========                 |                                                 |
| \\      /  F ield         | OpenFOAM: The Open Source CFD Toolbox           |
|  \\    /   O peration     | Version:  2506                                  |
|   \\  /    A nd           | Website:  www.openfoam.com                      |
|    \\/     M anipulation  |                                                 |
\*---------------------------------------------------------------------------*/
Build  : b050cd9480-20250814 OPENFOAM=2506 version=v2506
Arch   : "LSB;label=32;scalar=64"
Exec   : /storage/home/greole/code/NeoFOAM/build/profilingnvidia_h200/bin/neoSimpleFoam -parallel
Date   : Jul 17 2026
Time   : 10:11:43
Host   : gpu-nvidia-h200-3.int.coma-cluster.de
PID    : 204248
I/O    : uncollated
Case   : /storage/home/greole/code/NeoFOAM/occDrivAerStaticMesh
nProcs : 4
Hosts  :
(
    (gpu-nvidia-h200-3.int.coma-cluster.de 4)
)
Pstream initialized with:
    node communication : off [type=host] (4 ranks, 1 nodes)
    topology controls  : none
    consensus exchange : 0 (tuning: 0)
    exchange algorithm : 0
    commsType          : nonBlocking
    polling iterations : 0
trapFpe: Floating point exception trapping enabled (FOAM_SIGFPE).
fileModificationChecking : Monitoring run-time modified files using timeStampMaster (fileModificationSkew 5, maxFileModificationPolls 20)
allowSystemOperations : Allowing user-supplied system call operations

// * * * * * * * * * * * * * * * * * * * * * * * * * * * * * * * * * * * * * //
Create time

Initializing NeoN
Creating Executor GPU
Creating NeoFOAM runTime
GPU-aware MPI: library-available=yes, NeoN-flag=on, executor=GPUExecutor, ranks=4 -> used=yes

SIMPLE: no convergence criteria found. Calculations will run for 50 steps.

Reading field p

Reading field U

Reading/calculating face flux field phi

Selecting incompressible transport model Newtonian
NeoFOAM solver config (from fvSolution configFile) for 'config(Cg+Schwarz(Multigrid))':
{
    cacheSolver: true
    configFile: <NeoN::TokenList>
    l1ScaledResidual: true
    preconditionerRebuildInterval: 0
    relTol: 0.010000
    reportName: config(Cg+Schwarz(Multigrid))
    solver: Ginkgo
    tolerance: 0.000000
}
    effective optimize: false
    effective checkFrequency: 1
Mapping OpenFOAM solver settings to NeoN settings.
Currently, it is advisable to specify a configFile
for fine grained Ginkgo solver control

Replacing solver PBiCGStab by solver::Bicgstab
Replacing preconditioner diagonal by preconditioner::Schwarz (Schwarz-wrapped for distributed run)
NeoFOAM solver config (mapped from fvSolution) for 'Schwarz(Jacobi)+Bicgstab':
{
    cacheSolver: true
    criteria: {
        absolute_residual_norm: 0.000000
        initial_residual_norm: 0.100000
        iteration: 1000
    }
    l1ScaledResidual: true
    optimize: true
    preconditioner: {
        local_solver: {
            max_block_size: 1
            type: preconditioner::Jacobi
        }
        type: preconditioner::Schwarz
    }
    reportName: Schwarz(Jacobi)+Bicgstab
    solver: Ginkgo
    type: solver::Bicgstab
}
    effective optimize: true
    effective checkFrequency: 1
Creating phi

[NF][/storage/home/greole/code/NeoFOAM/include/NeoFOAM/auxiliary/readers.hpp::434]: Internal: 49333487, Boundary: 1754396

[NF][/storage/home/greole/code/NeoFOAM/include/NeoFOAM/auxiliary/readers.hpp::434]: Internal: 49320882, Boundary: 1762558

[NF][/storage/home/greole/code/NeoFOAM/include/NeoFOAM/auxiliary/readers.hpp::434]: Internal: 49261542, Boundary: 1427829

[NF][/storage/home/greole/code/NeoFOAM/include/NeoFOAM/auxiliary/readers.hpp::434]: Internal: 49243125, Boundary: 1362247
Selecting patchDistMethod meshWave
Mapping OpenFOAM solver settings to NeoN settings.
Currently, it is advisable to specify a configFile
for fine grained Ginkgo solver control

Replacing solver PBiCGStab by solver::Bicgstab
Replacing preconditioner diagonal by preconditioner::Schwarz (Schwarz-wrapped for distributed run)
NeoFOAM solver config (mapped from fvSolution) for 'Schwarz(Jacobi)+Bicgstab':
{
    cacheSolver: true
    criteria: {
        absolute_residual_norm: 0.000000
        initial_residual_norm: 0.100000
        iteration: 1000
    }
    l1ScaledResidual: true
    optimize: true
    preconditioner: {
        local_solver: {
            max_block_size: 1
            type: preconditioner::Jacobi
        }
        type: preconditioner::Schwarz
    }
    reportName: Schwarz(Jacobi)+Bicgstab
    solver: Ginkgo
    type: solver::Bicgstab
}
    effective optimize: true
    effective checkFrequency: 1
Mapping OpenFOAM solver settings to NeoN settings.
Currently, it is advisable to specify a configFile
for fine grained Ginkgo solver control

Replacing solver PBiCGStab by solver::Bicgstab
Replacing preconditioner diagonal by preconditioner::Schwarz (Schwarz-wrapped for distributed run)
NeoFOAM solver config (mapped from fvSolution) for 'Schwarz(Jacobi)+Bicgstab':
{
    cacheSolver: true
    criteria: {
        absolute_residual_norm: 0.000000
        initial_residual_norm: 0.100000
        iteration: 1000
    }
    l1ScaledResidual: true
    optimize: true
    preconditioner: {
        local_solver: {
            max_block_size: 1
            type: preconditioner::Jacobi
        }
        type: preconditioner::Schwarz
    }
    reportName: Schwarz(Jacobi)+Bicgstab
    solver: Ginkgo
    type: solver::Bicgstab
}
    effective optimize: true
    effective checkFrequency: 1
[mem] setup.end: DEVICE_POOL current=12979 MB  actual(reserved)=38146 MB  highWater=19132 MB
Starting time loop
Time = 1001
[mem] step-start: DEVICE_POOL current=12979 MB  actual(reserved)=38146 MB  highWater=19132 MB
Schwarz(Jacobi)+Bicgstab:  Solving for Ux, Initial residual = 7.915662809815123e-05, Final residual = 3.1179304544014487e-06, No Iterations 3, Solve time = 69.907 ms
Schwarz(Jacobi)+Bicgstab:  Solving for Uy, Initial residual = 0.004031496934770699, Final residual = 0.00014160853975440539, No Iterations 3, Solve time = 69.907 ms
Schwarz(Jacobi)+Bicgstab:  Solving for Uz, Initial residual = 0.0011224955775289295, Final residual = 4.89754266141363e-05, No Iterations 3, Solve time = 69.907 ms
[mem] after-UEqn: DEVICE_POOL current=15473 MB  actual(reserved)=38146 MB  highWater=20761 MB
[GinkgoSolver] p-cache: rebuild(generate) solve=1 rebuildInterval=0
config(Cg+Schwarz(Multigrid)):  Solving for p, Initial residual = 0.0013092181241290504, Final residual = 1.2397077718607405e-05, No Iterations 30, Solve time = 381.508 ms
time step continuity errors : sum local = 3.1306741914805337e-06, global = 3.071751631850239e-08, cumulative = 3.071751631850239e-08
[mem] after-pEqn: DEVICE_POOL current=16941 MB  actual(reserved)=38146 MB  highWater=20761 MB
[GinkgoSolver] p-cache: rebuild(generate) solve=1 rebuildInterval=0
Schwarz(Jacobi)+Bicgstab:  Solving for omega, Initial residual = 1.3008654868679122e-05, Final residual = 9.26948074307516e-07, No Iterations 2, Solve time = 15.865 ms
bounding omega, min: -36026.29338545023 max: 45355982.77769652 average: 6373.879450320737
[GinkgoSolver] p-cache: rebuild(generate) solve=1 rebuildInterval=0
Schwarz(Jacobi)+Bicgstab:  Solving for k, Initial residual = 0.0002422420383850211, Final residual = 9.44943844292095e-06, No Iterations 3, Solve time = 19.47 ms
bounding k, min: -2.440853177104533e-05 max: 942.871645094 average: 9.152757117203155
[mem] after-turb: DEVICE_POOL current=19126 MB  actual(reserved)=38146 MB  highWater=21935 MB
ExecutionTime = 43.85 s  ClockTime = 44 s

Time = 1002
[mem] step-start: DEVICE_POOL current=19126 MB  actual(reserved)=38146 MB  highWater=21935 MB
Schwarz(Jacobi)+Bicgstab:  Solving for Ux, Initial residual = 7.875884290261818e-05, Final residual = 2.9920173858025944e-06, No Iterations 3, Solve time = 45.802 ms
Schwarz(Jacobi)+Bicgstab:  Solving for Uy, Initial residual = 0.004033574180044647, Final residual = 0.0001405258515915581, No Iterations 3, Solve time = 45.802 ms
Schwarz(Jacobi)+Bicgstab:  Solving for Uz, Initial residual = 0.001119118703201473, Final residual = 4.107862500429039e-05, No Iterations 3, Solve time = 45.802 ms
[mem] after-UEqn: DEVICE_POOL current=19126 MB  actual(reserved)=38146 MB  highWater=24414 MB
[GinkgoSolver] p-cache: reuse(update_matrix_value) solve=2 rebuildInterval=0
config(Cg+Schwarz(Multigrid)):  Solving for p, Initial residual = 0.0012777981229066975, Final residual = 1.265729716855143e-05, No Iterations 30, Solve time = 276.638 ms
time step continuity errors : sum local = 3.1978118536409534e-06, global = 2.08810031657637e-08, cumulative = 5.159851948426609e-08
[mem] after-pEqn: DEVICE_POOL current=19126 MB  actual(reserved)=38146 MB  highWater=24414 MB
[GinkgoSolver] p-cache: reuse(update_matrix_value) solve=2 rebuildInterval=0
Schwarz(Jacobi)+Bicgstab:  Solving for omega, Initial residual = 1.3120142910560052e-05, Final residual = 8.756480199947642e-07, No Iterations 2, Solve time = 13.617 ms
bounding omega, min: -97248.67822113403 max: 45355982.852230154 average: 6373.598296219813
[GinkgoSolver] p-cache: reuse(update_matrix_value) solve=2 rebuildInterval=0
Schwarz(Jacobi)+Bicgstab:  Solving for k, Initial residual = 0.0002414920849030884, Final residual = 1.1409830075898397e-05, No Iterations 2, Solve time = 13.619 ms
bounding k, min: -0.00029599959638632734 max: 934.4737382081246 average: 9.152490732663562
[mem] after-turb: DEVICE_POOL current=19126 MB  actual(reserved)=38146 MB  highWater=24414 MB
ExecutionTime = 44.66 s  ClockTime = 45 s

Time = 1003
[mem] step-start: DEVICE_POOL current=19126 MB  actual(reserved)=38146 MB  highWater=24414 MB
Schwarz(Jacobi)+Bicgstab:  Solving for Ux, Initial residual = 7.858857464897807e-05, Final residual = 2.411239704048884e-06, No Iterations 3, Solve time = 45.557 ms
Schwarz(Jacobi)+Bicgstab:  Solving for Uy, Initial residual = 0.004030080448038244, Final residual = 0.00013662840585516737, No Iterations 3, Solve time = 45.557 ms
Schwarz(Jacobi)+Bicgstab:  Solving for Uz, Initial residual = 0.0011176115336889155, Final residual = 3.912718866626512e-05, No Iterations 3, Solve time = 45.557 ms
[mem] after-UEqn: DEVICE_POOL current=19126 MB  actual(reserved)=38146 MB  highWater=24414 MB
[GinkgoSolver] p-cache: reuse(update_matrix_value) solve=3 rebuildInterval=0
config(Cg+Schwarz(Multigrid)):  Solving for p, Initial residual = 0.0012684026349652545, Final residual = 1.168454257427158e-05, No Iterations 31, Solve time = 287.567 ms
time step continuity errors : sum local = 2.9531480998932765e-06, global = 9.651558477715964e-09, cumulative = 6.125007796198205e-08
[mem] after-pEqn: DEVICE_POOL current=19126 MB  actual(reserved)=38146 MB  highWater=24414 MB
[GinkgoSolver] p-cache: reuse(update_matrix_value) solve=3 rebuildInterval=0
Schwarz(Jacobi)+Bicgstab:  Solving for omega, Initial residual = 1.2976453477040486e-05, Final residual = 8.495366005122803e-07, No Iterations 2, Solve time = 13.684 ms
bounding omega, min: -36301.85802444786 max: 45355982.93958141 average: 6373.469388282769
[GinkgoSolver] p-cache: reuse(update_matrix_value) solve=3 rebuildInterval=0
Schwarz(Jacobi)+Bicgstab:  Solving for k, Initial residual = 0.00024127523191987696, Final residual = 1.3113461859312935e-05, No Iterations 2, Solve time = 13.64 ms
bounding k, min: -0.0006935544694852865 max: 922.319165823997 average: 9.152319623421063
[mem] after-turb: DEVICE_POOL current=19126 MB  actual(reserved)=38146 MB  highWater=24414 MB
ExecutionTime = 45.48 s  ClockTime = 46 s

Time = 1004
[mem] step-start: DEVICE_POOL current=19126 MB  actual(reserved)=38146 MB  highWater=24414 MB
Schwarz(Jacobi)+Bicgstab:  Solving for Ux, Initial residual = 7.848066571354297e-05, Final residual = 2.0517719523427573e-06, No Iterations 3, Solve time = 45.729 ms
Schwarz(Jacobi)+Bicgstab:  Solving for Uy, Initial residual = 0.004024660876064276, Final residual = 0.0001330488792122524, No Iterations 3, Solve time = 45.729 ms
Schwarz(Jacobi)+Bicgstab:  Solving for Uz, Initial residual = 0.0011171743688779907, Final residual = 4.1159681467935654e-05, No Iterations 3, Solve time = 45.729 ms
[mem] after-UEqn: DEVICE_POOL current=19126 MB  actual(reserved)=38146 MB  highWater=24414 MB
[GinkgoSolver] p-cache: reuse(update_matrix_value) solve=4 rebuildInterval=0
config(Cg+Schwarz(Multigrid)):  Solving for p, Initial residual = 0.0012662871052452381, Final residual = 1.2387445951857023e-05, No Iterations 32, Solve time = 283.419 ms
time step continuity errors : sum local = 3.1313704181213415e-06, global = -5.826729386925424e-09, cumulative = 5.542334857505663e-08
[mem] after-pEqn: DEVICE_POOL current=19126 MB  actual(reserved)=38146 MB  highWater=24414 MB
[GinkgoSolver] p-cache: reuse(update_matrix_value) solve=4 rebuildInterval=0
Schwarz(Jacobi)+Bicgstab:  Solving for omega, Initial residual = 1.2865492639679125e-05, Final residual = 8.408002662632077e-07, No Iterations 2, Solve time = 13.694 ms
bounding omega, min: -34563.2082780661 max: 45355983.02358151 average: 6373.613608568004
[GinkgoSolver] p-cache: reuse(update_matrix_value) solve=4 rebuildInterval=0
Schwarz(Jacobi)+Bicgstab:  Solving for k, Initial residual = 0.00024123864406496392, Final residual = 1.3712320106573518e-05, No Iterations 2, Solve time = 13.66 ms
bounding k, min: -0.005388792951814228 max: 907.485741574599 average: 9.152106670727548
[mem] after-turb: DEVICE_POOL current=19126 MB  actual(reserved)=38146 MB  highWater=24414 MB
ExecutionTime = 46.3 s  ClockTime = 47 s

Time = 1005
[mem] step-start: DEVICE_POOL current=19126 MB  actual(reserved)=38146 MB  highWater=24414 MB
Schwarz(Jacobi)+Bicgstab:  Solving for Ux, Initial residual = 7.836253613354058e-05, Final residual = 3.869112086658846e-06, No Iterations 2, Solve time = 35.837 ms
Schwarz(Jacobi)+Bicgstab:  Solving for Uy, Initial residual = 0.004019159048401263, Final residual = 0.00025025503509525326, No Iterations 2, Solve time = 35.837 ms
Schwarz(Jacobi)+Bicgstab:  Solving for Uz, Initial residual = 0.0011173289833360286, Final residual = 6.36245873221492e-05, No Iterations 2, Solve time = 35.837 ms
[mem] after-UEqn: DEVICE_POOL current=19126 MB  actual(reserved)=38146 MB  highWater=24414 MB
[GinkgoSolver] p-cache: reuse(update_matrix_value) solve=5 rebuildInterval=0
config(Cg+Schwarz(Multigrid)):  Solving for p, Initial residual = 0.0012726860941640722, Final residual = 1.2652654882284648e-05, No Iterations 32, Solve time = 281.249 ms
time step continuity errors : sum local = 3.198125474568157e-06, global = -2.1687956159030205e-08, cumulative = 3.373539241602642e-08
[mem] after-pEqn: DEVICE_POOL current=19126 MB  actual(reserved)=38146 MB  highWater=24414 MB
[GinkgoSolver] p-cache: reuse(update_matrix_value) solve=5 rebuildInterval=0
Schwarz(Jacobi)+Bicgstab:  Solving for omega, Initial residual = 1.2847409232531064e-05, Final residual = 8.455426186022801e-07, No Iterations 2, Solve time = 13.647 ms
bounding omega, min: -35238.29905293693 max: 45355983.08852166 average: 6373.774117301344
[GinkgoSolver] p-cache: reuse(update_matrix_value) solve=5 rebuildInterval=0
Schwarz(Jacobi)+Bicgstab:  Solving for k, Initial residual = 0.0002416432826073845, Final residual = 1.372163525539039e-05, No Iterations 2, Solve time = 13.603 ms
bounding k, min: -0.0023021526040306536 max: 900.2914823388137 average: 9.151937819802729
[mem] after-turb: DEVICE_POOL current=19126 MB  actual(reserved)=38146 MB  highWater=24414 MB
ExecutionTime = 47.11 s  ClockTime = 48 s

Time = 1006
[mem] step-start: DEVICE_POOL current=19126 MB  actual(reserved)=38146 MB  highWater=24414 MB
Schwarz(Jacobi)+Bicgstab:  Solving for Ux, Initial residual = 7.844554968423304e-05, Final residual = 2.4594691334464936e-06, No Iterations 3, Solve time = 45.741 ms
Schwarz(Jacobi)+Bicgstab:  Solving for Uy, Initial residual = 0.004011187725068096, Final residual = 0.00015325424687427563, No Iterations 3, Solve time = 45.741 ms
Schwarz(Jacobi)+Bicgstab:  Solving for Uz, Initial residual = 0.0011189405407048788, Final residual = 6.146990069830808e-05, No Iterations 3, Solve time = 45.741 ms
[mem] after-UEqn: DEVICE_POOL current=19126 MB  actual(reserved)=38146 MB  highWater=24414 MB
[GinkgoSolver] p-cache: reuse(update_matrix_value) solve=6 rebuildInterval=0
config(Cg+Schwarz(Multigrid)):  Solving for p, Initial residual = 0.0012709409480433952, Final residual = 1.2227463048729409e-05, No Iterations 34, Solve time = 299.252 ms
time step continuity errors : sum local = 3.089821450729769e-06, global = -3.8856603580844245e-08, cumulative = -5.121211164817823e-09
[mem] after-pEqn: DEVICE_POOL current=19126 MB  actual(reserved)=38146 MB  highWater=24414 MB
[GinkgoSolver] p-cache: reuse(update_matrix_value) solve=6 rebuildInterval=0
Schwarz(Jacobi)+Bicgstab:  Solving for omega, Initial residual = 1.2810423995091436e-05, Final residual = 8.412288450390825e-07, No Iterations 2, Solve time = 13.63 ms
bounding omega, min: -128527.51908393431 max: 45355983.12254313 average: 6373.942289944882
[GinkgoSolver] p-cache: reuse(update_matrix_value) solve=6 rebuildInterval=0
Schwarz(Jacobi)+Bicgstab:  Solving for k, Initial residual = 0.00024171016625692133, Final residual = 1.3495350484738322e-05, No Iterations 2, Solve time = 13.588 ms
bounding k, min: -0.002338890762253229 max: 894.419550258573 average: 9.151725938945653
[mem] after-turb: DEVICE_POOL current=19126 MB  actual(reserved)=38146 MB  highWater=24414 MB
ExecutionTime = 47.95 s  ClockTime = 48 s

Time = 1007
[mem] step-start: DEVICE_POOL current=19126 MB  actual(reserved)=38146 MB  highWater=24414 MB
Schwarz(Jacobi)+Bicgstab:  Solving for Ux, Initial residual = 7.837878568378599e-05, Final residual = 4.255793266530887e-06, No Iterations 2, Solve time = 35.729 ms
Schwarz(Jacobi)+Bicgstab:  Solving for Uy, Initial residual = 0.004009153100802712, Final residual = 0.0005034955200019659, No Iterations 2, Solve time = 35.729 ms
Schwarz(Jacobi)+Bicgstab:  Solving for Uz, Initial residual = 0.001119876828835593, Final residual = 7.071411756342853e-05, No Iterations 2, Solve time = 35.729 ms
[mem] after-UEqn: DEVICE_POOL current=19126 MB  actual(reserved)=38146 MB  highWater=24414 MB
[GinkgoSolver] p-cache: reuse(update_matrix_value) solve=7 rebuildInterval=0
config(Cg+Schwarz(Multigrid)):  Solving for p, Initial residual = 0.0012846647670119533, Final residual = 1.2723662299973695e-05, No Iterations 27, Solve time = 245.902 ms
time step continuity errors : sum local = 3.2136306349774265e-06, global = -5.5517719788222835e-08, cumulative = -6.063893095304066e-08
[mem] after-pEqn: DEVICE_POOL current=19126 MB  actual(reserved)=38146 MB  highWater=24414 MB
[GinkgoSolver] p-cache: reuse(update_matrix_value) solve=7 rebuildInterval=0
Schwarz(Jacobi)+Bicgstab:  Solving for omega, Initial residual = 1.2812683395618797e-05, Final residual = 8.376802654451361e-07, No Iterations 2, Solve time = 13.588 ms
bounding omega, min: -33633.901478895394 max: 45355983.11580388 average: 6374.068923018018
[GinkgoSolver] p-cache: reuse(update_matrix_value) solve=7 rebuildInterval=0
Schwarz(Jacobi)+Bicgstab:  Solving for k, Initial residual = 0.00024220321118116446, Final residual = 1.3419415333997192e-05, No Iterations 2, Solve time = 13.611 ms
bounding k, min: -0.0009432750219259718 max: 892.7550537223372 average: 9.151427018244807
[mem] after-turb: DEVICE_POOL current=19126 MB  actual(reserved)=38146 MB  highWater=24414 MB
ExecutionTime = 48.73 s  ClockTime = 49 s

Time = 1008
[mem] step-start: DEVICE_POOL current=19126 MB  actual(reserved)=38146 MB  highWater=24414 MB
Schwarz(Jacobi)+Bicgstab:  Solving for Ux, Initial residual = 7.855687363052599e-05, Final residual = 4.282587327078221e-06, No Iterations 2, Solve time = 35.858 ms
Schwarz(Jacobi)+Bicgstab:  Solving for Uy, Initial residual = 0.003987918993703347, Final residual = 0.0007352224054787705, No Iterations 2, Solve time = 35.858 ms
Schwarz(Jacobi)+Bicgstab:  Solving for Uz, Initial residual = 0.001122970369425837, Final residual = 6.439103592128873e-05, No Iterations 2, Solve time = 35.858 ms
[mem] after-UEqn: DEVICE_POOL current=19126 MB  actual(reserved)=38146 MB  highWater=24414 MB
[GinkgoSolver] p-cache: reuse(update_matrix_value) solve=8 rebuildInterval=0
config(Cg+Schwarz(Multigrid)):  Solving for p, Initial residual = 0.001279875249586367, Final residual = 1.2134262817571059e-05, No Iterations 41, Solve time = 356.767 ms
time step continuity errors : sum local = 3.0637154629422276e-06, global = -6.837270719506038e-08, cumulative = -1.2901163814810104e-07
[mem] after-pEqn: DEVICE_POOL current=19126 MB  actual(reserved)=38146 MB  highWater=24414 MB
[GinkgoSolver] p-cache: reuse(update_matrix_value) solve=8 rebuildInterval=0
Schwarz(Jacobi)+Bicgstab:  Solving for omega, Initial residual = 1.2782324187726862e-05, Final residual = 8.354024258361146e-07, No Iterations 2, Solve time = 13.891 ms
bounding omega, min: -37975.3508575997 max: 45355983.05091068 average: 6374.1962831249475
[GinkgoSolver] p-cache: reuse(update_matrix_value) solve=8 rebuildInterval=0
Schwarz(Jacobi)+Bicgstab:  Solving for k, Initial residual = 0.0002421093102965403, Final residual = 1.3456955505797048e-05, No Iterations 2, Solve time = 13.643 ms
bounding k, min: -0.0008720995935707354 max: 891.374689537031 average: 9.151235514891086
[mem] after-turb: DEVICE_POOL current=19126 MB  actual(reserved)=38146 MB  highWater=24414 MB
ExecutionTime = 49.61 s  ClockTime = 50 s

Time = 1009
[mem] step-start: DEVICE_POOL current=19126 MB  actual(reserved)=38146 MB  highWater=24414 MB
Schwarz(Jacobi)+Bicgstab:  Solving for Ux, Initial residual = 7.840259063049109e-05, Final residual = 2.5938213031616003e-06, No Iterations 3, Solve time = 45.763 ms
Schwarz(Jacobi)+Bicgstab:  Solving for Uy, Initial residual = 0.004038237213956869, Final residual = 0.00013489728356689182, No Iterations 3, Solve time = 45.763 ms
Schwarz(Jacobi)+Bicgstab:  Solving for Uz, Initial residual = 0.0011166088913514846, Final residual = 9.770101848038804e-05, No Iterations 3, Solve time = 45.763 ms
[mem] after-UEqn: DEVICE_POOL current=19126 MB  actual(reserved)=38146 MB  highWater=24414 MB
[GinkgoSolver] p-cache: reuse(update_matrix_value) solve=9 rebuildInterval=0
config(Cg+Schwarz(Multigrid)):  Solving for p, Initial residual = 0.0012881623189888514, Final residual = 1.1938323754840635e-05, No Iterations 43, Solve time = 369.537 ms
time step continuity errors : sum local = 3.0108785878066373e-06, global = -6.355830768790932e-08, cumulative = -1.9256994583601034e-07
[mem] after-pEqn: DEVICE_POOL current=19126 MB  actual(reserved)=38146 MB  highWater=24414 MB
[GinkgoSolver] p-cache: reuse(update_matrix_value) solve=9 rebuildInterval=0
Schwarz(Jacobi)+Bicgstab:  Solving for omega, Initial residual = 1.2746437185329994e-05, Final residual = 8.34141084603119e-07, No Iterations 2, Solve time = 13.678 ms
bounding omega, min: -36950.23781316657 max: 45355982.884109214 average: 6374.253399934094
[GinkgoSolver] p-cache: reuse(update_matrix_value) solve=9 rebuildInterval=0
Schwarz(Jacobi)+Bicgstab:  Solving for k, Initial residual = 0.00024220210546357798, Final residual = 1.3361322430783458e-05, No Iterations 2, Solve time = 13.603 ms
bounding k, min: -0.0014957407394238717 max: 892.0244312365403 average: 9.150668346682076
[mem] after-turb: DEVICE_POOL current=19126 MB  actual(reserved)=38146 MB  highWater=24414 MB
ExecutionTime = 50.52 s  ClockTime = 51 s

Time = 1010
[mem] step-start: DEVICE_POOL current=19126 MB  actual(reserved)=38146 MB  highWater=24414 MB
Schwarz(Jacobi)+Bicgstab:  Solving for Ux, Initial residual = 7.833293196300584e-05, Final residual = 2.861144131202322e-06, No Iterations 3, Solve time = 45.753 ms
Schwarz(Jacobi)+Bicgstab:  Solving for Uy, Initial residual = 0.004060375680229683, Final residual = 0.00013562049898430522, No Iterations 3, Solve time = 45.753 ms
Schwarz(Jacobi)+Bicgstab:  Solving for Uz, Initial residual = 0.0011017038727618954, Final residual = 4.5722936140820346e-05, No Iterations 3, Solve time = 45.753 ms
[mem] after-UEqn: DEVICE_POOL current=19126 MB  actual(reserved)=38146 MB  highWater=24414 MB
[GinkgoSolver] p-cache: reuse(update_matrix_value) solve=10 rebuildInterval=0
config(Cg+Schwarz(Multigrid)):  Solving for p, Initial residual = 0.0012740559597884135, Final residual = 1.2733431347672485e-05, No Iterations 24, Solve time = 207.35 ms
time step continuity errors : sum local = 3.2069222580428592e-06, global = -8.970428709611372e-08, cumulative = -2.822742329321241e-07
[mem] after-pEqn: DEVICE_POOL current=19126 MB  actual(reserved)=38146 MB  highWater=24414 MB
[GinkgoSolver] p-cache: reuse(update_matrix_value) solve=10 rebuildInterval=0
Schwarz(Jacobi)+Bicgstab:  Solving for omega, Initial residual = 1.2724620283459823e-05, Final residual = 8.335750252911023e-07, No Iterations 2, Solve time = 13.611 ms
bounding omega, min: -169499.57949288108 max: 45355982.67035511 average: 6374.214092317362
[GinkgoSolver] p-cache: reuse(update_matrix_value) solve=10 rebuildInterval=0
Schwarz(Jacobi)+Bicgstab:  Solving for k, Initial residual = 0.00024223430342661041, Final residual = 1.317645778489204e-05, No Iterations 2, Solve time = 13.561 ms
bounding k, min: -0.0018997032531401503 max: 892.1237300093736 average: 9.150056018418027
[mem] after-turb: DEVICE_POOL current=19126 MB  actual(reserved)=38146 MB  highWater=24414 MB
ExecutionTime = 51.26 s  ClockTime = 52 s

Time = 1011
[mem] step-start: DEVICE_POOL current=19126 MB  actual(reserved)=38146 MB  highWater=24414 MB
Schwarz(Jacobi)+Bicgstab:  Solving for Ux, Initial residual = 7.828228222988746e-05, Final residual = 3.266624326690934e-06, No Iterations 3, Solve time = 45.587 ms
Schwarz(Jacobi)+Bicgstab:  Solving for Uy, Initial residual = 0.004073139542304843, Final residual = 0.00013702531559429596, No Iterations 3, Solve time = 45.587 ms
Schwarz(Jacobi)+Bicgstab:  Solving for Uz, Initial residual = 0.0010958003884884674, Final residual = 4.0823185389217316e-05, No Iterations 3, Solve time = 45.587 ms
[mem] after-UEqn: DEVICE_POOL current=19126 MB  actual(reserved)=38146 MB  highWater=24414 MB
[GinkgoSolver] p-cache: reuse(update_matrix_value) solve=11 rebuildInterval=0
config(Cg+Schwarz(Multigrid)):  Solving for p, Initial residual = 0.0012699505490151813, Final residual = 1.2625171973867193e-05, No Iterations 28, Solve time = 243.78 ms
time step continuity errors : sum local = 3.1782020997339663e-06, global = -8.505531209224525e-08, cumulative = -3.6732954502436933e-07
[mem] after-pEqn: DEVICE_POOL current=19126 MB  actual(reserved)=38146 MB  highWater=24414 MB
[GinkgoSolver] p-cache: reuse(update_matrix_value) solve=11 rebuildInterval=0
Schwarz(Jacobi)+Bicgstab:  Solving for omega, Initial residual = 1.2710669105796404e-05, Final residual = 8.286925575651178e-07, No Iterations 2, Solve time = 13.646 ms
bounding omega, min: -37500.0361648529 max: 45355982.65660776 average: 6374.159613299745
[GinkgoSolver] p-cache: reuse(update_matrix_value) solve=11 rebuildInterval=0
Schwarz(Jacobi)+Bicgstab:  Solving for k, Initial residual = 0.00024225968966194136, Final residual = 1.2677583558551497e-05, No Iterations 2, Solve time = 13.666 ms
bounding k, min: -0.0005299544866103657 max: 892.9033220389654 average: 9.149367647878602
[mem] after-turb: DEVICE_POOL current=19126 MB  actual(reserved)=38146 MB  highWater=24414 MB
ExecutionTime = 52.05 s  ClockTime = 53 s

Time = 1012
[mem] step-start: DEVICE_POOL current=19126 MB  actual(reserved)=38146 MB  highWater=24414 MB
Schwarz(Jacobi)+Bicgstab:  Solving for Ux, Initial residual = 7.829785579608921e-05, Final residual = 4.2398787938067196e-06, No Iterations 2, Solve time = 35.738 ms
Schwarz(Jacobi)+Bicgstab:  Solving for Uy, Initial residual = 0.004076173800338384, Final residual = 0.0005148695991607708, No Iterations 2, Solve time = 35.738 ms
Schwarz(Jacobi)+Bicgstab:  Solving for Uz, Initial residual = 0.0010934435286900541, Final residual = 6.472952358002689e-05, No Iterations 2, Solve time = 35.738 ms
[mem] after-UEqn: DEVICE_POOL current=19126 MB  actual(reserved)=38146 MB  highWater=24414 MB
[GinkgoSolver] p-cache: reuse(update_matrix_value) solve=12 rebuildInterval=0
config(Cg+Schwarz(Multigrid)):  Solving for p, Initial residual = 0.0012869450240563262, Final residual = 1.270196387946468e-05, No Iterations 41, Solve time = 347.938 ms
time step continuity errors : sum local = 3.1955639654352174e-06, global = -5.691047227519466e-08, cumulative = -4.24240017299564e-07
[mem] after-pEqn: DEVICE_POOL current=19126 MB  actual(reserved)=38146 MB  highWater=24414 MB
[GinkgoSolver] p-cache: reuse(update_matrix_value) solve=12 rebuildInterval=0
Schwarz(Jacobi)+Bicgstab:  Solving for omega, Initial residual = 1.2723250524934463e-05, Final residual = 8.323320334229017e-07, No Iterations 2, Solve time = 13.673 ms
bounding omega, min: -36261.49700127976 max: 45355982.696286075 average: 6374.029572798594
[GinkgoSolver] p-cache: reuse(update_matrix_value) solve=12 rebuildInterval=0
Schwarz(Jacobi)+Bicgstab:  Solving for k, Initial residual = 0.00024258875219340732, Final residual = 1.2381900294514127e-05, No Iterations 2, Solve time = 13.638 ms
bounding k, min: -0.000524311840927081 max: 893.0850618503139 average: 9.14856329324321
[mem] after-turb: DEVICE_POOL current=19126 MB  actual(reserved)=38146 MB  highWater=24414 MB
ExecutionTime = 52.92 s  ClockTime = 54 s

Time = 1013
[mem] step-start: DEVICE_POOL current=19126 MB  actual(reserved)=38146 MB  highWater=24414 MB
Schwarz(Jacobi)+Bicgstab:  Solving for Ux, Initial residual = 7.855317757804376e-05, Final residual = 2.921640561436874e-06, No Iterations 3, Solve time = 45.555 ms
Schwarz(Jacobi)+Bicgstab:  Solving for Uy, Initial residual = 0.004044990688090416, Final residual = 0.00015330995990484676, No Iterations 3, Solve time = 45.555 ms
Schwarz(Jacobi)+Bicgstab:  Solving for Uz, Initial residual = 0.0010975407825540811, Final residual = 7.522393677928043e-05, No Iterations 3, Solve time = 45.555 ms
[mem] after-UEqn: DEVICE_POOL current=19126 MB  actual(reserved)=38146 MB  highWater=24414 MB
[GinkgoSolver] p-cache: reuse(update_matrix_value) solve=13 rebuildInterval=0
config(Cg+Schwarz(Multigrid)):  Solving for p, Initial residual = 0.0012831791846059136, Final residual = 1.2617378458505486e-05, No Iterations 28, Solve time = 243.387 ms
time step continuity errors : sum local = 3.17071738409941e-06, global = -7.368138929346133e-08, cumulative = -4.979214065930253e-07
[mem] after-pEqn: DEVICE_POOL current=19126 MB  actual(reserved)=38146 MB  highWater=24414 MB
[GinkgoSolver] p-cache: reuse(update_matrix_value) solve=13 rebuildInterval=0
Schwarz(Jacobi)+Bicgstab:  Solving for omega, Initial residual = 1.2712702918609806e-05, Final residual = 8.353468864609737e-07, No Iterations 2, Solve time = 13.719 ms
bounding omega, min: -39926.29201729669 max: 45355982.7497269 average: 6373.801892675599
[GinkgoSolver] p-cache: reuse(update_matrix_value) solve=13 rebuildInterval=0
Schwarz(Jacobi)+Bicgstab:  Solving for k, Initial residual = 0.0002424354311943515, Final residual = 1.2202783615567721e-05, No Iterations 2, Solve time = 13.677 ms
bounding k, min: -0.0017038268417252297 max: 893.3566170838562 average: 9.147744577987313
[mem] after-turb: DEVICE_POOL current=19126 MB  actual(reserved)=38146 MB  highWater=24414 MB
ExecutionTime = 53.71 s  ClockTime = 54 s

Time = 1014
[mem] step-start: DEVICE_POOL current=19126 MB  actual(reserved)=38146 MB  highWater=24414 MB
Schwarz(Jacobi)+Bicgstab:  Solving for Ux, Initial residual = 7.854467286447289e-05, Final residual = 3.5132988447736608e-06, No Iterations 3, Solve time = 45.607 ms
Schwarz(Jacobi)+Bicgstab:  Solving for Uy, Initial residual = 0.0040313657800895505, Final residual = 0.00014725943073455545, No Iterations 3, Solve time = 45.607 ms
Schwarz(Jacobi)+Bicgstab:  Solving for Uz, Initial residual = 0.0011030375806393511, Final residual = 4.9328880914960056e-05, No Iterations 3, Solve time = 45.607 ms
[mem] after-UEqn: DEVICE_POOL current=19126 MB  actual(reserved)=38146 MB  highWater=24414 MB
[GinkgoSolver] p-cache: reuse(update_matrix_value) solve=14 rebuildInterval=0
config(Cg+Schwarz(Multigrid)):  Solving for p, Initial residual = 0.001281198969973259, Final residual = 1.2323001899958281e-05, No Iterations 41, Solve time = 350.775 ms
time step continuity errors : sum local = 3.0949071035138223e-06, global = -4.98652838847502e-08, cumulative = -5.477866904777755e-07
[mem] after-pEqn: DEVICE_POOL current=19126 MB  actual(reserved)=38146 MB  highWater=24414 MB
[GinkgoSolver] p-cache: reuse(update_matrix_value) solve=14 rebuildInterval=0
Schwarz(Jacobi)+Bicgstab:  Solving for omega, Initial residual = 1.2705337969098582e-05, Final residual = 8.363704719138317e-07, No Iterations 2, Solve time = 13.672 ms
bounding omega, min: -235370.6965946516 max: 45355982.786120206 average: 6373.602165914949
[GinkgoSolver] p-cache: reuse(update_matrix_value) solve=14 rebuildInterval=0
Schwarz(Jacobi)+Bicgstab:  Solving for k, Initial residual = 0.00024240233232678004, Final residual = 1.2103921053459165e-05, No Iterations 2, Solve time = 13.628 ms
bounding k, min: -0.0018710604540918552 max: 892.9519450400435 average: 9.146878948888313
[mem] after-turb: DEVICE_POOL current=19126 MB  actual(reserved)=38146 MB  highWater=24414 MB
ExecutionTime = 54.6 s  ClockTime = 55 s

Time = 1015
[mem] step-start: DEVICE_POOL current=19126 MB  actual(reserved)=38146 MB  highWater=24414 MB
Schwarz(Jacobi)+Bicgstab:  Solving for Ux, Initial residual = 7.854489227717834e-05, Final residual = 3.845840341261526e-06, No Iterations 3, Solve time = 45.773 ms
Schwarz(Jacobi)+Bicgstab:  Solving for Uy, Initial residual = 0.004029133992682802, Final residual = 0.000140995688846669, No Iterations 3, Solve time = 45.773 ms
Schwarz(Jacobi)+Bicgstab:  Solving for Uz, Initial residual = 0.0011051184344954884, Final residual = 4.555430929851334e-05, No Iterations 3, Solve time = 45.773 ms
[mem] after-UEqn: DEVICE_POOL current=19126 MB  actual(reserved)=38146 MB  highWater=24414 MB
[GinkgoSolver] p-cache: reuse(update_matrix_value) solve=15 rebuildInterval=0
config(Cg+Schwarz(Multigrid)):  Solving for p, Initial residual = 0.0012814116388449302, Final residual = 1.1968000098082183e-05, No Iterations 29, Solve time = 256.938 ms
time step continuity errors : sum local = 3.0022983880794522e-06, global = -5.651324998213563e-08, cumulative = -6.042999404599111e-07
[mem] after-pEqn: DEVICE_POOL current=19126 MB  actual(reserved)=38146 MB  highWater=24414 MB
[GinkgoSolver] p-cache: reuse(update_matrix_value) solve=15 rebuildInterval=0
Schwarz(Jacobi)+Bicgstab:  Solving for omega, Initial residual = 1.2707739269680845e-05, Final residual = 8.341329414635743e-07, No Iterations 2, Solve time = 13.673 ms
bounding omega, min: -51003.17784625337 max: 45355982.78173491 average: 6373.353550707146
[GinkgoSolver] p-cache: reuse(update_matrix_value) solve=15 rebuildInterval=0
Schwarz(Jacobi)+Bicgstab:  Solving for k, Initial residual = 0.00024240546928047373, Final residual = 1.2189540026381827e-05, No Iterations 2, Solve time = 13.62 ms
bounding k, min: -0.0021099147808281947 max: 892.4682425824886 average: 9.146007247642727
[mem] after-turb: DEVICE_POOL current=19126 MB  actual(reserved)=38146 MB  highWater=24414 MB
ExecutionTime = 55.4 s  ClockTime = 56 s

Time = 1016
[mem] step-start: DEVICE_POOL current=19126 MB  actual(reserved)=38146 MB  highWater=24414 MB
Schwarz(Jacobi)+Bicgstab:  Solving for Ux, Initial residual = 7.854048797536883e-05, Final residual = 3.6302037413126664e-06, No Iterations 3, Solve time = 45.814 ms
Schwarz(Jacobi)+Bicgstab:  Solving for Uy, Initial residual = 0.004037245236316685, Final residual = 0.00013542787844966018, No Iterations 3, Solve time = 45.814 ms
Schwarz(Jacobi)+Bicgstab:  Solving for Uz, Initial residual = 0.0011044033801683273, Final residual = 4.196673043574851e-05, No Iterations 3, Solve time = 45.814 ms
[mem] after-UEqn: DEVICE_POOL current=19126 MB  actual(reserved)=38146 MB  highWater=24414 MB
[GinkgoSolver] p-cache: reuse(update_matrix_value) solve=16 rebuildInterval=0
config(Cg+Schwarz(Multigrid)):  Solving for p, Initial residual = 0.0012816532868023024, Final residual = 1.2687944100114706e-05, No Iterations 30, Solve time = 262.59 ms
time step continuity errors : sum local = 3.1812241257900584e-06, global = -4.4832365950881034e-08, cumulative = -6.491323064107922e-07
[mem] after-pEqn: DEVICE_POOL current=19126 MB  actual(reserved)=38146 MB  highWater=24414 MB
[GinkgoSolver] p-cache: reuse(update_matrix_value) solve=16 rebuildInterval=0
Schwarz(Jacobi)+Bicgstab:  Solving for omega, Initial residual = 1.2705393333683449e-05, Final residual = 8.338343084808762e-07, No Iterations 2, Solve time = 13.686 ms
bounding omega, min: -49242.663184012396 max: 45355982.731358096 average: 6373.078333935308
[GinkgoSolver] p-cache: reuse(update_matrix_value) solve=16 rebuildInterval=0
Schwarz(Jacobi)+Bicgstab:  Solving for k, Initial residual = 0.00024239622560986684, Final residual = 1.2226445572712118e-05, No Iterations 2, Solve time = 13.597 ms
bounding k, min: -0.0025506535907503652 max: 891.4926012453153 average: 9.145116636987254
[mem] after-turb: DEVICE_POOL current=19126 MB  actual(reserved)=38146 MB  highWater=24414 MB
ExecutionTime = 56.2 s  ClockTime = 57 s

Time = 1017
[mem] step-start: DEVICE_POOL current=19126 MB  actual(reserved)=38146 MB  highWater=24414 MB
Schwarz(Jacobi)+Bicgstab:  Solving for Ux, Initial residual = 7.85206209358349e-05, Final residual = 4.2132624683695314e-06, No Iterations 2, Solve time = 35.77 ms
Schwarz(Jacobi)+Bicgstab:  Solving for Uy, Initial residual = 0.004051522597598809, Final residual = 0.0007277979489835887, No Iterations 2, Solve time = 35.77 ms
Schwarz(Jacobi)+Bicgstab:  Solving for Uz, Initial residual = 0.0011014691284040768, Final residual = 7.519890911145178e-05, No Iterations 2, Solve time = 35.77 ms
[mem] after-UEqn: DEVICE_POOL current=19126 MB  actual(reserved)=38146 MB  highWater=24414 MB
[GinkgoSolver] p-cache: reuse(update_matrix_value) solve=17 rebuildInterval=0
config(Cg+Schwarz(Multigrid)):  Solving for p, Initial residual = 0.001294304809279388, Final residual = 1.2725160005369849e-05, No Iterations 29, Solve time = 247.012 ms
time step continuity errors : sum local = 3.188955255710691e-06, global = -3.456015167820298e-08, cumulative = -6.836924580889952e-07
[mem] after-pEqn: DEVICE_POOL current=19126 MB  actual(reserved)=38146 MB  highWater=24414 MB
[GinkgoSolver] p-cache: reuse(update_matrix_value) solve=17 rebuildInterval=0
Schwarz(Jacobi)+Bicgstab:  Solving for omega, Initial residual = 1.2741981913284794e-05, Final residual = 8.428245274454605e-07, No Iterations 2, Solve time = 13.7 ms
bounding omega, min: -59838.98555331502 max: 45355982.65838184 average: 6372.750307446112
[GinkgoSolver] p-cache: reuse(update_matrix_value) solve=17 rebuildInterval=0
Schwarz(Jacobi)+Bicgstab:  Solving for k, Initial residual = 0.00024280091198870845, Final residual = 1.2355436400938003e-05, No Iterations 2, Solve time = 13.621 ms
bounding k, min: -0.005550262205786041 max: 890.3964079064319 average: 9.144163712427769
[mem] after-turb: DEVICE_POOL current=19126 MB  actual(reserved)=38146 MB  highWater=24414 MB
ExecutionTime = 56.97 s  ClockTime = 58 s

Time = 1018
[mem] step-start: DEVICE_POOL current=19126 MB  actual(reserved)=38146 MB  highWater=24414 MB
Schwarz(Jacobi)+Bicgstab:  Solving for Ux, Initial residual = 7.876534246071257e-05, Final residual = 3.3359144662463026e-06, No Iterations 3, Solve time = 45.617 ms
Schwarz(Jacobi)+Bicgstab:  Solving for Uy, Initial residual = 0.004029794238383328, Final residual = 0.00015646076962726676, No Iterations 3, Solve time = 45.617 ms
Schwarz(Jacobi)+Bicgstab:  Solving for Uz, Initial residual = 0.0011043243570675394, Final residual = 5.987553485224027e-05, No Iterations 3, Solve time = 45.617 ms
[mem] after-UEqn: DEVICE_POOL current=19126 MB  actual(reserved)=38146 MB  highWater=24414 MB
[GinkgoSolver] p-cache: reuse(update_matrix_value) solve=18 rebuildInterval=0
config(Cg+Schwarz(Multigrid)):  Solving for p, Initial residual = 0.0012865290641274258, Final residual = 1.2200998467637156e-05, No Iterations 35, Solve time = 301.051 ms
time step continuity errors : sum local = 3.0564734073358508e-06, global = -2.1330165784844936e-08, cumulative = -7.050226238738401e-07
[mem] after-pEqn: DEVICE_POOL current=19126 MB  actual(reserved)=38146 MB  highWater=24414 MB
[GinkgoSolver] p-cache: reuse(update_matrix_value) solve=18 rebuildInterval=0
Schwarz(Jacobi)+Bicgstab:  Solving for omega, Initial residual = 1.2754364160072851e-05, Final residual = 8.44460354974639e-07, No Iterations 2, Solve time = 13.668 ms
bounding omega, min: -338844.8463585138 max: 45355982.59592117 average: 6372.420654995291
[GinkgoSolver] p-cache: reuse(update_matrix_value) solve=18 rebuildInterval=0
Schwarz(Jacobi)+Bicgstab:  Solving for k, Initial residual = 0.0002427867654018798, Final residual = 1.239169824840189e-05, No Iterations 2, Solve time = 13.64 ms
bounding k, min: -0.004061090320829866 max: 888.9755942694022 average: 9.14331719374411
[mem] after-turb: DEVICE_POOL current=19126 MB  actual(reserved)=38146 MB  highWater=24414 MB
ExecutionTime = 57.81 s  ClockTime = 59 s

Time = 1019
[mem] step-start: DEVICE_POOL current=19126 MB  actual(reserved)=38146 MB  highWater=24414 MB
Schwarz(Jacobi)+Bicgstab:  Solving for Ux, Initial residual = 7.881809537498111e-05, Final residual = 3.2452639163240643e-06, No Iterations 3, Solve time = 45.474 ms
Schwarz(Jacobi)+Bicgstab:  Solving for Uy, Initial residual = 0.004036855780200556, Final residual = 0.000150136495901712, No Iterations 3, Solve time = 45.474 ms
Schwarz(Jacobi)+Bicgstab:  Solving for Uz, Initial residual = 0.0011022412782089332, Final residual = 5.904205382842009e-05, No Iterations 3, Solve time = 45.474 ms
[mem] after-UEqn: DEVICE_POOL current=19126 MB  actual(reserved)=38146 MB  highWater=24414 MB
[GinkgoSolver] p-cache: reuse(update_matrix_value) solve=19 rebuildInterval=0
config(Cg+Schwarz(Multigrid)):  Solving for p, Initial residual = 0.0012868903139107901, Final residual = 1.2031535806969094e-05, No Iterations 34, Solve time = 290.122 ms
time step continuity errors : sum local = 3.0128250438184694e-06, global = -2.0416178446209935e-08, cumulative = -7.2543880232005e-07
[mem] after-pEqn: DEVICE_POOL current=19126 MB  actual(reserved)=38146 MB  highWater=24414 MB
[GinkgoSolver] p-cache: reuse(update_matrix_value) solve=19 rebuildInterval=0
Schwarz(Jacobi)+Bicgstab:  Solving for omega, Initial residual = 1.2757878955494969e-05, Final residual = 8.406902859252382e-07, No Iterations 2, Solve time = 13.664 ms
bounding omega, min: -58537.81815040621 max: 45355982.57453473 average: 6372.1409294403165
[GinkgoSolver] p-cache: reuse(update_matrix_value) solve=19 rebuildInterval=0
Schwarz(Jacobi)+Bicgstab:  Solving for k, Initial residual = 0.0002427958242652597, Final residual = 1.2477478144167574e-05, No Iterations 2, Solve time = 13.636 ms
bounding k, min: -0.004351115155659752 max: 887.4380508990786 average: 9.142530147300283
[mem] after-turb: DEVICE_POOL current=19126 MB  actual(reserved)=38146 MB  highWater=24414 MB
ExecutionTime = 58.65 s  ClockTime = 59 s

Time = 1020
[mem] step-start: DEVICE_POOL current=19126 MB  actual(reserved)=38146 MB  highWater=24414 MB
Schwarz(Jacobi)+Bicgstab:  Solving for Ux, Initial residual = 7.88308144841351e-05, Final residual = 3.428737107738817e-06, No Iterations 3, Solve time = 45.693 ms
Schwarz(Jacobi)+Bicgstab:  Solving for Uy, Initial residual = 0.0040552582132252525, Final residual = 0.00014404837491524926, No Iterations 3, Solve time = 45.693 ms
Schwarz(Jacobi)+Bicgstab:  Solving for Uz, Initial residual = 0.001099083929345522, Final residual = 3.804126391342038e-05, No Iterations 3, Solve time = 45.693 ms
[mem] after-UEqn: DEVICE_POOL current=19126 MB  actual(reserved)=38146 MB  highWater=24414 MB
[GinkgoSolver] p-cache: reuse(update_matrix_value) solve=20 rebuildInterval=0
config(Cg+Schwarz(Multigrid)):  Solving for p, Initial residual = 0.0012896947939952687, Final residual = 1.274226400094902e-05, No Iterations 33, Solve time = 275.402 ms
time step continuity errors : sum local = 3.189769690470288e-06, global = -1.7466900735727016e-08, cumulative = -7.429057030557771e-07
[mem] after-pEqn: DEVICE_POOL current=19126 MB  actual(reserved)=38146 MB  highWater=24414 MB
[GinkgoSolver] p-cache: reuse(update_matrix_value) solve=20 rebuildInterval=0
Schwarz(Jacobi)+Bicgstab:  Solving for omega, Initial residual = 1.274938408819954e-05, Final residual = 8.375024705108353e-07, No Iterations 2, Solve time = 13.678 ms
bounding omega, min: -59023.538943322244 max: 45355982.574936 average: 6371.860747863674
[GinkgoSolver] p-cache: reuse(update_matrix_value) solve=20 rebuildInterval=0
Schwarz(Jacobi)+Bicgstab:  Solving for k, Initial residual = 0.00024281187630635165, Final residual = 1.255739148770779e-05, No Iterations 2, Solve time = 13.668 ms
bounding k, min: -0.005495341397451642 max: 885.7863721835931 average: 9.141772729275868
[mem] after-turb: DEVICE_POOL current=19126 MB  actual(reserved)=38146 MB  highWater=24414 MB
ExecutionTime = 59.46 s  ClockTime = 60 s

Time = 1021
[mem] step-start: DEVICE_POOL current=19126 MB  actual(reserved)=38146 MB  highWater=24414 MB
Schwarz(Jacobi)+Bicgstab:  Solving for Ux, Initial residual = 7.883024304291799e-05, Final residual = 3.391225104132554e-06, No Iterations 3, Solve time = 45.572 ms
Schwarz(Jacobi)+Bicgstab:  Solving for Uy, Initial residual = 0.004077995756446053, Final residual = 0.00014064027586408343, No Iterations 3, Solve time = 45.572 ms
Schwarz(Jacobi)+Bicgstab:  Solving for Uz, Initial residual = 0.001094404816006726, Final residual = 3.735158694783001e-05, No Iterations 3, Solve time = 45.572 ms
[mem] after-UEqn: DEVICE_POOL current=19126 MB  actual(reserved)=38146 MB  highWater=24414 MB
[GinkgoSolver] p-cache: reuse(update_matrix_value) solve=21 rebuildInterval=0
config(Cg+Schwarz(Multigrid)):  Solving for p, Initial residual = 0.0012888301688498832, Final residual = 1.2527558611971056e-05, No Iterations 32, Solve time = 268.918 ms
time step continuity errors : sum local = 3.1353573288533593e-06, global = -1.5699580613314875e-08, cumulative = -7.586052836690919e-07
[mem] after-pEqn: DEVICE_POOL current=19126 MB  actual(reserved)=38146 MB  highWater=24414 MB
[GinkgoSolver] p-cache: reuse(update_matrix_value) solve=21 rebuildInterval=0
Schwarz(Jacobi)+Bicgstab:  Solving for omega, Initial residual = 1.2747998200521605e-05, Final residual = 8.403082632593526e-07, No Iterations 2, Solve time = 13.629 ms
bounding omega, min: -60119.55127366687 max: 45355982.58232648 average: 6371.607515016603
[GinkgoSolver] p-cache: reuse(update_matrix_value) solve=21 rebuildInterval=0
Schwarz(Jacobi)+Bicgstab:  Solving for k, Initial residual = 0.00024282697515286432, Final residual = 1.262413294219585e-05, No Iterations 2, Solve time = 13.584 ms
bounding k, min: -0.002390781548612622 max: 884.1736087200582 average: 9.141031419219045
[mem] after-turb: DEVICE_POOL current=19126 MB  actual(reserved)=38146 MB  highWater=24414 MB
ExecutionTime = 60.27 s  ClockTime = 61 s

Time = 1022
[mem] step-start: DEVICE_POOL current=19126 MB  actual(reserved)=38146 MB  highWater=24414 MB
Schwarz(Jacobi)+Bicgstab:  Solving for Ux, Initial residual = 7.881274705737574e-05, Final residual = 3.371557073545455e-06, No Iterations 3, Solve time = 45.604 ms
Schwarz(Jacobi)+Bicgstab:  Solving for Uy, Initial residual = 0.004099023653319625, Final residual = 0.00014072937866372342, No Iterations 3, Solve time = 45.604 ms
Schwarz(Jacobi)+Bicgstab:  Solving for Uz, Initial residual = 0.001090990012496534, Final residual = 2.9305751571436794e-05, No Iterations 3, Solve time = 45.604 ms
[mem] after-UEqn: DEVICE_POOL current=19126 MB  actual(reserved)=38146 MB  highWater=24414 MB
[GinkgoSolver] p-cache: reuse(update_matrix_value) solve=22 rebuildInterval=0
config(Cg+Schwarz(Multigrid)):  Solving for p, Initial residual = 0.0012868309039609659, Final residual = 1.277567744262637e-05, No Iterations 32, Solve time = 260.445 ms
time step continuity errors : sum local = 3.1970525353073787e-06, global = -1.1356804584677512e-08, cumulative = -7.699620882537694e-07
[mem] after-pEqn: DEVICE_POOL current=19126 MB  actual(reserved)=38146 MB  highWater=24414 MB
[GinkgoSolver] p-cache: reuse(update_matrix_value) solve=22 rebuildInterval=0
Schwarz(Jacobi)+Bicgstab:  Solving for omega, Initial residual = 1.2743342007111984e-05, Final residual = 8.403159782564157e-07, No Iterations 2, Solve time = 13.634 ms
bounding omega, min: -333962.64232208196 max: 45355982.5936853 average: 6371.361272770293
[GinkgoSolver] p-cache: reuse(update_matrix_value) solve=22 rebuildInterval=0
Schwarz(Jacobi)+Bicgstab:  Solving for k, Initial residual = 0.0002428292049950872, Final residual = 1.2925209004586813e-05, No Iterations 2, Solve time = 13.615 ms
bounding k, min: -0.00432178587280313 max: 882.5598344137625 average: 9.140272579495068
[mem] after-turb: DEVICE_POOL current=19126 MB  actual(reserved)=38146 MB  highWater=24414 MB
ExecutionTime = 61.07 s  ClockTime = 62 s

Time = 1023
[mem] step-start: DEVICE_POOL current=19126 MB  actual(reserved)=38146 MB  highWater=24414 MB
Schwarz(Jacobi)+Bicgstab:  Solving for Ux, Initial residual = 7.880393263866042e-05, Final residual = 3.580704526619208e-06, No Iterations 3, Solve time = 45.712 ms
Schwarz(Jacobi)+Bicgstab:  Solving for Uy, Initial residual = 0.004115972464097165, Final residual = 0.00014230062004525542, No Iterations 3, Solve time = 45.712 ms
Schwarz(Jacobi)+Bicgstab:  Solving for Uz, Initial residual = 0.001088310450638761, Final residual = 3.4668592499482054e-05, No Iterations 3, Solve time = 45.712 ms
[mem] after-UEqn: DEVICE_POOL current=19126 MB  actual(reserved)=38146 MB  highWater=24414 MB
[GinkgoSolver] p-cache: reuse(update_matrix_value) solve=23 rebuildInterval=0
config(Cg+Schwarz(Multigrid)):  Solving for p, Initial residual = 0.0012832738974258343, Final residual = 1.2436540335557384e-05, No Iterations 32, Solve time = 265.316 ms
time step continuity errors : sum local = 3.1121282476877432e-06, global = -8.449526059745417e-09, cumulative = -7.784116143135149e-07
[mem] after-pEqn: DEVICE_POOL current=19126 MB  actual(reserved)=38146 MB  highWater=24414 MB
[GinkgoSolver] p-cache: reuse(update_matrix_value) solve=23 rebuildInterval=0
Schwarz(Jacobi)+Bicgstab:  Solving for omega, Initial residual = 1.2752096519433882e-05, Final residual = 8.367125619857119e-07, No Iterations 2, Solve time = 13.583 ms
bounding omega, min: -60117.789868593165 max: 45355982.60703706 average: 6371.178598312441
[GinkgoSolver] p-cache: reuse(update_matrix_value) solve=23 rebuildInterval=0
Schwarz(Jacobi)+Bicgstab:  Solving for k, Initial residual = 0.0002428939259050524, Final residual = 1.4100691828272852e-05, No Iterations 2, Solve time = 13.564 ms
bounding k, min: -0.0037203006558106516 max: 881.0312115020216 average: 9.139510805620878
[mem] after-turb: DEVICE_POOL current=19126 MB  actual(reserved)=38146 MB  highWater=24414 MB
ExecutionTime = 61.87 s  ClockTime = 63 s

Time = 1024
[mem] step-start: DEVICE_POOL current=19126 MB  actual(reserved)=38146 MB  highWater=24414 MB
Schwarz(Jacobi)+Bicgstab:  Solving for Ux, Initial residual = 7.882807154680713e-05, Final residual = 4.388842450738546e-06, No Iterations 2, Solve time = 35.513 ms
Schwarz(Jacobi)+Bicgstab:  Solving for Uy, Initial residual = 0.004127628536771926, Final residual = 0.000317763462782559, No Iterations 2, Solve time = 35.513 ms
Schwarz(Jacobi)+Bicgstab:  Solving for Uz, Initial residual = 0.001087612655029743, Final residual = 7.687314586272311e-05, No Iterations 2, Solve time = 35.513 ms
[mem] after-UEqn: DEVICE_POOL current=19126 MB  actual(reserved)=38146 MB  highWater=24414 MB
[GinkgoSolver] p-cache: reuse(update_matrix_value) solve=24 rebuildInterval=0
config(Cg+Schwarz(Multigrid)):  Solving for p, Initial residual = 0.0012865133775087105, Final residual = 1.2603011684802322e-05, No Iterations 32, Solve time = 261.701 ms
time step continuity errors : sum local = 3.153910120862566e-06, global = -4.440993953241178e-09, cumulative = -7.828526082667561e-07
[mem] after-pEqn: DEVICE_POOL current=19126 MB  actual(reserved)=38146 MB  highWater=24414 MB
[GinkgoSolver] p-cache: reuse(update_matrix_value) solve=24 rebuildInterval=0
Schwarz(Jacobi)+Bicgstab:  Solving for omega, Initial residual = 1.279427258748982e-05, Final residual = 8.406816795594153e-07, No Iterations 2, Solve time = 13.719 ms
bounding omega, min: -58355.01759153849 max: 45355982.620430976 average: 6371.020354634867
[GinkgoSolver] p-cache: reuse(update_matrix_value) solve=24 rebuildInterval=0
Schwarz(Jacobi)+Bicgstab:  Solving for k, Initial residual = 0.00024332286198721574, Final residual = 1.691561528397428e-05, No Iterations 2, Solve time = 13.548 ms
bounding k, min: -0.014306458272532296 max: 879.5991564439288 average: 9.138766554220496
[mem] after-turb: DEVICE_POOL current=19126 MB  actual(reserved)=38146 MB  highWater=24414 MB
ExecutionTime = 62.66 s  ClockTime = 63 s

Time = 1025
[mem] step-start: DEVICE_POOL current=19126 MB  actual(reserved)=38146 MB  highWater=24414 MB
Schwarz(Jacobi)+Bicgstab:  Solving for Ux, Initial residual = 7.90229400815034e-05, Final residual = 4.483627354069599e-06, No Iterations 2, Solve time = 35.837 ms
Schwarz(Jacobi)+Bicgstab:  Solving for Uy, Initial residual = 0.004120943751220852, Final residual = 0.0007347606646170362, No Iterations 2, Solve time = 35.837 ms
Schwarz(Jacobi)+Bicgstab:  Solving for Uz, Initial residual = 0.0010926777158600405, Final residual = 7.423436115084353e-05, No Iterations 2, Solve time = 35.837 ms
[mem] after-UEqn: DEVICE_POOL current=19126 MB  actual(reserved)=38146 MB  highWater=24414 MB
[GinkgoSolver] p-cache: reuse(update_matrix_value) solve=25 rebuildInterval=0
config(Cg+Schwarz(Multigrid)):  Solving for p, Initial residual = 0.001286147062020199, Final residual = 1.2029529142005224e-05, No Iterations 35, Solve time = 284.121 ms
time step continuity errors : sum local = 3.0106085733428142e-06, global = -4.674325203393946e-09, cumulative = -7.8752693347015e-07
[mem] after-pEqn: DEVICE_POOL current=19126 MB  actual(reserved)=38146 MB  highWater=24414 MB
[GinkgoSolver] p-cache: reuse(update_matrix_value) solve=25 rebuildInterval=0
Schwarz(Jacobi)+Bicgstab:  Solving for omega, Initial residual = 1.2842409447772265e-05, Final residual = 8.459570402004117e-07, No Iterations 2, Solve time = 13.639 ms
bounding omega, min: -58427.2441688288 max: 45355982.63237859 average: 6370.975538994112
[GinkgoSolver] p-cache: reuse(update_matrix_value) solve=25 rebuildInterval=0
Schwarz(Jacobi)+Bicgstab:  Solving for k, Initial residual = 0.00024363580179709795, Final residual = 2.031923519520801e-05, No Iterations 2, Solve time = 13.584 ms
bounding k, min: -0.015371215264317312 max: 878.2886551875004 average: 9.138210840226623
[mem] after-turb: DEVICE_POOL current=19126 MB  actual(reserved)=38146 MB  highWater=24414 MB
ExecutionTime = 63.48 s  ClockTime = 64 s

Time = 1026
[mem] step-start: DEVICE_POOL current=19126 MB  actual(reserved)=38146 MB  highWater=24414 MB
Schwarz(Jacobi)+Bicgstab:  Solving for Ux, Initial residual = 7.90030555766546e-05, Final residual = 3.710976391975891e-06, No Iterations 3, Solve time = 45.683 ms
Schwarz(Jacobi)+Bicgstab:  Solving for Uy, Initial residual = 0.004173877052483008, Final residual = 0.00013335469315889662, No Iterations 3, Solve time = 45.683 ms
Schwarz(Jacobi)+Bicgstab:  Solving for Uz, Initial residual = 0.0010923929401105213, Final residual = 4.9604526328862236e-05, No Iterations 3, Solve time = 45.683 ms
[mem] after-UEqn: DEVICE_POOL current=19126 MB  actual(reserved)=38146 MB  highWater=24414 MB
[GinkgoSolver] p-cache: reuse(update_matrix_value) solve=26 rebuildInterval=0
config(Cg+Schwarz(Multigrid)):  Solving for p, Initial residual = 0.0012867087964693576, Final residual = 1.262138682802126e-05, No Iterations 32, Solve time = 266 ms
time step continuity errors : sum local = 3.158914686551229e-06, global = -6.065559305310213e-09, cumulative = -7.935924927754602e-07
[mem] after-pEqn: DEVICE_POOL current=19126 MB  actual(reserved)=38146 MB  highWater=24414 MB
[GinkgoSolver] p-cache: reuse(update_matrix_value) solve=26 rebuildInterval=0
Schwarz(Jacobi)+Bicgstab:  Solving for omega, Initial residual = 1.286489883560806e-05, Final residual = 8.417859929402245e-07, No Iterations 2, Solve time = 13.633 ms
bounding omega, min: -355930.6984423922 max: 45355982.64132479 average: 6370.916150942613
[GinkgoSolver] p-cache: reuse(update_matrix_value) solve=26 rebuildInterval=0
Schwarz(Jacobi)+Bicgstab:  Solving for k, Initial residual = 0.0002443803732630214, Final residual = 5.3899611000735055e-06, No Iterations 3, Solve time = 16.915 ms
bounding k, min: -1.1334900158278796e-08 max: 877.1262995161936 average: 9.137889846399865
[mem] after-turb: DEVICE_POOL current=19126 MB  actual(reserved)=38146 MB  highWater=24414 MB
ExecutionTime = 64.28 s  ClockTime = 65 s

Time = 1027
[mem] step-start: DEVICE_POOL current=19126 MB  actual(reserved)=38146 MB  highWater=24414 MB
Schwarz(Jacobi)+Bicgstab:  Solving for Ux, Initial residual = 7.911806409005081e-05, Final residual = 2.4338451887673114e-06, No Iterations 3, Solve time = 45.672 ms
Schwarz(Jacobi)+Bicgstab:  Solving for Uy, Initial residual = 0.004182003847352938, Final residual = 0.0001340100255159156, No Iterations 3, Solve time = 45.672 ms
Schwarz(Jacobi)+Bicgstab:  Solving for Uz, Initial residual = 0.0010911369119970431, Final residual = 4.616230389469563e-05, No Iterations 3, Solve time = 45.672 ms
[mem] after-UEqn: DEVICE_POOL current=19126 MB  actual(reserved)=38146 MB  highWater=24414 MB
[GinkgoSolver] p-cache: reuse(update_matrix_value) solve=27 rebuildInterval=0
config(Cg+Schwarz(Multigrid)):  Solving for p, Initial residual = 0.0012832881828531274, Final residual = 1.2808879737092346e-05, No Iterations 36, Solve time = 291.068 ms
time step continuity errors : sum local = 3.2060339910400194e-06, global = 1.9167556501531626e-09, cumulative = -7.91675737125307e-07
[mem] after-pEqn: DEVICE_POOL current=19126 MB  actual(reserved)=38146 MB  highWater=24414 MB
[GinkgoSolver] p-cache: reuse(update_matrix_value) solve=27 rebuildInterval=0
Schwarz(Jacobi)+Bicgstab:  Solving for omega, Initial residual = 1.2657486172284164e-05, Final residual = 8.359259703916414e-07, No Iterations 2, Solve time = 13.623 ms
bounding omega, min: -57032.915161542536 max: 45355982.647188336 average: 6370.911183932175
[GinkgoSolver] p-cache: reuse(update_matrix_value) solve=27 rebuildInterval=0
Schwarz(Jacobi)+Bicgstab:  Solving for k, Initial residual = 0.0002436182082075066, Final residual = 1.1939776520163492e-05, No Iterations 2, Solve time = 13.626 ms
[mem] after-turb: DEVICE_POOL current=19126 MB  actual(reserved)=38146 MB  highWater=24414 MB
ExecutionTime = 65.09999999999999 s  ClockTime = 66 s

Time = 1028
[mem] step-start: DEVICE_POOL current=19126 MB  actual(reserved)=38146 MB  highWater=24414 MB
Schwarz(Jacobi)+Bicgstab:  Solving for Ux, Initial residual = 7.905169327191785e-05, Final residual = 3.821589540481997e-06, No Iterations 2, Solve time = 35.698 ms
Schwarz(Jacobi)+Bicgstab:  Solving for Uy, Initial residual = 0.004186364409284996, Final residual = 0.00046863178906812394, No Iterations 2, Solve time = 35.698 ms
Schwarz(Jacobi)+Bicgstab:  Solving for Uz, Initial residual = 0.0010910750137962872, Final residual = 7.741976740414339e-05, No Iterations 2, Solve time = 35.698 ms
[mem] after-UEqn: DEVICE_POOL current=19126 MB  actual(reserved)=38146 MB  highWater=24414 MB
[GinkgoSolver] p-cache: reuse(update_matrix_value) solve=28 rebuildInterval=0
config(Cg+Schwarz(Multigrid)):  Solving for p, Initial residual = 0.0012951462995056257, Final residual = 1.2424600398805707e-05, No Iterations 39, Solve time = 313.339 ms
time step continuity errors : sum local = 3.1099130762466552e-06, global = 5.29681803780196e-09, cumulative = -7.86378919087505e-07
[mem] after-pEqn: DEVICE_POOL current=19126 MB  actual(reserved)=38146 MB  highWater=24414 MB
[GinkgoSolver] p-cache: reuse(update_matrix_value) solve=28 rebuildInterval=0
Schwarz(Jacobi)+Bicgstab:  Solving for omega, Initial residual = 1.276861649778729e-05, Final residual = 8.314346379361046e-07, No Iterations 2, Solve time = 13.661 ms
bounding omega, min: -55519.0623651459 max: 45355982.65288397 average: 6370.73481384367
[GinkgoSolver] p-cache: reuse(update_matrix_value) solve=28 rebuildInterval=0
Schwarz(Jacobi)+Bicgstab:  Solving for k, Initial residual = 0.00024375794353918013, Final residual = 1.2293529721344011e-05, No Iterations 2, Solve time = 13.617 ms
bounding k, min: -0.0006562823791975356 max: 875.232839949848 average: 9.136356977377352
[mem] after-turb: DEVICE_POOL current=19126 MB  actual(reserved)=38146 MB  highWater=24414 MB
ExecutionTime = 65.95 s  ClockTime = 67 s

Time = 1029
[mem] step-start: DEVICE_POOL current=19126 MB  actual(reserved)=38146 MB  highWater=24414 MB
Schwarz(Jacobi)+Bicgstab:  Solving for Ux, Initial residual = 7.917503872978735e-05, Final residual = 2.3219261881065088e-06, No Iterations 3, Solve time = 45.749 ms
Schwarz(Jacobi)+Bicgstab:  Solving for Uy, Initial residual = 0.004164926891176918, Final residual = 0.00015685878211990165, No Iterations 3, Solve time = 45.749 ms
Schwarz(Jacobi)+Bicgstab:  Solving for Uz, Initial residual = 0.0010976354832422331, Final residual = 9.337694056388425e-05, No Iterations 3, Solve time = 45.749 ms
[mem] after-UEqn: DEVICE_POOL current=19126 MB  actual(reserved)=38146 MB  highWater=24414 MB
[GinkgoSolver] p-cache: reuse(update_matrix_value) solve=29 rebuildInterval=0
config(Cg+Schwarz(Multigrid)):  Solving for p, Initial residual = 0.0012867306254072204, Final residual = 1.2614224668867977e-05, No Iterations 28, Solve time = 233.443 ms
time step continuity errors : sum local = 3.1572682909277215e-06, global = -1.4089705050163499e-08, cumulative = -8.004686241376686e-07
[mem] after-pEqn: DEVICE_POOL current=19126 MB  actual(reserved)=38146 MB  highWater=24414 MB
[GinkgoSolver] p-cache: reuse(update_matrix_value) solve=29 rebuildInterval=0
Schwarz(Jacobi)+Bicgstab:  Solving for omega, Initial residual = 1.2788776681670672e-05, Final residual = 8.311758356215775e-07, No Iterations 2, Solve time = 13.61 ms
bounding omega, min: -55261.632481579065 max: 45355982.65901269 average: 6370.582406893733
[GinkgoSolver] p-cache: reuse(update_matrix_value) solve=29 rebuildInterval=0
Schwarz(Jacobi)+Bicgstab:  Solving for k, Initial residual = 0.00024386539215776555, Final residual = 1.2766212000908086e-05, No Iterations 2, Solve time = 13.59 ms
bounding k, min: -0.006097770770946604 max: 874.440082494875 average: 9.135627661648657
[mem] after-turb: DEVICE_POOL current=19126 MB  actual(reserved)=38146 MB  highWater=24414 MB
ExecutionTime = 66.72 s  ClockTime = 68 s

Time = 1030
[mem] step-start: DEVICE_POOL current=19126 MB  actual(reserved)=38146 MB  highWater=24414 MB
Schwarz(Jacobi)+Bicgstab:  Solving for Ux, Initial residual = 7.915644534558634e-05, Final residual = 2.5137902290453167e-06, No Iterations 3, Solve time = 45.569 ms
Schwarz(Jacobi)+Bicgstab:  Solving for Uy, Initial residual = 0.004160894609237026, Final residual = 0.00014657485650084872, No Iterations 3, Solve time = 45.569 ms
Schwarz(Jacobi)+Bicgstab:  Solving for Uz, Initial residual = 0.0011033200712406443, Final residual = 4.973983597376433e-05, No Iterations 3, Solve time = 45.569 ms
[mem] after-UEqn: DEVICE_POOL current=19126 MB  actual(reserved)=38146 MB  highWater=24414 MB
[GinkgoSolver] p-cache: reuse(update_matrix_value) solve=30 rebuildInterval=0
config(Cg+Schwarz(Multigrid)):  Solving for p, Initial residual = 0.0012843888382663322, Final residual = 1.2781871202642668e-05, No Iterations 41, Solve time = 329.345 ms
time step continuity errors : sum local = 3.199178737377996e-06, global = 1.874832155897872e-09, cumulative = -7.985937919817707e-07
[mem] after-pEqn: DEVICE_POOL current=19126 MB  actual(reserved)=38146 MB  highWater=24414 MB
[GinkgoSolver] p-cache: reuse(update_matrix_value) solve=30 rebuildInterval=0
Schwarz(Jacobi)+Bicgstab:  Solving for omega, Initial residual = 1.2796152352581e-05, Final residual = 1.0457237815797784e-06, No Iterations 2, Solve time = 13.68 ms
bounding omega, min: -280925.3179848395 max: 45355982.66641504 average: 6370.539997138437
[GinkgoSolver] p-cache: reuse(update_matrix_value) solve=30 rebuildInterval=0
Schwarz(Jacobi)+Bicgstab:  Solving for k, Initial residual = 0.00024417557318982065, Final residual = 1.3100798874792509e-05, No Iterations 2, Solve time = 13.607 ms
bounding k, min: -0.0017383484844839606 max: 873.8532995421295 average: 9.134850679127887
[mem] after-turb: DEVICE_POOL current=19126 MB  actual(reserved)=38146 MB  highWater=24414 MB
ExecutionTime = 67.59 s  ClockTime = 68 s

Time = 1031
[mem] step-start: DEVICE_POOL current=19126 MB  actual(reserved)=38146 MB  highWater=24414 MB
Schwarz(Jacobi)+Bicgstab:  Solving for Ux, Initial residual = 7.914786853990384e-05, Final residual = 3.0505525064193228e-06, No Iterations 3, Solve time = 45.545 ms
Schwarz(Jacobi)+Bicgstab:  Solving for Uy, Initial residual = 0.004168088296042784, Final residual = 0.00013825786932161564, No Iterations 3, Solve time = 45.545 ms
Schwarz(Jacobi)+Bicgstab:  Solving for Uz, Initial residual = 0.0011032462752624372, Final residual = 3.767191050359961e-05, No Iterations 3, Solve time = 45.545 ms
[mem] after-UEqn: DEVICE_POOL current=19126 MB  actual(reserved)=38146 MB  highWater=24414 MB
[GinkgoSolver] p-cache: reuse(update_matrix_value) solve=31 rebuildInterval=0
config(Cg+Schwarz(Multigrid)):  Solving for p, Initial residual = 0.0012863885673105487, Final residual = 1.2028608707049374e-05, No Iterations 40, Solve time = 318.283 ms
time step continuity errors : sum local = 3.010142135608674e-06, global = 7.368618370990914e-09, cumulative = -7.912251736107798e-07
[mem] after-pEqn: DEVICE_POOL current=19126 MB  actual(reserved)=38146 MB  highWater=24414 MB
[GinkgoSolver] p-cache: reuse(update_matrix_value) solve=31 rebuildInterval=0
Schwarz(Jacobi)+Bicgstab:  Solving for omega, Initial residual = 1.2937448602429055e-05, Final residual = 6.595001201037087e-07, No Iterations 2, Solve time = 13.641 ms
bounding omega, min: -51671.28688852832 max: 45355982.67671434 average: 6370.46591219932
[GinkgoSolver] p-cache: reuse(update_matrix_value) solve=31 rebuildInterval=0
Schwarz(Jacobi)+Bicgstab:  Solving for k, Initial residual = 0.00024448416612153336, Final residual = 1.3381416681224915e-05, No Iterations 2, Solve time = 13.62 ms
bounding k, min: -0.009730335462566547 max: 873.4220316480234 average: 9.134082134725553
[mem] after-turb: DEVICE_POOL current=19126 MB  actual(reserved)=38146 MB  highWater=24414 MB
ExecutionTime = 68.45 s  ClockTime = 69 s

Time = 1032
[mem] step-start: DEVICE_POOL current=19126 MB  actual(reserved)=38146 MB  highWater=24414 MB
Schwarz(Jacobi)+Bicgstab:  Solving for Ux, Initial residual = 7.915941320395604e-05, Final residual = 3.4570329649047293e-06, No Iterations 3, Solve time = 45.717 ms
Schwarz(Jacobi)+Bicgstab:  Solving for Uy, Initial residual = 0.004182622727427596, Final residual = 0.00013419457457683256, No Iterations 3, Solve time = 45.717 ms
Schwarz(Jacobi)+Bicgstab:  Solving for Uz, Initial residual = 0.0011013602080636314, Final residual = 3.7158050975513584e-05, No Iterations 3, Solve time = 45.717 ms
[mem] after-UEqn: DEVICE_POOL current=19126 MB  actual(reserved)=38146 MB  highWater=24414 MB
[GinkgoSolver] p-cache: reuse(update_matrix_value) solve=32 rebuildInterval=0
config(Cg+Schwarz(Multigrid)):  Solving for p, Initial residual = 0.0012872692664288438, Final residual = 1.2591949428813988e-05, No Iterations 24, Solve time = 205.097 ms
time step continuity errors : sum local = 3.1506495695273077e-06, global = -1.5417596396385624e-08, cumulative = -8.066427700071654e-07
[mem] after-pEqn: DEVICE_POOL current=19126 MB  actual(reserved)=38146 MB  highWater=24414 MB
[GinkgoSolver] p-cache: reuse(update_matrix_value) solve=32 rebuildInterval=0
Schwarz(Jacobi)+Bicgstab:  Solving for omega, Initial residual = 1.2790406925671822e-05, Final residual = 7.927274154806344e-07, No Iterations 2, Solve time = 13.625 ms
bounding omega, min: -51568.66553358935 max: 45355982.68780337 average: 6370.39515680943
[GinkgoSolver] p-cache: reuse(update_matrix_value) solve=32 rebuildInterval=0
Schwarz(Jacobi)+Bicgstab:  Solving for k, Initial residual = 0.00024487425020022253, Final residual = 1.3425239462003687e-05, No Iterations 2, Solve time = 13.592 ms
bounding k, min: -0.010377844834276506 max: 873.0302925572436 average: 9.133336262318354
[mem] after-turb: DEVICE_POOL current=19126 MB  actual(reserved)=38146 MB  highWater=24414 MB
ExecutionTime = 69.18000000000001 s  ClockTime = 70 s

Time = 1033
[mem] step-start: DEVICE_POOL current=19126 MB  actual(reserved)=38146 MB  highWater=24414 MB
Schwarz(Jacobi)+Bicgstab:  Solving for Ux, Initial residual = 7.917818316749366e-05, Final residual = 3.381790671984084e-06, No Iterations 3, Solve time = 45.669 ms
Schwarz(Jacobi)+Bicgstab:  Solving for Uy, Initial residual = 0.00419988246864794, Final residual = 0.00013503298487128096, No Iterations 3, Solve time = 45.669 ms
Schwarz(Jacobi)+Bicgstab:  Solving for Uz, Initial residual = 0.001099150089699088, Final residual = 3.446353446567265e-05, No Iterations 3, Solve time = 45.669 ms
[mem] after-UEqn: DEVICE_POOL current=19126 MB  actual(reserved)=38146 MB  highWater=24414 MB
[GinkgoSolver] p-cache: reuse(update_matrix_value) solve=33 rebuildInterval=0
config(Cg+Schwarz(Multigrid)):  Solving for p, Initial residual = 0.0012838972408701558, Final residual = 1.2814562402703783e-05, No Iterations 29, Solve time = 246.737 ms
time step continuity errors : sum local = 3.206236163883076e-06, global = -4.0289489410900554e-10, cumulative = -8.070456649012744e-07
[mem] after-pEqn: DEVICE_POOL current=19126 MB  actual(reserved)=38146 MB  highWater=24414 MB
[GinkgoSolver] p-cache: reuse(update_matrix_value) solve=33 rebuildInterval=0
Schwarz(Jacobi)+Bicgstab:  Solving for omega, Initial residual = 1.277100663661775e-05, Final residual = 8.098400717207366e-07, No Iterations 2, Solve time = 13.681 ms
bounding omega, min: -50641.097343418995 max: 45355982.69855498 average: 6370.372058777802
[GinkgoSolver] p-cache: reuse(update_matrix_value) solve=33 rebuildInterval=0
Schwarz(Jacobi)+Bicgstab:  Solving for k, Initial residual = 0.00024533593387325114, Final residual = 1.323463095814595e-05, No Iterations 2, Solve time = 13.68 ms
bounding k, min: -0.0025858501791252916 max: 872.8120592068516 average: 9.132599072947306
[mem] after-turb: DEVICE_POOL current=19126 MB  actual(reserved)=38146 MB  highWater=24414 MB
ExecutionTime = 69.97 s  ClockTime = 71 s

Time = 1034
[mem] step-start: DEVICE_POOL current=19126 MB  actual(reserved)=38146 MB  highWater=24414 MB
Schwarz(Jacobi)+Bicgstab:  Solving for Ux, Initial residual = 7.920468488555723e-05, Final residual = 4.452883930548018e-06, No Iterations 2, Solve time = 35.749 ms
Schwarz(Jacobi)+Bicgstab:  Solving for Uy, Initial residual = 0.004217890808028567, Final residual = 0.0005510781583833748, No Iterations 2, Solve time = 35.749 ms
Schwarz(Jacobi)+Bicgstab:  Solving for Uz, Initial residual = 0.0010973153148110008, Final residual = 7.466361766593392e-05, No Iterations 2, Solve time = 35.749 ms
[mem] after-UEqn: DEVICE_POOL current=19126 MB  actual(reserved)=38146 MB  highWater=24414 MB
[GinkgoSolver] p-cache: reuse(update_matrix_value) solve=34 rebuildInterval=0
config(Cg+Schwarz(Multigrid)):  Solving for p, Initial residual = 0.001292804750309299, Final residual = 1.2906604296199767e-05, No Iterations 32, Solve time = 269.775 ms
time step continuity errors : sum local = 3.2287807554267984e-06, global = 1.390892444216102e-08, cumulative = -7.931367404591134e-07
[mem] after-pEqn: DEVICE_POOL current=19126 MB  actual(reserved)=38146 MB  highWater=24414 MB
[GinkgoSolver] p-cache: reuse(update_matrix_value) solve=34 rebuildInterval=0
Schwarz(Jacobi)+Bicgstab:  Solving for omega, Initial residual = 1.2804851682379782e-05, Final residual = 8.311808740339853e-07, No Iterations 2, Solve time = 13.643 ms
bounding omega, min: -199071.88377989395 max: 45355982.70756392 average: 6370.3552286160575
[GinkgoSolver] p-cache: reuse(update_matrix_value) solve=34 rebuildInterval=0
Schwarz(Jacobi)+Bicgstab:  Solving for k, Initial residual = 0.0002461405908466823, Final residual = 1.267738403202083e-05, No Iterations 2, Solve time = 13.55 ms
bounding k, min: -0.0037021574972413845 max: 872.6472099136781 average: 9.131872528860068
[mem] after-turb: DEVICE_POOL current=19126 MB  actual(reserved)=38146 MB  highWater=24414 MB
ExecutionTime = 70.76000000000001 s  ClockTime = 72 s

Time = 1035
[mem] step-start: DEVICE_POOL current=19126 MB  actual(reserved)=38146 MB  highWater=24414 MB
Schwarz(Jacobi)+Bicgstab:  Solving for Ux, Initial residual = 7.947599849528084e-05, Final residual = 4.468166972699463e-06, No Iterations 2, Solve time = 35.862 ms
Schwarz(Jacobi)+Bicgstab:  Solving for Uy, Initial residual = 0.004206813966073959, Final residual = 0.000757524237872437, No Iterations 2, Solve time = 35.862 ms
Schwarz(Jacobi)+Bicgstab:  Solving for Uz, Initial residual = 0.0011020624653654745, Final residual = 7.130758177892969e-05, No Iterations 2, Solve time = 35.862 ms
[mem] after-UEqn: DEVICE_POOL current=19126 MB  actual(reserved)=38146 MB  highWater=24414 MB
[GinkgoSolver] p-cache: reuse(update_matrix_value) solve=35 rebuildInterval=0
config(Cg+Schwarz(Multigrid)):  Solving for p, Initial residual = 0.0012887114059579267, Final residual = 1.2773252213619818e-05, No Iterations 32, Solve time = 264.967 ms
time step continuity errors : sum local = 3.1950373263300485e-06, global = 1.4274050502845313e-08, cumulative = -7.78862689956268e-07
[mem] after-pEqn: DEVICE_POOL current=19126 MB  actual(reserved)=38146 MB  highWater=24414 MB
[GinkgoSolver] p-cache: reuse(update_matrix_value) solve=35 rebuildInterval=0
Schwarz(Jacobi)+Bicgstab:  Solving for omega, Initial residual = 1.282333699568254e-05, Final residual = 8.40018403059193e-07, No Iterations 2, Solve time = 13.647 ms
bounding omega, min: -48281.128285036364 max: 45355982.71293569 average: 6370.424183341172
[GinkgoSolver] p-cache: reuse(update_matrix_value) solve=35 rebuildInterval=0
Schwarz(Jacobi)+Bicgstab:  Solving for k, Initial residual = 0.0002463949975243765, Final residual = 1.2193523285182157e-05, No Iterations 2, Solve time = 13.644 ms
bounding k, min: -0.004161200845591285 max: 872.4656322868415 average: 9.131411592308304
[mem] after-turb: DEVICE_POOL current=19126 MB  actual(reserved)=38146 MB  highWater=24414 MB
ExecutionTime = 71.56 s  ClockTime = 72 s

Time = 1036
[mem] step-start: DEVICE_POOL current=19126 MB  actual(reserved)=38146 MB  highWater=24414 MB
Schwarz(Jacobi)+Bicgstab:  Solving for Ux, Initial residual = 7.944563701991457e-05, Final residual = 4.032151379836192e-06, No Iterations 3, Solve time = 45.575 ms
Schwarz(Jacobi)+Bicgstab:  Solving for Uy, Initial residual = 0.004264202602044015, Final residual = 0.00013681699988125204, No Iterations 3, Solve time = 45.575 ms
Schwarz(Jacobi)+Bicgstab:  Solving for Uz, Initial residual = 0.0011006713336577684, Final residual = 4.5252421862165894e-05, No Iterations 3, Solve time = 45.575 ms
[mem] after-UEqn: DEVICE_POOL current=19126 MB  actual(reserved)=38146 MB  highWater=24414 MB
[GinkgoSolver] p-cache: reuse(update_matrix_value) solve=36 rebuildInterval=0
config(Cg+Schwarz(Multigrid)):  Solving for p, Initial residual = 0.0012886145426099648, Final residual = 1.2452805667837382e-05, No Iterations 28, Solve time = 235.684 ms
time step continuity errors : sum local = 3.1148355121727527e-06, global = 1.1668604117729228e-08, cumulative = -7.671940858385389e-07
[mem] after-pEqn: DEVICE_POOL current=19126 MB  actual(reserved)=38146 MB  highWater=24414 MB
[GinkgoSolver] p-cache: reuse(update_matrix_value) solve=36 rebuildInterval=0
Schwarz(Jacobi)+Bicgstab:  Solving for omega, Initial residual = 1.28452782776133e-05, Final residual = 8.487908298707454e-07, No Iterations 2, Solve time = 13.627 ms
bounding omega, min: -47392.53686097398 max: 45355982.71459246 average: 6370.507810525078
[GinkgoSolver] p-cache: reuse(update_matrix_value) solve=36 rebuildInterval=0
Schwarz(Jacobi)+Bicgstab:  Solving for k, Initial residual = 0.00024690294547605695, Final residual = 1.2378357935825382e-05, No Iterations 2, Solve time = 13.618 ms
bounding k, min: -0.01144897828008682 max: 872.311246102074 average: 9.130908309169534
[mem] after-turb: DEVICE_POOL current=19126 MB  actual(reserved)=38146 MB  highWater=24414 MB
ExecutionTime = 72.33 s  ClockTime = 73 s

Time = 1037
[mem] step-start: DEVICE_POOL current=19126 MB  actual(reserved)=38146 MB  highWater=24414 MB
Schwarz(Jacobi)+Bicgstab:  Solving for Ux, Initial residual = 7.952624349550532e-05, Final residual = 4.343147309225443e-06, No Iterations 3, Solve time = 45.765 ms
Schwarz(Jacobi)+Bicgstab:  Solving for Uy, Initial residual = 0.004285409275482827, Final residual = 0.0001347617800011147, No Iterations 3, Solve time = 45.765 ms
Schwarz(Jacobi)+Bicgstab:  Solving for Uz, Initial residual = 0.0010990315189167061, Final residual = 3.590904613355751e-05, No Iterations 3, Solve time = 45.765 ms
[mem] after-UEqn: DEVICE_POOL current=19126 MB  actual(reserved)=38146 MB  highWater=24414 MB
[GinkgoSolver] p-cache: reuse(update_matrix_value) solve=37 rebuildInterval=0
config(Cg+Schwarz(Multigrid)):  Solving for p, Initial residual = 0.0012912944100298225, Final residual = 1.2676957873242557e-05, No Iterations 27, Solve time = 231.814 ms
time step continuity errors : sum local = 3.171040098780403e-06, global = 2.0675349268664455e-08, cumulative = -7.465187365698744e-07
[mem] after-pEqn: DEVICE_POOL current=19126 MB  actual(reserved)=38146 MB  highWater=24414 MB
[GinkgoSolver] p-cache: reuse(update_matrix_value) solve=37 rebuildInterval=0
Schwarz(Jacobi)+Bicgstab:  Solving for omega, Initial residual = 1.288148665352791e-05, Final residual = 8.620404926446781e-07, No Iterations 2, Solve time = 13.597 ms
bounding omega, min: -45439.67893613175 max: 45355982.710243054 average: 6370.586235255671
[GinkgoSolver] p-cache: reuse(update_matrix_value) solve=37 rebuildInterval=0
Schwarz(Jacobi)+Bicgstab:  Solving for k, Initial residual = 0.000247432992829298, Final residual = 1.2231501480579205e-05, No Iterations 2, Solve time = 13.607 ms
bounding k, min: -0.004880192352004988 max: 872.314045402365 average: 9.130440523308978
[mem] after-turb: DEVICE_POOL current=19126 MB  actual(reserved)=38146 MB  highWater=24414 MB
ExecutionTime = 73.09999999999999 s  ClockTime = 74 s

Time = 1038
[mem] step-start: DEVICE_POOL current=19126 MB  actual(reserved)=38146 MB  highWater=24414 MB
Schwarz(Jacobi)+Bicgstab:  Solving for Ux, Initial residual = 7.966290127852026e-05, Final residual = 4.3583863181134814e-06, No Iterations 3, Solve time = 45.618 ms
Schwarz(Jacobi)+Bicgstab:  Solving for Uy, Initial residual = 0.004299285871333467, Final residual = 0.00013582618908786955, No Iterations 3, Solve time = 45.618 ms
Schwarz(Jacobi)+Bicgstab:  Solving for Uz, Initial residual = 0.0010992217347210965, Final residual = 3.818398247565705e-05, No Iterations 3, Solve time = 45.618 ms
[mem] after-UEqn: DEVICE_POOL current=19126 MB  actual(reserved)=38146 MB  highWater=24414 MB
[GinkgoSolver] p-cache: reuse(update_matrix_value) solve=38 rebuildInterval=0
config(Cg+Schwarz(Multigrid)):  Solving for p, Initial residual = 0.001293152222810341, Final residual = 1.2895447455147868e-05, No Iterations 27, Solve time = 229.247 ms
time step continuity errors : sum local = 3.22618145986475e-06, global = 3.336381823564817e-08, cumulative = -7.131549183342262e-07
[mem] after-pEqn: DEVICE_POOL current=19126 MB  actual(reserved)=38146 MB  highWater=24414 MB
[GinkgoSolver] p-cache: reuse(update_matrix_value) solve=38 rebuildInterval=0
Schwarz(Jacobi)+Bicgstab:  Solving for omega, Initial residual = 1.2913321061742811e-05, Final residual = 8.729417662595491e-07, No Iterations 2, Solve time = 13.658 ms
bounding omega, min: -344457.530860428 max: 45355982.69893205 average: 6370.644466317904
[GinkgoSolver] p-cache: reuse(update_matrix_value) solve=38 rebuildInterval=0
Schwarz(Jacobi)+Bicgstab:  Solving for k, Initial residual = 0.00024793394196104935, Final residual = 1.1926419676559483e-05, No Iterations 2, Solve time = 13.589 ms
bounding k, min: -0.017058071108889704 max: 872.333098711166 average: 9.130037059984657
[mem] after-turb: DEVICE_POOL current=19126 MB  actual(reserved)=38146 MB  highWater=24414 MB
ExecutionTime = 73.87 s  ClockTime = 75 s

Time = 1039
[mem] step-start: DEVICE_POOL current=19126 MB  actual(reserved)=38146 MB  highWater=24414 MB
Schwarz(Jacobi)+Bicgstab:  Solving for Ux, Initial residual = 7.982035694996426e-05, Final residual = 5.391233643350237e-06, No Iterations 3, Solve time = 45.659 ms
Schwarz(Jacobi)+Bicgstab:  Solving for Uy, Initial residual = 0.004307130235350967, Final residual = 0.00013594852605534915, No Iterations 3, Solve time = 45.659 ms
Schwarz(Jacobi)+Bicgstab:  Solving for Uz, Initial residual = 0.0011015048225250096, Final residual = 3.533454068042075e-05, No Iterations 3, Solve time = 45.659 ms
[mem] after-UEqn: DEVICE_POOL current=19126 MB  actual(reserved)=38146 MB  highWater=24414 MB
[GinkgoSolver] p-cache: reuse(update_matrix_value) solve=39 rebuildInterval=0
config(Cg+Schwarz(Multigrid)):  Solving for p, Initial residual = 0.0012983206624780348, Final residual = 1.2882822031809794e-05, No Iterations 28, Solve time = 234.429 ms
time step continuity errors : sum local = 3.2238935583693605e-06, global = 5.27212615058414e-08, cumulative = -6.604336568283848e-07
[mem] after-pEqn: DEVICE_POOL current=19126 MB  actual(reserved)=38146 MB  highWater=24414 MB
[GinkgoSolver] p-cache: reuse(update_matrix_value) solve=39 rebuildInterval=0
Schwarz(Jacobi)+Bicgstab:  Solving for omega, Initial residual = 1.2954050806651636e-05, Final residual = 8.821294127955686e-07, No Iterations 2, Solve time = 13.641 ms
bounding omega, min: -46257.88456196748 max: 45355982.68169801 average: 6370.733407209611
[GinkgoSolver] p-cache: reuse(update_matrix_value) solve=39 rebuildInterval=0
Schwarz(Jacobi)+Bicgstab:  Solving for k, Initial residual = 0.0002484315586127253, Final residual = 1.1162088625172245e-05, No Iterations 2, Solve time = 13.621 ms
bounding k, min: -0.026818601160795708 max: 872.3190454152009 average: 9.129767178267782
[mem] after-turb: DEVICE_POOL current=19126 MB  actual(reserved)=38146 MB  highWater=24414 MB
ExecutionTime = 74.64 s  ClockTime = 76 s

Time = 1040
[mem] step-start: DEVICE_POOL current=19126 MB  actual(reserved)=38146 MB  highWater=24414 MB
Schwarz(Jacobi)+Bicgstab:  Solving for Ux, Initial residual = 8.007209364266875e-05, Final residual = 4.270417379933553e-06, No Iterations 3, Solve time = 45.665 ms
Schwarz(Jacobi)+Bicgstab:  Solving for Uy, Initial residual = 0.004312160898367544, Final residual = 0.00013705575903964816, No Iterations 3, Solve time = 45.665 ms
Schwarz(Jacobi)+Bicgstab:  Solving for Uz, Initial residual = 0.001104605202837302, Final residual = 4.093746816077511e-05, No Iterations 3, Solve time = 45.665 ms
[mem] after-UEqn: DEVICE_POOL current=19126 MB  actual(reserved)=38146 MB  highWater=24414 MB
[GinkgoSolver] p-cache: reuse(update_matrix_value) solve=40 rebuildInterval=0
config(Cg+Schwarz(Multigrid)):  Solving for p, Initial residual = 0.0012958670063212287, Final residual = 1.2861962662887633e-05, No Iterations 35, Solve time = 287.651 ms
time step continuity errors : sum local = 3.2201089097541934e-06, global = 9.153808686830389e-08, cumulative = -5.688955699600809e-07
[mem] after-pEqn: DEVICE_POOL current=19126 MB  actual(reserved)=38146 MB  highWater=24414 MB
[GinkgoSolver] p-cache: reuse(update_matrix_value) solve=40 rebuildInterval=0
Schwarz(Jacobi)+Bicgstab:  Solving for omega, Initial residual = 1.296613467116717e-05, Final residual = 8.866074254301266e-07, No Iterations 2, Solve time = 13.618 ms
bounding omega, min: -45495.11643400735 max: 45355982.66147493 average: 6370.766895943822
[GinkgoSolver] p-cache: reuse(update_matrix_value) solve=40 rebuildInterval=0
Schwarz(Jacobi)+Bicgstab:  Solving for k, Initial residual = 0.0002487440821622522, Final residual = 6.416506733283057e-06, No Iterations 3, Solve time = 16.905 ms
bounding k, min: -0.00011776416550135976 max: 872.2812348165602 average: 9.129581123088341
[mem] after-turb: DEVICE_POOL current=19126 MB  actual(reserved)=38146 MB  highWater=24414 MB
ExecutionTime = 75.48 s  ClockTime = 76 s

Time = 1041
[mem] step-start: DEVICE_POOL current=19126 MB  actual(reserved)=38146 MB  highWater=24414 MB
Schwarz(Jacobi)+Bicgstab:  Solving for Ux, Initial residual = 8.022635389511916e-05, Final residual = 4.564504113845913e-06, No Iterations 2, Solve time = 35.864 ms
Schwarz(Jacobi)+Bicgstab:  Solving for Uy, Initial residual = 0.004318372808219568, Final residual = 0.0007513992425000557, No Iterations 2, Solve time = 35.864 ms
Schwarz(Jacobi)+Bicgstab:  Solving for Uz, Initial residual = 0.0011083791965481229, Final residual = 7.43904584288432e-05, No Iterations 2, Solve time = 35.864 ms
[mem] after-UEqn: DEVICE_POOL current=19126 MB  actual(reserved)=38146 MB  highWater=24414 MB
[GinkgoSolver] p-cache: reuse(update_matrix_value) solve=41 rebuildInterval=0
config(Cg+Schwarz(Multigrid)):  Solving for p, Initial residual = 0.001314763462853906, Final residual = 1.3136150066881482e-05, No Iterations 36, Solve time = 293.245 ms
time step continuity errors : sum local = 3.292146429493296e-06, global = 1.1174948970952689e-07, cumulative = -4.5714608025055405e-07
[mem] after-pEqn: DEVICE_POOL current=19126 MB  actual(reserved)=38146 MB  highWater=24414 MB
[GinkgoSolver] p-cache: reuse(update_matrix_value) solve=41 rebuildInterval=0
Schwarz(Jacobi)+Bicgstab:  Solving for omega, Initial residual = 1.3002677838097435e-05, Final residual = 8.954399489773813e-07, No Iterations 2, Solve time = 13.632 ms
bounding omega, min: -44722.262576081324 max: 45355982.64270099 average: 6370.726909891259
[GinkgoSolver] p-cache: reuse(update_matrix_value) solve=41 rebuildInterval=0
Schwarz(Jacobi)+Bicgstab:  Solving for k, Initial residual = 0.0002487802924883117, Final residual = 1.514925452302773e-05, No Iterations 2, Solve time = 13.611 ms
bounding k, min: -0.0020322000184250216 max: 872.1105334016677 average: 9.129183581716648
[mem] after-turb: DEVICE_POOL current=19126 MB  actual(reserved)=38146 MB  highWater=24414 MB
ExecutionTime = 76.29000000000001 s  ClockTime = 77 s

Time = 1042
[mem] step-start: DEVICE_POOL current=19126 MB  actual(reserved)=38146 MB  highWater=24414 MB
Schwarz(Jacobi)+Bicgstab:  Solving for Ux, Initial residual = 8.055799075606236e-05, Final residual = 6.441567322860749e-06, No Iterations 3, Solve time = 45.806 ms
Schwarz(Jacobi)+Bicgstab:  Solving for Uy, Initial residual = 0.004290134665708327, Final residual = 0.00016650143080409853, No Iterations 3, Solve time = 45.806 ms
Schwarz(Jacobi)+Bicgstab:  Solving for Uz, Initial residual = 0.001117411888424085, Final residual = 5.88567518904216e-05, No Iterations 3, Solve time = 45.806 ms
[mem] after-UEqn: DEVICE_POOL current=19126 MB  actual(reserved)=38146 MB  highWater=24414 MB
[GinkgoSolver] p-cache: reuse(update_matrix_value) solve=42 rebuildInterval=0
config(Cg+Schwarz(Multigrid)):  Solving for p, Initial residual = 0.0013049777912318345, Final residual = 1.215217242528538e-05, No Iterations 38, Solve time = 333.157 ms
time step continuity errors : sum local = 3.049498824428817e-06, global = 1.0373265317791603e-07, cumulative = -3.5341342707263803e-07
[mem] after-pEqn: DEVICE_POOL current=19126 MB  actual(reserved)=38146 MB  highWater=24414 MB
[GinkgoSolver] p-cache: reuse(update_matrix_value) solve=42 rebuildInterval=0
Schwarz(Jacobi)+Bicgstab:  Solving for omega, Initial residual = 1.3102859772333517e-05, Final residual = 9.066854857497658e-07, No Iterations 2, Solve time = 13.56 ms
bounding omega, min: -239492.82562210105 max: 45355982.62398479 average: 6370.6669076567405
[GinkgoSolver] p-cache: reuse(update_matrix_value) solve=42 rebuildInterval=0
Schwarz(Jacobi)+Bicgstab:  Solving for k, Initial residual = 0.00024962448927291574, Final residual = 1.2414136424629228e-05, No Iterations 2, Solve time = 13.597 ms
bounding k, min: -0.007466099583481781 max: 871.9618992535364 average: 9.12913494486637
[mem] after-turb: DEVICE_POOL current=19126 MB  actual(reserved)=38146 MB  highWater=24414 MB
ExecutionTime = 77.17 s  ClockTime = 78 s

Time = 1043
[mem] step-start: DEVICE_POOL current=19126 MB  actual(reserved)=38146 MB  highWater=24414 MB
Schwarz(Jacobi)+Bicgstab:  Solving for Ux, Initial residual = 8.087139979411809e-05, Final residual = 5.160966075754906e-06, No Iterations 2, Solve time = 35.691 ms
Schwarz(Jacobi)+Bicgstab:  Solving for Uy, Initial residual = 0.0042921166613565185, Final residual = 0.0007448013892324358, No Iterations 2, Solve time = 35.691 ms
Schwarz(Jacobi)+Bicgstab:  Solving for Uz, Initial residual = 0.001121395145945385, Final residual = 7.660553887260752e-05, No Iterations 2, Solve time = 35.691 ms
[mem] after-UEqn: DEVICE_POOL current=19126 MB  actual(reserved)=38146 MB  highWater=24414 MB
[GinkgoSolver] p-cache: reuse(update_matrix_value) solve=43 rebuildInterval=0
config(Cg+Schwarz(Multigrid)):  Solving for p, Initial residual = 0.001304656417956422, Final residual = 1.3012959998019682e-05, No Iterations 39, Solve time = 324.787 ms
time step continuity errors : sum local = 3.27062371686609e-06, global = 7.207089623917926e-08, cumulative = -2.813425308334588e-07
[mem] after-pEqn: DEVICE_POOL current=19126 MB  actual(reserved)=38146 MB  highWater=24414 MB
[GinkgoSolver] p-cache: reuse(update_matrix_value) solve=43 rebuildInterval=0
Schwarz(Jacobi)+Bicgstab:  Solving for omega, Initial residual = 1.3099490029163453e-05, Final residual = 9.09118782603837e-07, No Iterations 2, Solve time = 13.638 ms
bounding omega, min: -45639.55119458044 max: 45355982.61038903 average: 6370.737875722215
[GinkgoSolver] p-cache: reuse(update_matrix_value) solve=43 rebuildInterval=0
Schwarz(Jacobi)+Bicgstab:  Solving for k, Initial residual = 0.0002498174035488599, Final residual = 1.2763342218890817e-05, No Iterations 2, Solve time = 13.638 ms
bounding k, min: -0.007356707685549434 max: 871.8607677196723 average: 9.1293508183834
[mem] after-turb: DEVICE_POOL current=19126 MB  actual(reserved)=38146 MB  highWater=24414 MB
ExecutionTime = 78.02 s  ClockTime = 79 s

Time = 1044
[mem] step-start: DEVICE_POOL current=19126 MB  actual(reserved)=38146 MB  highWater=24414 MB
Schwarz(Jacobi)+Bicgstab:  Solving for Ux, Initial residual = 8.076366886109096e-05, Final residual = 3.4707420758660187e-06, No Iterations 3, Solve time = 45.715 ms
Schwarz(Jacobi)+Bicgstab:  Solving for Uy, Initial residual = 0.004358869870676852, Final residual = 0.00014077123080946964, No Iterations 3, Solve time = 45.715 ms
Schwarz(Jacobi)+Bicgstab:  Solving for Uz, Initial residual = 0.0011206919595308491, Final residual = 4.999025245281906e-05, No Iterations 3, Solve time = 45.715 ms
[mem] after-UEqn: DEVICE_POOL current=19126 MB  actual(reserved)=38146 MB  highWater=24414 MB
[GinkgoSolver] p-cache: reuse(update_matrix_value) solve=44 rebuildInterval=0
config(Cg+Schwarz(Multigrid)):  Solving for p, Initial residual = 0.001298198178298013, Final residual = 1.215163122575387e-05, No Iterations 37, Solve time = 322.038 ms
time step continuity errors : sum local = 3.057880833969045e-06, global = 5.0532127675102626e-08, cumulative = -2.3081040315835616e-07
[mem] after-pEqn: DEVICE_POOL current=19126 MB  actual(reserved)=38146 MB  highWater=24414 MB
[GinkgoSolver] p-cache: reuse(update_matrix_value) solve=44 rebuildInterval=0
Schwarz(Jacobi)+Bicgstab:  Solving for omega, Initial residual = 1.3107948123060951e-05, Final residual = 9.04076238858712e-07, No Iterations 2, Solve time = 13.655 ms
bounding omega, min: -45904.49198924539 max: 45355982.60080002 average: 6370.742892425804
[GinkgoSolver] p-cache: reuse(update_matrix_value) solve=44 rebuildInterval=0
Schwarz(Jacobi)+Bicgstab:  Solving for k, Initial residual = 0.00025019046615514136, Final residual = 1.3467798912571496e-05, No Iterations 2, Solve time = 13.568 ms
bounding k, min: -0.012550727150735061 max: 871.7594725877103 average: 9.12946632057369
[mem] after-turb: DEVICE_POOL current=19126 MB  actual(reserved)=38146 MB  highWater=24414 MB
ExecutionTime = 78.88 s  ClockTime = 80 s

Time = 1045
[mem] step-start: DEVICE_POOL current=19126 MB  actual(reserved)=38146 MB  highWater=24414 MB
Schwarz(Jacobi)+Bicgstab:  Solving for Ux, Initial residual = 8.063119702720085e-05, Final residual = 5.565137187687397e-06, No Iterations 3, Solve time = 45.504 ms
Schwarz(Jacobi)+Bicgstab:  Solving for Uy, Initial residual = 0.004386323763198247, Final residual = 0.00014070736936387028, No Iterations 3, Solve time = 45.504 ms
Schwarz(Jacobi)+Bicgstab:  Solving for Uz, Initial residual = 0.0011185965463195375, Final residual = 3.774816518781962e-05, No Iterations 3, Solve time = 45.504 ms
[mem] after-UEqn: DEVICE_POOL current=19126 MB  actual(reserved)=38146 MB  highWater=24414 MB
[GinkgoSolver] p-cache: reuse(update_matrix_value) solve=45 rebuildInterval=0
config(Cg+Schwarz(Multigrid)):  Solving for p, Initial residual = 0.0012997829735135913, Final residual = 1.2611762259874461e-05, No Iterations 36, Solve time = 307.862 ms
time step continuity errors : sum local = 3.1747324775240193e-06, global = 2.1055186072637266e-08, cumulative = -2.097552170857189e-07
[mem] after-pEqn: DEVICE_POOL current=19126 MB  actual(reserved)=38146 MB  highWater=24414 MB
[GinkgoSolver] p-cache: reuse(update_matrix_value) solve=45 rebuildInterval=0
Schwarz(Jacobi)+Bicgstab:  Solving for omega, Initial residual = 1.3135826965450381e-05, Final residual = 9.106185675786084e-07, No Iterations 2, Solve time = 13.635 ms
bounding omega, min: -46248.139165195345 max: 45355982.59335617 average: 6370.761472950165
[GinkgoSolver] p-cache: reuse(update_matrix_value) solve=45 rebuildInterval=0
Schwarz(Jacobi)+Bicgstab:  Solving for k, Initial residual = 0.00025079631081276915, Final residual = 1.4224402972059499e-05, No Iterations 2, Solve time = 13.645 ms
bounding k, min: -0.018438623373974977 max: 871.4925614678693 average: 9.129690856596346
[mem] after-turb: DEVICE_POOL current=19126 MB  actual(reserved)=38146 MB  highWater=24414 MB
ExecutionTime = 79.73 s  ClockTime = 81 s

Time = 1046
[mem] step-start: DEVICE_POOL current=19126 MB  actual(reserved)=38146 MB  highWater=24414 MB
Schwarz(Jacobi)+Bicgstab:  Solving for Ux, Initial residual = 8.076155596679899e-05, Final residual = 3.7492343705633705e-06, No Iterations 3, Solve time = 45.527 ms
Schwarz(Jacobi)+Bicgstab:  Solving for Uy, Initial residual = 0.004407135103752249, Final residual = 0.0001418109037298513, No Iterations 3, Solve time = 45.527 ms
Schwarz(Jacobi)+Bicgstab:  Solving for Uz, Initial residual = 0.0011171843864056868, Final residual = 3.785914364441181e-05, No Iterations 3, Solve time = 45.527 ms
[mem] after-UEqn: DEVICE_POOL current=19126 MB  actual(reserved)=38146 MB  highWater=24414 MB
[GinkgoSolver] p-cache: reuse(update_matrix_value) solve=46 rebuildInterval=0
config(Cg+Schwarz(Multigrid)):  Solving for p, Initial residual = 0.0012931512789788563, Final residual = 1.286729921242279e-05, No Iterations 37, Solve time = 317.92 ms
time step continuity errors : sum local = 3.238399007512568e-06, global = -2.2314672452426783e-08, cumulative = -2.320698895381457e-07
[mem] after-pEqn: DEVICE_POOL current=19126 MB  actual(reserved)=38146 MB  highWater=24414 MB
[GinkgoSolver] p-cache: reuse(update_matrix_value) solve=46 rebuildInterval=0
Schwarz(Jacobi)+Bicgstab:  Solving for omega, Initial residual = 1.3142383003932862e-05, Final residual = 9.0815711009864e-07, No Iterations 2, Solve time = 13.665 ms
bounding omega, min: -186389.9239314023 max: 45355982.58851278 average: 6370.72158890311
[GinkgoSolver] p-cache: reuse(update_matrix_value) solve=46 rebuildInterval=0
Schwarz(Jacobi)+Bicgstab:  Solving for k, Initial residual = 0.0002511864500303107, Final residual = 1.446183127376659e-05, No Iterations 2, Solve time = 13.621 ms
bounding k, min: -0.0021336186720896134 max: 871.0919956664459 average: 9.12990353122296
[mem] after-turb: DEVICE_POOL current=19126 MB  actual(reserved)=38146 MB  highWater=24414 MB
ExecutionTime = 80.58 s  ClockTime = 82 s

Time = 1047
[mem] step-start: DEVICE_POOL current=19126 MB  actual(reserved)=38146 MB  highWater=24414 MB
Schwarz(Jacobi)+Bicgstab:  Solving for Ux, Initial residual = 8.074259485882284e-05, Final residual = 5.131485855820775e-06, No Iterations 3, Solve time = 45.754 ms
Schwarz(Jacobi)+Bicgstab:  Solving for Uy, Initial residual = 0.0044191223096137575, Final residual = 0.00014224378005820075, No Iterations 3, Solve time = 45.754 ms
Schwarz(Jacobi)+Bicgstab:  Solving for Uz, Initial residual = 0.001117483797883911, Final residual = 3.9192001545908455e-05, No Iterations 3, Solve time = 45.754 ms
[mem] after-UEqn: DEVICE_POOL current=19126 MB  actual(reserved)=38146 MB  highWater=24414 MB
[GinkgoSolver] p-cache: reuse(update_matrix_value) solve=47 rebuildInterval=0
config(Cg+Schwarz(Multigrid)):  Solving for p, Initial residual = 0.0012960504359824825, Final residual = 1.2818376141010117e-05, No Iterations 41, Solve time = 340.246 ms
time step continuity errors : sum local = 3.2228950068595025e-06, global = -6.931348707335896e-08, cumulative = -3.0138337661150467e-07
[mem] after-pEqn: DEVICE_POOL current=19126 MB  actual(reserved)=38146 MB  highWater=24414 MB
[GinkgoSolver] p-cache: reuse(update_matrix_value) solve=47 rebuildInterval=0
Schwarz(Jacobi)+Bicgstab:  Solving for omega, Initial residual = 1.3157947740911623e-05, Final residual = 9.064156942839886e-07, No Iterations 2, Solve time = 13.569 ms
bounding omega, min: -46977.028058876174 max: 45355982.5864199 average: 6370.725386456831
[GinkgoSolver] p-cache: reuse(update_matrix_value) solve=47 rebuildInterval=0
Schwarz(Jacobi)+Bicgstab:  Solving for k, Initial residual = 0.0002516783224331673, Final residual = 1.4083431050529138e-05, No Iterations 2, Solve time = 13.599 ms
bounding k, min: -0.004422296099118546 max: 870.7325189351537 average: 9.130233028572336
[mem] after-turb: DEVICE_POOL current=19126 MB  actual(reserved)=38146 MB  highWater=24414 MB
ExecutionTime = 81.45999999999999 s  ClockTime = 83 s

Time = 1048
[mem] step-start: DEVICE_POOL current=19126 MB  actual(reserved)=38146 MB  highWater=24414 MB
Schwarz(Jacobi)+Bicgstab:  Solving for Ux, Initial residual = 8.090342793206817e-05, Final residual = 3.523745608363943e-06, No Iterations 3, Solve time = 45.882 ms
Schwarz(Jacobi)+Bicgstab:  Solving for Uy, Initial residual = 0.004423263998180301, Final residual = 0.00014335960465748486, No Iterations 3, Solve time = 45.882 ms
Schwarz(Jacobi)+Bicgstab:  Solving for Uz, Initial residual = 0.0011193779093831484, Final residual = 4.565157932047004e-05, No Iterations 3, Solve time = 45.882 ms
[mem] after-UEqn: DEVICE_POOL current=19126 MB  actual(reserved)=38146 MB  highWater=24414 MB
[GinkgoSolver] p-cache: reuse(update_matrix_value) solve=48 rebuildInterval=0
config(Cg+Schwarz(Multigrid)):  Solving for p, Initial residual = 0.0012927984661915424, Final residual = 1.2534537755659124e-05, No Iterations 44, Solve time = 366.32 ms
time step continuity errors : sum local = 3.146531821222867e-06, global = -8.774378081742171e-08, cumulative = -3.8912715742892637e-07
[mem] after-pEqn: DEVICE_POOL current=19126 MB  actual(reserved)=38146 MB  highWater=24414 MB
[GinkgoSolver] p-cache: reuse(update_matrix_value) solve=48 rebuildInterval=0
Schwarz(Jacobi)+Bicgstab:  Solving for omega, Initial residual = 1.3141824088347992e-05, Final residual = 8.991795777907717e-07, No Iterations 2, Solve time = 13.624 ms
bounding omega, min: -47142.94927551096 max: 45355982.586950995 average: 6370.699621486655
[GinkgoSolver] p-cache: reuse(update_matrix_value) solve=48 rebuildInterval=0
Schwarz(Jacobi)+Bicgstab:  Solving for k, Initial residual = 0.00025194614573608365, Final residual = 1.3958653713542158e-05, No Iterations 2, Solve time = 13.634 ms
bounding k, min: -0.0022525519530627535 max: 870.5011830167551 average: 9.13055614873858
[mem] after-turb: DEVICE_POOL current=19126 MB  actual(reserved)=38146 MB  highWater=24414 MB
ExecutionTime = 82.36 s  ClockTime = 83 s

Time = 1049
[mem] step-start: DEVICE_POOL current=19126 MB  actual(reserved)=38146 MB  highWater=24414 MB
Schwarz(Jacobi)+Bicgstab:  Solving for Ux, Initial residual = 8.091868792619008e-05, Final residual = 4.712474245459226e-06, No Iterations 2, Solve time = 35.808 ms
Schwarz(Jacobi)+Bicgstab:  Solving for Uy, Initial residual = 0.004423083021875197, Final residual = 0.0005038775201301592, No Iterations 2, Solve time = 35.808 ms
Schwarz(Jacobi)+Bicgstab:  Solving for Uz, Initial residual = 0.0011225621046477277, Final residual = 7.54639625977648e-05, No Iterations 2, Solve time = 35.808 ms
[mem] after-UEqn: DEVICE_POOL current=19126 MB  actual(reserved)=38146 MB  highWater=24414 MB
[GinkgoSolver] p-cache: reuse(update_matrix_value) solve=49 rebuildInterval=0
config(Cg+Schwarz(Multigrid)):  Solving for p, Initial residual = 0.0013086949903430532, Final residual = 1.2377066075445332e-05, No Iterations 24, Solve time = 207.389 ms
time step continuity errors : sum local = 3.1004323520961086e-06, global = -1.2757109869624333e-07, cumulative = -5.166982561251698e-07
[mem] after-pEqn: DEVICE_POOL current=19126 MB  actual(reserved)=38146 MB  highWater=24414 MB
[GinkgoSolver] p-cache: reuse(update_matrix_value) solve=49 rebuildInterval=0
Schwarz(Jacobi)+Bicgstab:  Solving for omega, Initial residual = 1.3159509107948657e-05, Final residual = 9.032108560308017e-07, No Iterations 2, Solve time = 13.636 ms
bounding omega, min: -47424.840578650736 max: 45355982.589980975 average: 6370.67672705996
[GinkgoSolver] p-cache: reuse(update_matrix_value) solve=49 rebuildInterval=0
Schwarz(Jacobi)+Bicgstab:  Solving for k, Initial residual = 0.00025248091187279767, Final residual = 1.4084857659877543e-05, No Iterations 2, Solve time = 13.615 ms
bounding k, min: -0.002832071658793567 max: 870.1294662939713 average: 9.130877934657166
[mem] after-turb: DEVICE_POOL current=19126 MB  actual(reserved)=38146 MB  highWater=24414 MB
ExecutionTime = 83.09999999999999 s  ClockTime = 84 s

Time = 1050
[mem] step-start: DEVICE_POOL current=19126 MB  actual(reserved)=38146 MB  highWater=24414 MB
Schwarz(Jacobi)+Bicgstab:  Solving for Ux, Initial residual = 8.116427225132802e-05, Final residual = 4.776529003063664e-06, No Iterations 2, Solve time = 36.023 ms
Schwarz(Jacobi)+Bicgstab:  Solving for Uy, Initial residual = 0.004398432271388499, Final residual = 0.0007555792043149656, No Iterations 2, Solve time = 36.023 ms
Schwarz(Jacobi)+Bicgstab:  Solving for Uz, Initial residual = 0.001130122768131287, Final residual = 7.698356182295288e-05, No Iterations 2, Solve time = 36.023 ms
[mem] after-UEqn: DEVICE_POOL current=19126 MB  actual(reserved)=38146 MB  highWater=24414 MB
[GinkgoSolver] p-cache: reuse(update_matrix_value) solve=50 rebuildInterval=0
config(Cg+Schwarz(Multigrid)):  Solving for p, Initial residual = 0.0012982824001705824, Final residual = 1.278822750445948e-05, No Iterations 43, Solve time = 360.511 ms
time step continuity errors : sum local = 3.2020054156134156e-06, global = -7.552827501826526e-08, cumulative = -5.92226531143435e-07
[mem] after-pEqn: DEVICE_POOL current=19126 MB  actual(reserved)=38146 MB  highWater=24414 MB
[GinkgoSolver] p-cache: reuse(update_matrix_value) solve=50 rebuildInterval=0
Schwarz(Jacobi)+Bicgstab:  Solving for omega, Initial residual = 1.3169721180420092e-05, Final residual = 9.034829188895113e-07, No Iterations 2, Solve time = 13.625 ms
bounding omega, min: -128937.06086174467 max: 45355982.59610288 average: 6370.728759698184
[GinkgoSolver] p-cache: reuse(update_matrix_value) solve=50 rebuildInterval=0
Schwarz(Jacobi)+Bicgstab:  Solving for k, Initial residual = 0.00025254250527669296, Final residual = 1.412241888040969e-05, No Iterations 2, Solve time = 13.627 ms
bounding k, min: -0.0051578134750412535 max: 869.9292952614576 average: 9.131475803954011
[mem] after-turb: DEVICE_POOL current=19126 MB  actual(reserved)=38146 MB  highWater=24414 MB
Writing p
Writing U
Writing turbulence variables
ExecutionTime = 85.14 s  ClockTime = 87 s

Finalizing NeoN
Finalising parallel run
