/*---------------------------------------------------------------------------*\
| =========                 |                                                 |
| \\      /  F ield         | OpenFOAM: The Open Source CFD Toolbox           |
|  \\    /   O peration     | Version:  2506                                  |
|   \\  /    A nd           | Website:  www.openfoam.com                      |
|    \\/     M anipulation  |                                                 |
\*---------------------------------------------------------------------------*/
Build  : b050cd9480-20250814 OPENFOAM=2506 version=v2506
Arch   : "LSB;label=32;scalar=64"
Exec   : /storage/home/greole/code/NeoFOAM/build/profilingnvidia_h200/bin/neoSimpleFoam -parallel
Date   : Jul 17 2026
Time   : 10:26:57
Host   : gpu-nvidia-h200-3.int.coma-cluster.de
PID    : 205058
I/O    : uncollated
Case   : /storage/home/greole/code/NeoFOAM/occDrivAerStaticMesh
nProcs : 4
Hosts  :
(
    (gpu-nvidia-h200-3.int.coma-cluster.de 4)
)
Pstream initialized with:
    node communication : off [type=host] (4 ranks, 1 nodes)
    topology controls  : none
    consensus exchange : 0 (tuning: 0)
    exchange algorithm : 0
    commsType          : nonBlocking
    polling iterations : 0
trapFpe: Floating point exception trapping enabled (FOAM_SIGFPE).
fileModificationChecking : Monitoring run-time modified files using timeStampMaster (fileModificationSkew 5, maxFileModificationPolls 20)
allowSystemOperations : Allowing user-supplied system call operations

// * * * * * * * * * * * * * * * * * * * * * * * * * * * * * * * * * * * * * //
Create time

Initializing NeoN
Creating Executor GPU
Creating NeoFOAM runTime
GPU-aware MPI: library-available=yes, NeoN-flag=on, executor=GPUExecutor, ranks=4 -> used=yes

SIMPLE: no convergence criteria found. Calculations will run for 50 steps.

Reading field p

Reading field U

Reading/calculating face flux field phi

Selecting incompressible transport model Newtonian
NeoFOAM solver config (from fvSolution configFile) for 'config(Cg+Schwarz(Multigrid))':
{
    cacheSolver: true
    configFile: <NeoN::TokenList>
    l1ScaledResidual: true
    preconditionerRebuildInterval: 0
    relTol: 0.010000
    reportName: config(Cg+Schwarz(Multigrid))
    solver: Ginkgo
    tolerance: 0.000000
}
    effective optimize: false
    effective checkFrequency: 1
Mapping OpenFOAM solver settings to NeoN settings.
Currently, it is advisable to specify a configFile
for fine grained Ginkgo solver control

Replacing solver PBiCGStab by solver::Bicgstab
Replacing preconditioner diagonal by preconditioner::Schwarz (Schwarz-wrapped for distributed run)
NeoFOAM solver config (mapped from fvSolution) for 'Schwarz(Jacobi)+Bicgstab':
{
    cacheSolver: true
    criteria: {
        absolute_residual_norm: 0.000000
        initial_residual_norm: 0.100000
        iteration: 1000
    }
    l1ScaledResidual: true
    optimize: true
    preconditioner: {
        local_solver: {
            max_block_size: 1
            type: preconditioner::Jacobi
        }
        type: preconditioner::Schwarz
    }
    reportName: Schwarz(Jacobi)+Bicgstab
    solver: Ginkgo
    type: solver::Bicgstab
}
    effective optimize: true
    effective checkFrequency: 1
Creating phi

[NF][/storage/home/greole/code/NeoFOAM/include/NeoFOAM/auxiliary/readers.hpp::434]: Internal: 49333487, Boundary: 1754396

[NF][/storage/home/greole/code/NeoFOAM/include/NeoFOAM/auxiliary/readers.hpp::434]: Internal: 49320882, Boundary: 1762558

[NF][/storage/home/greole/code/NeoFOAM/include/NeoFOAM/auxiliary/readers.hpp::434]: Internal: 49261542, Boundary: 1427829

[NF][/storage/home/greole/code/NeoFOAM/include/NeoFOAM/auxiliary/readers.hpp::434]: Internal: 49243125, Boundary: 1362247
Selecting patchDistMethod meshWave
Mapping OpenFOAM solver settings to NeoN settings.
Currently, it is advisable to specify a configFile
for fine grained Ginkgo solver control

Replacing solver PBiCGStab by solver::Bicgstab
Replacing preconditioner diagonal by preconditioner::Schwarz (Schwarz-wrapped for distributed run)
NeoFOAM solver config (mapped from fvSolution) for 'Schwarz(Jacobi)+Bicgstab':
{
    cacheSolver: true
    criteria: {
        absolute_residual_norm: 0.000000
        initial_residual_norm: 0.100000
        iteration: 1000
    }
    l1ScaledResidual: true
    optimize: true
    preconditioner: {
        local_solver: {
            max_block_size: 1
            type: preconditioner::Jacobi
        }
        type: preconditioner::Schwarz
    }
    reportName: Schwarz(Jacobi)+Bicgstab
    solver: Ginkgo
    type: solver::Bicgstab
}
    effective optimize: true
    effective checkFrequency: 1
Mapping OpenFOAM solver settings to NeoN settings.
Currently, it is advisable to specify a configFile
for fine grained Ginkgo solver control

Replacing solver PBiCGStab by solver::Bicgstab
Replacing preconditioner diagonal by preconditioner::Schwarz (Schwarz-wrapped for distributed run)
NeoFOAM solver config (mapped from fvSolution) for 'Schwarz(Jacobi)+Bicgstab':
{
    cacheSolver: true
    criteria: {
        absolute_residual_norm: 0.000000
        initial_residual_norm: 0.100000
        iteration: 1000
    }
    l1ScaledResidual: true
    optimize: true
    preconditioner: {
        local_solver: {
            max_block_size: 1
            type: preconditioner::Jacobi
        }
        type: preconditioner::Schwarz
    }
    reportName: Schwarz(Jacobi)+Bicgstab
    solver: Ginkgo
    type: solver::Bicgstab
}
    effective optimize: true
    effective checkFrequency: 1
[mem] setup.end: DEVICE_POOL current=12979 MB  actual(reserved)=38146 MB  highWater=19132 MB
Starting time loop
Time = 1001
[mem] step-start: DEVICE_POOL current=12979 MB  actual(reserved)=38146 MB  highWater=19132 MB
Schwarz(Jacobi)+Bicgstab:  Solving for Ux, Initial residual = 7.91566280981522e-05, Final residual = 3.1179304544014957e-06, No Iterations 3, Solve time = 71.41 ms
Schwarz(Jacobi)+Bicgstab:  Solving for Uy, Initial residual = 0.004031496934770699, Final residual = 0.0001416085397544056, No Iterations 3, Solve time = 71.41 ms
Schwarz(Jacobi)+Bicgstab:  Solving for Uz, Initial residual = 0.0011224955775289299, Final residual = 4.8975426614137074e-05, No Iterations 3, Solve time = 71.41 ms
[mem] after-UEqn: DEVICE_POOL current=15473 MB  actual(reserved)=38146 MB  highWater=20761 MB
[GinkgoSolver] p-cache: rebuild(generate) solve=1 rebuildInterval=0
config(Cg+Schwarz(Multigrid)):  Solving for p, Initial residual = 0.0013092181241290612, Final residual = 1.2693234356234043e-05, No Iterations 21, Solve time = 377.531 ms
time step continuity errors : sum local = 3.2054635864808524e-06, global = 3.175269925362204e-08, cumulative = 3.175269925362204e-08
[mem] after-pEqn: DEVICE_POOL current=16941 MB  actual(reserved)=38146 MB  highWater=20761 MB
[GinkgoSolver] p-cache: rebuild(generate) solve=1 rebuildInterval=0
Schwarz(Jacobi)+Bicgstab:  Solving for omega, Initial residual = 1.3008505143017264e-05, Final residual = 9.269386521229873e-07, No Iterations 2, Solve time = 15.914 ms
bounding omega, min: -36003.15077804669 max: 45355982.77769652 average: 6373.864416456635
[GinkgoSolver] p-cache: rebuild(generate) solve=1 rebuildInterval=0
Schwarz(Jacobi)+Bicgstab:  Solving for k, Initial residual = 0.00024224202990880963, Final residual = 9.448740823305189e-06, No Iterations 3, Solve time = 19.287 ms
bounding k, min: -2.396270986215581e-05 max: 942.8716334580882 average: 9.152757268824537
[mem] after-turb: DEVICE_POOL current=19126 MB  actual(reserved)=38146 MB  highWater=21935 MB
ExecutionTime = 43.5 s  ClockTime = 44 s

Time = 1002
[mem] step-start: DEVICE_POOL current=19126 MB  actual(reserved)=38146 MB  highWater=21935 MB
Schwarz(Jacobi)+Bicgstab:  Solving for Ux, Initial residual = 7.875629118457774e-05, Final residual = 2.9922235091305413e-06, No Iterations 3, Solve time = 45.8 ms
Schwarz(Jacobi)+Bicgstab:  Solving for Uy, Initial residual = 0.004033881068692931, Final residual = 0.00014050504476606214, No Iterations 3, Solve time = 45.8 ms
Schwarz(Jacobi)+Bicgstab:  Solving for Uz, Initial residual = 0.0011190784193553347, Final residual = 4.116359712534312e-05, No Iterations 3, Solve time = 45.8 ms
[mem] after-UEqn: DEVICE_POOL current=19126 MB  actual(reserved)=38146 MB  highWater=24414 MB
[GinkgoSolver] p-cache: reuse(update_matrix_value) solve=2 rebuildInterval=0
config(Cg+Schwarz(Multigrid)):  Solving for p, Initial residual = 0.0012782329486889616, Final residual = 1.0558545965589813e-05, No Iterations 18, Solve time = 246.047 ms
time step continuity errors : sum local = 2.668630933127318e-06, global = 2.722283361132687e-08, cumulative = 5.8975532864948906e-08
[mem] after-pEqn: DEVICE_POOL current=19126 MB  actual(reserved)=38146 MB  highWater=24414 MB
[GinkgoSolver] p-cache: reuse(update_matrix_value) solve=2 rebuildInterval=0
Schwarz(Jacobi)+Bicgstab:  Solving for omega, Initial residual = 1.3120122133656892e-05, Final residual = 8.756698676253591e-07, No Iterations 2, Solve time = 13.675 ms
bounding omega, min: -93641.14997134932 max: 45355982.85233016 average: 6373.584869549425
[GinkgoSolver] p-cache: reuse(update_matrix_value) solve=2 rebuildInterval=0
Schwarz(Jacobi)+Bicgstab:  Solving for k, Initial residual = 0.00024149322436056337, Final residual = 1.1407239118538768e-05, No Iterations 2, Solve time = 13.613 ms
bounding k, min: -0.0002932965126167721 max: 934.4405415121869 average: 9.1524903461787
[mem] after-turb: DEVICE_POOL current=19126 MB  actual(reserved)=38146 MB  highWater=24414 MB
ExecutionTime = 44.28 s  ClockTime = 45 s

Time = 1003
[mem] step-start: DEVICE_POOL current=19126 MB  actual(reserved)=38146 MB  highWater=24414 MB
Schwarz(Jacobi)+Bicgstab:  Solving for Ux, Initial residual = 7.858221751710086e-05, Final residual = 2.4108565246406202e-06, No Iterations 3, Solve time = 45.613 ms
Schwarz(Jacobi)+Bicgstab:  Solving for Uy, Initial residual = 0.004030442417394001, Final residual = 0.00013658995482791156, No Iterations 3, Solve time = 45.613 ms
Schwarz(Jacobi)+Bicgstab:  Solving for Uz, Initial residual = 0.0011176763338303316, Final residual = 3.9095174953445277e-05, No Iterations 3, Solve time = 45.613 ms
[mem] after-UEqn: DEVICE_POOL current=19126 MB  actual(reserved)=38146 MB  highWater=24414 MB
[GinkgoSolver] p-cache: reuse(update_matrix_value) solve=3 rebuildInterval=0
config(Cg+Schwarz(Multigrid)):  Solving for p, Initial residual = 0.0012687664004470496, Final residual = 1.2046001803475685e-05, No Iterations 17, Solve time = 234.674 ms
time step continuity errors : sum local = 3.0456417981570762e-06, global = 1.932231386128959e-08, cumulative = 7.829784672623849e-08
[mem] after-pEqn: DEVICE_POOL current=19126 MB  actual(reserved)=38146 MB  highWater=24414 MB
[GinkgoSolver] p-cache: reuse(update_matrix_value) solve=3 rebuildInterval=0
Schwarz(Jacobi)+Bicgstab:  Solving for omega, Initial residual = 1.2976389285293455e-05, Final residual = 8.494797965227468e-07, No Iterations 2, Solve time = 13.622 ms
bounding omega, min: -36166.81915485816 max: 45355982.94078176 average: 6373.455630520757
[GinkgoSolver] p-cache: reuse(update_matrix_value) solve=3 rebuildInterval=0
Schwarz(Jacobi)+Bicgstab:  Solving for k, Initial residual = 0.00024127544920625945, Final residual = 1.3104606395037249e-05, No Iterations 2, Solve time = 13.62 ms
bounding k, min: -0.0006913042823360627 max: 922.3805700826556 average: 9.152317548488671
[mem] after-turb: DEVICE_POOL current=19126 MB  actual(reserved)=38146 MB  highWater=24414 MB
ExecutionTime = 45.06 s  ClockTime = 45 s

Time = 1004
[mem] step-start: DEVICE_POOL current=19126 MB  actual(reserved)=38146 MB  highWater=24414 MB
Schwarz(Jacobi)+Bicgstab:  Solving for Ux, Initial residual = 7.847423224407837e-05, Final residual = 2.05032263321214e-06, No Iterations 3, Solve time = 45.743 ms
Schwarz(Jacobi)+Bicgstab:  Solving for Uy, Initial residual = 0.0040250388987644456, Final residual = 0.00013301934316990542, No Iterations 3, Solve time = 45.743 ms
Schwarz(Jacobi)+Bicgstab:  Solving for Uz, Initial residual = 0.0011173414042364984, Final residual = 4.1184197716279964e-05, No Iterations 3, Solve time = 45.743 ms
[mem] after-UEqn: DEVICE_POOL current=19126 MB  actual(reserved)=38146 MB  highWater=24414 MB
[GinkgoSolver] p-cache: reuse(update_matrix_value) solve=4 rebuildInterval=0
config(Cg+Schwarz(Multigrid)):  Solving for p, Initial residual = 0.001265850412636947, Final residual = 1.2224398379513392e-05, No Iterations 16, Solve time = 225.4 ms
time step continuity errors : sum local = 3.0911680341014614e-06, global = 1.0385279632604778e-08, cumulative = 8.868312635884327e-08
[mem] after-pEqn: DEVICE_POOL current=19126 MB  actual(reserved)=38146 MB  highWater=24414 MB
[GinkgoSolver] p-cache: reuse(update_matrix_value) solve=4 rebuildInterval=0
Schwarz(Jacobi)+Bicgstab:  Solving for omega, Initial residual = 1.2864904931513102e-05, Final residual = 8.407724476086692e-07, No Iterations 2, Solve time = 13.639 ms
bounding omega, min: -34547.4031262998 max: 45355983.02709882 average: 6373.6034275723505
[GinkgoSolver] p-cache: reuse(update_matrix_value) solve=4 rebuildInterval=0
Schwarz(Jacobi)+Bicgstab:  Solving for k, Initial residual = 0.00024123892264714733, Final residual = 1.3707718333467768e-05, No Iterations 2, Solve time = 14.817 ms
bounding k, min: -0.005387088419421392 max: 907.6018012186903 average: 9.152103194750618
[mem] after-turb: DEVICE_POOL current=19126 MB  actual(reserved)=38146 MB  highWater=24414 MB
ExecutionTime = 45.83 s  ClockTime = 46 s

Time = 1005
[mem] step-start: DEVICE_POOL current=19126 MB  actual(reserved)=38146 MB  highWater=24414 MB
Schwarz(Jacobi)+Bicgstab:  Solving for Ux, Initial residual = 7.836003803436844e-05, Final residual = 3.876574135350546e-06, No Iterations 2, Solve time = 35.844 ms
Schwarz(Jacobi)+Bicgstab:  Solving for Uy, Initial residual = 0.004019312051068733, Final residual = 0.00024988290628495495, No Iterations 2, Solve time = 35.844 ms
Schwarz(Jacobi)+Bicgstab:  Solving for Uz, Initial residual = 0.001117541455465278, Final residual = 6.35867215360866e-05, No Iterations 2, Solve time = 35.844 ms
[mem] after-UEqn: DEVICE_POOL current=19126 MB  actual(reserved)=38146 MB  highWater=24414 MB
[GinkgoSolver] p-cache: reuse(update_matrix_value) solve=5 rebuildInterval=0
config(Cg+Schwarz(Multigrid)):  Solving for p, Initial residual = 0.0012718416806492402, Final residual = 1.1588198769096734e-05, No Iterations 31, Solve time = 407.46 ms
time step continuity errors : sum local = 2.9302108147960017e-06, global = -2.6966525293676514e-08, cumulative = 6.171660106516675e-08
[mem] after-pEqn: DEVICE_POOL current=19126 MB  actual(reserved)=38146 MB  highWater=24414 MB
[GinkgoSolver] p-cache: reuse(update_matrix_value) solve=5 rebuildInterval=0
Schwarz(Jacobi)+Bicgstab:  Solving for omega, Initial residual = 1.2847241492121446e-05, Final residual = 8.455092547911853e-07, No Iterations 2, Solve time = 13.667 ms
bounding omega, min: -35203.40529319317 max: 45355983.09533 average: 6373.771948454338
[GinkgoSolver] p-cache: reuse(update_matrix_value) solve=5 rebuildInterval=0
Schwarz(Jacobi)+Bicgstab:  Solving for k, Initial residual = 0.00024164380846952084, Final residual = 1.3725702792615007e-05, No Iterations 2, Solve time = 13.658 ms
bounding k, min: -0.0023141578789754452 max: 900.3662936997421 average: 9.151933825596199
[mem] after-turb: DEVICE_POOL current=19126 MB  actual(reserved)=38146 MB  highWater=24414 MB
ExecutionTime = 46.76 s  ClockTime = 47 s

Time = 1006
[mem] step-start: DEVICE_POOL current=19126 MB  actual(reserved)=38146 MB  highWater=24414 MB
Schwarz(Jacobi)+Bicgstab:  Solving for Ux, Initial residual = 7.844924954853386e-05, Final residual = 2.4642046127635797e-06, No Iterations 3, Solve time = 45.779 ms
Schwarz(Jacobi)+Bicgstab:  Solving for Uy, Initial residual = 0.0040112758701279765, Final residual = 0.00015327632687493515, No Iterations 3, Solve time = 45.779 ms
Schwarz(Jacobi)+Bicgstab:  Solving for Uz, Initial residual = 0.0011190577489338834, Final residual = 6.152933226798751e-05, No Iterations 3, Solve time = 45.779 ms
[mem] after-UEqn: DEVICE_POOL current=19126 MB  actual(reserved)=38146 MB  highWater=24414 MB
[GinkgoSolver] p-cache: reuse(update_matrix_value) solve=6 rebuildInterval=0
config(Cg+Schwarz(Multigrid)):  Solving for p, Initial residual = 0.001272188789832424, Final residual = 1.2237393153250684e-05, No Iterations 26, Solve time = 341.437 ms
time step continuity errors : sum local = 3.0894987220369375e-06, global = -4.0800255539789725e-08, cumulative = 2.0916345525377024e-08
[mem] after-pEqn: DEVICE_POOL current=19126 MB  actual(reserved)=38146 MB  highWater=24414 MB
[GinkgoSolver] p-cache: reuse(update_matrix_value) solve=6 rebuildInterval=0
Schwarz(Jacobi)+Bicgstab:  Solving for omega, Initial residual = 1.281011743935142e-05, Final residual = 8.412896606206821e-07, No Iterations 2, Solve time = 13.65 ms
bounding omega, min: -128464.48992487896 max: 45355983.13252561 average: 6373.92846385769
[GinkgoSolver] p-cache: reuse(update_matrix_value) solve=6 rebuildInterval=0
Schwarz(Jacobi)+Bicgstab:  Solving for k, Initial residual = 0.00024171149503781858, Final residual = 1.3491230089808407e-05, No Iterations 2, Solve time = 13.641 ms
bounding k, min: -0.0023565748613627313 max: 894.5756970826774 average: 9.151720000769151
[mem] after-turb: DEVICE_POOL current=19126 MB  actual(reserved)=38146 MB  highWater=24414 MB
ExecutionTime = 47.66 s  ClockTime = 48 s

Time = 1007
[mem] step-start: DEVICE_POOL current=19126 MB  actual(reserved)=38146 MB  highWater=24414 MB
Schwarz(Jacobi)+Bicgstab:  Solving for Ux, Initial residual = 7.839057300411258e-05, Final residual = 4.257260104906685e-06, No Iterations 2, Solve time = 35.833 ms
Schwarz(Jacobi)+Bicgstab:  Solving for Uy, Initial residual = 0.0040087813104710485, Final residual = 0.0004988022652160043, No Iterations 2, Solve time = 35.833 ms
Schwarz(Jacobi)+Bicgstab:  Solving for Uz, Initial residual = 0.001119853393607264, Final residual = 7.038925881871709e-05, No Iterations 2, Solve time = 35.833 ms
[mem] after-UEqn: DEVICE_POOL current=19126 MB  actual(reserved)=38146 MB  highWater=24414 MB
[GinkgoSolver] p-cache: reuse(update_matrix_value) solve=7 rebuildInterval=0
config(Cg+Schwarz(Multigrid)):  Solving for p, Initial residual = 0.0012861993342048153, Final residual = 1.2308158463777707e-05, No Iterations 15, Solve time = 214.961 ms
time step continuity errors : sum local = 3.104271968363388e-06, global = -3.6807549811587933e-08, cumulative = -1.589120428621091e-08
[mem] after-pEqn: DEVICE_POOL current=19126 MB  actual(reserved)=38146 MB  highWater=24414 MB
[GinkgoSolver] p-cache: reuse(update_matrix_value) solve=7 rebuildInterval=0
Schwarz(Jacobi)+Bicgstab:  Solving for omega, Initial residual = 1.2812070747376258e-05, Final residual = 8.378186092765269e-07, No Iterations 2, Solve time = 13.648 ms
bounding omega, min: -33982.89236520903 max: 45355983.127294056 average: 6374.065637261222
[GinkgoSolver] p-cache: reuse(update_matrix_value) solve=7 rebuildInterval=0
Schwarz(Jacobi)+Bicgstab:  Solving for k, Initial residual = 0.00024220347536439785, Final residual = 1.341364820076127e-05, No Iterations 2, Solve time = 13.626 ms
bounding k, min: -0.0009472043981769152 max: 892.9096665035627 average: 9.151417197951336
[mem] after-turb: DEVICE_POOL current=19126 MB  actual(reserved)=38146 MB  highWater=24414 MB
ExecutionTime = 48.4 s  ClockTime = 49 s

Time = 1008
[mem] step-start: DEVICE_POOL current=19126 MB  actual(reserved)=38146 MB  highWater=24414 MB
Schwarz(Jacobi)+Bicgstab:  Solving for Ux, Initial residual = 7.856776975104145e-05, Final residual = 4.2834371865963946e-06, No Iterations 2, Solve time = 35.885 ms
Schwarz(Jacobi)+Bicgstab:  Solving for Uy, Initial residual = 0.003987787719108641, Final residual = 0.0007337083419611743, No Iterations 2, Solve time = 35.885 ms
Schwarz(Jacobi)+Bicgstab:  Solving for Uz, Initial residual = 0.0011229164398269774, Final residual = 6.367595718933839e-05, No Iterations 2, Solve time = 35.885 ms
[mem] after-UEqn: DEVICE_POOL current=19126 MB  actual(reserved)=38146 MB  highWater=24414 MB
[GinkgoSolver] p-cache: reuse(update_matrix_value) solve=8 rebuildInterval=0
config(Cg+Schwarz(Multigrid)):  Solving for p, Initial residual = 0.0012818603940039724, Final residual = 1.189078362310078e-05, No Iterations 16, Solve time = 226.037 ms
time step continuity errors : sum local = 2.9985670908417168e-06, global = -5.4586527927582004e-08, cumulative = -7.047773221379291e-08
[mem] after-pEqn: DEVICE_POOL current=19126 MB  actual(reserved)=38146 MB  highWater=24414 MB
[GinkgoSolver] p-cache: reuse(update_matrix_value) solve=8 rebuildInterval=0
Schwarz(Jacobi)+Bicgstab:  Solving for omega, Initial residual = 1.2781378588546968e-05, Final residual = 8.353363837405482e-07, No Iterations 2, Solve time = 13.633 ms
bounding omega, min: -37458.793057420895 max: 45355983.062658004 average: 6374.173887246906
[GinkgoSolver] p-cache: reuse(update_matrix_value) solve=8 rebuildInterval=0
Schwarz(Jacobi)+Bicgstab:  Solving for k, Initial residual = 0.00024211220054034196, Final residual = 1.3450548698763146e-05, No Iterations 2, Solve time = 13.662 ms
bounding k, min: -0.0008839771706396667 max: 891.4649392603626 average: 9.15122143865352
[mem] after-turb: DEVICE_POOL current=19126 MB  actual(reserved)=38146 MB  highWater=24414 MB
ExecutionTime = 49.16 s  ClockTime = 50 s

Time = 1009
[mem] step-start: DEVICE_POOL current=19126 MB  actual(reserved)=38146 MB  highWater=24414 MB
Schwarz(Jacobi)+Bicgstab:  Solving for Ux, Initial residual = 7.841440764784315e-05, Final residual = 2.5988957393392076e-06, No Iterations 3, Solve time = 45.759 ms
Schwarz(Jacobi)+Bicgstab:  Solving for Uy, Initial residual = 0.0040380210797661435, Final residual = 0.00013477950914251688, No Iterations 3, Solve time = 45.759 ms
Schwarz(Jacobi)+Bicgstab:  Solving for Uz, Initial residual = 0.0011164543667755785, Final residual = 0.00013032555134782827, No Iterations 3, Solve time = 45.759 ms
[mem] after-UEqn: DEVICE_POOL current=19126 MB  actual(reserved)=38146 MB  highWater=24414 MB
[GinkgoSolver] p-cache: reuse(update_matrix_value) solve=9 rebuildInterval=0
config(Cg+Schwarz(Multigrid)):  Solving for p, Initial residual = 0.0012947636246583042, Final residual = 1.1983991294331175e-05, No Iterations 36, Solve time = 472.313 ms
time step continuity errors : sum local = 3.021058243943335e-06, global = -3.035946143250384e-08, cumulative = -1.0083719364629676e-07
[mem] after-pEqn: DEVICE_POOL current=19126 MB  actual(reserved)=38146 MB  highWater=24414 MB
[GinkgoSolver] p-cache: reuse(update_matrix_value) solve=9 rebuildInterval=0
Schwarz(Jacobi)+Bicgstab:  Solving for omega, Initial residual = 1.2745094104941549e-05, Final residual = 8.339737065552309e-07, No Iterations 2, Solve time = 13.705 ms
bounding omega, min: -38334.242865224165 max: 45355982.899340615 average: 6374.210869323248
[GinkgoSolver] p-cache: reuse(update_matrix_value) solve=9 rebuildInterval=0
Schwarz(Jacobi)+Bicgstab:  Solving for k, Initial residual = 0.00024222467610824684, Final residual = 1.3342203105376812e-05, No Iterations 2, Solve time = 13.662 ms
bounding k, min: -0.0014953733755544603 max: 892.0113867573596 average: 9.150610319284036
[mem] after-turb: DEVICE_POOL current=19126 MB  actual(reserved)=38146 MB  highWater=24414 MB
ExecutionTime = 50.17 s  ClockTime = 51 s

Time = 1010
[mem] step-start: DEVICE_POOL current=19126 MB  actual(reserved)=38146 MB  highWater=24414 MB
Schwarz(Jacobi)+Bicgstab:  Solving for Ux, Initial residual = 7.837635458865649e-05, Final residual = 2.8816813616457846e-06, No Iterations 3, Solve time = 45.722 ms
Schwarz(Jacobi)+Bicgstab:  Solving for Uy, Initial residual = 0.004061636902798228, Final residual = 0.00013573083363183457, No Iterations 3, Solve time = 45.722 ms
Schwarz(Jacobi)+Bicgstab:  Solving for Uz, Initial residual = 0.001099590431971867, Final residual = 4.429949186455325e-05, No Iterations 3, Solve time = 45.722 ms
[mem] after-UEqn: DEVICE_POOL current=19126 MB  actual(reserved)=38146 MB  highWater=24414 MB
[GinkgoSolver] p-cache: reuse(update_matrix_value) solve=10 rebuildInterval=0
config(Cg+Schwarz(Multigrid)):  Solving for p, Initial residual = 0.0012780744203653397, Final residual = 1.2376642197494779e-05, No Iterations 21, Solve time = 277.475 ms
time step continuity errors : sum local = 3.1122323377463245e-06, global = -6.690599040955584e-08, cumulative = -1.677431840558526e-07
[mem] after-pEqn: DEVICE_POOL current=19126 MB  actual(reserved)=38146 MB  highWater=24414 MB
[GinkgoSolver] p-cache: reuse(update_matrix_value) solve=10 rebuildInterval=0
Schwarz(Jacobi)+Bicgstab:  Solving for omega, Initial residual = 1.272311058273848e-05, Final residual = 8.332496349222762e-07, No Iterations 2, Solve time = 13.641 ms
bounding omega, min: -165377.83848352067 max: 45355982.672942184 average: 6374.175255824581
[GinkgoSolver] p-cache: reuse(update_matrix_value) solve=10 rebuildInterval=0
Schwarz(Jacobi)+Bicgstab:  Solving for k, Initial residual = 0.000242253680718008, Final residual = 1.316000396367429e-05, No Iterations 2, Solve time = 13.564 ms
bounding k, min: -0.001910705432945456 max: 892.0197115630563 average: 9.149972959341168
[mem] after-turb: DEVICE_POOL current=19126 MB  actual(reserved)=38146 MB  highWater=24414 MB
ExecutionTime = 50.99 s  ClockTime = 52 s

Time = 1011
[mem] step-start: DEVICE_POOL current=19126 MB  actual(reserved)=38146 MB  highWater=24414 MB
Schwarz(Jacobi)+Bicgstab:  Solving for Ux, Initial residual = 7.832465943665066e-05, Final residual = 3.2829553336047652e-06, No Iterations 3, Solve time = 45.75 ms
Schwarz(Jacobi)+Bicgstab:  Solving for Uy, Initial residual = 0.004074636446202242, Final residual = 0.0001372411906411159, No Iterations 3, Solve time = 45.75 ms
Schwarz(Jacobi)+Bicgstab:  Solving for Uz, Initial residual = 0.001092855830557372, Final residual = 4.105896645964083e-05, No Iterations 3, Solve time = 45.75 ms
[mem] after-UEqn: DEVICE_POOL current=19126 MB  actual(reserved)=38146 MB  highWater=24414 MB
[GinkgoSolver] p-cache: reuse(update_matrix_value) solve=11 rebuildInterval=0
config(Cg+Schwarz(Multigrid)):  Solving for p, Initial residual = 0.0012721694674640834, Final residual = 1.269205832957531e-05, No Iterations 17, Solve time = 237.803 ms
time step continuity errors : sum local = 3.190018124704215e-06, global = -6.341509572653259e-08, cumulative = -2.3115827978238519e-07
[mem] after-pEqn: DEVICE_POOL current=19126 MB  actual(reserved)=38146 MB  highWater=24414 MB
[GinkgoSolver] p-cache: reuse(update_matrix_value) solve=11 rebuildInterval=0
Schwarz(Jacobi)+Bicgstab:  Solving for omega, Initial residual = 1.2709723250083643e-05, Final residual = 8.284154445044588e-07, No Iterations 2, Solve time = 13.646 ms
bounding omega, min: -42838.94488816485 max: 45355982.667619035 average: 6374.108455000908
[GinkgoSolver] p-cache: reuse(update_matrix_value) solve=11 rebuildInterval=0
Schwarz(Jacobi)+Bicgstab:  Solving for k, Initial residual = 0.00024227547726760157, Final residual = 1.2661245239874313e-05, No Iterations 2, Solve time = 13.592 ms
bounding k, min: -0.0005427231274041482 max: 892.7791492086744 average: 9.149264773696753
[mem] after-turb: DEVICE_POOL current=19126 MB  actual(reserved)=38146 MB  highWater=24414 MB
ExecutionTime = 51.78 s  ClockTime = 52 s

Time = 1012
[mem] step-start: DEVICE_POOL current=19126 MB  actual(reserved)=38146 MB  highWater=24414 MB
Schwarz(Jacobi)+Bicgstab:  Solving for Ux, Initial residual = 7.832211420740746e-05, Final residual = 4.2428257195400336e-06, No Iterations 2, Solve time = 35.923 ms
Schwarz(Jacobi)+Bicgstab:  Solving for Uy, Initial residual = 0.004077197113367119, Final residual = 0.0005059996016235858, No Iterations 2, Solve time = 35.923 ms
Schwarz(Jacobi)+Bicgstab:  Solving for Uz, Initial residual = 0.0010906468916639716, Final residual = 6.300188387131899e-05, No Iterations 2, Solve time = 35.923 ms
[mem] after-UEqn: DEVICE_POOL current=19126 MB  actual(reserved)=38146 MB  highWater=24414 MB
[GinkgoSolver] p-cache: reuse(update_matrix_value) solve=12 rebuildInterval=0
config(Cg+Schwarz(Multigrid)):  Solving for p, Initial residual = 0.0012890394853978023, Final residual = 1.1676321364913418e-05, No Iterations 25, Solve time = 335.732 ms
time step continuity errors : sum local = 2.933367510652034e-06, global = -5.6543498813948805e-08, cumulative = -2.8770177859633397e-07
[mem] after-pEqn: DEVICE_POOL current=19126 MB  actual(reserved)=38146 MB  highWater=24414 MB
[GinkgoSolver] p-cache: reuse(update_matrix_value) solve=12 rebuildInterval=0
Schwarz(Jacobi)+Bicgstab:  Solving for omega, Initial residual = 1.2721881760118237e-05, Final residual = 8.318222004594305e-07, No Iterations 2, Solve time = 13.65 ms
bounding omega, min: -40041.651529629155 max: 45355982.71064866 average: 6373.938709382778
[GinkgoSolver] p-cache: reuse(update_matrix_value) solve=12 rebuildInterval=0
Schwarz(Jacobi)+Bicgstab:  Solving for k, Initial residual = 0.00024261200340701844, Final residual = 1.2374957359406024e-05, No Iterations 2, Solve time = 13.668 ms
bounding k, min: -0.00015460542106399654 max: 892.9491732480906 average: 9.14842242364433
[mem] after-turb: DEVICE_POOL current=19126 MB  actual(reserved)=38146 MB  highWater=24414 MB
ExecutionTime = 52.65 s  ClockTime = 53 s

Time = 1013
[mem] step-start: DEVICE_POOL current=19126 MB  actual(reserved)=38146 MB  highWater=24414 MB
Schwarz(Jacobi)+Bicgstab:  Solving for Ux, Initial residual = 7.857404328451944e-05, Final residual = 2.9255926662109924e-06, No Iterations 3, Solve time = 45.625 ms
Schwarz(Jacobi)+Bicgstab:  Solving for Uy, Initial residual = 0.00404698800605806, Final residual = 0.0001532883757984972, No Iterations 3, Solve time = 45.625 ms
Schwarz(Jacobi)+Bicgstab:  Solving for Uz, Initial residual = 0.001093395628929803, Final residual = 5.9996210348598795e-05, No Iterations 3, Solve time = 45.625 ms
[mem] after-UEqn: DEVICE_POOL current=19126 MB  actual(reserved)=38146 MB  highWater=24414 MB
[GinkgoSolver] p-cache: reuse(update_matrix_value) solve=13 rebuildInterval=0
config(Cg+Schwarz(Multigrid)):  Solving for p, Initial residual = 0.0012841504040793648, Final residual = 1.2714233077273206e-05, No Iterations 22, Solve time = 295.445 ms
time step continuity errors : sum local = 3.1930324407184903e-06, global = -5.39687662677067e-08, cumulative = -3.4167054486404066e-07
[mem] after-pEqn: DEVICE_POOL current=19126 MB  actual(reserved)=38146 MB  highWater=24414 MB
[GinkgoSolver] p-cache: reuse(update_matrix_value) solve=13 rebuildInterval=0
Schwarz(Jacobi)+Bicgstab:  Solving for omega, Initial residual = 1.2711759519606114e-05, Final residual = 8.348746760699935e-07, No Iterations 2, Solve time = 13.643 ms
bounding omega, min: -35113.853904352865 max: 45355982.76575207 average: 6373.733447309033
[GinkgoSolver] p-cache: reuse(update_matrix_value) solve=13 rebuildInterval=0
Schwarz(Jacobi)+Bicgstab:  Solving for k, Initial residual = 0.00024247019883850743, Final residual = 1.2196571239632289e-05, No Iterations 2, Solve time = 13.634 ms
bounding k, min: -0.0016808550689052654 max: 893.1579096422203 average: 9.147558529101163
[mem] after-turb: DEVICE_POOL current=19126 MB  actual(reserved)=38146 MB  highWater=24414 MB
ExecutionTime = 53.48 s  ClockTime = 54 s

Time = 1014
[mem] step-start: DEVICE_POOL current=19126 MB  actual(reserved)=38146 MB  highWater=24414 MB
Schwarz(Jacobi)+Bicgstab:  Solving for Ux, Initial residual = 7.856896503970017e-05, Final residual = 3.5084741887331743e-06, No Iterations 3, Solve time = 45.763 ms
Schwarz(Jacobi)+Bicgstab:  Solving for Uy, Initial residual = 0.004033690380517436, Final residual = 0.00014728009130154408, No Iterations 3, Solve time = 45.763 ms
Schwarz(Jacobi)+Bicgstab:  Solving for Uz, Initial residual = 0.0010976650390445866, Final residual = 5.212333860933327e-05, No Iterations 3, Solve time = 45.763 ms
[mem] after-UEqn: DEVICE_POOL current=19126 MB  actual(reserved)=38146 MB  highWater=24414 MB
[GinkgoSolver] p-cache: reuse(update_matrix_value) solve=14 rebuildInterval=0
config(Cg+Schwarz(Multigrid)):  Solving for p, Initial residual = 0.0012822910491750799, Final residual = 1.2666825055534704e-05, No Iterations 18, Solve time = 243.102 ms
time step continuity errors : sum local = 3.1795706426058734e-06, global = -4.6723236683669584e-08, cumulative = -3.8839378154771025e-07
[mem] after-pEqn: DEVICE_POOL current=19126 MB  actual(reserved)=38146 MB  highWater=24414 MB
[GinkgoSolver] p-cache: reuse(update_matrix_value) solve=14 rebuildInterval=0
Schwarz(Jacobi)+Bicgstab:  Solving for omega, Initial residual = 1.2708685319939131e-05, Final residual = 8.362663890616053e-07, No Iterations 2, Solve time = 13.654 ms
bounding omega, min: -280685.6407139834 max: 45355982.80067627 average: 6373.489040188866
[GinkgoSolver] p-cache: reuse(update_matrix_value) solve=14 rebuildInterval=0
Schwarz(Jacobi)+Bicgstab:  Solving for k, Initial residual = 0.00024246390484792217, Final residual = 1.2104423064618073e-05, No Iterations 2, Solve time = 13.657 ms
bounding k, min: -0.0020535122286063634 max: 892.8580992382996 average: 9.146668396298649
[mem] after-turb: DEVICE_POOL current=19126 MB  actual(reserved)=38146 MB  highWater=24414 MB
ExecutionTime = 54.26 s  ClockTime = 55 s

Time = 1015
[mem] step-start: DEVICE_POOL current=19126 MB  actual(reserved)=38146 MB  highWater=24414 MB
Schwarz(Jacobi)+Bicgstab:  Solving for Ux, Initial residual = 7.857219952305992e-05, Final residual = 3.8206230164038974e-06, No Iterations 3, Solve time = 45.859 ms
Schwarz(Jacobi)+Bicgstab:  Solving for Uy, Initial residual = 0.004032400021419303, Final residual = 0.00014107754676861035, No Iterations 3, Solve time = 45.859 ms
Schwarz(Jacobi)+Bicgstab:  Solving for Uz, Initial residual = 0.0010997667144318703, Final residual = 8.945198539091381e-05, No Iterations 3, Solve time = 45.859 ms
[mem] after-UEqn: DEVICE_POOL current=19126 MB  actual(reserved)=38146 MB  highWater=24414 MB
[GinkgoSolver] p-cache: reuse(update_matrix_value) solve=15 rebuildInterval=0
config(Cg+Schwarz(Multigrid)):  Solving for p, Initial residual = 0.0012960174677846582, Final residual = 1.2031048675933583e-05, No Iterations 24, Solve time = 325.193 ms
time step continuity errors : sum local = 3.018298210086883e-06, global = -3.6552303658297744e-08, cumulative = -4.24946085206008e-07
[mem] after-pEqn: DEVICE_POOL current=19126 MB  actual(reserved)=38146 MB  highWater=24414 MB
[GinkgoSolver] p-cache: reuse(update_matrix_value) solve=15 rebuildInterval=0
Schwarz(Jacobi)+Bicgstab:  Solving for omega, Initial residual = 1.2684135116786275e-05, Final residual = 8.297919498167646e-07, No Iterations 2, Solve time = 13.669 ms
bounding omega, min: -50308.11494525816 max: 45355982.790604554 average: 6373.220304694603
[GinkgoSolver] p-cache: reuse(update_matrix_value) solve=15 rebuildInterval=0
Schwarz(Jacobi)+Bicgstab:  Solving for k, Initial residual = 0.00024237073581856255, Final residual = 1.2178345718049096e-05, No Iterations 2, Solve time = 13.588 ms
bounding k, min: -0.0020789271327048553 max: 892.3678573648494 average: 9.145592938999892
[mem] after-turb: DEVICE_POOL current=19126 MB  actual(reserved)=38146 MB  highWater=24414 MB
ExecutionTime = 55.13 s  ClockTime = 56 s

Time = 1016
[mem] step-start: DEVICE_POOL current=19126 MB  actual(reserved)=38146 MB  highWater=24414 MB
Schwarz(Jacobi)+Bicgstab:  Solving for Ux, Initial residual = 7.854465221151598e-05, Final residual = 3.5035602190398262e-06, No Iterations 3, Solve time = 45.789 ms
Schwarz(Jacobi)+Bicgstab:  Solving for Uy, Initial residual = 0.004040702730518375, Final residual = 0.0001355294858736543, No Iterations 3, Solve time = 45.789 ms
Schwarz(Jacobi)+Bicgstab:  Solving for Uz, Initial residual = 0.001093305124844712, Final residual = 4.3930715022005676e-05, No Iterations 3, Solve time = 45.789 ms
[mem] after-UEqn: DEVICE_POOL current=19126 MB  actual(reserved)=38146 MB  highWater=24414 MB
[GinkgoSolver] p-cache: reuse(update_matrix_value) solve=16 rebuildInterval=0
config(Cg+Schwarz(Multigrid)):  Solving for p, Initial residual = 0.0012809612843641583, Final residual = 1.2755751406525994e-05, No Iterations 20, Solve time = 276.143 ms
time step continuity errors : sum local = 3.1988035949849484e-06, global = -2.995109529914809e-08, cumulative = -4.5489718050515607e-07
[mem] after-pEqn: DEVICE_POOL current=19126 MB  actual(reserved)=38146 MB  highWater=24414 MB
[GinkgoSolver] p-cache: reuse(update_matrix_value) solve=16 rebuildInterval=0
Schwarz(Jacobi)+Bicgstab:  Solving for omega, Initial residual = 1.2681499451605671e-05, Final residual = 8.298519354936963e-07, No Iterations 2, Solve time = 13.651 ms
bounding omega, min: -53549.555185551726 max: 45355982.73149598 average: 6372.877606576457
[GinkgoSolver] p-cache: reuse(update_matrix_value) solve=16 rebuildInterval=0
Schwarz(Jacobi)+Bicgstab:  Solving for k, Initial residual = 0.00024234499392016635, Final residual = 1.2203637137813696e-05, No Iterations 2, Solve time = 13.634 ms
bounding k, min: -0.002440791702713753 max: 891.491044533253 average: 9.14458328571284
[mem] after-turb: DEVICE_POOL current=19126 MB  actual(reserved)=38146 MB  highWater=24414 MB
ExecutionTime = 55.94 s  ClockTime = 57 s

Time = 1017
[mem] step-start: DEVICE_POOL current=19126 MB  actual(reserved)=38146 MB  highWater=24414 MB
Schwarz(Jacobi)+Bicgstab:  Solving for Ux, Initial residual = 7.849983788533457e-05, Final residual = 4.120301747366544e-06, No Iterations 2, Solve time = 35.813 ms
Schwarz(Jacobi)+Bicgstab:  Solving for Uy, Initial residual = 0.004053797456224856, Final residual = 0.000678494912934671, No Iterations 2, Solve time = 35.813 ms
Schwarz(Jacobi)+Bicgstab:  Solving for Uz, Initial residual = 0.001091446070203047, Final residual = 0.00010660702389367858, No Iterations 2, Solve time = 35.813 ms
[mem] after-UEqn: DEVICE_POOL current=19126 MB  actual(reserved)=38146 MB  highWater=24414 MB
[GinkgoSolver] p-cache: reuse(update_matrix_value) solve=17 rebuildInterval=0
config(Cg+Schwarz(Multigrid)):  Solving for p, Initial residual = 0.0012906952863274235, Final residual = 1.267402225741157e-05, No Iterations 20, Solve time = 279.252 ms
time step continuity errors : sum local = 3.1767918276068084e-06, global = -2.031078965719867e-08, cumulative = -4.7520797016235475e-07
[mem] after-pEqn: DEVICE_POOL current=19126 MB  actual(reserved)=38146 MB  highWater=24414 MB
[GinkgoSolver] p-cache: reuse(update_matrix_value) solve=17 rebuildInterval=0
Schwarz(Jacobi)+Bicgstab:  Solving for omega, Initial residual = 1.271945932838129e-05, Final residual = 8.38845598473133e-07, No Iterations 2, Solve time = 13.642 ms
bounding omega, min: -50846.57567141244 max: 45355982.65404731 average: 6372.476676258646
[GinkgoSolver] p-cache: reuse(update_matrix_value) solve=17 rebuildInterval=0
Schwarz(Jacobi)+Bicgstab:  Solving for k, Initial residual = 0.00024282667222415703, Final residual = 1.2342087336693692e-05, No Iterations 2, Solve time = 13.61 ms
bounding k, min: -0.005610603759770072 max: 890.4160265683789 average: 9.143423774982876
[mem] after-turb: DEVICE_POOL current=19126 MB  actual(reserved)=38146 MB  highWater=24414 MB
ExecutionTime = 56.76 s  ClockTime = 57 s

Time = 1018
[mem] step-start: DEVICE_POOL current=19126 MB  actual(reserved)=38146 MB  highWater=24414 MB
Schwarz(Jacobi)+Bicgstab:  Solving for Ux, Initial residual = 7.879397898806408e-05, Final residual = 3.393440997502709e-06, No Iterations 3, Solve time = 45.866 ms
Schwarz(Jacobi)+Bicgstab:  Solving for Uy, Initial residual = 0.004039205107147821, Final residual = 0.0001561318566168881, No Iterations 3, Solve time = 45.866 ms
Schwarz(Jacobi)+Bicgstab:  Solving for Uz, Initial residual = 0.001087178316829972, Final residual = 4.848736125228281e-05, No Iterations 3, Solve time = 45.866 ms
[mem] after-UEqn: DEVICE_POOL current=19126 MB  actual(reserved)=38146 MB  highWater=24414 MB
[GinkgoSolver] p-cache: reuse(update_matrix_value) solve=18 rebuildInterval=0
config(Cg+Schwarz(Multigrid)):  Solving for p, Initial residual = 0.0012809637248437193, Final residual = 1.2455385141320322e-05, No Iterations 24, Solve time = 324.931 ms
time step continuity errors : sum local = 3.120978092223225e-06, global = -1.1152794092821521e-08, cumulative = -4.863607642551763e-07
[mem] after-pEqn: DEVICE_POOL current=19126 MB  actual(reserved)=38146 MB  highWater=24414 MB
[GinkgoSolver] p-cache: reuse(update_matrix_value) solve=18 rebuildInterval=0
Schwarz(Jacobi)+Bicgstab:  Solving for omega, Initial residual = 1.2730194416329617e-05, Final residual = 8.398568089555633e-07, No Iterations 2, Solve time = 13.614 ms
bounding omega, min: -392362.6457621096 max: 45355982.592855416 average: 6372.08801510215
[GinkgoSolver] p-cache: reuse(update_matrix_value) solve=18 rebuildInterval=0
Schwarz(Jacobi)+Bicgstab:  Solving for k, Initial residual = 0.0002427384296678632, Final residual = 1.2355669568027358e-05, No Iterations 2, Solve time = 13.658 ms
bounding k, min: -0.0043224555423348465 max: 889.0361212338302 average: 9.142437968106389
[mem] after-turb: DEVICE_POOL current=19126 MB  actual(reserved)=38146 MB  highWater=24414 MB
ExecutionTime = 57.62 s  ClockTime = 58 s

Time = 1019
[mem] step-start: DEVICE_POOL current=19126 MB  actual(reserved)=38146 MB  highWater=24414 MB
Schwarz(Jacobi)+Bicgstab:  Solving for Ux, Initial residual = 7.883231253334348e-05, Final residual = 4.302094496375662e-06, No Iterations 2, Solve time = 35.933 ms
Schwarz(Jacobi)+Bicgstab:  Solving for Uy, Initial residual = 0.004045944964517319, Final residual = 0.0008035783741603636, No Iterations 2, Solve time = 35.933 ms
Schwarz(Jacobi)+Bicgstab:  Solving for Uz, Initial residual = 0.0010845094729836856, Final residual = 6.191058360923652e-05, No Iterations 2, Solve time = 35.933 ms
[mem] after-UEqn: DEVICE_POOL current=19126 MB  actual(reserved)=38146 MB  highWater=24414 MB
[GinkgoSolver] p-cache: reuse(update_matrix_value) solve=19 rebuildInterval=0
config(Cg+Schwarz(Multigrid)):  Solving for p, Initial residual = 0.0012932180511068608, Final residual = 1.2407568118103226e-05, No Iterations 28, Solve time = 373.738 ms
time step continuity errors : sum local = 3.1084545877847863e-06, global = 2.249788663150219e-09, cumulative = -4.841109755920261e-07
[mem] after-pEqn: DEVICE_POOL current=19126 MB  actual(reserved)=38146 MB  highWater=24414 MB
[GinkgoSolver] p-cache: reuse(update_matrix_value) solve=19 rebuildInterval=0
Schwarz(Jacobi)+Bicgstab:  Solving for omega, Initial residual = 1.2727785088203183e-05, Final residual = 8.374090534183552e-07, No Iterations 2, Solve time = 13.695 ms
bounding omega, min: -42620.22327659377 max: 45355982.5739471 average: 6371.832597890043
[GinkgoSolver] p-cache: reuse(update_matrix_value) solve=19 rebuildInterval=0
Schwarz(Jacobi)+Bicgstab:  Solving for k, Initial residual = 0.00024256148429411794, Final residual = 1.241660012419339e-05, No Iterations 2, Solve time = 13.659 ms
bounding k, min: -0.003505860062102739 max: 887.5919606369897 average: 9.141705817789918
[mem] after-turb: DEVICE_POOL current=19126 MB  actual(reserved)=38146 MB  highWater=24414 MB
ExecutionTime = 58.52 s  ClockTime = 59 s

Time = 1020
[mem] step-start: DEVICE_POOL current=19126 MB  actual(reserved)=38146 MB  highWater=24414 MB
Schwarz(Jacobi)+Bicgstab:  Solving for Ux, Initial residual = 7.870139361525495e-05, Final residual = 1.6535155807954884e-06, No Iterations 4, Solve time = 55.647 ms
Schwarz(Jacobi)+Bicgstab:  Solving for Uy, Initial residual = 0.004119347905030871, Final residual = 6.943625985780054e-05, No Iterations 4, Solve time = 55.647 ms
Schwarz(Jacobi)+Bicgstab:  Solving for Uz, Initial residual = 0.0010775832333763456, Final residual = 1.9056701770199947e-05, No Iterations 4, Solve time = 55.647 ms
[mem] after-UEqn: DEVICE_POOL current=19126 MB  actual(reserved)=38146 MB  highWater=24414 MB
[GinkgoSolver] p-cache: reuse(update_matrix_value) solve=20 rebuildInterval=0
config(Cg+Schwarz(Multigrid)):  Solving for p, Initial residual = 0.0012809628327499264, Final residual = 1.2327732519192302e-05, No Iterations 18, Solve time = 240.309 ms
time step continuity errors : sum local = 3.0884441921935286e-06, global = 1.4348316656546208e-09, cumulative = -4.826761439263715e-07
[mem] after-pEqn: DEVICE_POOL current=19126 MB  actual(reserved)=38146 MB  highWater=24414 MB
[GinkgoSolver] p-cache: reuse(update_matrix_value) solve=20 rebuildInterval=0
Schwarz(Jacobi)+Bicgstab:  Solving for omega, Initial residual = 1.2679323115905378e-05, Final residual = 8.275885256149826e-07, No Iterations 2, Solve time = 13.527 ms
bounding omega, min: -50299.78673106175 max: 45355982.57508307 average: 6371.537382570537
[GinkgoSolver] p-cache: reuse(update_matrix_value) solve=20 rebuildInterval=0
Schwarz(Jacobi)+Bicgstab:  Solving for k, Initial residual = 0.00024233674000706683, Final residual = 1.2454401578513438e-05, No Iterations 2, Solve time = 13.546 ms
bounding k, min: -0.0035155297302712357 max: 885.9698500132647 average: 9.140763781811769
[mem] after-turb: DEVICE_POOL current=19126 MB  actual(reserved)=38146 MB  highWater=24414 MB
ExecutionTime = 59.32 s  ClockTime = 60 s

Time = 1021
[mem] step-start: DEVICE_POOL current=19126 MB  actual(reserved)=38146 MB  highWater=24414 MB
Schwarz(Jacobi)+Bicgstab:  Solving for Ux, Initial residual = 7.850393295326765e-05, Final residual = 2.7576505509728727e-06, No Iterations 3, Solve time = 45.627 ms
Schwarz(Jacobi)+Bicgstab:  Solving for Uy, Initial residual = 0.004131794194819066, Final residual = 0.00013425328347190502, No Iterations 3, Solve time = 45.627 ms
Schwarz(Jacobi)+Bicgstab:  Solving for Uz, Initial residual = 0.0010726502737226776, Final residual = 4.5718621511375756e-05, No Iterations 3, Solve time = 45.627 ms
[mem] after-UEqn: DEVICE_POOL current=19126 MB  actual(reserved)=38146 MB  highWater=24414 MB
[GinkgoSolver] p-cache: reuse(update_matrix_value) solve=21 rebuildInterval=0
config(Cg+Schwarz(Multigrid)):  Solving for p, Initial residual = 0.0012719497771506063, Final residual = 1.2617908848252109e-05, No Iterations 23, Solve time = 308.556 ms
time step continuity errors : sum local = 3.1601675973525147e-06, global = 3.6574790145070516e-09, cumulative = -4.790186649118645e-07
[mem] after-pEqn: DEVICE_POOL current=19126 MB  actual(reserved)=38146 MB  highWater=24414 MB
[GinkgoSolver] p-cache: reuse(update_matrix_value) solve=21 rebuildInterval=0
Schwarz(Jacobi)+Bicgstab:  Solving for omega, Initial residual = 1.2675921603934267e-05, Final residual = 8.307043280881405e-07, No Iterations 2, Solve time = 13.611 ms
bounding omega, min: -60078.130455151826 max: 45355982.58314116 average: 6371.255168790539
[GinkgoSolver] p-cache: reuse(update_matrix_value) solve=21 rebuildInterval=0
Schwarz(Jacobi)+Bicgstab:  Solving for k, Initial residual = 0.0002423429766440693, Final residual = 1.2480553145777242e-05, No Iterations 2, Solve time = 13.594 ms
bounding k, min: -0.0031006766653859374 max: 884.354329896849 average: 9.139884660081266
[mem] after-turb: DEVICE_POOL current=19126 MB  actual(reserved)=38146 MB  highWater=24414 MB
ExecutionTime = 60.16 s  ClockTime = 61 s

Time = 1022
[mem] step-start: DEVICE_POOL current=19126 MB  actual(reserved)=38146 MB  highWater=24414 MB
Schwarz(Jacobi)+Bicgstab:  Solving for Ux, Initial residual = 7.844956494348721e-05, Final residual = 2.9598430610908962e-06, No Iterations 3, Solve time = 45.608 ms
Schwarz(Jacobi)+Bicgstab:  Solving for Uy, Initial residual = 0.004139864906311193, Final residual = 0.00013791398693171813, No Iterations 3, Solve time = 45.608 ms
Schwarz(Jacobi)+Bicgstab:  Solving for Uz, Initial residual = 0.0010738089935597142, Final residual = 3.0163541881105097e-05, No Iterations 3, Solve time = 45.608 ms
[mem] after-UEqn: DEVICE_POOL current=19126 MB  actual(reserved)=38146 MB  highWater=24414 MB
[GinkgoSolver] p-cache: reuse(update_matrix_value) solve=22 rebuildInterval=0
config(Cg+Schwarz(Multigrid)):  Solving for p, Initial residual = 0.0012722052206768641, Final residual = 1.1867809464469337e-05, No Iterations 19, Solve time = 252.777 ms
time step continuity errors : sum local = 2.9716207338158903e-06, global = 4.9463722193910835e-09, cumulative = -4.740722926924734e-07
[mem] after-pEqn: DEVICE_POOL current=19126 MB  actual(reserved)=38146 MB  highWater=24414 MB
[GinkgoSolver] p-cache: reuse(update_matrix_value) solve=22 rebuildInterval=0
Schwarz(Jacobi)+Bicgstab:  Solving for omega, Initial residual = 1.267157527693746e-05, Final residual = 8.312252946847967e-07, No Iterations 2, Solve time = 13.654 ms
bounding omega, min: -327264.4143612537 max: 45355982.59561583 average: 6370.964010738093
[GinkgoSolver] p-cache: reuse(update_matrix_value) solve=22 rebuildInterval=0
Schwarz(Jacobi)+Bicgstab:  Solving for k, Initial residual = 0.00024232041138110534, Final residual = 1.2819240961100303e-05, No Iterations 2, Solve time = 17.238 ms
bounding k, min: -0.0034148507532198585 max: 882.7512298057113 average: 9.138999781741372
[mem] after-turb: DEVICE_POOL current=19126 MB  actual(reserved)=38146 MB  highWater=24414 MB
ExecutionTime = 60.96 s  ClockTime = 62 s

Time = 1023
[mem] step-start: DEVICE_POOL current=19126 MB  actual(reserved)=38146 MB  highWater=24414 MB
Schwarz(Jacobi)+Bicgstab:  Solving for Ux, Initial residual = 7.846612792011404e-05, Final residual = 4.216218343990637e-06, No Iterations 2, Solve time = 35.672 ms
Schwarz(Jacobi)+Bicgstab:  Solving for Uy, Initial residual = 0.004137918136415824, Final residual = 0.0002962252497614732, No Iterations 2, Solve time = 35.672 ms
Schwarz(Jacobi)+Bicgstab:  Solving for Uz, Initial residual = 0.0010758791036840065, Final residual = 7.532483237295118e-05, No Iterations 2, Solve time = 35.672 ms
[mem] after-UEqn: DEVICE_POOL current=19126 MB  actual(reserved)=38146 MB  highWater=24414 MB
[GinkgoSolver] p-cache: reuse(update_matrix_value) solve=23 rebuildInterval=0
config(Cg+Schwarz(Multigrid)):  Solving for p, Initial residual = 0.0012795241519338108, Final residual = 1.2163593053739201e-05, No Iterations 23, Solve time = 312.794 ms
time step continuity errors : sum local = 3.0450202020110837e-06, global = 5.8867902671118e-09, cumulative = -4.681855024253616e-07
[mem] after-pEqn: DEVICE_POOL current=19126 MB  actual(reserved)=38146 MB  highWater=24414 MB
[GinkgoSolver] p-cache: reuse(update_matrix_value) solve=23 rebuildInterval=0
Schwarz(Jacobi)+Bicgstab:  Solving for omega, Initial residual = 1.2715400551452618e-05, Final residual = 8.332182016326253e-07, No Iterations 2, Solve time = 13.67 ms
bounding omega, min: -60402.47552733933 max: 45355982.61028068 average: 6370.762127950915
[GinkgoSolver] p-cache: reuse(update_matrix_value) solve=23 rebuildInterval=0
Schwarz(Jacobi)+Bicgstab:  Solving for k, Initial residual = 0.00024261456425922693, Final residual = 1.4111369443834907e-05, No Iterations 2, Solve time = 13.634 ms
bounding k, min: -0.0041549991809331915 max: 881.2150985179445 average: 9.138198523976328
[mem] after-turb: DEVICE_POOL current=19126 MB  actual(reserved)=38146 MB  highWater=24414 MB
ExecutionTime = 61.8 s  ClockTime = 62 s

Time = 1024
[mem] step-start: DEVICE_POOL current=19126 MB  actual(reserved)=38146 MB  highWater=24414 MB
Schwarz(Jacobi)+Bicgstab:  Solving for Ux, Initial residual = 7.868704690302679e-05, Final residual = 3.3032955114579726e-06, No Iterations 3, Solve time = 45.729 ms
Schwarz(Jacobi)+Bicgstab:  Solving for Uy, Initial residual = 0.004119969583897922, Final residual = 0.00015085162724231643, No Iterations 3, Solve time = 45.729 ms
Schwarz(Jacobi)+Bicgstab:  Solving for Uz, Initial residual = 0.0010838165798761775, Final residual = 5.453471378294019e-05, No Iterations 3, Solve time = 45.729 ms
[mem] after-UEqn: DEVICE_POOL current=19126 MB  actual(reserved)=38146 MB  highWater=24414 MB
[GinkgoSolver] p-cache: reuse(update_matrix_value) solve=24 rebuildInterval=0
config(Cg+Schwarz(Multigrid)):  Solving for p, Initial residual = 0.001277664908868481, Final residual = 1.2159266311480841e-05, No Iterations 22, Solve time = 291.735 ms
time step continuity errors : sum local = 3.043470281979134e-06, global = 4.917298575219115e-09, cumulative = -4.6326820385014244e-07
[mem] after-pEqn: DEVICE_POOL current=19126 MB  actual(reserved)=38146 MB  highWater=24414 MB
[GinkgoSolver] p-cache: reuse(update_matrix_value) solve=24 rebuildInterval=0
Schwarz(Jacobi)+Bicgstab:  Solving for omega, Initial residual = 1.2735806962764423e-05, Final residual = 8.32301957369472e-07, No Iterations 2, Solve time = 13.666 ms
bounding omega, min: -58178.47908252376 max: 45355982.62475143 average: 6370.588851790943
[GinkgoSolver] p-cache: reuse(update_matrix_value) solve=24 rebuildInterval=0
Schwarz(Jacobi)+Bicgstab:  Solving for k, Initial residual = 0.00024277733639862836, Final residual = 1.7169833071807753e-05, No Iterations 2, Solve time = 13.639 ms
bounding k, min: -0.015458018588700953 max: 879.7781563392967 average: 9.137366295140723
[mem] after-turb: DEVICE_POOL current=19126 MB  actual(reserved)=38146 MB  highWater=24414 MB
ExecutionTime = 62.64 s  ClockTime = 63 s

Time = 1025
[mem] step-start: DEVICE_POOL current=19126 MB  actual(reserved)=38146 MB  highWater=24414 MB
Schwarz(Jacobi)+Bicgstab:  Solving for Ux, Initial residual = 7.881018546899403e-05, Final residual = 3.5394155847983647e-06, No Iterations 3, Solve time = 45.73 ms
Schwarz(Jacobi)+Bicgstab:  Solving for Uy, Initial residual = 0.004111020912483781, Final residual = 0.00014258701231253655, No Iterations 3, Solve time = 45.73 ms
Schwarz(Jacobi)+Bicgstab:  Solving for Uz, Initial residual = 0.001087631070912225, Final residual = 5.4737223198757065e-05, No Iterations 3, Solve time = 45.73 ms
[mem] after-UEqn: DEVICE_POOL current=19126 MB  actual(reserved)=38146 MB  highWater=24414 MB
[GinkgoSolver] p-cache: reuse(update_matrix_value) solve=25 rebuildInterval=0
config(Cg+Schwarz(Multigrid)):  Solving for p, Initial residual = 0.001278766808456048, Final residual = 1.256655753027987e-05, No Iterations 19, Solve time = 258.981 ms
time step continuity errors : sum local = 3.1452027125407353e-06, global = -5.721556009667367e-10, cumulative = -4.638403594511092e-07
[mem] after-pEqn: DEVICE_POOL current=19126 MB  actual(reserved)=38146 MB  highWater=24414 MB
[GinkgoSolver] p-cache: reuse(update_matrix_value) solve=25 rebuildInterval=0
Schwarz(Jacobi)+Bicgstab:  Solving for omega, Initial residual = 1.2781215185634772e-05, Final residual = 8.345094610170379e-07, No Iterations 2, Solve time = 13.644 ms
bounding omega, min: -57781.67143957168 max: 45355982.63713765 average: 6370.459807600668
[GinkgoSolver] p-cache: reuse(update_matrix_value) solve=25 rebuildInterval=0
Schwarz(Jacobi)+Bicgstab:  Solving for k, Initial residual = 0.00024329617781941847, Final residual = 2.007209816893727e-05, No Iterations 2, Solve time = 13.613 ms
bounding k, min: -0.014187195351589257 max: 878.4465639367603 average: 9.136535400245815
[mem] after-turb: DEVICE_POOL current=19126 MB  actual(reserved)=38146 MB  highWater=24414 MB
ExecutionTime = 63.43 s  ClockTime = 64 s

Time = 1026
[mem] step-start: DEVICE_POOL current=19126 MB  actual(reserved)=38146 MB  highWater=24414 MB
Schwarz(Jacobi)+Bicgstab:  Solving for Ux, Initial residual = 7.89075105208255e-05, Final residual = 4.420442058215457e-06, No Iterations 2, Solve time = 35.573 ms
Schwarz(Jacobi)+Bicgstab:  Solving for Uy, Initial residual = 0.004112324763380392, Final residual = 0.0006796253672164021, No Iterations 2, Solve time = 35.573 ms
Schwarz(Jacobi)+Bicgstab:  Solving for Uz, Initial residual = 0.001089564126180798, Final residual = 7.646941203053644e-05, No Iterations 2, Solve time = 35.573 ms
[mem] after-UEqn: DEVICE_POOL current=19126 MB  actual(reserved)=38146 MB  highWater=24414 MB
[GinkgoSolver] p-cache: reuse(update_matrix_value) solve=26 rebuildInterval=0
config(Cg+Schwarz(Multigrid)):  Solving for p, Initial residual = 0.0012965741667262584, Final residual = 1.2555949496784458e-05, No Iterations 21, Solve time = 286.78 ms
time step continuity errors : sum local = 3.142599959928991e-06, global = -3.288287134989109e-09, cumulative = -4.671286465860983e-07
[mem] after-pEqn: DEVICE_POOL current=19126 MB  actual(reserved)=38146 MB  highWater=24414 MB
[GinkgoSolver] p-cache: reuse(update_matrix_value) solve=26 rebuildInterval=0
Schwarz(Jacobi)+Bicgstab:  Solving for omega, Initial residual = 1.2835049419297205e-05, Final residual = 8.385895164080674e-07, No Iterations 2, Solve time = 13.674 ms
bounding omega, min: -384214.4632335767 max: 45355982.64675554 average: 6370.31248213671
[GinkgoSolver] p-cache: reuse(update_matrix_value) solve=26 rebuildInterval=0
Schwarz(Jacobi)+Bicgstab:  Solving for k, Initial residual = 0.0002444277662820576, Final residual = 5.405471023711526e-06, No Iterations 3, Solve time = 16.901 ms
bounding k, min: -2.729663356145129e-08 max: 877.2624781502693 average: 9.136021611785013
[mem] after-turb: DEVICE_POOL current=19126 MB  actual(reserved)=38146 MB  highWater=24414 MB
ExecutionTime = 64.25 s  ClockTime = 65 s

Time = 1027
[mem] step-start: DEVICE_POOL current=19126 MB  actual(reserved)=38146 MB  highWater=24414 MB
Schwarz(Jacobi)+Bicgstab:  Solving for Ux, Initial residual = 7.922228174388798e-05, Final residual = 3.482435666161558e-06, No Iterations 3, Solve time = 46.945 ms
Schwarz(Jacobi)+Bicgstab:  Solving for Uy, Initial residual = 0.004086542071454992, Final residual = 0.00015647144263367338, No Iterations 3, Solve time = 46.945 ms
Schwarz(Jacobi)+Bicgstab:  Solving for Uz, Initial residual = 0.0010959500279548303, Final residual = 5.4991580516699845e-05, No Iterations 3, Solve time = 46.945 ms
[mem] after-UEqn: DEVICE_POOL current=19126 MB  actual(reserved)=38146 MB  highWater=24414 MB
[GinkgoSolver] p-cache: reuse(update_matrix_value) solve=27 rebuildInterval=0
config(Cg+Schwarz(Multigrid)):  Solving for p, Initial residual = 0.001288304916108446, Final residual = 1.1643439291409964e-05, No Iterations 20, Solve time = 276.924 ms
time step continuity errors : sum local = 2.9143143463990965e-06, global = -1.12347684356803e-08, cumulative = -4.783634150217786e-07
[mem] after-pEqn: DEVICE_POOL current=19126 MB  actual(reserved)=38146 MB  highWater=24414 MB
[GinkgoSolver] p-cache: reuse(update_matrix_value) solve=27 rebuildInterval=0
Schwarz(Jacobi)+Bicgstab:  Solving for omega, Initial residual = 1.2651228945778488e-05, Final residual = 8.348626719405618e-07, No Iterations 2, Solve time = 13.62 ms
bounding omega, min: -57255.25889519739 max: 45355982.65440728 average: 6370.272533981366
[GinkgoSolver] p-cache: reuse(update_matrix_value) solve=27 rebuildInterval=0
Schwarz(Jacobi)+Bicgstab:  Solving for k, Initial residual = 0.00024366160220745366, Final residual = 1.1973377492204227e-05, No Iterations 2, Solve time = 13.592 ms
bounding k, min: -0.0003869424952143025 max: 876.1999239208706 average: 9.135348490020704
[mem] after-turb: DEVICE_POOL current=19126 MB  actual(reserved)=38146 MB  highWater=24414 MB
ExecutionTime = 65.06999999999999 s  ClockTime = 66 s

Time = 1028
[mem] step-start: DEVICE_POOL current=19126 MB  actual(reserved)=38146 MB  highWater=24414 MB
Schwarz(Jacobi)+Bicgstab:  Solving for Ux, Initial residual = 7.92920090916416e-05, Final residual = 4.43125886582145e-06, No Iterations 2, Solve time = 35.943 ms
Schwarz(Jacobi)+Bicgstab:  Solving for Uy, Initial residual = 0.004093247537750164, Final residual = 0.0007771739210826603, No Iterations 2, Solve time = 35.943 ms
Schwarz(Jacobi)+Bicgstab:  Solving for Uz, Initial residual = 0.0010964586188789629, Final residual = 7.716040848239206e-05, No Iterations 2, Solve time = 35.943 ms
[mem] after-UEqn: DEVICE_POOL current=19126 MB  actual(reserved)=38146 MB  highWater=24414 MB
[GinkgoSolver] p-cache: reuse(update_matrix_value) solve=28 rebuildInterval=0
config(Cg+Schwarz(Multigrid)):  Solving for p, Initial residual = 0.0013000239301763665, Final residual = 1.2377556395760845e-05, No Iterations 28, Solve time = 375.31 ms
time step continuity errors : sum local = 3.09831793211065e-06, global = -2.1312500334061064e-09, cumulative = -4.804946650551847e-07
[mem] after-pEqn: DEVICE_POOL current=19126 MB  actual(reserved)=38146 MB  highWater=24414 MB
[GinkgoSolver] p-cache: reuse(update_matrix_value) solve=28 rebuildInterval=0
Schwarz(Jacobi)+Bicgstab:  Solving for omega, Initial residual = 1.2773570127441701e-05, Final residual = 8.340445320832275e-07, No Iterations 2, Solve time = 13.645 ms
bounding omega, min: -54790.51767936704 max: 45355982.66124937 average: 6370.262009207543
[GinkgoSolver] p-cache: reuse(update_matrix_value) solve=28 rebuildInterval=0
Schwarz(Jacobi)+Bicgstab:  Solving for k, Initial residual = 0.0002435444971968187, Final residual = 1.248985103769254e-05, No Iterations 2, Solve time = 13.613 ms
bounding k, min: -0.00046485762532707837 max: 875.2895361889631 average: 9.13491158274134
[mem] after-turb: DEVICE_POOL current=19126 MB  actual(reserved)=38146 MB  highWater=24414 MB
ExecutionTime = 65.98 s  ClockTime = 67 s

Time = 1029
[mem] step-start: DEVICE_POOL current=19126 MB  actual(reserved)=38146 MB  highWater=24414 MB
Schwarz(Jacobi)+Bicgstab:  Solving for Ux, Initial residual = 7.915545278974414e-05, Final residual = 3.999045054443293e-06, No Iterations 3, Solve time = 45.793 ms
Schwarz(Jacobi)+Bicgstab:  Solving for Uy, Initial residual = 0.004170544495972105, Final residual = 0.00013212929668991147, No Iterations 3, Solve time = 45.793 ms
Schwarz(Jacobi)+Bicgstab:  Solving for Uz, Initial residual = 0.001092453175047355, Final residual = 5.392739119446158e-05, No Iterations 3, Solve time = 45.793 ms
[mem] after-UEqn: DEVICE_POOL current=19126 MB  actual(reserved)=38146 MB  highWater=24414 MB
[GinkgoSolver] p-cache: reuse(update_matrix_value) solve=29 rebuildInterval=0
config(Cg+Schwarz(Multigrid)):  Solving for p, Initial residual = 0.0012954882867170319, Final residual = 1.1882289641523779e-05, No Iterations 19, Solve time = 252.124 ms
time step continuity errors : sum local = 2.9755099380919386e-06, global = -2.0011182261790264e-08, cumulative = -5.00505847316975e-07
[mem] after-pEqn: DEVICE_POOL current=19126 MB  actual(reserved)=38146 MB  highWater=24414 MB
[GinkgoSolver] p-cache: reuse(update_matrix_value) solve=29 rebuildInterval=0
Schwarz(Jacobi)+Bicgstab:  Solving for omega, Initial residual = 1.2784289151729892e-05, Final residual = 8.355203679628614e-07, No Iterations 2, Solve time = 13.668 ms
bounding omega, min: -54829.94498485479 max: 45355982.66803389 average: 6370.273786549252
[GinkgoSolver] p-cache: reuse(update_matrix_value) solve=29 rebuildInterval=0
Schwarz(Jacobi)+Bicgstab:  Solving for k, Initial residual = 0.00024376344353891824, Final residual = 1.287141125772129e-05, No Iterations 2, Solve time = 13.609 ms
bounding k, min: -0.0011319367924429412 max: 874.5819950771104 average: 9.134387580253273
[mem] after-turb: DEVICE_POOL current=19126 MB  actual(reserved)=38146 MB  highWater=24414 MB
ExecutionTime = 66.77 s  ClockTime = 68 s

Time = 1030
[mem] step-start: DEVICE_POOL current=19126 MB  actual(reserved)=38146 MB  highWater=24414 MB
Schwarz(Jacobi)+Bicgstab:  Solving for Ux, Initial residual = 7.912527285398786e-05, Final residual = 3.6497041803746773e-06, No Iterations 3, Solve time = 49.293 ms
Schwarz(Jacobi)+Bicgstab:  Solving for Uy, Initial residual = 0.0042024884247595035, Final residual = 0.00013293252121254588, No Iterations 3, Solve time = 49.293 ms
Schwarz(Jacobi)+Bicgstab:  Solving for Uz, Initial residual = 0.0010885689183416545, Final residual = 3.0375601783715148e-05, No Iterations 3, Solve time = 49.293 ms
[mem] after-UEqn: DEVICE_POOL current=19126 MB  actual(reserved)=38146 MB  highWater=24414 MB
[GinkgoSolver] p-cache: reuse(update_matrix_value) solve=30 rebuildInterval=0
config(Cg+Schwarz(Multigrid)):  Solving for p, Initial residual = 0.001288775053849761, Final residual = 1.2720501319452046e-05, No Iterations 17, Solve time = 234.442 ms
time step continuity errors : sum local = 3.185944409816512e-06, global = -2.8915699684733886e-08, cumulative = -5.294215470017089e-07
[mem] after-pEqn: DEVICE_POOL current=19126 MB  actual(reserved)=38146 MB  highWater=24414 MB
[GinkgoSolver] p-cache: reuse(update_matrix_value) solve=30 rebuildInterval=0
Schwarz(Jacobi)+Bicgstab:  Solving for omega, Initial residual = 1.2786966038014398e-05, Final residual = 8.373356198533043e-07, No Iterations 2, Solve time = 13.595 ms
bounding omega, min: -276051.7790878491 max: 45355982.67597784 average: 6370.262015006663
[GinkgoSolver] p-cache: reuse(update_matrix_value) solve=30 rebuildInterval=0
Schwarz(Jacobi)+Bicgstab:  Solving for k, Initial residual = 0.00024405857889567463, Final residual = 1.3178251068185664e-05, No Iterations 2, Solve time = 13.641 ms
bounding k, min: -0.0005883263754664254 max: 874.0064833882973 average: 9.13379601684355
[mem] after-turb: DEVICE_POOL current=19126 MB  actual(reserved)=38146 MB  highWater=24414 MB
ExecutionTime = 67.55 s  ClockTime = 68 s

Time = 1031
[mem] step-start: DEVICE_POOL current=19126 MB  actual(reserved)=38146 MB  highWater=24414 MB
Schwarz(Jacobi)+Bicgstab:  Solving for Ux, Initial residual = 7.911273114220935e-05, Final residual = 3.297897637974254e-06, No Iterations 3, Solve time = 45.755 ms
Schwarz(Jacobi)+Bicgstab:  Solving for Uy, Initial residual = 0.004224074247235795, Final residual = 0.00013446304582858128, No Iterations 3, Solve time = 45.755 ms
Schwarz(Jacobi)+Bicgstab:  Solving for Uz, Initial residual = 0.0010852514927181692, Final residual = 3.71930338046053e-05, No Iterations 3, Solve time = 45.755 ms
[mem] after-UEqn: DEVICE_POOL current=19126 MB  actual(reserved)=38146 MB  highWater=24414 MB
[GinkgoSolver] p-cache: reuse(update_matrix_value) solve=31 rebuildInterval=0
config(Cg+Schwarz(Multigrid)):  Solving for p, Initial residual = 0.001282059587341537, Final residual = 1.1547646167579123e-05, No Iterations 24, Solve time = 323.369 ms
time step continuity errors : sum local = 2.892574326989292e-06, global = -2.8221948027212514e-08, cumulative = -5.576434950289214e-07
[mem] after-pEqn: DEVICE_POOL current=19126 MB  actual(reserved)=38146 MB  highWater=24414 MB
[GinkgoSolver] p-cache: reuse(update_matrix_value) solve=31 rebuildInterval=0
Schwarz(Jacobi)+Bicgstab:  Solving for omega, Initial residual = 1.2790470618176991e-05, Final residual = 8.341388297502704e-07, No Iterations 2, Solve time = 13.643 ms
bounding omega, min: -53348.40418624968 max: 45355982.68474467 average: 6370.2688404625005
[GinkgoSolver] p-cache: reuse(update_matrix_value) solve=31 rebuildInterval=0
Schwarz(Jacobi)+Bicgstab:  Solving for k, Initial residual = 0.00024442085482262346, Final residual = 1.3457979995714446e-05, No Iterations 2, Solve time = 13.661 ms
bounding k, min: -0.0033239044845514015 max: 873.5924404006214 average: 9.133165700473262
[mem] after-turb: DEVICE_POOL current=19126 MB  actual(reserved)=38146 MB  highWater=24414 MB
ExecutionTime = 68.42 s  ClockTime = 69 s

Time = 1032
[mem] step-start: DEVICE_POOL current=19126 MB  actual(reserved)=38146 MB  highWater=24414 MB
Schwarz(Jacobi)+Bicgstab:  Solving for Ux, Initial residual = 7.915388984143017e-05, Final residual = 3.725993848970617e-06, No Iterations 3, Solve time = 45.627 ms
Schwarz(Jacobi)+Bicgstab:  Solving for Uy, Initial residual = 0.004234058824646062, Final residual = 0.00013435152537069508, No Iterations 3, Solve time = 45.627 ms
Schwarz(Jacobi)+Bicgstab:  Solving for Uz, Initial residual = 0.0010852678095397607, Final residual = 2.9758714345313085e-05, No Iterations 3, Solve time = 45.627 ms
[mem] after-UEqn: DEVICE_POOL current=19126 MB  actual(reserved)=38146 MB  highWater=24414 MB
[GinkgoSolver] p-cache: reuse(update_matrix_value) solve=32 rebuildInterval=0
config(Cg+Schwarz(Multigrid)):  Solving for p, Initial residual = 0.001283532272642712, Final residual = 1.280330777718468e-05, No Iterations 18, Solve time = 240.606 ms
time step continuity errors : sum local = 3.207325614368898e-06, global = -4.333430893034452e-08, cumulative = -6.009778039592659e-07
[mem] after-pEqn: DEVICE_POOL current=19126 MB  actual(reserved)=38146 MB  highWater=24414 MB
[GinkgoSolver] p-cache: reuse(update_matrix_value) solve=32 rebuildInterval=0
Schwarz(Jacobi)+Bicgstab:  Solving for omega, Initial residual = 1.27908763800712e-05, Final residual = 8.363288472394126e-07, No Iterations 2, Solve time = 13.613 ms
bounding omega, min: -51613.21866478087 max: 45355982.69379771 average: 6370.247949962045
[GinkgoSolver] p-cache: reuse(update_matrix_value) solve=32 rebuildInterval=0
Schwarz(Jacobi)+Bicgstab:  Solving for k, Initial residual = 0.0002448874261711895, Final residual = 1.3493839762148524e-05, No Iterations 2, Solve time = 13.635 ms
bounding k, min: -0.005592935123090814 max: 873.2444700036873 average: 9.132526811873609
[mem] after-turb: DEVICE_POOL current=19126 MB  actual(reserved)=38146 MB  highWater=24414 MB
ExecutionTime = 69.2 s  ClockTime = 70 s

Time = 1033
[mem] step-start: DEVICE_POOL current=19126 MB  actual(reserved)=38146 MB  highWater=24414 MB
Schwarz(Jacobi)+Bicgstab:  Solving for Ux, Initial residual = 7.925147661255959e-05, Final residual = 4.5369734431888225e-06, No Iterations 2, Solve time = 35.894 ms
Schwarz(Jacobi)+Bicgstab:  Solving for Uy, Initial residual = 0.004235532654854899, Final residual = 0.0003172361402262068, No Iterations 2, Solve time = 35.894 ms
Schwarz(Jacobi)+Bicgstab:  Solving for Uz, Initial residual = 0.001086870915256648, Final residual = 7.382501408547323e-05, No Iterations 2, Solve time = 35.894 ms
[mem] after-UEqn: DEVICE_POOL current=19126 MB  actual(reserved)=38146 MB  highWater=24414 MB
[GinkgoSolver] p-cache: reuse(update_matrix_value) solve=33 rebuildInterval=0
config(Cg+Schwarz(Multigrid)):  Solving for p, Initial residual = 0.0012917258065685158, Final residual = 1.150647234567114e-05, No Iterations 25, Solve time = 333.464 ms
time step continuity errors : sum local = 2.8824481495135753e-06, global = -3.826295828908554e-08, cumulative = -6.392407622483514e-07
[mem] after-pEqn: DEVICE_POOL current=19126 MB  actual(reserved)=38146 MB  highWater=24414 MB
[GinkgoSolver] p-cache: reuse(update_matrix_value) solve=33 rebuildInterval=0
Schwarz(Jacobi)+Bicgstab:  Solving for omega, Initial residual = 1.2826684442624944e-05, Final residual = 8.472487142108588e-07, No Iterations 2, Solve time = 13.705 ms
bounding omega, min: -51041.59004462114 max: 45355982.70218186 average: 6370.247974346021
[GinkgoSolver] p-cache: reuse(update_matrix_value) solve=33 rebuildInterval=0
Schwarz(Jacobi)+Bicgstab:  Solving for k, Initial residual = 0.00024563157349867943, Final residual = 1.3350024556734095e-05, No Iterations 2, Solve time = 13.618 ms
bounding k, min: -0.0021200194416056955 max: 873.0017166087013 average: 9.131946886915998
[mem] after-turb: DEVICE_POOL current=19126 MB  actual(reserved)=38146 MB  highWater=24414 MB
ExecutionTime = 70.06999999999999 s  ClockTime = 71 s

Time = 1034
[mem] step-start: DEVICE_POOL current=19126 MB  actual(reserved)=38146 MB  highWater=24414 MB
Schwarz(Jacobi)+Bicgstab:  Solving for Ux, Initial residual = 7.953246329463802e-05, Final residual = 4.548427786824667e-06, No Iterations 2, Solve time = 35.823 ms
Schwarz(Jacobi)+Bicgstab:  Solving for Uy, Initial residual = 0.0042206536853693155, Final residual = 0.0007450321528462894, No Iterations 2, Solve time = 35.823 ms
Schwarz(Jacobi)+Bicgstab:  Solving for Uz, Initial residual = 0.001094264837317411, Final residual = 7.221898851500984e-05, No Iterations 2, Solve time = 35.823 ms
[mem] after-UEqn: DEVICE_POOL current=19126 MB  actual(reserved)=38146 MB  highWater=24414 MB
[GinkgoSolver] p-cache: reuse(update_matrix_value) solve=34 rebuildInterval=0
config(Cg+Schwarz(Multigrid)):  Solving for p, Initial residual = 0.0012891972721197195, Final residual = 1.2723722411593999e-05, No Iterations 16, Solve time = 215.984 ms
time step continuity errors : sum local = 3.1871567315608053e-06, global = -5.915229233138204e-08, cumulative = -6.983930545797334e-07
[mem] after-pEqn: DEVICE_POOL current=19126 MB  actual(reserved)=38146 MB  highWater=24414 MB
[GinkgoSolver] p-cache: reuse(update_matrix_value) solve=34 rebuildInterval=0
Schwarz(Jacobi)+Bicgstab:  Solving for omega, Initial residual = 1.28546302177897e-05, Final residual = 8.561043316943683e-07, No Iterations 2, Solve time = 13.621 ms
bounding omega, min: -223100.0366912645 max: 45355982.70857757 average: 6370.339481485385
[GinkgoSolver] p-cache: reuse(update_matrix_value) solve=34 rebuildInterval=0
Schwarz(Jacobi)+Bicgstab:  Solving for k, Initial residual = 0.00024602447569182226, Final residual = 1.2686095276567738e-05, No Iterations 2, Solve time = 13.606 ms
bounding k, min: -0.0018040250722950978 max: 872.8069530864617 average: 9.131634924782945
[mem] after-turb: DEVICE_POOL current=19126 MB  actual(reserved)=38146 MB  highWater=24414 MB
ExecutionTime = 70.81999999999999 s  ClockTime = 72 s

Time = 1035
[mem] step-start: DEVICE_POOL current=19126 MB  actual(reserved)=38146 MB  highWater=24414 MB
Schwarz(Jacobi)+Bicgstab:  Solving for Ux, Initial residual = 7.956930570624962e-05, Final residual = 4.812555394431234e-06, No Iterations 3, Solve time = 45.746 ms
Schwarz(Jacobi)+Bicgstab:  Solving for Uy, Initial residual = 0.004271390462792032, Final residual = 0.00013476203635419293, No Iterations 3, Solve time = 45.746 ms
Schwarz(Jacobi)+Bicgstab:  Solving for Uz, Initial residual = 0.001096448217562017, Final residual = 4.535629909420478e-05, No Iterations 3, Solve time = 45.746 ms
[mem] after-UEqn: DEVICE_POOL current=19126 MB  actual(reserved)=38146 MB  highWater=24414 MB
[GinkgoSolver] p-cache: reuse(update_matrix_value) solve=35 rebuildInterval=0
config(Cg+Schwarz(Multigrid)):  Solving for p, Initial residual = 0.0012940971184744344, Final residual = 1.2236375095897618e-05, No Iterations 17, Solve time = 231.658 ms
time step continuity errors : sum local = 3.0650096320890732e-06, global = -6.613755434107725e-08, cumulative = -7.645306089208107e-07
[mem] after-pEqn: DEVICE_POOL current=19126 MB  actual(reserved)=38146 MB  highWater=24414 MB
[GinkgoSolver] p-cache: reuse(update_matrix_value) solve=35 rebuildInterval=0
Schwarz(Jacobi)+Bicgstab:  Solving for omega, Initial residual = 1.2878060865310997e-05, Final residual = 8.590742686005062e-07, No Iterations 2, Solve time = 13.63 ms
bounding omega, min: -49233.42691389079 max: 45355982.71217934 average: 6370.49180866486
[GinkgoSolver] p-cache: reuse(update_matrix_value) solve=35 rebuildInterval=0
Schwarz(Jacobi)+Bicgstab:  Solving for k, Initial residual = 0.0002466369896188295, Final residual = 1.2233892358943862e-05, No Iterations 2, Solve time = 13.627 ms
bounding k, min: -0.003146404804980362 max: 872.6895335596587 average: 9.13126313284689
[mem] after-turb: DEVICE_POOL current=19126 MB  actual(reserved)=38146 MB  highWater=24414 MB
ExecutionTime = 71.59 s  ClockTime = 72 s

Time = 1036
[mem] step-start: DEVICE_POOL current=19126 MB  actual(reserved)=38146 MB  highWater=24414 MB
Schwarz(Jacobi)+Bicgstab:  Solving for Ux, Initial residual = 7.972926534089842e-05, Final residual = 4.892645941595709e-06, No Iterations 3, Solve time = 45.737 ms
Schwarz(Jacobi)+Bicgstab:  Solving for Uy, Initial residual = 0.004280336039200026, Final residual = 0.000134014430641773, No Iterations 3, Solve time = 45.737 ms
Schwarz(Jacobi)+Bicgstab:  Solving for Uz, Initial residual = 0.0010969170092475077, Final residual = 3.711702497701555e-05, No Iterations 3, Solve time = 45.737 ms
[mem] after-UEqn: DEVICE_POOL current=19126 MB  actual(reserved)=38146 MB  highWater=24414 MB
[GinkgoSolver] p-cache: reuse(update_matrix_value) solve=36 rebuildInterval=0
config(Cg+Schwarz(Multigrid)):  Solving for p, Initial residual = 0.0012975111333954964, Final residual = 1.196292320075729e-05, No Iterations 18, Solve time = 246.124 ms
time step continuity errors : sum local = 2.996549050487043e-06, global = -7.179975556598419e-08, cumulative = -8.363303644867949e-07
[mem] after-pEqn: DEVICE_POOL current=19126 MB  actual(reserved)=38146 MB  highWater=24414 MB
[GinkgoSolver] p-cache: reuse(update_matrix_value) solve=36 rebuildInterval=0
Schwarz(Jacobi)+Bicgstab:  Solving for omega, Initial residual = 1.2905645001563483e-05, Final residual = 8.666208348940428e-07, No Iterations 2, Solve time = 13.585 ms
bounding omega, min: -47942.09914630874 max: 45355982.710771285 average: 6370.599231163673
[GinkgoSolver] p-cache: reuse(update_matrix_value) solve=36 rebuildInterval=0
Schwarz(Jacobi)+Bicgstab:  Solving for k, Initial residual = 0.00024721386857733737, Final residual = 1.2473602991795778e-05, No Iterations 2, Solve time = 13.591 ms
bounding k, min: -0.004686064063402259 max: 872.6097820779294 average: 9.130895894524665
[mem] after-turb: DEVICE_POOL current=19126 MB  actual(reserved)=38146 MB  highWater=24414 MB
ExecutionTime = 72.37 s  ClockTime = 73 s

Time = 1037
[mem] step-start: DEVICE_POOL current=19126 MB  actual(reserved)=38146 MB  highWater=24414 MB
Schwarz(Jacobi)+Bicgstab:  Solving for Ux, Initial residual = 7.99055174703084e-05, Final residual = 5.236919400280976e-06, No Iterations 3, Solve time = 45.738 ms
Schwarz(Jacobi)+Bicgstab:  Solving for Uy, Initial residual = 0.004289927887318476, Final residual = 0.0001360336218292531, No Iterations 3, Solve time = 45.738 ms
Schwarz(Jacobi)+Bicgstab:  Solving for Uz, Initial residual = 0.0010979722617211161, Final residual = 3.8317310009249926e-05, No Iterations 3, Solve time = 45.738 ms
[mem] after-UEqn: DEVICE_POOL current=19126 MB  actual(reserved)=38146 MB  highWater=24414 MB
[GinkgoSolver] p-cache: reuse(update_matrix_value) solve=37 rebuildInterval=0
config(Cg+Schwarz(Multigrid)):  Solving for p, Initial residual = 0.0013001999756807223, Final residual = 1.2882205686738476e-05, No Iterations 18, Solve time = 248.779 ms
time step continuity errors : sum local = 3.227131895969939e-06, global = -7.653676391048418e-08, cumulative = -9.12867128397279e-07
[mem] after-pEqn: DEVICE_POOL current=19126 MB  actual(reserved)=38146 MB  highWater=24414 MB
[GinkgoSolver] p-cache: reuse(update_matrix_value) solve=37 rebuildInterval=0
Schwarz(Jacobi)+Bicgstab:  Solving for omega, Initial residual = 1.2949029910472168e-05, Final residual = 8.795188881406474e-07, No Iterations 2, Solve time = 13.681 ms
bounding omega, min: -46042.672832789656 max: 45355982.70415964 average: 6370.698324982004
[GinkgoSolver] p-cache: reuse(update_matrix_value) solve=37 rebuildInterval=0
Schwarz(Jacobi)+Bicgstab:  Solving for k, Initial residual = 0.00024780906000259646, Final residual = 1.2325164620674622e-05, No Iterations 2, Solve time = 13.516 ms
bounding k, min: -0.005164273963826252 max: 872.5622227981635 average: 9.13058854440003
[mem] after-turb: DEVICE_POOL current=19126 MB  actual(reserved)=38146 MB  highWater=24414 MB
ExecutionTime = 73.17 s  ClockTime = 74 s

Time = 1038
[mem] step-start: DEVICE_POOL current=19126 MB  actual(reserved)=38146 MB  highWater=24414 MB
Schwarz(Jacobi)+Bicgstab:  Solving for Ux, Initial residual = 8.010764478012093e-05, Final residual = 4.670833219571084e-06, No Iterations 2, Solve time = 35.793 ms
Schwarz(Jacobi)+Bicgstab:  Solving for Uy, Initial residual = 0.004299375513111552, Final residual = 0.0002838328034084241, No Iterations 2, Solve time = 35.793 ms
Schwarz(Jacobi)+Bicgstab:  Solving for Uz, Initial residual = 0.0011000855146918807, Final residual = 7.561807300577061e-05, No Iterations 2, Solve time = 35.793 ms
[mem] after-UEqn: DEVICE_POOL current=19126 MB  actual(reserved)=38146 MB  highWater=24414 MB
[GinkgoSolver] p-cache: reuse(update_matrix_value) solve=38 rebuildInterval=0
config(Cg+Schwarz(Multigrid)):  Solving for p, Initial residual = 0.0013012136265376987, Final residual = 1.1917618468571813e-05, No Iterations 20, Solve time = 274.436 ms
time step continuity errors : sum local = 2.9861639564935e-06, global = -7.260780630969095e-08, cumulative = -9.8547493470697e-07
[mem] after-pEqn: DEVICE_POOL current=19126 MB  actual(reserved)=38146 MB  highWater=24414 MB
[GinkgoSolver] p-cache: reuse(update_matrix_value) solve=38 rebuildInterval=0
Schwarz(Jacobi)+Bicgstab:  Solving for omega, Initial residual = 1.2994293958126729e-05, Final residual = 8.903711258014497e-07, No Iterations 2, Solve time = 13.676 ms
bounding omega, min: -343819.1087186568 max: 45355982.69340242 average: 6370.763749273514
[GinkgoSolver] p-cache: reuse(update_matrix_value) solve=38 rebuildInterval=0
Schwarz(Jacobi)+Bicgstab:  Solving for k, Initial residual = 0.00024844808806880303, Final residual = 1.2018589430911136e-05, No Iterations 2, Solve time = 13.634 ms
bounding k, min: -0.024132777371014782 max: 872.5320458833343 average: 9.130338939097307
[mem] after-turb: DEVICE_POOL current=19126 MB  actual(reserved)=38146 MB  highWater=24414 MB
ExecutionTime = 73.97 s  ClockTime = 75 s

Time = 1039
[mem] step-start: DEVICE_POOL current=19126 MB  actual(reserved)=38146 MB  highWater=24414 MB
Schwarz(Jacobi)+Bicgstab:  Solving for Ux, Initial residual = 8.034598250102356e-05, Final residual = 4.6489676162334255e-06, No Iterations 2, Solve time = 35.853 ms
Schwarz(Jacobi)+Bicgstab:  Solving for Uy, Initial residual = 0.004297095176689028, Final residual = 0.0007548521491254867, No Iterations 2, Solve time = 35.853 ms
Schwarz(Jacobi)+Bicgstab:  Solving for Uz, Initial residual = 0.001106806087994779, Final residual = 7.458160269768627e-05, No Iterations 2, Solve time = 35.853 ms
[mem] after-UEqn: DEVICE_POOL current=19126 MB  actual(reserved)=38146 MB  highWater=24414 MB
[GinkgoSolver] p-cache: reuse(update_matrix_value) solve=39 rebuildInterval=0
config(Cg+Schwarz(Multigrid)):  Solving for p, Initial residual = 0.0012990933645974177, Final residual = 1.2496050446431643e-05, No Iterations 25, Solve time = 331.738 ms
time step continuity errors : sum local = 3.1325835341243614e-06, global = -4.814408825237962e-08, cumulative = -1.0336190229593496e-06
[mem] after-pEqn: DEVICE_POOL current=19126 MB  actual(reserved)=38146 MB  highWater=24414 MB
[GinkgoSolver] p-cache: reuse(update_matrix_value) solve=39 rebuildInterval=0
Schwarz(Jacobi)+Bicgstab:  Solving for omega, Initial residual = 1.3035243775743711e-05, Final residual = 8.98379040707287e-07, No Iterations 2, Solve time = 13.618 ms
bounding omega, min: -46100.34628457688 max: 45355982.67943773 average: 6370.928945862042
[GinkgoSolver] p-cache: reuse(update_matrix_value) solve=39 rebuildInterval=0
Schwarz(Jacobi)+Bicgstab:  Solving for k, Initial residual = 0.0002487226484785125, Final residual = 1.1280976853288428e-05, No Iterations 2, Solve time = 13.587 ms
bounding k, min: -0.02253140030526808 max: 872.5255847635519 average: 9.130404515778688
[mem] after-turb: DEVICE_POOL current=19126 MB  actual(reserved)=38146 MB  highWater=24414 MB
ExecutionTime = 74.83 s  ClockTime = 76 s

Time = 1040
[mem] step-start: DEVICE_POOL current=19126 MB  actual(reserved)=38146 MB  highWater=24414 MB
Schwarz(Jacobi)+Bicgstab:  Solving for Ux, Initial residual = 8.040011834162714e-05, Final residual = 6.074391456063302e-06, No Iterations 3, Solve time = 45.637 ms
Schwarz(Jacobi)+Bicgstab:  Solving for Uy, Initial residual = 0.00435764207843687, Final residual = 0.0001387632692119397, No Iterations 3, Solve time = 45.637 ms
Schwarz(Jacobi)+Bicgstab:  Solving for Uz, Initial residual = 0.0011086651453218258, Final residual = 4.772904813290043e-05, No Iterations 3, Solve time = 45.637 ms
[mem] after-UEqn: DEVICE_POOL current=19126 MB  actual(reserved)=38146 MB  highWater=24414 MB
[GinkgoSolver] p-cache: reuse(update_matrix_value) solve=40 rebuildInterval=0
config(Cg+Schwarz(Multigrid)):  Solving for p, Initial residual = 0.0013078407425901272, Final residual = 1.2310140236576286e-05, No Iterations 18, Solve time = 249.767 ms
time step continuity errors : sum local = 3.088532893718585e-06, global = -6.362779877966785e-08, cumulative = -1.0972468217390176e-06
[mem] after-pEqn: DEVICE_POOL current=19126 MB  actual(reserved)=38146 MB  highWater=24414 MB
[GinkgoSolver] p-cache: reuse(update_matrix_value) solve=40 rebuildInterval=0
Schwarz(Jacobi)+Bicgstab:  Solving for omega, Initial residual = 1.305867977577045e-05, Final residual = 9.044808360078725e-07, No Iterations 2, Solve time = 13.599 ms
bounding omega, min: -44419.84701726291 max: 45355982.66444321 average: 6371.066888584155
[GinkgoSolver] p-cache: reuse(update_matrix_value) solve=40 rebuildInterval=0
Schwarz(Jacobi)+Bicgstab:  Solving for k, Initial residual = 0.00024924023100079674, Final residual = 7.024297679374344e-06, No Iterations 3, Solve time = 16.899 ms
bounding k, min: -0.00012628694625079666 max: 872.4206512445041 average: 9.130525238629485
[mem] after-turb: DEVICE_POOL current=19126 MB  actual(reserved)=38146 MB  highWater=24414 MB
ExecutionTime = 75.63 s  ClockTime = 77 s

Time = 1041
[mem] step-start: DEVICE_POOL current=19126 MB  actual(reserved)=38146 MB  highWater=24414 MB
Schwarz(Jacobi)+Bicgstab:  Solving for Ux, Initial residual = 8.063574495278741e-05, Final residual = 3.883801790772477e-06, No Iterations 3, Solve time = 47.186 ms
Schwarz(Jacobi)+Bicgstab:  Solving for Uy, Initial residual = 0.0043695406448012505, Final residual = 0.00013899846226446777, No Iterations 3, Solve time = 47.186 ms
Schwarz(Jacobi)+Bicgstab:  Solving for Uz, Initial residual = 0.0011091618053777333, Final residual = 2.5258385550428753e-05, No Iterations 3, Solve time = 47.186 ms
[mem] after-UEqn: DEVICE_POOL current=19126 MB  actual(reserved)=38146 MB  highWater=24414 MB
[GinkgoSolver] p-cache: reuse(update_matrix_value) solve=41 rebuildInterval=0
config(Cg+Schwarz(Multigrid)):  Solving for p, Initial residual = 0.0013071111326194295, Final residual = 1.2285635412103135e-05, No Iterations 20, Solve time = 274.497 ms
time step continuity errors : sum local = 3.0836176465597226e-06, global = -5.2252639038626475e-08, cumulative = -1.1494994607776441e-06
[mem] after-pEqn: DEVICE_POOL current=19126 MB  actual(reserved)=38146 MB  highWater=24414 MB
[GinkgoSolver] p-cache: reuse(update_matrix_value) solve=41 rebuildInterval=0
Schwarz(Jacobi)+Bicgstab:  Solving for omega, Initial residual = 1.3075572172465667e-05, Final residual = 9.086345629009738e-07, No Iterations 2, Solve time = 13.653 ms
bounding omega, min: -44866.43833924505 max: 45355982.64920358 average: 6371.117472018647
[GinkgoSolver] p-cache: reuse(update_matrix_value) solve=41 rebuildInterval=0
Schwarz(Jacobi)+Bicgstab:  Solving for k, Initial residual = 0.00024908923300274576, Final residual = 1.668803048052783e-05, No Iterations 2, Solve time = 13.554 ms
bounding k, min: -0.008026641555351169 max: 872.3677974550077 average: 9.130385894868484
[mem] after-turb: DEVICE_POOL current=19126 MB  actual(reserved)=38146 MB  highWater=24414 MB
ExecutionTime = 76.44 s  ClockTime = 77 s

Time = 1042
[mem] step-start: DEVICE_POOL current=19126 MB  actual(reserved)=38146 MB  highWater=24414 MB
Schwarz(Jacobi)+Bicgstab:  Solving for Ux, Initial residual = 8.06648922879777e-05, Final residual = 1.0793803458876348e-05, No Iterations 3, Solve time = 45.828 ms
Schwarz(Jacobi)+Bicgstab:  Solving for Uy, Initial residual = 0.004379707571278612, Final residual = 0.00014212350867414547, No Iterations 3, Solve time = 45.828 ms
Schwarz(Jacobi)+Bicgstab:  Solving for Uz, Initial residual = 0.0011084790588662687, Final residual = 4.180833301336073e-05, No Iterations 3, Solve time = 45.828 ms
[mem] after-UEqn: DEVICE_POOL current=19126 MB  actual(reserved)=38146 MB  highWater=24414 MB
[GinkgoSolver] p-cache: reuse(update_matrix_value) solve=42 rebuildInterval=0
config(Cg+Schwarz(Multigrid)):  Solving for p, Initial residual = 0.0013346682149114795, Final residual = 1.2353535052081456e-05, No Iterations 21, Solve time = 291.078 ms
time step continuity errors : sum local = 3.1027279780891667e-06, global = -3.917048768220108e-08, cumulative = -1.1886699484598453e-06
[mem] after-pEqn: DEVICE_POOL current=19126 MB  actual(reserved)=38146 MB  highWater=24414 MB
[GinkgoSolver] p-cache: reuse(update_matrix_value) solve=42 rebuildInterval=0
Schwarz(Jacobi)+Bicgstab:  Solving for omega, Initial residual = 1.3202207821866382e-05, Final residual = 9.271983705397926e-07, No Iterations 2, Solve time = 13.602 ms
bounding omega, min: -239472.4255634703 max: 45355982.63286342 average: 6371.184393811488
[GinkgoSolver] p-cache: reuse(update_matrix_value) solve=42 rebuildInterval=0
Schwarz(Jacobi)+Bicgstab:  Solving for k, Initial residual = 0.00025045986613017997, Final residual = 1.4137627462195016e-05, No Iterations 2, Solve time = 13.621 ms
bounding k, min: -0.007915472506751786 max: 872.311362033477 average: 9.13068949749302
[mem] after-turb: DEVICE_POOL current=19126 MB  actual(reserved)=38146 MB  highWater=24414 MB
ExecutionTime = 77.27 s  ClockTime = 78 s

Time = 1043
[mem] step-start: DEVICE_POOL current=19126 MB  actual(reserved)=38146 MB  highWater=24414 MB
Schwarz(Jacobi)+Bicgstab:  Solving for Ux, Initial residual = 8.139181318837548e-05, Final residual = 6.84093364636867e-06, No Iterations 2, Solve time = 35.953 ms
Schwarz(Jacobi)+Bicgstab:  Solving for Uy, Initial residual = 0.0043881167435329774, Final residual = 0.0002981683403665593, No Iterations 2, Solve time = 35.953 ms
Schwarz(Jacobi)+Bicgstab:  Solving for Uz, Initial residual = 0.0011111415968719726, Final residual = 7.665569912705927e-05, No Iterations 2, Solve time = 35.953 ms
[mem] after-UEqn: DEVICE_POOL current=19126 MB  actual(reserved)=38146 MB  highWater=24414 MB
[GinkgoSolver] p-cache: reuse(update_matrix_value) solve=43 rebuildInterval=0
config(Cg+Schwarz(Multigrid)):  Solving for p, Initial residual = 0.0013252330458902327, Final residual = 1.2763306414916274e-05, No Iterations 21, Solve time = 284.251 ms
time step continuity errors : sum local = 3.20765829531823e-06, global = -3.2054102768649435e-08, cumulative = -1.2207240512284947e-06
[mem] after-pEqn: DEVICE_POOL current=19126 MB  actual(reserved)=38146 MB  highWater=24414 MB
[GinkgoSolver] p-cache: reuse(update_matrix_value) solve=43 rebuildInterval=0
Schwarz(Jacobi)+Bicgstab:  Solving for omega, Initial residual = 1.3213338045252247e-05, Final residual = 9.334232010960064e-07, No Iterations 2, Solve time = 13.642 ms
bounding omega, min: -45830.022947804144 max: 45355982.61907821 average: 6371.28794984216
[GinkgoSolver] p-cache: reuse(update_matrix_value) solve=43 rebuildInterval=0
Schwarz(Jacobi)+Bicgstab:  Solving for k, Initial residual = 0.00025113725921477195, Final residual = 1.3561951375008546e-05, No Iterations 2, Solve time = 13.633 ms
bounding k, min: -0.009086644496653307 max: 872.209016107204 average: 9.131018830724763
[mem] after-turb: DEVICE_POOL current=19126 MB  actual(reserved)=38146 MB  highWater=24414 MB
ExecutionTime = 78.09 s  ClockTime = 79 s

Time = 1044
[mem] step-start: DEVICE_POOL current=19126 MB  actual(reserved)=38146 MB  highWater=24414 MB
Schwarz(Jacobi)+Bicgstab:  Solving for Ux, Initial residual = 8.156521032741553e-05, Final residual = 5.624684781625604e-06, No Iterations 2, Solve time = 35.802 ms
Schwarz(Jacobi)+Bicgstab:  Solving for Uy, Initial residual = 0.00438181332749062, Final residual = 0.000678494065419336, No Iterations 2, Solve time = 35.802 ms
Schwarz(Jacobi)+Bicgstab:  Solving for Uz, Initial residual = 0.0011181579633418543, Final residual = 7.589079543891967e-05, No Iterations 2, Solve time = 35.802 ms
[mem] after-UEqn: DEVICE_POOL current=19126 MB  actual(reserved)=38146 MB  highWater=24414 MB
[GinkgoSolver] p-cache: reuse(update_matrix_value) solve=44 rebuildInterval=0
config(Cg+Schwarz(Multigrid)):  Solving for p, Initial residual = 0.0013122490289413417, Final residual = 1.185590334322252e-05, No Iterations 23, Solve time = 313.141 ms
time step continuity errors : sum local = 2.9809628730232297e-06, global = -2.7865785634681983e-08, cumulative = -1.2485898368631767e-06
[mem] after-pEqn: DEVICE_POOL current=19126 MB  actual(reserved)=38146 MB  highWater=24414 MB
[GinkgoSolver] p-cache: reuse(update_matrix_value) solve=44 rebuildInterval=0
Schwarz(Jacobi)+Bicgstab:  Solving for omega, Initial residual = 1.3248000893659107e-05, Final residual = 9.362451537320767e-07, No Iterations 2, Solve time = 13.595 ms
bounding omega, min: -46018.97034891949 max: 45355982.60807227 average: 6371.376580737072
[GinkgoSolver] p-cache: reuse(update_matrix_value) solve=44 rebuildInterval=0
Schwarz(Jacobi)+Bicgstab:  Solving for k, Initial residual = 0.00025156691095516975, Final residual = 1.3784339708693884e-05, No Iterations 2, Solve time = 13.6 ms
bounding k, min: -0.004336693807609288 max: 872.0859610643478 average: 9.131593138908645
[mem] after-turb: DEVICE_POOL current=19126 MB  actual(reserved)=38146 MB  highWater=24414 MB
ExecutionTime = 78.93000000000001 s  ClockTime = 80 s

Time = 1045
[mem] step-start: DEVICE_POOL current=19126 MB  actual(reserved)=38146 MB  highWater=24414 MB
Schwarz(Jacobi)+Bicgstab:  Solving for Ux, Initial residual = 8.158743837154671e-05, Final residual = 3.405796098519528e-06, No Iterations 3, Solve time = 45.633 ms
Schwarz(Jacobi)+Bicgstab:  Solving for Uy, Initial residual = 0.004429368302053485, Final residual = 0.0001446174144150683, No Iterations 3, Solve time = 45.633 ms
Schwarz(Jacobi)+Bicgstab:  Solving for Uz, Initial residual = 0.0011211530999902545, Final residual = 4.839480279469849e-05, No Iterations 3, Solve time = 45.633 ms
[mem] after-UEqn: DEVICE_POOL current=19126 MB  actual(reserved)=38146 MB  highWater=24414 MB
[GinkgoSolver] p-cache: reuse(update_matrix_value) solve=45 rebuildInterval=0
config(Cg+Schwarz(Multigrid)):  Solving for p, Initial residual = 0.0013100234035876455, Final residual = 1.1722150778915184e-05, No Iterations 23, Solve time = 311.708 ms
time step continuity errors : sum local = 2.9478029652578335e-06, global = -3.028751215426509e-08, cumulative = -1.2788773490174417e-06
[mem] after-pEqn: DEVICE_POOL current=19126 MB  actual(reserved)=38146 MB  highWater=24414 MB
[GinkgoSolver] p-cache: reuse(update_matrix_value) solve=45 rebuildInterval=0
Schwarz(Jacobi)+Bicgstab:  Solving for omega, Initial residual = 1.3246654044922796e-05, Final residual = 9.34381330417174e-07, No Iterations 2, Solve time = 13.655 ms
bounding omega, min: -46490.98205447728 max: 45355982.600734785 average: 6371.439276374184
[GinkgoSolver] p-cache: reuse(update_matrix_value) solve=45 rebuildInterval=0
Schwarz(Jacobi)+Bicgstab:  Solving for k, Initial residual = 0.00025195372653412357, Final residual = 1.3845908096422537e-05, No Iterations 2, Solve time = 13.626 ms
bounding k, min: -0.00855981301820459 max: 871.9102917314156 average: 9.131999834550427
[mem] after-turb: DEVICE_POOL current=19126 MB  actual(reserved)=38146 MB  highWater=24414 MB
ExecutionTime = 79.79000000000001 s  ClockTime = 81 s

Time = 1046
[mem] step-start: DEVICE_POOL current=19126 MB  actual(reserved)=38146 MB  highWater=24414 MB
Schwarz(Jacobi)+Bicgstab:  Solving for Ux, Initial residual = 8.147016759235826e-05, Final residual = 5.6526309411175785e-06, No Iterations 3, Solve time = 45.696 ms
Schwarz(Jacobi)+Bicgstab:  Solving for Uy, Initial residual = 0.004439038403569803, Final residual = 0.0001459005580607013, No Iterations 3, Solve time = 45.696 ms
Schwarz(Jacobi)+Bicgstab:  Solving for Uz, Initial residual = 0.0011223901555394353, Final residual = 3.7765251952524614e-05, No Iterations 3, Solve time = 45.696 ms
[mem] after-UEqn: DEVICE_POOL current=19126 MB  actual(reserved)=38146 MB  highWater=24414 MB
[GinkgoSolver] p-cache: reuse(update_matrix_value) solve=46 rebuildInterval=0
config(Cg+Schwarz(Multigrid)):  Solving for p, Initial residual = 0.0013177082829416947, Final residual = 1.2371616269337345e-05, No Iterations 37, Solve time = 486.831 ms
time step continuity errors : sum local = 3.1105755644800527e-06, global = -4.9750753170990624e-08, cumulative = -1.3286281021884324e-06
[mem] after-pEqn: DEVICE_POOL current=19126 MB  actual(reserved)=38146 MB  highWater=24414 MB
[GinkgoSolver] p-cache: reuse(update_matrix_value) solve=46 rebuildInterval=0
Schwarz(Jacobi)+Bicgstab:  Solving for omega, Initial residual = 1.3269181185924848e-05, Final residual = 9.351715451826617e-07, No Iterations 2, Solve time = 13.559 ms
bounding omega, min: -189651.2287403783 max: 45355982.59656272 average: 6371.450049795314
[GinkgoSolver] p-cache: reuse(update_matrix_value) solve=46 rebuildInterval=0
Schwarz(Jacobi)+Bicgstab:  Solving for k, Initial residual = 0.00025253326247568007, Final residual = 1.3990945326752189e-05, No Iterations 2, Solve time = 13.54 ms
bounding k, min: -0.006028440873066129 max: 871.7207398774415 average: 9.132485441412115
[mem] after-turb: DEVICE_POOL current=19126 MB  actual(reserved)=38146 MB  highWater=24414 MB
ExecutionTime = 80.81999999999999 s  ClockTime = 82 s

Time = 1047
[mem] step-start: DEVICE_POOL current=19126 MB  actual(reserved)=38146 MB  highWater=24414 MB
Schwarz(Jacobi)+Bicgstab:  Solving for Ux, Initial residual = 8.161896486387261e-05, Final residual = 4.024587875075873e-06, No Iterations 3, Solve time = 45.738 ms
Schwarz(Jacobi)+Bicgstab:  Solving for Uy, Initial residual = 0.004448807457637307, Final residual = 0.00014885754711875524, No Iterations 3, Solve time = 45.738 ms
Schwarz(Jacobi)+Bicgstab:  Solving for Uz, Initial residual = 0.0011238516033130858, Final residual = 4.347701940145662e-05, No Iterations 3, Solve time = 45.738 ms
[mem] after-UEqn: DEVICE_POOL current=19126 MB  actual(reserved)=38146 MB  highWater=24414 MB
[GinkgoSolver] p-cache: reuse(update_matrix_value) solve=47 rebuildInterval=0
config(Cg+Schwarz(Multigrid)):  Solving for p, Initial residual = 0.0013180590632567736, Final residual = 1.2991079870589866e-05, No Iterations 23, Solve time = 311.559 ms
time step continuity errors : sum local = 3.2564994534510655e-06, global = -5.0518270587228675e-08, cumulative = -1.379146372775661e-06
[mem] after-pEqn: DEVICE_POOL current=19126 MB  actual(reserved)=38146 MB  highWater=24414 MB
[GinkgoSolver] p-cache: reuse(update_matrix_value) solve=47 rebuildInterval=0
Schwarz(Jacobi)+Bicgstab:  Solving for omega, Initial residual = 1.3273030883465222e-05, Final residual = 9.284526578034567e-07, No Iterations 2, Solve time = 13.611 ms
bounding omega, min: -47203.41165766929 max: 45355982.59534537 average: 6371.465144379357
[GinkgoSolver] p-cache: reuse(update_matrix_value) solve=47 rebuildInterval=0
Schwarz(Jacobi)+Bicgstab:  Solving for k, Initial residual = 0.00025285473599465525, Final residual = 1.41346244943994e-05, No Iterations 2, Solve time = 13.6 ms
bounding k, min: -0.0077888998575785795 max: 871.3536548265753 average: 9.132942840893076
[mem] after-turb: DEVICE_POOL current=19126 MB  actual(reserved)=38146 MB  highWater=24414 MB
ExecutionTime = 81.67 s  ClockTime = 83 s

Time = 1048
[mem] step-start: DEVICE_POOL current=19126 MB  actual(reserved)=38146 MB  highWater=24414 MB
Schwarz(Jacobi)+Bicgstab:  Solving for Ux, Initial residual = 8.159003421004e-05, Final residual = 4.991650538088155e-06, No Iterations 3, Solve time = 45.581 ms
Schwarz(Jacobi)+Bicgstab:  Solving for Uy, Initial residual = 0.004456390302518813, Final residual = 0.00015222435520757924, No Iterations 3, Solve time = 45.581 ms
Schwarz(Jacobi)+Bicgstab:  Solving for Uz, Initial residual = 0.0011264605546716252, Final residual = 3.610221953093107e-05, No Iterations 3, Solve time = 45.581 ms
[mem] after-UEqn: DEVICE_POOL current=19126 MB  actual(reserved)=38146 MB  highWater=24414 MB
[GinkgoSolver] p-cache: reuse(update_matrix_value) solve=48 rebuildInterval=0
config(Cg+Schwarz(Multigrid)):  Solving for p, Initial residual = 0.001319580263805072, Final residual = 1.2770331270990351e-05, No Iterations 21, Solve time = 287.197 ms
time step continuity errors : sum local = 3.198934924426461e-06, global = -6.583298470077872e-08, cumulative = -1.4449793574764398e-06
[mem] after-pEqn: DEVICE_POOL current=19126 MB  actual(reserved)=38146 MB  highWater=24414 MB
[GinkgoSolver] p-cache: reuse(update_matrix_value) solve=48 rebuildInterval=0
Schwarz(Jacobi)+Bicgstab:  Solving for omega, Initial residual = 1.3278058814995536e-05, Final residual = 9.213409873477769e-07, No Iterations 2, Solve time = 13.645 ms
bounding omega, min: -47390.74338920716 max: 45355982.59677652 average: 6371.449229442339
[GinkgoSolver] p-cache: reuse(update_matrix_value) solve=48 rebuildInterval=0
Schwarz(Jacobi)+Bicgstab:  Solving for k, Initial residual = 0.00025323662464584986, Final residual = 1.4247359105592575e-05, No Iterations 2, Solve time = 13.555 ms
bounding k, min: -0.00383571615866847 max: 871.1434277851458 average: 9.1334371418621
[mem] after-turb: DEVICE_POOL current=19126 MB  actual(reserved)=38146 MB  highWater=24414 MB
ExecutionTime = 82.48999999999999 s  ClockTime = 83 s

Time = 1049
[mem] step-start: DEVICE_POOL current=19126 MB  actual(reserved)=38146 MB  highWater=24414 MB
Schwarz(Jacobi)+Bicgstab:  Solving for Ux, Initial residual = 8.167111401765485e-05, Final residual = 5.062732620405252e-06, No Iterations 2, Solve time = 35.839 ms
Schwarz(Jacobi)+Bicgstab:  Solving for Uy, Initial residual = 0.004462018119160421, Final residual = 0.0002510406798093813, No Iterations 2, Solve time = 35.839 ms
Schwarz(Jacobi)+Bicgstab:  Solving for Uz, Initial residual = 0.001128608656370267, Final residual = 7.789126624332753e-05, No Iterations 2, Solve time = 35.839 ms
[mem] after-UEqn: DEVICE_POOL current=19126 MB  actual(reserved)=38146 MB  highWater=24414 MB
[GinkgoSolver] p-cache: reuse(update_matrix_value) solve=49 rebuildInterval=0
config(Cg+Schwarz(Multigrid)):  Solving for p, Initial residual = 0.0013184953043535483, Final residual = 1.256199848050981e-05, No Iterations 39, Solve time = 512.686 ms
time step continuity errors : sum local = 3.1447905975748885e-06, global = -5.07861332869435e-08, cumulative = -1.4957654907633833e-06
[mem] after-pEqn: DEVICE_POOL current=19126 MB  actual(reserved)=38146 MB  highWater=24414 MB
[GinkgoSolver] p-cache: reuse(update_matrix_value) solve=49 rebuildInterval=0
Schwarz(Jacobi)+Bicgstab:  Solving for omega, Initial residual = 1.3295424976228098e-05, Final residual = 9.265751916101456e-07, No Iterations 2, Solve time = 13.626 ms
bounding omega, min: -47620.96852659413 max: 45355982.6006992 average: 6371.485426646537
[GinkgoSolver] p-cache: reuse(update_matrix_value) solve=49 rebuildInterval=0
Schwarz(Jacobi)+Bicgstab:  Solving for k, Initial residual = 0.00025367611703701267, Final residual = 1.4290697798493848e-05, No Iterations 2, Solve time = 13.625 ms
bounding k, min: -0.0015322035790957499 max: 870.937077124031 average: 9.133984425758378
[mem] after-turb: DEVICE_POOL current=19126 MB  actual(reserved)=38146 MB  highWater=24414 MB
ExecutionTime = 83.54000000000001 s  ClockTime = 85 s

Time = 1050
[mem] step-start: DEVICE_POOL current=19126 MB  actual(reserved)=38146 MB  highWater=24414 MB
Schwarz(Jacobi)+Bicgstab:  Solving for Ux, Initial residual = 8.18093190379557e-05, Final residual = 5.115261710665454e-06, No Iterations 2, Solve time = 35.943 ms
Schwarz(Jacobi)+Bicgstab:  Solving for Uy, Initial residual = 0.004457413593986641, Final residual = 0.0007513001097718009, No Iterations 2, Solve time = 35.943 ms
Schwarz(Jacobi)+Bicgstab:  Solving for Uz, Initial residual = 0.0011348457578618226, Final residual = 7.939733072522128e-05, No Iterations 2, Solve time = 35.943 ms
[mem] after-UEqn: DEVICE_POOL current=19126 MB  actual(reserved)=38146 MB  highWater=24414 MB
[GinkgoSolver] p-cache: reuse(update_matrix_value) solve=50 rebuildInterval=0
config(Cg+Schwarz(Multigrid)):  Solving for p, Initial residual = 0.001321164851611106, Final residual = 1.2001990109831488e-05, No Iterations 20, Solve time = 273.21 ms
time step continuity errors : sum local = 2.9923425532845203e-06, global = -8.057176635303371e-08, cumulative = -1.576337257116417e-06
[mem] after-pEqn: DEVICE_POOL current=19126 MB  actual(reserved)=38146 MB  highWater=24414 MB
[GinkgoSolver] p-cache: reuse(update_matrix_value) solve=50 rebuildInterval=0
Schwarz(Jacobi)+Bicgstab:  Solving for omega, Initial residual = 1.3313373015317495e-05, Final residual = 9.225736799152658e-07, No Iterations 2, Solve time = 13.603 ms
bounding omega, min: -135915.1691948437 max: 45355982.607600935 average: 6371.588963203245
[GinkgoSolver] p-cache: reuse(update_matrix_value) solve=50 rebuildInterval=0
Schwarz(Jacobi)+Bicgstab:  Solving for k, Initial residual = 0.000253840047527187, Final residual = 1.4136730468238353e-05, No Iterations 2, Solve time = 13.576 ms
bounding k, min: -0.001957451132160039 max: 870.7325831229291 average: 9.134812072867723
[mem] after-turb: DEVICE_POOL current=19126 MB  actual(reserved)=38146 MB  highWater=24414 MB
Writing p
Writing U
Writing turbulence variables
ExecutionTime = 85.5 s  ClockTime = 88 s

Finalizing NeoN
Finalising parallel run
