/*---------------------------------------------------------------------------*\
| =========                 |                                                 |
| \\      /  F ield         | OpenFOAM: The Open Source CFD Toolbox           |
|  \\    /   O peration     | Version:  2506                                  |
|   \\  /    A nd           | Website:  www.openfoam.com                      |
|    \\/     M anipulation  |                                                 |
\*---------------------------------------------------------------------------*/
Build  : b050cd9480-20250814 OPENFOAM=2506 version=v2506
Arch   : "LSB;label=32;scalar=64"
Exec   : /storage/home/greole/code/NeoFOAM/build/profilingnvidia_h200/bin/neoSimpleFoam -parallel
Date   : Jul 15 2026
Time   : 10:31:47
Host   : gpu-nvidia-h200-3.int.coma-cluster.de
PID    : 3756647
I/O    : uncollated
Case   : /storage/home/greole/code/NeoFOAM/occDrivAerStaticMesh
nProcs : 4
Hosts  :
(
    (gpu-nvidia-h200-3.int.coma-cluster.de 4)
)
Pstream initialized with:
    node communication : off [type=host] (4 ranks, 1 nodes)
    topology controls  : none
    consensus exchange : 0 (tuning: 0)
    exchange algorithm : 0
    commsType          : nonBlocking
    polling iterations : 0
trapFpe: Floating point exception trapping enabled (FOAM_SIGFPE).
fileModificationChecking : Monitoring run-time modified files using timeStampMaster (fileModificationSkew 5, maxFileModificationPolls 20)
allowSystemOperations : Allowing user-supplied system call operations

// * * * * * * * * * * * * * * * * * * * * * * * * * * * * * * * * * * * * * //
Create time

Initializing NeoN
Creating Executor GPU
Creating NeoFOAM runTime
GPU-aware MPI: library-available=yes, NeoN-flag=on, executor=GPUExecutor, ranks=4 -> used=yes

SIMPLE: no convergence criteria found. Calculations will run for 50 steps.

Reading field p

Reading field U

Reading/calculating face flux field phi

Selecting incompressible transport model Newtonian
NeoFOAM solver config (from fvSolution configFile) for 'config(Cg+Multigrid)':
{
    cacheSolver: true
    configFile: <NeoN::TokenList>
    l1ScaledResidual: true
    preconditionerRebuildInterval: 0
    relTol: 0.010000
    reportName: config(Cg+Multigrid)
    solver: Ginkgo
    tolerance: 0.000000
}
    effective optimize: false
    effective checkFrequency: 1
Mapping OpenFOAM solver settings to NeoN settings.
Currently, it is advisable to specify a configFile
for fine grained Ginkgo solver control

Replacing solver PBiCGStab by solver::Bicgstab
Replacing preconditioner diagonal by preconditioner::Schwarz (Schwarz-wrapped for distributed run)
NeoFOAM solver config (mapped from fvSolution) for 'Schwarz(Jacobi)+Bicgstab':
{
    cacheSolver: true
    criteria: {
        absolute_residual_norm: 0.000000
        initial_residual_norm: 0.100000
        iteration: 1000
    }
    l1ScaledResidual: true
    optimize: true
    preconditioner: {
        local_solver: {
            max_block_size: 1
            type: preconditioner::Jacobi
        }
        type: preconditioner::Schwarz
    }
    reportName: Schwarz(Jacobi)+Bicgstab
    solver: Ginkgo
    type: solver::Bicgstab
}
    effective optimize: true
    effective checkFrequency: 1
Creating phi

[NF][/storage/home/greole/code/NeoFOAM/include/NeoFOAM/auxiliary/readers.hpp::434]: Internal: 49333487, Boundary: 1754396

[NF][/storage/home/greole/code/NeoFOAM/include/NeoFOAM/auxiliary/readers.hpp::434]: Internal: 49320882, Boundary: 1762558

[NF][/storage/home/greole/code/NeoFOAM/include/NeoFOAM/auxiliary/readers.hpp::434]: Internal: 49261542, Boundary: 1427829

[NF][/storage/home/greole/code/NeoFOAM/include/NeoFOAM/auxiliary/readers.hpp::434]: Internal: 49243125, Boundary: 1362247
Selecting patchDistMethod meshWave
Mapping OpenFOAM solver settings to NeoN settings.
Currently, it is advisable to specify a configFile
for fine grained Ginkgo solver control

Replacing solver PBiCGStab by solver::Bicgstab
Replacing preconditioner diagonal by preconditioner::Schwarz (Schwarz-wrapped for distributed run)
NeoFOAM solver config (mapped from fvSolution) for 'Schwarz(Jacobi)+Bicgstab':
{
    cacheSolver: true
    criteria: {
        absolute_residual_norm: 0.000000
        initial_residual_norm: 0.100000
        iteration: 1000
    }
    l1ScaledResidual: true
    optimize: true
    preconditioner: {
        local_solver: {
            max_block_size: 1
            type: preconditioner::Jacobi
        }
        type: preconditioner::Schwarz
    }
    reportName: Schwarz(Jacobi)+Bicgstab
    solver: Ginkgo
    type: solver::Bicgstab
}
    effective optimize: true
    effective checkFrequency: 1
Mapping OpenFOAM solver settings to NeoN settings.
Currently, it is advisable to specify a configFile
for fine grained Ginkgo solver control

Replacing solver PBiCGStab by solver::Bicgstab
Replacing preconditioner diagonal by preconditioner::Schwarz (Schwarz-wrapped for distributed run)
NeoFOAM solver config (mapped from fvSolution) for 'Schwarz(Jacobi)+Bicgstab':
{
    cacheSolver: true
    criteria: {
        absolute_residual_norm: 0.000000
        initial_residual_norm: 0.100000
        iteration: 1000
    }
    l1ScaledResidual: true
    optimize: true
    preconditioner: {
        local_solver: {
            max_block_size: 1
            type: preconditioner::Jacobi
        }
        type: preconditioner::Schwarz
    }
    reportName: Schwarz(Jacobi)+Bicgstab
    solver: Ginkgo
    type: solver::Bicgstab
}
    effective optimize: true
    effective checkFrequency: 1
[mem] setup.end: DEVICE_POOL current=12979 MB  actual(reserved)=38146 MB  highWater=19132 MB
Starting time loop
Time = 1001
[mem] step-start: DEVICE_POOL current=12979 MB  actual(reserved)=38146 MB  highWater=19132 MB
Schwarz(Jacobi)+Bicgstab:  Solving for Ux, Initial residual = 7.915653595474025e-05, Final residual = 3.1179240294672184e-06, No Iterations 3, Solve time = 241.218 ms
Schwarz(Jacobi)+Bicgstab:  Solving for Uy, Initial residual = 0.004031496388501875, Final residual = 0.00014160852369410676, No Iterations 3, Solve time = 241.218 ms
Schwarz(Jacobi)+Bicgstab:  Solving for Uz, Initial residual = 0.0011224948656558265, Final residual = 4.8975396728925534e-05, No Iterations 3, Solve time = 241.218 ms
[mem] after-UEqn: DEVICE_POOL current=15473 MB  actual(reserved)=38146 MB  highWater=20761 MB
[GinkgoSolver] p-cache: rebuild(generate) solve=1 rebuildInterval=0
config(Cg+Multigrid):  Solving for p, Initial residual = 0.0013092178421721782, Final residual = 9.891335087183558e-06, No Iterations 10, Solve time = 917.553 ms
time step continuity errors : sum local = 2.4978908899199952e-06, global = 4.398203314063385e-08, cumulative = 4.398203314063385e-08
[mem] after-pEqn: DEVICE_POOL current=16941 MB  actual(reserved)=38146 MB  highWater=20761 MB
[GinkgoSolver] p-cache: rebuild(generate) solve=1 rebuildInterval=0
Schwarz(Jacobi)+Bicgstab:  Solving for omega, Initial residual = 1.3009209255443973e-05, Final residual = 9.270030152277996e-07, No Iterations 2, Solve time = 74.988 ms
bounding omega, min: -36000.012622681505 max: 45355982.77769653 average: 6373.886406466388
[GinkgoSolver] p-cache: rebuild(generate) solve=1 rebuildInterval=0
Schwarz(Jacobi)+Bicgstab:  Solving for k, Initial residual = 0.00024224279568178962, Final residual = 9.448927481180351e-06, No Iterations 3, Solve time = 98.755 ms
bounding k, min: -2.26745465190422e-05 max: 942.8722692634565 average: 9.15275925489415
[mem] after-turb: DEVICE_POOL current=19126 MB  actual(reserved)=38146 MB  highWater=21935 MB
ExecutionTime = 48.01 s  ClockTime = 48 s

Time = 1002
[mem] step-start: DEVICE_POOL current=19126 MB  actual(reserved)=38146 MB  highWater=21935 MB
Schwarz(Jacobi)+Bicgstab:  Solving for Ux, Initial residual = 7.875245648045201e-05, Final residual = 2.991853874428265e-06, No Iterations 3, Solve time = 243.81 ms
Schwarz(Jacobi)+Bicgstab:  Solving for Uy, Initial residual = 0.004033839279913828, Final residual = 0.00014042503056874942, No Iterations 3, Solve time = 243.81 ms
Schwarz(Jacobi)+Bicgstab:  Solving for Uz, Initial residual = 0.0011190410153055145, Final residual = 4.1247258107149104e-05, No Iterations 3, Solve time = 243.81 ms
[mem] after-UEqn: DEVICE_POOL current=19126 MB  actual(reserved)=38146 MB  highWater=24414 MB
[GinkgoSolver] p-cache: reuse(update_matrix_value) solve=2 rebuildInterval=0
config(Cg+Multigrid):  Solving for p, Initial residual = 0.001277253030747304, Final residual = 1.1739656131507662e-05, No Iterations 10, Solve time = 897.161 ms
time step continuity errors : sum local = 2.9678637752232148e-06, global = 3.546459470853477e-08, cumulative = 7.944662784916862e-08
[mem] after-pEqn: DEVICE_POOL current=19126 MB  actual(reserved)=38146 MB  highWater=24414 MB
[GinkgoSolver] p-cache: reuse(update_matrix_value) solve=2 rebuildInterval=0
Schwarz(Jacobi)+Bicgstab:  Solving for omega, Initial residual = 1.3120826817951822e-05, Final residual = 8.756698953046073e-07, No Iterations 2, Solve time = 91.204 ms
bounding omega, min: -93516.65002104631 max: 45355982.85231062 average: 6373.627084968844
[GinkgoSolver] p-cache: reuse(update_matrix_value) solve=2 rebuildInterval=0
Schwarz(Jacobi)+Bicgstab:  Solving for k, Initial residual = 0.00024149308133486244, Final residual = 1.1410315627064926e-05, No Iterations 2, Solve time = 77.527 ms
bounding k, min: -0.0002965407484722479 max: 934.3423913195404 average: 9.152492989635274
[mem] after-turb: DEVICE_POOL current=19126 MB  actual(reserved)=38146 MB  highWater=24414 MB
ExecutionTime = 50.47 s  ClockTime = 50 s

Time = 1003
[mem] step-start: DEVICE_POOL current=19126 MB  actual(reserved)=38146 MB  highWater=24414 MB
Schwarz(Jacobi)+Bicgstab:  Solving for Ux, Initial residual = 7.857990186348833e-05, Final residual = 2.4107359468515144e-06, No Iterations 3, Solve time = 243.326 ms
Schwarz(Jacobi)+Bicgstab:  Solving for Uy, Initial residual = 0.0040307416671485265, Final residual = 0.00013652732345274574, No Iterations 3, Solve time = 243.326 ms
Schwarz(Jacobi)+Bicgstab:  Solving for Uz, Initial residual = 0.0011175804506005844, Final residual = 3.9049603466378456e-05, No Iterations 3, Solve time = 243.326 ms
[mem] after-UEqn: DEVICE_POOL current=19126 MB  actual(reserved)=38146 MB  highWater=24414 MB
[GinkgoSolver] p-cache: reuse(update_matrix_value) solve=3 rebuildInterval=0
config(Cg+Multigrid):  Solving for p, Initial residual = 0.0012680976867441537, Final residual = 1.114458069347059e-05, No Iterations 11, Solve time = 968.113 ms
time step continuity errors : sum local = 2.8184523094008222e-06, global = 2.0488863846860005e-08, cumulative = 9.993549169602862e-08
[mem] after-pEqn: DEVICE_POOL current=19126 MB  actual(reserved)=38146 MB  highWater=24414 MB
[GinkgoSolver] p-cache: reuse(update_matrix_value) solve=3 rebuildInterval=0
Schwarz(Jacobi)+Bicgstab:  Solving for omega, Initial residual = 1.2977222328846263e-05, Final residual = 8.495486693824526e-07, No Iterations 2, Solve time = 79.004 ms
bounding omega, min: -36233.470743030535 max: 45355982.94034533 average: 6373.5041887549705
[GinkgoSolver] p-cache: reuse(update_matrix_value) solve=3 rebuildInterval=0
Schwarz(Jacobi)+Bicgstab:  Solving for k, Initial residual = 0.00024127539721444035, Final residual = 1.3114804689362017e-05, No Iterations 2, Solve time = 74.991 ms
bounding k, min: -0.0006916721221225143 max: 922.3019183263917 average: 9.15231924578846
[mem] after-turb: DEVICE_POOL current=19126 MB  actual(reserved)=38146 MB  highWater=24414 MB
ExecutionTime = 53 s  ClockTime = 53 s

Time = 1004
[mem] step-start: DEVICE_POOL current=19126 MB  actual(reserved)=38146 MB  highWater=24414 MB
Schwarz(Jacobi)+Bicgstab:  Solving for Ux, Initial residual = 7.847644345660398e-05, Final residual = 2.0509300972727945e-06, No Iterations 3, Solve time = 245.212 ms
Schwarz(Jacobi)+Bicgstab:  Solving for Uy, Initial residual = 0.004025662533263717, Final residual = 0.00013305331748482882, No Iterations 3, Solve time = 245.212 ms
Schwarz(Jacobi)+Bicgstab:  Solving for Uz, Initial residual = 0.0011172358252950015, Final residual = 4.126051213427035e-05, No Iterations 3, Solve time = 245.212 ms
[mem] after-UEqn: DEVICE_POOL current=19126 MB  actual(reserved)=38146 MB  highWater=24414 MB
[GinkgoSolver] p-cache: reuse(update_matrix_value) solve=4 rebuildInterval=0
config(Cg+Multigrid):  Solving for p, Initial residual = 0.0012661617214443123, Final residual = 1.1580088454113735e-05, No Iterations 12, Solve time = 1024.935 ms
time step continuity errors : sum local = 2.9281823782935503e-06, global = 3.3747684382488926e-09, cumulative = 1.0331026013427752e-07
[mem] after-pEqn: DEVICE_POOL current=19126 MB  actual(reserved)=38146 MB  highWater=24414 MB
[GinkgoSolver] p-cache: reuse(update_matrix_value) solve=4 rebuildInterval=0
Schwarz(Jacobi)+Bicgstab:  Solving for omega, Initial residual = 1.2865336045374215e-05, Final residual = 8.408021617568884e-07, No Iterations 2, Solve time = 86.335 ms
bounding omega, min: -34547.49064634188 max: 45355983.02433312 average: 6373.6477498368595
[GinkgoSolver] p-cache: reuse(update_matrix_value) solve=4 rebuildInterval=0
Schwarz(Jacobi)+Bicgstab:  Solving for k, Initial residual = 0.0002412380706822512, Final residual = 1.3713614094947806e-05, No Iterations 2, Solve time = 78.252 ms
bounding k, min: -0.0053878369757964645 max: 907.49831920839 average: 9.152103657280657
[mem] after-turb: DEVICE_POOL current=19126 MB  actual(reserved)=38146 MB  highWater=24414 MB
ExecutionTime = 55.57 s  ClockTime = 56 s

Time = 1005
[mem] step-start: DEVICE_POOL current=19126 MB  actual(reserved)=38146 MB  highWater=24414 MB
Schwarz(Jacobi)+Bicgstab:  Solving for Ux, Initial residual = 7.836569059318289e-05, Final residual = 3.867217051587997e-06, No Iterations 2, Solve time = 185.788 ms
Schwarz(Jacobi)+Bicgstab:  Solving for Uy, Initial residual = 0.004020126561122094, Final residual = 0.00024982393748773055, No Iterations 2, Solve time = 185.788 ms
Schwarz(Jacobi)+Bicgstab:  Solving for Uz, Initial residual = 0.001117474557432224, Final residual = 6.377828308445255e-05, No Iterations 2, Solve time = 185.788 ms
[mem] after-UEqn: DEVICE_POOL current=19126 MB  actual(reserved)=38146 MB  highWater=24414 MB
[GinkgoSolver] p-cache: reuse(update_matrix_value) solve=5 rebuildInterval=0
config(Cg+Multigrid):  Solving for p, Initial residual = 0.0012726820844860575, Final residual = 1.2087651632607567e-05, No Iterations 13, Solve time = 1096.017 ms
time step continuity errors : sum local = 3.0549226143953516e-06, global = -1.3241151816643625e-08, cumulative = 9.006910831763389e-08
[mem] after-pEqn: DEVICE_POOL current=19126 MB  actual(reserved)=38146 MB  highWater=24414 MB
[GinkgoSolver] p-cache: reuse(update_matrix_value) solve=5 rebuildInterval=0
Schwarz(Jacobi)+Bicgstab:  Solving for omega, Initial residual = 1.2847921941370098e-05, Final residual = 8.455506442001178e-07, No Iterations 2, Solve time = 90.976 ms
bounding omega, min: -35692.13635418493 max: 45355983.09167368 average: 6373.837965300853
[GinkgoSolver] p-cache: reuse(update_matrix_value) solve=5 rebuildInterval=0
Schwarz(Jacobi)+Bicgstab:  Solving for k, Initial residual = 0.00024164291796135195, Final residual = 1.3721270568761069e-05, No Iterations 2, Solve time = 72.912 ms
bounding k, min: -0.002307037822736377 max: 900.2237384428046 average: 9.151933365642247
[mem] after-turb: DEVICE_POOL current=19126 MB  actual(reserved)=38146 MB  highWater=24414 MB
ExecutionTime = 58.16 s  ClockTime = 58 s

Time = 1006
[mem] step-start: DEVICE_POOL current=19126 MB  actual(reserved)=38146 MB  highWater=24414 MB
Schwarz(Jacobi)+Bicgstab:  Solving for Ux, Initial residual = 7.845592124922752e-05, Final residual = 2.46394068044419e-06, No Iterations 3, Solve time = 236.187 ms
Schwarz(Jacobi)+Bicgstab:  Solving for Uy, Initial residual = 0.004011789585496677, Final residual = 0.00015326598123785592, No Iterations 3, Solve time = 236.187 ms
Schwarz(Jacobi)+Bicgstab:  Solving for Uz, Initial residual = 0.00111911447126487, Final residual = 6.120606446008096e-05, No Iterations 3, Solve time = 236.187 ms
[mem] after-UEqn: DEVICE_POOL current=19126 MB  actual(reserved)=38146 MB  highWater=24414 MB
[GinkgoSolver] p-cache: reuse(update_matrix_value) solve=6 rebuildInterval=0
config(Cg+Multigrid):  Solving for p, Initial residual = 0.0012713618803605513, Final residual = 1.218581407726661e-05, No Iterations 18, Solve time = 1487.504 ms
time step continuity errors : sum local = 3.077551691013362e-06, global = -3.681880410636187e-08, cumulative = 5.325030421127202e-08
[mem] after-pEqn: DEVICE_POOL current=19126 MB  actual(reserved)=38146 MB  highWater=24414 MB
[GinkgoSolver] p-cache: reuse(update_matrix_value) solve=6 rebuildInterval=0
Schwarz(Jacobi)+Bicgstab:  Solving for omega, Initial residual = 1.2812872580067696e-05, Final residual = 8.414581554019003e-07, No Iterations 2, Solve time = 86.815 ms
bounding omega, min: -128773.1840178988 max: 45355983.12600572 average: 6374.021250465316
[GinkgoSolver] p-cache: reuse(update_matrix_value) solve=6 rebuildInterval=0
Schwarz(Jacobi)+Bicgstab:  Solving for k, Initial residual = 0.0002417104741984244, Final residual = 1.3492707362110984e-05, No Iterations 2, Solve time = 74.386 ms
bounding k, min: -0.0023485327992689986 max: 894.3639169836961 average: 9.151717780089289
[mem] after-turb: DEVICE_POOL current=19126 MB  actual(reserved)=38146 MB  highWater=24414 MB
ExecutionTime = 61.18 s  ClockTime = 61 s

Time = 1007
[mem] step-start: DEVICE_POOL current=19126 MB  actual(reserved)=38146 MB  highWater=24414 MB
Schwarz(Jacobi)+Bicgstab:  Solving for Ux, Initial residual = 7.83927075331857e-05, Final residual = 4.2560802788648025e-06, No Iterations 2, Solve time = 189.932 ms
Schwarz(Jacobi)+Bicgstab:  Solving for Uy, Initial residual = 0.004009077377368337, Final residual = 0.0005046311245764815, No Iterations 2, Solve time = 189.932 ms
Schwarz(Jacobi)+Bicgstab:  Solving for Uz, Initial residual = 0.0011199685298535055, Final residual = 7.049421532509676e-05, No Iterations 2, Solve time = 189.932 ms
[mem] after-UEqn: DEVICE_POOL current=19126 MB  actual(reserved)=38146 MB  highWater=24414 MB
[GinkgoSolver] p-cache: reuse(update_matrix_value) solve=7 rebuildInterval=0
config(Cg+Multigrid):  Solving for p, Initial residual = 0.001287434386434145, Final residual = 1.2409520860330451e-05, No Iterations 9, Solve time = 787.638 ms
time step continuity errors : sum local = 3.128125354792953e-06, global = -2.4846737171314676e-08, cumulative = 2.8403567039957345e-08
[mem] after-pEqn: DEVICE_POOL current=19126 MB  actual(reserved)=38146 MB  highWater=24414 MB
[GinkgoSolver] p-cache: reuse(update_matrix_value) solve=7 rebuildInterval=0
Schwarz(Jacobi)+Bicgstab:  Solving for omega, Initial residual = 1.2814126363621e-05, Final residual = 8.377783773558692e-07, No Iterations 2, Solve time = 87.45 ms
bounding omega, min: -33200.30251640183 max: 45355983.119210735 average: 6374.0971259780745
[GinkgoSolver] p-cache: reuse(update_matrix_value) solve=7 rebuildInterval=0
Schwarz(Jacobi)+Bicgstab:  Solving for k, Initial residual = 0.00024220352732802182, Final residual = 1.3415215199135328e-05, No Iterations 2, Solve time = 74.386 ms
bounding k, min: -0.0009455450743470796 max: 892.7678310572394 average: 9.15141132462778
[mem] after-turb: DEVICE_POOL current=19126 MB  actual(reserved)=38146 MB  highWater=24414 MB
ExecutionTime = 63.44 s  ClockTime = 64 s

Time = 1008
[mem] step-start: DEVICE_POOL current=19126 MB  actual(reserved)=38146 MB  highWater=24414 MB
Schwarz(Jacobi)+Bicgstab:  Solving for Ux, Initial residual = 7.85675355401377e-05, Final residual = 4.282357011569491e-06, No Iterations 2, Solve time = 184.616 ms
Schwarz(Jacobi)+Bicgstab:  Solving for Uy, Initial residual = 0.003987132890073829, Final residual = 0.0007352353230196762, No Iterations 2, Solve time = 184.616 ms
Schwarz(Jacobi)+Bicgstab:  Solving for Uz, Initial residual = 0.0011230162297727515, Final residual = 6.423152024251824e-05, No Iterations 2, Solve time = 184.616 ms
[mem] after-UEqn: DEVICE_POOL current=19126 MB  actual(reserved)=38146 MB  highWater=24414 MB
[GinkgoSolver] p-cache: reuse(update_matrix_value) solve=8 rebuildInterval=0
config(Cg+Multigrid):  Solving for p, Initial residual = 0.0012823520337527797, Final residual = 1.241543636577218e-05, No Iterations 10, Solve time = 884.145 ms
time step continuity errors : sum local = 3.129191189420271e-06, global = -4.154063662010666e-08, cumulative = -1.3137069580149313e-08
[mem] after-pEqn: DEVICE_POOL current=19126 MB  actual(reserved)=38146 MB  highWater=24414 MB
[GinkgoSolver] p-cache: reuse(update_matrix_value) solve=8 rebuildInterval=0
Schwarz(Jacobi)+Bicgstab:  Solving for omega, Initial residual = 1.2782508472117828e-05, Final residual = 8.353968518771713e-07, No Iterations 2, Solve time = 86.563 ms
bounding omega, min: -34039.86223577747 max: 45355983.053275995 average: 6374.229017009775
[GinkgoSolver] p-cache: reuse(update_matrix_value) solve=8 rebuildInterval=0
Schwarz(Jacobi)+Bicgstab:  Solving for k, Initial residual = 0.0002421101204855088, Final residual = 1.3452184894920759e-05, No Iterations 2, Solve time = 73.571 ms
bounding k, min: -0.0008801654604758194 max: 891.3476337434422 average: 9.151215354064622
[mem] after-turb: DEVICE_POOL current=19126 MB  actual(reserved)=38146 MB  highWater=24414 MB
ExecutionTime = 65.79000000000001 s  ClockTime = 66 s

Time = 1009
[mem] step-start: DEVICE_POOL current=19126 MB  actual(reserved)=38146 MB  highWater=24414 MB
Schwarz(Jacobi)+Bicgstab:  Solving for Ux, Initial residual = 7.841136879614962e-05, Final residual = 2.600513827773352e-06, No Iterations 3, Solve time = 241.564 ms
Schwarz(Jacobi)+Bicgstab:  Solving for Uy, Initial residual = 0.004036904702817461, Final residual = 0.00013479119059063246, No Iterations 3, Solve time = 241.564 ms
Schwarz(Jacobi)+Bicgstab:  Solving for Uz, Initial residual = 0.0011165823550400968, Final residual = 0.00010097930674872454, No Iterations 3, Solve time = 241.564 ms
[mem] after-UEqn: DEVICE_POOL current=19126 MB  actual(reserved)=38146 MB  highWater=24414 MB
[GinkgoSolver] p-cache: reuse(update_matrix_value) solve=9 rebuildInterval=0
config(Cg+Multigrid):  Solving for p, Initial residual = 0.0012904284773160516, Final residual = 1.1511548147016725e-05, No Iterations 22, Solve time = 1826.979 ms
time step continuity errors : sum local = 2.900751256367869e-06, global = -2.9674270384535265e-08, cumulative = -4.281133996468458e-08
[mem] after-pEqn: DEVICE_POOL current=19126 MB  actual(reserved)=38146 MB  highWater=24414 MB
[GinkgoSolver] p-cache: reuse(update_matrix_value) solve=9 rebuildInterval=0
Schwarz(Jacobi)+Bicgstab:  Solving for omega, Initial residual = 1.2748072427927278e-05, Final residual = 8.342428018682007e-07, No Iterations 2, Solve time = 86.427 ms
bounding omega, min: -38691.38029034268 max: 45355982.88697344 average: 6374.336682872501
[GinkgoSolver] p-cache: reuse(update_matrix_value) solve=9 rebuildInterval=0
Schwarz(Jacobi)+Bicgstab:  Solving for k, Initial residual = 0.00024220321107843907, Final residual = 1.3357339078923486e-05, No Iterations 2, Solve time = 73.468 ms
bounding k, min: -0.0015033272399277153 max: 891.8832287472151 average: 9.150637587892419
[mem] after-turb: DEVICE_POOL current=19126 MB  actual(reserved)=38146 MB  highWater=24414 MB
ExecutionTime = 69.16 s  ClockTime = 69 s

Time = 1010
[mem] step-start: DEVICE_POOL current=19126 MB  actual(reserved)=38146 MB  highWater=24414 MB
Schwarz(Jacobi)+Bicgstab:  Solving for Ux, Initial residual = 7.835189152131013e-05, Final residual = 2.8491115652797427e-06, No Iterations 3, Solve time = 242.28 ms
Schwarz(Jacobi)+Bicgstab:  Solving for Uy, Initial residual = 0.004059391056936522, Final residual = 0.00013559445235283396, No Iterations 3, Solve time = 242.28 ms
Schwarz(Jacobi)+Bicgstab:  Solving for Uz, Initial residual = 0.0011015137157437019, Final residual = 4.548447070032702e-05, No Iterations 3, Solve time = 242.28 ms
[mem] after-UEqn: DEVICE_POOL current=19126 MB  actual(reserved)=38146 MB  highWater=24414 MB
[GinkgoSolver] p-cache: reuse(update_matrix_value) solve=10 rebuildInterval=0
config(Cg+Multigrid):  Solving for p, Initial residual = 0.0012767346383702563, Final residual = 1.2700374764128964e-05, No Iterations 11, Solve time = 967.03 ms
time step continuity errors : sum local = 3.193088164052488e-06, global = -5.653046611159059e-08, cumulative = -9.934180607627516e-08
[mem] after-pEqn: DEVICE_POOL current=19126 MB  actual(reserved)=38146 MB  highWater=24414 MB
[GinkgoSolver] p-cache: reuse(update_matrix_value) solve=10 rebuildInterval=0
Schwarz(Jacobi)+Bicgstab:  Solving for omega, Initial residual = 1.2724848156779043e-05, Final residual = 8.334973460516399e-07, No Iterations 2, Solve time = 86.198 ms
bounding omega, min: -150698.0735801066 max: 45355982.66262907 average: 6374.24240190616
[GinkgoSolver] p-cache: reuse(update_matrix_value) solve=10 rebuildInterval=0
Schwarz(Jacobi)+Bicgstab:  Solving for k, Initial residual = 0.00024223259425978707, Final residual = 1.3170503968647924e-05, No Iterations 2, Solve time = 74.011 ms
bounding k, min: -0.0019139442516261027 max: 892.1054518925213 average: 9.15001914341366
[mem] after-turb: DEVICE_POOL current=19126 MB  actual(reserved)=38146 MB  highWater=24414 MB
ExecutionTime = 71.66 s  ClockTime = 72 s

Time = 1011
[mem] step-start: DEVICE_POOL current=19126 MB  actual(reserved)=38146 MB  highWater=24414 MB
Schwarz(Jacobi)+Bicgstab:  Solving for Ux, Initial residual = 7.82951878337796e-05, Final residual = 3.2689788802203882e-06, No Iterations 3, Solve time = 245.352 ms
Schwarz(Jacobi)+Bicgstab:  Solving for Uy, Initial residual = 0.004071966936586919, Final residual = 0.00013708418838772829, No Iterations 3, Solve time = 245.352 ms
Schwarz(Jacobi)+Bicgstab:  Solving for Uz, Initial residual = 0.0010955070217007878, Final residual = 4.0957589456922476e-05, No Iterations 3, Solve time = 245.352 ms
[mem] after-UEqn: DEVICE_POOL current=19126 MB  actual(reserved)=38146 MB  highWater=24414 MB
[GinkgoSolver] p-cache: reuse(update_matrix_value) solve=11 rebuildInterval=0
config(Cg+Multigrid):  Solving for p, Initial residual = 0.001272100304953959, Final residual = 1.2139683667807354e-05, No Iterations 12, Solve time = 1016.39 ms
time step continuity errors : sum local = 3.0516515132320812e-06, global = -6.331418986499128e-08, cumulative = -1.6265599594126645e-07
[mem] after-pEqn: DEVICE_POOL current=19126 MB  actual(reserved)=38146 MB  highWater=24414 MB
[GinkgoSolver] p-cache: reuse(update_matrix_value) solve=11 rebuildInterval=0
Schwarz(Jacobi)+Bicgstab:  Solving for omega, Initial residual = 1.2709714579319043e-05, Final residual = 8.285839887777437e-07, No Iterations 2, Solve time = 86.258 ms
bounding omega, min: -43995.437657072456 max: 45355982.663174815 average: 6374.186828432283
[GinkgoSolver] p-cache: reuse(update_matrix_value) solve=11 rebuildInterval=0
Schwarz(Jacobi)+Bicgstab:  Solving for k, Initial residual = 0.00024225689653951363, Final residual = 1.2669391678149383e-05, No Iterations 2, Solve time = 73.931 ms
bounding k, min: -0.0005392475069331271 max: 892.8729412503176 average: 9.149324976345671
[mem] after-turb: DEVICE_POOL current=19126 MB  actual(reserved)=38146 MB  highWater=24414 MB
ExecutionTime = 74.22 s  ClockTime = 74 s

Time = 1012
[mem] step-start: DEVICE_POOL current=19126 MB  actual(reserved)=38146 MB  highWater=24414 MB
Schwarz(Jacobi)+Bicgstab:  Solving for Ux, Initial residual = 7.830461881404737e-05, Final residual = 4.236795449920776e-06, No Iterations 2, Solve time = 183.813 ms
Schwarz(Jacobi)+Bicgstab:  Solving for Uy, Initial residual = 0.00407485262353508, Final residual = 0.0005029515128753709, No Iterations 2, Solve time = 183.813 ms
Schwarz(Jacobi)+Bicgstab:  Solving for Uz, Initial residual = 0.0010931688018013803, Final residual = 6.442548944813023e-05, No Iterations 2, Solve time = 183.813 ms
[mem] after-UEqn: DEVICE_POOL current=19126 MB  actual(reserved)=38146 MB  highWater=24414 MB
[GinkgoSolver] p-cache: reuse(update_matrix_value) solve=12 rebuildInterval=0
config(Cg+Multigrid):  Solving for p, Initial residual = 0.0012878386734317515, Final residual = 1.1945804104917662e-05, No Iterations 13, Solve time = 1088.74 ms
time step continuity errors : sum local = 3.002266782343653e-06, global = -6.116679959071894e-08, cumulative = -2.238227955319854e-07
[mem] after-pEqn: DEVICE_POOL current=19126 MB  actual(reserved)=38146 MB  highWater=24414 MB
[GinkgoSolver] p-cache: reuse(update_matrix_value) solve=12 rebuildInterval=0
Schwarz(Jacobi)+Bicgstab:  Solving for omega, Initial residual = 1.2723353172555992e-05, Final residual = 8.323361059906768e-07, No Iterations 2, Solve time = 86.262 ms
bounding omega, min: -40103.29065966305 max: 45355982.70683585 average: 6374.058091155554
[GinkgoSolver] p-cache: reuse(update_matrix_value) solve=12 rebuildInterval=0
Schwarz(Jacobi)+Bicgstab:  Solving for k, Initial residual = 0.0002425837141127294, Final residual = 1.2377217754269167e-05, No Iterations 2, Solve time = 76.674 ms
bounding k, min: -0.000163469196447363 max: 893.0206918382653 average: 9.148519448595296
[mem] after-turb: DEVICE_POOL current=19126 MB  actual(reserved)=38146 MB  highWater=24414 MB
ExecutionTime = 76.77 s  ClockTime = 77 s

Time = 1013
[mem] step-start: DEVICE_POOL current=19126 MB  actual(reserved)=38146 MB  highWater=24414 MB
Schwarz(Jacobi)+Bicgstab:  Solving for Ux, Initial residual = 7.854107358516955e-05, Final residual = 2.9955199392700137e-06, No Iterations 3, Solve time = 232.827 ms
Schwarz(Jacobi)+Bicgstab:  Solving for Uy, Initial residual = 0.004044448385268361, Final residual = 0.00015310537601126534, No Iterations 3, Solve time = 232.827 ms
Schwarz(Jacobi)+Bicgstab:  Solving for Uz, Initial residual = 0.0010969856855232226, Final residual = 7.27340921709292e-05, No Iterations 3, Solve time = 232.827 ms
[mem] after-UEqn: DEVICE_POOL current=19126 MB  actual(reserved)=38146 MB  highWater=24414 MB
[GinkgoSolver] p-cache: reuse(update_matrix_value) solve=13 rebuildInterval=0
config(Cg+Multigrid):  Solving for p, Initial residual = 0.0012835101728978678, Final residual = 1.2820569898895532e-05, No Iterations 12, Solve time = 1042.053 ms
time step continuity errors : sum local = 3.221314011340234e-06, global = -5.9337048167773853e-08, cumulative = -2.8315984369975924e-07
[mem] after-pEqn: DEVICE_POOL current=19126 MB  actual(reserved)=38146 MB  highWater=24414 MB
[GinkgoSolver] p-cache: reuse(update_matrix_value) solve=13 rebuildInterval=0
Schwarz(Jacobi)+Bicgstab:  Solving for omega, Initial residual = 1.2714511900786309e-05, Final residual = 8.355455192198022e-07, No Iterations 2, Solve time = 87.437 ms
bounding omega, min: -39989.944494420146 max: 45355982.76090634 average: 6373.849540741392
[GinkgoSolver] p-cache: reuse(update_matrix_value) solve=13 rebuildInterval=0
Schwarz(Jacobi)+Bicgstab:  Solving for k, Initial residual = 0.00024244004370687996, Final residual = 1.220082029278614e-05, No Iterations 2, Solve time = 73.723 ms
bounding k, min: -0.0017033356862336188 max: 893.1824751661405 average: 9.14769780832255
[mem] after-turb: DEVICE_POOL current=19126 MB  actual(reserved)=38146 MB  highWater=24414 MB
ExecutionTime = 79.34 s  ClockTime = 79 s

Time = 1014
[mem] step-start: DEVICE_POOL current=19126 MB  actual(reserved)=38146 MB  highWater=24414 MB
Schwarz(Jacobi)+Bicgstab:  Solving for Ux, Initial residual = 7.853541956219425e-05, Final residual = 3.5387039350577034e-06, No Iterations 3, Solve time = 240.505 ms
Schwarz(Jacobi)+Bicgstab:  Solving for Uy, Initial residual = 0.0040309964581436205, Final residual = 0.0001470770821070798, No Iterations 3, Solve time = 240.505 ms
Schwarz(Jacobi)+Bicgstab:  Solving for Uz, Initial residual = 0.0011022393926063132, Final residual = 4.520397478739226e-05, No Iterations 3, Solve time = 240.505 ms
[mem] after-UEqn: DEVICE_POOL current=19126 MB  actual(reserved)=38146 MB  highWater=24414 MB
[GinkgoSolver] p-cache: reuse(update_matrix_value) solve=14 rebuildInterval=0
config(Cg+Multigrid):  Solving for p, Initial residual = 0.0012820073749949443, Final residual = 1.1946920324807114e-05, No Iterations 13, Solve time = 1115.02 ms
time step continuity errors : sum local = 3.000336671257885e-06, global = -5.54330785909497e-08, cumulative = -3.3859292229070894e-07
[mem] after-pEqn: DEVICE_POOL current=19126 MB  actual(reserved)=38146 MB  highWater=24414 MB
[GinkgoSolver] p-cache: reuse(update_matrix_value) solve=14 rebuildInterval=0
Schwarz(Jacobi)+Bicgstab:  Solving for omega, Initial residual = 1.2703089820718119e-05, Final residual = 8.360465108774085e-07, No Iterations 2, Solve time = 86.226 ms
bounding omega, min: -265629.81828111474 max: 45355982.79426576 average: 6373.622419974002
[GinkgoSolver] p-cache: reuse(update_matrix_value) solve=14 rebuildInterval=0
Schwarz(Jacobi)+Bicgstab:  Solving for k, Initial residual = 0.00024238378946382977, Final residual = 1.21012614021354e-05, No Iterations 2, Solve time = 73.942 ms
bounding k, min: -0.0019955084850165616 max: 892.747988128189 average: 9.146819976141687
[mem] after-turb: DEVICE_POOL current=19126 MB  actual(reserved)=38146 MB  highWater=24414 MB
ExecutionTime = 81.98 s  ClockTime = 82 s

Time = 1015
[mem] step-start: DEVICE_POOL current=19126 MB  actual(reserved)=38146 MB  highWater=24414 MB
Schwarz(Jacobi)+Bicgstab:  Solving for Ux, Initial residual = 7.85244130300829e-05, Final residual = 3.843628999417855e-06, No Iterations 3, Solve time = 234.885 ms
Schwarz(Jacobi)+Bicgstab:  Solving for Uy, Initial residual = 0.004028409298893007, Final residual = 0.0001406944001131937, No Iterations 3, Solve time = 234.885 ms
Schwarz(Jacobi)+Bicgstab:  Solving for Uz, Initial residual = 0.0011043185977545158, Final residual = 4.285378410200314e-05, No Iterations 3, Solve time = 234.885 ms
[mem] after-UEqn: DEVICE_POOL current=19126 MB  actual(reserved)=38146 MB  highWater=24414 MB
[GinkgoSolver] p-cache: reuse(update_matrix_value) solve=15 rebuildInterval=0
config(Cg+Multigrid):  Solving for p, Initial residual = 0.001280525802156286, Final residual = 1.2583489612665911e-05, No Iterations 13, Solve time = 1108.931 ms
time step continuity errors : sum local = 3.158576861858278e-06, global = -4.8035114513300334e-08, cumulative = -3.8662803680400927e-07
[mem] after-pEqn: DEVICE_POOL current=19126 MB  actual(reserved)=38146 MB  highWater=24414 MB
[GinkgoSolver] p-cache: reuse(update_matrix_value) solve=15 rebuildInterval=0
Schwarz(Jacobi)+Bicgstab:  Solving for omega, Initial residual = 1.2704532733662652e-05, Final residual = 8.338461178439249e-07, No Iterations 2, Solve time = 86.332 ms
bounding omega, min: -51852.3489908348 max: 45355982.78218459 average: 6373.390537291314
[GinkgoSolver] p-cache: reuse(update_matrix_value) solve=15 rebuildInterval=0
Schwarz(Jacobi)+Bicgstab:  Solving for k, Initial residual = 0.0002423903637748167, Final residual = 1.21889250672132e-05, No Iterations 2, Solve time = 72.878 ms
bounding k, min: -0.002131182935700599 max: 892.2436527493483 average: 9.145929465911971
[mem] after-turb: DEVICE_POOL current=19126 MB  actual(reserved)=38146 MB  highWater=24414 MB
ExecutionTime = 84.61 s  ClockTime = 85 s

Time = 1016
[mem] step-start: DEVICE_POOL current=19126 MB  actual(reserved)=38146 MB  highWater=24414 MB
Schwarz(Jacobi)+Bicgstab:  Solving for Ux, Initial residual = 7.8522756635875e-05, Final residual = 3.618449066676657e-06, No Iterations 3, Solve time = 242.135 ms
Schwarz(Jacobi)+Bicgstab:  Solving for Uy, Initial residual = 0.004036273155229012, Final residual = 0.00013525148026455322, No Iterations 3, Solve time = 242.135 ms
Schwarz(Jacobi)+Bicgstab:  Solving for Uz, Initial residual = 0.0011035487860989398, Final residual = 4.6525844506507706e-05, No Iterations 3, Solve time = 242.135 ms
[mem] after-UEqn: DEVICE_POOL current=19126 MB  actual(reserved)=38146 MB  highWater=24414 MB
[GinkgoSolver] p-cache: reuse(update_matrix_value) solve=16 rebuildInterval=0
config(Cg+Multigrid):  Solving for p, Initial residual = 0.0012795165891001114, Final residual = 1.2338419623875736e-05, No Iterations 13, Solve time = 1118.124 ms
time step continuity errors : sum local = 3.095156878311337e-06, global = -4.139444076101791e-08, cumulative = -4.280224775650272e-07
[mem] after-pEqn: DEVICE_POOL current=19126 MB  actual(reserved)=38146 MB  highWater=24414 MB
[GinkgoSolver] p-cache: reuse(update_matrix_value) solve=16 rebuildInterval=0
Schwarz(Jacobi)+Bicgstab:  Solving for omega, Initial residual = 1.2702952585979284e-05, Final residual = 8.335256321204509e-07, No Iterations 2, Solve time = 86.363 ms
bounding omega, min: -51266.221570662114 max: 45355982.72272803 average: 6373.0887740508815
[GinkgoSolver] p-cache: reuse(update_matrix_value) solve=16 rebuildInterval=0
Schwarz(Jacobi)+Bicgstab:  Solving for k, Initial residual = 0.00024237621438186023, Final residual = 1.222649205380895e-05, No Iterations 2, Solve time = 77.115 ms
bounding k, min: -0.0025921078084225405 max: 891.2713903748709 average: 9.145034662780303
[mem] after-turb: DEVICE_POOL current=19126 MB  actual(reserved)=38146 MB  highWater=24414 MB
ExecutionTime = 87.26000000000001 s  ClockTime = 87 s

Time = 1017
[mem] step-start: DEVICE_POOL current=19126 MB  actual(reserved)=38146 MB  highWater=24414 MB
Schwarz(Jacobi)+Bicgstab:  Solving for Ux, Initial residual = 7.850154782745381e-05, Final residual = 4.262701663897477e-06, No Iterations 2, Solve time = 188.415 ms
Schwarz(Jacobi)+Bicgstab:  Solving for Uy, Initial residual = 0.0040496047932086455, Final residual = 0.0006559356441740939, No Iterations 2, Solve time = 188.415 ms
Schwarz(Jacobi)+Bicgstab:  Solving for Uz, Initial residual = 0.0011012999463158645, Final residual = 7.436660046412112e-05, No Iterations 2, Solve time = 188.415 ms
[mem] after-UEqn: DEVICE_POOL current=19126 MB  actual(reserved)=38146 MB  highWater=24414 MB
[GinkgoSolver] p-cache: reuse(update_matrix_value) solve=17 rebuildInterval=0
config(Cg+Multigrid):  Solving for p, Initial residual = 0.0012909272814080968, Final residual = 1.1531701203204726e-05, No Iterations 13, Solve time = 1114.002 ms
time step continuity errors : sum local = 2.8910558734621357e-06, global = -3.219492078196074e-08, cumulative = -4.602173983469879e-07
[mem] after-pEqn: DEVICE_POOL current=19126 MB  actual(reserved)=38146 MB  highWater=24414 MB
[GinkgoSolver] p-cache: reuse(update_matrix_value) solve=17 rebuildInterval=0
Schwarz(Jacobi)+Bicgstab:  Solving for omega, Initial residual = 1.2738815903448806e-05, Final residual = 8.426378080571724e-07, No Iterations 2, Solve time = 85.725 ms
bounding omega, min: -55447.999512935115 max: 45355982.647487305 average: 6372.771630995126
[GinkgoSolver] p-cache: reuse(update_matrix_value) solve=17 rebuildInterval=0
Schwarz(Jacobi)+Bicgstab:  Solving for k, Initial residual = 0.000242763335755234, Final residual = 1.2349402192145936e-05, No Iterations 2, Solve time = 74.536 ms
bounding k, min: -0.005721150353416846 max: 890.1989747490936 average: 9.144096067915797
[mem] after-turb: DEVICE_POOL current=19126 MB  actual(reserved)=38146 MB  highWater=24414 MB
ExecutionTime = 89.84999999999999 s  ClockTime = 90 s

Time = 1018
[mem] step-start: DEVICE_POOL current=19126 MB  actual(reserved)=38146 MB  highWater=24414 MB
Schwarz(Jacobi)+Bicgstab:  Solving for Ux, Initial residual = 7.873844218476652e-05, Final residual = 3.1897303165942796e-06, No Iterations 3, Solve time = 241.06 ms
Schwarz(Jacobi)+Bicgstab:  Solving for Uy, Initial residual = 0.004030807503705204, Final residual = 0.00015605543129112924, No Iterations 3, Solve time = 241.06 ms
Schwarz(Jacobi)+Bicgstab:  Solving for Uz, Initial residual = 0.0011036930397691088, Final residual = 5.6757225647443255e-05, No Iterations 3, Solve time = 241.06 ms
[mem] after-UEqn: DEVICE_POOL current=19126 MB  actual(reserved)=38146 MB  highWater=24414 MB
[GinkgoSolver] p-cache: reuse(update_matrix_value) solve=18 rebuildInterval=0
config(Cg+Multigrid):  Solving for p, Initial residual = 0.0012843829354337124, Final residual = 1.1893894978111906e-05, No Iterations 12, Solve time = 1011.437 ms
time step continuity errors : sum local = 2.98059856502439e-06, global = -2.6574668197827766e-08, cumulative = -4.867920665448157e-07
[mem] after-pEqn: DEVICE_POOL current=19126 MB  actual(reserved)=38146 MB  highWater=24414 MB
[GinkgoSolver] p-cache: reuse(update_matrix_value) solve=18 rebuildInterval=0
Schwarz(Jacobi)+Bicgstab:  Solving for omega, Initial residual = 1.2749465810599893e-05, Final residual = 8.439889963286662e-07, No Iterations 2, Solve time = 79.038 ms
bounding omega, min: -395922.19719117315 max: 45355982.58940652 average: 6372.432435907391
[GinkgoSolver] p-cache: reuse(update_matrix_value) solve=18 rebuildInterval=0
Schwarz(Jacobi)+Bicgstab:  Solving for k, Initial residual = 0.00024273741491306422, Final residual = 1.2389804845752051e-05, No Iterations 2, Solve time = 72.768 ms
bounding k, min: -0.004255227764283415 max: 888.8061424168545 average: 9.14324159726374
[mem] after-turb: DEVICE_POOL current=19126 MB  actual(reserved)=38146 MB  highWater=24414 MB
ExecutionTime = 92.41 s  ClockTime = 93 s

Time = 1019
[mem] step-start: DEVICE_POOL current=19126 MB  actual(reserved)=38146 MB  highWater=24414 MB
Schwarz(Jacobi)+Bicgstab:  Solving for Ux, Initial residual = 7.877842690286504e-05, Final residual = 3.25908082726483e-06, No Iterations 3, Solve time = 243.075 ms
Schwarz(Jacobi)+Bicgstab:  Solving for Uy, Initial residual = 0.004038943947954576, Final residual = 0.00014928404801291994, No Iterations 3, Solve time = 243.075 ms
Schwarz(Jacobi)+Bicgstab:  Solving for Uz, Initial residual = 0.0011011061006102982, Final residual = 5.713894371859134e-05, No Iterations 3, Solve time = 243.075 ms
[mem] after-UEqn: DEVICE_POOL current=19126 MB  actual(reserved)=38146 MB  highWater=24414 MB
[GinkgoSolver] p-cache: reuse(update_matrix_value) solve=19 rebuildInterval=0
config(Cg+Multigrid):  Solving for p, Initial residual = 0.0012851701761754015, Final residual = 1.153950183942047e-05, No Iterations 12, Solve time = 1017.896 ms
time step continuity errors : sum local = 2.8905214357760626e-06, global = -2.2875776063824893e-08, cumulative = -5.096678426086406e-07
[mem] after-pEqn: DEVICE_POOL current=19126 MB  actual(reserved)=38146 MB  highWater=24414 MB
[GinkgoSolver] p-cache: reuse(update_matrix_value) solve=19 rebuildInterval=0
Schwarz(Jacobi)+Bicgstab:  Solving for omega, Initial residual = 1.2752250254197462e-05, Final residual = 8.404551853420077e-07, No Iterations 2, Solve time = 86.89 ms
bounding omega, min: -59271.57045264219 max: 45355982.57353024 average: 6372.16011350689
[GinkgoSolver] p-cache: reuse(update_matrix_value) solve=19 rebuildInterval=0
Schwarz(Jacobi)+Bicgstab:  Solving for k, Initial residual = 0.0002427529234293696, Final residual = 1.2481171164606942e-05, No Iterations 2, Solve time = 73.723 ms
bounding k, min: -0.0046987423517389215 max: 887.3311015211447 average: 9.142448606512907
[mem] after-turb: DEVICE_POOL current=19126 MB  actual(reserved)=38146 MB  highWater=24414 MB
ExecutionTime = 94.95 s  ClockTime = 95 s

Time = 1020
[mem] step-start: DEVICE_POOL current=19126 MB  actual(reserved)=38146 MB  highWater=24414 MB
Schwarz(Jacobi)+Bicgstab:  Solving for Ux, Initial residual = 7.879847914539639e-05, Final residual = 3.4608340363581503e-06, No Iterations 3, Solve time = 244.731 ms
Schwarz(Jacobi)+Bicgstab:  Solving for Uy, Initial residual = 0.004056894042968245, Final residual = 0.00014315442066367172, No Iterations 3, Solve time = 244.731 ms
Schwarz(Jacobi)+Bicgstab:  Solving for Uz, Initial residual = 0.00109777956727705, Final residual = 3.7971922205461565e-05, No Iterations 3, Solve time = 244.731 ms
[mem] after-UEqn: DEVICE_POOL current=19126 MB  actual(reserved)=38146 MB  highWater=24414 MB
[GinkgoSolver] p-cache: reuse(update_matrix_value) solve=20 rebuildInterval=0
config(Cg+Multigrid):  Solving for p, Initial residual = 0.0012878880925640823, Final residual = 1.2624425243092282e-05, No Iterations 12, Solve time = 1008.529 ms
time step continuity errors : sum local = 3.1611396481038885e-06, global = -1.9015253665711324e-08, cumulative = -5.28683096274352e-07
[mem] after-pEqn: DEVICE_POOL current=19126 MB  actual(reserved)=38146 MB  highWater=24414 MB
[GinkgoSolver] p-cache: reuse(update_matrix_value) solve=20 rebuildInterval=0
Schwarz(Jacobi)+Bicgstab:  Solving for omega, Initial residual = 1.2745150320207454e-05, Final residual = 8.371679693383596e-07, No Iterations 2, Solve time = 78.741 ms
bounding omega, min: -60270.98035066733 max: 45355982.57554796 average: 6371.877347715953
[GinkgoSolver] p-cache: reuse(update_matrix_value) solve=20 rebuildInterval=0
Schwarz(Jacobi)+Bicgstab:  Solving for k, Initial residual = 0.00024277611979831815, Final residual = 1.2584372664139048e-05, No Iterations 2, Solve time = 74.592 ms
bounding k, min: -0.006039424046267561 max: 885.70798826713 average: 9.141685957734005
[mem] after-turb: DEVICE_POOL current=19126 MB  actual(reserved)=38146 MB  highWater=24414 MB
ExecutionTime = 97.48999999999999 s  ClockTime = 98 s

Time = 1021
[mem] step-start: DEVICE_POOL current=19126 MB  actual(reserved)=38146 MB  highWater=24414 MB
Schwarz(Jacobi)+Bicgstab:  Solving for Ux, Initial residual = 7.880971077112293e-05, Final residual = 3.3880814748844847e-06, No Iterations 3, Solve time = 243.774 ms
Schwarz(Jacobi)+Bicgstab:  Solving for Uy, Initial residual = 0.004078402892534712, Final residual = 0.00014001909573771866, No Iterations 3, Solve time = 243.774 ms
Schwarz(Jacobi)+Bicgstab:  Solving for Uz, Initial residual = 0.0010933156715702678, Final residual = 3.7162546996212086e-05, No Iterations 3, Solve time = 243.774 ms
[mem] after-UEqn: DEVICE_POOL current=19126 MB  actual(reserved)=38146 MB  highWater=24414 MB
[GinkgoSolver] p-cache: reuse(update_matrix_value) solve=21 rebuildInterval=0
config(Cg+Multigrid):  Solving for p, Initial residual = 0.0012873672817888795, Final residual = 1.2608231028033877e-05, No Iterations 12, Solve time = 1033.045 ms
time step continuity errors : sum local = 3.155818270157244e-06, global = -1.5904215523850233e-08, cumulative = -5.445873117982022e-07
[mem] after-pEqn: DEVICE_POOL current=19126 MB  actual(reserved)=38146 MB  highWater=24414 MB
[GinkgoSolver] p-cache: reuse(update_matrix_value) solve=21 rebuildInterval=0
Schwarz(Jacobi)+Bicgstab:  Solving for omega, Initial residual = 1.274431695747554e-05, Final residual = 8.400573808960274e-07, No Iterations 2, Solve time = 78.184 ms
bounding omega, min: -58875.51947388856 max: 45355982.5844229 average: 6371.627962098831
[GinkgoSolver] p-cache: reuse(update_matrix_value) solve=21 rebuildInterval=0
Schwarz(Jacobi)+Bicgstab:  Solving for k, Initial residual = 0.00024279525705966774, Final residual = 1.2691878495737192e-05, No Iterations 2, Solve time = 71.843 ms
bounding k, min: -0.0028129713697945813 max: 884.0688127299362 average: 9.140936935414498
[mem] after-turb: DEVICE_POOL current=19126 MB  actual(reserved)=38146 MB  highWater=24414 MB
ExecutionTime = 100.07 s  ClockTime = 100 s

Time = 1022
[mem] step-start: DEVICE_POOL current=19126 MB  actual(reserved)=38146 MB  highWater=24414 MB
Schwarz(Jacobi)+Bicgstab:  Solving for Ux, Initial residual = 7.880249904944849e-05, Final residual = 3.385046201217796e-06, No Iterations 3, Solve time = 241.481 ms
Schwarz(Jacobi)+Bicgstab:  Solving for Uy, Initial residual = 0.004098219372599818, Final residual = 0.00014080215043299786, No Iterations 3, Solve time = 241.481 ms
Schwarz(Jacobi)+Bicgstab:  Solving for Uz, Initial residual = 0.0010901748944667886, Final residual = 2.9124890876314713e-05, No Iterations 3, Solve time = 241.481 ms
[mem] after-UEqn: DEVICE_POOL current=19126 MB  actual(reserved)=38146 MB  highWater=24414 MB
[GinkgoSolver] p-cache: reuse(update_matrix_value) solve=22 rebuildInterval=0
config(Cg+Multigrid):  Solving for p, Initial residual = 0.0012856296588171108, Final residual = 1.2428224113126074e-05, No Iterations 13, Solve time = 1078.174 ms
time step continuity errors : sum local = 3.1101702556949817e-06, global = -1.207531539196275e-08, cumulative = -5.56662627190165e-07
[mem] after-pEqn: DEVICE_POOL current=19126 MB  actual(reserved)=38146 MB  highWater=24414 MB
[GinkgoSolver] p-cache: reuse(update_matrix_value) solve=22 rebuildInterval=0
Schwarz(Jacobi)+Bicgstab:  Solving for omega, Initial residual = 1.2742565544696261e-05, Final residual = 8.403330517353756e-07, No Iterations 2, Solve time = 87.629 ms
bounding omega, min: -278863.68689182337 max: 45355982.597877026 average: 6371.400138631383
[GinkgoSolver] p-cache: reuse(update_matrix_value) solve=22 rebuildInterval=0
Schwarz(Jacobi)+Bicgstab:  Solving for k, Initial residual = 0.00024280722297971634, Final residual = 1.3020986192460962e-05, No Iterations 2, Solve time = 73.639 ms
bounding k, min: -0.003730914464747076 max: 882.4542236090788 average: 9.140170678789254
[mem] after-turb: DEVICE_POOL current=19126 MB  actual(reserved)=38146 MB  highWater=24414 MB
ExecutionTime = 102.71 s  ClockTime = 103 s

Time = 1023
[mem] step-start: DEVICE_POOL current=19126 MB  actual(reserved)=38146 MB  highWater=24414 MB
Schwarz(Jacobi)+Bicgstab:  Solving for Ux, Initial residual = 7.880291108268138e-05, Final residual = 4.393451094836266e-06, No Iterations 2, Solve time = 175.424 ms
Schwarz(Jacobi)+Bicgstab:  Solving for Uy, Initial residual = 0.00411429017000342, Final residual = 0.0006453605225159208, No Iterations 2, Solve time = 175.424 ms
Schwarz(Jacobi)+Bicgstab:  Solving for Uz, Initial residual = 0.0010877642429357704, Final residual = 7.651611894340239e-05, No Iterations 2, Solve time = 175.424 ms
[mem] after-UEqn: DEVICE_POOL current=19126 MB  actual(reserved)=38146 MB  highWater=24414 MB
[GinkgoSolver] p-cache: reuse(update_matrix_value) solve=23 rebuildInterval=0
config(Cg+Multigrid):  Solving for p, Initial residual = 0.0012970769452239409, Final residual = 1.2953718811392005e-05, No Iterations 12, Solve time = 999.983 ms
time step continuity errors : sum local = 3.2418093526892664e-06, global = -9.156575207907163e-09, cumulative = -5.658192023980722e-07
[mem] after-pEqn: DEVICE_POOL current=19126 MB  actual(reserved)=38146 MB  highWater=24414 MB
[GinkgoSolver] p-cache: reuse(update_matrix_value) solve=23 rebuildInterval=0
Schwarz(Jacobi)+Bicgstab:  Solving for omega, Initial residual = 1.2786880961931728e-05, Final residual = 8.420977111292185e-07, No Iterations 2, Solve time = 90.424 ms
bounding omega, min: -60713.235472170985 max: 45355982.612820536 average: 6371.166033760009
[GinkgoSolver] p-cache: reuse(update_matrix_value) solve=23 rebuildInterval=0
Schwarz(Jacobi)+Bicgstab:  Solving for k, Initial residual = 0.0002432479323688814, Final residual = 1.4050401272631167e-05, No Iterations 2, Solve time = 74.673 ms
bounding k, min: -0.00591782075028581 max: 880.9435255825215 average: 9.139380850085635
[mem] after-turb: DEVICE_POOL current=19126 MB  actual(reserved)=38146 MB  highWater=24414 MB
ExecutionTime = 105.2 s  ClockTime = 105 s

Time = 1024
[mem] step-start: DEVICE_POOL current=19126 MB  actual(reserved)=38146 MB  highWater=24414 MB
Schwarz(Jacobi)+Bicgstab:  Solving for Ux, Initial residual = 7.906803819753286e-05, Final residual = 2.7632187106419717e-06, No Iterations 3, Solve time = 224.209 ms
Schwarz(Jacobi)+Bicgstab:  Solving for Uy, Initial residual = 0.004090964915508831, Final residual = 0.0001581969836050047, No Iterations 3, Solve time = 224.209 ms
Schwarz(Jacobi)+Bicgstab:  Solving for Uz, Initial residual = 0.0010942156201691465, Final residual = 5.871901735656772e-05, No Iterations 3, Solve time = 224.209 ms
[mem] after-UEqn: DEVICE_POOL current=19126 MB  actual(reserved)=38146 MB  highWater=24414 MB
[GinkgoSolver] p-cache: reuse(update_matrix_value) solve=24 rebuildInterval=0
config(Cg+Multigrid):  Solving for p, Initial residual = 0.001285890043014025, Final residual = 1.2003280466723276e-05, No Iterations 13, Solve time = 1081.681 ms
time step continuity errors : sum local = 3.0036002488256246e-06, global = -6.707934016767027e-09, cumulative = -5.725271364148392e-07
[mem] after-pEqn: DEVICE_POOL current=19126 MB  actual(reserved)=38146 MB  highWater=24414 MB
[GinkgoSolver] p-cache: reuse(update_matrix_value) solve=24 rebuildInterval=0
Schwarz(Jacobi)+Bicgstab:  Solving for omega, Initial residual = 1.2795844992662103e-05, Final residual = 8.393329282486562e-07, No Iterations 2, Solve time = 79.181 ms
bounding omega, min: -58278.28164840674 max: 45355982.62824872 average: 6370.9909591007645
[GinkgoSolver] p-cache: reuse(update_matrix_value) solve=24 rebuildInterval=0
Schwarz(Jacobi)+Bicgstab:  Solving for k, Initial residual = 0.00024334028985111437, Final residual = 1.6713417377272766e-05, No Iterations 2, Solve time = 74.731 ms
bounding k, min: -0.014052368868440995 max: 879.5479157732175 average: 9.138562390120233
[mem] after-turb: DEVICE_POOL current=19126 MB  actual(reserved)=38146 MB  highWater=24414 MB
ExecutionTime = 107.83 s  ClockTime = 108 s

Time = 1025
[mem] step-start: DEVICE_POOL current=19126 MB  actual(reserved)=38146 MB  highWater=24414 MB
Schwarz(Jacobi)+Bicgstab:  Solving for Ux, Initial residual = 7.910222421314594e-05, Final residual = 4.416048711707136e-06, No Iterations 2, Solve time = 187.927 ms
Schwarz(Jacobi)+Bicgstab:  Solving for Uy, Initial residual = 0.004090586932350619, Final residual = 0.0007584547655549477, No Iterations 2, Solve time = 187.927 ms
Schwarz(Jacobi)+Bicgstab:  Solving for Uz, Initial residual = 0.0010966497178033505, Final residual = 7.701283887683787e-05, No Iterations 2, Solve time = 187.927 ms
[mem] after-UEqn: DEVICE_POOL current=19126 MB  actual(reserved)=38146 MB  highWater=24414 MB
[GinkgoSolver] p-cache: reuse(update_matrix_value) solve=25 rebuildInterval=0
config(Cg+Multigrid):  Solving for p, Initial residual = 0.0012899537892864933, Final residual = 1.248276338563549e-05, No Iterations 13, Solve time = 1080.78 ms
time step continuity errors : sum local = 3.1236930774162113e-06, global = -6.141341261621262e-09, cumulative = -5.786684776764605e-07
[mem] after-pEqn: DEVICE_POOL current=19126 MB  actual(reserved)=38146 MB  highWater=24414 MB
[GinkgoSolver] p-cache: reuse(update_matrix_value) solve=25 rebuildInterval=0
Schwarz(Jacobi)+Bicgstab:  Solving for omega, Initial residual = 1.2833889898297108e-05, Final residual = 8.424190324193429e-07, No Iterations 2, Solve time = 87.056 ms
bounding omega, min: -58307.952539564205 max: 45355982.64250072 average: 6370.910209209604
[GinkgoSolver] p-cache: reuse(update_matrix_value) solve=25 rebuildInterval=0
Schwarz(Jacobi)+Bicgstab:  Solving for k, Initial residual = 0.00024361000126929772, Final residual = 2.0302069425368296e-05, No Iterations 2, Solve time = 76.819 ms
bounding k, min: -0.014760383115229952 max: 878.2802689921959 average: 9.137963536096894
[mem] after-turb: DEVICE_POOL current=19126 MB  actual(reserved)=38146 MB  highWater=24414 MB
ExecutionTime = 110.42 s  ClockTime = 111 s

Time = 1026
[mem] step-start: DEVICE_POOL current=19126 MB  actual(reserved)=38146 MB  highWater=24414 MB
Schwarz(Jacobi)+Bicgstab:  Solving for Ux, Initial residual = 7.90144321568338e-05, Final residual = 2.6776888760401825e-06, No Iterations 3, Solve time = 231.09 ms
Schwarz(Jacobi)+Bicgstab:  Solving for Uy, Initial residual = 0.004153213877682526, Final residual = 0.00013242186574108095, No Iterations 3, Solve time = 231.09 ms
Schwarz(Jacobi)+Bicgstab:  Solving for Uz, Initial residual = 0.0010950398650300566, Final residual = 4.9128598747391315e-05, No Iterations 3, Solve time = 231.09 ms
[mem] after-UEqn: DEVICE_POOL current=19126 MB  actual(reserved)=38146 MB  highWater=24414 MB
[GinkgoSolver] p-cache: reuse(update_matrix_value) solve=26 rebuildInterval=0
config(Cg+Multigrid):  Solving for p, Initial residual = 0.0012847928941615908, Final residual = 1.2471208402021673e-05, No Iterations 13, Solve time = 1072.82 ms
time step continuity errors : sum local = 3.1212807505746288e-06, global = -3.968961634987858e-09, cumulative = -5.826374393114483e-07
[mem] after-pEqn: DEVICE_POOL current=19126 MB  actual(reserved)=38146 MB  highWater=24414 MB
[GinkgoSolver] p-cache: reuse(update_matrix_value) solve=26 rebuildInterval=0
Schwarz(Jacobi)+Bicgstab:  Solving for omega, Initial residual = 1.2847831302350703e-05, Final residual = 8.374864287403693e-07, No Iterations 2, Solve time = 86.888 ms
bounding omega, min: -388277.77948575275 max: 45355982.652851336 average: 6370.835859911001
[GinkgoSolver] p-cache: reuse(update_matrix_value) solve=26 rebuildInterval=0
Schwarz(Jacobi)+Bicgstab:  Solving for k, Initial residual = 0.00024429697687822026, Final residual = 5.440862184122876e-06, No Iterations 3, Solve time = 97.643 ms
[mem] after-turb: DEVICE_POOL current=19126 MB  actual(reserved)=38146 MB  highWater=24414 MB
ExecutionTime = 113.07 s  ClockTime = 113 s

Time = 1027
[mem] step-start: DEVICE_POOL current=19126 MB  actual(reserved)=38146 MB  highWater=24414 MB
Schwarz(Jacobi)+Bicgstab:  Solving for Ux, Initial residual = 7.897093359458883e-05, Final residual = 3.242093078283398e-06, No Iterations 3, Solve time = 244.853 ms
Schwarz(Jacobi)+Bicgstab:  Solving for Uy, Initial residual = 0.004172519545928292, Final residual = 0.000133394399210187, No Iterations 3, Solve time = 244.853 ms
Schwarz(Jacobi)+Bicgstab:  Solving for Uz, Initial residual = 0.0010924223400099837, Final residual = 0.00018003547977971871, No Iterations 3, Solve time = 244.853 ms
[mem] after-UEqn: DEVICE_POOL current=19126 MB  actual(reserved)=38146 MB  highWater=24414 MB
[GinkgoSolver] p-cache: reuse(update_matrix_value) solve=27 rebuildInterval=0
config(Cg+Multigrid):  Solving for p, Initial residual = 0.00128466966224071, Final residual = 1.1905013497576492e-05, No Iterations 12, Solve time = 1004.702 ms
time step continuity errors : sum local = 2.980056955555362e-06, global = -4.8607893903614354e-09, cumulative = -5.874982287018097e-07
[mem] after-pEqn: DEVICE_POOL current=19126 MB  actual(reserved)=38146 MB  highWater=24414 MB
[GinkgoSolver] p-cache: reuse(update_matrix_value) solve=27 rebuildInterval=0
Schwarz(Jacobi)+Bicgstab:  Solving for omega, Initial residual = 1.2679269540905842e-05, Final residual = 8.379912954455994e-07, No Iterations 2, Solve time = 86.223 ms
bounding omega, min: -56997.453757810654 max: 45355982.65954575 average: 6370.890814948466
[GinkgoSolver] p-cache: reuse(update_matrix_value) solve=27 rebuildInterval=0
Schwarz(Jacobi)+Bicgstab:  Solving for k, Initial residual = 0.0002436796126010962, Final residual = 1.2041908478295891e-05, No Iterations 2, Solve time = 76.226 ms
bounding k, min: -0.00034700925352037636 max: 876.1670566063704 average: 9.137144129210798
[mem] after-turb: DEVICE_POOL current=19126 MB  actual(reserved)=38146 MB  highWater=24414 MB
ExecutionTime = 115.63 s  ClockTime = 116 s

Time = 1028
[mem] step-start: DEVICE_POOL current=19126 MB  actual(reserved)=38146 MB  highWater=24414 MB
Schwarz(Jacobi)+Bicgstab:  Solving for Ux, Initial residual = 7.899195410629591e-05, Final residual = 3.943055171520608e-06, No Iterations 3, Solve time = 241.918 ms
Schwarz(Jacobi)+Bicgstab:  Solving for Uy, Initial residual = 0.00418337602106184, Final residual = 0.00013437760091675137, No Iterations 3, Solve time = 241.918 ms
Schwarz(Jacobi)+Bicgstab:  Solving for Uz, Initial residual = 0.0011034203003267489, Final residual = 0.00025105835444326496, No Iterations 3, Solve time = 241.918 ms
[mem] after-UEqn: DEVICE_POOL current=19126 MB  actual(reserved)=38146 MB  highWater=24414 MB
[GinkgoSolver] p-cache: reuse(update_matrix_value) solve=28 rebuildInterval=0
config(Cg+Multigrid):  Solving for p, Initial residual = 0.0012978008355132055, Final residual = 1.271887812393556e-05, No Iterations 11, Solve time = 948.218 ms
time step continuity errors : sum local = 3.1839390792946634e-06, global = -9.749785803598723e-09, cumulative = -5.972480145054084e-07
[mem] after-pEqn: DEVICE_POOL current=19126 MB  actual(reserved)=38146 MB  highWater=24414 MB
[GinkgoSolver] p-cache: reuse(update_matrix_value) solve=28 rebuildInterval=0
Schwarz(Jacobi)+Bicgstab:  Solving for omega, Initial residual = 1.2799779906531079e-05, Final residual = 8.37168477381752e-07, No Iterations 2, Solve time = 78.053 ms
bounding omega, min: -55130.208277580976 max: 45355982.664599895 average: 6370.93590040487
[GinkgoSolver] p-cache: reuse(update_matrix_value) solve=28 rebuildInterval=0
Schwarz(Jacobi)+Bicgstab:  Solving for k, Initial residual = 0.00024358920948640086, Final residual = 1.2476573621722676e-05, No Iterations 2, Solve time = 77.061 ms
bounding k, min: -0.0009662790797894871 max: 875.3246483388245 average: 9.13684345353904
[mem] after-turb: DEVICE_POOL current=19126 MB  actual(reserved)=38146 MB  highWater=24414 MB
ExecutionTime = 118.11 s  ClockTime = 118 s

Time = 1029
[mem] step-start: DEVICE_POOL current=19126 MB  actual(reserved)=38146 MB  highWater=24414 MB
Schwarz(Jacobi)+Bicgstab:  Solving for Ux, Initial residual = 7.894517770050803e-05, Final residual = 3.7287580935518273e-06, No Iterations 3, Solve time = 231.124 ms
Schwarz(Jacobi)+Bicgstab:  Solving for Uy, Initial residual = 0.004176140919000516, Final residual = 0.0001343914989184844, No Iterations 3, Solve time = 231.124 ms
Schwarz(Jacobi)+Bicgstab:  Solving for Uz, Initial residual = 0.0011246850118537771, Final residual = 4.7752045001895595e-05, No Iterations 3, Solve time = 231.124 ms
[mem] after-UEqn: DEVICE_POOL current=19126 MB  actual(reserved)=38146 MB  highWater=24414 MB
[GinkgoSolver] p-cache: reuse(update_matrix_value) solve=29 rebuildInterval=0
config(Cg+Multigrid):  Solving for p, Initial residual = 0.0012908980017659313, Final residual = 1.2009872256236435e-05, No Iterations 12, Solve time = 1012.139 ms
time step continuity errors : sum local = 3.005698242028229e-06, global = -1.1464330671930602e-08, cumulative = -6.08712345177339e-07
[mem] after-pEqn: DEVICE_POOL current=19126 MB  actual(reserved)=38146 MB  highWater=24414 MB
[GinkgoSolver] p-cache: reuse(update_matrix_value) solve=29 rebuildInterval=0
Schwarz(Jacobi)+Bicgstab:  Solving for omega, Initial residual = 1.2809322307567107e-05, Final residual = 8.389344439490908e-07, No Iterations 2, Solve time = 90.951 ms
bounding omega, min: -55092.15193273872 max: 45355982.67043043 average: 6370.955286830962
[GinkgoSolver] p-cache: reuse(update_matrix_value) solve=29 rebuildInterval=0
Schwarz(Jacobi)+Bicgstab:  Solving for k, Initial residual = 0.0002438798907452102, Final residual = 1.2860143002951161e-05, No Iterations 2, Solve time = 74.367 ms
bounding k, min: -0.0032233431742107613 max: 874.6097337083189 average: 9.136384199196272
[mem] after-turb: DEVICE_POOL current=19126 MB  actual(reserved)=38146 MB  highWater=24414 MB
ExecutionTime = 120.68 s  ClockTime = 121 s

Time = 1030
[mem] step-start: DEVICE_POOL current=19126 MB  actual(reserved)=38146 MB  highWater=24414 MB
Schwarz(Jacobi)+Bicgstab:  Solving for Ux, Initial residual = 7.904020436213206e-05, Final residual = 4.3183128949871265e-06, No Iterations 2, Solve time = 173.2 ms
Schwarz(Jacobi)+Bicgstab:  Solving for Uy, Initial residual = 0.0041742890468461705, Final residual = 0.00026384874487512877, No Iterations 2, Solve time = 173.2 ms
Schwarz(Jacobi)+Bicgstab:  Solving for Uz, Initial residual = 0.0011228529943703607, Final residual = 0.00017456257490713637, No Iterations 2, Solve time = 173.2 ms
[mem] after-UEqn: DEVICE_POOL current=19126 MB  actual(reserved)=38146 MB  highWater=24414 MB
[GinkgoSolver] p-cache: reuse(update_matrix_value) solve=30 rebuildInterval=0
config(Cg+Multigrid):  Solving for p, Initial residual = 0.001297322408429591, Final residual = 1.1871956422437037e-05, No Iterations 12, Solve time = 1019.734 ms
time step continuity errors : sum local = 2.9711811946036806e-06, global = -1.8029557802216203e-08, cumulative = -6.267419029795552e-07
[mem] after-pEqn: DEVICE_POOL current=19126 MB  actual(reserved)=38146 MB  highWater=24414 MB
[GinkgoSolver] p-cache: reuse(update_matrix_value) solve=30 rebuildInterval=0
Schwarz(Jacobi)+Bicgstab:  Solving for omega, Initial residual = 1.2835276740590106e-05, Final residual = 8.447577662449833e-07, No Iterations 2, Solve time = 86.244 ms
bounding omega, min: -255664.9217850894 max: 45355982.677386016 average: 6370.984596190575
[GinkgoSolver] p-cache: reuse(update_matrix_value) solve=30 rebuildInterval=0
Schwarz(Jacobi)+Bicgstab:  Solving for k, Initial residual = 0.0002442535112678721, Final residual = 1.3132853426946228e-05, No Iterations 2, Solve time = 73.691 ms
bounding k, min: -0.0015814838091151784 max: 874.0237531997805 average: 9.136030164750338
[mem] after-turb: DEVICE_POOL current=19126 MB  actual(reserved)=38146 MB  highWater=24414 MB
ExecutionTime = 123.19 s  ClockTime = 123 s

Time = 1031
[mem] step-start: DEVICE_POOL current=19126 MB  actual(reserved)=38146 MB  highWater=24414 MB
Schwarz(Jacobi)+Bicgstab:  Solving for Ux, Initial residual = 7.919348897773317e-05, Final residual = 4.489769679316552e-06, No Iterations 2, Solve time = 187.94 ms
Schwarz(Jacobi)+Bicgstab:  Solving for Uy, Initial residual = 0.004161975978916106, Final residual = 0.0007602345200816237, No Iterations 2, Solve time = 187.94 ms
Schwarz(Jacobi)+Bicgstab:  Solving for Uz, Initial residual = 0.0011336566736259537, Final residual = 9.096050676210818e-05, No Iterations 2, Solve time = 187.94 ms
[mem] after-UEqn: DEVICE_POOL current=19126 MB  actual(reserved)=38146 MB  highWater=24414 MB
[GinkgoSolver] p-cache: reuse(update_matrix_value) solve=31 rebuildInterval=0
config(Cg+Multigrid):  Solving for p, Initial residual = 0.0013145718053161955, Final residual = 1.1996355197123758e-05, No Iterations 12, Solve time = 1026.306 ms
time step continuity errors : sum local = 3.002110488977265e-06, global = -2.450447201862541e-08, cumulative = -6.512463749981806e-07
[mem] after-pEqn: DEVICE_POOL current=19126 MB  actual(reserved)=38146 MB  highWater=24414 MB
[GinkgoSolver] p-cache: reuse(update_matrix_value) solve=31 rebuildInterval=0
Schwarz(Jacobi)+Bicgstab:  Solving for omega, Initial residual = 1.2865858545166853e-05, Final residual = 8.457088608896088e-07, No Iterations 2, Solve time = 90.717 ms
bounding omega, min: -53615.32084335691 max: 45355982.68596436 average: 6371.085195416601
[GinkgoSolver] p-cache: reuse(update_matrix_value) solve=31 rebuildInterval=0
Schwarz(Jacobi)+Bicgstab:  Solving for k, Initial residual = 0.00024470444832445356, Final residual = 1.3442621480120748e-05, No Iterations 2, Solve time = 74.47 ms
bounding k, min: -0.008175135400820183 max: 873.5789247341656 average: 9.135736684060369
[mem] after-turb: DEVICE_POOL current=19126 MB  actual(reserved)=38146 MB  highWater=24414 MB
ExecutionTime = 125.72 s  ClockTime = 126 s

Time = 1032
[mem] step-start: DEVICE_POOL current=19126 MB  actual(reserved)=38146 MB  highWater=24414 MB
Schwarz(Jacobi)+Bicgstab:  Solving for Ux, Initial residual = 7.932795183017839e-05, Final residual = 3.819162251737156e-06, No Iterations 3, Solve time = 231.849 ms
Schwarz(Jacobi)+Bicgstab:  Solving for Uy, Initial residual = 0.004228743600621252, Final residual = 0.0001343245326468649, No Iterations 3, Solve time = 231.849 ms
Schwarz(Jacobi)+Bicgstab:  Solving for Uz, Initial residual = 0.0011212424380729101, Final residual = 5.0152385301902814e-05, No Iterations 3, Solve time = 231.849 ms
[mem] after-UEqn: DEVICE_POOL current=19126 MB  actual(reserved)=38146 MB  highWater=24414 MB
[GinkgoSolver] p-cache: reuse(update_matrix_value) solve=32 rebuildInterval=0
config(Cg+Multigrid):  Solving for p, Initial residual = 0.0013135594743172638, Final residual = 1.2205069999644967e-05, No Iterations 12, Solve time = 1032.111 ms
time step continuity errors : sum local = 3.0547338615225825e-06, global = -3.144122291527629e-08, cumulative = -6.826875979134569e-07
[mem] after-pEqn: DEVICE_POOL current=19126 MB  actual(reserved)=38146 MB  highWater=24414 MB
[GinkgoSolver] p-cache: reuse(update_matrix_value) solve=32 rebuildInterval=0
Schwarz(Jacobi)+Bicgstab:  Solving for omega, Initial residual = 1.2873218265885709e-05, Final residual = 8.466501383854835e-07, No Iterations 2, Solve time = 78.528 ms
bounding omega, min: -51958.97275673263 max: 45355982.69545934 average: 6371.16690118687
[GinkgoSolver] p-cache: reuse(update_matrix_value) solve=32 rebuildInterval=0
Schwarz(Jacobi)+Bicgstab:  Solving for k, Initial residual = 0.00024521303614427056, Final residual = 1.3521702960704013e-05, No Iterations 2, Solve time = 74.412 ms
bounding k, min: -0.008182344318282408 max: 873.2160961566299 average: 9.135342212267233
[mem] after-turb: DEVICE_POOL current=19126 MB  actual(reserved)=38146 MB  highWater=24414 MB
ExecutionTime = 128.31 s  ClockTime = 129 s

Time = 1033
[mem] step-start: DEVICE_POOL current=19126 MB  actual(reserved)=38146 MB  highWater=24414 MB
Schwarz(Jacobi)+Bicgstab:  Solving for Ux, Initial residual = 7.947920477282599e-05, Final residual = 3.5974491333449693e-06, No Iterations 3, Solve time = 241.155 ms
Schwarz(Jacobi)+Bicgstab:  Solving for Uy, Initial residual = 0.004248210994912058, Final residual = 0.00013371522385564747, No Iterations 3, Solve time = 241.155 ms
Schwarz(Jacobi)+Bicgstab:  Solving for Uz, Initial residual = 0.001111311615968134, Final residual = 4.7771336271377016e-05, No Iterations 3, Solve time = 241.155 ms
[mem] after-UEqn: DEVICE_POOL current=19126 MB  actual(reserved)=38146 MB  highWater=24414 MB
[GinkgoSolver] p-cache: reuse(update_matrix_value) solve=33 rebuildInterval=0
config(Cg+Multigrid):  Solving for p, Initial residual = 0.001309176962225149, Final residual = 1.225181767055762e-05, No Iterations 12, Solve time = 1044.703 ms
time step continuity errors : sum local = 3.0669647686147686e-06, global = -3.8338879241135505e-08, cumulative = -7.210264771545924e-07
[mem] after-pEqn: DEVICE_POOL current=19126 MB  actual(reserved)=38146 MB  highWater=24414 MB
[GinkgoSolver] p-cache: reuse(update_matrix_value) solve=33 rebuildInterval=0
Schwarz(Jacobi)+Bicgstab:  Solving for omega, Initial residual = 1.28854829788064e-05, Final residual = 8.530411611074363e-07, No Iterations 2, Solve time = 91.174 ms
bounding omega, min: -51585.062243178 max: 45355982.703372985 average: 6371.206025372152
[GinkgoSolver] p-cache: reuse(update_matrix_value) solve=33 rebuildInterval=0
Schwarz(Jacobi)+Bicgstab:  Solving for k, Initial residual = 0.00024580453472496626, Final residual = 1.3343025072283013e-05, No Iterations 2, Solve time = 73.718 ms
bounding k, min: -0.003579287659260624 max: 872.9366386269544 average: 9.134885540789844
[mem] after-turb: DEVICE_POOL current=19126 MB  actual(reserved)=38146 MB  highWater=24414 MB
ExecutionTime = 130.91 s  ClockTime = 131 s

Time = 1034
[mem] step-start: DEVICE_POOL current=19126 MB  actual(reserved)=38146 MB  highWater=24414 MB
Schwarz(Jacobi)+Bicgstab:  Solving for Ux, Initial residual = 7.965290117230279e-05, Final residual = 4.55937101284386e-06, No Iterations 2, Solve time = 183.442 ms
Schwarz(Jacobi)+Bicgstab:  Solving for Uy, Initial residual = 0.004267098602226515, Final residual = 0.0004989556212026233, No Iterations 2, Solve time = 183.442 ms
Schwarz(Jacobi)+Bicgstab:  Solving for Uz, Initial residual = 0.0011044792155199404, Final residual = 7.593833247064303e-05, No Iterations 2, Solve time = 183.442 ms
[mem] after-UEqn: DEVICE_POOL current=19126 MB  actual(reserved)=38146 MB  highWater=24414 MB
[GinkgoSolver] p-cache: reuse(update_matrix_value) solve=34 rebuildInterval=0
config(Cg+Multigrid):  Solving for p, Initial residual = 0.0013158460260937106, Final residual = 1.2049686715651926e-05, No Iterations 12, Solve time = 1021.969 ms
time step continuity errors : sum local = 3.0169790815564912e-06, global = -4.3238710434897587e-08, cumulative = -7.6426518758949e-07
[mem] after-pEqn: DEVICE_POOL current=19126 MB  actual(reserved)=38146 MB  highWater=24414 MB
[GinkgoSolver] p-cache: reuse(update_matrix_value) solve=34 rebuildInterval=0
Schwarz(Jacobi)+Bicgstab:  Solving for omega, Initial residual = 1.292439041402521e-05, Final residual = 8.620419335497064e-07, No Iterations 2, Solve time = 91.146 ms
bounding omega, min: -208450.7425115239 max: 45355982.70938374 average: 6371.2594513264885
[GinkgoSolver] p-cache: reuse(update_matrix_value) solve=34 rebuildInterval=0
Schwarz(Jacobi)+Bicgstab:  Solving for k, Initial residual = 0.0002466558509614301, Final residual = 1.2784065514506678e-05, No Iterations 2, Solve time = 72.736 ms
bounding k, min: -0.0018558240161689402 max: 872.692209593809 average: 9.134399898804256
[mem] after-turb: DEVICE_POOL current=19126 MB  actual(reserved)=38146 MB  highWater=24414 MB
ExecutionTime = 133.42 s  ClockTime = 134 s

Time = 1035
[mem] step-start: DEVICE_POOL current=19126 MB  actual(reserved)=38146 MB  highWater=24414 MB
Schwarz(Jacobi)+Bicgstab:  Solving for Ux, Initial residual = 7.997454183070593e-05, Final residual = 4.840837575970145e-06, No Iterations 2, Solve time = 188.604 ms
Schwarz(Jacobi)+Bicgstab:  Solving for Uy, Initial residual = 0.004256369870232205, Final residual = 0.0007579995191108485, No Iterations 2, Solve time = 188.604 ms
Schwarz(Jacobi)+Bicgstab:  Solving for Uz, Initial residual = 0.0011070311336774793, Final residual = 7.198629890110992e-05, No Iterations 2, Solve time = 188.604 ms
[mem] after-UEqn: DEVICE_POOL current=19126 MB  actual(reserved)=38146 MB  highWater=24414 MB
[GinkgoSolver] p-cache: reuse(update_matrix_value) solve=35 rebuildInterval=0
config(Cg+Multigrid):  Solving for p, Initial residual = 0.0013097587081600647, Final residual = 1.2958069948937068e-05, No Iterations 10, Solve time = 856.079 ms
time step continuity errors : sum local = 3.2453030946565747e-06, global = -5.534892036650172e-08, cumulative = -8.196141079559918e-07
[mem] after-pEqn: DEVICE_POOL current=19126 MB  actual(reserved)=38146 MB  highWater=24414 MB
[GinkgoSolver] p-cache: reuse(update_matrix_value) solve=35 rebuildInterval=0
Schwarz(Jacobi)+Bicgstab:  Solving for omega, Initial residual = 1.2951286223880745e-05, Final residual = 8.658283462688471e-07, No Iterations 2, Solve time = 86.325 ms
bounding omega, min: -49525.84066892527 max: 45355982.71146473 average: 6371.375398105976
[GinkgoSolver] p-cache: reuse(update_matrix_value) solve=35 rebuildInterval=0
Schwarz(Jacobi)+Bicgstab:  Solving for k, Initial residual = 0.00024700822027935395, Final residual = 1.2295544522181685e-05, No Iterations 2, Solve time = 77.266 ms
bounding k, min: -0.00527826538689995 max: 872.529128424658 average: 9.1341549950133
[mem] after-turb: DEVICE_POOL current=19126 MB  actual(reserved)=38146 MB  highWater=24414 MB
ExecutionTime = 135.77 s  ClockTime = 136 s

Time = 1036
[mem] step-start: DEVICE_POOL current=19126 MB  actual(reserved)=38146 MB  highWater=24414 MB
Schwarz(Jacobi)+Bicgstab:  Solving for Ux, Initial residual = 7.998839494849912e-05, Final residual = 3.98715694868301e-06, No Iterations 3, Solve time = 236.451 ms
Schwarz(Jacobi)+Bicgstab:  Solving for Uy, Initial residual = 0.0043089007100632236, Final residual = 0.00013694187678449008, No Iterations 3, Solve time = 236.451 ms
Schwarz(Jacobi)+Bicgstab:  Solving for Uz, Initial residual = 0.001106681401226228, Final residual = 5.089319016234655e-05, No Iterations 3, Solve time = 236.451 ms
[mem] after-UEqn: DEVICE_POOL current=19126 MB  actual(reserved)=38146 MB  highWater=24414 MB
[GinkgoSolver] p-cache: reuse(update_matrix_value) solve=36 rebuildInterval=0
config(Cg+Multigrid):  Solving for p, Initial residual = 0.0013089701533477978, Final residual = 1.2525000290190855e-05, No Iterations 13, Solve time = 1104.546 ms
time step continuity errors : sum local = 3.1374303701301026e-06, global = -4.751269874492385e-08, cumulative = -8.671268067009156e-07
[mem] after-pEqn: DEVICE_POOL current=19126 MB  actual(reserved)=38146 MB  highWater=24414 MB
[GinkgoSolver] p-cache: reuse(update_matrix_value) solve=36 rebuildInterval=0
Schwarz(Jacobi)+Bicgstab:  Solving for omega, Initial residual = 1.2970487611031472e-05, Final residual = 8.698004082613398e-07, No Iterations 2, Solve time = 86.891 ms
bounding omega, min: -48046.4235485765 max: 45355982.71071793 average: 6371.467204325369
[GinkgoSolver] p-cache: reuse(update_matrix_value) solve=36 rebuildInterval=0
Schwarz(Jacobi)+Bicgstab:  Solving for k, Initial residual = 0.0002475513262460802, Final residual = 1.2574564991823277e-05, No Iterations 2, Solve time = 74.964 ms
bounding k, min: -0.003679916313009221 max: 872.3994111807559 average: 9.13378803029
[mem] after-turb: DEVICE_POOL current=19126 MB  actual(reserved)=38146 MB  highWater=24414 MB
ExecutionTime = 138.41 s  ClockTime = 139 s

Time = 1037
[mem] step-start: DEVICE_POOL current=19126 MB  actual(reserved)=38146 MB  highWater=24414 MB
Schwarz(Jacobi)+Bicgstab:  Solving for Ux, Initial residual = 8.005334168857583e-05, Final residual = 6.660679216033058e-06, No Iterations 3, Solve time = 244.155 ms
Schwarz(Jacobi)+Bicgstab:  Solving for Uy, Initial residual = 0.00432261317525088, Final residual = 0.00013544465238647514, No Iterations 3, Solve time = 244.155 ms
Schwarz(Jacobi)+Bicgstab:  Solving for Uz, Initial residual = 0.001107192753475026, Final residual = 5.550107981873587e-05, No Iterations 3, Solve time = 244.155 ms
[mem] after-UEqn: DEVICE_POOL current=19126 MB  actual(reserved)=38146 MB  highWater=24414 MB
[GinkgoSolver] p-cache: reuse(update_matrix_value) solve=37 rebuildInterval=0
config(Cg+Multigrid):  Solving for p, Initial residual = 0.0013201601662788808, Final residual = 1.1486044406874199e-05, No Iterations 13, Solve time = 1094.051 ms
time step continuity errors : sum local = 2.879068702282937e-06, global = -4.8365062288184163e-08, cumulative = -9.154918689890997e-07
[mem] after-pEqn: DEVICE_POOL current=19126 MB  actual(reserved)=38146 MB  highWater=24414 MB
[GinkgoSolver] p-cache: reuse(update_matrix_value) solve=37 rebuildInterval=0
Schwarz(Jacobi)+Bicgstab:  Solving for omega, Initial residual = 1.3028658288106527e-05, Final residual = 8.850349763775777e-07, No Iterations 2, Solve time = 86.657 ms
bounding omega, min: -46217.78011120159 max: 45355982.705947675 average: 6371.5459005575085
[GinkgoSolver] p-cache: reuse(update_matrix_value) solve=37 rebuildInterval=0
Schwarz(Jacobi)+Bicgstab:  Solving for k, Initial residual = 0.0002483363976645536, Final residual = 1.2458862806457157e-05, No Iterations 2, Solve time = 74.755 ms
bounding k, min: -0.004579377770416882 max: 872.3823923929244 average: 9.133530532983686
[mem] after-turb: DEVICE_POOL current=19126 MB  actual(reserved)=38146 MB  highWater=24414 MB
ExecutionTime = 141.06 s  ClockTime = 141 s

Time = 1038
[mem] step-start: DEVICE_POOL current=19126 MB  actual(reserved)=38146 MB  highWater=24414 MB
Schwarz(Jacobi)+Bicgstab:  Solving for Ux, Initial residual = 8.037333574109626e-05, Final residual = 3.3823198526133817e-06, No Iterations 3, Solve time = 245.033 ms
Schwarz(Jacobi)+Bicgstab:  Solving for Uy, Initial residual = 0.004332409491823047, Final residual = 0.00013689207526918303, No Iterations 3, Solve time = 245.033 ms
Schwarz(Jacobi)+Bicgstab:  Solving for Uz, Initial residual = 0.001108317022510251, Final residual = 4.7537587915132846e-05, No Iterations 3, Solve time = 245.033 ms
[mem] after-UEqn: DEVICE_POOL current=19126 MB  actual(reserved)=38146 MB  highWater=24414 MB
[GinkgoSolver] p-cache: reuse(update_matrix_value) solve=38 rebuildInterval=0
config(Cg+Multigrid):  Solving for p, Initial residual = 0.0013084102662705762, Final residual = 1.2116273625062045e-05, No Iterations 12, Solve time = 1012.261 ms
time step continuity errors : sum local = 3.0387519558064447e-06, global = -5.034854605172413e-08, cumulative = -9.65840415040824e-07
[mem] after-pEqn: DEVICE_POOL current=19126 MB  actual(reserved)=38146 MB  highWater=24414 MB
[GinkgoSolver] p-cache: reuse(update_matrix_value) solve=38 rebuildInterval=0
Schwarz(Jacobi)+Bicgstab:  Solving for omega, Initial residual = 1.3044674611529771e-05, Final residual = 8.901761845483709e-07, No Iterations 2, Solve time = 91.019 ms
bounding omega, min: -333572.23214959016 max: 45355982.69634876 average: 6371.594695446144
[GinkgoSolver] p-cache: reuse(update_matrix_value) solve=38 rebuildInterval=0
Schwarz(Jacobi)+Bicgstab:  Solving for k, Initial residual = 0.00024870875615222844, Final residual = 1.2204653505860538e-05, No Iterations 2, Solve time = 74.04 ms
bounding k, min: -0.014276741655847837 max: 872.3375181635231 average: 9.133220450635047
[mem] after-turb: DEVICE_POOL current=19126 MB  actual(reserved)=38146 MB  highWater=24414 MB
ExecutionTime = 143.63 s  ClockTime = 144 s

Time = 1039
[mem] step-start: DEVICE_POOL current=19126 MB  actual(reserved)=38146 MB  highWater=24414 MB
Schwarz(Jacobi)+Bicgstab:  Solving for Ux, Initial residual = 8.035491481120347e-05, Final residual = 2.2134483169857776e-06, No Iterations 4, Solve time = 288.789 ms
Schwarz(Jacobi)+Bicgstab:  Solving for Uy, Initial residual = 0.004336482589997133, Final residual = 0.0001685415778284139, No Iterations 4, Solve time = 288.789 ms
Schwarz(Jacobi)+Bicgstab:  Solving for Uz, Initial residual = 0.0011115937763772924, Final residual = 2.7327978464412508e-05, No Iterations 4, Solve time = 288.789 ms
[mem] after-UEqn: DEVICE_POOL current=19126 MB  actual(reserved)=38146 MB  highWater=24414 MB
[GinkgoSolver] p-cache: reuse(update_matrix_value) solve=39 rebuildInterval=0
config(Cg+Multigrid):  Solving for p, Initial residual = 0.0012988526276355434, Final residual = 1.2169716280009448e-05, No Iterations 12, Solve time = 1015.865 ms
time step continuity errors : sum local = 3.053773771775455e-06, global = -4.950176517955517e-08, cumulative = -1.015342180220379e-06
[mem] after-pEqn: DEVICE_POOL current=19126 MB  actual(reserved)=38146 MB  highWater=24414 MB
[GinkgoSolver] p-cache: reuse(update_matrix_value) solve=39 rebuildInterval=0
Schwarz(Jacobi)+Bicgstab:  Solving for omega, Initial residual = 1.3050047817728959e-05, Final residual = 8.895314744650861e-07, No Iterations 2, Solve time = 86.566 ms
bounding omega, min: -46175.40850023156 max: 45355982.68190566 average: 6371.637668075881
[GinkgoSolver] p-cache: reuse(update_matrix_value) solve=39 rebuildInterval=0
Schwarz(Jacobi)+Bicgstab:  Solving for k, Initial residual = 0.0002489820102937057, Final residual = 1.1536138237226519e-05, No Iterations 2, Solve time = 77.152 ms
bounding k, min: -0.033189898610960264 max: 872.2570603936965 average: 9.132883423043888
[mem] after-turb: DEVICE_POOL current=19126 MB  actual(reserved)=38146 MB  highWater=24414 MB
ExecutionTime = 146.24 s  ClockTime = 147 s

Time = 1040
[mem] step-start: DEVICE_POOL current=19126 MB  actual(reserved)=38146 MB  highWater=24414 MB
Schwarz(Jacobi)+Bicgstab:  Solving for Ux, Initial residual = 8.033395190229556e-05, Final residual = 6.803507255421902e-07, No Iterations 5, Solve time = 346.231 ms
Schwarz(Jacobi)+Bicgstab:  Solving for Uy, Initial residual = 0.004340720834493881, Final residual = 2.440511963960176e-05, No Iterations 5, Solve time = 346.231 ms
Schwarz(Jacobi)+Bicgstab:  Solving for Uz, Initial residual = 0.0011142469212249706, Final residual = 5.021355969272905e-06, No Iterations 5, Solve time = 346.231 ms
[mem] after-UEqn: DEVICE_POOL current=19126 MB  actual(reserved)=38146 MB  highWater=24414 MB
[GinkgoSolver] p-cache: reuse(update_matrix_value) solve=40 rebuildInterval=0
config(Cg+Multigrid):  Solving for p, Initial residual = 0.0012890981755153933, Final residual = 1.1588703436080826e-05, No Iterations 12, Solve time = 1007.996 ms
time step continuity errors : sum local = 2.909889683141833e-06, global = -4.850985795864162e-08, cumulative = -1.0638520381790208e-06
[mem] after-pEqn: DEVICE_POOL current=19126 MB  actual(reserved)=38146 MB  highWater=24414 MB
[GinkgoSolver] p-cache: reuse(update_matrix_value) solve=40 rebuildInterval=0
Schwarz(Jacobi)+Bicgstab:  Solving for omega, Initial residual = 1.3017663812238768e-05, Final residual = 8.848918837760882e-07, No Iterations 2, Solve time = 85.657 ms
bounding omega, min: -44301.90670358066 max: 45355982.66535662 average: 6371.576601679989
[GinkgoSolver] p-cache: reuse(update_matrix_value) solve=40 rebuildInterval=0
Schwarz(Jacobi)+Bicgstab:  Solving for k, Initial residual = 0.0002490888557635943, Final residual = 1.6012884194831378e-05, No Iterations 2, Solve time = 73.737 ms
bounding k, min: -0.21687756240794143 max: 872.1439702713775 average: 9.132701143870207
[mem] after-turb: DEVICE_POOL current=19126 MB  actual(reserved)=38146 MB  highWater=24414 MB
ExecutionTime = 148.91 s  ClockTime = 149 s

Time = 1041
[mem] step-start: DEVICE_POOL current=19126 MB  actual(reserved)=38146 MB  highWater=24414 MB
Schwarz(Jacobi)+Bicgstab:  Solving for Ux, Initial residual = 8.022795244509694e-05, Final residual = 1.0703838260369056e-06, No Iterations 4, Solve time = 298.344 ms
Schwarz(Jacobi)+Bicgstab:  Solving for Uy, Initial residual = 0.004339493365156496, Final residual = 0.0004134304317385486, No Iterations 4, Solve time = 298.344 ms
Schwarz(Jacobi)+Bicgstab:  Solving for Uz, Initial residual = 0.0011151493855204614, Final residual = 2.3429235647317735e-05, No Iterations 4, Solve time = 298.344 ms
[mem] after-UEqn: DEVICE_POOL current=19126 MB  actual(reserved)=38146 MB  highWater=24414 MB
[GinkgoSolver] p-cache: reuse(update_matrix_value) solve=41 rebuildInterval=0
config(Cg+Multigrid):  Solving for p, Initial residual = 0.0012920865335143633, Final residual = 1.2365425753213523e-05, No Iterations 12, Solve time = 1022.616 ms
time step continuity errors : sum local = 3.1073949697770523e-06, global = -4.8582599742282355e-08, cumulative = -1.1124346379213032e-06
[mem] after-pEqn: DEVICE_POOL current=19126 MB  actual(reserved)=38146 MB  highWater=24414 MB
[GinkgoSolver] p-cache: reuse(update_matrix_value) solve=41 rebuildInterval=0
Schwarz(Jacobi)+Bicgstab:  Solving for omega, Initial residual = 1.2831178820593313e-05, Final residual = 8.82916650834447e-07, No Iterations 2, Solve time = 86.201 ms
bounding omega, min: -44697.54714595999 max: 45355982.64575923 average: 6371.507372789597
[GinkgoSolver] p-cache: reuse(update_matrix_value) solve=41 rebuildInterval=0
Schwarz(Jacobi)+Bicgstab:  Solving for k, Initial residual = 0.0002488863218620018, Final residual = 1.0639112873649574e-05, No Iterations 3, Solve time = 96.999 ms
bounding k, min: -0.00012723418562376627 max: 872.0332110096634 average: 9.131997548937218
[mem] after-turb: DEVICE_POOL current=19126 MB  actual(reserved)=38146 MB  highWater=24414 MB
ExecutionTime = 151.56 s  ClockTime = 152 s

Time = 1042
[mem] step-start: DEVICE_POOL current=19126 MB  actual(reserved)=38146 MB  highWater=24414 MB
Schwarz(Jacobi)+Bicgstab:  Solving for Ux, Initial residual = 8.01556380632082e-05, Final residual = 1.0324819246042993e-06, No Iterations 4, Solve time = 296.366 ms
Schwarz(Jacobi)+Bicgstab:  Solving for Uy, Initial residual = 0.004329415235933396, Final residual = 9.960116147973794e-05, No Iterations 4, Solve time = 296.366 ms
Schwarz(Jacobi)+Bicgstab:  Solving for Uz, Initial residual = 0.0011169721190091087, Final residual = 4.551339494843672e-05, No Iterations 4, Solve time = 296.366 ms
[mem] after-UEqn: DEVICE_POOL current=19126 MB  actual(reserved)=38146 MB  highWater=24414 MB
[GinkgoSolver] p-cache: reuse(update_matrix_value) solve=42 rebuildInterval=0
config(Cg+Multigrid):  Solving for p, Initial residual = 0.001279309762256784, Final residual = 1.1420787610419388e-05, No Iterations 12, Solve time = 1024.463 ms
time step continuity errors : sum local = 2.8717062104016925e-06, global = -4.965746088245276e-08, cumulative = -1.162092098803756e-06
[mem] after-pEqn: DEVICE_POOL current=19126 MB  actual(reserved)=38146 MB  highWater=24414 MB
[GinkgoSolver] p-cache: reuse(update_matrix_value) solve=42 rebuildInterval=0
Schwarz(Jacobi)+Bicgstab:  Solving for omega, Initial residual = 1.3100027027857533e-05, Final residual = 8.816358982955748e-07, No Iterations 2, Solve time = 85.746 ms
bounding omega, min: -239866.44767956718 max: 45355982.631453656 average: 6371.234664634071
[GinkgoSolver] p-cache: reuse(update_matrix_value) solve=42 rebuildInterval=0
Schwarz(Jacobi)+Bicgstab:  Solving for k, Initial residual = 0.00024785612483548084, Final residual = 3.8023086715507427e-06, No Iterations 3, Solve time = 100.445 ms
bounding k, min: -4.3470310432170166e-05 max: 871.9257255590376 average: 9.131490904534175
[mem] after-turb: DEVICE_POOL current=19126 MB  actual(reserved)=38146 MB  highWater=24414 MB
ExecutionTime = 154.22 s  ClockTime = 155 s

Time = 1043
[mem] step-start: DEVICE_POOL current=19126 MB  actual(reserved)=38146 MB  highWater=24414 MB
Schwarz(Jacobi)+Bicgstab:  Solving for Ux, Initial residual = 8.009037622541255e-05, Final residual = 2.8428514231862066e-06, No Iterations 3, Solve time = 248.113 ms
Schwarz(Jacobi)+Bicgstab:  Solving for Uy, Initial residual = 0.004330321100536279, Final residual = 0.000154247392170601, No Iterations 3, Solve time = 248.113 ms
Schwarz(Jacobi)+Bicgstab:  Solving for Uz, Initial residual = 0.0011193751603855095, Final residual = 2.8812807599050823e-05, No Iterations 3, Solve time = 248.113 ms
[mem] after-UEqn: DEVICE_POOL current=19126 MB  actual(reserved)=38146 MB  highWater=24414 MB
[GinkgoSolver] p-cache: reuse(update_matrix_value) solve=43 rebuildInterval=0
config(Cg+Multigrid):  Solving for p, Initial residual = 0.0012710101139787916, Final residual = 1.205860938853343e-05, No Iterations 12, Solve time = 1027.957 ms
time step continuity errors : sum local = 3.0330885107353384e-06, global = -5.288424848038733e-08, cumulative = -1.2149763472841432e-06
[mem] after-pEqn: DEVICE_POOL current=19126 MB  actual(reserved)=38146 MB  highWater=24414 MB
[GinkgoSolver] p-cache: reuse(update_matrix_value) solve=43 rebuildInterval=0
Schwarz(Jacobi)+Bicgstab:  Solving for omega, Initial residual = 1.300188026598214e-05, Final residual = 8.799671057990471e-07, No Iterations 2, Solve time = 86.276 ms
bounding omega, min: -45486.959285124234 max: 45355982.61929947 average: 6371.026308155116
[GinkgoSolver] p-cache: reuse(update_matrix_value) solve=43 rebuildInterval=0
Schwarz(Jacobi)+Bicgstab:  Solving for k, Initial residual = 0.00024758565330728667, Final residual = 1.1588949905822647e-05, No Iterations 2, Solve time = 74.971 ms
bounding k, min: -0.00016749563587695583 max: 871.7849118059125 average: 9.130958458431069
[mem] after-turb: DEVICE_POOL current=19126 MB  actual(reserved)=38146 MB  highWater=24414 MB
ExecutionTime = 156.8 s  ClockTime = 157 s

Time = 1044
[mem] step-start: DEVICE_POOL current=19126 MB  actual(reserved)=38146 MB  highWater=24414 MB
Schwarz(Jacobi)+Bicgstab:  Solving for Ux, Initial residual = 8.012963620607693e-05, Final residual = 4.428285673575407e-06, No Iterations 2, Solve time = 189.836 ms
Schwarz(Jacobi)+Bicgstab:  Solving for Uy, Initial residual = 0.0043409677341217255, Final residual = 0.00024969872398353986, No Iterations 2, Solve time = 189.836 ms
Schwarz(Jacobi)+Bicgstab:  Solving for Uz, Initial residual = 0.0011180527392435967, Final residual = 7.570799843513566e-05, No Iterations 2, Solve time = 189.836 ms
[mem] after-UEqn: DEVICE_POOL current=19126 MB  actual(reserved)=38146 MB  highWater=24414 MB
[GinkgoSolver] p-cache: reuse(update_matrix_value) solve=44 rebuildInterval=0
config(Cg+Multigrid):  Solving for p, Initial residual = 0.0012698501153388553, Final residual = 1.2634884863568683e-05, No Iterations 20, Solve time = 1693.484 ms
time step continuity errors : sum local = 3.177893437501016e-06, global = -3.758088682328819e-08, cumulative = -1.2525572341074315e-06
[mem] after-pEqn: DEVICE_POOL current=19126 MB  actual(reserved)=38146 MB  highWater=24414 MB
[GinkgoSolver] p-cache: reuse(update_matrix_value) solve=44 rebuildInterval=0
Schwarz(Jacobi)+Bicgstab:  Solving for omega, Initial residual = 1.3030646626007593e-05, Final residual = 8.735427276973991e-07, No Iterations 2, Solve time = 82.453 ms
bounding omega, min: -45842.8009385531 max: 45355982.60785859 average: 6370.76991494086
[GinkgoSolver] p-cache: reuse(update_matrix_value) solve=44 rebuildInterval=0
Schwarz(Jacobi)+Bicgstab:  Solving for k, Initial residual = 0.000247703149300112, Final residual = 1.2442276626929783e-05, No Iterations 2, Solve time = 77.187 ms
[mem] after-turb: DEVICE_POOL current=19126 MB  actual(reserved)=38146 MB  highWater=24414 MB
ExecutionTime = 159.99 s  ClockTime = 160 s

Time = 1045
[mem] step-start: DEVICE_POOL current=19126 MB  actual(reserved)=38146 MB  highWater=24414 MB
Schwarz(Jacobi)+Bicgstab:  Solving for Ux, Initial residual = 7.994907460711271e-05, Final residual = 7.831990970870843e-06, No Iterations 2, Solve time = 180.469 ms
Schwarz(Jacobi)+Bicgstab:  Solving for Uy, Initial residual = 0.004360214636564135, Final residual = 0.0002864996644230381, No Iterations 2, Solve time = 180.469 ms
Schwarz(Jacobi)+Bicgstab:  Solving for Uz, Initial residual = 0.0011198948270285862, Final residual = 7.571001788964147e-05, No Iterations 2, Solve time = 180.469 ms
[mem] after-UEqn: DEVICE_POOL current=19126 MB  actual(reserved)=38146 MB  highWater=24414 MB
[GinkgoSolver] p-cache: reuse(update_matrix_value) solve=45 rebuildInterval=0
config(Cg+Multigrid):  Solving for p, Initial residual = 0.0012801649065813884, Final residual = 1.1961681593166879e-05, No Iterations 11, Solve time = 964.958 ms
time step continuity errors : sum local = 3.003819042524781e-06, global = -6.270396935619735e-08, cumulative = -1.3152612034636289e-06
[mem] after-pEqn: DEVICE_POOL current=19126 MB  actual(reserved)=38146 MB  highWater=24414 MB
[GinkgoSolver] p-cache: reuse(update_matrix_value) solve=45 rebuildInterval=0
Schwarz(Jacobi)+Bicgstab:  Solving for omega, Initial residual = 1.3086819087976257e-05, Final residual = 8.84111282371196e-07, No Iterations 2, Solve time = 85.832 ms
bounding omega, min: -46351.50574155154 max: 45355982.59986143 average: 6370.545221369512
[GinkgoSolver] p-cache: reuse(update_matrix_value) solve=45 rebuildInterval=0
Schwarz(Jacobi)+Bicgstab:  Solving for k, Initial residual = 0.0002485503236491602, Final residual = 1.3326755326589883e-05, No Iterations 2, Solve time = 72.918 ms
bounding k, min: -0.0002077094596773925 max: 871.383007097038 average: 9.130170667187219
[mem] after-turb: DEVICE_POOL current=19126 MB  actual(reserved)=38146 MB  highWater=24414 MB
ExecutionTime = 162.46 s  ClockTime = 163 s

Time = 1046
[mem] step-start: DEVICE_POOL current=19126 MB  actual(reserved)=38146 MB  highWater=24414 MB
Schwarz(Jacobi)+Bicgstab:  Solving for Ux, Initial residual = 8.033429648533191e-05, Final residual = 6.593741217827868e-06, No Iterations 2, Solve time = 189.201 ms
Schwarz(Jacobi)+Bicgstab:  Solving for Uy, Initial residual = 0.004360877328252508, Final residual = 0.000598233178656298, No Iterations 2, Solve time = 189.201 ms
Schwarz(Jacobi)+Bicgstab:  Solving for Uz, Initial residual = 0.001122205611011392, Final residual = 7.586038255438813e-05, No Iterations 2, Solve time = 189.201 ms
[mem] after-UEqn: DEVICE_POOL current=19126 MB  actual(reserved)=38146 MB  highWater=24414 MB
[GinkgoSolver] p-cache: reuse(update_matrix_value) solve=46 rebuildInterval=0
config(Cg+Multigrid):  Solving for p, Initial residual = 0.0012877388262342389, Final residual = 1.0762253578391322e-05, No Iterations 22, Solve time = 1826.209 ms
time step continuity errors : sum local = 2.701841389767835e-06, global = -4.6948799566713175e-08, cumulative = -1.362210003030342e-06
[mem] after-pEqn: DEVICE_POOL current=19126 MB  actual(reserved)=38146 MB  highWater=24414 MB
[GinkgoSolver] p-cache: reuse(update_matrix_value) solve=46 rebuildInterval=0
Schwarz(Jacobi)+Bicgstab:  Solving for omega, Initial residual = 1.3119164067857293e-05, Final residual = 8.916943457158716e-07, No Iterations 2, Solve time = 86.288 ms
bounding omega, min: -180555.9497575035 max: 45355982.59490792 average: 6370.583631195479
[GinkgoSolver] p-cache: reuse(update_matrix_value) solve=46 rebuildInterval=0
Schwarz(Jacobi)+Bicgstab:  Solving for k, Initial residual = 0.00024914358231922237, Final residual = 1.3960107666184772e-05, No Iterations 2, Solve time = 73.686 ms
bounding k, min: -0.0014588157709690902 max: 871.2058020254991 average: 9.130367480161034
[mem] after-turb: DEVICE_POOL current=19126 MB  actual(reserved)=38146 MB  highWater=24414 MB
ExecutionTime = 165.79 s  ClockTime = 166 s

Time = 1047
[mem] step-start: DEVICE_POOL current=19126 MB  actual(reserved)=38146 MB  highWater=24414 MB
Schwarz(Jacobi)+Bicgstab:  Solving for Ux, Initial residual = 8.045488265432326e-05, Final residual = 4.257015892247188e-06, No Iterations 3, Solve time = 241.265 ms
Schwarz(Jacobi)+Bicgstab:  Solving for Uy, Initial residual = 0.004399970735435688, Final residual = 0.00014351676069550588, No Iterations 3, Solve time = 241.265 ms
Schwarz(Jacobi)+Bicgstab:  Solving for Uz, Initial residual = 0.0011212417157752956, Final residual = 4.5529764830130934e-05, No Iterations 3, Solve time = 241.265 ms
[mem] after-UEqn: DEVICE_POOL current=19126 MB  actual(reserved)=38146 MB  highWater=24414 MB
[GinkgoSolver] p-cache: reuse(update_matrix_value) solve=47 rebuildInterval=0
config(Cg+Multigrid):  Solving for p, Initial residual = 0.0012936069795798223, Final residual = 1.1426902174577955e-05, No Iterations 11, Solve time = 977.596 ms
time step continuity errors : sum local = 2.8572887123463063e-06, global = -7.184998486708496e-08, cumulative = -1.434059987897427e-06
[mem] after-pEqn: DEVICE_POOL current=19126 MB  actual(reserved)=38146 MB  highWater=24414 MB
[GinkgoSolver] p-cache: reuse(update_matrix_value) solve=47 rebuildInterval=0
Schwarz(Jacobi)+Bicgstab:  Solving for omega, Initial residual = 1.3118952725414176e-05, Final residual = 8.90842775397722e-07, No Iterations 2, Solve time = 86.983 ms
bounding omega, min: -46912.99768727503 max: 45355982.59390405 average: 6370.528021831804
[GinkgoSolver] p-cache: reuse(update_matrix_value) solve=47 rebuildInterval=0
Schwarz(Jacobi)+Bicgstab:  Solving for k, Initial residual = 0.00024965973746259566, Final residual = 1.317545685151515e-05, No Iterations 2, Solve time = 74.882 ms
bounding k, min: -0.0011252725530409209 max: 870.9742315142333 average: 9.130509934112892
[mem] after-turb: DEVICE_POOL current=19126 MB  actual(reserved)=38146 MB  highWater=24414 MB
ExecutionTime = 168.33 s  ClockTime = 169 s

Time = 1048
[mem] step-start: DEVICE_POOL current=19126 MB  actual(reserved)=38146 MB  highWater=24414 MB
Schwarz(Jacobi)+Bicgstab:  Solving for Ux, Initial residual = 8.042792445084626e-05, Final residual = 9.059292850364955e-07, No Iterations 4, Solve time = 284.509 ms
Schwarz(Jacobi)+Bicgstab:  Solving for Uy, Initial residual = 0.004410899557233142, Final residual = 0.00013297403678294757, No Iterations 4, Solve time = 284.509 ms
Schwarz(Jacobi)+Bicgstab:  Solving for Uz, Initial residual = 0.001119363924015654, Final residual = 5.052880837610942e-05, No Iterations 4, Solve time = 284.509 ms
[mem] after-UEqn: DEVICE_POOL current=19126 MB  actual(reserved)=38146 MB  highWater=24414 MB
[GinkgoSolver] p-cache: reuse(update_matrix_value) solve=48 rebuildInterval=0
config(Cg+Multigrid):  Solving for p, Initial residual = 0.0012825071404946261, Final residual = 1.258378949474453e-05, No Iterations 11, Solve time = 963.905 ms
time step continuity errors : sum local = 3.1464024976005126e-06, global = -8.166066233070698e-08, cumulative = -1.5157206502281338e-06
[mem] after-pEqn: DEVICE_POOL current=19126 MB  actual(reserved)=38146 MB  highWater=24414 MB
[GinkgoSolver] p-cache: reuse(update_matrix_value) solve=48 rebuildInterval=0
Schwarz(Jacobi)+Bicgstab:  Solving for omega, Initial residual = 1.3061408281746545e-05, Final residual = 8.82002435323846e-07, No Iterations 2, Solve time = 86.529 ms
bounding omega, min: -47110.47791942867 max: 45355982.59559995 average: 6370.4947435987915
[GinkgoSolver] p-cache: reuse(update_matrix_value) solve=48 rebuildInterval=0
Schwarz(Jacobi)+Bicgstab:  Solving for k, Initial residual = 0.0002498397528150417, Final residual = 1.3598144258809387e-05, No Iterations 2, Solve time = 73.894 ms
bounding k, min: -0.0036362032498262753 max: 870.7030278671604 average: 9.13052504689783
[mem] after-turb: DEVICE_POOL current=19126 MB  actual(reserved)=38146 MB  highWater=24414 MB
ExecutionTime = 170.89 s  ClockTime = 171 s

Time = 1049
[mem] step-start: DEVICE_POOL current=19126 MB  actual(reserved)=38146 MB  highWater=24414 MB
Schwarz(Jacobi)+Bicgstab:  Solving for Ux, Initial residual = 8.026331480741007e-05, Final residual = 4.988885074297393e-06, No Iterations 2, Solve time = 190.619 ms
Schwarz(Jacobi)+Bicgstab:  Solving for Uy, Initial residual = 0.004416742403970343, Final residual = 0.0002806018972185989, No Iterations 2, Solve time = 190.619 ms
Schwarz(Jacobi)+Bicgstab:  Solving for Uz, Initial residual = 0.0011192566452129646, Final residual = 7.732038327462033e-05, No Iterations 2, Solve time = 190.619 ms
[mem] after-UEqn: DEVICE_POOL current=19126 MB  actual(reserved)=38146 MB  highWater=24414 MB
[GinkgoSolver] p-cache: reuse(update_matrix_value) solve=49 rebuildInterval=0
config(Cg+Multigrid):  Solving for p, Initial residual = 0.0012871969511676657, Final residual = 1.1781624238000644e-05, No Iterations 22, Solve time = 1832.755 ms
time step continuity errors : sum local = 2.9462381538413414e-06, global = -4.856936042567718e-08, cumulative = -1.564290010653811e-06
[mem] after-pEqn: DEVICE_POOL current=19126 MB  actual(reserved)=38146 MB  highWater=24414 MB
[GinkgoSolver] p-cache: reuse(update_matrix_value) solve=49 rebuildInterval=0
Schwarz(Jacobi)+Bicgstab:  Solving for omega, Initial residual = 1.3028385457929587e-05, Final residual = 8.761231984047176e-07, No Iterations 2, Solve time = 86.216 ms
bounding omega, min: -47426.5700737491 max: 45355982.59952877 average: 6370.417282690849
[GinkgoSolver] p-cache: reuse(update_matrix_value) solve=49 rebuildInterval=0
Schwarz(Jacobi)+Bicgstab:  Solving for k, Initial residual = 0.0002500055988757309, Final residual = 1.328401398722533e-05, No Iterations 2, Solve time = 72.765 ms
bounding k, min: -0.005088145177923081 max: 870.4503873071641 average: 9.130288168337668
[mem] after-turb: DEVICE_POOL current=19126 MB  actual(reserved)=38146 MB  highWater=24414 MB
ExecutionTime = 174.22 s  ClockTime = 175 s

Time = 1050
[mem] step-start: DEVICE_POOL current=19126 MB  actual(reserved)=38146 MB  highWater=24414 MB
Schwarz(Jacobi)+Bicgstab:  Solving for Ux, Initial residual = 8.018601578972874e-05, Final residual = 2.3274107655610313e-06, No Iterations 3, Solve time = 242.999 ms
Schwarz(Jacobi)+Bicgstab:  Solving for Uy, Initial residual = 0.00440883179023966, Final residual = 0.00015750486661776178, No Iterations 3, Solve time = 242.999 ms
Schwarz(Jacobi)+Bicgstab:  Solving for Uz, Initial residual = 0.001124365533120265, Final residual = 0.00013501719225206618, No Iterations 3, Solve time = 242.999 ms
[mem] after-UEqn: DEVICE_POOL current=19126 MB  actual(reserved)=38146 MB  highWater=24414 MB
[GinkgoSolver] p-cache: reuse(update_matrix_value) solve=50 rebuildInterval=0
config(Cg+Multigrid):  Solving for p, Initial residual = 0.0012909284260771044, Final residual = 1.1259251794949664e-05, No Iterations 11, Solve time = 945.218 ms
time step continuity errors : sum local = 2.806839290111606e-06, global = -8.668847093808339e-08, cumulative = -1.6509784815918943e-06
[mem] after-pEqn: DEVICE_POOL current=19126 MB  actual(reserved)=38146 MB  highWater=24414 MB
[GinkgoSolver] p-cache: reuse(update_matrix_value) solve=50 rebuildInterval=0
Schwarz(Jacobi)+Bicgstab:  Solving for omega, Initial residual = 1.3035225241790185e-05, Final residual = 8.747567910135851e-07, No Iterations 2, Solve time = 90.036 ms
bounding omega, min: -137261.3442200831 max: 45355982.606004626 average: 6370.252346331243
[GinkgoSolver] p-cache: reuse(update_matrix_value) solve=50 rebuildInterval=0
Schwarz(Jacobi)+Bicgstab:  Solving for k, Initial residual = 0.0002503035812337323, Final residual = 1.4021905295350115e-05, No Iterations 2, Solve time = 74.325 ms
bounding k, min: -0.003795134422843925 max: 870.2610695800054 average: 9.130375928543879
[mem] after-turb: DEVICE_POOL current=19126 MB  actual(reserved)=38146 MB  highWater=24414 MB
Writing p
Writing U
Writing turbulence variables
ExecutionTime = 177.96 s  ClockTime = 179 s

Finalizing NeoN
Finalising parallel run
