/*---------------------------------------------------------------------------*\
| =========                 |                                                 |
| \\      /  F ield         | OpenFOAM: The Open Source CFD Toolbox           |
|  \\    /   O peration     | Version:  2506                                  |
|   \\  /    A nd           | Website:  www.openfoam.com                      |
|    \\/     M anipulation  |                                                 |
\*---------------------------------------------------------------------------*/
Build  : b050cd9480-20250814 OPENFOAM=2506 version=v2506
Arch   : "LSB;label=32;scalar=64"
Exec   : /storage/home/greole/code/NeoFOAM/build/profilingnvidia_h200/bin/neoSimpleFoam -parallel
Date   : Jul 15 2026
Time   : 14:02:39
Host   : gpu-nvidia-h200-3.int.coma-cluster.de
PID    : 3769837
I/O    : uncollated
Case   : /storage/home/greole/code/NeoFOAM/occDrivAerStaticMesh
nProcs : 4
Hosts  :
(
    (gpu-nvidia-h200-3.int.coma-cluster.de 4)
)
Pstream initialized with:
    node communication : off [type=host] (4 ranks, 1 nodes)
    topology controls  : none
    consensus exchange : 0 (tuning: 0)
    exchange algorithm : 0
    commsType          : nonBlocking
    polling iterations : 0
trapFpe: Floating point exception trapping enabled (FOAM_SIGFPE).
fileModificationChecking : Monitoring run-time modified files using timeStampMaster (fileModificationSkew 5, maxFileModificationPolls 20)
allowSystemOperations : Allowing user-supplied system call operations

// * * * * * * * * * * * * * * * * * * * * * * * * * * * * * * * * * * * * * //
Create time

Initializing NeoN
Creating Executor GPU
Creating NeoFOAM runTime
GPU-aware MPI: library-available=yes, NeoN-flag=on, executor=GPUExecutor, ranks=4 -> used=yes

SIMPLE: no convergence criteria found. Calculations will run for 50 steps.

Reading field p

Reading field U

Reading/calculating face flux field phi

Selecting incompressible transport model Newtonian
NeoFOAM solver config (from fvSolution configFile) for 'config(Cg+Multigrid)':
{
    cacheSolver: true
    configFile: <NeoN::TokenList>
    l1ScaledResidual: true
    preconditionerRebuildInterval: 0
    relTol: 0.010000
    reportName: config(Cg+Multigrid)
    solver: Ginkgo
    tolerance: 0.000000
}
    effective optimize: false
    effective checkFrequency: 1
Mapping OpenFOAM solver settings to NeoN settings.
Currently, it is advisable to specify a configFile
for fine grained Ginkgo solver control

Replacing solver PBiCGStab by solver::Bicgstab
Replacing preconditioner diagonal by preconditioner::Schwarz (Schwarz-wrapped for distributed run)
NeoFOAM solver config (mapped from fvSolution) for 'Schwarz(Jacobi)+Bicgstab':
{
    cacheSolver: true
    criteria: {
        absolute_residual_norm: 0.000000
        initial_residual_norm: 0.100000
        iteration: 1000
    }
    l1ScaledResidual: true
    optimize: true
    preconditioner: {
        local_solver: {
            max_block_size: 1
            type: preconditioner::Jacobi
        }
        type: preconditioner::Schwarz
    }
    reportName: Schwarz(Jacobi)+Bicgstab
    solver: Ginkgo
    type: solver::Bicgstab
}
    effective optimize: true
    effective checkFrequency: 1
Creating phi

[NF][/storage/home/greole/code/NeoFOAM/include/NeoFOAM/auxiliary/readers.hpp::434]: Internal: 49333487, Boundary: 1754396

[NF][/storage/home/greole/code/NeoFOAM/include/NeoFOAM/auxiliary/readers.hpp::434]: Internal: 49320882, Boundary: 1762558

[NF][/storage/home/greole/code/NeoFOAM/include/NeoFOAM/auxiliary/readers.hpp::434]: Internal: 49261542, Boundary: 1427829

[NF][/storage/home/greole/code/NeoFOAM/include/NeoFOAM/auxiliary/readers.hpp::434]: Internal: 49243125, Boundary: 1362247
Selecting patchDistMethod meshWave
Mapping OpenFOAM solver settings to NeoN settings.
Currently, it is advisable to specify a configFile
for fine grained Ginkgo solver control

Replacing solver PBiCGStab by solver::Bicgstab
Replacing preconditioner diagonal by preconditioner::Schwarz (Schwarz-wrapped for distributed run)
NeoFOAM solver config (mapped from fvSolution) for 'Schwarz(Jacobi)+Bicgstab':
{
    cacheSolver: true
    criteria: {
        absolute_residual_norm: 0.000000
        initial_residual_norm: 0.100000
        iteration: 1000
    }
    l1ScaledResidual: true
    optimize: true
    preconditioner: {
        local_solver: {
            max_block_size: 1
            type: preconditioner::Jacobi
        }
        type: preconditioner::Schwarz
    }
    reportName: Schwarz(Jacobi)+Bicgstab
    solver: Ginkgo
    type: solver::Bicgstab
}
    effective optimize: true
    effective checkFrequency: 1
Mapping OpenFOAM solver settings to NeoN settings.
Currently, it is advisable to specify a configFile
for fine grained Ginkgo solver control

Replacing solver PBiCGStab by solver::Bicgstab
Replacing preconditioner diagonal by preconditioner::Schwarz (Schwarz-wrapped for distributed run)
NeoFOAM solver config (mapped from fvSolution) for 'Schwarz(Jacobi)+Bicgstab':
{
    cacheSolver: true
    criteria: {
        absolute_residual_norm: 0.000000
        initial_residual_norm: 0.100000
        iteration: 1000
    }
    l1ScaledResidual: true
    optimize: true
    preconditioner: {
        local_solver: {
            max_block_size: 1
            type: preconditioner::Jacobi
        }
        type: preconditioner::Schwarz
    }
    reportName: Schwarz(Jacobi)+Bicgstab
    solver: Ginkgo
    type: solver::Bicgstab
}
    effective optimize: true
    effective checkFrequency: 1
[mem] setup.end: DEVICE_POOL current=12979 MB  actual(reserved)=38146 MB  highWater=19132 MB
Starting time loop
Time = 1001
[mem] step-start: DEVICE_POOL current=12979 MB  actual(reserved)=38146 MB  highWater=19132 MB
Schwarz(Jacobi)+Bicgstab:  Solving for Ux, Initial residual = 7.915653595473853e-05, Final residual = 3.117924029466998e-06, No Iterations 3, Solve time = 239.83 ms
Schwarz(Jacobi)+Bicgstab:  Solving for Uy, Initial residual = 0.004031496388501875, Final residual = 0.00014160852369410681, No Iterations 3, Solve time = 239.83 ms
Schwarz(Jacobi)+Bicgstab:  Solving for Uz, Initial residual = 0.0011224948656558265, Final residual = 4.8975396728926266e-05, No Iterations 3, Solve time = 239.83 ms
[mem] after-UEqn: DEVICE_POOL current=15473 MB  actual(reserved)=38146 MB  highWater=20761 MB
[GinkgoSolver] p-cache: rebuild(generate) solve=1 rebuildInterval=0
config(Cg+Multigrid):  Solving for p, Initial residual = 0.001309217842172162, Final residual = 1.0326880756131282e-05, No Iterations 13, Solve time = 717.942 ms
time step continuity errors : sum local = 2.6078806485425553e-06, global = 4.1577686894631477e-08, cumulative = 4.1577686894631477e-08
[mem] after-pEqn: DEVICE_POOL current=16941 MB  actual(reserved)=38146 MB  highWater=20761 MB
[GinkgoSolver] p-cache: rebuild(generate) solve=1 rebuildInterval=0
Schwarz(Jacobi)+Bicgstab:  Solving for omega, Initial residual = 1.3008654218007562e-05, Final residual = 9.269571542573955e-07, No Iterations 2, Solve time = 76.232 ms
bounding omega, min: -36006.20920800661 max: 45355982.77769653 average: 6373.868655011364
[GinkgoSolver] p-cache: rebuild(generate) solve=1 rebuildInterval=0
Schwarz(Jacobi)+Bicgstab:  Solving for k, Initial residual = 0.00024224269688527653, Final residual = 9.44882002555544e-06, No Iterations 3, Solve time = 97.334 ms
bounding k, min: -2.3963152660372754e-05 max: 942.8719079340608 average: 9.152758323930604
[mem] after-turb: DEVICE_POOL current=19126 MB  actual(reserved)=38146 MB  highWater=21935 MB
ExecutionTime = 47.94 s  ClockTime = 48 s

Time = 1002
[mem] step-start: DEVICE_POOL current=19126 MB  actual(reserved)=38146 MB  highWater=21935 MB
Schwarz(Jacobi)+Bicgstab:  Solving for Ux, Initial residual = 7.875134154276027e-05, Final residual = 2.9917298351331637e-06, No Iterations 3, Solve time = 219.868 ms
Schwarz(Jacobi)+Bicgstab:  Solving for Uy, Initial residual = 0.004033788723790119, Final residual = 0.00014048291761846143, No Iterations 3, Solve time = 219.868 ms
Schwarz(Jacobi)+Bicgstab:  Solving for Uz, Initial residual = 0.0011190599655778433, Final residual = 4.1218250304351645e-05, No Iterations 3, Solve time = 219.868 ms
[mem] after-UEqn: DEVICE_POOL current=19126 MB  actual(reserved)=38146 MB  highWater=24414 MB
[GinkgoSolver] p-cache: reuse(update_matrix_value) solve=2 rebuildInterval=0
config(Cg+Multigrid):  Solving for p, Initial residual = 0.001277287027989037, Final residual = 1.2053513194076132e-05, No Iterations 13, Solve time = 703.86 ms
time step continuity errors : sum local = 3.047018296703569e-06, global = 3.463368507888504e-08, cumulative = 7.621137197351652e-08
[mem] after-pEqn: DEVICE_POOL current=19126 MB  actual(reserved)=38146 MB  highWater=24414 MB
[GinkgoSolver] p-cache: reuse(update_matrix_value) solve=2 rebuildInterval=0
Schwarz(Jacobi)+Bicgstab:  Solving for omega, Initial residual = 1.312015419048755e-05, Final residual = 8.756718179888827e-07, No Iterations 2, Solve time = 86.899 ms
bounding omega, min: -93880.49361827476 max: 45355982.85233111 average: 6373.592571938196
[GinkgoSolver] p-cache: reuse(update_matrix_value) solve=2 rebuildInterval=0
Schwarz(Jacobi)+Bicgstab:  Solving for k, Initial residual = 0.00024149309530278589, Final residual = 1.1414074141601937e-05, No Iterations 2, Solve time = 73.088 ms
bounding k, min: -0.00029488057187765127 max: 934.3972434479009 average: 9.152491389648603
[mem] after-turb: DEVICE_POOL current=19126 MB  actual(reserved)=38146 MB  highWater=24414 MB
ExecutionTime = 50.2 s  ClockTime = 50 s

Time = 1003
[mem] step-start: DEVICE_POOL current=19126 MB  actual(reserved)=38146 MB  highWater=24414 MB
Schwarz(Jacobi)+Bicgstab:  Solving for Ux, Initial residual = 7.857780022769863e-05, Final residual = 2.4109434604947013e-06, No Iterations 3, Solve time = 222.045 ms
Schwarz(Jacobi)+Bicgstab:  Solving for Uy, Initial residual = 0.004030687433270734, Final residual = 0.00013658636541210526, No Iterations 3, Solve time = 222.045 ms
Schwarz(Jacobi)+Bicgstab:  Solving for Uz, Initial residual = 0.0011176277973108017, Final residual = 3.907460019033973e-05, No Iterations 3, Solve time = 222.045 ms
[mem] after-UEqn: DEVICE_POOL current=19126 MB  actual(reserved)=38146 MB  highWater=24414 MB
[GinkgoSolver] p-cache: reuse(update_matrix_value) solve=3 rebuildInterval=0
config(Cg+Multigrid):  Solving for p, Initial residual = 0.0012680928003395273, Final residual = 1.139096305996151e-05, No Iterations 14, Solve time = 734.984 ms
time step continuity errors : sum local = 2.880214835793257e-06, global = 2.0861640602867597e-08, cumulative = 9.707301257638411e-08
[mem] after-pEqn: DEVICE_POOL current=19126 MB  actual(reserved)=38146 MB  highWater=24414 MB
[GinkgoSolver] p-cache: reuse(update_matrix_value) solve=3 rebuildInterval=0
Schwarz(Jacobi)+Bicgstab:  Solving for omega, Initial residual = 1.2976373872433095e-05, Final residual = 8.495387689109865e-07, No Iterations 2, Solve time = 72.866 ms
bounding omega, min: -36198.94288692777 max: 45355982.940818734 average: 6373.462308392011
[GinkgoSolver] p-cache: reuse(update_matrix_value) solve=3 rebuildInterval=0
Schwarz(Jacobi)+Bicgstab:  Solving for k, Initial residual = 0.0002412764885866047, Final residual = 1.311414876513489e-05, No Iterations 2, Solve time = 72.692 ms
bounding k, min: -0.0006883087709230566 max: 922.2826445637814 average: 9.152317921687432
[mem] after-turb: DEVICE_POOL current=19126 MB  actual(reserved)=38146 MB  highWater=24414 MB
ExecutionTime = 52.5 s  ClockTime = 53 s

Time = 1004
[mem] step-start: DEVICE_POOL current=19126 MB  actual(reserved)=38146 MB  highWater=24414 MB
Schwarz(Jacobi)+Bicgstab:  Solving for Ux, Initial residual = 7.847344916119575e-05, Final residual = 2.0510314664550205e-06, No Iterations 3, Solve time = 248.781 ms
Schwarz(Jacobi)+Bicgstab:  Solving for Uy, Initial residual = 0.004025452238417983, Final residual = 0.00013303234846395886, No Iterations 3, Solve time = 248.781 ms
Schwarz(Jacobi)+Bicgstab:  Solving for Uz, Initial residual = 0.001117256397458862, Final residual = 4.122449949805573e-05, No Iterations 3, Solve time = 248.781 ms
[mem] after-UEqn: DEVICE_POOL current=19126 MB  actual(reserved)=38146 MB  highWater=24414 MB
[GinkgoSolver] p-cache: reuse(update_matrix_value) solve=4 rebuildInterval=0
config(Cg+Multigrid):  Solving for p, Initial residual = 0.0012663216682582787, Final residual = 1.1990757561265699e-05, No Iterations 15, Solve time = 761.359 ms
time step continuity errors : sum local = 3.0315194992925243e-06, global = 4.2550277441257666e-09, cumulative = 1.0132804032050987e-07
[mem] after-pEqn: DEVICE_POOL current=19126 MB  actual(reserved)=38146 MB  highWater=24414 MB
[GinkgoSolver] p-cache: reuse(update_matrix_value) solve=4 rebuildInterval=0
Schwarz(Jacobi)+Bicgstab:  Solving for omega, Initial residual = 1.286522463921887e-05, Final residual = 8.408004809101563e-07, No Iterations 2, Solve time = 79.529 ms
bounding omega, min: -34547.19878869767 max: 45355983.027400605 average: 6373.610078857795
[GinkgoSolver] p-cache: reuse(update_matrix_value) solve=4 rebuildInterval=0
Schwarz(Jacobi)+Bicgstab:  Solving for k, Initial residual = 0.00024123783156544608, Final residual = 1.3709297789016868e-05, No Iterations 2, Solve time = 78.217 ms
bounding k, min: -0.0053704942763154115 max: 907.4959025213833 average: 9.152102878585023
[mem] after-turb: DEVICE_POOL current=19126 MB  actual(reserved)=38146 MB  highWater=24414 MB
ExecutionTime = 54.85 s  ClockTime = 55 s

Time = 1005
[mem] step-start: DEVICE_POOL current=19126 MB  actual(reserved)=38146 MB  highWater=24414 MB
Schwarz(Jacobi)+Bicgstab:  Solving for Ux, Initial residual = 7.83626428689224e-05, Final residual = 3.8791869624763425e-06, No Iterations 2, Solve time = 180.965 ms
Schwarz(Jacobi)+Bicgstab:  Solving for Uy, Initial residual = 0.004019847344540821, Final residual = 0.00025058273208703526, No Iterations 2, Solve time = 180.965 ms
Schwarz(Jacobi)+Bicgstab:  Solving for Uz, Initial residual = 0.0011174515240434612, Final residual = 6.373609833862049e-05, No Iterations 2, Solve time = 180.965 ms
[mem] after-UEqn: DEVICE_POOL current=19126 MB  actual(reserved)=38146 MB  highWater=24414 MB
[GinkgoSolver] p-cache: reuse(update_matrix_value) solve=5 rebuildInterval=0
config(Cg+Multigrid):  Solving for p, Initial residual = 0.0012727821676481498, Final residual = 1.2631417017181998e-05, No Iterations 19, Solve time = 967.096 ms
time step continuity errors : sum local = 3.192118271537344e-06, global = -1.9767884282513508e-08, cumulative = 8.156015603799637e-08
[mem] after-pEqn: DEVICE_POOL current=19126 MB  actual(reserved)=38146 MB  highWater=24414 MB
[GinkgoSolver] p-cache: reuse(update_matrix_value) solve=5 rebuildInterval=0
Schwarz(Jacobi)+Bicgstab:  Solving for omega, Initial residual = 1.2847760025306087e-05, Final residual = 8.456371514618633e-07, No Iterations 2, Solve time = 86.64 ms
bounding omega, min: -35600.21876193314 max: 45355983.0961193 average: 6373.786251896145
[GinkgoSolver] p-cache: reuse(update_matrix_value) solve=5 rebuildInterval=0
Schwarz(Jacobi)+Bicgstab:  Solving for k, Initial residual = 0.00024164338061428986, Final residual = 1.3724869873314921e-05, No Iterations 2, Solve time = 74.248 ms
bounding k, min: -0.0023099524774795738 max: 900.3007961394999 average: 9.151933292498752
[mem] after-turb: DEVICE_POOL current=19126 MB  actual(reserved)=38146 MB  highWater=24414 MB
ExecutionTime = 57.33 s  ClockTime = 58 s

Time = 1006
[mem] step-start: DEVICE_POOL current=19126 MB  actual(reserved)=38146 MB  highWater=24414 MB
Schwarz(Jacobi)+Bicgstab:  Solving for Ux, Initial residual = 7.845745556538545e-05, Final residual = 2.4613822388027683e-06, No Iterations 3, Solve time = 227.152 ms
Schwarz(Jacobi)+Bicgstab:  Solving for Uy, Initial residual = 0.004011455963260762, Final residual = 0.00015328912618946678, No Iterations 3, Solve time = 227.152 ms
Schwarz(Jacobi)+Bicgstab:  Solving for Uz, Initial residual = 0.001119080341807574, Final residual = 6.135369715801274e-05, No Iterations 3, Solve time = 227.152 ms
[mem] after-UEqn: DEVICE_POOL current=19126 MB  actual(reserved)=38146 MB  highWater=24414 MB
[GinkgoSolver] p-cache: reuse(update_matrix_value) solve=6 rebuildInterval=0
config(Cg+Multigrid):  Solving for p, Initial residual = 0.0012715384952395967, Final residual = 1.2613060886189878e-05, No Iterations 23, Solve time = 1177.703 ms
time step continuity errors : sum local = 3.1846118082023164e-06, global = -3.636369107216164e-08, cumulative = 4.519646496583473e-08
[mem] after-pEqn: DEVICE_POOL current=19126 MB  actual(reserved)=38146 MB  highWater=24414 MB
[GinkgoSolver] p-cache: reuse(update_matrix_value) solve=6 rebuildInterval=0
Schwarz(Jacobi)+Bicgstab:  Solving for omega, Initial residual = 1.2811284714660056e-05, Final residual = 8.414770916872519e-07, No Iterations 2, Solve time = 90.978 ms
bounding omega, min: -124582.67109516017 max: 45355983.13360474 average: 6373.948997832202
[GinkgoSolver] p-cache: reuse(update_matrix_value) solve=6 rebuildInterval=0
Schwarz(Jacobi)+Bicgstab:  Solving for k, Initial residual = 0.00024171124379223182, Final residual = 1.3493619431551724e-05, No Iterations 2, Solve time = 74.552 ms
bounding k, min: -0.002353979980416629 max: 894.4556375801891 average: 9.151717563406573
[mem] after-turb: DEVICE_POOL current=19126 MB  actual(reserved)=38146 MB  highWater=24414 MB
ExecutionTime = 60.08 s  ClockTime = 60 s

Time = 1007
[mem] step-start: DEVICE_POOL current=19126 MB  actual(reserved)=38146 MB  highWater=24414 MB
Schwarz(Jacobi)+Bicgstab:  Solving for Ux, Initial residual = 7.839817141307517e-05, Final residual = 4.2561415624913236e-06, No Iterations 2, Solve time = 167.719 ms
Schwarz(Jacobi)+Bicgstab:  Solving for Uy, Initial residual = 0.004008884535135545, Final residual = 0.0005121471488696879, No Iterations 2, Solve time = 167.719 ms
Schwarz(Jacobi)+Bicgstab:  Solving for Uz, Initial residual = 0.0011199889012702246, Final residual = 7.050376733316603e-05, No Iterations 2, Solve time = 167.719 ms
[mem] after-UEqn: DEVICE_POOL current=19126 MB  actual(reserved)=38146 MB  highWater=24414 MB
[GinkgoSolver] p-cache: reuse(update_matrix_value) solve=7 rebuildInterval=0
config(Cg+Multigrid):  Solving for p, Initial residual = 0.001287756097032562, Final residual = 1.2461360361846457e-05, No Iterations 13, Solve time = 684.542 ms
time step continuity errors : sum local = 3.1404044405900817e-06, global = -2.7832320329915813e-08, cumulative = 1.7364144635918917e-08
[mem] after-pEqn: DEVICE_POOL current=19126 MB  actual(reserved)=38146 MB  highWater=24414 MB
[GinkgoSolver] p-cache: reuse(update_matrix_value) solve=7 rebuildInterval=0
Schwarz(Jacobi)+Bicgstab:  Solving for omega, Initial residual = 1.2812742824421274e-05, Final residual = 8.37773929994378e-07, No Iterations 2, Solve time = 86.983 ms
bounding omega, min: -33375.69274139593 max: 45355983.128119975 average: 6374.08615151295
[GinkgoSolver] p-cache: reuse(update_matrix_value) solve=7 rebuildInterval=0
Schwarz(Jacobi)+Bicgstab:  Solving for k, Initial residual = 0.00024220732103060337, Final residual = 1.3415752190371195e-05, No Iterations 2, Solve time = 77.68 ms
bounding k, min: -0.000945924563289624 max: 892.7963153043665 average: 9.151409191999935
[mem] after-turb: DEVICE_POOL current=19126 MB  actual(reserved)=38146 MB  highWater=24414 MB
ExecutionTime = 62.27 s  ClockTime = 63 s

Time = 1008
[mem] step-start: DEVICE_POOL current=19126 MB  actual(reserved)=38146 MB  highWater=24414 MB
Schwarz(Jacobi)+Bicgstab:  Solving for Ux, Initial residual = 7.857579401351296e-05, Final residual = 4.283052202698498e-06, No Iterations 2, Solve time = 171.612 ms
Schwarz(Jacobi)+Bicgstab:  Solving for Uy, Initial residual = 0.003986515588525402, Final residual = 0.0007373779790643452, No Iterations 2, Solve time = 171.612 ms
Schwarz(Jacobi)+Bicgstab:  Solving for Uz, Initial residual = 0.0011231119738916507, Final residual = 6.413402233499329e-05, No Iterations 2, Solve time = 171.612 ms
[mem] after-UEqn: DEVICE_POOL current=19126 MB  actual(reserved)=38146 MB  highWater=24414 MB
[GinkgoSolver] p-cache: reuse(update_matrix_value) solve=8 rebuildInterval=0
config(Cg+Multigrid):  Solving for p, Initial residual = 0.0012825451193566218, Final residual = 1.2059563236078861e-05, No Iterations 14, Solve time = 743.186 ms
time step continuity errors : sum local = 3.0388809250174188e-06, global = -4.1314112494854804e-08, cumulative = -2.3949967858935886e-08
[mem] after-pEqn: DEVICE_POOL current=19126 MB  actual(reserved)=38146 MB  highWater=24414 MB
[GinkgoSolver] p-cache: reuse(update_matrix_value) solve=8 rebuildInterval=0
Schwarz(Jacobi)+Bicgstab:  Solving for omega, Initial residual = 1.2781484822761788e-05, Final residual = 8.353053536212881e-07, No Iterations 2, Solve time = 78.135 ms
bounding omega, min: -36971.53299445599 max: 45355983.0631638 average: 6374.190299632585
[GinkgoSolver] p-cache: reuse(update_matrix_value) solve=8 rebuildInterval=0
Schwarz(Jacobi)+Bicgstab:  Solving for k, Initial residual = 0.00024211117894622244, Final residual = 1.34521924412484e-05, No Iterations 2, Solve time = 78.304 ms
bounding k, min: -0.0008835015471031528 max: 891.4071837754996 average: 9.151210245422432
[mem] after-turb: DEVICE_POOL current=19126 MB  actual(reserved)=38146 MB  highWater=24414 MB
ExecutionTime = 64.5 s  ClockTime = 65 s

Time = 1009
[mem] step-start: DEVICE_POOL current=19126 MB  actual(reserved)=38146 MB  highWater=24414 MB
Schwarz(Jacobi)+Bicgstab:  Solving for Ux, Initial residual = 7.841801201425699e-05, Final residual = 2.6004915032819948e-06, No Iterations 3, Solve time = 245.581 ms
Schwarz(Jacobi)+Bicgstab:  Solving for Uy, Initial residual = 0.004036359346369333, Final residual = 0.00013496015203246666, No Iterations 3, Solve time = 245.581 ms
Schwarz(Jacobi)+Bicgstab:  Solving for Uz, Initial residual = 0.0011166538716167558, Final residual = 0.00010753086138738275, No Iterations 3, Solve time = 245.581 ms
[mem] after-UEqn: DEVICE_POOL current=19126 MB  actual(reserved)=38146 MB  highWater=24414 MB
[GinkgoSolver] p-cache: reuse(update_matrix_value) solve=9 rebuildInterval=0
config(Cg+Multigrid):  Solving for p, Initial residual = 0.0012915959406655144, Final residual = 1.249521934448578e-05, No Iterations 27, Solve time = 1370.652 ms
time step continuity errors : sum local = 3.148088880035208e-06, global = -3.471010951130806e-08, cumulative = -5.866007737024395e-08
[mem] after-pEqn: DEVICE_POOL current=19126 MB  actual(reserved)=38146 MB  highWater=24414 MB
[GinkgoSolver] p-cache: reuse(update_matrix_value) solve=9 rebuildInterval=0
Schwarz(Jacobi)+Bicgstab:  Solving for omega, Initial residual = 1.2746258089282435e-05, Final residual = 8.341469744043224e-07, No Iterations 2, Solve time = 86.498 ms
bounding omega, min: -39246.9616169702 max: 45355982.89950707 average: 6374.236964880334
[GinkgoSolver] p-cache: reuse(update_matrix_value) solve=9 rebuildInterval=0
Schwarz(Jacobi)+Bicgstab:  Solving for k, Initial residual = 0.00024220836927046403, Final residual = 1.3354463652216179e-05, No Iterations 2, Solve time = 74.356 ms
bounding k, min: -0.0015025137774158405 max: 891.923218879063 average: 9.15062305505484
[mem] after-turb: DEVICE_POOL current=19126 MB  actual(reserved)=38146 MB  highWater=24414 MB
ExecutionTime = 67.45 s  ClockTime = 68 s

Time = 1010
[mem] step-start: DEVICE_POOL current=19126 MB  actual(reserved)=38146 MB  highWater=24414 MB
Schwarz(Jacobi)+Bicgstab:  Solving for Ux, Initial residual = 7.835914846764642e-05, Final residual = 2.85363950861033e-06, No Iterations 3, Solve time = 249.739 ms
Schwarz(Jacobi)+Bicgstab:  Solving for Uy, Initial residual = 0.004059389768746265, Final residual = 0.00013564540554806517, No Iterations 3, Solve time = 249.739 ms
Schwarz(Jacobi)+Bicgstab:  Solving for Uz, Initial residual = 0.0011011330635839292, Final residual = 4.505187032318162e-05, No Iterations 3, Solve time = 249.739 ms
[mem] after-UEqn: DEVICE_POOL current=19126 MB  actual(reserved)=38146 MB  highWater=24414 MB
[GinkgoSolver] p-cache: reuse(update_matrix_value) solve=10 rebuildInterval=0
config(Cg+Multigrid):  Solving for p, Initial residual = 0.0012764419563901497, Final residual = 1.2248060644743083e-05, No Iterations 14, Solve time = 722.386 ms
time step continuity errors : sum local = 3.080085220512632e-06, global = -5.051207458570064e-08, cumulative = -1.0917215195594459e-07
[mem] after-pEqn: DEVICE_POOL current=19126 MB  actual(reserved)=38146 MB  highWater=24414 MB
[GinkgoSolver] p-cache: reuse(update_matrix_value) solve=10 rebuildInterval=0
Schwarz(Jacobi)+Bicgstab:  Solving for omega, Initial residual = 1.2723727312722067e-05, Final residual = 8.334059228921097e-07, No Iterations 2, Solve time = 78.144 ms
bounding omega, min: -164118.846683018 max: 45355982.67239432 average: 6374.204283990942
[GinkgoSolver] p-cache: reuse(update_matrix_value) solve=10 rebuildInterval=0
Schwarz(Jacobi)+Bicgstab:  Solving for k, Initial residual = 0.0002422388314741875, Final residual = 1.3168771328251141e-05, No Iterations 2, Solve time = 77.836 ms
bounding k, min: -0.0019168568037820008 max: 892.0960582008162 average: 9.14999734136395
[mem] after-turb: DEVICE_POOL current=19126 MB  actual(reserved)=38146 MB  highWater=24414 MB
ExecutionTime = 69.75 s  ClockTime = 70 s

Time = 1011
[mem] step-start: DEVICE_POOL current=19126 MB  actual(reserved)=38146 MB  highWater=24414 MB
Schwarz(Jacobi)+Bicgstab:  Solving for Ux, Initial residual = 7.830065258846717e-05, Final residual = 3.2840369118088466e-06, No Iterations 3, Solve time = 231.915 ms
Schwarz(Jacobi)+Bicgstab:  Solving for Uy, Initial residual = 0.004072232632650852, Final residual = 0.00013706711407977123, No Iterations 3, Solve time = 231.915 ms
Schwarz(Jacobi)+Bicgstab:  Solving for Uz, Initial residual = 0.0010949171814423524, Final residual = 4.1134323019211764e-05, No Iterations 3, Solve time = 231.915 ms
[mem] after-UEqn: DEVICE_POOL current=19126 MB  actual(reserved)=38146 MB  highWater=24414 MB
[GinkgoSolver] p-cache: reuse(update_matrix_value) solve=11 rebuildInterval=0
config(Cg+Multigrid):  Solving for p, Initial residual = 0.0012716205931834164, Final residual = 1.2179341699832083e-05, No Iterations 16, Solve time = 825.203 ms
time step continuity errors : sum local = 3.0624823271844654e-06, global = -5.661648753357861e-08, cumulative = -1.657886394895232e-07
[mem] after-pEqn: DEVICE_POOL current=19126 MB  actual(reserved)=38146 MB  highWater=24414 MB
[GinkgoSolver] p-cache: reuse(update_matrix_value) solve=11 rebuildInterval=0
Schwarz(Jacobi)+Bicgstab:  Solving for omega, Initial residual = 1.2709902247800026e-05, Final residual = 8.286565535969931e-07, No Iterations 2, Solve time = 93.643 ms
bounding omega, min: -44361.10086094974 max: 45355982.66778609 average: 6374.138156533739
[GinkgoSolver] p-cache: reuse(update_matrix_value) solve=11 rebuildInterval=0
Schwarz(Jacobi)+Bicgstab:  Solving for k, Initial residual = 0.00024226254730027604, Final residual = 1.2666765745395568e-05, No Iterations 2, Solve time = 74.268 ms
bounding k, min: -0.0005436476146847384 max: 892.7826254785841 average: 9.149299118658849
[mem] after-turb: DEVICE_POOL current=19126 MB  actual(reserved)=38146 MB  highWater=24414 MB
ExecutionTime = 72.09999999999999 s  ClockTime = 72 s

Time = 1012
[mem] step-start: DEVICE_POOL current=19126 MB  actual(reserved)=38146 MB  highWater=24414 MB
Schwarz(Jacobi)+Bicgstab:  Solving for Ux, Initial residual = 7.830237469155487e-05, Final residual = 4.236337161620557e-06, No Iterations 2, Solve time = 177.464 ms
Schwarz(Jacobi)+Bicgstab:  Solving for Uy, Initial residual = 0.004074826045244735, Final residual = 0.0005439597037863046, No Iterations 2, Solve time = 177.464 ms
Schwarz(Jacobi)+Bicgstab:  Solving for Uz, Initial residual = 0.0010925218823856014, Final residual = 6.353992975981709e-05, No Iterations 2, Solve time = 177.464 ms
[mem] after-UEqn: DEVICE_POOL current=19126 MB  actual(reserved)=38146 MB  highWater=24414 MB
[GinkgoSolver] p-cache: reuse(update_matrix_value) solve=12 rebuildInterval=0
config(Cg+Multigrid):  Solving for p, Initial residual = 0.0012889811080467536, Final residual = 1.2156600922846108e-05, No Iterations 17, Solve time = 881.765 ms
time step continuity errors : sum local = 3.0564498983017394e-06, global = -5.558098294146706e-08, cumulative = -2.2136962243099025e-07
[mem] after-pEqn: DEVICE_POOL current=19126 MB  actual(reserved)=38146 MB  highWater=24414 MB
[GinkgoSolver] p-cache: reuse(update_matrix_value) solve=12 rebuildInterval=0
Schwarz(Jacobi)+Bicgstab:  Solving for omega, Initial residual = 1.2722511171561642e-05, Final residual = 8.321980707372611e-07, No Iterations 2, Solve time = 86.03 ms
bounding omega, min: -40776.982665015246 max: 45355982.7115675 average: 6373.97287003141
[GinkgoSolver] p-cache: reuse(update_matrix_value) solve=12 rebuildInterval=0
Schwarz(Jacobi)+Bicgstab:  Solving for k, Initial residual = 0.00024260482473948861, Final residual = 1.2377865739132224e-05, No Iterations 2, Solve time = 72.224 ms
bounding k, min: -0.0001590565257352499 max: 892.9622571264168 average: 9.148474882801706
[mem] after-turb: DEVICE_POOL current=19126 MB  actual(reserved)=38146 MB  highWater=24414 MB
ExecutionTime = 74.48 s  ClockTime = 75 s

Time = 1013
[mem] step-start: DEVICE_POOL current=19126 MB  actual(reserved)=38146 MB  highWater=24414 MB
Schwarz(Jacobi)+Bicgstab:  Solving for Ux, Initial residual = 7.855420203663389e-05, Final residual = 2.942724235899789e-06, No Iterations 3, Solve time = 233.349 ms
Schwarz(Jacobi)+Bicgstab:  Solving for Uy, Initial residual = 0.004042148654605479, Final residual = 0.00015353287969914107, No Iterations 3, Solve time = 233.349 ms
Schwarz(Jacobi)+Bicgstab:  Solving for Uz, Initial residual = 0.0010964388870031633, Final residual = 6.964098402038044e-05, No Iterations 3, Solve time = 233.349 ms
[mem] after-UEqn: DEVICE_POOL current=19126 MB  actual(reserved)=38146 MB  highWater=24414 MB
[GinkgoSolver] p-cache: reuse(update_matrix_value) solve=13 rebuildInterval=0
config(Cg+Multigrid):  Solving for p, Initial residual = 0.001283307479368093, Final residual = 1.25697582068669e-05, No Iterations 19, Solve time = 979.003 ms
time step continuity errors : sum local = 3.1596799224026683e-06, global = -5.275126381397575e-08, cumulative = -2.74120886244966e-07
[mem] after-pEqn: DEVICE_POOL current=19126 MB  actual(reserved)=38146 MB  highWater=24414 MB
[GinkgoSolver] p-cache: reuse(update_matrix_value) solve=13 rebuildInterval=0
Schwarz(Jacobi)+Bicgstab:  Solving for omega, Initial residual = 1.2713325092195836e-05, Final residual = 8.35394400271121e-07, No Iterations 2, Solve time = 73.292 ms
bounding omega, min: -46839.60773093264 max: 45355982.767134294 average: 6373.7797181179285
[GinkgoSolver] p-cache: reuse(update_matrix_value) solve=13 rebuildInterval=0
Schwarz(Jacobi)+Bicgstab:  Solving for k, Initial residual = 0.00024245760150996598, Final residual = 1.2199595830451836e-05, No Iterations 2, Solve time = 76.47 ms
bounding k, min: -0.001697666268247286 max: 893.1627284697108 average: 9.147636980943892
[mem] after-turb: DEVICE_POOL current=19126 MB  actual(reserved)=38146 MB  highWater=24414 MB
ExecutionTime = 77.03 s  ClockTime = 77 s

Time = 1014
[mem] step-start: DEVICE_POOL current=19126 MB  actual(reserved)=38146 MB  highWater=24414 MB
Schwarz(Jacobi)+Bicgstab:  Solving for Ux, Initial residual = 7.855167932079e-05, Final residual = 1.1628305618413446e-06, No Iterations 4, Solve time = 291.137 ms
Schwarz(Jacobi)+Bicgstab:  Solving for Uy, Initial residual = 0.004028068714327495, Final residual = 8.516828410235928e-05, No Iterations 4, Solve time = 291.137 ms
Schwarz(Jacobi)+Bicgstab:  Solving for Uz, Initial residual = 0.0011015443957121112, Final residual = 2.2062318835975667e-05, No Iterations 4, Solve time = 291.137 ms
[mem] after-UEqn: DEVICE_POOL current=19126 MB  actual(reserved)=38146 MB  highWater=24414 MB
[GinkgoSolver] p-cache: reuse(update_matrix_value) solve=14 rebuildInterval=0
config(Cg+Multigrid):  Solving for p, Initial residual = 0.001274613224031395, Final residual = 1.2342032276340719e-05, No Iterations 18, Solve time = 932.722 ms
time step continuity errors : sum local = 3.1009482824469016e-06, global = -5.078681453546268e-08, cumulative = -3.2490770078042867e-07
[mem] after-pEqn: DEVICE_POOL current=19126 MB  actual(reserved)=38146 MB  highWater=24414 MB
[GinkgoSolver] p-cache: reuse(update_matrix_value) solve=14 rebuildInterval=0
Schwarz(Jacobi)+Bicgstab:  Solving for omega, Initial residual = 1.267324664392767e-05, Final residual = 8.30088404958766e-07, No Iterations 2, Solve time = 86.494 ms
bounding omega, min: -267208.0349150085 max: 45355982.80166662 average: 6373.499324370238
[GinkgoSolver] p-cache: reuse(update_matrix_value) solve=14 rebuildInterval=0
Schwarz(Jacobi)+Bicgstab:  Solving for k, Initial residual = 0.0002422084654817205, Final residual = 1.2078050828838663e-05, No Iterations 2, Solve time = 78.061 ms
bounding k, min: -0.0018316146977037373 max: 892.7748284255459 average: 9.146577545692317
[mem] after-turb: DEVICE_POOL current=19126 MB  actual(reserved)=38146 MB  highWater=24414 MB
ExecutionTime = 79.59 s  ClockTime = 80 s

Time = 1015
[mem] step-start: DEVICE_POOL current=19126 MB  actual(reserved)=38146 MB  highWater=24414 MB
Schwarz(Jacobi)+Bicgstab:  Solving for Ux, Initial residual = 7.841338799809682e-05, Final residual = 3.085972258307621e-06, No Iterations 3, Solve time = 226.491 ms
Schwarz(Jacobi)+Bicgstab:  Solving for Uy, Initial residual = 0.004022875387544594, Final residual = 0.0001400285057639562, No Iterations 3, Solve time = 226.491 ms
Schwarz(Jacobi)+Bicgstab:  Solving for Uz, Initial residual = 0.001101042693132218, Final residual = 2.4540761441510158e-05, No Iterations 3, Solve time = 226.491 ms
[mem] after-UEqn: DEVICE_POOL current=19126 MB  actual(reserved)=38146 MB  highWater=24414 MB
[GinkgoSolver] p-cache: reuse(update_matrix_value) solve=15 rebuildInterval=0
config(Cg+Multigrid):  Solving for p, Initial residual = 0.001275868355247435, Final residual = 1.186400226047004e-05, No Iterations 17, Solve time = 886.478 ms
time step continuity errors : sum local = 2.9785753814258485e-06, global = -4.64053723942567e-08, cumulative = -3.7131307317468534e-07
[mem] after-pEqn: DEVICE_POOL current=19126 MB  actual(reserved)=38146 MB  highWater=24414 MB
[GinkgoSolver] p-cache: reuse(update_matrix_value) solve=15 rebuildInterval=0
Schwarz(Jacobi)+Bicgstab:  Solving for omega, Initial residual = 1.2658817483778419e-05, Final residual = 8.250764455966628e-07, No Iterations 2, Solve time = 85.892 ms
bounding omega, min: -46656.90140909142 max: 45355982.7917217 average: 6373.197452931767
[GinkgoSolver] p-cache: reuse(update_matrix_value) solve=15 rebuildInterval=0
Schwarz(Jacobi)+Bicgstab:  Solving for k, Initial residual = 0.00024215178433925996, Final residual = 1.2133882302992999e-05, No Iterations 2, Solve time = 77.142 ms
bounding k, min: -0.0019257093620689836 max: 892.2859357877927 average: 9.145487924360888
[mem] after-turb: DEVICE_POOL current=19126 MB  actual(reserved)=38146 MB  highWater=24414 MB
ExecutionTime = 82.02 s  ClockTime = 82 s

Time = 1016
[mem] step-start: DEVICE_POOL current=19126 MB  actual(reserved)=38146 MB  highWater=24414 MB
Schwarz(Jacobi)+Bicgstab:  Solving for Ux, Initial residual = 7.835672556709795e-05, Final residual = 3.2193550448836722e-06, No Iterations 3, Solve time = 234.795 ms
Schwarz(Jacobi)+Bicgstab:  Solving for Uy, Initial residual = 0.0040315522647832065, Final residual = 0.0001346483893746747, No Iterations 3, Solve time = 234.795 ms
Schwarz(Jacobi)+Bicgstab:  Solving for Uz, Initial residual = 0.001097989081941786, Final residual = 3.895840464800441e-05, No Iterations 3, Solve time = 234.795 ms
[mem] after-UEqn: DEVICE_POOL current=19126 MB  actual(reserved)=38146 MB  highWater=24414 MB
[GinkgoSolver] p-cache: reuse(update_matrix_value) solve=16 rebuildInterval=0
config(Cg+Multigrid):  Solving for p, Initial residual = 0.001273091286834394, Final residual = 1.1719998764242301e-05, No Iterations 17, Solve time = 879.783 ms
time step continuity errors : sum local = 2.9399759878001912e-06, global = -4.0357236886514514e-08, cumulative = -4.1167031006119987e-07
[mem] after-pEqn: DEVICE_POOL current=19126 MB  actual(reserved)=38146 MB  highWater=24414 MB
[GinkgoSolver] p-cache: reuse(update_matrix_value) solve=16 rebuildInterval=0
Schwarz(Jacobi)+Bicgstab:  Solving for omega, Initial residual = 1.2653911084292363e-05, Final residual = 8.244178193533516e-07, No Iterations 2, Solve time = 86.527 ms
bounding omega, min: -39625.34906507835 max: 45355982.732783645 average: 6372.842588512739
[GinkgoSolver] p-cache: reuse(update_matrix_value) solve=16 rebuildInterval=0
Schwarz(Jacobi)+Bicgstab:  Solving for k, Initial residual = 0.00024211159381686527, Final residual = 1.2164561521832308e-05, No Iterations 2, Solve time = 74.424 ms
bounding k, min: -0.0020805337412844113 max: 891.3345785287462 average: 9.144426283822188
[mem] after-turb: DEVICE_POOL current=19126 MB  actual(reserved)=38146 MB  highWater=24414 MB
ExecutionTime = 84.45 s  ClockTime = 85 s

Time = 1017
[mem] step-start: DEVICE_POOL current=19126 MB  actual(reserved)=38146 MB  highWater=24414 MB
Schwarz(Jacobi)+Bicgstab:  Solving for Ux, Initial residual = 7.831676570350661e-05, Final residual = 3.1624408573643007e-06, No Iterations 3, Solve time = 224.865 ms
Schwarz(Jacobi)+Bicgstab:  Solving for Uy, Initial residual = 0.004045673467108874, Final residual = 0.00013635041894687386, No Iterations 3, Solve time = 224.865 ms
Schwarz(Jacobi)+Bicgstab:  Solving for Uz, Initial residual = 0.001095170585622697, Final residual = 3.915706702268244e-05, No Iterations 3, Solve time = 224.865 ms
[mem] after-UEqn: DEVICE_POOL current=19126 MB  actual(reserved)=38146 MB  highWater=24414 MB
[GinkgoSolver] p-cache: reuse(update_matrix_value) solve=17 rebuildInterval=0
config(Cg+Multigrid):  Solving for p, Initial residual = 0.001271086771305708, Final residual = 1.254420158618221e-05, No Iterations 16, Solve time = 831.035 ms
time step continuity errors : sum local = 3.1442345007593978e-06, global = -3.6336394247641605e-08, cumulative = -4.4800670430884146e-07
[mem] after-pEqn: DEVICE_POOL current=19126 MB  actual(reserved)=38146 MB  highWater=24414 MB
[GinkgoSolver] p-cache: reuse(update_matrix_value) solve=17 rebuildInterval=0
Schwarz(Jacobi)+Bicgstab:  Solving for omega, Initial residual = 1.2654229643847993e-05, Final residual = 8.28260744645908e-07, No Iterations 2, Solve time = 79.143 ms
bounding omega, min: -39521.64573011845 max: 45355982.65488491 average: 6372.488450592891
[GinkgoSolver] p-cache: reuse(update_matrix_value) solve=17 rebuildInterval=0
Schwarz(Jacobi)+Bicgstab:  Solving for k, Initial residual = 0.00024206778180671737, Final residual = 1.2245608530092013e-05, No Iterations 2, Solve time = 75.047 ms
bounding k, min: -0.004888900219587988 max: 890.2372951855497 average: 9.143382793574508
[mem] after-turb: DEVICE_POOL current=19126 MB  actual(reserved)=38146 MB  highWater=24414 MB
ExecutionTime = 86.83 s  ClockTime = 87 s

Time = 1018
[mem] step-start: DEVICE_POOL current=19126 MB  actual(reserved)=38146 MB  highWater=24414 MB
Schwarz(Jacobi)+Bicgstab:  Solving for Ux, Initial residual = 7.825749136560065e-05, Final residual = 4.269571433698512e-06, No Iterations 2, Solve time = 179.39 ms
Schwarz(Jacobi)+Bicgstab:  Solving for Uy, Initial residual = 0.004061163654231266, Final residual = 0.0003219040966260728, No Iterations 2, Solve time = 179.39 ms
Schwarz(Jacobi)+Bicgstab:  Solving for Uz, Initial residual = 0.001091891190304517, Final residual = 7.299272496926529e-05, No Iterations 2, Solve time = 179.39 ms
[mem] after-UEqn: DEVICE_POOL current=19126 MB  actual(reserved)=38146 MB  highWater=24414 MB
[GinkgoSolver] p-cache: reuse(update_matrix_value) solve=18 rebuildInterval=0
config(Cg+Multigrid):  Solving for p, Initial residual = 0.0012740251055047484, Final residual = 1.2081025687173115e-05, No Iterations 17, Solve time = 884.561 ms
time step continuity errors : sum local = 3.0262590610395295e-06, global = -2.964352644285951e-08, cumulative = -4.77650230751701e-07
[mem] after-pEqn: DEVICE_POOL current=19126 MB  actual(reserved)=38146 MB  highWater=24414 MB
[GinkgoSolver] p-cache: reuse(update_matrix_value) solve=18 rebuildInterval=0
Schwarz(Jacobi)+Bicgstab:  Solving for omega, Initial residual = 1.2690002545786502e-05, Final residual = 8.346785989693729e-07, No Iterations 2, Solve time = 86.567 ms
bounding omega, min: -351538.7313159955 max: 45355982.59236717 average: 6372.1496928482375
[GinkgoSolver] p-cache: reuse(update_matrix_value) solve=18 rebuildInterval=0
Schwarz(Jacobi)+Bicgstab:  Solving for k, Initial residual = 0.00024231885080321571, Final residual = 1.2300913891130812e-05, No Iterations 2, Solve time = 74.601 ms
bounding k, min: -0.003590442603995131 max: 888.8518363693888 average: 9.142461640756432
[mem] after-turb: DEVICE_POOL current=19126 MB  actual(reserved)=38146 MB  highWater=24414 MB
ExecutionTime = 89.23999999999999 s  ClockTime = 90 s

Time = 1019
[mem] step-start: DEVICE_POOL current=19126 MB  actual(reserved)=38146 MB  highWater=24414 MB
Schwarz(Jacobi)+Bicgstab:  Solving for Ux, Initial residual = 7.842697271483016e-05, Final residual = 4.287137830550513e-06, No Iterations 2, Solve time = 181.635 ms
Schwarz(Jacobi)+Bicgstab:  Solving for Uy, Initial residual = 0.004061384740433113, Final residual = 0.0007511002808423372, No Iterations 2, Solve time = 181.635 ms
Schwarz(Jacobi)+Bicgstab:  Solving for Uz, Initial residual = 0.0010924885186968402, Final residual = 6.906657115052953e-05, No Iterations 2, Solve time = 181.635 ms
[mem] after-UEqn: DEVICE_POOL current=19126 MB  actual(reserved)=38146 MB  highWater=24414 MB
[GinkgoSolver] p-cache: reuse(update_matrix_value) solve=19 rebuildInterval=0
config(Cg+Multigrid):  Solving for p, Initial residual = 0.0012800420565971496, Final residual = 1.264732771032978e-05, No Iterations 16, Solve time = 826.074 ms
time step continuity errors : sum local = 3.1668759747063675e-06, global = -2.6550566526198636e-08, cumulative = -5.042007972778996e-07
[mem] after-pEqn: DEVICE_POOL current=19126 MB  actual(reserved)=38146 MB  highWater=24414 MB
[GinkgoSolver] p-cache: reuse(update_matrix_value) solve=19 rebuildInterval=0
Schwarz(Jacobi)+Bicgstab:  Solving for omega, Initial residual = 1.2704942111069337e-05, Final residual = 8.350990393843217e-07, No Iterations 2, Solve time = 78.996 ms
bounding omega, min: -60505.610626310176 max: 45355982.5737244 average: 6371.932032233716
[GinkgoSolver] p-cache: reuse(update_matrix_value) solve=19 rebuildInterval=0
Schwarz(Jacobi)+Bicgstab:  Solving for k, Initial residual = 0.00024218717269986221, Final residual = 1.2355025998049336e-05, No Iterations 2, Solve time = 72.701 ms
bounding k, min: -0.002915663810111796 max: 887.37535094294 average: 9.141824447371047
[mem] after-turb: DEVICE_POOL current=19126 MB  actual(reserved)=38146 MB  highWater=24414 MB
ExecutionTime = 91.56 s  ClockTime = 92 s

Time = 1020
[mem] step-start: DEVICE_POOL current=19126 MB  actual(reserved)=38146 MB  highWater=24414 MB
Schwarz(Jacobi)+Bicgstab:  Solving for Ux, Initial residual = 7.837382812200215e-05, Final residual = 2.17182376761727e-06, No Iterations 3, Solve time = 240.892 ms
Schwarz(Jacobi)+Bicgstab:  Solving for Uy, Initial residual = 0.004122524937414675, Final residual = 0.00013467643372531225, No Iterations 3, Solve time = 240.892 ms
Schwarz(Jacobi)+Bicgstab:  Solving for Uz, Initial residual = 0.0010874293614818325, Final residual = 4.388930739668674e-05, No Iterations 3, Solve time = 240.892 ms
[mem] after-UEqn: DEVICE_POOL current=19126 MB  actual(reserved)=38146 MB  highWater=24414 MB
[GinkgoSolver] p-cache: reuse(update_matrix_value) solve=20 rebuildInterval=0
config(Cg+Multigrid):  Solving for p, Initial residual = 0.0012745765683098128, Final residual = 1.2411485762692102e-05, No Iterations 20, Solve time = 1027.577 ms
time step continuity errors : sum local = 3.106821922398719e-06, global = -1.6577570335784166e-08, cumulative = -5.207783676136837e-07
[mem] after-pEqn: DEVICE_POOL current=19126 MB  actual(reserved)=38146 MB  highWater=24414 MB
[GinkgoSolver] p-cache: reuse(update_matrix_value) solve=20 rebuildInterval=0
Schwarz(Jacobi)+Bicgstab:  Solving for omega, Initial residual = 1.2682366334617306e-05, Final residual = 8.28880911588844e-07, No Iterations 2, Solve time = 86.9 ms
bounding omega, min: -55941.10805303899 max: 45355982.575128175 average: 6371.693528879458
[GinkgoSolver] p-cache: reuse(update_matrix_value) solve=20 rebuildInterval=0
Schwarz(Jacobi)+Bicgstab:  Solving for k, Initial residual = 0.00024208921704586985, Final residual = 1.2418280182697261e-05, No Iterations 2, Solve time = 77.684 ms
bounding k, min: -0.0036617960488383103 max: 885.7568473056723 average: 9.141033403033273
[mem] after-turb: DEVICE_POOL current=19126 MB  actual(reserved)=38146 MB  highWater=24414 MB
ExecutionTime = 94.16 s  ClockTime = 95 s

Time = 1021
[mem] step-start: DEVICE_POOL current=19126 MB  actual(reserved)=38146 MB  highWater=24414 MB
Schwarz(Jacobi)+Bicgstab:  Solving for Ux, Initial residual = 7.834259048089308e-05, Final residual = 3.2780428989265687e-06, No Iterations 3, Solve time = 230.568 ms
Schwarz(Jacobi)+Bicgstab:  Solving for Uy, Initial residual = 0.004134917689766564, Final residual = 0.0001358858343539215, No Iterations 3, Solve time = 230.568 ms
Schwarz(Jacobi)+Bicgstab:  Solving for Uz, Initial residual = 0.0010828726866849519, Final residual = 7.888686785836226e-05, No Iterations 3, Solve time = 230.568 ms
[mem] after-UEqn: DEVICE_POOL current=19126 MB  actual(reserved)=38146 MB  highWater=24414 MB
[GinkgoSolver] p-cache: reuse(update_matrix_value) solve=21 rebuildInterval=0
config(Cg+Multigrid):  Solving for p, Initial residual = 0.0012745741756777396, Final residual = 1.195074760394792e-05, No Iterations 16, Solve time = 784.404 ms
time step continuity errors : sum local = 2.991827747558469e-06, global = -1.5593583088402003e-08, cumulative = -5.363719507020857e-07
[mem] after-pEqn: DEVICE_POOL current=19126 MB  actual(reserved)=38146 MB  highWater=24414 MB
[GinkgoSolver] p-cache: reuse(update_matrix_value) solve=21 rebuildInterval=0
Schwarz(Jacobi)+Bicgstab:  Solving for omega, Initial residual = 1.2695042760825003e-05, Final residual = 8.342157504880075e-07, No Iterations 2, Solve time = 87.542 ms
bounding omega, min: -47200.971830721726 max: 45355982.58365911 average: 6371.464230739509
[GinkgoSolver] p-cache: reuse(update_matrix_value) solve=21 rebuildInterval=0
Schwarz(Jacobi)+Bicgstab:  Solving for k, Initial residual = 0.00024220224035996653, Final residual = 1.2359646508275197e-05, No Iterations 2, Solve time = 74.745 ms
bounding k, min: -0.004724482973985603 max: 884.1944171724588 average: 9.140345370738531
[mem] after-turb: DEVICE_POOL current=19126 MB  actual(reserved)=38146 MB  highWater=24414 MB
ExecutionTime = 96.51000000000001 s  ClockTime = 97 s

Time = 1022
[mem] step-start: DEVICE_POOL current=19126 MB  actual(reserved)=38146 MB  highWater=24414 MB
Schwarz(Jacobi)+Bicgstab:  Solving for Ux, Initial residual = 7.84181882688681e-05, Final residual = 4.338436482012881e-06, No Iterations 2, Solve time = 183.637 ms
Schwarz(Jacobi)+Bicgstab:  Solving for Uy, Initial residual = 0.004138345155371479, Final residual = 0.00028176021604578547, No Iterations 2, Solve time = 183.637 ms
Schwarz(Jacobi)+Bicgstab:  Solving for Uz, Initial residual = 0.0010845436950838627, Final residual = 7.759281535926501e-05, No Iterations 2, Solve time = 183.637 ms
[mem] after-UEqn: DEVICE_POOL current=19126 MB  actual(reserved)=38146 MB  highWater=24414 MB
[GinkgoSolver] p-cache: reuse(update_matrix_value) solve=22 rebuildInterval=0
config(Cg+Multigrid):  Solving for p, Initial residual = 0.0012868490306207935, Final residual = 1.259468316023069e-05, No Iterations 16, Solve time = 798.348 ms
time step continuity errors : sum local = 3.152711251101574e-06, global = -9.491408994091585e-09, cumulative = -5.458633596961772e-07
[mem] after-pEqn: DEVICE_POOL current=19126 MB  actual(reserved)=38146 MB  highWater=24414 MB
[GinkgoSolver] p-cache: reuse(update_matrix_value) solve=22 rebuildInterval=0
Schwarz(Jacobi)+Bicgstab:  Solving for omega, Initial residual = 1.272705244923466e-05, Final residual = 8.410460008624874e-07, No Iterations 2, Solve time = 73.147 ms
bounding omega, min: -333134.9356188215 max: 45355982.5967722 average: 6371.258550864665
[GinkgoSolver] p-cache: reuse(update_matrix_value) solve=22 rebuildInterval=0
Schwarz(Jacobi)+Bicgstab:  Solving for k, Initial residual = 0.0002424819081647249, Final residual = 1.2491717172276285e-05, No Iterations 2, Solve time = 73.631 ms
bounding k, min: -0.005812897861871863 max: 882.5743691807803 average: 9.139717915802187
[mem] after-turb: DEVICE_POOL current=19126 MB  actual(reserved)=38146 MB  highWater=24414 MB
ExecutionTime = 98.81 s  ClockTime = 99 s

Time = 1023
[mem] step-start: DEVICE_POOL current=19126 MB  actual(reserved)=38146 MB  highWater=24414 MB
Schwarz(Jacobi)+Bicgstab:  Solving for Ux, Initial residual = 7.865783071434545e-05, Final residual = 2.7177773189649646e-06, No Iterations 3, Solve time = 248.555 ms
Schwarz(Jacobi)+Bicgstab:  Solving for Uy, Initial residual = 0.004126324096228471, Final residual = 0.00015238853625546234, No Iterations 3, Solve time = 248.555 ms
Schwarz(Jacobi)+Bicgstab:  Solving for Uz, Initial residual = 0.0010897299945935226, Final residual = 7.038710243180719e-05, No Iterations 3, Solve time = 248.555 ms
[mem] after-UEqn: DEVICE_POOL current=19126 MB  actual(reserved)=38146 MB  highWater=24414 MB
[GinkgoSolver] p-cache: reuse(update_matrix_value) solve=23 rebuildInterval=0
config(Cg+Multigrid):  Solving for p, Initial residual = 0.001286767290336599, Final residual = 1.2071774957361613e-05, No Iterations 17, Solve time = 869.045 ms
time step continuity errors : sum local = 3.0212744492350073e-06, global = -4.69639720394797e-09, cumulative = -5.505597569001252e-07
[mem] after-pEqn: DEVICE_POOL current=19126 MB  actual(reserved)=38146 MB  highWater=24414 MB
[GinkgoSolver] p-cache: reuse(update_matrix_value) solve=23 rebuildInterval=0
Schwarz(Jacobi)+Bicgstab:  Solving for omega, Initial residual = 1.2737567020710299e-05, Final residual = 8.363846724860399e-07, No Iterations 2, Solve time = 86.491 ms
bounding omega, min: -61010.38987308218 max: 45355982.612438865 average: 6371.107547593297
[GinkgoSolver] p-cache: reuse(update_matrix_value) solve=23 rebuildInterval=0
Schwarz(Jacobi)+Bicgstab:  Solving for k, Initial residual = 0.00024246030172230107, Final residual = 1.3536209244080434e-05, No Iterations 2, Solve time = 78.333 ms
bounding k, min: -0.009923363793223478 max: 881.0319279642844 average: 9.139040396123086
[mem] after-turb: DEVICE_POOL current=19126 MB  actual(reserved)=38146 MB  highWater=24414 MB
ExecutionTime = 101.26 s  ClockTime = 102 s

Time = 1024
[mem] step-start: DEVICE_POOL current=19126 MB  actual(reserved)=38146 MB  highWater=24414 MB
Schwarz(Jacobi)+Bicgstab:  Solving for Ux, Initial residual = 7.875576743515667e-05, Final residual = 3.173176882527305e-06, No Iterations 3, Solve time = 234.614 ms
Schwarz(Jacobi)+Bicgstab:  Solving for Uy, Initial residual = 0.004119803128583929, Final residual = 0.00014351090124283488, No Iterations 3, Solve time = 234.614 ms
Schwarz(Jacobi)+Bicgstab:  Solving for Uz, Initial residual = 0.0010937942393315664, Final residual = 9.002487874597883e-05, No Iterations 3, Solve time = 234.614 ms
[mem] after-UEqn: DEVICE_POOL current=19126 MB  actual(reserved)=38146 MB  highWater=24414 MB
[GinkgoSolver] p-cache: reuse(update_matrix_value) solve=24 rebuildInterval=0
config(Cg+Multigrid):  Solving for p, Initial residual = 0.0012871004088460824, Final residual = 1.2789671460504569e-05, No Iterations 16, Solve time = 807.677 ms
time step continuity errors : sum local = 3.200596377795039e-06, global = -3.877317274796697e-09, cumulative = -5.544370741749219e-07
[mem] after-pEqn: DEVICE_POOL current=19126 MB  actual(reserved)=38146 MB  highWater=24414 MB
[GinkgoSolver] p-cache: reuse(update_matrix_value) solve=24 rebuildInterval=0
Schwarz(Jacobi)+Bicgstab:  Solving for omega, Initial residual = 1.2761121561252494e-05, Final residual = 8.363578524754252e-07, No Iterations 2, Solve time = 91.721 ms
bounding omega, min: -57915.640286058195 max: 45355982.628049545 average: 6370.990630535643
[GinkgoSolver] p-cache: reuse(update_matrix_value) solve=24 rebuildInterval=0
Schwarz(Jacobi)+Bicgstab:  Solving for k, Initial residual = 0.0002426825449312367, Final residual = 1.6335113742195945e-05, No Iterations 2, Solve time = 74.391 ms
bounding k, min: -0.007117850678074689 max: 879.5961309404372 average: 9.138361319550768
[mem] after-turb: DEVICE_POOL current=19126 MB  actual(reserved)=38146 MB  highWater=24414 MB
ExecutionTime = 103.63 s  ClockTime = 104 s

Time = 1025
[mem] step-start: DEVICE_POOL current=19126 MB  actual(reserved)=38146 MB  highWater=24414 MB
Schwarz(Jacobi)+Bicgstab:  Solving for Ux, Initial residual = 7.88327611211243e-05, Final residual = 4.404425861187193e-06, No Iterations 2, Solve time = 175.862 ms
Schwarz(Jacobi)+Bicgstab:  Solving for Uy, Initial residual = 0.004120354945847841, Final residual = 0.00036805227528582295, No Iterations 2, Solve time = 175.862 ms
Schwarz(Jacobi)+Bicgstab:  Solving for Uz, Initial residual = 0.0010986220052500689, Final residual = 7.726271773282826e-05, No Iterations 2, Solve time = 175.862 ms
[mem] after-UEqn: DEVICE_POOL current=19126 MB  actual(reserved)=38146 MB  highWater=24414 MB
[GinkgoSolver] p-cache: reuse(update_matrix_value) solve=25 rebuildInterval=0
config(Cg+Multigrid):  Solving for p, Initial residual = 0.0012973369923469627, Final residual = 1.2685673285564198e-05, No Iterations 17, Solve time = 876.616 ms
time step continuity errors : sum local = 3.174292887776173e-06, global = 7.156536632721838e-10, cumulative = -5.537214205116497e-07
[mem] after-pEqn: DEVICE_POOL current=19126 MB  actual(reserved)=38146 MB  highWater=24414 MB
[GinkgoSolver] p-cache: reuse(update_matrix_value) solve=25 rebuildInterval=0
Schwarz(Jacobi)+Bicgstab:  Solving for omega, Initial residual = 1.2828438842834655e-05, Final residual = 8.426960916551125e-07, No Iterations 2, Solve time = 87.064 ms
bounding omega, min: -56940.16953457052 max: 45355982.64169973 average: 6370.918385042677
[GinkgoSolver] p-cache: reuse(update_matrix_value) solve=25 rebuildInterval=0
Schwarz(Jacobi)+Bicgstab:  Solving for k, Initial residual = 0.00024338907155432128, Final residual = 1.996418123480102e-05, No Iterations 2, Solve time = 73.475 ms
bounding k, min: -0.017675798955743366 max: 878.3013173085697 average: 9.137645041124289
[mem] after-turb: DEVICE_POOL current=19126 MB  actual(reserved)=38146 MB  highWater=24414 MB
ExecutionTime = 106.03 s  ClockTime = 106 s

Time = 1026
[mem] step-start: DEVICE_POOL current=19126 MB  actual(reserved)=38146 MB  highWater=24414 MB
Schwarz(Jacobi)+Bicgstab:  Solving for Ux, Initial residual = 7.90778351601985e-05, Final residual = 2.888947066300537e-06, No Iterations 3, Solve time = 248.988 ms
Schwarz(Jacobi)+Bicgstab:  Solving for Uy, Initial residual = 0.00411074186385096, Final residual = 0.00015269170263118237, No Iterations 3, Solve time = 248.988 ms
Schwarz(Jacobi)+Bicgstab:  Solving for Uz, Initial residual = 0.001103113039826713, Final residual = 4.949675411567078e-05, No Iterations 3, Solve time = 248.988 ms
[mem] after-UEqn: DEVICE_POOL current=19126 MB  actual(reserved)=38146 MB  highWater=24414 MB
[GinkgoSolver] p-cache: reuse(update_matrix_value) solve=26 rebuildInterval=0
config(Cg+Multigrid):  Solving for p, Initial residual = 0.001293532817931127, Final residual = 1.2323489461881697e-05, No Iterations 19, Solve time = 968.19 ms
time step continuity errors : sum local = 3.083808822319646e-06, global = 3.129638379849844e-09, cumulative = -5.505917821317998e-07
[mem] after-pEqn: DEVICE_POOL current=19126 MB  actual(reserved)=38146 MB  highWater=24414 MB
[GinkgoSolver] p-cache: reuse(update_matrix_value) solve=26 rebuildInterval=0
Schwarz(Jacobi)+Bicgstab:  Solving for omega, Initial residual = 1.2861019862035374e-05, Final residual = 8.401065235811277e-07, No Iterations 2, Solve time = 78.06 ms
bounding omega, min: -365520.77745269024 max: 45355982.65278343 average: 6370.820185883153
[GinkgoSolver] p-cache: reuse(update_matrix_value) solve=26 rebuildInterval=0
Schwarz(Jacobi)+Bicgstab:  Solving for k, Initial residual = 0.00024409466579265664, Final residual = 5.522539304965672e-06, No Iterations 3, Solve time = 96.698 ms
bounding k, min: -2.3159182212178472e-08 max: 877.1543454619891 average: 9.137238154053762
[mem] after-turb: DEVICE_POOL current=19126 MB  actual(reserved)=38146 MB  highWater=24414 MB
ExecutionTime = 108.6 s  ClockTime = 109 s

Time = 1027
[mem] step-start: DEVICE_POOL current=19126 MB  actual(reserved)=38146 MB  highWater=24414 MB
Schwarz(Jacobi)+Bicgstab:  Solving for Ux, Initial residual = 7.910816762834671e-05, Final residual = 4.9594862427691326e-06, No Iterations 4, Solve time = 299.48 ms
Schwarz(Jacobi)+Bicgstab:  Solving for Uy, Initial residual = 0.004119643412487858, Final residual = 8.910927671173982e-05, No Iterations 4, Solve time = 299.48 ms
Schwarz(Jacobi)+Bicgstab:  Solving for Uz, Initial residual = 0.0011024463951591385, Final residual = 7.482375458845949e-05, No Iterations 4, Solve time = 299.48 ms
[mem] after-UEqn: DEVICE_POOL current=19126 MB  actual(reserved)=38146 MB  highWater=24414 MB
[GinkgoSolver] p-cache: reuse(update_matrix_value) solve=27 rebuildInterval=0
config(Cg+Multigrid):  Solving for p, Initial residual = 0.0012989530699104648, Final residual = 1.2127775646310975e-05, No Iterations 17, Solve time = 849.017 ms
time step continuity errors : sum local = 3.035696099404366e-06, global = 2.8224145496962107e-09, cumulative = -5.477693675821036e-07
[mem] after-pEqn: DEVICE_POOL current=19126 MB  actual(reserved)=38146 MB  highWater=24414 MB
[GinkgoSolver] p-cache: reuse(update_matrix_value) solve=27 rebuildInterval=0
Schwarz(Jacobi)+Bicgstab:  Solving for omega, Initial residual = 1.26883507846686e-05, Final residual = 8.388428047959677e-07, No Iterations 2, Solve time = 77.981 ms
bounding omega, min: -56940.27195497221 max: 45355982.66134525 average: 6370.814237202948
[GinkgoSolver] p-cache: reuse(update_matrix_value) solve=27 rebuildInterval=0
Schwarz(Jacobi)+Bicgstab:  Solving for k, Initial residual = 0.0002435671934652189, Final residual = 1.2060309822714469e-05, No Iterations 2, Solve time = 74.159 ms
[mem] after-turb: DEVICE_POOL current=19126 MB  actual(reserved)=38146 MB  highWater=24414 MB
ExecutionTime = 111.07 s  ClockTime = 111 s

Time = 1028
[mem] step-start: DEVICE_POOL current=19126 MB  actual(reserved)=38146 MB  highWater=24414 MB
Schwarz(Jacobi)+Bicgstab:  Solving for Ux, Initial residual = 7.922753222030543e-05, Final residual = 3.7446910243889016e-06, No Iterations 3, Solve time = 228.118 ms
Schwarz(Jacobi)+Bicgstab:  Solving for Uy, Initial residual = 0.004135181945130987, Final residual = 0.00013616231628131017, No Iterations 3, Solve time = 228.118 ms
Schwarz(Jacobi)+Bicgstab:  Solving for Uz, Initial residual = 0.0011022520189160369, Final residual = 3.7817823595132517e-05, No Iterations 3, Solve time = 228.118 ms
[mem] after-UEqn: DEVICE_POOL current=19126 MB  actual(reserved)=38146 MB  highWater=24414 MB
[GinkgoSolver] p-cache: reuse(update_matrix_value) solve=28 rebuildInterval=0
config(Cg+Multigrid):  Solving for p, Initial residual = 0.0012979890434260345, Final residual = 1.2248510138486984e-05, No Iterations 15, Solve time = 748.654 ms
time step continuity errors : sum local = 3.066538828592787e-06, global = -1.2305002372555126e-10, cumulative = -5.478924176058292e-07
[mem] after-pEqn: DEVICE_POOL current=19126 MB  actual(reserved)=38146 MB  highWater=24414 MB
[GinkgoSolver] p-cache: reuse(update_matrix_value) solve=28 rebuildInterval=0
Schwarz(Jacobi)+Bicgstab:  Solving for omega, Initial residual = 1.2806928183613564e-05, Final residual = 8.357229257744965e-07, No Iterations 2, Solve time = 78.177 ms
bounding omega, min: -55346.10681681642 max: 45355982.66862833 average: 6370.745983744823
[GinkgoSolver] p-cache: reuse(update_matrix_value) solve=28 rebuildInterval=0
Schwarz(Jacobi)+Bicgstab:  Solving for k, Initial residual = 0.00024366239368090337, Final residual = 1.2428113311945707e-05, No Iterations 2, Solve time = 78.502 ms
bounding k, min: -0.000850638875854311 max: 875.2841224262767 average: 9.136130772779062
[mem] after-turb: DEVICE_POOL current=19126 MB  actual(reserved)=38146 MB  highWater=24414 MB
ExecutionTime = 113.39 s  ClockTime = 114 s

Time = 1029
[mem] step-start: DEVICE_POOL current=19126 MB  actual(reserved)=38146 MB  highWater=24414 MB
Schwarz(Jacobi)+Bicgstab:  Solving for Ux, Initial residual = 7.922356095960606e-05, Final residual = 3.5908753775871024e-06, No Iterations 3, Solve time = 231.693 ms
Schwarz(Jacobi)+Bicgstab:  Solving for Uy, Initial residual = 0.004157805093184359, Final residual = 0.0001341775997460317, No Iterations 3, Solve time = 231.693 ms
Schwarz(Jacobi)+Bicgstab:  Solving for Uz, Initial residual = 0.0010986106854049779, Final residual = 3.189892239216963e-05, No Iterations 3, Solve time = 231.693 ms
[mem] after-UEqn: DEVICE_POOL current=19126 MB  actual(reserved)=38146 MB  highWater=24414 MB
[GinkgoSolver] p-cache: reuse(update_matrix_value) solve=29 rebuildInterval=0
config(Cg+Multigrid):  Solving for p, Initial residual = 0.0012944398155962096, Final residual = 1.2870018986922796e-05, No Iterations 15, Solve time = 757.435 ms
time step continuity errors : sum local = 3.2224870460694633e-06, global = -4.813387746387818e-09, cumulative = -5.527058053522171e-07
[mem] after-pEqn: DEVICE_POOL current=19126 MB  actual(reserved)=38146 MB  highWater=24414 MB
[GinkgoSolver] p-cache: reuse(update_matrix_value) solve=29 rebuildInterval=0
Schwarz(Jacobi)+Bicgstab:  Solving for omega, Initial residual = 1.2808756709244813e-05, Final residual = 8.364211762224322e-07, No Iterations 2, Solve time = 87.295 ms
bounding omega, min: -55293.75708634814 max: 45355982.675930664 average: 6370.682270452076
[GinkgoSolver] p-cache: reuse(update_matrix_value) solve=29 rebuildInterval=0
Schwarz(Jacobi)+Bicgstab:  Solving for k, Initial residual = 0.00024383593966375897, Final residual = 1.2885711696379153e-05, No Iterations 2, Solve time = 73.35 ms
bounding k, min: -0.003888918510736968 max: 874.5866170737442 average: 9.135496634521973
[mem] after-turb: DEVICE_POOL current=19126 MB  actual(reserved)=38146 MB  highWater=24414 MB
ExecutionTime = 115.73 s  ClockTime = 116 s

Time = 1030
[mem] step-start: DEVICE_POOL current=19126 MB  actual(reserved)=38146 MB  highWater=24414 MB
Schwarz(Jacobi)+Bicgstab:  Solving for Ux, Initial residual = 7.922344977331218e-05, Final residual = 3.605128239581734e-06, No Iterations 3, Solve time = 222.552 ms
Schwarz(Jacobi)+Bicgstab:  Solving for Uy, Initial residual = 0.0041797481785990674, Final residual = 0.000135030442138289, No Iterations 3, Solve time = 222.552 ms
Schwarz(Jacobi)+Bicgstab:  Solving for Uz, Initial residual = 0.0010953084298863218, Final residual = 3.5156301467374786e-05, No Iterations 3, Solve time = 222.552 ms
[mem] after-UEqn: DEVICE_POOL current=19126 MB  actual(reserved)=38146 MB  highWater=24414 MB
[GinkgoSolver] p-cache: reuse(update_matrix_value) solve=30 rebuildInterval=0
config(Cg+Multigrid):  Solving for p, Initial residual = 0.0012892517113669026, Final residual = 1.1414312115416885e-05, No Iterations 16, Solve time = 817.477 ms
time step continuity errors : sum local = 2.858182831091611e-06, global = -1.0553027618728071e-08, cumulative = -5.632588329709451e-07
[mem] after-pEqn: DEVICE_POOL current=19126 MB  actual(reserved)=38146 MB  highWater=24414 MB
[GinkgoSolver] p-cache: reuse(update_matrix_value) solve=30 rebuildInterval=0
Schwarz(Jacobi)+Bicgstab:  Solving for omega, Initial residual = 1.2813246201074035e-05, Final residual = 8.380862014446475e-07, No Iterations 2, Solve time = 91.549 ms
bounding omega, min: -263377.3999406279 max: 45355982.6839603 average: 6370.603780077452
[GinkgoSolver] p-cache: reuse(update_matrix_value) solve=30 rebuildInterval=0
Schwarz(Jacobi)+Bicgstab:  Solving for k, Initial residual = 0.00024411904535121437, Final residual = 1.3229302381751813e-05, No Iterations 2, Solve time = 74.838 ms
bounding k, min: -0.0006812393377205583 max: 874.0396972490645 average: 9.134847965886877
[mem] after-turb: DEVICE_POOL current=19126 MB  actual(reserved)=38146 MB  highWater=24414 MB
ExecutionTime = 118.11 s  ClockTime = 119 s

Time = 1031
[mem] step-start: DEVICE_POOL current=19126 MB  actual(reserved)=38146 MB  highWater=24414 MB
Schwarz(Jacobi)+Bicgstab:  Solving for Ux, Initial residual = 7.922870885556358e-05, Final residual = 4.481001459138166e-06, No Iterations 2, Solve time = 175.218 ms
Schwarz(Jacobi)+Bicgstab:  Solving for Uy, Initial residual = 0.004198123039155943, Final residual = 0.00041763623008927715, No Iterations 2, Solve time = 175.218 ms
Schwarz(Jacobi)+Bicgstab:  Solving for Uz, Initial residual = 0.0010936541689227353, Final residual = 7.585248154292804e-05, No Iterations 2, Solve time = 175.218 ms
[mem] after-UEqn: DEVICE_POOL current=19126 MB  actual(reserved)=38146 MB  highWater=24414 MB
[GinkgoSolver] p-cache: reuse(update_matrix_value) solve=31 rebuildInterval=0
config(Cg+Multigrid):  Solving for p, Initial residual = 0.0012938346979328263, Final residual = 1.2801096465571579e-05, No Iterations 15, Solve time = 764.412 ms
time step continuity errors : sum local = 3.2053797281812862e-06, global = -1.9012264643876972e-08, cumulative = -5.82271097614822e-07
[mem] after-pEqn: DEVICE_POOL current=19126 MB  actual(reserved)=38146 MB  highWater=24414 MB
[GinkgoSolver] p-cache: reuse(update_matrix_value) solve=31 rebuildInterval=0
Schwarz(Jacobi)+Bicgstab:  Solving for omega, Initial residual = 1.2844792700867894e-05, Final residual = 8.390008723601764e-07, No Iterations 2, Solve time = 86.394 ms
bounding omega, min: -53222.25431391772 max: 45355982.692590475 average: 6370.585199439667
[GinkgoSolver] p-cache: reuse(update_matrix_value) solve=31 rebuildInterval=0
Schwarz(Jacobi)+Bicgstab:  Solving for k, Initial residual = 0.00024476056283654924, Final residual = 1.3639529616633751e-05, No Iterations 2, Solve time = 76.975 ms
bounding k, min: -0.001326192751178186 max: 873.5883802126025 average: 9.13419919549171
[mem] after-turb: DEVICE_POOL current=19126 MB  actual(reserved)=38146 MB  highWater=24414 MB
ExecutionTime = 120.39 s  ClockTime = 121 s

Time = 1032
[mem] step-start: DEVICE_POOL current=19126 MB  actual(reserved)=38146 MB  highWater=24414 MB
Schwarz(Jacobi)+Bicgstab:  Solving for Ux, Initial residual = 7.943178753727365e-05, Final residual = 4.544257997879472e-06, No Iterations 2, Solve time = 186.314 ms
Schwarz(Jacobi)+Bicgstab:  Solving for Uy, Initial residual = 0.004190639675398882, Final residual = 0.0007148158426624008, No Iterations 2, Solve time = 186.314 ms
Schwarz(Jacobi)+Bicgstab:  Solving for Uz, Initial residual = 0.0010985213392632608, Final residual = 7.427583464364496e-05, No Iterations 2, Solve time = 186.314 ms
[mem] after-UEqn: DEVICE_POOL current=19126 MB  actual(reserved)=38146 MB  highWater=24414 MB
[GinkgoSolver] p-cache: reuse(update_matrix_value) solve=32 rebuildInterval=0
config(Cg+Multigrid):  Solving for p, Initial residual = 0.0012917702431369173, Final residual = 1.248314892586322e-05, No Iterations 14, Solve time = 732.95 ms
time step continuity errors : sum local = 3.1253064759972913e-06, global = -2.9942372247344444e-08, cumulative = -6.122134698621664e-07
[mem] after-pEqn: DEVICE_POOL current=19126 MB  actual(reserved)=38146 MB  highWater=24414 MB
[GinkgoSolver] p-cache: reuse(update_matrix_value) solve=32 rebuildInterval=0
Schwarz(Jacobi)+Bicgstab:  Solving for omega, Initial residual = 1.2855263719789699e-05, Final residual = 8.427428964586536e-07, No Iterations 2, Solve time = 90.804 ms
bounding omega, min: -51897.159724908604 max: 45355982.70127243 average: 6370.6039261187225
[GinkgoSolver] p-cache: reuse(update_matrix_value) solve=32 rebuildInterval=0
Schwarz(Jacobi)+Bicgstab:  Solving for k, Initial residual = 0.0002450537711409498, Final residual = 1.3681871963070917e-05, No Iterations 2, Solve time = 73.187 ms
bounding k, min: -0.0027861607764079433 max: 873.2659250327547 average: 9.133791770529125
[mem] after-turb: DEVICE_POOL current=19126 MB  actual(reserved)=38146 MB  highWater=24414 MB
ExecutionTime = 122.63 s  ClockTime = 123 s

Time = 1033
[mem] step-start: DEVICE_POOL current=19126 MB  actual(reserved)=38146 MB  highWater=24414 MB
Schwarz(Jacobi)+Bicgstab:  Solving for Ux, Initial residual = 7.939352581321422e-05, Final residual = 4.045088150594461e-06, No Iterations 3, Solve time = 231.707 ms
Schwarz(Jacobi)+Bicgstab:  Solving for Uy, Initial residual = 0.004244525689017628, Final residual = 0.0001335760697223452, No Iterations 3, Solve time = 231.707 ms
Schwarz(Jacobi)+Bicgstab:  Solving for Uz, Initial residual = 0.0010985659663078438, Final residual = 4.6646064938862515e-05, No Iterations 3, Solve time = 231.707 ms
[mem] after-UEqn: DEVICE_POOL current=19126 MB  actual(reserved)=38146 MB  highWater=24414 MB
[GinkgoSolver] p-cache: reuse(update_matrix_value) solve=33 rebuildInterval=0
config(Cg+Multigrid):  Solving for p, Initial residual = 0.0012917886607962824, Final residual = 1.2583324485260211e-05, No Iterations 15, Solve time = 765.994 ms
time step continuity errors : sum local = 3.149899870126222e-06, global = -3.9355279203013313e-08, cumulative = -6.515687490651798e-07
[mem] after-pEqn: DEVICE_POOL current=19126 MB  actual(reserved)=38146 MB  highWater=24414 MB
[GinkgoSolver] p-cache: reuse(update_matrix_value) solve=33 rebuildInterval=0
Schwarz(Jacobi)+Bicgstab:  Solving for omega, Initial residual = 1.2860912157349335e-05, Final residual = 8.488193790398836e-07, No Iterations 2, Solve time = 86.537 ms
bounding omega, min: -51291.20671322991 max: 45355982.709832475 average: 6370.671278824423
[GinkgoSolver] p-cache: reuse(update_matrix_value) solve=33 rebuildInterval=0
Schwarz(Jacobi)+Bicgstab:  Solving for k, Initial residual = 0.0002456203941583612, Final residual = 1.3570531839622581e-05, No Iterations 2, Solve time = 72.704 ms
bounding k, min: -0.0009455924468447655 max: 873.045579598519 average: 9.1333001105638
[mem] after-turb: DEVICE_POOL current=19126 MB  actual(reserved)=38146 MB  highWater=24414 MB
ExecutionTime = 124.98 s  ClockTime = 125 s

Time = 1034
[mem] step-start: DEVICE_POOL current=19126 MB  actual(reserved)=38146 MB  highWater=24414 MB
Schwarz(Jacobi)+Bicgstab:  Solving for Ux, Initial residual = 7.94625115969653e-05, Final residual = 4.129862978471518e-06, No Iterations 3, Solve time = 246.528 ms
Schwarz(Jacobi)+Bicgstab:  Solving for Uy, Initial residual = 0.0042594042004787955, Final residual = 0.00013382661808736745, No Iterations 3, Solve time = 246.528 ms
Schwarz(Jacobi)+Bicgstab:  Solving for Uz, Initial residual = 0.001098023062653652, Final residual = 3.1138629035772844e-05, No Iterations 3, Solve time = 246.528 ms
[mem] after-UEqn: DEVICE_POOL current=19126 MB  actual(reserved)=38146 MB  highWater=24414 MB
[GinkgoSolver] p-cache: reuse(update_matrix_value) solve=34 rebuildInterval=0
config(Cg+Multigrid):  Solving for p, Initial residual = 0.0012934622878497464, Final residual = 1.2379232616938254e-05, No Iterations 17, Solve time = 881.426 ms
time step continuity errors : sum local = 3.098801770799661e-06, global = -4.3092465263857975e-08, cumulative = -6.946612143290378e-07
[mem] after-pEqn: DEVICE_POOL current=19126 MB  actual(reserved)=38146 MB  highWater=24414 MB
[GinkgoSolver] p-cache: reuse(update_matrix_value) solve=34 rebuildInterval=0
Schwarz(Jacobi)+Bicgstab:  Solving for omega, Initial residual = 1.2872223594185564e-05, Final residual = 8.551786820818312e-07, No Iterations 2, Solve time = 87.448 ms
bounding omega, min: -221687.73532844617 max: 45355982.71592322 average: 6370.72168887591
[GinkgoSolver] p-cache: reuse(update_matrix_value) solve=34 rebuildInterval=0
Schwarz(Jacobi)+Bicgstab:  Solving for k, Initial residual = 0.0002462187862680671, Final residual = 1.2994871113095636e-05, No Iterations 2, Solve time = 72.676 ms
bounding k, min: -0.0022578624827347335 max: 872.8572847573556 average: 9.132791041195247
[mem] after-turb: DEVICE_POOL current=19126 MB  actual(reserved)=38146 MB  highWater=24414 MB
ExecutionTime = 127.44 s  ClockTime = 128 s

Time = 1035
[mem] step-start: DEVICE_POOL current=19126 MB  actual(reserved)=38146 MB  highWater=24414 MB
Schwarz(Jacobi)+Bicgstab:  Solving for Ux, Initial residual = 7.95771474310439e-05, Final residual = 4.313397301789801e-06, No Iterations 3, Solve time = 235.949 ms
Schwarz(Jacobi)+Bicgstab:  Solving for Uy, Initial residual = 0.00426936780999102, Final residual = 0.0001348621141663396, No Iterations 3, Solve time = 235.949 ms
Schwarz(Jacobi)+Bicgstab:  Solving for Uz, Initial residual = 0.0010980314250442448, Final residual = 3.9634621619120734e-05, No Iterations 3, Solve time = 235.949 ms
[mem] after-UEqn: DEVICE_POOL current=19126 MB  actual(reserved)=38146 MB  highWater=24414 MB
[GinkgoSolver] p-cache: reuse(update_matrix_value) solve=35 rebuildInterval=0
config(Cg+Multigrid):  Solving for p, Initial residual = 0.001293805081740972, Final residual = 1.2560337655074944e-05, No Iterations 15, Solve time = 771.521 ms
time step continuity errors : sum local = 3.1450983669332905e-06, global = -5.427958399162274e-08, cumulative = -7.489407983206605e-07
[mem] after-pEqn: DEVICE_POOL current=19126 MB  actual(reserved)=38146 MB  highWater=24414 MB
[GinkgoSolver] p-cache: reuse(update_matrix_value) solve=35 rebuildInterval=0
Schwarz(Jacobi)+Bicgstab:  Solving for omega, Initial residual = 1.2892578575683999e-05, Final residual = 8.583202040440494e-07, No Iterations 2, Solve time = 92.49 ms
bounding omega, min: -49277.24377558331 max: 45355982.71781486 average: 6370.813274413589
[GinkgoSolver] p-cache: reuse(update_matrix_value) solve=35 rebuildInterval=0
Schwarz(Jacobi)+Bicgstab:  Solving for k, Initial residual = 0.0002468036696358051, Final residual = 1.2385984897806282e-05, No Iterations 2, Solve time = 75.058 ms
bounding k, min: -0.0027379159399598023 max: 872.6990388000822 average: 9.13230878420637
[mem] after-turb: DEVICE_POOL current=19126 MB  actual(reserved)=38146 MB  highWater=24414 MB
ExecutionTime = 129.79 s  ClockTime = 130 s

Time = 1036
[mem] step-start: DEVICE_POOL current=19126 MB  actual(reserved)=38146 MB  highWater=24414 MB
Schwarz(Jacobi)+Bicgstab:  Solving for Ux, Initial residual = 7.972323840151944e-05, Final residual = 4.283220844956327e-06, No Iterations 3, Solve time = 228.243 ms
Schwarz(Jacobi)+Bicgstab:  Solving for Uy, Initial residual = 0.004275236539568774, Final residual = 0.00013581104067343695, No Iterations 3, Solve time = 228.243 ms
Schwarz(Jacobi)+Bicgstab:  Solving for Uz, Initial residual = 0.001100204044835034, Final residual = 3.1529848221911115e-05, No Iterations 3, Solve time = 228.243 ms
[mem] after-UEqn: DEVICE_POOL current=19126 MB  actual(reserved)=38146 MB  highWater=24414 MB
[GinkgoSolver] p-cache: reuse(update_matrix_value) solve=36 rebuildInterval=0
config(Cg+Multigrid):  Solving for p, Initial residual = 0.0012945469583413598, Final residual = 1.243286658138691e-05, No Iterations 17, Solve time = 869.515 ms
time step continuity errors : sum local = 3.114114511730828e-06, global = -5.258562818247758e-08, cumulative = -8.015264265031381e-07
[mem] after-pEqn: DEVICE_POOL current=19126 MB  actual(reserved)=38146 MB  highWater=24414 MB
[GinkgoSolver] p-cache: reuse(update_matrix_value) solve=36 rebuildInterval=0
Schwarz(Jacobi)+Bicgstab:  Solving for omega, Initial residual = 1.2911219103596357e-05, Final residual = 8.64077401469951e-07, No Iterations 2, Solve time = 87.121 ms
bounding omega, min: -47945.931227322784 max: 45355982.71453784 average: 6370.848151637239
[GinkgoSolver] p-cache: reuse(update_matrix_value) solve=36 rebuildInterval=0
Schwarz(Jacobi)+Bicgstab:  Solving for k, Initial residual = 0.0002473226714208921, Final residual = 1.2505797907007003e-05, No Iterations 2, Solve time = 73.238 ms
bounding k, min: -0.0033950451832483173 max: 872.6068913633183 average: 9.131823679452738
[mem] after-turb: DEVICE_POOL current=19126 MB  actual(reserved)=38146 MB  highWater=24414 MB
ExecutionTime = 132.22 s  ClockTime = 133 s

Time = 1037
[mem] step-start: DEVICE_POOL current=19126 MB  actual(reserved)=38146 MB  highWater=24414 MB
Schwarz(Jacobi)+Bicgstab:  Solving for Ux, Initial residual = 7.988358585803601e-05, Final residual = 7.114344607670222e-06, No Iterations 2, Solve time = 177.347 ms
Schwarz(Jacobi)+Bicgstab:  Solving for Uy, Initial residual = 0.004279839144472977, Final residual = 0.0003073228629202019, No Iterations 2, Solve time = 177.347 ms
Schwarz(Jacobi)+Bicgstab:  Solving for Uz, Initial residual = 0.0011023838408266299, Final residual = 7.397562317778517e-05, No Iterations 2, Solve time = 177.347 ms
[mem] after-UEqn: DEVICE_POOL current=19126 MB  actual(reserved)=38146 MB  highWater=24414 MB
[GinkgoSolver] p-cache: reuse(update_matrix_value) solve=37 rebuildInterval=0
config(Cg+Multigrid):  Solving for p, Initial residual = 0.001305954880370195, Final residual = 1.2238537037776657e-05, No Iterations 17, Solve time = 860.357 ms
time step continuity errors : sum local = 3.066968640583372e-06, global = -5.2672026977107924e-08, cumulative = -8.54198453480246e-07
[mem] after-pEqn: DEVICE_POOL current=19126 MB  actual(reserved)=38146 MB  highWater=24414 MB
[GinkgoSolver] p-cache: reuse(update_matrix_value) solve=37 rebuildInterval=0
Schwarz(Jacobi)+Bicgstab:  Solving for omega, Initial residual = 1.2991284149215065e-05, Final residual = 8.83636551144764e-07, No Iterations 2, Solve time = 86.641 ms
bounding omega, min: -45956.30319848365 max: 45355982.70627694 average: 6370.94129074942
[GinkgoSolver] p-cache: reuse(update_matrix_value) solve=37 rebuildInterval=0
Schwarz(Jacobi)+Bicgstab:  Solving for k, Initial residual = 0.0002482099974010763, Final residual = 1.2369647376759858e-05, No Iterations 2, Solve time = 78.022 ms
bounding k, min: -0.0019783805331325763 max: 872.5506212671688 average: 9.131572994690888
[mem] after-turb: DEVICE_POOL current=19126 MB  actual(reserved)=38146 MB  highWater=24414 MB
ExecutionTime = 134.58 s  ClockTime = 135 s

Time = 1038
[mem] step-start: DEVICE_POOL current=19126 MB  actual(reserved)=38146 MB  highWater=24414 MB
Schwarz(Jacobi)+Bicgstab:  Solving for Ux, Initial residual = 8.034501827864741e-05, Final residual = 5.773353718675617e-06, No Iterations 2, Solve time = 185.588 ms
Schwarz(Jacobi)+Bicgstab:  Solving for Uy, Initial residual = 0.004271909853059615, Final residual = 0.000718082347474011, No Iterations 2, Solve time = 185.588 ms
Schwarz(Jacobi)+Bicgstab:  Solving for Uz, Initial residual = 0.0011090839305367248, Final residual = 7.283862955128358e-05, No Iterations 2, Solve time = 185.588 ms
[mem] after-UEqn: DEVICE_POOL current=19126 MB  actual(reserved)=38146 MB  highWater=24414 MB
[GinkgoSolver] p-cache: reuse(update_matrix_value) solve=38 rebuildInterval=0
config(Cg+Multigrid):  Solving for p, Initial residual = 0.00130245988964451, Final residual = 1.2164465555195605e-05, No Iterations 14, Solve time = 719.203 ms
time step continuity errors : sum local = 3.049906355731053e-06, global = -6.150725749279068e-08, cumulative = -9.157057109730367e-07
[mem] after-pEqn: DEVICE_POOL current=19126 MB  actual(reserved)=38146 MB  highWater=24414 MB
[GinkgoSolver] p-cache: reuse(update_matrix_value) solve=38 rebuildInterval=0
Schwarz(Jacobi)+Bicgstab:  Solving for omega, Initial residual = 1.3039597960020949e-05, Final residual = 8.97702005752451e-07, No Iterations 2, Solve time = 87.358 ms
bounding omega, min: -311141.1631589482 max: 45355982.69387293 average: 6371.090459756631
[GinkgoSolver] p-cache: reuse(update_matrix_value) solve=38 rebuildInterval=0
Schwarz(Jacobi)+Bicgstab:  Solving for k, Initial residual = 0.0002486232165837524, Final residual = 1.206139616210333e-05, No Iterations 2, Solve time = 73.307 ms
bounding k, min: -0.009019484771284031 max: 872.5240746677669 average: 9.13158076901117
[mem] after-turb: DEVICE_POOL current=19126 MB  actual(reserved)=38146 MB  highWater=24414 MB
ExecutionTime = 136.81 s  ClockTime = 137 s

Time = 1039
[mem] step-start: DEVICE_POOL current=19126 MB  actual(reserved)=38146 MB  highWater=24414 MB
Schwarz(Jacobi)+Bicgstab:  Solving for Ux, Initial residual = 8.04405272037551e-05, Final residual = 3.6191742204173404e-06, No Iterations 3, Solve time = 242.037 ms
Schwarz(Jacobi)+Bicgstab:  Solving for Uy, Initial residual = 0.0043273368996672714, Final residual = 0.00013614220313926126, No Iterations 3, Solve time = 242.037 ms
Schwarz(Jacobi)+Bicgstab:  Solving for Uz, Initial residual = 0.0011104850339745435, Final residual = 4.599121011341378e-05, No Iterations 3, Solve time = 242.037 ms
[mem] after-UEqn: DEVICE_POOL current=19126 MB  actual(reserved)=38146 MB  highWater=24414 MB
[GinkgoSolver] p-cache: reuse(update_matrix_value) solve=39 rebuildInterval=0
config(Cg+Multigrid):  Solving for p, Initial residual = 0.001301651287672293, Final residual = 1.2769204737883271e-05, No Iterations 15, Solve time = 763.628 ms
time step continuity errors : sum local = 3.2026328453856673e-06, global = -5.906735412584648e-08, cumulative = -9.74773065098883e-07
[mem] after-pEqn: DEVICE_POOL current=19126 MB  actual(reserved)=38146 MB  highWater=24414 MB
[GinkgoSolver] p-cache: reuse(update_matrix_value) solve=39 rebuildInterval=0
Schwarz(Jacobi)+Bicgstab:  Solving for omega, Initial residual = 1.3056134898610745e-05, Final residual = 8.995176238536917e-07, No Iterations 2, Solve time = 73.001 ms
bounding omega, min: -46116.455392729746 max: 45355982.67896277 average: 6371.247388115753
[GinkgoSolver] p-cache: reuse(update_matrix_value) solve=39 rebuildInterval=0
Schwarz(Jacobi)+Bicgstab:  Solving for k, Initial residual = 0.00024897558793819175, Final residual = 1.1802923912861312e-05, No Iterations 2, Solve time = 78.055 ms
bounding k, min: -0.021624236075626413 max: 872.4846212140394 average: 9.131439926973016
[mem] after-turb: DEVICE_POOL current=19126 MB  actual(reserved)=38146 MB  highWater=24414 MB
ExecutionTime = 139.14 s  ClockTime = 140 s

Time = 1040
[mem] step-start: DEVICE_POOL current=19126 MB  actual(reserved)=38146 MB  highWater=24414 MB
Schwarz(Jacobi)+Bicgstab:  Solving for Ux, Initial residual = 8.043490351196743e-05, Final residual = 1.5537034592410757e-06, No Iterations 4, Solve time = 289.515 ms
Schwarz(Jacobi)+Bicgstab:  Solving for Uy, Initial residual = 0.004341803104905379, Final residual = 0.00025139841526221454, No Iterations 4, Solve time = 289.515 ms
Schwarz(Jacobi)+Bicgstab:  Solving for Uz, Initial residual = 0.0011101513484583418, Final residual = 3.5197081916781134e-05, No Iterations 4, Solve time = 289.515 ms
[mem] after-UEqn: DEVICE_POOL current=19126 MB  actual(reserved)=38146 MB  highWater=24414 MB
[GinkgoSolver] p-cache: reuse(update_matrix_value) solve=40 rebuildInterval=0
config(Cg+Multigrid):  Solving for p, Initial residual = 0.0012950995424621068, Final residual = 1.2767902133760113e-05, No Iterations 16, Solve time = 811.193 ms
time step continuity errors : sum local = 3.2044948721785626e-06, global = -5.684486321442715e-08, cumulative = -1.03161792831331e-06
[mem] after-pEqn: DEVICE_POOL current=19126 MB  actual(reserved)=38146 MB  highWater=24414 MB
[GinkgoSolver] p-cache: reuse(update_matrix_value) solve=40 rebuildInterval=0
Schwarz(Jacobi)+Bicgstab:  Solving for omega, Initial residual = 1.3050244917786874e-05, Final residual = 8.979273905525948e-07, No Iterations 2, Solve time = 75.57 ms
bounding omega, min: -44460.62898092901 max: 45355982.66204895 average: 6371.297669764746
[GinkgoSolver] p-cache: reuse(update_matrix_value) solve=40 rebuildInterval=0
Schwarz(Jacobi)+Bicgstab:  Solving for k, Initial residual = 0.0002491924554285923, Final residual = 9.453589579454352e-06, No Iterations 2, Solve time = 76.92 ms
bounding k, min: -0.10751755136716731 max: 872.4144886100764 average: 9.131407252678729
[mem] after-turb: DEVICE_POOL current=19126 MB  actual(reserved)=38146 MB  highWater=24414 MB
ExecutionTime = 141.58 s  ClockTime = 142 s

Time = 1041
[mem] step-start: DEVICE_POOL current=19126 MB  actual(reserved)=38146 MB  highWater=24414 MB
Schwarz(Jacobi)+Bicgstab:  Solving for Ux, Initial residual = 8.036557379445025e-05, Final residual = 1.3114679345884758e-05, No Iterations 3, Solve time = 236.529 ms
Schwarz(Jacobi)+Bicgstab:  Solving for Uy, Initial residual = 0.004361065772432396, Final residual = 0.00014093383653012443, No Iterations 3, Solve time = 236.529 ms
Schwarz(Jacobi)+Bicgstab:  Solving for Uz, Initial residual = 0.0011099294796900817, Final residual = 4.005523471514721e-05, No Iterations 3, Solve time = 236.529 ms
[mem] after-UEqn: DEVICE_POOL current=19126 MB  actual(reserved)=38146 MB  highWater=24414 MB
[GinkgoSolver] p-cache: reuse(update_matrix_value) solve=41 rebuildInterval=0
config(Cg+Multigrid):  Solving for p, Initial residual = 0.0013039712073477031, Final residual = 1.2959097887546162e-05, No Iterations 16, Solve time = 808.063 ms
time step continuity errors : sum local = 3.255368406613423e-06, global = -6.043434162849623e-08, cumulative = -1.0920522699418063e-06
[mem] after-pEqn: DEVICE_POOL current=19126 MB  actual(reserved)=38146 MB  highWater=24414 MB
[GinkgoSolver] p-cache: reuse(update_matrix_value) solve=41 rebuildInterval=0
Schwarz(Jacobi)+Bicgstab:  Solving for omega, Initial residual = 1.2832018244332992e-05, Final residual = 8.70740403200208e-07, No Iterations 2, Solve time = 87.09 ms
bounding omega, min: -45000.00850012421 max: 45355982.64318733 average: 6371.154221698495
[GinkgoSolver] p-cache: reuse(update_matrix_value) solve=41 rebuildInterval=0
Schwarz(Jacobi)+Bicgstab:  Solving for k, Initial residual = 0.00024810684529275886, Final residual = 1.1861996758250411e-05, No Iterations 2, Solve time = 77.21 ms
bounding k, min: -0.15574165971844028 max: 872.3507703611796 average: 9.130574463555352
[mem] after-turb: DEVICE_POOL current=19126 MB  actual(reserved)=38146 MB  highWater=24414 MB
ExecutionTime = 143.94 s  ClockTime = 144 s

Time = 1042
[mem] step-start: DEVICE_POOL current=19126 MB  actual(reserved)=38146 MB  highWater=24414 MB
Schwarz(Jacobi)+Bicgstab:  Solving for Ux, Initial residual = 7.995716056504498e-05, Final residual = 2.6233168863460197e-06, No Iterations 3, Solve time = 225.187 ms
Schwarz(Jacobi)+Bicgstab:  Solving for Uy, Initial residual = 0.004372976105835396, Final residual = 0.00014364079995849354, No Iterations 3, Solve time = 225.187 ms
Schwarz(Jacobi)+Bicgstab:  Solving for Uz, Initial residual = 0.0011113836810865531, Final residual = 3.580871110260107e-05, No Iterations 3, Solve time = 225.187 ms
[mem] after-UEqn: DEVICE_POOL current=19126 MB  actual(reserved)=38146 MB  highWater=24414 MB
[GinkgoSolver] p-cache: reuse(update_matrix_value) solve=42 rebuildInterval=0
config(Cg+Multigrid):  Solving for p, Initial residual = 0.001276926857953886, Final residual = 1.1298120472682346e-05, No Iterations 17, Solve time = 845.631 ms
time step continuity errors : sum local = 2.8408230465049247e-06, global = -5.6029369212959806e-08, cumulative = -1.1480816391547661e-06
[mem] after-pEqn: DEVICE_POOL current=19126 MB  actual(reserved)=38146 MB  highWater=24414 MB
[GinkgoSolver] p-cache: reuse(update_matrix_value) solve=42 rebuildInterval=0
Schwarz(Jacobi)+Bicgstab:  Solving for omega, Initial residual = 1.2880047652811759e-05, Final residual = 8.701983926422724e-07, No Iterations 2, Solve time = 86.765 ms
bounding omega, min: -217541.74902516484 max: 45355982.629991956 average: 6371.02883342277
[GinkgoSolver] p-cache: reuse(update_matrix_value) solve=42 rebuildInterval=0
Schwarz(Jacobi)+Bicgstab:  Solving for k, Initial residual = 0.0002484893518699076, Final residual = 7.953142369406742e-06, No Iterations 3, Solve time = 99.621 ms
bounding k, min: -5.7161680509342254e-05 max: 872.2502563710184 average: 9.129992490058392
[mem] after-turb: DEVICE_POOL current=19126 MB  actual(reserved)=38146 MB  highWater=24414 MB
ExecutionTime = 146.38 s  ClockTime = 147 s

Time = 1043
[mem] step-start: DEVICE_POOL current=19126 MB  actual(reserved)=38146 MB  highWater=24414 MB
Schwarz(Jacobi)+Bicgstab:  Solving for Ux, Initial residual = 7.986643128096928e-05, Final residual = 5.734567869756159e-06, No Iterations 2, Solve time = 185.915 ms
Schwarz(Jacobi)+Bicgstab:  Solving for Uy, Initial residual = 0.004381043131691998, Final residual = 0.0002211758808097628, No Iterations 2, Solve time = 185.915 ms
Schwarz(Jacobi)+Bicgstab:  Solving for Uz, Initial residual = 0.0011128786447309965, Final residual = 7.373876211237949e-05, No Iterations 2, Solve time = 185.915 ms
[mem] after-UEqn: DEVICE_POOL current=19126 MB  actual(reserved)=38146 MB  highWater=24414 MB
[GinkgoSolver] p-cache: reuse(update_matrix_value) solve=43 rebuildInterval=0
config(Cg+Multigrid):  Solving for p, Initial residual = 0.0012840980808169523, Final residual = 1.1543760982122776e-05, No Iterations 17, Solve time = 852.178 ms
time step continuity errors : sum local = 2.9041355882578307e-06, global = -5.606086376459696e-08, cumulative = -1.204142502919363e-06
[mem] after-pEqn: DEVICE_POOL current=19126 MB  actual(reserved)=38146 MB  highWater=24414 MB
[GinkgoSolver] p-cache: reuse(update_matrix_value) solve=43 rebuildInterval=0
Schwarz(Jacobi)+Bicgstab:  Solving for omega, Initial residual = 1.3073001094278812e-05, Final residual = 8.720386507609713e-07, No Iterations 2, Solve time = 86.25 ms
bounding omega, min: -45819.03664674688 max: 45355982.61646273 average: 6370.796682314466
[GinkgoSolver] p-cache: reuse(update_matrix_value) solve=43 rebuildInterval=0
Schwarz(Jacobi)+Bicgstab:  Solving for k, Initial residual = 0.00024761350723664574, Final residual = 1.6650782683410425e-05, No Iterations 2, Solve time = 77.291 ms
bounding k, min: -1.9000799994948515e-05 max: 872.1069003499689 average: 9.129584304373997
[mem] after-turb: DEVICE_POOL current=19126 MB  actual(reserved)=38146 MB  highWater=24414 MB
ExecutionTime = 148.74 s  ClockTime = 149 s

Time = 1044
[mem] step-start: DEVICE_POOL current=19126 MB  actual(reserved)=38146 MB  highWater=24414 MB
Schwarz(Jacobi)+Bicgstab:  Solving for Ux, Initial residual = 8.010918304507518e-05, Final residual = 4.810526578885323e-06, No Iterations 2, Solve time = 189.182 ms
Schwarz(Jacobi)+Bicgstab:  Solving for Uy, Initial residual = 0.004378463368649281, Final residual = 0.0007029895505705401, No Iterations 2, Solve time = 189.182 ms
Schwarz(Jacobi)+Bicgstab:  Solving for Uz, Initial residual = 0.0011174972242197472, Final residual = 7.086925238502136e-05, No Iterations 2, Solve time = 189.182 ms
[mem] after-UEqn: DEVICE_POOL current=19126 MB  actual(reserved)=38146 MB  highWater=24414 MB
[GinkgoSolver] p-cache: reuse(update_matrix_value) solve=44 rebuildInterval=0
config(Cg+Multigrid):  Solving for p, Initial residual = 0.0012856618486293532, Final residual = 1.185914090795213e-05, No Iterations 17, Solve time = 880.738 ms
time step continuity errors : sum local = 2.983486674586136e-06, global = -5.745719247895952e-08, cumulative = -1.2615996953983225e-06
[mem] after-pEqn: DEVICE_POOL current=19126 MB  actual(reserved)=38146 MB  highWater=24414 MB
[GinkgoSolver] p-cache: reuse(update_matrix_value) solve=44 rebuildInterval=0
Schwarz(Jacobi)+Bicgstab:  Solving for omega, Initial residual = 1.3146535825425253e-05, Final residual = 8.769945398498939e-07, No Iterations 2, Solve time = 86.193 ms
bounding omega, min: -45928.72630891914 max: 45355982.60563099 average: 6370.677881055275
[GinkgoSolver] p-cache: reuse(update_matrix_value) solve=44 rebuildInterval=0
Schwarz(Jacobi)+Bicgstab:  Solving for k, Initial residual = 0.00024847572498260163, Final residual = 1.3769708730226509e-05, No Iterations 2, Solve time = 74.674 ms
bounding k, min: -7.526925252438247e-06 max: 871.9365601819926 average: 9.129616638592958
[mem] after-turb: DEVICE_POOL current=19126 MB  actual(reserved)=38146 MB  highWater=24414 MB
ExecutionTime = 151.13 s  ClockTime = 152 s

Time = 1045
[mem] step-start: DEVICE_POOL current=19126 MB  actual(reserved)=38146 MB  highWater=24414 MB
Schwarz(Jacobi)+Bicgstab:  Solving for Ux, Initial residual = 8.015214679855915e-05, Final residual = 4.704550496553857e-06, No Iterations 3, Solve time = 237.985 ms
Schwarz(Jacobi)+Bicgstab:  Solving for Uy, Initial residual = 0.004426615607071238, Final residual = 0.00014179008490360618, No Iterations 3, Solve time = 237.985 ms
Schwarz(Jacobi)+Bicgstab:  Solving for Uz, Initial residual = 0.0011177470766605725, Final residual = 4.0193438567258627e-05, No Iterations 3, Solve time = 237.985 ms
[mem] after-UEqn: DEVICE_POOL current=19126 MB  actual(reserved)=38146 MB  highWater=24414 MB
[GinkgoSolver] p-cache: reuse(update_matrix_value) solve=45 rebuildInterval=0
config(Cg+Multigrid):  Solving for p, Initial residual = 0.0012917520916412492, Final residual = 1.2027314567845932e-05, No Iterations 28, Solve time = 1430.508 ms
time step continuity errors : sum local = 3.0245750936138774e-06, global = -4.2227720148236784e-08, cumulative = -1.3038274155465594e-06
[mem] after-pEqn: DEVICE_POOL current=19126 MB  actual(reserved)=38146 MB  highWater=24414 MB
[GinkgoSolver] p-cache: reuse(update_matrix_value) solve=45 rebuildInterval=0
Schwarz(Jacobi)+Bicgstab:  Solving for omega, Initial residual = 1.3081601621714082e-05, Final residual = 8.828487065455236e-07, No Iterations 2, Solve time = 86.274 ms
bounding omega, min: -46390.4372119345 max: 45355982.59875607 average: 6370.64806388645
[GinkgoSolver] p-cache: reuse(update_matrix_value) solve=45 rebuildInterval=0
Schwarz(Jacobi)+Bicgstab:  Solving for k, Initial residual = 0.0002491553839634526, Final residual = 1.3712666888901436e-05, No Iterations 2, Solve time = 72.539 ms
bounding k, min: -0.00014871505986985712 max: 871.7295377915608 average: 9.129627045927474
[mem] after-turb: DEVICE_POOL current=19126 MB  actual(reserved)=38146 MB  highWater=24414 MB
ExecutionTime = 154.13 s  ClockTime = 155 s

Time = 1046
[mem] step-start: DEVICE_POOL current=19126 MB  actual(reserved)=38146 MB  highWater=24414 MB
Schwarz(Jacobi)+Bicgstab:  Solving for Ux, Initial residual = 8.027126405213627e-05, Final residual = 5.619213557414583e-06, No Iterations 3, Solve time = 233.664 ms
Schwarz(Jacobi)+Bicgstab:  Solving for Uy, Initial residual = 0.004426742003734085, Final residual = 0.00014215167666621018, No Iterations 3, Solve time = 233.664 ms
Schwarz(Jacobi)+Bicgstab:  Solving for Uz, Initial residual = 0.0011155987418623307, Final residual = 2.7049713300717335e-05, No Iterations 3, Solve time = 233.664 ms
[mem] after-UEqn: DEVICE_POOL current=19126 MB  actual(reserved)=38146 MB  highWater=24414 MB
[GinkgoSolver] p-cache: reuse(update_matrix_value) solve=46 rebuildInterval=0
config(Cg+Multigrid):  Solving for p, Initial residual = 0.0013035245929610135, Final residual = 1.2399688511948773e-05, No Iterations 15, Solve time = 784.833 ms
time step continuity errors : sum local = 3.1080707059909878e-06, global = -6.14026410044586e-08, cumulative = -1.365230056551018e-06
[mem] after-pEqn: DEVICE_POOL current=19126 MB  actual(reserved)=38146 MB  highWater=24414 MB
[GinkgoSolver] p-cache: reuse(update_matrix_value) solve=46 rebuildInterval=0
Schwarz(Jacobi)+Bicgstab:  Solving for omega, Initial residual = 1.308541216264325e-05, Final residual = 8.882121754724928e-07, No Iterations 2, Solve time = 77.738 ms
bounding omega, min: -195046.4975183615 max: 45355982.59470937 average: 6370.5815981116775
[GinkgoSolver] p-cache: reuse(update_matrix_value) solve=46 rebuildInterval=0
Schwarz(Jacobi)+Bicgstab:  Solving for k, Initial residual = 0.0002498386280467535, Final residual = 1.3710827458080239e-05, No Iterations 2, Solve time = 73.568 ms
bounding k, min: -0.0019548773417249767 max: 871.4891028760529 average: 9.129709130372898
[mem] after-turb: DEVICE_POOL current=19126 MB  actual(reserved)=38146 MB  highWater=24414 MB
ExecutionTime = 156.48 s  ClockTime = 157 s

Time = 1047
[mem] step-start: DEVICE_POOL current=19126 MB  actual(reserved)=38146 MB  highWater=24414 MB
Schwarz(Jacobi)+Bicgstab:  Solving for Ux, Initial residual = 8.049614460543721e-05, Final residual = 4.830659837978034e-06, No Iterations 2, Solve time = 181.218 ms
Schwarz(Jacobi)+Bicgstab:  Solving for Uy, Initial residual = 0.004428017163853527, Final residual = 0.0007073161131473388, No Iterations 2, Solve time = 181.218 ms
Schwarz(Jacobi)+Bicgstab:  Solving for Uz, Initial residual = 0.0011120963275579275, Final residual = 6.0019743016858946e-05, No Iterations 2, Solve time = 181.218 ms
[mem] after-UEqn: DEVICE_POOL current=19126 MB  actual(reserved)=38146 MB  highWater=24414 MB
[GinkgoSolver] p-cache: reuse(update_matrix_value) solve=47 rebuildInterval=0
config(Cg+Multigrid):  Solving for p, Initial residual = 0.0013162214238953975, Final residual = 1.273733051448302e-05, No Iterations 28, Solve time = 1430.497 ms
time step continuity errors : sum local = 3.192067947037694e-06, global = -4.708561421255645e-08, cumulative = -1.4123156707635745e-06
[mem] after-pEqn: DEVICE_POOL current=19126 MB  actual(reserved)=38146 MB  highWater=24414 MB
[GinkgoSolver] p-cache: reuse(update_matrix_value) solve=47 rebuildInterval=0
Schwarz(Jacobi)+Bicgstab:  Solving for omega, Initial residual = 1.3095338713489825e-05, Final residual = 8.893225391787513e-07, No Iterations 2, Solve time = 87.164 ms
bounding omega, min: -47113.65629668383 max: 45355982.593465544 average: 6370.515120922397
[GinkgoSolver] p-cache: reuse(update_matrix_value) solve=47 rebuildInterval=0
Schwarz(Jacobi)+Bicgstab:  Solving for k, Initial residual = 0.0002505526987784696, Final residual = 1.3904125043874436e-05, No Iterations 2, Solve time = 74.54 ms
bounding k, min: -0.0009242545595705402 max: 871.2062344040579 average: 9.129691816480479
[mem] after-turb: DEVICE_POOL current=19126 MB  actual(reserved)=38146 MB  highWater=24414 MB
ExecutionTime = 159.42 s  ClockTime = 160 s

Time = 1048
[mem] step-start: DEVICE_POOL current=19126 MB  actual(reserved)=38146 MB  highWater=24414 MB
Schwarz(Jacobi)+Bicgstab:  Solving for Ux, Initial residual = 8.078871328817965e-05, Final residual = 4.121237490717886e-06, No Iterations 3, Solve time = 241.29 ms
Schwarz(Jacobi)+Bicgstab:  Solving for Uy, Initial residual = 0.004399282452740224, Final residual = 0.0001691613455820657, No Iterations 3, Solve time = 241.29 ms
Schwarz(Jacobi)+Bicgstab:  Solving for Uz, Initial residual = 0.0011168347509749733, Final residual = 6.723226453957943e-05, No Iterations 3, Solve time = 241.29 ms
[mem] after-UEqn: DEVICE_POOL current=19126 MB  actual(reserved)=38146 MB  highWater=24414 MB
[GinkgoSolver] p-cache: reuse(update_matrix_value) solve=48 rebuildInterval=0
config(Cg+Multigrid):  Solving for p, Initial residual = 0.0013041331715778763, Final residual = 1.2050268711140214e-05, No Iterations 14, Solve time = 751.822 ms
time step continuity errors : sum local = 3.0093389979924533e-06, global = -6.713302043730423e-08, cumulative = -1.4794486912008786e-06
[mem] after-pEqn: DEVICE_POOL current=19126 MB  actual(reserved)=38146 MB  highWater=24414 MB
[GinkgoSolver] p-cache: reuse(update_matrix_value) solve=48 rebuildInterval=0
Schwarz(Jacobi)+Bicgstab:  Solving for omega, Initial residual = 1.3108324912657447e-05, Final residual = 8.884274208016657e-07, No Iterations 2, Solve time = 86.411 ms
bounding omega, min: -47292.40306311346 max: 45355982.59474603 average: 6370.413663840297
[GinkgoSolver] p-cache: reuse(update_matrix_value) solve=48 rebuildInterval=0
Schwarz(Jacobi)+Bicgstab:  Solving for k, Initial residual = 0.00025094574941393166, Final residual = 1.3918694950552293e-05, No Iterations 2, Solve time = 73.887 ms
bounding k, min: -0.0021139154398540612 max: 870.9366841392576 average: 9.129878644332985
[mem] after-turb: DEVICE_POOL current=19126 MB  actual(reserved)=38146 MB  highWater=24414 MB
ExecutionTime = 161.71 s  ClockTime = 162 s

Time = 1049
[mem] step-start: DEVICE_POOL current=19126 MB  actual(reserved)=38146 MB  highWater=24414 MB
Schwarz(Jacobi)+Bicgstab:  Solving for Ux, Initial residual = 8.08697748840732e-05, Final residual = 4.676006341056907e-06, No Iterations 2, Solve time = 190.99 ms
Schwarz(Jacobi)+Bicgstab:  Solving for Uy, Initial residual = 0.004386871796209267, Final residual = 0.0007644633035135446, No Iterations 2, Solve time = 190.99 ms
Schwarz(Jacobi)+Bicgstab:  Solving for Uz, Initial residual = 0.0011223070775343803, Final residual = 7.308707377897604e-05, No Iterations 2, Solve time = 190.99 ms
[mem] after-UEqn: DEVICE_POOL current=19126 MB  actual(reserved)=38146 MB  highWater=24414 MB
[GinkgoSolver] p-cache: reuse(update_matrix_value) solve=49 rebuildInterval=0
config(Cg+Multigrid):  Solving for p, Initial residual = 0.0013090736644388015, Final residual = 1.2532751959651203e-05, No Iterations 14, Solve time = 736.283 ms
time step continuity errors : sum local = 3.130280913076254e-06, global = -7.352680407935779e-08, cumulative = -1.5529754952802363e-06
[mem] after-pEqn: DEVICE_POOL current=19126 MB  actual(reserved)=38146 MB  highWater=24414 MB
[GinkgoSolver] p-cache: reuse(update_matrix_value) solve=49 rebuildInterval=0
Schwarz(Jacobi)+Bicgstab:  Solving for omega, Initial residual = 1.3117297820474452e-05, Final residual = 8.936280089808674e-07, No Iterations 2, Solve time = 78.666 ms
bounding omega, min: -47497.588806299435 max: 45355982.59847841 average: 6370.461359027141
[GinkgoSolver] p-cache: reuse(update_matrix_value) solve=49 rebuildInterval=0
Schwarz(Jacobi)+Bicgstab:  Solving for k, Initial residual = 0.0002511550936949933, Final residual = 1.3837119110272348e-05, No Iterations 2, Solve time = 77.393 ms
bounding k, min: -0.0008789319983348445 max: 870.6366417321381 average: 9.130360757008248
[mem] after-turb: DEVICE_POOL current=19126 MB  actual(reserved)=38146 MB  highWater=24414 MB
ExecutionTime = 163.98 s  ClockTime = 165 s

Time = 1050
[mem] step-start: DEVICE_POOL current=19126 MB  actual(reserved)=38146 MB  highWater=24414 MB
Schwarz(Jacobi)+Bicgstab:  Solving for Ux, Initial residual = 8.080462737372908e-05, Final residual = 3.86411344967025e-06, No Iterations 3, Solve time = 239.418 ms
Schwarz(Jacobi)+Bicgstab:  Solving for Uy, Initial residual = 0.004441480125525952, Final residual = 0.00014012653588520084, No Iterations 3, Solve time = 239.418 ms
Schwarz(Jacobi)+Bicgstab:  Solving for Uz, Initial residual = 0.001124073745976996, Final residual = 4.805316432636406e-05, No Iterations 3, Solve time = 239.418 ms
[mem] after-UEqn: DEVICE_POOL current=19126 MB  actual(reserved)=38146 MB  highWater=24414 MB
[GinkgoSolver] p-cache: reuse(update_matrix_value) solve=50 rebuildInterval=0
config(Cg+Multigrid):  Solving for p, Initial residual = 0.0013106146173541306, Final residual = 1.2495123363205034e-05, No Iterations 15, Solve time = 780.984 ms
time step continuity errors : sum local = 3.122027936465231e-06, global = -8.029246513608234e-08, cumulative = -1.6332679604163187e-06
[mem] after-pEqn: DEVICE_POOL current=19126 MB  actual(reserved)=38146 MB  highWater=24414 MB
[GinkgoSolver] p-cache: reuse(update_matrix_value) solve=50 rebuildInterval=0
Schwarz(Jacobi)+Bicgstab:  Solving for omega, Initial residual = 1.3111481253519964e-05, Final residual = 8.904373940351854e-07, No Iterations 2, Solve time = 86.793 ms
bounding omega, min: -135670.1556393144 max: 45355982.60494636 average: 6370.526990155272
[GinkgoSolver] p-cache: reuse(update_matrix_value) solve=50 rebuildInterval=0
Schwarz(Jacobi)+Bicgstab:  Solving for k, Initial residual = 0.00025147224153419996, Final residual = 1.3664432359391971e-05, No Iterations 2, Solve time = 73.448 ms
bounding k, min: -0.0010575067618839808 max: 870.376782659828 average: 9.130755964921716
[mem] after-turb: DEVICE_POOL current=19126 MB  actual(reserved)=38146 MB  highWater=24414 MB
Writing p
Writing U
Writing turbulence variables
ExecutionTime = 167.56 s  ClockTime = 169 s

Finalizing NeoN
Finalising parallel run
