/*---------------------------------------------------------------------------*\
| =========                 |                                                 |
| \\      /  F ield         | OpenFOAM: The Open Source CFD Toolbox           |
|  \\    /   O peration     | Version:  2506                                  |
|   \\  /    A nd           | Website:  www.openfoam.com                      |
|    \\/     M anipulation  |                                                 |
\*---------------------------------------------------------------------------*/
Build  : b050cd9480-20250814 OPENFOAM=2506 version=v2506
Arch   : "LSB;label=32;scalar=64"
Exec   : /storage/home/greole/code/NeoFOAM/build/profilingnvidia_h200/bin/neoSimpleFoam -parallel
Date   : Jul 17 2026
Time   : 10:59:06
Host   : gpu-nvidia-h200-3.int.coma-cluster.de
PID    : 208911
I/O    : uncollated
Case   : /storage/home/greole/code/NeoFOAM/occDrivAerStaticMesh
nProcs : 4
Hosts  :
(
    (gpu-nvidia-h200-3.int.coma-cluster.de 4)
)
Pstream initialized with:
    node communication : off [type=host] (4 ranks, 1 nodes)
    topology controls  : none
    consensus exchange : 0 (tuning: 0)
    exchange algorithm : 0
    commsType          : nonBlocking
    polling iterations : 0
trapFpe: Floating point exception trapping enabled (FOAM_SIGFPE).
fileModificationChecking : Monitoring run-time modified files using timeStampMaster (fileModificationSkew 5, maxFileModificationPolls 20)
allowSystemOperations : Allowing user-supplied system call operations

// * * * * * * * * * * * * * * * * * * * * * * * * * * * * * * * * * * * * * //
Create time

Initializing NeoN
Creating Executor GPU
Creating NeoFOAM runTime
GPU-aware MPI: library-available=yes, NeoN-flag=on, executor=GPUExecutor, ranks=4 -> used=yes

SIMPLE: no convergence criteria found. Calculations will run for 50 steps.

Reading field p

Reading field U

Reading/calculating face flux field phi

Selecting incompressible transport model Newtonian
NeoFOAM solver config (from fvSolution configFile) for 'config(Cg+Schwarz(Multigrid))':
{
    cacheSolver: true
    configFile: <NeoN::TokenList>
    l1ScaledResidual: true
    preconditionerRebuildInterval: 0
    relTol: 0.010000
    reportName: config(Cg+Schwarz(Multigrid))
    solver: Ginkgo
    tolerance: 0.000000
}
    effective optimize: false
    effective checkFrequency: 1
Mapping OpenFOAM solver settings to NeoN settings.
Currently, it is advisable to specify a configFile
for fine grained Ginkgo solver control

Replacing solver PBiCGStab by solver::Bicgstab
Replacing preconditioner diagonal by preconditioner::Schwarz (Schwarz-wrapped for distributed run)
NeoFOAM solver config (mapped from fvSolution) for 'Schwarz(Jacobi)+Bicgstab':
{
    cacheSolver: true
    criteria: {
        absolute_residual_norm: 0.000000
        initial_residual_norm: 0.100000
        iteration: 1000
    }
    l1ScaledResidual: true
    optimize: true
    preconditioner: {
        local_solver: {
            max_block_size: 1
            type: preconditioner::Jacobi
        }
        type: preconditioner::Schwarz
    }
    reportName: Schwarz(Jacobi)+Bicgstab
    solver: Ginkgo
    type: solver::Bicgstab
}
    effective optimize: true
    effective checkFrequency: 1
Creating phi

[NF][/storage/home/greole/code/NeoFOAM/include/NeoFOAM/auxiliary/readers.hpp::434]: Internal: 49333487, Boundary: 1754396

[NF][/storage/home/greole/code/NeoFOAM/include/NeoFOAM/auxiliary/readers.hpp::434]: Internal: 49320882, Boundary: 1762558

[NF][/storage/home/greole/code/NeoFOAM/include/NeoFOAM/auxiliary/readers.hpp::434]: Internal: 49243125, Boundary: 1362247

[NF][/storage/home/greole/code/NeoFOAM/include/NeoFOAM/auxiliary/readers.hpp::434]: Internal: 49261542, Boundary: 1427829
Selecting patchDistMethod meshWave
Mapping OpenFOAM solver settings to NeoN settings.
Currently, it is advisable to specify a configFile
for fine grained Ginkgo solver control

Replacing solver PBiCGStab by solver::Bicgstab
Replacing preconditioner diagonal by preconditioner::Schwarz (Schwarz-wrapped for distributed run)
NeoFOAM solver config (mapped from fvSolution) for 'Schwarz(Jacobi)+Bicgstab':
{
    cacheSolver: true
    criteria: {
        absolute_residual_norm: 0.000000
        initial_residual_norm: 0.100000
        iteration: 1000
    }
    l1ScaledResidual: true
    optimize: true
    preconditioner: {
        local_solver: {
            max_block_size: 1
            type: preconditioner::Jacobi
        }
        type: preconditioner::Schwarz
    }
    reportName: Schwarz(Jacobi)+Bicgstab
    solver: Ginkgo
    type: solver::Bicgstab
}
    effective optimize: true
    effective checkFrequency: 1
Mapping OpenFOAM solver settings to NeoN settings.
Currently, it is advisable to specify a configFile
for fine grained Ginkgo solver control

Replacing solver PBiCGStab by solver::Bicgstab
Replacing preconditioner diagonal by preconditioner::Schwarz (Schwarz-wrapped for distributed run)
NeoFOAM solver config (mapped from fvSolution) for 'Schwarz(Jacobi)+Bicgstab':
{
    cacheSolver: true
    criteria: {
        absolute_residual_norm: 0.000000
        initial_residual_norm: 0.100000
        iteration: 1000
    }
    l1ScaledResidual: true
    optimize: true
    preconditioner: {
        local_solver: {
            max_block_size: 1
            type: preconditioner::Jacobi
        }
        type: preconditioner::Schwarz
    }
    reportName: Schwarz(Jacobi)+Bicgstab
    solver: Ginkgo
    type: solver::Bicgstab
}
    effective optimize: true
    effective checkFrequency: 1
[mem] setup.end: DEVICE_POOL current=12979 MB  actual(reserved)=38146 MB  highWater=19132 MB
Starting time loop
Time = 1001
[mem] step-start: DEVICE_POOL current=12979 MB  actual(reserved)=38146 MB  highWater=19132 MB
Schwarz(Jacobi)+Bicgstab:  Solving for Ux, Initial residual = 7.915662809815138e-05, Final residual = 3.117930454401481e-06, No Iterations 3, Solve time = 70.852 ms
Schwarz(Jacobi)+Bicgstab:  Solving for Uy, Initial residual = 0.004031496934770699, Final residual = 0.00014160853975440547, No Iterations 3, Solve time = 70.852 ms
Schwarz(Jacobi)+Bicgstab:  Solving for Uz, Initial residual = 0.0011224955775289297, Final residual = 4.897542661413435e-05, No Iterations 3, Solve time = 70.852 ms
[mem] after-UEqn: DEVICE_POOL current=15473 MB  actual(reserved)=38146 MB  highWater=20761 MB
[GinkgoSolver] p-cache: rebuild(generate) solve=1 rebuildInterval=0
config(Cg+Schwarz(Multigrid)):  Solving for p, Initial residual = 0.0013092181241291172, Final residual = 1.2401091568848733e-05, No Iterations 32, Solve time = 600.229 ms
time step continuity errors : sum local = 3.131687822100846e-06, global = 2.853378716716409e-08, cumulative = 2.853378716716409e-08
[mem] after-pEqn: DEVICE_POOL current=16941 MB  actual(reserved)=38146 MB  highWater=20761 MB
[GinkgoSolver] p-cache: rebuild(generate) solve=1 rebuildInterval=0
Schwarz(Jacobi)+Bicgstab:  Solving for omega, Initial residual = 1.3009737005678815e-05, Final residual = 9.26987090774003e-07, No Iterations 2, Solve time = 15.976 ms
bounding omega, min: -36064.15068658135 max: 45355982.77769651 average: 6373.947070401783
[GinkgoSolver] p-cache: rebuild(generate) solve=1 rebuildInterval=0
Schwarz(Jacobi)+Bicgstab:  Solving for k, Initial residual = 0.00024224196389993906, Final residual = 9.44845131912809e-06, No Iterations 3, Solve time = 19.344 ms
bounding k, min: -1.7530445409794916e-05 max: 942.8723040449902 average: 9.152758231495405
[mem] after-turb: DEVICE_POOL current=19126 MB  actual(reserved)=38146 MB  highWater=21935 MB
ExecutionTime = 43.86 s  ClockTime = 44 s

Time = 1002
[mem] step-start: DEVICE_POOL current=19126 MB  actual(reserved)=38146 MB  highWater=21935 MB
Schwarz(Jacobi)+Bicgstab:  Solving for Ux, Initial residual = 7.875773878116026e-05, Final residual = 2.9919938851645447e-06, No Iterations 3, Solve time = 45.877 ms
Schwarz(Jacobi)+Bicgstab:  Solving for Uy, Initial residual = 0.004033691413977379, Final residual = 0.00014048230621198168, No Iterations 3, Solve time = 45.877 ms
Schwarz(Jacobi)+Bicgstab:  Solving for Uz, Initial residual = 0.0011190663804843772, Final residual = 4.116025219551382e-05, No Iterations 3, Solve time = 45.877 ms
[mem] after-UEqn: DEVICE_POOL current=19126 MB  actual(reserved)=38146 MB  highWater=24414 MB
[GinkgoSolver] p-cache: reuse(update_matrix_value) solve=2 rebuildInterval=0
config(Cg+Schwarz(Multigrid)):  Solving for p, Initial residual = 0.0012777268375649701, Final residual = 1.2337228482622606e-05, No Iterations 32, Solve time = 490.899 ms
time step continuity errors : sum local = 3.1175875801244226e-06, global = 2.2879995233166504e-08, cumulative = 5.141378240033059e-08
[mem] after-pEqn: DEVICE_POOL current=19126 MB  actual(reserved)=38146 MB  highWater=24414 MB
[GinkgoSolver] p-cache: reuse(update_matrix_value) solve=2 rebuildInterval=0
Schwarz(Jacobi)+Bicgstab:  Solving for omega, Initial residual = 1.31210238606488e-05, Final residual = 8.756729591382109e-07, No Iterations 2, Solve time = 13.694 ms
bounding omega, min: -95282.04894022891 max: 45355982.85195841 average: 6373.654303123044
[GinkgoSolver] p-cache: reuse(update_matrix_value) solve=2 rebuildInterval=0
Schwarz(Jacobi)+Bicgstab:  Solving for k, Initial residual = 0.00024149242464297486, Final residual = 1.141029045003815e-05, No Iterations 2, Solve time = 13.674 ms
bounding k, min: -0.000291824759852888 max: 934.3222306456744 average: 9.152492169503285
[mem] after-turb: DEVICE_POOL current=19126 MB  actual(reserved)=38146 MB  highWater=24414 MB
ExecutionTime = 44.89 s  ClockTime = 46 s

Time = 1003
[mem] step-start: DEVICE_POOL current=19126 MB  actual(reserved)=38146 MB  highWater=24414 MB
Schwarz(Jacobi)+Bicgstab:  Solving for Ux, Initial residual = 7.858816542018822e-05, Final residual = 2.4112600736140023e-06, No Iterations 3, Solve time = 45.638 ms
Schwarz(Jacobi)+Bicgstab:  Solving for Uy, Initial residual = 0.004030342436865366, Final residual = 0.0001365827664304605, No Iterations 3, Solve time = 45.638 ms
Schwarz(Jacobi)+Bicgstab:  Solving for Uz, Initial residual = 0.001117578885475828, Final residual = 3.909402456297697e-05, No Iterations 3, Solve time = 45.638 ms
[mem] after-UEqn: DEVICE_POOL current=19126 MB  actual(reserved)=38146 MB  highWater=24414 MB
[GinkgoSolver] p-cache: reuse(update_matrix_value) solve=3 rebuildInterval=0
config(Cg+Schwarz(Multigrid)):  Solving for p, Initial residual = 0.0012686589404678262, Final residual = 1.2367513215224498e-05, No Iterations 33, Solve time = 521.917 ms
time step continuity errors : sum local = 3.126214063472829e-06, global = 1.0930058051764441e-08, cumulative = 6.234384045209503e-08
[mem] after-pEqn: DEVICE_POOL current=19126 MB  actual(reserved)=38146 MB  highWater=24414 MB
[GinkgoSolver] p-cache: reuse(update_matrix_value) solve=3 rebuildInterval=0
Schwarz(Jacobi)+Bicgstab:  Solving for omega, Initial residual = 1.297758933868759e-05, Final residual = 8.495162624582513e-07, No Iterations 2, Solve time = 13.635 ms
bounding omega, min: -36274.8170925279 max: 45355982.93573793 average: 6373.5469940509765
[GinkgoSolver] p-cache: reuse(update_matrix_value) solve=3 rebuildInterval=0
Schwarz(Jacobi)+Bicgstab:  Solving for k, Initial residual = 0.00024127482437491318, Final residual = 1.3118298508118506e-05, No Iterations 2, Solve time = 13.66 ms
bounding k, min: -0.0006919273298740623 max: 922.3597877436782 average: 9.152319881432947
[mem] after-turb: DEVICE_POOL current=19126 MB  actual(reserved)=38146 MB  highWater=24414 MB
ExecutionTime = 45.94 s  ClockTime = 47 s

Time = 1004
[mem] step-start: DEVICE_POOL current=19126 MB  actual(reserved)=38146 MB  highWater=24414 MB
Schwarz(Jacobi)+Bicgstab:  Solving for Ux, Initial residual = 7.848071312867851e-05, Final residual = 2.0514082436767458e-06, No Iterations 3, Solve time = 45.734 ms
Schwarz(Jacobi)+Bicgstab:  Solving for Uy, Initial residual = 0.004024987683344436, Final residual = 0.00013299944735644948, No Iterations 3, Solve time = 45.734 ms
Schwarz(Jacobi)+Bicgstab:  Solving for Uz, Initial residual = 0.0011171623778987413, Final residual = 4.1206955200815185e-05, No Iterations 3, Solve time = 45.734 ms
[mem] after-UEqn: DEVICE_POOL current=19126 MB  actual(reserved)=38146 MB  highWater=24414 MB
[GinkgoSolver] p-cache: reuse(update_matrix_value) solve=4 rebuildInterval=0
config(Cg+Schwarz(Multigrid)):  Solving for p, Initial residual = 0.0012666340755929397, Final residual = 1.2300108116883626e-05, No Iterations 23, Solve time = 340.802 ms
time step continuity errors : sum local = 3.1094379795942204e-06, global = -3.946071544984802e-09, cumulative = 5.8397768907110225e-08
[mem] after-pEqn: DEVICE_POOL current=19126 MB  actual(reserved)=38146 MB  highWater=24414 MB
[GinkgoSolver] p-cache: reuse(update_matrix_value) solve=4 rebuildInterval=0
Schwarz(Jacobi)+Bicgstab:  Solving for omega, Initial residual = 1.2867067700593667e-05, Final residual = 8.408735638206596e-07, No Iterations 2, Solve time = 13.527 ms
bounding omega, min: -34641.008724071886 max: 45355983.01676896 average: 6373.626052642878
[GinkgoSolver] p-cache: reuse(update_matrix_value) solve=4 rebuildInterval=0
Schwarz(Jacobi)+Bicgstab:  Solving for k, Initial residual = 0.00024123793839490727, Final residual = 1.3715375778163132e-05, No Iterations 2, Solve time = 13.612 ms
bounding k, min: -0.005391193146091981 max: 907.5123796467071 average: 9.152107741493227
[mem] after-turb: DEVICE_POOL current=19126 MB  actual(reserved)=38146 MB  highWater=24414 MB
ExecutionTime = 46.81 s  ClockTime = 47 s

Time = 1005
[mem] step-start: DEVICE_POOL current=19126 MB  actual(reserved)=38146 MB  highWater=24414 MB
Schwarz(Jacobi)+Bicgstab:  Solving for Ux, Initial residual = 7.835657408534184e-05, Final residual = 3.87711764151713e-06, No Iterations 2, Solve time = 35.798 ms
Schwarz(Jacobi)+Bicgstab:  Solving for Uy, Initial residual = 0.004019422771821241, Final residual = 0.00024959715352299515, No Iterations 2, Solve time = 35.798 ms
Schwarz(Jacobi)+Bicgstab:  Solving for Uz, Initial residual = 0.0011172603118455708, Final residual = 6.372532014227401e-05, No Iterations 2, Solve time = 35.798 ms
[mem] after-UEqn: DEVICE_POOL current=19126 MB  actual(reserved)=38146 MB  highWater=24414 MB
[GinkgoSolver] p-cache: reuse(update_matrix_value) solve=5 rebuildInterval=0
config(Cg+Schwarz(Multigrid)):  Solving for p, Initial residual = 0.0012726227836719253, Final residual = 1.232416068474142e-05, No Iterations 52, Solve time = 776.639 ms
time step continuity errors : sum local = 3.115278840538991e-06, global = -3.8900746792357993e-08, cumulative = 1.949702211475223e-08
[mem] after-pEqn: DEVICE_POOL current=19126 MB  actual(reserved)=38146 MB  highWater=24414 MB
[GinkgoSolver] p-cache: reuse(update_matrix_value) solve=5 rebuildInterval=0
Schwarz(Jacobi)+Bicgstab:  Solving for omega, Initial residual = 1.2851303523683212e-05, Final residual = 8.45888177375006e-07, No Iterations 2, Solve time = 13.659 ms
bounding omega, min: -35189.909571901924 max: 45355983.08296705 average: 6374.02322139126
[GinkgoSolver] p-cache: reuse(update_matrix_value) solve=5 rebuildInterval=0
Schwarz(Jacobi)+Bicgstab:  Solving for k, Initial residual = 0.00024164344157152825, Final residual = 1.3726779208860039e-05, No Iterations 2, Solve time = 13.728 ms
bounding k, min: -0.0023119043070034748 max: 900.1993397121292 average: 9.151939641046956
[mem] after-turb: DEVICE_POOL current=19126 MB  actual(reserved)=38146 MB  highWater=24414 MB
ExecutionTime = 48.11 s  ClockTime = 49 s

Time = 1006
[mem] step-start: DEVICE_POOL current=19126 MB  actual(reserved)=38146 MB  highWater=24414 MB
Schwarz(Jacobi)+Bicgstab:  Solving for Ux, Initial residual = 7.842962130115254e-05, Final residual = 2.461317101626404e-06, No Iterations 3, Solve time = 45.658 ms
Schwarz(Jacobi)+Bicgstab:  Solving for Uy, Initial residual = 0.004011596034095558, Final residual = 0.00015332362391890522, No Iterations 3, Solve time = 45.658 ms
Schwarz(Jacobi)+Bicgstab:  Solving for Uz, Initial residual = 0.0011188840268893069, Final residual = 6.144238251757745e-05, No Iterations 3, Solve time = 45.658 ms
[mem] after-UEqn: DEVICE_POOL current=19126 MB  actual(reserved)=38146 MB  highWater=24414 MB
[GinkgoSolver] p-cache: reuse(update_matrix_value) solve=6 rebuildInterval=0
config(Cg+Schwarz(Multigrid)):  Solving for p, Initial residual = 0.0012710510328072047, Final residual = 1.2299592347371017e-05, No Iterations 26, Solve time = 361.811 ms
time step continuity errors : sum local = 3.107103423947786e-06, global = -4.233490922571843e-08, cumulative = -2.2837887110966196e-08
[mem] after-pEqn: DEVICE_POOL current=19126 MB  actual(reserved)=38146 MB  highWater=24414 MB
[GinkgoSolver] p-cache: reuse(update_matrix_value) solve=6 rebuildInterval=0
Schwarz(Jacobi)+Bicgstab:  Solving for omega, Initial residual = 1.281563540071069e-05, Final residual = 8.410337187190697e-07, No Iterations 2, Solve time = 13.696 ms
bounding omega, min: -121603.65272639005 max: 45355983.125114314 average: 6373.997857840853
[GinkgoSolver] p-cache: reuse(update_matrix_value) solve=6 rebuildInterval=0
Schwarz(Jacobi)+Bicgstab:  Solving for k, Initial residual = 0.00024171188256868548, Final residual = 1.3495254346525934e-05, No Iterations 2, Solve time = 13.637 ms
bounding k, min: -0.002361954285698492 max: 894.3429797117957 average: 9.151729259801884
[mem] after-turb: DEVICE_POOL current=19126 MB  actual(reserved)=38146 MB  highWater=24414 MB
ExecutionTime = 49.01 s  ClockTime = 50 s

Time = 1007
[mem] step-start: DEVICE_POOL current=19126 MB  actual(reserved)=38146 MB  highWater=24414 MB
Schwarz(Jacobi)+Bicgstab:  Solving for Ux, Initial residual = 7.836812452808159e-05, Final residual = 4.253233736010615e-06, No Iterations 2, Solve time = 35.999 ms
Schwarz(Jacobi)+Bicgstab:  Solving for Uy, Initial residual = 0.004009407975992283, Final residual = 0.0005064785767444022, No Iterations 2, Solve time = 35.999 ms
Schwarz(Jacobi)+Bicgstab:  Solving for Uz, Initial residual = 0.0011197741795620827, Final residual = 7.047256583328311e-05, No Iterations 2, Solve time = 35.999 ms
[mem] after-UEqn: DEVICE_POOL current=19126 MB  actual(reserved)=38146 MB  highWater=24414 MB
[GinkgoSolver] p-cache: reuse(update_matrix_value) solve=7 rebuildInterval=0
config(Cg+Schwarz(Multigrid)):  Solving for p, Initial residual = 0.0012848979530934682, Final residual = 1.2656679787529944e-05, No Iterations 59, Solve time = 802.857 ms
time step continuity errors : sum local = 3.1964923863719596e-06, global = -5.569806348655011e-08, cumulative = -7.85359505975163e-08
[mem] after-pEqn: DEVICE_POOL current=19126 MB  actual(reserved)=38146 MB  highWater=24414 MB
[GinkgoSolver] p-cache: reuse(update_matrix_value) solve=7 rebuildInterval=0
Schwarz(Jacobi)+Bicgstab:  Solving for omega, Initial residual = 1.2818499537415325e-05, Final residual = 8.37683499951978e-07, No Iterations 2, Solve time = 13.635 ms
bounding omega, min: -33455.09561571173 max: 45355983.11893069 average: 6374.369082826078
[GinkgoSolver] p-cache: reuse(update_matrix_value) solve=7 rebuildInterval=0
Schwarz(Jacobi)+Bicgstab:  Solving for k, Initial residual = 0.0002422028692572583, Final residual = 1.3417793015661724e-05, No Iterations 2, Solve time = 13.615 ms
bounding k, min: -0.0009459441557556555 max: 892.7695044223129 average: 9.151426406938906
[mem] after-turb: DEVICE_POOL current=19126 MB  actual(reserved)=38146 MB  highWater=24414 MB
ExecutionTime = 50.32 s  ClockTime = 51 s

Time = 1008
[mem] step-start: DEVICE_POOL current=19126 MB  actual(reserved)=38146 MB  highWater=24414 MB
Schwarz(Jacobi)+Bicgstab:  Solving for Ux, Initial residual = 7.855526651515048e-05, Final residual = 4.279428367351619e-06, No Iterations 2, Solve time = 35.62 ms
Schwarz(Jacobi)+Bicgstab:  Solving for Uy, Initial residual = 0.003987614866692851, Final residual = 0.0007358632022804116, No Iterations 2, Solve time = 35.62 ms
Schwarz(Jacobi)+Bicgstab:  Solving for Uz, Initial residual = 0.0011229859020129326, Final residual = 6.411562049795471e-05, No Iterations 2, Solve time = 35.62 ms
[mem] after-UEqn: DEVICE_POOL current=19126 MB  actual(reserved)=38146 MB  highWater=24414 MB
[GinkgoSolver] p-cache: reuse(update_matrix_value) solve=8 rebuildInterval=0
config(Cg+Schwarz(Multigrid)):  Solving for p, Initial residual = 0.0012808549018758536, Final residual = 1.24671895726342e-05, No Iterations 26, Solve time = 352.722 ms
time step continuity errors : sum local = 3.145413180070522e-06, global = -7.448051691549097e-08, cumulative = -1.5301646751300728e-07
[mem] after-pEqn: DEVICE_POOL current=19126 MB  actual(reserved)=38146 MB  highWater=24414 MB
[GinkgoSolver] p-cache: reuse(update_matrix_value) solve=8 rebuildInterval=0
Schwarz(Jacobi)+Bicgstab:  Solving for omega, Initial residual = 1.2787267450971793e-05, Final residual = 8.35541880268215e-07, No Iterations 2, Solve time = 13.609 ms
bounding omega, min: -39090.01810181875 max: 45355983.0580708 average: 6374.250944669207
[GinkgoSolver] p-cache: reuse(update_matrix_value) solve=8 rebuildInterval=0
Schwarz(Jacobi)+Bicgstab:  Solving for k, Initial residual = 0.00024211081714272935, Final residual = 1.3453245484854685e-05, No Iterations 2, Solve time = 13.605 ms
bounding k, min: -0.0008799294475190511 max: 891.4143806882611 average: 9.151235097352666
[mem] after-turb: DEVICE_POOL current=19126 MB  actual(reserved)=38146 MB  highWater=24414 MB
ExecutionTime = 51.2 s  ClockTime = 52 s

Time = 1009
[mem] step-start: DEVICE_POOL current=19126 MB  actual(reserved)=38146 MB  highWater=24414 MB
Schwarz(Jacobi)+Bicgstab:  Solving for Ux, Initial residual = 7.841053841119459e-05, Final residual = 2.6019774875692256e-06, No Iterations 3, Solve time = 45.795 ms
Schwarz(Jacobi)+Bicgstab:  Solving for Uy, Initial residual = 0.004038252090624925, Final residual = 0.00013488294644378775, No Iterations 3, Solve time = 45.795 ms
Schwarz(Jacobi)+Bicgstab:  Solving for Uz, Initial residual = 0.0011166271055737653, Final residual = 0.0001059286712917411, No Iterations 3, Solve time = 45.795 ms
[mem] after-UEqn: DEVICE_POOL current=19126 MB  actual(reserved)=38146 MB  highWater=24414 MB
[GinkgoSolver] p-cache: reuse(update_matrix_value) solve=9 rebuildInterval=0
config(Cg+Schwarz(Multigrid)):  Solving for p, Initial residual = 0.0012898961429770577, Final residual = 1.2898051908391779e-05, No Iterations 62, Solve time = 827.209 ms
time step continuity errors : sum local = 3.252811375505207e-06, global = -5.687229830228875e-08, cumulative = -2.0988876581529603e-07
[mem] after-pEqn: DEVICE_POOL current=19126 MB  actual(reserved)=38146 MB  highWater=24414 MB
[GinkgoSolver] p-cache: reuse(update_matrix_value) solve=9 rebuildInterval=0
Schwarz(Jacobi)+Bicgstab:  Solving for omega, Initial residual = 1.275114506329062e-05, Final residual = 8.343817742709998e-07, No Iterations 2, Solve time = 13.642 ms
bounding omega, min: -37311.43428368433 max: 45355982.918899246 average: 6374.583735319414
[GinkgoSolver] p-cache: reuse(update_matrix_value) solve=9 rebuildInterval=0
Schwarz(Jacobi)+Bicgstab:  Solving for k, Initial residual = 0.0002422076921447945, Final residual = 1.3356151496073606e-05, No Iterations 2, Solve time = 13.605 ms
bounding k, min: -0.0015011554337855948 max: 891.9949143918861 average: 9.15065644991754
[mem] after-turb: DEVICE_POOL current=19126 MB  actual(reserved)=38146 MB  highWater=24414 MB
ExecutionTime = 52.56 s  ClockTime = 53 s

Time = 1010
[mem] step-start: DEVICE_POOL current=19126 MB  actual(reserved)=38146 MB  highWater=24414 MB
Schwarz(Jacobi)+Bicgstab:  Solving for Ux, Initial residual = 7.835495895600823e-05, Final residual = 2.861234629489816e-06, No Iterations 3, Solve time = 45.667 ms
Schwarz(Jacobi)+Bicgstab:  Solving for Uy, Initial residual = 0.0040610820701726755, Final residual = 0.00013570846648928696, No Iterations 3, Solve time = 45.667 ms
Schwarz(Jacobi)+Bicgstab:  Solving for Uz, Initial residual = 0.0011012112244897158, Final residual = 4.517778891349687e-05, No Iterations 3, Solve time = 45.667 ms
[mem] after-UEqn: DEVICE_POOL current=19126 MB  actual(reserved)=38146 MB  highWater=24414 MB
[GinkgoSolver] p-cache: reuse(update_matrix_value) solve=10 rebuildInterval=0
config(Cg+Schwarz(Multigrid)):  Solving for p, Initial residual = 0.0012743814478993192, Final residual = 1.2605829037448206e-05, No Iterations 29, Solve time = 415.209 ms
time step continuity errors : sum local = 3.174793204693242e-06, global = -8.237079735405961e-08, cumulative = -2.9225956316935566e-07
[mem] after-pEqn: DEVICE_POOL current=19126 MB  actual(reserved)=38146 MB  highWater=24414 MB
[GinkgoSolver] p-cache: reuse(update_matrix_value) solve=10 rebuildInterval=0
Schwarz(Jacobi)+Bicgstab:  Solving for omega, Initial residual = 1.2729985966337698e-05, Final residual = 8.334730262013938e-07, No Iterations 2, Solve time = 13.575 ms
bounding omega, min: -189949.9025760354 max: 45355982.71234502 average: 6374.322339944874
[GinkgoSolver] p-cache: reuse(update_matrix_value) solve=10 rebuildInterval=0
Schwarz(Jacobi)+Bicgstab:  Solving for k, Initial residual = 0.00024223924280795755, Final residual = 1.3171202567082021e-05, No Iterations 2, Solve time = 13.636 ms
bounding k, min: -0.0019109203735428876 max: 892.0842277472249 average: 9.150039034428213
[mem] after-turb: DEVICE_POOL current=19126 MB  actual(reserved)=38146 MB  highWater=24414 MB
ExecutionTime = 53.51 s  ClockTime = 54 s

Time = 1011
[mem] step-start: DEVICE_POOL current=19126 MB  actual(reserved)=38146 MB  highWater=24414 MB
Schwarz(Jacobi)+Bicgstab:  Solving for Ux, Initial residual = 7.831272501982863e-05, Final residual = 3.271897934988979e-06, No Iterations 3, Solve time = 45.769 ms
Schwarz(Jacobi)+Bicgstab:  Solving for Uy, Initial residual = 0.004074117557305635, Final residual = 0.00013719384001774205, No Iterations 3, Solve time = 45.769 ms
Schwarz(Jacobi)+Bicgstab:  Solving for Uz, Initial residual = 0.0010951275413411767, Final residual = 4.1109790126970154e-05, No Iterations 3, Solve time = 45.769 ms
[mem] after-UEqn: DEVICE_POOL current=19126 MB  actual(reserved)=38146 MB  highWater=24414 MB
[GinkgoSolver] p-cache: reuse(update_matrix_value) solve=11 rebuildInterval=0
config(Cg+Schwarz(Multigrid)):  Solving for p, Initial residual = 0.0012700836721783247, Final residual = 1.2670500427057175e-05, No Iterations 62, Solve time = 858.551 ms
time step continuity errors : sum local = 3.1894685121745547e-06, global = -6.199308620238661e-08, cumulative = -3.542526493717423e-07
[mem] after-pEqn: DEVICE_POOL current=19126 MB  actual(reserved)=38146 MB  highWater=24414 MB
[GinkgoSolver] p-cache: reuse(update_matrix_value) solve=11 rebuildInterval=0
Schwarz(Jacobi)+Bicgstab:  Solving for omega, Initial residual = 1.2716147242071017e-05, Final residual = 8.29084221751817e-07, No Iterations 2, Solve time = 13.583 ms
bounding omega, min: -37922.82337594927 max: 45355982.649499975 average: 6374.504351146449
[GinkgoSolver] p-cache: reuse(update_matrix_value) solve=11 rebuildInterval=0
Schwarz(Jacobi)+Bicgstab:  Solving for k, Initial residual = 0.00024226275755094535, Final residual = 1.2671150553664976e-05, No Iterations 2, Solve time = 13.522 ms
bounding k, min: -0.0005377767106053317 max: 892.831189818681 average: 9.149343872262193
[mem] after-turb: DEVICE_POOL current=19126 MB  actual(reserved)=38146 MB  highWater=24414 MB
ExecutionTime = 54.9 s  ClockTime = 56 s

Time = 1012
[mem] step-start: DEVICE_POOL current=19126 MB  actual(reserved)=38146 MB  highWater=24414 MB
Schwarz(Jacobi)+Bicgstab:  Solving for Ux, Initial residual = 7.832135632212618e-05, Final residual = 4.235533940588397e-06, No Iterations 2, Solve time = 35.744 ms
Schwarz(Jacobi)+Bicgstab:  Solving for Uy, Initial residual = 0.004076266558974724, Final residual = 0.0005227964549904059, No Iterations 2, Solve time = 35.744 ms
Schwarz(Jacobi)+Bicgstab:  Solving for Uz, Initial residual = 0.0010928064904108083, Final residual = 6.376266307902534e-05, No Iterations 2, Solve time = 35.744 ms
[mem] after-UEqn: DEVICE_POOL current=19126 MB  actual(reserved)=38146 MB  highWater=24414 MB
[GinkgoSolver] p-cache: reuse(update_matrix_value) solve=12 rebuildInterval=0
config(Cg+Schwarz(Multigrid)):  Solving for p, Initial residual = 0.0012884524171557375, Final residual = 1.241201301043395e-05, No Iterations 26, Solve time = 354.661 ms
time step continuity errors : sum local = 3.1199963675226132e-06, global = -6.919691125884786e-08, cumulative = -4.2344956063059013e-07
[mem] after-pEqn: DEVICE_POOL current=19126 MB  actual(reserved)=38146 MB  highWater=24414 MB
[GinkgoSolver] p-cache: reuse(update_matrix_value) solve=12 rebuildInterval=0
Schwarz(Jacobi)+Bicgstab:  Solving for omega, Initial residual = 1.2728493863881045e-05, Final residual = 8.324162220178404e-07, No Iterations 2, Solve time = 13.634 ms
bounding omega, min: -33252.926776826855 max: 45355982.676437095 average: 6374.076097595135
[GinkgoSolver] p-cache: reuse(update_matrix_value) solve=12 rebuildInterval=0
Schwarz(Jacobi)+Bicgstab:  Solving for k, Initial residual = 0.00024259794174261208, Final residual = 1.2378833133287315e-05, No Iterations 2, Solve time = 14.591 ms
bounding k, min: -0.0005273991749333538 max: 892.9999737261759 average: 9.148530907603458
[mem] after-turb: DEVICE_POOL current=19126 MB  actual(reserved)=38146 MB  highWater=24414 MB
ExecutionTime = 55.77 s  ClockTime = 57 s

Time = 1013
[mem] step-start: DEVICE_POOL current=19126 MB  actual(reserved)=38146 MB  highWater=24414 MB
Schwarz(Jacobi)+Bicgstab:  Solving for Ux, Initial residual = 7.856606013945316e-05, Final residual = 2.923114810131057e-06, No Iterations 3, Solve time = 45.567 ms
Schwarz(Jacobi)+Bicgstab:  Solving for Uy, Initial residual = 0.004045165114707035, Final residual = 0.00015339126517672892, No Iterations 3, Solve time = 45.567 ms
Schwarz(Jacobi)+Bicgstab:  Solving for Uz, Initial residual = 0.0010966349329169691, Final residual = 7.004731009832954e-05, No Iterations 3, Solve time = 45.567 ms
[mem] after-UEqn: DEVICE_POOL current=19126 MB  actual(reserved)=38146 MB  highWater=24414 MB
[GinkgoSolver] p-cache: reuse(update_matrix_value) solve=13 rebuildInterval=0
config(Cg+Schwarz(Multigrid)):  Solving for p, Initial residual = 0.0012836946504705398, Final residual = 1.2624031296649766e-05, No Iterations 30, Solve time = 431.781 ms
time step continuity errors : sum local = 3.171843129285699e-06, global = -5.665084008753356e-08, cumulative = -4.801004007181237e-07
[mem] after-pEqn: DEVICE_POOL current=19126 MB  actual(reserved)=38146 MB  highWater=24414 MB
[GinkgoSolver] p-cache: reuse(update_matrix_value) solve=13 rebuildInterval=0
Schwarz(Jacobi)+Bicgstab:  Solving for omega, Initial residual = 1.271562612051783e-05, Final residual = 8.35318715504181e-07, No Iterations 2, Solve time = 13.684 ms
bounding omega, min: -37581.24221784155 max: 45355982.71981146 average: 6373.887203713051
[GinkgoSolver] p-cache: reuse(update_matrix_value) solve=13 rebuildInterval=0
Schwarz(Jacobi)+Bicgstab:  Solving for k, Initial residual = 0.0002424487538494636, Final residual = 1.220114829076464e-05, No Iterations 2, Solve time = 13.646 ms
bounding k, min: -0.0017083885870911378 max: 893.1929844710348 average: 9.147698623895272
[mem] after-turb: DEVICE_POOL current=19126 MB  actual(reserved)=38146 MB  highWater=24414 MB
ExecutionTime = 56.74 s  ClockTime = 57 s

Time = 1014
[mem] step-start: DEVICE_POOL current=19126 MB  actual(reserved)=38146 MB  highWater=24414 MB
Schwarz(Jacobi)+Bicgstab:  Solving for Ux, Initial residual = 7.855670581414872e-05, Final residual = 1.0843800905932832e-06, No Iterations 4, Solve time = 55.577 ms
Schwarz(Jacobi)+Bicgstab:  Solving for Uy, Initial residual = 0.0040317294606055185, Final residual = 8.514337917597982e-05, No Iterations 4, Solve time = 55.577 ms
Schwarz(Jacobi)+Bicgstab:  Solving for Uz, Initial residual = 0.0011016889265759425, Final residual = 2.1999222467395373e-05, No Iterations 4, Solve time = 55.577 ms
[mem] after-UEqn: DEVICE_POOL current=19126 MB  actual(reserved)=38146 MB  highWater=24414 MB
[GinkgoSolver] p-cache: reuse(update_matrix_value) solve=14 rebuildInterval=0
config(Cg+Schwarz(Multigrid)):  Solving for p, Initial residual = 0.001275344780854212, Final residual = 1.270024110832214e-05, No Iterations 54, Solve time = 767.891 ms
time step continuity errors : sum local = 3.1891673139445317e-06, global = -4.974608130635455e-08, cumulative = -5.298464820244782e-07
[mem] after-pEqn: DEVICE_POOL current=19126 MB  actual(reserved)=38146 MB  highWater=24414 MB
[GinkgoSolver] p-cache: reuse(update_matrix_value) solve=14 rebuildInterval=0
Schwarz(Jacobi)+Bicgstab:  Solving for omega, Initial residual = 1.2675878108633027e-05, Final residual = 8.29918367707615e-07, No Iterations 2, Solve time = 13.598 ms
bounding omega, min: -322016.4387262773 max: 45355982.75636015 average: 6373.730697467246
[GinkgoSolver] p-cache: reuse(update_matrix_value) solve=14 rebuildInterval=0
Schwarz(Jacobi)+Bicgstab:  Solving for k, Initial residual = 0.0002421923819929462, Final residual = 1.2077367449812791e-05, No Iterations 2, Solve time = 13.667 ms
bounding k, min: -0.0017413667980498565 max: 892.8066675443753 average: 9.146636146106193
[mem] after-turb: DEVICE_POOL current=19126 MB  actual(reserved)=38146 MB  highWater=24414 MB
ExecutionTime = 58.04 s  ClockTime = 59 s

Time = 1015
[mem] step-start: DEVICE_POOL current=19126 MB  actual(reserved)=38146 MB  highWater=24414 MB
Schwarz(Jacobi)+Bicgstab:  Solving for Ux, Initial residual = 7.840519713223268e-05, Final residual = 3.103052192932918e-06, No Iterations 3, Solve time = 45.787 ms
Schwarz(Jacobi)+Bicgstab:  Solving for Uy, Initial residual = 0.0040261087716247845, Final residual = 0.00013978132690661203, No Iterations 3, Solve time = 45.787 ms
Schwarz(Jacobi)+Bicgstab:  Solving for Uz, Initial residual = 0.0011011791911283882, Final residual = 2.5786420061958887e-05, No Iterations 3, Solve time = 45.787 ms
[mem] after-UEqn: DEVICE_POOL current=19126 MB  actual(reserved)=38146 MB  highWater=24414 MB
[GinkgoSolver] p-cache: reuse(update_matrix_value) solve=15 rebuildInterval=0
config(Cg+Schwarz(Multigrid)):  Solving for p, Initial residual = 0.0012773525894586495, Final residual = 1.2304405228998656e-05, No Iterations 32, Solve time = 439.247 ms
time step continuity errors : sum local = 3.0865870004393603e-06, global = -4.3140191811941424e-08, cumulative = -5.729866738364196e-07
[mem] after-pEqn: DEVICE_POOL current=19126 MB  actual(reserved)=38146 MB  highWater=24414 MB
[GinkgoSolver] p-cache: reuse(update_matrix_value) solve=15 rebuildInterval=0
Schwarz(Jacobi)+Bicgstab:  Solving for omega, Initial residual = 1.2660191786585202e-05, Final residual = 8.247968881935839e-07, No Iterations 2, Solve time = 13.572 ms
bounding omega, min: -51615.26486148754 max: 45355982.770156026 average: 6373.297766431671
[GinkgoSolver] p-cache: reuse(update_matrix_value) solve=15 rebuildInterval=0
Schwarz(Jacobi)+Bicgstab:  Solving for k, Initial residual = 0.00024213627508633875, Final residual = 1.213172059266587e-05, No Iterations 2, Solve time = 13.624 ms
bounding k, min: -0.0019163948897851432 max: 892.3430658695147 average: 9.145542401054051
[mem] after-turb: DEVICE_POOL current=19126 MB  actual(reserved)=38146 MB  highWater=24414 MB
ExecutionTime = 59.01 s  ClockTime = 60 s

Time = 1016
[mem] step-start: DEVICE_POOL current=19126 MB  actual(reserved)=38146 MB  highWater=24414 MB
Schwarz(Jacobi)+Bicgstab:  Solving for Ux, Initial residual = 7.835004292614154e-05, Final residual = 3.1137701621856422e-06, No Iterations 3, Solve time = 45.855 ms
Schwarz(Jacobi)+Bicgstab:  Solving for Uy, Initial residual = 0.004034564355847509, Final residual = 0.0001345502888200516, No Iterations 3, Solve time = 45.855 ms
Schwarz(Jacobi)+Bicgstab:  Solving for Uz, Initial residual = 0.0010979213305065006, Final residual = 3.883258683315528e-05, No Iterations 3, Solve time = 45.855 ms
[mem] after-UEqn: DEVICE_POOL current=19126 MB  actual(reserved)=38146 MB  highWater=24414 MB
[GinkgoSolver] p-cache: reuse(update_matrix_value) solve=16 rebuildInterval=0
config(Cg+Schwarz(Multigrid)):  Solving for p, Initial residual = 0.0012734920645450696, Final residual = 1.2383690098866028e-05, No Iterations 55, Solve time = 754.454 ms
time step continuity errors : sum local = 3.1049625212714506e-06, global = -3.437079768735019e-08, cumulative = -6.073574715237698e-07
[mem] after-pEqn: DEVICE_POOL current=19126 MB  actual(reserved)=38146 MB  highWater=24414 MB
[GinkgoSolver] p-cache: reuse(update_matrix_value) solve=16 rebuildInterval=0
Schwarz(Jacobi)+Bicgstab:  Solving for omega, Initial residual = 1.2657241290051842e-05, Final residual = 8.250880826145285e-07, No Iterations 2, Solve time = 13.585 ms
bounding omega, min: -47763.76324534917 max: 45355982.741203405 average: 6373.183014579408
[GinkgoSolver] p-cache: reuse(update_matrix_value) solve=16 rebuildInterval=0
Schwarz(Jacobi)+Bicgstab:  Solving for k, Initial residual = 0.0002420856776769562, Final residual = 1.2161111539099616e-05, No Iterations 2, Solve time = 13.607 ms
bounding k, min: -0.00205340447760112 max: 891.42140013527 average: 9.144468833546378
[mem] after-turb: DEVICE_POOL current=19126 MB  actual(reserved)=38146 MB  highWater=24414 MB
ExecutionTime = 60.3 s  ClockTime = 61 s

Time = 1017
[mem] step-start: DEVICE_POOL current=19126 MB  actual(reserved)=38146 MB  highWater=24414 MB
Schwarz(Jacobi)+Bicgstab:  Solving for Ux, Initial residual = 7.830659370701288e-05, Final residual = 3.3349908281190077e-06, No Iterations 2, Solve time = 37.553 ms
Schwarz(Jacobi)+Bicgstab:  Solving for Uy, Initial residual = 0.004048286960557732, Final residual = 0.000819434802806293, No Iterations 2, Solve time = 37.553 ms
Schwarz(Jacobi)+Bicgstab:  Solving for Uz, Initial residual = 0.0010951521201765673, Final residual = 7.161679991509824e-05, No Iterations 2, Solve time = 37.553 ms
[mem] after-UEqn: DEVICE_POOL current=19126 MB  actual(reserved)=38146 MB  highWater=24414 MB
[GinkgoSolver] p-cache: reuse(update_matrix_value) solve=17 rebuildInterval=0
config(Cg+Schwarz(Multigrid)):  Solving for p, Initial residual = 0.0012852723425399422, Final residual = 1.2769042989856045e-05, No Iterations 30, Solve time = 402.601 ms
time step continuity errors : sum local = 3.1991755228014344e-06, global = -2.9043610473446823e-08, cumulative = -6.364010819972166e-07
[mem] after-pEqn: DEVICE_POOL current=19126 MB  actual(reserved)=38146 MB  highWater=24414 MB
[GinkgoSolver] p-cache: reuse(update_matrix_value) solve=17 rebuildInterval=0
Schwarz(Jacobi)+Bicgstab:  Solving for omega, Initial residual = 1.267733651141182e-05, Final residual = 8.307777710783462e-07, No Iterations 2, Solve time = 13.58 ms
bounding omega, min: -41113.02164701835 max: 45355982.67660941 average: 6372.498403368183
[GinkgoSolver] p-cache: reuse(update_matrix_value) solve=17 rebuildInterval=0
Schwarz(Jacobi)+Bicgstab:  Solving for k, Initial residual = 0.000242387671270697, Final residual = 1.23515779752041e-05, No Iterations 2, Solve time = 13.562 ms
bounding k, min: -0.004266397572529182 max: 890.3958058422461 average: 9.143221515810678
[mem] after-turb: DEVICE_POOL current=19126 MB  actual(reserved)=38146 MB  highWater=24414 MB
ExecutionTime = 61.23 s  ClockTime = 62 s

Time = 1018
[mem] step-start: DEVICE_POOL current=19126 MB  actual(reserved)=38146 MB  highWater=24414 MB
Schwarz(Jacobi)+Bicgstab:  Solving for Ux, Initial residual = 7.845700970240031e-05, Final residual = 2.5115759393519895e-06, No Iterations 3, Solve time = 45.626 ms
Schwarz(Jacobi)+Bicgstab:  Solving for Uy, Initial residual = 0.004020794214979337, Final residual = 0.0001556408919720862, No Iterations 3, Solve time = 45.626 ms
Schwarz(Jacobi)+Bicgstab:  Solving for Uz, Initial residual = 0.0010985642523222024, Final residual = 5.49798722015265e-05, No Iterations 3, Solve time = 45.626 ms
[mem] after-UEqn: DEVICE_POOL current=19126 MB  actual(reserved)=38146 MB  highWater=24414 MB
[GinkgoSolver] p-cache: reuse(update_matrix_value) solve=18 rebuildInterval=0
config(Cg+Schwarz(Multigrid)):  Solving for p, Initial residual = 0.0012739941391923919, Final residual = 1.2645039915042104e-05, No Iterations 39, Solve time = 547.986 ms
time step continuity errors : sum local = 3.1672190982978227e-06, global = -1.4193261466501333e-08, cumulative = -6.505943434637179e-07
[mem] after-pEqn: DEVICE_POOL current=19126 MB  actual(reserved)=38146 MB  highWater=24414 MB
[GinkgoSolver] p-cache: reuse(update_matrix_value) solve=18 rebuildInterval=0
Schwarz(Jacobi)+Bicgstab:  Solving for omega, Initial residual = 1.2687413812313996e-05, Final residual = 8.295196375021548e-07, No Iterations 2, Solve time = 13.582 ms
bounding omega, min: -340308.6381967516 max: 45355982.612547174 average: 6372.167918095279
[GinkgoSolver] p-cache: reuse(update_matrix_value) solve=18 rebuildInterval=0
Schwarz(Jacobi)+Bicgstab:  Solving for k, Initial residual = 0.0002422957538542573, Final residual = 1.2409952221131971e-05, No Iterations 2, Solve time = 13.57 ms
bounding k, min: -0.0013960034463305349 max: 889.0073147105218 average: 9.142131188142178
[mem] after-turb: DEVICE_POOL current=19126 MB  actual(reserved)=38146 MB  highWater=24414 MB
ExecutionTime = 62.3 s  ClockTime = 63 s

Time = 1019
[mem] step-start: DEVICE_POOL current=19126 MB  actual(reserved)=38146 MB  highWater=24414 MB
Schwarz(Jacobi)+Bicgstab:  Solving for Ux, Initial residual = 7.845924916496824e-05, Final residual = 3.166754078667901e-06, No Iterations 3, Solve time = 45.644 ms
Schwarz(Jacobi)+Bicgstab:  Solving for Uy, Initial residual = 0.004025138091981198, Final residual = 0.0001503677541313177, No Iterations 3, Solve time = 45.644 ms
Schwarz(Jacobi)+Bicgstab:  Solving for Uz, Initial residual = 0.0010964001101755518, Final residual = 4.4696213681808115e-05, No Iterations 3, Solve time = 45.644 ms
[mem] after-UEqn: DEVICE_POOL current=19126 MB  actual(reserved)=38146 MB  highWater=24414 MB
[GinkgoSolver] p-cache: reuse(update_matrix_value) solve=19 rebuildInterval=0
config(Cg+Schwarz(Multigrid)):  Solving for p, Initial residual = 0.0012745249080959185, Final residual = 1.2739979910479209e-05, No Iterations 45, Solve time = 614.471 ms
time step continuity errors : sum local = 3.189983938341038e-06, global = -8.290743126021374e-09, cumulative = -6.588850865897392e-07
[mem] after-pEqn: DEVICE_POOL current=19126 MB  actual(reserved)=38146 MB  highWater=24414 MB
[GinkgoSolver] p-cache: reuse(update_matrix_value) solve=19 rebuildInterval=0
Schwarz(Jacobi)+Bicgstab:  Solving for omega, Initial residual = 1.2689312100216202e-05, Final residual = 8.245490025410306e-07, No Iterations 2, Solve time = 13.651 ms
bounding omega, min: -52500.32402949885 max: 45355982.5750264 average: 6371.896379465466
[GinkgoSolver] p-cache: reuse(update_matrix_value) solve=19 rebuildInterval=0
Schwarz(Jacobi)+Bicgstab:  Solving for k, Initial residual = 0.00024228589348718313, Final residual = 1.2583734963703322e-05, No Iterations 2, Solve time = 13.626 ms
bounding k, min: -0.0017671708138704625 max: 887.4907196345002 average: 9.141150803308452
[mem] after-turb: DEVICE_POOL current=19126 MB  actual(reserved)=38146 MB  highWater=24414 MB
ExecutionTime = 63.45 s  ClockTime = 64 s

Time = 1020
[mem] step-start: DEVICE_POOL current=19126 MB  actual(reserved)=38146 MB  highWater=24414 MB
Schwarz(Jacobi)+Bicgstab:  Solving for Ux, Initial residual = 7.848051154577515e-05, Final residual = 3.0507387060945287e-06, No Iterations 3, Solve time = 45.625 ms
Schwarz(Jacobi)+Bicgstab:  Solving for Uy, Initial residual = 0.0040419405566198986, Final residual = 0.0001443602322588969, No Iterations 3, Solve time = 45.625 ms
Schwarz(Jacobi)+Bicgstab:  Solving for Uz, Initial residual = 0.0010923748205816008, Final residual = 3.776000578102631e-05, No Iterations 3, Solve time = 45.625 ms
[mem] after-UEqn: DEVICE_POOL current=19126 MB  actual(reserved)=38146 MB  highWater=24414 MB
[GinkgoSolver] p-cache: reuse(update_matrix_value) solve=20 rebuildInterval=0
config(Cg+Schwarz(Multigrid)):  Solving for p, Initial residual = 0.00127627156239988, Final residual = 1.2662243453041746e-05, No Iterations 41, Solve time = 557.145 ms
time step continuity errors : sum local = 3.1696735367911174e-06, global = -6.363950763148843e-09, cumulative = -6.652490373528881e-07
[mem] after-pEqn: DEVICE_POOL current=19126 MB  actual(reserved)=38146 MB  highWater=24414 MB
[GinkgoSolver] p-cache: reuse(update_matrix_value) solve=20 rebuildInterval=0
Schwarz(Jacobi)+Bicgstab:  Solving for omega, Initial residual = 1.2680881821278047e-05, Final residual = 8.218158278919544e-07, No Iterations 2, Solve time = 13.654 ms
bounding omega, min: -61144.81521139186 max: 45355982.57167071 average: 6371.475408715887
[GinkgoSolver] p-cache: reuse(update_matrix_value) solve=20 rebuildInterval=0
Schwarz(Jacobi)+Bicgstab:  Solving for k, Initial residual = 0.00024226170243933106, Final residual = 1.2723333125505335e-05, No Iterations 2, Solve time = 13.62 ms
bounding k, min: -0.0012136264983604525 max: 885.9308657097552 average: 9.14022210176483
[mem] after-turb: DEVICE_POOL current=19126 MB  actual(reserved)=38146 MB  highWater=24414 MB
ExecutionTime = 64.53 s  ClockTime = 65 s

Time = 1021
[mem] step-start: DEVICE_POOL current=19126 MB  actual(reserved)=38146 MB  highWater=24414 MB
Schwarz(Jacobi)+Bicgstab:  Solving for Ux, Initial residual = 7.845151073236276e-05, Final residual = 3.0760122673852712e-06, No Iterations 3, Solve time = 45.509 ms
Schwarz(Jacobi)+Bicgstab:  Solving for Uy, Initial residual = 0.004063657307215277, Final residual = 0.0001409542765074128, No Iterations 3, Solve time = 45.509 ms
Schwarz(Jacobi)+Bicgstab:  Solving for Uz, Initial residual = 0.001088037333082697, Final residual = 3.6723923729688213e-05, No Iterations 3, Solve time = 45.509 ms
[mem] after-UEqn: DEVICE_POOL current=19126 MB  actual(reserved)=38146 MB  highWater=24414 MB
[GinkgoSolver] p-cache: reuse(update_matrix_value) solve=21 rebuildInterval=0
config(Cg+Schwarz(Multigrid)):  Solving for p, Initial residual = 0.0012752605767017236, Final residual = 1.247811104202313e-05, No Iterations 50, Solve time = 691.369 ms
time step continuity errors : sum local = 3.1231955140937823e-06, global = -1.949721031237301e-09, cumulative = -6.671987583841254e-07
[mem] after-pEqn: DEVICE_POOL current=19126 MB  actual(reserved)=38146 MB  highWater=24414 MB
[GinkgoSolver] p-cache: reuse(update_matrix_value) solve=21 rebuildInterval=0
Schwarz(Jacobi)+Bicgstab:  Solving for omega, Initial residual = 1.2672511608001042e-05, Final residual = 8.243404959664802e-07, No Iterations 2, Solve time = 13.627 ms
bounding omega, min: -58617.25426851731 max: 45355982.578196526 average: 6371.240048585765
[GinkgoSolver] p-cache: reuse(update_matrix_value) solve=21 rebuildInterval=0
Schwarz(Jacobi)+Bicgstab:  Solving for k, Initial residual = 0.0002422496033435169, Final residual = 1.2372445480169505e-05, No Iterations 2, Solve time = 13.574 ms
bounding k, min: -0.0010775670343170576 max: 884.2531475039921 average: 9.139343232122146
[mem] after-turb: DEVICE_POOL current=19126 MB  actual(reserved)=38146 MB  highWater=24414 MB
ExecutionTime = 65.76000000000001 s  ClockTime = 67 s

Time = 1022
[mem] step-start: DEVICE_POOL current=19126 MB  actual(reserved)=38146 MB  highWater=24414 MB
Schwarz(Jacobi)+Bicgstab:  Solving for Ux, Initial residual = 7.841096596867258e-05, Final residual = 2.9813017714446765e-06, No Iterations 3, Solve time = 45.78 ms
Schwarz(Jacobi)+Bicgstab:  Solving for Uy, Initial residual = 0.004083720592061447, Final residual = 0.00014027278453828984, No Iterations 3, Solve time = 45.78 ms
Schwarz(Jacobi)+Bicgstab:  Solving for Uz, Initial residual = 0.001084773600551625, Final residual = 2.849582872084269e-05, No Iterations 3, Solve time = 45.78 ms
[mem] after-UEqn: DEVICE_POOL current=19126 MB  actual(reserved)=38146 MB  highWater=24414 MB
[GinkgoSolver] p-cache: reuse(update_matrix_value) solve=22 rebuildInterval=0
config(Cg+Schwarz(Multigrid)):  Solving for p, Initial residual = 0.0012731152088116585, Final residual = 1.2472835175842858e-05, No Iterations 30, Solve time = 406.398 ms
time step continuity errors : sum local = 3.1221826175171868e-06, global = -7.92271111460679e-09, cumulative = -6.751214694987322e-07
[mem] after-pEqn: DEVICE_POOL current=19126 MB  actual(reserved)=38146 MB  highWater=24414 MB
[GinkgoSolver] p-cache: reuse(update_matrix_value) solve=22 rebuildInterval=0
Schwarz(Jacobi)+Bicgstab:  Solving for omega, Initial residual = 1.2658182523170892e-05, Final residual = 8.250708592093985e-07, No Iterations 2, Solve time = 13.571 ms
bounding omega, min: -262972.59335480025 max: 45355982.58906905 average: 6370.89213597794
[GinkgoSolver] p-cache: reuse(update_matrix_value) solve=22 rebuildInterval=0
Schwarz(Jacobi)+Bicgstab:  Solving for k, Initial residual = 0.00024219830097761184, Final residual = 1.2650608957967887e-05, No Iterations 2, Solve time = 13.553 ms
bounding k, min: -0.0009553694571944882 max: 882.6819976015953 average: 9.13845801144422
[mem] after-turb: DEVICE_POOL current=19126 MB  actual(reserved)=38146 MB  highWater=24414 MB
ExecutionTime = 66.7 s  ClockTime = 68 s

Time = 1023
[mem] step-start: DEVICE_POOL current=19126 MB  actual(reserved)=38146 MB  highWater=24414 MB
Schwarz(Jacobi)+Bicgstab:  Solving for Ux, Initial residual = 7.837633179639625e-05, Final residual = 3.13815531380478e-06, No Iterations 3, Solve time = 45.667 ms
Schwarz(Jacobi)+Bicgstab:  Solving for Uy, Initial residual = 0.004100100029242233, Final residual = 0.00014100750299077898, No Iterations 3, Solve time = 45.667 ms
Schwarz(Jacobi)+Bicgstab:  Solving for Uz, Initial residual = 0.0010820376884299657, Final residual = 3.5179744052791815e-05, No Iterations 3, Solve time = 45.667 ms
[mem] after-UEqn: DEVICE_POOL current=19126 MB  actual(reserved)=38146 MB  highWater=24414 MB
[GinkgoSolver] p-cache: reuse(update_matrix_value) solve=23 rebuildInterval=0
config(Cg+Schwarz(Multigrid)):  Solving for p, Initial residual = 0.0012697149009440586, Final residual = 1.2667220908171671e-05, No Iterations 44, Solve time = 608.841 ms
time step continuity errors : sum local = 3.170921357298378e-06, global = 6.7514734902841466e-09, cumulative = -6.68369996008448e-07
[mem] after-pEqn: DEVICE_POOL current=19126 MB  actual(reserved)=38146 MB  highWater=24414 MB
[GinkgoSolver] p-cache: reuse(update_matrix_value) solve=23 rebuildInterval=0
Schwarz(Jacobi)+Bicgstab:  Solving for omega, Initial residual = 1.2670223490874462e-05, Final residual = 8.244558381504112e-07, No Iterations 2, Solve time = 13.573 ms
bounding omega, min: -60583.53138204288 max: 45355982.600469775 average: 6370.854418179837
[GinkgoSolver] p-cache: reuse(update_matrix_value) solve=23 rebuildInterval=0
Schwarz(Jacobi)+Bicgstab:  Solving for k, Initial residual = 0.00024219351119139027, Final residual = 1.0643221033582967e-05, No Iterations 2, Solve time = 13.555 ms
bounding k, min: -0.01061884343079636 max: 881.0897946180509 average: 9.137661883212198
[mem] after-turb: DEVICE_POOL current=19126 MB  actual(reserved)=38146 MB  highWater=24414 MB
ExecutionTime = 67.83 s  ClockTime = 69 s

Time = 1024
[mem] step-start: DEVICE_POOL current=19126 MB  actual(reserved)=38146 MB  highWater=24414 MB
Schwarz(Jacobi)+Bicgstab:  Solving for Ux, Initial residual = 7.83941250861371e-05, Final residual = 4.321533549070278e-06, No Iterations 2, Solve time = 35.81 ms
Schwarz(Jacobi)+Bicgstab:  Solving for Uy, Initial residual = 0.004111586067395503, Final residual = 0.000429587489197678, No Iterations 2, Solve time = 35.81 ms
Schwarz(Jacobi)+Bicgstab:  Solving for Uz, Initial residual = 0.0010814521362751818, Final residual = 7.579816190533316e-05, No Iterations 2, Solve time = 35.81 ms
[mem] after-UEqn: DEVICE_POOL current=19126 MB  actual(reserved)=38146 MB  highWater=24414 MB
[GinkgoSolver] p-cache: reuse(update_matrix_value) solve=24 rebuildInterval=0
config(Cg+Schwarz(Multigrid)):  Solving for p, Initial residual = 0.0012783588138569645, Final residual = 1.2590632784934441e-05, No Iterations 34, Solve time = 450.37 ms
time step continuity errors : sum local = 3.1525383207892784e-06, global = 5.6855563126369685e-09, cumulative = -6.626844396958111e-07
[mem] after-pEqn: DEVICE_POOL current=19126 MB  actual(reserved)=38146 MB  highWater=24414 MB
[GinkgoSolver] p-cache: reuse(update_matrix_value) solve=24 rebuildInterval=0
Schwarz(Jacobi)+Bicgstab:  Solving for omega, Initial residual = 1.2664067618389875e-05, Final residual = 8.322594226782603e-07, No Iterations 2, Solve time = 13.584 ms
bounding omega, min: -58645.87733719097 max: 45355982.61337842 average: 6370.537036294146
[GinkgoSolver] p-cache: reuse(update_matrix_value) solve=24 rebuildInterval=0
Schwarz(Jacobi)+Bicgstab:  Solving for k, Initial residual = 0.00024241745208709086, Final residual = 2.1844943894036797e-05, No Iterations 2, Solve time = 13.57 ms
bounding k, min: -0.03349239345690685 max: 879.640767802502 average: 9.136670027741324
[mem] after-turb: DEVICE_POOL current=19126 MB  actual(reserved)=38146 MB  highWater=24414 MB
ExecutionTime = 68.81 s  ClockTime = 70 s

Time = 1025
[mem] step-start: DEVICE_POOL current=19126 MB  actual(reserved)=38146 MB  highWater=24414 MB
Schwarz(Jacobi)+Bicgstab:  Solving for Ux, Initial residual = 7.864323600786978e-05, Final residual = 4.360594376971521e-06, No Iterations 2, Solve time = 35.867 ms
Schwarz(Jacobi)+Bicgstab:  Solving for Uy, Initial residual = 0.004097360561521858, Final residual = 0.0007356656988339392, No Iterations 2, Solve time = 35.867 ms
Schwarz(Jacobi)+Bicgstab:  Solving for Uz, Initial residual = 0.0010871786874231033, Final residual = 7.308574902279815e-05, No Iterations 2, Solve time = 35.867 ms
[mem] after-UEqn: DEVICE_POOL current=19126 MB  actual(reserved)=38146 MB  highWater=24414 MB
[GinkgoSolver] p-cache: reuse(update_matrix_value) solve=25 rebuildInterval=0
config(Cg+Schwarz(Multigrid)):  Solving for p, Initial residual = 0.0012752192687070817, Final residual = 1.2612893880764718e-05, No Iterations 49, Solve time = 655.575 ms
time step continuity errors : sum local = 3.158493925525663e-06, global = -6.04802888297213e-09, cumulative = -6.687324685787832e-07
[mem] after-pEqn: DEVICE_POOL current=19126 MB  actual(reserved)=38146 MB  highWater=24414 MB
[GinkgoSolver] p-cache: reuse(update_matrix_value) solve=25 rebuildInterval=0
Schwarz(Jacobi)+Bicgstab:  Solving for omega, Initial residual = 1.2853714388868135e-05, Final residual = 8.324836531866616e-07, No Iterations 2, Solve time = 13.641 ms
bounding omega, min: -58267.08972266179 max: 45355982.62420822 average: 6370.582731178835
[GinkgoSolver] p-cache: reuse(update_matrix_value) solve=25 rebuildInterval=0
Schwarz(Jacobi)+Bicgstab:  Solving for k, Initial residual = 0.00024312903912874093, Final residual = 7.1701296331742436e-06, No Iterations 3, Solve time = 16.821 ms
bounding k, min: -1.5546964546751987e-08 max: 878.3670204246285 average: 9.136297119699835
[mem] after-turb: DEVICE_POOL current=19126 MB  actual(reserved)=38146 MB  highWater=24414 MB
ExecutionTime = 69.98 s  ClockTime = 71 s

Time = 1026
[mem] step-start: DEVICE_POOL current=19126 MB  actual(reserved)=38146 MB  highWater=24414 MB
Schwarz(Jacobi)+Bicgstab:  Solving for Ux, Initial residual = 7.861236461528669e-05, Final residual = 2.468241878810565e-06, No Iterations 3, Solve time = 45.527 ms
Schwarz(Jacobi)+Bicgstab:  Solving for Uy, Initial residual = 0.004146756341613631, Final residual = 0.00013366442934896708, No Iterations 3, Solve time = 45.527 ms
Schwarz(Jacobi)+Bicgstab:  Solving for Uz, Initial residual = 0.0010867249420069432, Final residual = 4.8967362881008155e-05, No Iterations 3, Solve time = 45.527 ms
[mem] after-UEqn: DEVICE_POOL current=19126 MB  actual(reserved)=38146 MB  highWater=24414 MB
[GinkgoSolver] p-cache: reuse(update_matrix_value) solve=26 rebuildInterval=0
config(Cg+Schwarz(Multigrid)):  Solving for p, Initial residual = 0.001272243233442464, Final residual = 1.2338717090334603e-05, No Iterations 32, Solve time = 397.018 ms
time step continuity errors : sum local = 3.090633437709001e-06, global = -1.4423144470655726e-08, cumulative = -6.831556130494389e-07
[mem] after-pEqn: DEVICE_POOL current=19126 MB  actual(reserved)=38146 MB  highWater=24414 MB
[GinkgoSolver] p-cache: reuse(update_matrix_value) solve=26 rebuildInterval=0
Schwarz(Jacobi)+Bicgstab:  Solving for omega, Initial residual = 1.2603433402700089e-05, Final residual = 8.282951818204075e-07, No Iterations 2, Solve time = 13.653 ms
bounding omega, min: -405219.2041450928 max: 45355982.62946693 average: 6370.444547178838
[GinkgoSolver] p-cache: reuse(update_matrix_value) solve=26 rebuildInterval=0
Schwarz(Jacobi)+Bicgstab:  Solving for k, Initial residual = 0.00024252939896859442, Final residual = 1.2566884974133117e-05, No Iterations 2, Solve time = 13.537 ms
[mem] after-turb: DEVICE_POOL current=19126 MB  actual(reserved)=38146 MB  highWater=24414 MB
ExecutionTime = 70.91 s  ClockTime = 72 s

Time = 1027
[mem] step-start: DEVICE_POOL current=19126 MB  actual(reserved)=38146 MB  highWater=24414 MB
Schwarz(Jacobi)+Bicgstab:  Solving for Ux, Initial residual = 7.862126425470016e-05, Final residual = 2.6646208449632637e-06, No Iterations 3, Solve time = 45.596 ms
Schwarz(Jacobi)+Bicgstab:  Solving for Uy, Initial residual = 0.004158342099231309, Final residual = 0.00013329061390023085, No Iterations 3, Solve time = 45.596 ms
Schwarz(Jacobi)+Bicgstab:  Solving for Uz, Initial residual = 0.001085141248878451, Final residual = 4.2823636489045287e-05, No Iterations 3, Solve time = 45.596 ms
[mem] after-UEqn: DEVICE_POOL current=19126 MB  actual(reserved)=38146 MB  highWater=24414 MB
[GinkgoSolver] p-cache: reuse(update_matrix_value) solve=27 rebuildInterval=0
config(Cg+Schwarz(Multigrid)):  Solving for p, Initial residual = 0.0012714399418332, Final residual = 1.2504935610575764e-05, No Iterations 54, Solve time = 708.161 ms
time step continuity errors : sum local = 3.132381217551223e-06, global = -1.4649903252435174e-08, cumulative = -6.978055163018741e-07
[mem] after-pEqn: DEVICE_POOL current=19126 MB  actual(reserved)=38146 MB  highWater=24414 MB
[GinkgoSolver] p-cache: reuse(update_matrix_value) solve=27 rebuildInterval=0
Schwarz(Jacobi)+Bicgstab:  Solving for omega, Initial residual = 1.2706387964997718e-05, Final residual = 8.264274171099331e-07, No Iterations 2, Solve time = 13.625 ms
bounding omega, min: -57006.17319700318 max: 45355982.63058998 average: 6370.578472869905
[GinkgoSolver] p-cache: reuse(update_matrix_value) solve=27 rebuildInterval=0
Schwarz(Jacobi)+Bicgstab:  Solving for k, Initial residual = 0.0002426619965928644, Final residual = 1.2790312234879314e-05, No Iterations 2, Solve time = 13.542 ms
bounding k, min: -0.005566779963241125 max: 876.122130752112 average: 9.1348633206682
[mem] after-turb: DEVICE_POOL current=19126 MB  actual(reserved)=38146 MB  highWater=24414 MB
ExecutionTime = 72.15000000000001 s  ClockTime = 73 s

Time = 1028
[mem] step-start: DEVICE_POOL current=19126 MB  actual(reserved)=38146 MB  highWater=24414 MB
Schwarz(Jacobi)+Bicgstab:  Solving for Ux, Initial residual = 7.86146541523681e-05, Final residual = 3.6457585332267763e-06, No Iterations 3, Solve time = 45.625 ms
Schwarz(Jacobi)+Bicgstab:  Solving for Uy, Initial residual = 0.004165637747418235, Final residual = 0.0001327989307388014, No Iterations 3, Solve time = 45.625 ms
Schwarz(Jacobi)+Bicgstab:  Solving for Uz, Initial residual = 0.001084706241544363, Final residual = 3.732567210234734e-05, No Iterations 3, Solve time = 45.625 ms
[mem] after-UEqn: DEVICE_POOL current=19126 MB  actual(reserved)=38146 MB  highWater=24414 MB
[GinkgoSolver] p-cache: reuse(update_matrix_value) solve=28 rebuildInterval=0
config(Cg+Schwarz(Multigrid)):  Solving for p, Initial residual = 0.0012748394417594145, Final residual = 1.2672088492578489e-05, No Iterations 30, Solve time = 377.139 ms
time step continuity errors : sum local = 3.174507851065595e-06, global = -3.204608146895656e-08, cumulative = -7.298515977708306e-07
[mem] after-pEqn: DEVICE_POOL current=19126 MB  actual(reserved)=38146 MB  highWater=24414 MB
[GinkgoSolver] p-cache: reuse(update_matrix_value) solve=28 rebuildInterval=0
Schwarz(Jacobi)+Bicgstab:  Solving for omega, Initial residual = 1.2711713459611708e-05, Final residual = 8.253937577869856e-07, No Iterations 2, Solve time = 13.519 ms
bounding omega, min: -55374.24267735904 max: 45355982.63438099 average: 6370.332046706089
[GinkgoSolver] p-cache: reuse(update_matrix_value) solve=28 rebuildInterval=0
Schwarz(Jacobi)+Bicgstab:  Solving for k, Initial residual = 0.00024288835394998374, Final residual = 1.3175344961724311e-05, No Iterations 2, Solve time = 13.565 ms
bounding k, min: -0.004404891543593496 max: 875.2252468527441 average: 9.134156671798282
[mem] after-turb: DEVICE_POOL current=19126 MB  actual(reserved)=38146 MB  highWater=24414 MB
ExecutionTime = 73.05 s  ClockTime = 74 s

Time = 1029
[mem] step-start: DEVICE_POOL current=19126 MB  actual(reserved)=38146 MB  highWater=24414 MB
Schwarz(Jacobi)+Bicgstab:  Solving for Ux, Initial residual = 7.871840480929936e-05, Final residual = 4.436407599408916e-06, No Iterations 2, Solve time = 35.721 ms
Schwarz(Jacobi)+Bicgstab:  Solving for Uy, Initial residual = 0.0041692263718535036, Final residual = 0.000659294407671119, No Iterations 2, Solve time = 35.721 ms
Schwarz(Jacobi)+Bicgstab:  Solving for Uz, Initial residual = 0.0010850224826603587, Final residual = 7.552533562450167e-05, No Iterations 2, Solve time = 35.721 ms
[mem] after-UEqn: DEVICE_POOL current=19126 MB  actual(reserved)=38146 MB  highWater=24414 MB
[GinkgoSolver] p-cache: reuse(update_matrix_value) solve=29 rebuildInterval=0
config(Cg+Schwarz(Multigrid)):  Solving for p, Initial residual = 0.0012971422474208436, Final residual = 1.2884351323000149e-05, No Iterations 52, Solve time = 684.999 ms
time step continuity errors : sum local = 3.2275318414809015e-06, global = -2.3562644652356506e-08, cumulative = -7.534142424231871e-07
[mem] after-pEqn: DEVICE_POOL current=19126 MB  actual(reserved)=38146 MB  highWater=24414 MB
[GinkgoSolver] p-cache: reuse(update_matrix_value) solve=29 rebuildInterval=0
Schwarz(Jacobi)+Bicgstab:  Solving for omega, Initial residual = 1.274954953689965e-05, Final residual = 8.299571264401831e-07, No Iterations 2, Solve time = 13.571 ms
bounding omega, min: -55097.815179055324 max: 45355982.63338996 average: 6370.315158323425
[GinkgoSolver] p-cache: reuse(update_matrix_value) solve=29 rebuildInterval=0
Schwarz(Jacobi)+Bicgstab:  Solving for k, Initial residual = 0.00024350139246286074, Final residual = 1.3565727294259381e-05, No Iterations 2, Solve time = 13.56 ms
bounding k, min: -0.0010726038727722669 max: 874.4693181930462 average: 9.133398656947753
[mem] after-turb: DEVICE_POOL current=19126 MB  actual(reserved)=38146 MB  highWater=24414 MB
ExecutionTime = 74.25 s  ClockTime = 75 s

Time = 1030
[mem] step-start: DEVICE_POOL current=19126 MB  actual(reserved)=38146 MB  highWater=24414 MB
Schwarz(Jacobi)+Bicgstab:  Solving for Ux, Initial residual = 7.904717530490107e-05, Final residual = 3.4484452213097446e-06, No Iterations 3, Solve time = 45.725 ms
Schwarz(Jacobi)+Bicgstab:  Solving for Uy, Initial residual = 0.004137300344289627, Final residual = 0.00015851518360902124, No Iterations 3, Solve time = 45.725 ms
Schwarz(Jacobi)+Bicgstab:  Solving for Uz, Initial residual = 0.0010929576222897057, Final residual = 6.477668244679899e-05, No Iterations 3, Solve time = 45.725 ms
[mem] after-UEqn: DEVICE_POOL current=19126 MB  actual(reserved)=38146 MB  highWater=24414 MB
[GinkgoSolver] p-cache: reuse(update_matrix_value) solve=30 rebuildInterval=0
config(Cg+Schwarz(Multigrid)):  Solving for p, Initial residual = 0.0012851519931268275, Final residual = 1.2482133406435514e-05, No Iterations 30, Solve time = 386.626 ms
time step continuity errors : sum local = 3.125881225290846e-06, global = -4.740787892328315e-08, cumulative = -8.008221213464703e-07
[mem] after-pEqn: DEVICE_POOL current=19126 MB  actual(reserved)=38146 MB  highWater=24414 MB
[GinkgoSolver] p-cache: reuse(update_matrix_value) solve=30 rebuildInterval=0
Schwarz(Jacobi)+Bicgstab:  Solving for omega, Initial residual = 1.276976723436697e-05, Final residual = 8.335550701346896e-07, No Iterations 2, Solve time = 13.638 ms
bounding omega, min: -262165.17766339495 max: 45355982.63713627 average: 6370.12182932149
[GinkgoSolver] p-cache: reuse(update_matrix_value) solve=30 rebuildInterval=0
Schwarz(Jacobi)+Bicgstab:  Solving for k, Initial residual = 0.00024382672992675483, Final residual = 1.3938289970622783e-05, No Iterations 2, Solve time = 13.591 ms
bounding k, min: -0.0014452169882014504 max: 873.8949579769413 average: 9.132729028388532
[mem] after-turb: DEVICE_POOL current=19126 MB  actual(reserved)=38146 MB  highWater=24414 MB
ExecutionTime = 75.17 s  ClockTime = 76 s

Time = 1031
[mem] step-start: DEVICE_POOL current=19126 MB  actual(reserved)=38146 MB  highWater=24414 MB
Schwarz(Jacobi)+Bicgstab:  Solving for Ux, Initial residual = 7.915940353496336e-05, Final residual = 4.435258097345417e-06, No Iterations 2, Solve time = 35.687 ms
Schwarz(Jacobi)+Bicgstab:  Solving for Uy, Initial residual = 0.004133573356744244, Final residual = 0.0007472932218481294, No Iterations 2, Solve time = 35.687 ms
Schwarz(Jacobi)+Bicgstab:  Solving for Uz, Initial residual = 0.0010968888047549637, Final residual = 7.629711895564268e-05, No Iterations 2, Solve time = 35.687 ms
[mem] after-UEqn: DEVICE_POOL current=19126 MB  actual(reserved)=38146 MB  highWater=24414 MB
[GinkgoSolver] p-cache: reuse(update_matrix_value) solve=31 rebuildInterval=0
config(Cg+Schwarz(Multigrid)):  Solving for p, Initial residual = 0.0012879837550698998, Final residual = 1.2559928956552259e-05, No Iterations 33, Solve time = 437.682 ms
time step continuity errors : sum local = 3.1447975177067534e-06, global = -5.193963317767387e-08, cumulative = -8.527617545241442e-07
[mem] after-pEqn: DEVICE_POOL current=19126 MB  actual(reserved)=38146 MB  highWater=24414 MB
[GinkgoSolver] p-cache: reuse(update_matrix_value) solve=31 rebuildInterval=0
Schwarz(Jacobi)+Bicgstab:  Solving for omega, Initial residual = 1.2785634865100754e-05, Final residual = 8.326337982026684e-07, No Iterations 2, Solve time = 13.639 ms
bounding omega, min: -53047.575567243024 max: 45355982.6471317 average: 6370.250012904516
[GinkgoSolver] p-cache: reuse(update_matrix_value) solve=31 rebuildInterval=0
Schwarz(Jacobi)+Bicgstab:  Solving for k, Initial residual = 0.00024407566801797222, Final residual = 1.4208963838010216e-05, No Iterations 2, Solve time = 13.625 ms
bounding k, min: -0.002457811298571793 max: 873.4197271484386 average: 9.132303440271754
[mem] after-turb: DEVICE_POOL current=19126 MB  actual(reserved)=38146 MB  highWater=24414 MB
ExecutionTime = 76.13 s  ClockTime = 77 s

Time = 1032
[mem] step-start: DEVICE_POOL current=19126 MB  actual(reserved)=38146 MB  highWater=24414 MB
Schwarz(Jacobi)+Bicgstab:  Solving for Ux, Initial residual = 7.910120657582696e-05, Final residual = 3.384215120437254e-06, No Iterations 3, Solve time = 45.893 ms
Schwarz(Jacobi)+Bicgstab:  Solving for Uy, Initial residual = 0.00419701912179027, Final residual = 0.00013178598718474374, No Iterations 3, Solve time = 45.893 ms
Schwarz(Jacobi)+Bicgstab:  Solving for Uz, Initial residual = 0.0010958726959365212, Final residual = 4.550503852597525e-05, No Iterations 3, Solve time = 45.893 ms
[mem] after-UEqn: DEVICE_POOL current=19126 MB  actual(reserved)=38146 MB  highWater=24414 MB
[GinkgoSolver] p-cache: reuse(update_matrix_value) solve=32 rebuildInterval=0
config(Cg+Schwarz(Multigrid)):  Solving for p, Initial residual = 0.0012868869370285287, Final residual = 1.2306594325224392e-05, No Iterations 36, Solve time = 467.451 ms
time step continuity errors : sum local = 3.0800346678879766e-06, global = -4.580695204020072e-08, cumulative = -8.985687065643449e-07
[mem] after-pEqn: DEVICE_POOL current=19126 MB  actual(reserved)=38146 MB  highWater=24414 MB
[GinkgoSolver] p-cache: reuse(update_matrix_value) solve=32 rebuildInterval=0
Schwarz(Jacobi)+Bicgstab:  Solving for omega, Initial residual = 1.27807627000335e-05, Final residual = 8.336081421062095e-07, No Iterations 2, Solve time = 13.591 ms
bounding omega, min: -51644.939097326365 max: 45355982.65411609 average: 6370.250691258677
[GinkgoSolver] p-cache: reuse(update_matrix_value) solve=32 rebuildInterval=0
Schwarz(Jacobi)+Bicgstab:  Solving for k, Initial residual = 0.0002445525018722504, Final residual = 1.4334147238856895e-05, No Iterations 2, Solve time = 13.487 ms
bounding k, min: -0.00704514155604959 max: 873.0910091960964 average: 9.131755503658995
[mem] after-turb: DEVICE_POOL current=19126 MB  actual(reserved)=38146 MB  highWater=24414 MB
ExecutionTime = 77.13 s  ClockTime = 78 s

Time = 1033
[mem] step-start: DEVICE_POOL current=19126 MB  actual(reserved)=38146 MB  highWater=24414 MB
Schwarz(Jacobi)+Bicgstab:  Solving for Ux, Initial residual = 7.909932785055203e-05, Final residual = 3.738746112185753e-06, No Iterations 3, Solve time = 45.763 ms
Schwarz(Jacobi)+Bicgstab:  Solving for Uy, Initial residual = 0.004220751039972633, Final residual = 0.00013235968565971756, No Iterations 3, Solve time = 45.763 ms
Schwarz(Jacobi)+Bicgstab:  Solving for Uz, Initial residual = 0.001093375684102703, Final residual = 3.1167268015204636e-05, No Iterations 3, Solve time = 45.763 ms
[mem] after-UEqn: DEVICE_POOL current=19126 MB  actual(reserved)=38146 MB  highWater=24414 MB
[GinkgoSolver] p-cache: reuse(update_matrix_value) solve=33 rebuildInterval=0
config(Cg+Schwarz(Multigrid)):  Solving for p, Initial residual = 0.001286345907013404, Final residual = 1.2480043392930532e-05, No Iterations 37, Solve time = 528.397 ms
time step continuity errors : sum local = 3.121512221352458e-06, global = -3.659543709591414e-08, cumulative = -9.35164143660259e-07
[mem] after-pEqn: DEVICE_POOL current=19126 MB  actual(reserved)=38146 MB  highWater=24414 MB
[GinkgoSolver] p-cache: reuse(update_matrix_value) solve=33 rebuildInterval=0
Schwarz(Jacobi)+Bicgstab:  Solving for omega, Initial residual = 1.2784037093303169e-05, Final residual = 8.39779069146499e-07, No Iterations 2, Solve time = 13.575 ms
bounding omega, min: -51031.69544084426 max: 45355982.65961029 average: 6370.251496495579
[GinkgoSolver] p-cache: reuse(update_matrix_value) solve=33 rebuildInterval=0
Schwarz(Jacobi)+Bicgstab:  Solving for k, Initial residual = 0.0002451364320453645, Final residual = 1.4216269316659093e-05, No Iterations 2, Solve time = 13.565 ms
bounding k, min: -0.0008596638784501964 max: 872.8288948804772 average: 9.131180190744885
[mem] after-turb: DEVICE_POOL current=19126 MB  actual(reserved)=38146 MB  highWater=24414 MB
ExecutionTime = 78.19 s  ClockTime = 79 s

Time = 1034
[mem] step-start: DEVICE_POOL current=19126 MB  actual(reserved)=38146 MB  highWater=24414 MB
Schwarz(Jacobi)+Bicgstab:  Solving for Ux, Initial residual = 7.91651119479927e-05, Final residual = 3.909524322337709e-06, No Iterations 3, Solve time = 45.707 ms
Schwarz(Jacobi)+Bicgstab:  Solving for Uy, Initial residual = 0.004240231467210117, Final residual = 0.000134947446217326, No Iterations 3, Solve time = 45.707 ms
Schwarz(Jacobi)+Bicgstab:  Solving for Uz, Initial residual = 0.001091421962998398, Final residual = 3.950092243238731e-05, No Iterations 3, Solve time = 45.707 ms
[mem] after-UEqn: DEVICE_POOL current=19126 MB  actual(reserved)=38146 MB  highWater=24414 MB
[GinkgoSolver] p-cache: reuse(update_matrix_value) solve=34 rebuildInterval=0
config(Cg+Schwarz(Multigrid)):  Solving for p, Initial residual = 0.0012852939209680445, Final residual = 1.264863504833863e-05, No Iterations 28, Solve time = 390.855 ms
time step continuity errors : sum local = 3.1615920693017066e-06, global = -5.02006501784983e-08, cumulative = -9.853647938387572e-07
[mem] after-pEqn: DEVICE_POOL current=19126 MB  actual(reserved)=38146 MB  highWater=24414 MB
[GinkgoSolver] p-cache: reuse(update_matrix_value) solve=34 rebuildInterval=0
Schwarz(Jacobi)+Bicgstab:  Solving for omega, Initial residual = 1.280077909274124e-05, Final residual = 8.469887729755801e-07, No Iterations 2, Solve time = 13.651 ms
bounding omega, min: -235821.94918006822 max: 45355982.663540535 average: 6370.3638407095605
[GinkgoSolver] p-cache: reuse(update_matrix_value) solve=34 rebuildInterval=0
Schwarz(Jacobi)+Bicgstab:  Solving for k, Initial residual = 0.0002457339915783787, Final residual = 1.3507006091324278e-05, No Iterations 2, Solve time = 13.607 ms
bounding k, min: -9.99163282007059e-05 max: 872.632828428341 average: 9.130634929892896
[mem] after-turb: DEVICE_POOL current=19126 MB  actual(reserved)=38146 MB  highWater=24414 MB
ExecutionTime = 79.11 s  ClockTime = 80 s

Time = 1035
[mem] step-start: DEVICE_POOL current=19126 MB  actual(reserved)=38146 MB  highWater=24414 MB
Schwarz(Jacobi)+Bicgstab:  Solving for Ux, Initial residual = 7.92618728099371e-05, Final residual = 4.070220252484087e-06, No Iterations 3, Solve time = 45.761 ms
Schwarz(Jacobi)+Bicgstab:  Solving for Uy, Initial residual = 0.004252732484310757, Final residual = 0.0001352313685428237, No Iterations 3, Solve time = 45.761 ms
Schwarz(Jacobi)+Bicgstab:  Solving for Uz, Initial residual = 0.001091907050463936, Final residual = 3.4725761569936465e-05, No Iterations 3, Solve time = 45.761 ms
[mem] after-UEqn: DEVICE_POOL current=19126 MB  actual(reserved)=38146 MB  highWater=24414 MB
[GinkgoSolver] p-cache: reuse(update_matrix_value) solve=35 rebuildInterval=0
config(Cg+Schwarz(Multigrid)):  Solving for p, Initial residual = 0.0012860658988445644, Final residual = 1.196649704964031e-05, No Iterations 27, Solve time = 387.553 ms
time step continuity errors : sum local = 2.990459069168911e-06, global = -3.7434074011771184e-08, cumulative = -1.0227988678505284e-06
[mem] after-pEqn: DEVICE_POOL current=19126 MB  actual(reserved)=38146 MB  highWater=24414 MB
[GinkgoSolver] p-cache: reuse(update_matrix_value) solve=35 rebuildInterval=0
Schwarz(Jacobi)+Bicgstab:  Solving for omega, Initial residual = 1.2820416101397508e-05, Final residual = 8.505661722489484e-07, No Iterations 2, Solve time = 13.577 ms
bounding omega, min: -49152.202044546415 max: 45355982.66564545 average: 6370.444049957048
[GinkgoSolver] p-cache: reuse(update_matrix_value) solve=35 rebuildInterval=0
Schwarz(Jacobi)+Bicgstab:  Solving for k, Initial residual = 0.00024628401046306736, Final residual = 1.2977033699364039e-05, No Iterations 2, Solve time = 13.625 ms
bounding k, min: -0.000648602835260745 max: 872.4527410796375 average: 9.13010604631104
[mem] after-turb: DEVICE_POOL current=19126 MB  actual(reserved)=38146 MB  highWater=24414 MB
ExecutionTime = 80.03 s  ClockTime = 81 s

Time = 1036
[mem] step-start: DEVICE_POOL current=19126 MB  actual(reserved)=38146 MB  highWater=24414 MB
Schwarz(Jacobi)+Bicgstab:  Solving for Ux, Initial residual = 7.940224220217204e-05, Final residual = 4.504940051760547e-06, No Iterations 2, Solve time = 35.818 ms
Schwarz(Jacobi)+Bicgstab:  Solving for Uy, Initial residual = 0.004259914783072504, Final residual = 0.00030388640730238725, No Iterations 2, Solve time = 35.818 ms
Schwarz(Jacobi)+Bicgstab:  Solving for Uz, Initial residual = 0.0010935925868656075, Final residual = 7.367619362953578e-05, No Iterations 2, Solve time = 35.818 ms
[mem] after-UEqn: DEVICE_POOL current=19126 MB  actual(reserved)=38146 MB  highWater=24414 MB
[GinkgoSolver] p-cache: reuse(update_matrix_value) solve=36 rebuildInterval=0
config(Cg+Schwarz(Multigrid)):  Solving for p, Initial residual = 0.0012922160328846819, Final residual = 1.2916442604465722e-05, No Iterations 27, Solve time = 379.32 ms
time step continuity errors : sum local = 3.2274364380786365e-06, global = -2.0284034095198095e-08, cumulative = -1.0430829019457266e-06
[mem] after-pEqn: DEVICE_POOL current=19126 MB  actual(reserved)=38146 MB  highWater=24414 MB
[GinkgoSolver] p-cache: reuse(update_matrix_value) solve=36 rebuildInterval=0
Schwarz(Jacobi)+Bicgstab:  Solving for omega, Initial residual = 1.2864181852944562e-05, Final residual = 8.603267022989661e-07, No Iterations 2, Solve time = 13.608 ms
bounding omega, min: -48031.48327295316 max: 45355982.66196926 average: 6370.452925564149
[GinkgoSolver] p-cache: reuse(update_matrix_value) solve=36 rebuildInterval=0
Schwarz(Jacobi)+Bicgstab:  Solving for k, Initial residual = 0.00024698833464534324, Final residual = 1.3312842393388686e-05, No Iterations 2, Solve time = 13.52 ms
bounding k, min: -0.0011716493521381757 max: 872.3156350631409 average: 9.129635560041079
[mem] after-turb: DEVICE_POOL current=19126 MB  actual(reserved)=38146 MB  highWater=24414 MB
ExecutionTime = 80.93000000000001 s  ClockTime = 82 s

Time = 1037
[mem] step-start: DEVICE_POOL current=19126 MB  actual(reserved)=38146 MB  highWater=24414 MB
Schwarz(Jacobi)+Bicgstab:  Solving for Ux, Initial residual = 7.968345347079649e-05, Final residual = 4.8569795117858485e-06, No Iterations 3, Solve time = 45.801 ms
Schwarz(Jacobi)+Bicgstab:  Solving for Uy, Initial residual = 0.0042519857091893026, Final residual = 0.00015208478655584775, No Iterations 3, Solve time = 45.801 ms
Schwarz(Jacobi)+Bicgstab:  Solving for Uz, Initial residual = 0.001100360603081921, Final residual = 5.701336159658643e-05, No Iterations 3, Solve time = 45.801 ms
[mem] after-UEqn: DEVICE_POOL current=19126 MB  actual(reserved)=38146 MB  highWater=24414 MB
[GinkgoSolver] p-cache: reuse(update_matrix_value) solve=37 rebuildInterval=0
config(Cg+Schwarz(Multigrid)):  Solving for p, Initial residual = 0.0012944956984983964, Final residual = 1.2917999496923994e-05, No Iterations 28, Solve time = 370.579 ms
time step continuity errors : sum local = 3.2277676741989016e-06, global = 1.027572392947658e-08, cumulative = -1.03280717801625e-06
[mem] after-pEqn: DEVICE_POOL current=19126 MB  actual(reserved)=38146 MB  highWater=24414 MB
[GinkgoSolver] p-cache: reuse(update_matrix_value) solve=37 rebuildInterval=0
Schwarz(Jacobi)+Bicgstab:  Solving for omega, Initial residual = 1.2916231852066642e-05, Final residual = 8.735702043508268e-07, No Iterations 2, Solve time = 13.614 ms
bounding omega, min: -46127.828445990664 max: 45355982.6569398 average: 6370.529545589338
[GinkgoSolver] p-cache: reuse(update_matrix_value) solve=37 rebuildInterval=0
Schwarz(Jacobi)+Bicgstab:  Solving for k, Initial residual = 0.0002475719439560526, Final residual = 1.3343091099816991e-05, No Iterations 2, Solve time = 13.623 ms
bounding k, min: -0.004229644789667129 max: 872.2459531271846 average: 9.129271239461657
[mem] after-turb: DEVICE_POOL current=19126 MB  actual(reserved)=38146 MB  highWater=24414 MB
ExecutionTime = 81.83 s  ClockTime = 83 s

Time = 1038
[mem] step-start: DEVICE_POOL current=19126 MB  actual(reserved)=38146 MB  highWater=24414 MB
Schwarz(Jacobi)+Bicgstab:  Solving for Ux, Initial residual = 7.993070351525239e-05, Final residual = 5.100330435649675e-06, No Iterations 3, Solve time = 45.68 ms
Schwarz(Jacobi)+Bicgstab:  Solving for Uy, Initial residual = 0.004255554022293543, Final residual = 0.00014230740975358682, No Iterations 3, Solve time = 45.68 ms
Schwarz(Jacobi)+Bicgstab:  Solving for Uz, Initial residual = 0.0011043282233999775, Final residual = 4.809687355765212e-05, No Iterations 3, Solve time = 45.68 ms
[mem] after-UEqn: DEVICE_POOL current=19126 MB  actual(reserved)=38146 MB  highWater=24414 MB
[GinkgoSolver] p-cache: reuse(update_matrix_value) solve=38 rebuildInterval=0
config(Cg+Schwarz(Multigrid)):  Solving for p, Initial residual = 0.001298696383145273, Final residual = 1.2732067404485731e-05, No Iterations 32, Solve time = 474.557 ms
time step continuity errors : sum local = 3.1817201415967225e-06, global = 4.7006875445342887e-08, cumulative = -9.858003025709072e-07
[mem] after-pEqn: DEVICE_POOL current=19126 MB  actual(reserved)=38146 MB  highWater=24414 MB
[GinkgoSolver] p-cache: reuse(update_matrix_value) solve=38 rebuildInterval=0
Schwarz(Jacobi)+Bicgstab:  Solving for omega, Initial residual = 1.2957771497138521e-05, Final residual = 8.844587597280597e-07, No Iterations 2, Solve time = 13.625 ms
bounding omega, min: -328784.4304804287 max: 45355982.65661534 average: 6370.602590844305
[GinkgoSolver] p-cache: reuse(update_matrix_value) solve=38 rebuildInterval=0
Schwarz(Jacobi)+Bicgstab:  Solving for k, Initial residual = 0.00024813787150861327, Final residual = 1.3322198883487037e-05, No Iterations 2, Solve time = 13.588 ms
bounding k, min: -0.004175770789947101 max: 872.253132123917 average: 9.128987570031311
[mem] after-turb: DEVICE_POOL current=19126 MB  actual(reserved)=38146 MB  highWater=24414 MB
ExecutionTime = 82.83 s  ClockTime = 84 s

Time = 1039
[mem] step-start: DEVICE_POOL current=19126 MB  actual(reserved)=38146 MB  highWater=24414 MB
Schwarz(Jacobi)+Bicgstab:  Solving for Ux, Initial residual = 8.015769283735654e-05, Final residual = 4.120134428699651e-06, No Iterations 3, Solve time = 45.71 ms
Schwarz(Jacobi)+Bicgstab:  Solving for Uy, Initial residual = 0.004267464670109754, Final residual = 0.00013755840963277797, No Iterations 3, Solve time = 45.71 ms
Schwarz(Jacobi)+Bicgstab:  Solving for Uz, Initial residual = 0.0011069717700485128, Final residual = 3.699215488445445e-05, No Iterations 3, Solve time = 45.71 ms
[mem] after-UEqn: DEVICE_POOL current=19126 MB  actual(reserved)=38146 MB  highWater=24414 MB
[GinkgoSolver] p-cache: reuse(update_matrix_value) solve=39 rebuildInterval=0
config(Cg+Schwarz(Multigrid)):  Solving for p, Initial residual = 0.001298370761395802, Final residual = 1.2768920942786414e-05, No Iterations 30, Solve time = 420.707 ms
time step continuity errors : sum local = 3.1924697622013534e-06, global = 6.916237188162938e-08, cumulative = -9.166379306892778e-07
[mem] after-pEqn: DEVICE_POOL current=19126 MB  actual(reserved)=38146 MB  highWater=24414 MB
[GinkgoSolver] p-cache: reuse(update_matrix_value) solve=39 rebuildInterval=0
Schwarz(Jacobi)+Bicgstab:  Solving for omega, Initial residual = 1.2982880835544737e-05, Final residual = 8.879061558184069e-07, No Iterations 2, Solve time = 13.556 ms
bounding omega, min: -45899.32439526922 max: 45355982.65129861 average: 6370.734984397608
[GinkgoSolver] p-cache: reuse(update_matrix_value) solve=39 rebuildInterval=0
Schwarz(Jacobi)+Bicgstab:  Solving for k, Initial residual = 0.00024854007376106605, Final residual = 1.3279059627307658e-05, No Iterations 2, Solve time = 13.598 ms
bounding k, min: -0.01464695319168624 max: 872.2718279222518 average: 9.128706460731253
[mem] after-turb: DEVICE_POOL current=19126 MB  actual(reserved)=38146 MB  highWater=24414 MB
ExecutionTime = 83.78 s  ClockTime = 85 s

Time = 1040
[mem] step-start: DEVICE_POOL current=19126 MB  actual(reserved)=38146 MB  highWater=24414 MB
Schwarz(Jacobi)+Bicgstab:  Solving for Ux, Initial residual = 8.024433537355822e-05, Final residual = 1.2497379720933481e-05, No Iterations 3, Solve time = 45.549 ms
Schwarz(Jacobi)+Bicgstab:  Solving for Uy, Initial residual = 0.004284624017740458, Final residual = 0.0001375372739637421, No Iterations 3, Solve time = 45.549 ms
Schwarz(Jacobi)+Bicgstab:  Solving for Uz, Initial residual = 0.0011079049110611766, Final residual = 3.796459370106558e-05, No Iterations 3, Solve time = 45.549 ms
[mem] after-UEqn: DEVICE_POOL current=19126 MB  actual(reserved)=38146 MB  highWater=24414 MB
[GinkgoSolver] p-cache: reuse(update_matrix_value) solve=40 rebuildInterval=0
config(Cg+Schwarz(Multigrid)):  Solving for p, Initial residual = 0.0013359375471575362, Final residual = 1.306559248189745e-05, No Iterations 40, Solve time = 593.936 ms
time step continuity errors : sum local = 3.2686808583523076e-06, global = 1.1614937150240393e-07, cumulative = -8.004885591868739e-07
[mem] after-pEqn: DEVICE_POOL current=19126 MB  actual(reserved)=38146 MB  highWater=24414 MB
[GinkgoSolver] p-cache: reuse(update_matrix_value) solve=40 rebuildInterval=0
Schwarz(Jacobi)+Bicgstab:  Solving for omega, Initial residual = 1.3083430321847146e-05, Final residual = 9.122307626896715e-07, No Iterations 2, Solve time = 13.55 ms
bounding omega, min: -45037.80760524808 max: 45355982.64764807 average: 6371.011781622543
[GinkgoSolver] p-cache: reuse(update_matrix_value) solve=40 rebuildInterval=0
Schwarz(Jacobi)+Bicgstab:  Solving for k, Initial residual = 0.00024963430317679724, Final residual = 1.923281826045169e-05, No Iterations 3, Solve time = 16.917 ms
bounding k, min: -0.0883386166820096 max: 872.2529202592816 average: 9.129371602194038
[mem] after-turb: DEVICE_POOL current=19126 MB  actual(reserved)=38146 MB  highWater=24414 MB
ExecutionTime = 84.91 s  ClockTime = 86 s

Time = 1041
[mem] step-start: DEVICE_POOL current=19126 MB  actual(reserved)=38146 MB  highWater=24414 MB
Schwarz(Jacobi)+Bicgstab:  Solving for Ux, Initial residual = 8.103636404431111e-05, Final residual = 2.386756801102839e-06, No Iterations 3, Solve time = 45.834 ms
Schwarz(Jacobi)+Bicgstab:  Solving for Uy, Initial residual = 0.004305311975663489, Final residual = 0.00013986492054432598, No Iterations 3, Solve time = 45.834 ms
Schwarz(Jacobi)+Bicgstab:  Solving for Uz, Initial residual = 0.001109006781028983, Final residual = 3.797840200300496e-05, No Iterations 3, Solve time = 45.834 ms
[mem] after-UEqn: DEVICE_POOL current=19126 MB  actual(reserved)=38146 MB  highWater=24414 MB
[GinkgoSolver] p-cache: reuse(update_matrix_value) solve=41 rebuildInterval=0
config(Cg+Schwarz(Multigrid)):  Solving for p, Initial residual = 0.001305252557159218, Final residual = 1.2802630548842737e-05, No Iterations 44, Solve time = 678.397 ms
time step continuity errors : sum local = 3.207865427082899e-06, global = 1.2238165460713514e-07, cumulative = -6.781069045797388e-07
[mem] after-pEqn: DEVICE_POOL current=19126 MB  actual(reserved)=38146 MB  highWater=24414 MB
[GinkgoSolver] p-cache: reuse(update_matrix_value) solve=41 rebuildInterval=0
Schwarz(Jacobi)+Bicgstab:  Solving for omega, Initial residual = 1.2924698208610953e-05, Final residual = 9.106306147179176e-07, No Iterations 2, Solve time = 13.629 ms
bounding omega, min: -44840.7417850339 max: 45355982.63619531 average: 6370.9978345858235
[GinkgoSolver] p-cache: reuse(update_matrix_value) solve=41 rebuildInterval=0
Schwarz(Jacobi)+Bicgstab:  Solving for k, Initial residual = 0.00024832604638485754, Final residual = 1.0014838025065084e-05, No Iterations 3, Solve time = 16.881 ms
bounding k, min: -1.8123146639297648e-05 max: 872.2538547753439 average: 9.129226911897009
[mem] after-turb: DEVICE_POOL current=19126 MB  actual(reserved)=38146 MB  highWater=24414 MB
ExecutionTime = 86.12 s  ClockTime = 87 s

Time = 1042
[mem] step-start: DEVICE_POOL current=19126 MB  actual(reserved)=38146 MB  highWater=24414 MB
Schwarz(Jacobi)+Bicgstab:  Solving for Ux, Initial residual = 8.0729890077437e-05, Final residual = 3.36906754590447e-06, No Iterations 3, Solve time = 45.64 ms
Schwarz(Jacobi)+Bicgstab:  Solving for Uy, Initial residual = 0.004325480462485219, Final residual = 0.0001434472089468073, No Iterations 3, Solve time = 45.64 ms
Schwarz(Jacobi)+Bicgstab:  Solving for Uz, Initial residual = 0.0011094999952864684, Final residual = 4.3274313102258495e-05, No Iterations 3, Solve time = 45.64 ms
[mem] after-UEqn: DEVICE_POOL current=19126 MB  actual(reserved)=38146 MB  highWater=24414 MB
[GinkgoSolver] p-cache: reuse(update_matrix_value) solve=42 rebuildInterval=0
config(Cg+Schwarz(Multigrid)):  Solving for p, Initial residual = 0.0012937437657546305, Final residual = 1.2392690584949901e-05, No Iterations 46, Solve time = 723.357 ms
time step continuity errors : sum local = 3.1110386669608503e-06, global = 1.1035077806120736e-07, cumulative = -5.677561265185314e-07
[mem] after-pEqn: DEVICE_POOL current=19126 MB  actual(reserved)=38146 MB  highWater=24414 MB
[GinkgoSolver] p-cache: reuse(update_matrix_value) solve=42 rebuildInterval=0
Schwarz(Jacobi)+Bicgstab:  Solving for omega, Initial residual = 1.3165893412887806e-05, Final residual = 9.12797577983401e-07, No Iterations 2, Solve time = 13.644 ms
bounding omega, min: -228257.94759459418 max: 45355982.62476476 average: 6371.053965011072
[GinkgoSolver] p-cache: reuse(update_matrix_value) solve=42 rebuildInterval=0
Schwarz(Jacobi)+Bicgstab:  Solving for k, Initial residual = 0.0002479641669853008, Final residual = 1.416036750069503e-05, No Iterations 2, Solve time = 13.55 ms
bounding k, min: -0.00015977311139290395 max: 872.1492558126647 average: 9.129101124256406
[mem] after-turb: DEVICE_POOL current=19126 MB  actual(reserved)=38146 MB  highWater=24414 MB
ExecutionTime = 87.37 s  ClockTime = 88 s

Time = 1043
[mem] step-start: DEVICE_POOL current=19126 MB  actual(reserved)=38146 MB  highWater=24414 MB
Schwarz(Jacobi)+Bicgstab:  Solving for Ux, Initial residual = 8.066063336850085e-05, Final residual = 4.476239180758562e-06, No Iterations 2, Solve time = 35.955 ms
Schwarz(Jacobi)+Bicgstab:  Solving for Uy, Initial residual = 0.0043448663081699125, Final residual = 0.00029443871923366953, No Iterations 2, Solve time = 35.955 ms
Schwarz(Jacobi)+Bicgstab:  Solving for Uz, Initial residual = 0.0011106954633191134, Final residual = 7.448969791116789e-05, No Iterations 2, Solve time = 35.955 ms
[mem] after-UEqn: DEVICE_POOL current=19126 MB  actual(reserved)=38146 MB  highWater=24414 MB
[GinkgoSolver] p-cache: reuse(update_matrix_value) solve=43 rebuildInterval=0
config(Cg+Schwarz(Multigrid)):  Solving for p, Initial residual = 0.0012941823744589327, Final residual = 1.2662656631236623e-05, No Iterations 45, Solve time = 691.196 ms
time step continuity errors : sum local = 3.18451315955522e-06, global = 8.955119384955474e-08, cumulative = -4.782049326689767e-07
[mem] after-pEqn: DEVICE_POOL current=19126 MB  actual(reserved)=38146 MB  highWater=24414 MB
[GinkgoSolver] p-cache: reuse(update_matrix_value) solve=43 rebuildInterval=0
Schwarz(Jacobi)+Bicgstab:  Solving for omega, Initial residual = 1.3163662908332666e-05, Final residual = 9.144928664230097e-07, No Iterations 2, Solve time = 13.658 ms
bounding omega, min: -45681.09210432742 max: 45355982.6128445 average: 6371.09998966286
[GinkgoSolver] p-cache: reuse(update_matrix_value) solve=43 rebuildInterval=0
Schwarz(Jacobi)+Bicgstab:  Solving for k, Initial residual = 0.0002486970593098948, Final residual = 1.2836082678634127e-05, No Iterations 2, Solve time = 13.933 ms
bounding k, min: -0.0005559874163411603 max: 872.0385603132405 average: 9.129087547451045
[mem] after-turb: DEVICE_POOL current=19126 MB  actual(reserved)=38146 MB  highWater=24414 MB
ExecutionTime = 88.58 s  ClockTime = 90 s

Time = 1044
[mem] step-start: DEVICE_POOL current=19126 MB  actual(reserved)=38146 MB  highWater=24414 MB
Schwarz(Jacobi)+Bicgstab:  Solving for Ux, Initial residual = 8.078619830203797e-05, Final residual = 4.498417281812305e-06, No Iterations 2, Solve time = 35.727 ms
Schwarz(Jacobi)+Bicgstab:  Solving for Uy, Initial residual = 0.004348470453575346, Final residual = 0.0006565821285345578, No Iterations 2, Solve time = 35.727 ms
Schwarz(Jacobi)+Bicgstab:  Solving for Uz, Initial residual = 0.001115956818497597, Final residual = 7.35807195974506e-05, No Iterations 2, Solve time = 35.727 ms
[mem] after-UEqn: DEVICE_POOL current=19126 MB  actual(reserved)=38146 MB  highWater=24414 MB
[GinkgoSolver] p-cache: reuse(update_matrix_value) solve=44 rebuildInterval=0
config(Cg+Schwarz(Multigrid)):  Solving for p, Initial residual = 0.0012949124626480803, Final residual = 1.2646169563479818e-05, No Iterations 45, Solve time = 665.738 ms
time step continuity errors : sum local = 3.183670355954874e-06, global = 4.121864308529424e-08, cumulative = -4.3698628958368245e-07
[mem] after-pEqn: DEVICE_POOL current=19126 MB  actual(reserved)=38146 MB  highWater=24414 MB
[GinkgoSolver] p-cache: reuse(update_matrix_value) solve=44 rebuildInterval=0
Schwarz(Jacobi)+Bicgstab:  Solving for omega, Initial residual = 1.3162076562185154e-05, Final residual = 9.14075108216131e-07, No Iterations 2, Solve time = 13.679 ms
bounding omega, min: -45864.31798338204 max: 45355982.602577895 average: 6370.9863774178675
[GinkgoSolver] p-cache: reuse(update_matrix_value) solve=44 rebuildInterval=0
Schwarz(Jacobi)+Bicgstab:  Solving for k, Initial residual = 0.0002491141405725948, Final residual = 1.3335696465030298e-05, No Iterations 2, Solve time = 13.598 ms
bounding k, min: -0.0024121610826711923 max: 871.9599453825066 average: 9.129362312087606
[mem] after-turb: DEVICE_POOL current=19126 MB  actual(reserved)=38146 MB  highWater=24414 MB
ExecutionTime = 89.77 s  ClockTime = 91 s

Time = 1045
[mem] step-start: DEVICE_POOL current=19126 MB  actual(reserved)=38146 MB  highWater=24414 MB
Schwarz(Jacobi)+Bicgstab:  Solving for Ux, Initial residual = 8.074677800269127e-05, Final residual = 5.271485024101099e-06, No Iterations 3, Solve time = 45.749 ms
Schwarz(Jacobi)+Bicgstab:  Solving for Uy, Initial residual = 0.004402311766807344, Final residual = 0.0001420354713884833, No Iterations 3, Solve time = 45.749 ms
Schwarz(Jacobi)+Bicgstab:  Solving for Uz, Initial residual = 0.0011175388766252092, Final residual = 4.5092099119916716e-05, No Iterations 3, Solve time = 45.749 ms
[mem] after-UEqn: DEVICE_POOL current=19126 MB  actual(reserved)=38146 MB  highWater=24414 MB
[GinkgoSolver] p-cache: reuse(update_matrix_value) solve=45 rebuildInterval=0
config(Cg+Schwarz(Multigrid)):  Solving for p, Initial residual = 0.001299052752249401, Final residual = 1.291682846428365e-05, No Iterations 44, Solve time = 646.521 ms
time step continuity errors : sum local = 3.2525365304880087e-06, global = 4.5660477785058596e-10, cumulative = -4.3652968480583186e-07
[mem] after-pEqn: DEVICE_POOL current=19126 MB  actual(reserved)=38146 MB  highWater=24414 MB
[GinkgoSolver] p-cache: reuse(update_matrix_value) solve=45 rebuildInterval=0
Schwarz(Jacobi)+Bicgstab:  Solving for omega, Initial residual = 1.3172159318702018e-05, Final residual = 9.161579952448482e-07, No Iterations 2, Solve time = 13.622 ms
bounding omega, min: -46288.83078083508 max: 45355982.59257434 average: 6371.01924369933
[GinkgoSolver] p-cache: reuse(update_matrix_value) solve=45 rebuildInterval=0
Schwarz(Jacobi)+Bicgstab:  Solving for k, Initial residual = 0.00024977253298282323, Final residual = 1.3898916036639324e-05, No Iterations 2, Solve time = 13.55 ms
bounding k, min: -0.004541389326683867 max: 871.7697060151315 average: 9.1296444478584
[mem] after-turb: DEVICE_POOL current=19126 MB  actual(reserved)=38146 MB  highWater=24414 MB
ExecutionTime = 90.94 s  ClockTime = 92 s

Time = 1046
[mem] step-start: DEVICE_POOL current=19126 MB  actual(reserved)=38146 MB  highWater=24414 MB
Schwarz(Jacobi)+Bicgstab:  Solving for Ux, Initial residual = 8.086086143522061e-05, Final residual = 4.388920699448011e-06, No Iterations 3, Solve time = 45.443 ms
Schwarz(Jacobi)+Bicgstab:  Solving for Uy, Initial residual = 0.0044160329397805054, Final residual = 0.00014312280255470886, No Iterations 3, Solve time = 45.443 ms
Schwarz(Jacobi)+Bicgstab:  Solving for Uz, Initial residual = 0.0011178802708906223, Final residual = 3.7131786492620075e-05, No Iterations 3, Solve time = 45.443 ms
[mem] after-UEqn: DEVICE_POOL current=19126 MB  actual(reserved)=38146 MB  highWater=24414 MB
[GinkgoSolver] p-cache: reuse(update_matrix_value) solve=46 rebuildInterval=0
config(Cg+Schwarz(Multigrid)):  Solving for p, Initial residual = 0.0012988225982685055, Final residual = 1.268146717779796e-05, No Iterations 43, Solve time = 681.196 ms
time step continuity errors : sum local = 3.1916025658818443e-06, global = -2.988315109043465e-08, cumulative = -4.664128358962665e-07
[mem] after-pEqn: DEVICE_POOL current=19126 MB  actual(reserved)=38146 MB  highWater=24414 MB
[GinkgoSolver] p-cache: reuse(update_matrix_value) solve=46 rebuildInterval=0
Schwarz(Jacobi)+Bicgstab:  Solving for omega, Initial residual = 1.317937893955938e-05, Final residual = 9.14972847268409e-07, No Iterations 2, Solve time = 13.606 ms
bounding omega, min: -192495.8609102751 max: 45355982.58672868 average: 6371.020371839572
[GinkgoSolver] p-cache: reuse(update_matrix_value) solve=46 rebuildInterval=0
Schwarz(Jacobi)+Bicgstab:  Solving for k, Initial residual = 0.00025031506492336115, Final residual = 1.4498037198631859e-05, No Iterations 2, Solve time = 13.614 ms
bounding k, min: -0.0025437670386143224 max: 871.5720993755991 average: 9.12993623837543
[mem] after-turb: DEVICE_POOL current=19126 MB  actual(reserved)=38146 MB  highWater=24414 MB
ExecutionTime = 92.15000000000001 s  ClockTime = 93 s

Time = 1047
[mem] step-start: DEVICE_POOL current=19126 MB  actual(reserved)=38146 MB  highWater=24414 MB
Schwarz(Jacobi)+Bicgstab:  Solving for Ux, Initial residual = 8.091228128170866e-05, Final residual = 4.764656214759807e-06, No Iterations 3, Solve time = 45.705 ms
Schwarz(Jacobi)+Bicgstab:  Solving for Uy, Initial residual = 0.004424679365466773, Final residual = 0.00014523189636895208, No Iterations 3, Solve time = 45.705 ms
Schwarz(Jacobi)+Bicgstab:  Solving for Uz, Initial residual = 0.0011187516007611228, Final residual = 4.212482521379817e-05, No Iterations 3, Solve time = 45.705 ms
[mem] after-UEqn: DEVICE_POOL current=19126 MB  actual(reserved)=38146 MB  highWater=24414 MB
[GinkgoSolver] p-cache: reuse(update_matrix_value) solve=47 rebuildInterval=0
config(Cg+Schwarz(Multigrid)):  Solving for p, Initial residual = 0.0012989215965609254, Final residual = 1.2839870762471844e-05, No Iterations 22, Solve time = 347.079 ms
time step continuity errors : sum local = 3.227997612661271e-06, global = -6.958017481132249e-08, cumulative = -5.35993010707589e-07
[mem] after-pEqn: DEVICE_POOL current=19126 MB  actual(reserved)=38146 MB  highWater=24414 MB
[GinkgoSolver] p-cache: reuse(update_matrix_value) solve=47 rebuildInterval=0
Schwarz(Jacobi)+Bicgstab:  Solving for omega, Initial residual = 1.3190944740811416e-05, Final residual = 9.116657401343823e-07, No Iterations 2, Solve time = 13.577 ms
bounding omega, min: -47172.2305506839 max: 45355982.585656986 average: 6370.912262940066
[GinkgoSolver] p-cache: reuse(update_matrix_value) solve=47 rebuildInterval=0
Schwarz(Jacobi)+Bicgstab:  Solving for k, Initial residual = 0.0002508641289747866, Final residual = 1.5266769454961592e-05, No Iterations 2, Solve time = 13.533 ms
bounding k, min: -0.0018031007924783626 max: 871.4189137649241 average: 9.13028327786977
[mem] after-turb: DEVICE_POOL current=19126 MB  actual(reserved)=38146 MB  highWater=24414 MB
ExecutionTime = 93.03 s  ClockTime = 94 s

Time = 1048
[mem] step-start: DEVICE_POOL current=19126 MB  actual(reserved)=38146 MB  highWater=24414 MB
Schwarz(Jacobi)+Bicgstab:  Solving for Ux, Initial residual = 8.102427243560506e-05, Final residual = 3.8100229639294246e-06, No Iterations 3, Solve time = 45.738 ms
Schwarz(Jacobi)+Bicgstab:  Solving for Uy, Initial residual = 0.004428024943475472, Final residual = 0.0001470678300903118, No Iterations 3, Solve time = 45.738 ms
Schwarz(Jacobi)+Bicgstab:  Solving for Uz, Initial residual = 0.0011206565328848045, Final residual = 3.490568333891337e-05, No Iterations 3, Solve time = 45.738 ms
[mem] after-UEqn: DEVICE_POOL current=19126 MB  actual(reserved)=38146 MB  highWater=24414 MB
[GinkgoSolver] p-cache: reuse(update_matrix_value) solve=48 rebuildInterval=0
config(Cg+Schwarz(Multigrid)):  Solving for p, Initial residual = 0.0012943443404987828, Final residual = 1.2452622460741637e-05, No Iterations 66, Solve time = 1009.344 ms
time step continuity errors : sum local = 3.1293749087259742e-06, global = -6.868211339833807e-08, cumulative = -6.046751241059271e-07
[mem] after-pEqn: DEVICE_POOL current=19126 MB  actual(reserved)=38146 MB  highWater=24414 MB
[GinkgoSolver] p-cache: reuse(update_matrix_value) solve=48 rebuildInterval=0
Schwarz(Jacobi)+Bicgstab:  Solving for omega, Initial residual = 1.318412577886456e-05, Final residual = 9.040937567057942e-07, No Iterations 2, Solve time = 13.617 ms
bounding omega, min: -47473.921027223914 max: 45355982.58615163 average: 6371.122543600301
[GinkgoSolver] p-cache: reuse(update_matrix_value) solve=48 rebuildInterval=0
Schwarz(Jacobi)+Bicgstab:  Solving for k, Initial residual = 0.0002512917110395132, Final residual = 1.512011941674954e-05, No Iterations 2, Solve time = 13.633 ms
bounding k, min: -0.002586719161562709 max: 871.1573148361947 average: 9.130626493812018
[mem] after-turb: DEVICE_POOL current=19126 MB  actual(reserved)=38146 MB  highWater=24414 MB
ExecutionTime = 94.56999999999999 s  ClockTime = 96 s

Time = 1049
[mem] step-start: DEVICE_POOL current=19126 MB  actual(reserved)=38146 MB  highWater=24414 MB
Schwarz(Jacobi)+Bicgstab:  Solving for Ux, Initial residual = 8.106997898084803e-05, Final residual = 4.7561357744206125e-06, No Iterations 2, Solve time = 35.774 ms
Schwarz(Jacobi)+Bicgstab:  Solving for Uy, Initial residual = 0.004429051569717151, Final residual = 0.0003118913409705741, No Iterations 2, Solve time = 35.774 ms
Schwarz(Jacobi)+Bicgstab:  Solving for Uz, Initial residual = 0.0011221176128599268, Final residual = 7.710842411659588e-05, No Iterations 2, Solve time = 35.774 ms
[mem] after-UEqn: DEVICE_POOL current=19126 MB  actual(reserved)=38146 MB  highWater=24414 MB
[GinkgoSolver] p-cache: reuse(update_matrix_value) solve=49 rebuildInterval=0
config(Cg+Schwarz(Multigrid)):  Solving for p, Initial residual = 0.0013018109812786317, Final residual = 1.2911113602641377e-05, No Iterations 59, Solve time = 898.375 ms
time step continuity errors : sum local = 3.2352381424656157e-06, global = -7.34475328947245e-08, cumulative = -6.781226570006515e-07
[mem] after-pEqn: DEVICE_POOL current=19126 MB  actual(reserved)=38146 MB  highWater=24414 MB
[GinkgoSolver] p-cache: reuse(update_matrix_value) solve=49 rebuildInterval=0
Schwarz(Jacobi)+Bicgstab:  Solving for omega, Initial residual = 1.3197233541913455e-05, Final residual = 9.082599758343751e-07, No Iterations 2, Solve time = 13.651 ms
bounding omega, min: -47650.7069705918 max: 45355982.58774326 average: 6371.080736886092
[GinkgoSolver] p-cache: reuse(update_matrix_value) solve=49 rebuildInterval=0
Schwarz(Jacobi)+Bicgstab:  Solving for k, Initial residual = 0.0002518640908908406, Final residual = 1.4943898438827191e-05, No Iterations 2, Solve time = 13.629 ms
bounding k, min: -0.0045644932892918155 max: 870.9425810001972 average: 9.131044115787903
[mem] after-turb: DEVICE_POOL current=19126 MB  actual(reserved)=38146 MB  highWater=24414 MB
ExecutionTime = 95.98 s  ClockTime = 97 s

Time = 1050
[mem] step-start: DEVICE_POOL current=19126 MB  actual(reserved)=38146 MB  highWater=24414 MB
Schwarz(Jacobi)+Bicgstab:  Solving for Ux, Initial residual = 8.128514816336018e-05, Final residual = 4.797742287668007e-06, No Iterations 2, Solve time = 35.697 ms
Schwarz(Jacobi)+Bicgstab:  Solving for Uy, Initial residual = 0.004416431258312659, Final residual = 0.0006937757370421487, No Iterations 2, Solve time = 35.697 ms
Schwarz(Jacobi)+Bicgstab:  Solving for Uz, Initial residual = 0.001128535294471415, Final residual = 7.797876555410776e-05, No Iterations 2, Solve time = 35.697 ms
[mem] after-UEqn: DEVICE_POOL current=19126 MB  actual(reserved)=38146 MB  highWater=24414 MB
[GinkgoSolver] p-cache: reuse(update_matrix_value) solve=50 rebuildInterval=0
config(Cg+Schwarz(Multigrid)):  Solving for p, Initial residual = 0.0013022780684707118, Final residual = 1.2671624172884036e-05, No Iterations 24, Solve time = 357.839 ms
time step continuity errors : sum local = 3.1668469272278154e-06, global = -1.2035059084129296e-07, cumulative = -7.984732478419445e-07
[mem] after-pEqn: DEVICE_POOL current=19126 MB  actual(reserved)=38146 MB  highWater=24414 MB
[GinkgoSolver] p-cache: reuse(update_matrix_value) solve=50 rebuildInterval=0
Schwarz(Jacobi)+Bicgstab:  Solving for omega, Initial residual = 1.3205227382094058e-05, Final residual = 9.088983368632501e-07, No Iterations 2, Solve time = 13.628 ms
bounding omega, min: -136427.29465509448 max: 45355982.591946594 average: 6370.965981658934
[GinkgoSolver] p-cache: reuse(update_matrix_value) solve=50 rebuildInterval=0
Schwarz(Jacobi)+Bicgstab:  Solving for k, Initial residual = 0.00025207811386257283, Final residual = 1.4981293388786751e-05, No Iterations 2, Solve time = 13.585 ms
bounding k, min: -0.0019010947608855966 max: 870.7125211914405 average: 9.13172718748138
[mem] after-turb: DEVICE_POOL current=19126 MB  actual(reserved)=38146 MB  highWater=24414 MB
Writing p
Writing U
Writing turbulence variables
ExecutionTime = 98.04000000000001 s  ClockTime = 101 s

Finalizing NeoN
Finalising parallel run
