/*---------------------------------------------------------------------------*\
| =========                 |                                                 |
| \\      /  F ield         | OpenFOAM: The Open Source CFD Toolbox           |
|  \\    /   O peration     | Version:  2506                                  |
|   \\  /    A nd           | Website:  www.openfoam.com                      |
|    \\/     M anipulation  |                                                 |
\*---------------------------------------------------------------------------*/
Build  : b050cd9480-20250814 OPENFOAM=2506 version=v2506
Arch   : "LSB;label=32;scalar=64"
Exec   : /storage/home/greole/code/NeoFOAM/build/profilingnvidia_h200/bin/neoSimpleFoam -parallel
Date   : Jul 17 2026
Time   : 11:20:14
Host   : gpu-nvidia-h200-3.int.coma-cluster.de
PID    : 209965
I/O    : uncollated
Case   : /storage/home/greole/code/NeoFOAM/occDrivAerStaticMesh
nProcs : 4
Hosts  :
(
    (gpu-nvidia-h200-3.int.coma-cluster.de 4)
)
Pstream initialized with:
    node communication : off [type=host] (4 ranks, 1 nodes)
    topology controls  : none
    consensus exchange : 0 (tuning: 0)
    exchange algorithm : 0
    commsType          : nonBlocking
    polling iterations : 0
trapFpe: Floating point exception trapping enabled (FOAM_SIGFPE).
fileModificationChecking : Monitoring run-time modified files using timeStampMaster (fileModificationSkew 5, maxFileModificationPolls 20)
allowSystemOperations : Allowing user-supplied system call operations

// * * * * * * * * * * * * * * * * * * * * * * * * * * * * * * * * * * * * * //
Create time

Initializing NeoN
Creating Executor GPU
Creating NeoFOAM runTime
GPU-aware MPI: library-available=yes, NeoN-flag=on, executor=GPUExecutor, ranks=4 -> used=yes

SIMPLE: no convergence criteria found. Calculations will run for 50 steps.

Reading field p

Reading field U

Reading/calculating face flux field phi

Selecting incompressible transport model Newtonian
NeoFOAM solver config (from fvSolution configFile) for 'config(Cg+Schwarz(Multigrid))':
{
    cacheSolver: true
    configFile: <NeoN::TokenList>
    l1ScaledResidual: true
    preconditionerRebuildInterval: 0
    relTol: 0.010000
    reportName: config(Cg+Schwarz(Multigrid))
    solver: Ginkgo
    tolerance: 0.000000
}
    effective optimize: false
    effective checkFrequency: 1
Mapping OpenFOAM solver settings to NeoN settings.
Currently, it is advisable to specify a configFile
for fine grained Ginkgo solver control

Replacing solver PBiCGStab by solver::Bicgstab
Replacing preconditioner diagonal by preconditioner::Schwarz (Schwarz-wrapped for distributed run)
NeoFOAM solver config (mapped from fvSolution) for 'Schwarz(Jacobi)+Bicgstab':
{
    cacheSolver: true
    criteria: {
        absolute_residual_norm: 0.000000
        initial_residual_norm: 0.100000
        iteration: 1000
    }
    l1ScaledResidual: true
    optimize: true
    preconditioner: {
        local_solver: {
            max_block_size: 1
            type: preconditioner::Jacobi
        }
        type: preconditioner::Schwarz
    }
    reportName: Schwarz(Jacobi)+Bicgstab
    solver: Ginkgo
    type: solver::Bicgstab
}
    effective optimize: true
    effective checkFrequency: 1
Creating phi

[NF][/storage/home/greole/code/NeoFOAM/include/NeoFOAM/auxiliary/readers.hpp::434]: Internal: 49333487, Boundary: 1754396

[NF][/storage/home/greole/code/NeoFOAM/include/NeoFOAM/auxiliary/readers.hpp::434]: Internal: 49320882, Boundary: 1762558

[NF][/storage/home/greole/code/NeoFOAM/include/NeoFOAM/auxiliary/readers.hpp::434]: Internal: 49261542, Boundary: 1427829

[NF][/storage/home/greole/code/NeoFOAM/include/NeoFOAM/auxiliary/readers.hpp::434]: Internal: 49243125, Boundary: 1362247
Selecting patchDistMethod meshWave
Mapping OpenFOAM solver settings to NeoN settings.
Currently, it is advisable to specify a configFile
for fine grained Ginkgo solver control

Replacing solver PBiCGStab by solver::Bicgstab
Replacing preconditioner diagonal by preconditioner::Schwarz (Schwarz-wrapped for distributed run)
NeoFOAM solver config (mapped from fvSolution) for 'Schwarz(Jacobi)+Bicgstab':
{
    cacheSolver: true
    criteria: {
        absolute_residual_norm: 0.000000
        initial_residual_norm: 0.100000
        iteration: 1000
    }
    l1ScaledResidual: true
    optimize: true
    preconditioner: {
        local_solver: {
            max_block_size: 1
            type: preconditioner::Jacobi
        }
        type: preconditioner::Schwarz
    }
    reportName: Schwarz(Jacobi)+Bicgstab
    solver: Ginkgo
    type: solver::Bicgstab
}
    effective optimize: true
    effective checkFrequency: 1
Mapping OpenFOAM solver settings to NeoN settings.
Currently, it is advisable to specify a configFile
for fine grained Ginkgo solver control

Replacing solver PBiCGStab by solver::Bicgstab
Replacing preconditioner diagonal by preconditioner::Schwarz (Schwarz-wrapped for distributed run)
NeoFOAM solver config (mapped from fvSolution) for 'Schwarz(Jacobi)+Bicgstab':
{
    cacheSolver: true
    criteria: {
        absolute_residual_norm: 0.000000
        initial_residual_norm: 0.100000
        iteration: 1000
    }
    l1ScaledResidual: true
    optimize: true
    preconditioner: {
        local_solver: {
            max_block_size: 1
            type: preconditioner::Jacobi
        }
        type: preconditioner::Schwarz
    }
    reportName: Schwarz(Jacobi)+Bicgstab
    solver: Ginkgo
    type: solver::Bicgstab
}
    effective optimize: true
    effective checkFrequency: 1
[mem] setup.end: DEVICE_POOL current=12979 MB  actual(reserved)=38146 MB  highWater=19132 MB
Starting time loop
Time = 1001
[mem] step-start: DEVICE_POOL current=12979 MB  actual(reserved)=38146 MB  highWater=19132 MB
Schwarz(Jacobi)+Bicgstab:  Solving for Ux, Initial residual = 7.915662809814936e-05, Final residual = 3.1179304544012814e-06, No Iterations 3, Solve time = 70.338 ms
Schwarz(Jacobi)+Bicgstab:  Solving for Uy, Initial residual = 0.004031496934770699, Final residual = 0.00014160853975440547, No Iterations 3, Solve time = 70.338 ms
Schwarz(Jacobi)+Bicgstab:  Solving for Uz, Initial residual = 0.0011224955775289299, Final residual = 4.897542661413959e-05, No Iterations 3, Solve time = 70.338 ms
[mem] after-UEqn: DEVICE_POOL current=15473 MB  actual(reserved)=38146 MB  highWater=20761 MB
[GinkgoSolver] p-cache: rebuild(generate) solve=1 rebuildInterval=0
config(Cg+Schwarz(Multigrid)):  Solving for p, Initial residual = 0.0013092181241290805, Final residual = 1.1427424840742997e-05, No Iterations 28, Solve time = 389.623 ms
time step continuity errors : sum local = 2.885804609451327e-06, global = 3.17271624507069e-08, cumulative = 3.17271624507069e-08
[mem] after-pEqn: DEVICE_POOL current=16941 MB  actual(reserved)=38146 MB  highWater=20761 MB
[GinkgoSolver] p-cache: rebuild(generate) solve=1 rebuildInterval=0
Schwarz(Jacobi)+Bicgstab:  Solving for omega, Initial residual = 1.3008507353506825e-05, Final residual = 9.269386016791516e-07, No Iterations 2, Solve time = 16.204 ms
bounding omega, min: -36008.62010800997 max: 45355982.77769652 average: 6373.8645462505565
[GinkgoSolver] p-cache: rebuild(generate) solve=1 rebuildInterval=0
Schwarz(Jacobi)+Bicgstab:  Solving for k, Initial residual = 0.00024224147352179263, Final residual = 9.448906380390913e-06, No Iterations 3, Solve time = 19.24 ms
bounding k, min: -2.3875257624076753e-05 max: 942.8716632249007 average: 9.152758691441633
[mem] after-turb: DEVICE_POOL current=19126 MB  actual(reserved)=38146 MB  highWater=21935 MB
ExecutionTime = 43.79 s  ClockTime = 44 s

Time = 1002
[mem] step-start: DEVICE_POOL current=19126 MB  actual(reserved)=38146 MB  highWater=21935 MB
Schwarz(Jacobi)+Bicgstab:  Solving for Ux, Initial residual = 7.876015241734055e-05, Final residual = 2.992566718985253e-06, No Iterations 3, Solve time = 45.713 ms
Schwarz(Jacobi)+Bicgstab:  Solving for Uy, Initial residual = 0.004033963960140554, Final residual = 0.00014052003259647548, No Iterations 3, Solve time = 45.713 ms
Schwarz(Jacobi)+Bicgstab:  Solving for Uz, Initial residual = 0.0011190638523745965, Final residual = 4.119392542372916e-05, No Iterations 3, Solve time = 45.713 ms
[mem] after-UEqn: DEVICE_POOL current=19126 MB  actual(reserved)=38146 MB  highWater=24414 MB
[GinkgoSolver] p-cache: reuse(update_matrix_value) solve=2 rebuildInterval=0
config(Cg+Schwarz(Multigrid)):  Solving for p, Initial residual = 0.0012788591875013005, Final residual = 1.0875103479682351e-05, No Iterations 31, Solve time = 341.107 ms
time step continuity errors : sum local = 2.7485306854179585e-06, global = 7.040966127821153e-09, cumulative = 3.876812857852806e-08
[mem] after-pEqn: DEVICE_POOL current=19126 MB  actual(reserved)=38146 MB  highWater=24414 MB
[GinkgoSolver] p-cache: reuse(update_matrix_value) solve=2 rebuildInterval=0
Schwarz(Jacobi)+Bicgstab:  Solving for omega, Initial residual = 1.3120046034460028e-05, Final residual = 8.756454070451857e-07, No Iterations 2, Solve time = 13.691 ms
bounding omega, min: -94512.52734109209 max: 45355982.852346495 average: 6373.584077001098
[GinkgoSolver] p-cache: reuse(update_matrix_value) solve=2 rebuildInterval=0
Schwarz(Jacobi)+Bicgstab:  Solving for k, Initial residual = 0.00024149214436714345, Final residual = 1.1411296702154903e-05, No Iterations 2, Solve time = 13.61 ms
bounding k, min: -0.0002953796388993834 max: 934.4444935878213 average: 9.152492987377972
[mem] after-turb: DEVICE_POOL current=19126 MB  actual(reserved)=38146 MB  highWater=24414 MB
ExecutionTime = 44.67 s  ClockTime = 45 s

Time = 1003
[mem] step-start: DEVICE_POOL current=19126 MB  actual(reserved)=38146 MB  highWater=24414 MB
Schwarz(Jacobi)+Bicgstab:  Solving for Ux, Initial residual = 7.858836852462768e-05, Final residual = 2.4128144707527647e-06, No Iterations 3, Solve time = 45.719 ms
Schwarz(Jacobi)+Bicgstab:  Solving for Uy, Initial residual = 0.0040309453230207536, Final residual = 0.00013663469277155706, No Iterations 3, Solve time = 45.719 ms
Schwarz(Jacobi)+Bicgstab:  Solving for Uz, Initial residual = 0.0011176296997883542, Final residual = 3.9085503091427285e-05, No Iterations 3, Solve time = 45.719 ms
[mem] after-UEqn: DEVICE_POOL current=19126 MB  actual(reserved)=38146 MB  highWater=24414 MB
[GinkgoSolver] p-cache: reuse(update_matrix_value) solve=3 rebuildInterval=0
config(Cg+Schwarz(Multigrid)):  Solving for p, Initial residual = 0.0012690314194696143, Final residual = 1.1832882721244293e-05, No Iterations 31, Solve time = 337.403 ms
time step continuity errors : sum local = 2.9910867638062957e-06, global = 6.074397837171828e-10, cumulative = 3.937556836224524e-08
[mem] after-pEqn: DEVICE_POOL current=19126 MB  actual(reserved)=38146 MB  highWater=24414 MB
[GinkgoSolver] p-cache: reuse(update_matrix_value) solve=3 rebuildInterval=0
Schwarz(Jacobi)+Bicgstab:  Solving for omega, Initial residual = 1.2976406235757321e-05, Final residual = 8.494678705827657e-07, No Iterations 2, Solve time = 13.576 ms
bounding omega, min: -36316.50062960131 max: 45355982.94091216 average: 6373.456299984563
[GinkgoSolver] p-cache: reuse(update_matrix_value) solve=3 rebuildInterval=0
Schwarz(Jacobi)+Bicgstab:  Solving for k, Initial residual = 0.00024127502450090567, Final residual = 1.3115026379573617e-05, No Iterations 2, Solve time = 13.565 ms
bounding k, min: -0.0006913209816380699 max: 922.4102104167098 average: 9.15232001064068
[mem] after-turb: DEVICE_POOL current=19126 MB  actual(reserved)=38146 MB  highWater=24414 MB
ExecutionTime = 45.55 s  ClockTime = 45 s

Time = 1004
[mem] step-start: DEVICE_POOL current=19126 MB  actual(reserved)=38146 MB  highWater=24414 MB
Schwarz(Jacobi)+Bicgstab:  Solving for Ux, Initial residual = 7.847735719653507e-05, Final residual = 2.0514562383401448e-06, No Iterations 3, Solve time = 45.662 ms
Schwarz(Jacobi)+Bicgstab:  Solving for Uy, Initial residual = 0.004025722571734572, Final residual = 0.00013306634186572897, No Iterations 3, Solve time = 45.662 ms
Schwarz(Jacobi)+Bicgstab:  Solving for Uz, Initial residual = 0.0011172688910082587, Final residual = 4.121162974315668e-05, No Iterations 3, Solve time = 45.662 ms
[mem] after-UEqn: DEVICE_POOL current=19126 MB  actual(reserved)=38146 MB  highWater=24414 MB
[GinkgoSolver] p-cache: reuse(update_matrix_value) solve=4 rebuildInterval=0
config(Cg+Schwarz(Multigrid)):  Solving for p, Initial residual = 0.0012678662441108143, Final residual = 1.178080152233759e-05, No Iterations 21, Solve time = 234.557 ms
time step continuity errors : sum local = 2.97717894319967e-06, global = -1.2608948622727314e-08, cumulative = 2.676661973951793e-08
[mem] after-pEqn: DEVICE_POOL current=19126 MB  actual(reserved)=38146 MB  highWater=24414 MB
[GinkgoSolver] p-cache: reuse(update_matrix_value) solve=4 rebuildInterval=0
Schwarz(Jacobi)+Bicgstab:  Solving for omega, Initial residual = 1.286513117106032e-05, Final residual = 8.407487517617256e-07, No Iterations 2, Solve time = 13.654 ms
bounding omega, min: -34545.740857175064 max: 45355983.02745346 average: 6373.599968319435
[GinkgoSolver] p-cache: reuse(update_matrix_value) solve=4 rebuildInterval=0
Schwarz(Jacobi)+Bicgstab:  Solving for k, Initial residual = 0.00024123860997776303, Final residual = 1.3713075470642259e-05, No Iterations 2, Solve time = 13.641 ms
bounding k, min: -0.005384459152053683 max: 907.5156198138154 average: 9.152105490116366
[mem] after-turb: DEVICE_POOL current=19126 MB  actual(reserved)=38146 MB  highWater=24414 MB
ExecutionTime = 46.34 s  ClockTime = 46 s

Time = 1005
[mem] step-start: DEVICE_POOL current=19126 MB  actual(reserved)=38146 MB  highWater=24414 MB
Schwarz(Jacobi)+Bicgstab:  Solving for Ux, Initial residual = 7.836280507961963e-05, Final residual = 3.8765285193465625e-06, No Iterations 2, Solve time = 35.871 ms
Schwarz(Jacobi)+Bicgstab:  Solving for Uy, Initial residual = 0.00401993839470304, Final residual = 0.0002504315106233243, No Iterations 2, Solve time = 35.871 ms
Schwarz(Jacobi)+Bicgstab:  Solving for Uz, Initial residual = 0.0011174485165198974, Final residual = 6.370281017796119e-05, No Iterations 2, Solve time = 35.871 ms
[mem] after-UEqn: DEVICE_POOL current=19126 MB  actual(reserved)=38146 MB  highWater=24414 MB
[GinkgoSolver] p-cache: reuse(update_matrix_value) solve=5 rebuildInterval=0
config(Cg+Schwarz(Multigrid)):  Solving for p, Initial residual = 0.001273650756225674, Final residual = 1.2207760896294018e-05, No Iterations 23, Solve time = 256.57 ms
time step continuity errors : sum local = 3.084631049275611e-06, global = -3.726676299814501e-08, cumulative = -1.0500143258627082e-08
[mem] after-pEqn: DEVICE_POOL current=19126 MB  actual(reserved)=38146 MB  highWater=24414 MB
[GinkgoSolver] p-cache: reuse(update_matrix_value) solve=5 rebuildInterval=0
Schwarz(Jacobi)+Bicgstab:  Solving for omega, Initial residual = 1.2850274293535048e-05, Final residual = 9.878828900980897e-07, No Iterations 2, Solve time = 13.679 ms
bounding omega, min: -35876.880472540826 max: 45355983.09606695 average: 6373.781166471501
[GinkgoSolver] p-cache: reuse(update_matrix_value) solve=5 rebuildInterval=0
Schwarz(Jacobi)+Bicgstab:  Solving for k, Initial residual = 0.00024167456816303153, Final residual = 1.3710502600928472e-05, No Iterations 2, Solve time = 13.666 ms
bounding k, min: -0.0022943476448755926 max: 900.2234647875429 average: 9.151931705433013
[mem] after-turb: DEVICE_POOL current=19126 MB  actual(reserved)=38146 MB  highWater=24414 MB
ExecutionTime = 47.14 s  ClockTime = 47 s

Time = 1006
[mem] step-start: DEVICE_POOL current=19126 MB  actual(reserved)=38146 MB  highWater=24414 MB
Schwarz(Jacobi)+Bicgstab:  Solving for Ux, Initial residual = 7.844516159666935e-05, Final residual = 2.474504985693051e-06, No Iterations 3, Solve time = 45.799 ms
Schwarz(Jacobi)+Bicgstab:  Solving for Uy, Initial residual = 0.004011413925911495, Final residual = 0.00015330562772550622, No Iterations 3, Solve time = 45.799 ms
Schwarz(Jacobi)+Bicgstab:  Solving for Uz, Initial residual = 0.0011190779525026063, Final residual = 6.153913831032903e-05, No Iterations 3, Solve time = 45.799 ms
[mem] after-UEqn: DEVICE_POOL current=19126 MB  actual(reserved)=38146 MB  highWater=24414 MB
[GinkgoSolver] p-cache: reuse(update_matrix_value) solve=6 rebuildInterval=0
config(Cg+Schwarz(Multigrid)):  Solving for p, Initial residual = 0.0012721206754595813, Final residual = 1.2351585038417634e-05, No Iterations 33, Solve time = 360.494 ms
time step continuity errors : sum local = 3.1200343961337465e-06, global = -4.228444211651606e-08, cumulative = -5.278458537514314e-08
[mem] after-pEqn: DEVICE_POOL current=19126 MB  actual(reserved)=38146 MB  highWater=24414 MB
[GinkgoSolver] p-cache: reuse(update_matrix_value) solve=6 rebuildInterval=0
Schwarz(Jacobi)+Bicgstab:  Solving for omega, Initial residual = 1.2820628376412425e-05, Final residual = 7.508254571280484e-07, No Iterations 2, Solve time = 13.588 ms
bounding omega, min: -130183.31706170105 max: 45355983.1330475 average: 6373.939498358276
[GinkgoSolver] p-cache: reuse(update_matrix_value) solve=6 rebuildInterval=0
Schwarz(Jacobi)+Bicgstab:  Solving for k, Initial residual = 0.00024175337474628596, Final residual = 1.3535286633728325e-05, No Iterations 2, Solve time = 13.647 ms
bounding k, min: -0.0024796820414483695 max: 894.3671583526641 average: 9.151719112797478
[mem] after-turb: DEVICE_POOL current=19126 MB  actual(reserved)=38146 MB  highWater=24414 MB
ExecutionTime = 48.04 s  ClockTime = 48 s

Time = 1007
[mem] step-start: DEVICE_POOL current=19126 MB  actual(reserved)=38146 MB  highWater=24414 MB
Schwarz(Jacobi)+Bicgstab:  Solving for Ux, Initial residual = 7.838180529315553e-05, Final residual = 4.257662707795463e-06, No Iterations 2, Solve time = 35.777 ms
Schwarz(Jacobi)+Bicgstab:  Solving for Uy, Initial residual = 0.0040088146625338284, Final residual = 0.0005017244375097444, No Iterations 2, Solve time = 35.777 ms
Schwarz(Jacobi)+Bicgstab:  Solving for Uz, Initial residual = 0.001119999163268948, Final residual = 7.054616141409141e-05, No Iterations 2, Solve time = 35.777 ms
[mem] after-UEqn: DEVICE_POOL current=19126 MB  actual(reserved)=38146 MB  highWater=24414 MB
[GinkgoSolver] p-cache: reuse(update_matrix_value) solve=7 rebuildInterval=0
config(Cg+Schwarz(Multigrid)):  Solving for p, Initial residual = 0.0012865589601045947, Final residual = 1.152732948140385e-05, No Iterations 35, Solve time = 379.612 ms
time step continuity errors : sum local = 2.9087594378438614e-06, global = -4.0428767197842365e-08, cumulative = -9.32133525729855e-08
[mem] after-pEqn: DEVICE_POOL current=19126 MB  actual(reserved)=38146 MB  highWater=24414 MB
[GinkgoSolver] p-cache: reuse(update_matrix_value) solve=7 rebuildInterval=0
Schwarz(Jacobi)+Bicgstab:  Solving for omega, Initial residual = 1.2813782153571336e-05, Final residual = 7.932073234261174e-07, No Iterations 2, Solve time = 13.652 ms
bounding omega, min: -33114.577336321774 max: 45355983.12762773 average: 6374.078243705905
[GinkgoSolver] p-cache: reuse(update_matrix_value) solve=7 rebuildInterval=0
Schwarz(Jacobi)+Bicgstab:  Solving for k, Initial residual = 0.0002422265950425182, Final residual = 1.3431195493300758e-05, No Iterations 2, Solve time = 13.611 ms
bounding k, min: -0.0009514814475341284 max: 892.7417242705559 average: 9.151415527082742
[mem] after-turb: DEVICE_POOL current=19126 MB  actual(reserved)=38146 MB  highWater=24414 MB
ExecutionTime = 48.96 s  ClockTime = 49 s

Time = 1008
[mem] step-start: DEVICE_POOL current=19126 MB  actual(reserved)=38146 MB  highWater=24414 MB
Schwarz(Jacobi)+Bicgstab:  Solving for Ux, Initial residual = 7.857052364879878e-05, Final residual = 4.282062362436521e-06, No Iterations 2, Solve time = 35.593 ms
Schwarz(Jacobi)+Bicgstab:  Solving for Uy, Initial residual = 0.003986878474549317, Final residual = 0.0007344549179190612, No Iterations 2, Solve time = 35.593 ms
Schwarz(Jacobi)+Bicgstab:  Solving for Uz, Initial residual = 0.0011231075951873234, Final residual = 6.382894688788524e-05, No Iterations 2, Solve time = 35.593 ms
[mem] after-UEqn: DEVICE_POOL current=19126 MB  actual(reserved)=38146 MB  highWater=24414 MB
[GinkgoSolver] p-cache: reuse(update_matrix_value) solve=8 rebuildInterval=0
config(Cg+Schwarz(Multigrid)):  Solving for p, Initial residual = 0.0012829015695525244, Final residual = 1.260985844693618e-05, No Iterations 34, Solve time = 375.856 ms
time step continuity errors : sum local = 3.1782734796981243e-06, global = -3.2752803979052616e-08, cumulative = -1.2596615655203812e-07
[mem] after-pEqn: DEVICE_POOL current=19126 MB  actual(reserved)=38146 MB  highWater=24414 MB
[GinkgoSolver] p-cache: reuse(update_matrix_value) solve=8 rebuildInterval=0
Schwarz(Jacobi)+Bicgstab:  Solving for omega, Initial residual = 1.2777214135667185e-05, Final residual = 7.986304401495444e-07, No Iterations 2, Solve time = 13.626 ms
bounding omega, min: -38867.29182706464 max: 45355983.062657446 average: 6374.1903045375275
[GinkgoSolver] p-cache: reuse(update_matrix_value) solve=8 rebuildInterval=0
Schwarz(Jacobi)+Bicgstab:  Solving for k, Initial residual = 0.00024212472410737449, Final residual = 1.3461016403593023e-05, No Iterations 2, Solve time = 13.566 ms
bounding k, min: -0.0008831913684880961 max: 891.3574953912278 average: 9.151217947828801
[mem] after-turb: DEVICE_POOL current=19126 MB  actual(reserved)=38146 MB  highWater=24414 MB
ExecutionTime = 49.88 s  ClockTime = 50 s

Time = 1009
[mem] step-start: DEVICE_POOL current=19126 MB  actual(reserved)=38146 MB  highWater=24414 MB
Schwarz(Jacobi)+Bicgstab:  Solving for Ux, Initial residual = 7.843545972606473e-05, Final residual = 2.6159133639876414e-06, No Iterations 3, Solve time = 45.667 ms
Schwarz(Jacobi)+Bicgstab:  Solving for Uy, Initial residual = 0.004037534980103911, Final residual = 0.00013486758721150224, No Iterations 3, Solve time = 45.667 ms
Schwarz(Jacobi)+Bicgstab:  Solving for Uz, Initial residual = 0.0011166507434225658, Final residual = 0.00012998995848994708, No Iterations 3, Solve time = 45.667 ms
[mem] after-UEqn: DEVICE_POOL current=19126 MB  actual(reserved)=38146 MB  highWater=24414 MB
[GinkgoSolver] p-cache: reuse(update_matrix_value) solve=9 rebuildInterval=0
config(Cg+Schwarz(Multigrid)):  Solving for p, Initial residual = 0.0012986565371051943, Final residual = 1.2778349252486659e-05, No Iterations 20, Solve time = 229.413 ms
time step continuity errors : sum local = 3.2167736593451656e-06, global = -5.4901078371200815e-08, cumulative = -1.8086723492323894e-07
[mem] after-pEqn: DEVICE_POOL current=19126 MB  actual(reserved)=38146 MB  highWater=24414 MB
[GinkgoSolver] p-cache: reuse(update_matrix_value) solve=9 rebuildInterval=0
Schwarz(Jacobi)+Bicgstab:  Solving for omega, Initial residual = 1.2736023763733719e-05, Final residual = 8.127328312326784e-07, No Iterations 2, Solve time = 13.697 ms
bounding omega, min: -36196.02154481235 max: 45355982.8966144 average: 6374.215663244128
[GinkgoSolver] p-cache: reuse(update_matrix_value) solve=9 rebuildInterval=0
Schwarz(Jacobi)+Bicgstab:  Solving for k, Initial residual = 0.0002422308513497714, Final residual = 1.3345244516887759e-05, No Iterations 2, Solve time = 13.603 ms
bounding k, min: -0.0014913273982867202 max: 891.9226142980704 average: 9.15060823933212
[mem] after-turb: DEVICE_POOL current=19126 MB  actual(reserved)=38146 MB  highWater=24414 MB
ExecutionTime = 50.65 s  ClockTime = 51 s

Time = 1010
[mem] step-start: DEVICE_POOL current=19126 MB  actual(reserved)=38146 MB  highWater=24414 MB
Schwarz(Jacobi)+Bicgstab:  Solving for Ux, Initial residual = 7.837786180715706e-05, Final residual = 2.8654427544466616e-06, No Iterations 3, Solve time = 45.719 ms
Schwarz(Jacobi)+Bicgstab:  Solving for Uy, Initial residual = 0.004061923981719756, Final residual = 0.00013582901093781727, No Iterations 3, Solve time = 45.719 ms
Schwarz(Jacobi)+Bicgstab:  Solving for Uz, Initial residual = 0.0010998097185983833, Final residual = 4.425833627026459e-05, No Iterations 3, Solve time = 45.719 ms
[mem] after-UEqn: DEVICE_POOL current=19126 MB  actual(reserved)=38146 MB  highWater=24414 MB
[GinkgoSolver] p-cache: reuse(update_matrix_value) solve=10 rebuildInterval=0
config(Cg+Schwarz(Multigrid)):  Solving for p, Initial residual = 0.0012800981075873907, Final residual = 1.2101767997911175e-05, No Iterations 36, Solve time = 393.749 ms
time step continuity errors : sum local = 3.0451192611254254e-06, global = -2.239683996385455e-08, cumulative = -2.032640748870935e-07
[mem] after-pEqn: DEVICE_POOL current=19126 MB  actual(reserved)=38146 MB  highWater=24414 MB
[GinkgoSolver] p-cache: reuse(update_matrix_value) solve=10 rebuildInterval=0
Schwarz(Jacobi)+Bicgstab:  Solving for omega, Initial residual = 1.2713511214143905e-05, Final residual = 8.222919213189853e-07, No Iterations 2, Solve time = 13.628 ms
bounding omega, min: -163045.03167260744 max: 45355982.66955306 average: 6374.194163929913
[GinkgoSolver] p-cache: reuse(update_matrix_value) solve=10 rebuildInterval=0
Schwarz(Jacobi)+Bicgstab:  Solving for k, Initial residual = 0.00024225430369087775, Final residual = 1.3161546323620381e-05, No Iterations 2, Solve time = 13.592 ms
bounding k, min: -0.001892168337043948 max: 892.0703596631615 average: 9.14996738893588
[mem] after-turb: DEVICE_POOL current=19126 MB  actual(reserved)=38146 MB  highWater=24414 MB
ExecutionTime = 51.59 s  ClockTime = 52 s

Time = 1011
[mem] step-start: DEVICE_POOL current=19126 MB  actual(reserved)=38146 MB  highWater=24414 MB
Schwarz(Jacobi)+Bicgstab:  Solving for Ux, Initial residual = 7.834056934621065e-05, Final residual = 3.287117127287772e-06, No Iterations 3, Solve time = 45.727 ms
Schwarz(Jacobi)+Bicgstab:  Solving for Uy, Initial residual = 0.004074860138544877, Final residual = 0.0001372996161318185, No Iterations 3, Solve time = 45.727 ms
Schwarz(Jacobi)+Bicgstab:  Solving for Uz, Initial residual = 0.0010930121007556195, Final residual = 4.105896693471571e-05, No Iterations 3, Solve time = 45.727 ms
[mem] after-UEqn: DEVICE_POOL current=19126 MB  actual(reserved)=38146 MB  highWater=24414 MB
[GinkgoSolver] p-cache: reuse(update_matrix_value) solve=11 rebuildInterval=0
config(Cg+Schwarz(Multigrid)):  Solving for p, Initial residual = 0.0012755206333322803, Final residual = 1.2041130541634789e-05, No Iterations 33, Solve time = 366.194 ms
time step continuity errors : sum local = 3.0277360554878625e-06, global = -2.6923483517035622e-08, cumulative = -2.3018755840412911e-07
[mem] after-pEqn: DEVICE_POOL current=19126 MB  actual(reserved)=38146 MB  highWater=24414 MB
[GinkgoSolver] p-cache: reuse(update_matrix_value) solve=11 rebuildInterval=0
Schwarz(Jacobi)+Bicgstab:  Solving for omega, Initial residual = 1.2701316884144575e-05, Final residual = 8.235681153385302e-07, No Iterations 2, Solve time = 13.603 ms
bounding omega, min: -37300.422796505416 max: 45355982.66651733 average: 6374.129197189409
[GinkgoSolver] p-cache: reuse(update_matrix_value) solve=11 rebuildInterval=0
Schwarz(Jacobi)+Bicgstab:  Solving for k, Initial residual = 0.0002422734709424508, Final residual = 1.266544532494714e-05, No Iterations 2, Solve time = 13.632 ms
bounding k, min: -0.0005259043532063051 max: 892.8591593528118 average: 9.149255626003232
[mem] after-turb: DEVICE_POOL current=19126 MB  actual(reserved)=38146 MB  highWater=24414 MB
ExecutionTime = 52.5 s  ClockTime = 53 s

Time = 1012
[mem] step-start: DEVICE_POOL current=19126 MB  actual(reserved)=38146 MB  highWater=24414 MB
Schwarz(Jacobi)+Bicgstab:  Solving for Ux, Initial residual = 7.835104676351358e-05, Final residual = 4.2440223765363694e-06, No Iterations 2, Solve time = 36.636 ms
Schwarz(Jacobi)+Bicgstab:  Solving for Uy, Initial residual = 0.004077476488649649, Final residual = 0.0005113766773951601, No Iterations 2, Solve time = 36.636 ms
Schwarz(Jacobi)+Bicgstab:  Solving for Uz, Initial residual = 0.0010907405260947882, Final residual = 6.292142989874093e-05, No Iterations 2, Solve time = 36.636 ms
[mem] after-UEqn: DEVICE_POOL current=19126 MB  actual(reserved)=38146 MB  highWater=24414 MB
[GinkgoSolver] p-cache: reuse(update_matrix_value) solve=12 rebuildInterval=0
config(Cg+Schwarz(Multigrid)):  Solving for p, Initial residual = 0.0012900596665972562, Final residual = 1.1633121528377666e-05, No Iterations 23, Solve time = 259.087 ms
time step continuity errors : sum local = 2.9233819505815675e-06, global = -3.0953653043542396e-08, cumulative = -2.611412114476715e-07
[mem] after-pEqn: DEVICE_POOL current=19126 MB  actual(reserved)=38146 MB  highWater=24414 MB
[GinkgoSolver] p-cache: reuse(update_matrix_value) solve=12 rebuildInterval=0
Schwarz(Jacobi)+Bicgstab:  Solving for omega, Initial residual = 1.2714629468643854e-05, Final residual = 8.29852400508526e-07, No Iterations 2, Solve time = 13.664 ms
bounding omega, min: -34610.58643674337 max: 45355982.71040272 average: 6373.943935287612
[GinkgoSolver] p-cache: reuse(update_matrix_value) solve=12 rebuildInterval=0
Schwarz(Jacobi)+Bicgstab:  Solving for k, Initial residual = 0.00024261277717788594, Final residual = 1.2376389468094622e-05, No Iterations 2, Solve time = 13.698 ms
bounding k, min: -0.000519485775980497 max: 893.0085375719206 average: 9.148410989737737
[mem] after-turb: DEVICE_POOL current=19126 MB  actual(reserved)=38146 MB  highWater=24414 MB
ExecutionTime = 53.31 s  ClockTime = 53 s

Time = 1013
[mem] step-start: DEVICE_POOL current=19126 MB  actual(reserved)=38146 MB  highWater=24414 MB
Schwarz(Jacobi)+Bicgstab:  Solving for Ux, Initial residual = 7.859508201188353e-05, Final residual = 2.9939813885767704e-06, No Iterations 3, Solve time = 45.741 ms
Schwarz(Jacobi)+Bicgstab:  Solving for Uy, Initial residual = 0.004047729458305175, Final residual = 0.00015341789477046143, No Iterations 3, Solve time = 45.741 ms
Schwarz(Jacobi)+Bicgstab:  Solving for Uz, Initial residual = 0.001093633277313275, Final residual = 6.0263873653705257e-05, No Iterations 3, Solve time = 45.741 ms
[mem] after-UEqn: DEVICE_POOL current=19126 MB  actual(reserved)=38146 MB  highWater=24414 MB
[GinkgoSolver] p-cache: reuse(update_matrix_value) solve=13 rebuildInterval=0
config(Cg+Schwarz(Multigrid)):  Solving for p, Initial residual = 0.0012863819326424666, Final residual = 1.1879098525305044e-05, No Iterations 31, Solve time = 349.665 ms
time step continuity errors : sum local = 2.9838175651169996e-06, global = -1.8989659953548747e-08, cumulative = -2.8013087140122023e-07
[mem] after-pEqn: DEVICE_POOL current=19126 MB  actual(reserved)=38146 MB  highWater=24414 MB
[GinkgoSolver] p-cache: reuse(update_matrix_value) solve=13 rebuildInterval=0
Schwarz(Jacobi)+Bicgstab:  Solving for omega, Initial residual = 1.2706064181781504e-05, Final residual = 8.338249280985397e-07, No Iterations 2, Solve time = 13.641 ms
bounding omega, min: -38230.81953265114 max: 45355982.76501926 average: 6373.7475450949105
[GinkgoSolver] p-cache: reuse(update_matrix_value) solve=13 rebuildInterval=0
Schwarz(Jacobi)+Bicgstab:  Solving for k, Initial residual = 0.00024247600702081407, Final residual = 1.2199124890879197e-05, No Iterations 2, Solve time = 13.627 ms
bounding k, min: -0.0016844480102744808 max: 893.163186867321 average: 9.147548389534801
[mem] after-turb: DEVICE_POOL current=19126 MB  actual(reserved)=38146 MB  highWater=24414 MB
ExecutionTime = 54.2 s  ClockTime = 54 s

Time = 1014
[mem] step-start: DEVICE_POOL current=19126 MB  actual(reserved)=38146 MB  highWater=24414 MB
Schwarz(Jacobi)+Bicgstab:  Solving for Ux, Initial residual = 7.858229503022204e-05, Final residual = 3.525861023440163e-06, No Iterations 3, Solve time = 45.675 ms
Schwarz(Jacobi)+Bicgstab:  Solving for Uy, Initial residual = 0.004033860970949767, Final residual = 0.00014738216928047862, No Iterations 3, Solve time = 45.675 ms
Schwarz(Jacobi)+Bicgstab:  Solving for Uz, Initial residual = 0.0010980111327316526, Final residual = 5.253898613401076e-05, No Iterations 3, Solve time = 45.675 ms
[mem] after-UEqn: DEVICE_POOL current=19126 MB  actual(reserved)=38146 MB  highWater=24414 MB
[GinkgoSolver] p-cache: reuse(update_matrix_value) solve=14 rebuildInterval=0
config(Cg+Schwarz(Multigrid)):  Solving for p, Initial residual = 0.0012831683669826564, Final residual = 1.252341088779739e-05, No Iterations 23, Solve time = 258.59 ms
time step continuity errors : sum local = 3.1445359609085544e-06, global = -2.0500203336839877e-08, cumulative = -3.006310747380601e-07
[mem] after-pEqn: DEVICE_POOL current=19126 MB  actual(reserved)=38146 MB  highWater=24414 MB
[GinkgoSolver] p-cache: reuse(update_matrix_value) solve=14 rebuildInterval=0
Schwarz(Jacobi)+Bicgstab:  Solving for omega, Initial residual = 1.2704463180086629e-05, Final residual = 8.360360186504883e-07, No Iterations 2, Solve time = 13.594 ms
bounding omega, min: -278594.8238814778 max: 45355982.79834046 average: 6373.489399024668
[GinkgoSolver] p-cache: reuse(update_matrix_value) solve=14 rebuildInterval=0
Schwarz(Jacobi)+Bicgstab:  Solving for k, Initial residual = 0.00024247043397205317, Final residual = 1.2104306726993202e-05, No Iterations 2, Solve time = 13.597 ms
bounding k, min: -0.0019206415847781017 max: 892.746057444505 average: 9.146660385420116
[mem] after-turb: DEVICE_POOL current=19126 MB  actual(reserved)=38146 MB  highWater=24414 MB
ExecutionTime = 55.01 s  ClockTime = 55 s

Time = 1015
[mem] step-start: DEVICE_POOL current=19126 MB  actual(reserved)=38146 MB  highWater=24414 MB
Schwarz(Jacobi)+Bicgstab:  Solving for Ux, Initial residual = 7.858400937103355e-05, Final residual = 5.723662653511209e-06, No Iterations 4, Solve time = 55.587 ms
Schwarz(Jacobi)+Bicgstab:  Solving for Uy, Initial residual = 0.004032703783356126, Final residual = 9.553738431181268e-05, No Iterations 4, Solve time = 55.587 ms
Schwarz(Jacobi)+Bicgstab:  Solving for Uz, Initial residual = 0.0010999873241500232, Final residual = 5.03549519413161e-05, No Iterations 4, Solve time = 55.587 ms
[mem] after-UEqn: DEVICE_POOL current=19126 MB  actual(reserved)=38146 MB  highWater=24414 MB
[GinkgoSolver] p-cache: reuse(update_matrix_value) solve=15 rebuildInterval=0
config(Cg+Schwarz(Multigrid)):  Solving for p, Initial residual = 0.0012908232300602265, Final residual = 1.1462973278032773e-05, No Iterations 31, Solve time = 346.672 ms
time step continuity errors : sum local = 2.8771589839605723e-06, global = -9.973510214243099e-09, cumulative = -3.106045849523032e-07
[mem] after-pEqn: DEVICE_POOL current=19126 MB  actual(reserved)=38146 MB  highWater=24414 MB
[GinkgoSolver] p-cache: reuse(update_matrix_value) solve=15 rebuildInterval=0
Schwarz(Jacobi)+Bicgstab:  Solving for omega, Initial residual = 1.2723974817673916e-05, Final residual = 8.376828766794159e-07, No Iterations 2, Solve time = 14.618 ms
bounding omega, min: -50869.91250114328 max: 45355982.78655998 average: 6373.284621857274
[GinkgoSolver] p-cache: reuse(update_matrix_value) solve=15 rebuildInterval=0
Schwarz(Jacobi)+Bicgstab:  Solving for k, Initial residual = 0.00024262293257177486, Final residual = 1.2208977481909343e-05, No Iterations 2, Solve time = 13.67 ms
bounding k, min: -0.002151713026712 max: 892.2278025024141 average: 9.145834192220686
[mem] after-turb: DEVICE_POOL current=19126 MB  actual(reserved)=38146 MB  highWater=24414 MB
ExecutionTime = 55.91 s  ClockTime = 56 s

Time = 1016
[mem] step-start: DEVICE_POOL current=19126 MB  actual(reserved)=38146 MB  highWater=24414 MB
Schwarz(Jacobi)+Bicgstab:  Solving for Ux, Initial residual = 7.868346872165709e-05, Final residual = 2.9483785778111456e-06, No Iterations 3, Solve time = 45.752 ms
Schwarz(Jacobi)+Bicgstab:  Solving for Uy, Initial residual = 0.004037436361824537, Final residual = 0.00013494603202821777, No Iterations 3, Solve time = 45.752 ms
Schwarz(Jacobi)+Bicgstab:  Solving for Uz, Initial residual = 0.0011001503809675243, Final residual = 3.8533724263911254e-05, No Iterations 3, Solve time = 45.752 ms
[mem] after-UEqn: DEVICE_POOL current=19126 MB  actual(reserved)=38146 MB  highWater=24414 MB
[GinkgoSolver] p-cache: reuse(update_matrix_value) solve=16 rebuildInterval=0
config(Cg+Schwarz(Multigrid)):  Solving for p, Initial residual = 0.00128410000368498, Final residual = 1.275444236010195e-05, No Iterations 30, Solve time = 332.846 ms
time step continuity errors : sum local = 3.2007082925811892e-06, global = -8.240048893756815e-09, cumulative = -3.1884463384606e-07
[mem] after-pEqn: DEVICE_POOL current=19126 MB  actual(reserved)=38146 MB  highWater=24414 MB
[GinkgoSolver] p-cache: reuse(update_matrix_value) solve=16 rebuildInterval=0
Schwarz(Jacobi)+Bicgstab:  Solving for omega, Initial residual = 1.2710331693717999e-05, Final residual = 8.347797441735459e-07, No Iterations 2, Solve time = 13.68 ms
bounding omega, min: -51668.153373520785 max: 45355982.72684318 average: 6372.983257731247
[GinkgoSolver] p-cache: reuse(update_matrix_value) solve=16 rebuildInterval=0
Schwarz(Jacobi)+Bicgstab:  Solving for k, Initial residual = 0.00024250018310076205, Final residual = 1.2265733479423457e-05, No Iterations 2, Solve time = 13.624 ms
bounding k, min: -0.002409136006147658 max: 891.2907504430432 average: 9.144895381351956
[mem] after-turb: DEVICE_POOL current=19126 MB  actual(reserved)=38146 MB  highWater=24414 MB
ExecutionTime = 56.78 s  ClockTime = 57 s

Time = 1017
[mem] step-start: DEVICE_POOL current=19126 MB  actual(reserved)=38146 MB  highWater=24414 MB
Schwarz(Jacobi)+Bicgstab:  Solving for Ux, Initial residual = 7.855991711684872e-05, Final residual = 4.314134856769917e-06, No Iterations 2, Solve time = 35.681 ms
Schwarz(Jacobi)+Bicgstab:  Solving for Uy, Initial residual = 0.004051061683519615, Final residual = 0.0007514052327002313, No Iterations 2, Solve time = 35.681 ms
Schwarz(Jacobi)+Bicgstab:  Solving for Uz, Initial residual = 0.0010977568137880824, Final residual = 7.540735655258347e-05, No Iterations 2, Solve time = 35.681 ms
[mem] after-UEqn: DEVICE_POOL current=19126 MB  actual(reserved)=38146 MB  highWater=24414 MB
[GinkgoSolver] p-cache: reuse(update_matrix_value) solve=17 rebuildInterval=0
config(Cg+Schwarz(Multigrid)):  Solving for p, Initial residual = 0.0012961054355881455, Final residual = 1.176871191256996e-05, No Iterations 30, Solve time = 336.789 ms
time step continuity errors : sum local = 2.952575481169279e-06, global = -1.518427972255453e-08, cumulative = -3.3402891356861455e-07
[mem] after-pEqn: DEVICE_POOL current=19126 MB  actual(reserved)=38146 MB  highWater=24414 MB
[GinkgoSolver] p-cache: reuse(update_matrix_value) solve=17 rebuildInterval=0
Schwarz(Jacobi)+Bicgstab:  Solving for omega, Initial residual = 1.2746666427992016e-05, Final residual = 8.431668181703064e-07, No Iterations 2, Solve time = 13.691 ms
bounding omega, min: -54414.18694671858 max: 45355982.651207514 average: 6372.647485772033
[GinkgoSolver] p-cache: reuse(update_matrix_value) solve=17 rebuildInterval=0
Schwarz(Jacobi)+Bicgstab:  Solving for k, Initial residual = 0.00024290207538167784, Final residual = 1.2372811032661297e-05, No Iterations 2, Solve time = 13.623 ms
bounding k, min: -0.005490018489894041 max: 890.2426282893847 average: 9.143932250333455
[mem] after-turb: DEVICE_POOL current=19126 MB  actual(reserved)=38146 MB  highWater=24414 MB
ExecutionTime = 57.65 s  ClockTime = 58 s

Time = 1018
[mem] step-start: DEVICE_POOL current=19126 MB  actual(reserved)=38146 MB  highWater=24414 MB
Schwarz(Jacobi)+Bicgstab:  Solving for Ux, Initial residual = 7.880822306339518e-05, Final residual = 3.3691857958744494e-06, No Iterations 3, Solve time = 45.642 ms
Schwarz(Jacobi)+Bicgstab:  Solving for Uy, Initial residual = 0.004026752001982045, Final residual = 0.0001565889603685957, No Iterations 3, Solve time = 45.642 ms
Schwarz(Jacobi)+Bicgstab:  Solving for Uz, Initial residual = 0.0011019631103416053, Final residual = 6.717639295390514e-05, No Iterations 3, Solve time = 45.642 ms
[mem] after-UEqn: DEVICE_POOL current=19126 MB  actual(reserved)=38146 MB  highWater=24414 MB
[GinkgoSolver] p-cache: reuse(update_matrix_value) solve=18 rebuildInterval=0
config(Cg+Schwarz(Multigrid)):  Solving for p, Initial residual = 0.0012871525079358858, Final residual = 1.2778192170577598e-05, No Iterations 27, Solve time = 303.806 ms
time step continuity errors : sum local = 3.204907763451878e-06, global = -2.2730463361958322e-08, cumulative = -3.567593769305729e-07
[mem] after-pEqn: DEVICE_POOL current=19126 MB  actual(reserved)=38146 MB  highWater=24414 MB
[GinkgoSolver] p-cache: reuse(update_matrix_value) solve=18 rebuildInterval=0
Schwarz(Jacobi)+Bicgstab:  Solving for omega, Initial residual = 1.27583368727669e-05, Final residual = 8.448649763195607e-07, No Iterations 2, Solve time = 13.558 ms
bounding omega, min: -406761.16546352813 max: 45355982.591350764 average: 6372.306462884853
[GinkgoSolver] p-cache: reuse(update_matrix_value) solve=18 rebuildInterval=0
Schwarz(Jacobi)+Bicgstab:  Solving for k, Initial residual = 0.00024288618019513628, Final residual = 1.2408601645881729e-05, No Iterations 2, Solve time = 13.642 ms
bounding k, min: -0.003987534839048776 max: 888.9056964370043 average: 9.143093387651339
[mem] after-turb: DEVICE_POOL current=19126 MB  actual(reserved)=38146 MB  highWater=24414 MB
ExecutionTime = 58.51 s  ClockTime = 59 s

Time = 1019
[mem] step-start: DEVICE_POOL current=19126 MB  actual(reserved)=38146 MB  highWater=24414 MB
Schwarz(Jacobi)+Bicgstab:  Solving for Ux, Initial residual = 7.885935004966284e-05, Final residual = 4.327301805034256e-06, No Iterations 2, Solve time = 35.771 ms
Schwarz(Jacobi)+Bicgstab:  Solving for Uy, Initial residual = 0.004032366946333989, Final residual = 0.0007981731285831183, No Iterations 2, Solve time = 35.771 ms
Schwarz(Jacobi)+Bicgstab:  Solving for Uz, Initial residual = 0.0011013718990436554, Final residual = 7.437695764336797e-05, No Iterations 2, Solve time = 35.771 ms
[mem] after-UEqn: DEVICE_POOL current=19126 MB  actual(reserved)=38146 MB  highWater=24414 MB
[GinkgoSolver] p-cache: reuse(update_matrix_value) solve=19 rebuildInterval=0
config(Cg+Schwarz(Multigrid)):  Solving for p, Initial residual = 0.0012977844374303786, Final residual = 1.1924190863292185e-05, No Iterations 28, Solve time = 312.332 ms
time step continuity errors : sum local = 2.9896185708553563e-06, global = -2.135894527942677e-08, cumulative = -3.7811832220999964e-07
[mem] after-pEqn: DEVICE_POOL current=19126 MB  actual(reserved)=38146 MB  highWater=24414 MB
[GinkgoSolver] p-cache: reuse(update_matrix_value) solve=19 rebuildInterval=0
Schwarz(Jacobi)+Bicgstab:  Solving for omega, Initial residual = 1.2757349773182755e-05, Final residual = 8.42562469767136e-07, No Iterations 2, Solve time = 13.643 ms
bounding omega, min: -57180.209319164824 max: 45355982.57362554 average: 6372.102716047728
[GinkgoSolver] p-cache: reuse(update_matrix_value) solve=19 rebuildInterval=0
Schwarz(Jacobi)+Bicgstab:  Solving for k, Initial residual = 0.00024268470913262305, Final residual = 1.2451649163134856e-05, No Iterations 2, Solve time = 13.597 ms
bounding k, min: -0.0031385665831340157 max: 887.49438101706 average: 9.142531037485671
[mem] after-turb: DEVICE_POOL current=19126 MB  actual(reserved)=38146 MB  highWater=24414 MB
ExecutionTime = 59.36 s  ClockTime = 60 s

Time = 1020
[mem] step-start: DEVICE_POOL current=19126 MB  actual(reserved)=38146 MB  highWater=24414 MB
Schwarz(Jacobi)+Bicgstab:  Solving for Ux, Initial residual = 7.871686307879694e-05, Final residual = 3.0981460543234052e-06, No Iterations 3, Solve time = 46.45 ms
Schwarz(Jacobi)+Bicgstab:  Solving for Uy, Initial residual = 0.004105984742475916, Final residual = 0.0001334509493463076, No Iterations 3, Solve time = 46.45 ms
Schwarz(Jacobi)+Bicgstab:  Solving for Uz, Initial residual = 0.0010950612181124728, Final residual = 4.2801005524691245e-05, No Iterations 3, Solve time = 46.45 ms
[mem] after-UEqn: DEVICE_POOL current=19126 MB  actual(reserved)=38146 MB  highWater=24414 MB
[GinkgoSolver] p-cache: reuse(update_matrix_value) solve=20 rebuildInterval=0
config(Cg+Schwarz(Multigrid)):  Solving for p, Initial residual = 0.0012915003023020297, Final residual = 1.1944533421055224e-05, No Iterations 28, Solve time = 311.52 ms
time step continuity errors : sum local = 2.99347621198555e-06, global = -2.2401861867957073e-08, cumulative = -4.005201840779567e-07
[mem] after-pEqn: DEVICE_POOL current=19126 MB  actual(reserved)=38146 MB  highWater=24414 MB
[GinkgoSolver] p-cache: reuse(update_matrix_value) solve=20 rebuildInterval=0
Schwarz(Jacobi)+Bicgstab:  Solving for omega, Initial residual = 1.2737431746489102e-05, Final residual = 8.374018138726663e-07, No Iterations 2, Solve time = 13.64 ms
bounding omega, min: -54666.64200679358 max: 45355982.57492525 average: 6371.877451328481
[GinkgoSolver] p-cache: reuse(update_matrix_value) solve=20 rebuildInterval=0
Schwarz(Jacobi)+Bicgstab:  Solving for k, Initial residual = 0.0002426585844448479, Final residual = 1.2510441230089973e-05, No Iterations 2, Solve time = 13.646 ms
bounding k, min: -0.003840587043570237 max: 885.934683763734 average: 9.141862210404815
[mem] after-turb: DEVICE_POOL current=19126 MB  actual(reserved)=38146 MB  highWater=24414 MB
ExecutionTime = 60.21 s  ClockTime = 60 s

Time = 1021
[mem] step-start: DEVICE_POOL current=19126 MB  actual(reserved)=38146 MB  highWater=24414 MB
Schwarz(Jacobi)+Bicgstab:  Solving for Ux, Initial residual = 7.865330020298707e-05, Final residual = 3.609939319137596e-06, No Iterations 3, Solve time = 45.679 ms
Schwarz(Jacobi)+Bicgstab:  Solving for Uy, Initial residual = 0.004132521709677301, Final residual = 0.00013433693001852355, No Iterations 3, Solve time = 45.679 ms
Schwarz(Jacobi)+Bicgstab:  Solving for Uz, Initial residual = 0.001088931901828065, Final residual = 3.623400013714644e-05, No Iterations 3, Solve time = 45.679 ms
[mem] after-UEqn: DEVICE_POOL current=19126 MB  actual(reserved)=38146 MB  highWater=24414 MB
[GinkgoSolver] p-cache: reuse(update_matrix_value) solve=21 rebuildInterval=0
config(Cg+Schwarz(Multigrid)):  Solving for p, Initial residual = 0.0012879316062222336, Final residual = 1.2177828905858817e-05, No Iterations 27, Solve time = 299.932 ms
time step continuity errors : sum local = 3.0507706818811984e-06, global = -2.1725597940451357e-08, cumulative = -4.2224578201840805e-07
[mem] after-pEqn: DEVICE_POOL current=19126 MB  actual(reserved)=38146 MB  highWater=24414 MB
[GinkgoSolver] p-cache: reuse(update_matrix_value) solve=21 rebuildInterval=0
Schwarz(Jacobi)+Bicgstab:  Solving for omega, Initial residual = 1.2740810317561774e-05, Final residual = 8.41484109606019e-07, No Iterations 2, Solve time = 13.669 ms
bounding omega, min: -61658.006124216205 max: 45355982.582904436 average: 6371.666735901786
[GinkgoSolver] p-cache: reuse(update_matrix_value) solve=21 rebuildInterval=0
Schwarz(Jacobi)+Bicgstab:  Solving for k, Initial residual = 0.0002427285325235565, Final residual = 1.2452786792482669e-05, No Iterations 2, Solve time = 13.615 ms
bounding k, min: -0.0020682586541497933 max: 884.3496858001233 average: 9.141204440246934
[mem] after-turb: DEVICE_POOL current=19126 MB  actual(reserved)=38146 MB  highWater=24414 MB
ExecutionTime = 61.06 s  ClockTime = 61 s

Time = 1022
[mem] step-start: DEVICE_POOL current=19126 MB  actual(reserved)=38146 MB  highWater=24414 MB
Schwarz(Jacobi)+Bicgstab:  Solving for Ux, Initial residual = 7.868593296029697e-05, Final residual = 3.5841057002136213e-06, No Iterations 3, Solve time = 45.599 ms
Schwarz(Jacobi)+Bicgstab:  Solving for Uy, Initial residual = 0.004146667163823262, Final residual = 0.00013769551936313357, No Iterations 3, Solve time = 45.599 ms
Schwarz(Jacobi)+Bicgstab:  Solving for Uz, Initial residual = 0.0010855986541698276, Final residual = 3.479800826167044e-05, No Iterations 3, Solve time = 45.599 ms
[mem] after-UEqn: DEVICE_POOL current=19126 MB  actual(reserved)=38146 MB  highWater=24414 MB
[GinkgoSolver] p-cache: reuse(update_matrix_value) solve=22 rebuildInterval=0
config(Cg+Schwarz(Multigrid)):  Solving for p, Initial residual = 0.0012850431132105274, Final residual = 1.146764712170839e-05, No Iterations 22, Solve time = 250.41 ms
time step continuity errors : sum local = 2.8719424411068304e-06, global = -3.140427024320407e-08, cumulative = -4.5365005226161213e-07
[mem] after-pEqn: DEVICE_POOL current=19126 MB  actual(reserved)=38146 MB  highWater=24414 MB
[GinkgoSolver] p-cache: reuse(update_matrix_value) solve=22 rebuildInterval=0
Schwarz(Jacobi)+Bicgstab:  Solving for omega, Initial residual = 1.2743538747067548e-05, Final residual = 8.430192834401298e-07, No Iterations 2, Solve time = 13.59 ms
bounding omega, min: -269692.9522021404 max: 45355982.59496069 average: 6371.4478874786655
[GinkgoSolver] p-cache: reuse(update_matrix_value) solve=22 rebuildInterval=0
Schwarz(Jacobi)+Bicgstab:  Solving for k, Initial residual = 0.00024277206417188632, Final residual = 1.2509328313088696e-05, No Iterations 2, Solve time = 13.601 ms
bounding k, min: -0.005408042454336237 max: 882.7068050834706 average: 9.140537567173988
[mem] after-turb: DEVICE_POOL current=19126 MB  actual(reserved)=38146 MB  highWater=24414 MB
ExecutionTime = 61.86 s  ClockTime = 62 s

Time = 1023
[mem] step-start: DEVICE_POOL current=19126 MB  actual(reserved)=38146 MB  highWater=24414 MB
Schwarz(Jacobi)+Bicgstab:  Solving for Ux, Initial residual = 7.87665159834287e-05, Final residual = 4.408384147680605e-06, No Iterations 2, Solve time = 35.853 ms
Schwarz(Jacobi)+Bicgstab:  Solving for Uy, Initial residual = 0.004150504566478462, Final residual = 0.00033422923715499715, No Iterations 2, Solve time = 35.853 ms
Schwarz(Jacobi)+Bicgstab:  Solving for Uz, Initial residual = 0.0010848969355119315, Final residual = 7.684731549629492e-05, No Iterations 2, Solve time = 35.853 ms
[mem] after-UEqn: DEVICE_POOL current=19126 MB  actual(reserved)=38146 MB  highWater=24414 MB
[GinkgoSolver] p-cache: reuse(update_matrix_value) solve=23 rebuildInterval=0
config(Cg+Schwarz(Multigrid)):  Solving for p, Initial residual = 0.001294602741575939, Final residual = 1.2310494312240744e-05, No Iterations 27, Solve time = 302.895 ms
time step continuity errors : sum local = 3.0824798631169647e-06, global = -3.361927348259871e-08, cumulative = -4.872693257442109e-07
[mem] after-pEqn: DEVICE_POOL current=19126 MB  actual(reserved)=38146 MB  highWater=24414 MB
[GinkgoSolver] p-cache: reuse(update_matrix_value) solve=23 rebuildInterval=0
Schwarz(Jacobi)+Bicgstab:  Solving for omega, Initial residual = 1.2785357998155579e-05, Final residual = 8.451535302756964e-07, No Iterations 2, Solve time = 13.571 ms
bounding omega, min: -57420.57642459424 max: 45355982.609053366 average: 6371.285737970376
[GinkgoSolver] p-cache: reuse(update_matrix_value) solve=23 rebuildInterval=0
Schwarz(Jacobi)+Bicgstab:  Solving for k, Initial residual = 0.0002430790230683269, Final residual = 1.342568959656301e-05, No Iterations 2, Solve time = 13.556 ms
bounding k, min: -0.009264110896108929 max: 881.1378668939522 average: 9.139913307144639
[mem] after-turb: DEVICE_POOL current=19126 MB  actual(reserved)=38146 MB  highWater=24414 MB
ExecutionTime = 62.7 s  ClockTime = 63 s

Time = 1024
[mem] step-start: DEVICE_POOL current=19126 MB  actual(reserved)=38146 MB  highWater=24414 MB
Schwarz(Jacobi)+Bicgstab:  Solving for Ux, Initial residual = 7.902220689532043e-05, Final residual = 2.7252401336527752e-06, No Iterations 3, Solve time = 48.031 ms
Schwarz(Jacobi)+Bicgstab:  Solving for Uy, Initial residual = 0.0041327741651315236, Final residual = 0.00015161641607462363, No Iterations 3, Solve time = 48.031 ms
Schwarz(Jacobi)+Bicgstab:  Solving for Uz, Initial residual = 0.0010912772993220254, Final residual = 5.707306261378166e-05, No Iterations 3, Solve time = 48.031 ms
[mem] after-UEqn: DEVICE_POOL current=19126 MB  actual(reserved)=38146 MB  highWater=24414 MB
[GinkgoSolver] p-cache: reuse(update_matrix_value) solve=24 rebuildInterval=0
config(Cg+Schwarz(Multigrid)):  Solving for p, Initial residual = 0.0012896701695369675, Final residual = 1.1534995991121368e-05, No Iterations 25, Solve time = 276.681 ms
time step continuity errors : sum local = 2.8877661668489765e-06, global = -2.4029429386357486e-08, cumulative = -5.112987551305683e-07
[mem] after-pEqn: DEVICE_POOL current=19126 MB  actual(reserved)=38146 MB  highWater=24414 MB
[GinkgoSolver] p-cache: reuse(update_matrix_value) solve=24 rebuildInterval=0
Schwarz(Jacobi)+Bicgstab:  Solving for omega, Initial residual = 1.2793104907832822e-05, Final residual = 8.417012056239721e-07, No Iterations 2, Solve time = 13.615 ms
bounding omega, min: -59938.7970233219 max: 45355982.62315677 average: 6371.129811934421
[GinkgoSolver] p-cache: reuse(update_matrix_value) solve=24 rebuildInterval=0
Schwarz(Jacobi)+Bicgstab:  Solving for k, Initial residual = 0.0002431376492917469, Final residual = 1.6077214097070085e-05, No Iterations 2, Solve time = 13.62 ms
bounding k, min: -0.0074641752991607135 max: 879.6613949467643 average: 9.13919007823008
[mem] after-turb: DEVICE_POOL current=19126 MB  actual(reserved)=38146 MB  highWater=24414 MB
ExecutionTime = 63.52 s  ClockTime = 64 s

Time = 1025
[mem] step-start: DEVICE_POOL current=19126 MB  actual(reserved)=38146 MB  highWater=24414 MB
Schwarz(Jacobi)+Bicgstab:  Solving for Ux, Initial residual = 7.910846734735397e-05, Final residual = 3.5767523954168347e-06, No Iterations 3, Solve time = 45.736 ms
Schwarz(Jacobi)+Bicgstab:  Solving for Uy, Initial residual = 0.004124681152495764, Final residual = 0.00014419610570115201, No Iterations 3, Solve time = 45.736 ms
Schwarz(Jacobi)+Bicgstab:  Solving for Uz, Initial residual = 0.0010946504628852067, Final residual = 6.596597219036243e-05, No Iterations 3, Solve time = 45.736 ms
[mem] after-UEqn: DEVICE_POOL current=19126 MB  actual(reserved)=38146 MB  highWater=24414 MB
[GinkgoSolver] p-cache: reuse(update_matrix_value) solve=25 rebuildInterval=0
config(Cg+Schwarz(Multigrid)):  Solving for p, Initial residual = 0.0012901671256917103, Final residual = 1.1428849033605184e-05, No Iterations 28, Solve time = 309.072 ms
time step continuity errors : sum local = 2.8607992059256823e-06, global = -1.9858725516090178e-08, cumulative = -5.311574806466585e-07
[mem] after-pEqn: DEVICE_POOL current=19126 MB  actual(reserved)=38146 MB  highWater=24414 MB
[GinkgoSolver] p-cache: reuse(update_matrix_value) solve=25 rebuildInterval=0
Schwarz(Jacobi)+Bicgstab:  Solving for omega, Initial residual = 1.283781911850912e-05, Final residual = 8.438850173469696e-07, No Iterations 2, Solve time = 13.606 ms
bounding omega, min: -57676.6044087698 max: 45355982.63555855 average: 6371.023528848158
[GinkgoSolver] p-cache: reuse(update_matrix_value) solve=25 rebuildInterval=0
Schwarz(Jacobi)+Bicgstab:  Solving for k, Initial residual = 0.00024359325149254124, Final residual = 2.022978251857617e-05, No Iterations 2, Solve time = 13.571 ms
bounding k, min: -0.01942293084246434 max: 878.3387683727115 average: 9.1384526492838
[mem] after-turb: DEVICE_POOL current=19126 MB  actual(reserved)=38146 MB  highWater=24414 MB
ExecutionTime = 64.38 s  ClockTime = 65 s

Time = 1026
[mem] step-start: DEVICE_POOL current=19126 MB  actual(reserved)=38146 MB  highWater=24414 MB
Schwarz(Jacobi)+Bicgstab:  Solving for Ux, Initial residual = 7.921677853794433e-05, Final residual = 3.2137009333352333e-06, No Iterations 3, Solve time = 45.67 ms
Schwarz(Jacobi)+Bicgstab:  Solving for Uy, Initial residual = 0.004125617640548996, Final residual = 0.0001379596901150036, No Iterations 3, Solve time = 45.67 ms
Schwarz(Jacobi)+Bicgstab:  Solving for Uz, Initial residual = 0.0010977480158416775, Final residual = 7.98105597149696e-05, No Iterations 3, Solve time = 45.67 ms
[mem] after-UEqn: DEVICE_POOL current=19126 MB  actual(reserved)=38146 MB  highWater=24414 MB
[GinkgoSolver] p-cache: reuse(update_matrix_value) solve=26 rebuildInterval=0
config(Cg+Schwarz(Multigrid)):  Solving for p, Initial residual = 0.001291146207808266, Final residual = 1.2695296595378584e-05, No Iterations 27, Solve time = 302.189 ms
time step continuity errors : sum local = 3.177389080370052e-06, global = -3.9124930768650694e-08, cumulative = -5.702824114153093e-07
[mem] after-pEqn: DEVICE_POOL current=19126 MB  actual(reserved)=38146 MB  highWater=24414 MB
[GinkgoSolver] p-cache: reuse(update_matrix_value) solve=26 rebuildInterval=0
Schwarz(Jacobi)+Bicgstab:  Solving for omega, Initial residual = 1.2884517706341376e-05, Final residual = 8.426270790556309e-07, No Iterations 2, Solve time = 13.531 ms
bounding omega, min: -355815.41507822374 max: 45355982.64554093 average: 6370.910852892404
[GinkgoSolver] p-cache: reuse(update_matrix_value) solve=26 rebuildInterval=0
Schwarz(Jacobi)+Bicgstab:  Solving for k, Initial residual = 0.00024438580635595923, Final residual = 5.49270477652543e-06, No Iterations 3, Solve time = 16.907 ms
[mem] after-turb: DEVICE_POOL current=19126 MB  actual(reserved)=38146 MB  highWater=24414 MB
ExecutionTime = 65.22 s  ClockTime = 66 s

Time = 1027
[mem] step-start: DEVICE_POOL current=19126 MB  actual(reserved)=38146 MB  highWater=24414 MB
Schwarz(Jacobi)+Bicgstab:  Solving for Ux, Initial residual = 7.926920323747797e-05, Final residual = 4.420456139633726e-06, No Iterations 2, Solve time = 35.901 ms
Schwarz(Jacobi)+Bicgstab:  Solving for Uy, Initial residual = 0.004134624788966622, Final residual = 0.0007588522392792711, No Iterations 2, Solve time = 35.901 ms
Schwarz(Jacobi)+Bicgstab:  Solving for Uz, Initial residual = 0.0011006358536278559, Final residual = 7.817162771294669e-05, No Iterations 2, Solve time = 35.901 ms
[mem] after-UEqn: DEVICE_POOL current=19126 MB  actual(reserved)=38146 MB  highWater=24414 MB
[GinkgoSolver] p-cache: reuse(update_matrix_value) solve=27 rebuildInterval=0
config(Cg+Schwarz(Multigrid)):  Solving for p, Initial residual = 0.001310970053155426, Final residual = 1.3023633535352636e-05, No Iterations 30, Solve time = 333.086 ms
time step continuity errors : sum local = 3.259391693248174e-06, global = -1.2723301590580751e-08, cumulative = -5.8300571300589e-07
[mem] after-pEqn: DEVICE_POOL current=19126 MB  actual(reserved)=38146 MB  highWater=24414 MB
[GinkgoSolver] p-cache: reuse(update_matrix_value) solve=27 rebuildInterval=0
Schwarz(Jacobi)+Bicgstab:  Solving for omega, Initial residual = 1.2719584476943276e-05, Final residual = 8.428126962903285e-07, No Iterations 2, Solve time = 13.563 ms
bounding omega, min: -56213.46655568512 max: 45355982.65345586 average: 6370.871801666575
[GinkgoSolver] p-cache: reuse(update_matrix_value) solve=27 rebuildInterval=0
Schwarz(Jacobi)+Bicgstab:  Solving for k, Initial residual = 0.0002440896460551064, Final residual = 1.2074243281420572e-05, No Iterations 2, Solve time = 13.57 ms
bounding k, min: -0.00036650639267016126 max: 876.1117498508463 average: 9.137425121859009
[mem] after-turb: DEVICE_POOL current=19126 MB  actual(reserved)=38146 MB  highWater=24414 MB
ExecutionTime = 66.09999999999999 s  ClockTime = 66 s

Time = 1028
[mem] step-start: DEVICE_POOL current=19126 MB  actual(reserved)=38146 MB  highWater=24414 MB
Schwarz(Jacobi)+Bicgstab:  Solving for Ux, Initial residual = 7.955489950624934e-05, Final residual = 3.7933975715419043e-06, No Iterations 3, Solve time = 45.82 ms
Schwarz(Jacobi)+Bicgstab:  Solving for Uy, Initial residual = 0.004109070322782516, Final residual = 0.00015927438419640046, No Iterations 3, Solve time = 45.82 ms
Schwarz(Jacobi)+Bicgstab:  Solving for Uz, Initial residual = 0.0011068346198776155, Final residual = 5.169048050766757e-05, No Iterations 3, Solve time = 45.82 ms
[mem] after-UEqn: DEVICE_POOL current=19126 MB  actual(reserved)=38146 MB  highWater=24414 MB
[GinkgoSolver] p-cache: reuse(update_matrix_value) solve=28 rebuildInterval=0
config(Cg+Schwarz(Multigrid)):  Solving for p, Initial residual = 0.0013029932397287368, Final residual = 1.22875465092493e-05, No Iterations 29, Solve time = 323.785 ms
time step continuity errors : sum local = 3.0749511587375237e-06, global = -6.426700142384564e-09, cumulative = -5.894324131482746e-07
[mem] after-pEqn: DEVICE_POOL current=19126 MB  actual(reserved)=38146 MB  highWater=24414 MB
[GinkgoSolver] p-cache: reuse(update_matrix_value) solve=28 rebuildInterval=0
Schwarz(Jacobi)+Bicgstab:  Solving for omega, Initial residual = 1.2847632495568684e-05, Final residual = 8.407077266743582e-07, No Iterations 2, Solve time = 13.65 ms
bounding omega, min: -54884.92628696164 max: 45355982.66099614 average: 6370.757869401776
[GinkgoSolver] p-cache: reuse(update_matrix_value) solve=28 rebuildInterval=0
Schwarz(Jacobi)+Bicgstab:  Solving for k, Initial residual = 0.0002441779236135526, Final residual = 1.2472871801960879e-05, No Iterations 2, Solve time = 13.599 ms
bounding k, min: -0.0010882848861477716 max: 875.2666442717112 average: 9.136810662709589
[mem] after-turb: DEVICE_POOL current=19126 MB  actual(reserved)=38146 MB  highWater=24414 MB
ExecutionTime = 66.95999999999999 s  ClockTime = 67 s

Time = 1029
[mem] step-start: DEVICE_POOL current=19126 MB  actual(reserved)=38146 MB  highWater=24414 MB
Schwarz(Jacobi)+Bicgstab:  Solving for Ux, Initial residual = 7.960390037411091e-05, Final residual = 4.5200165561829145e-06, No Iterations 2, Solve time = 35.816 ms
Schwarz(Jacobi)+Bicgstab:  Solving for Uy, Initial residual = 0.004116341072374936, Final residual = 0.0007727144572040473, No Iterations 2, Solve time = 35.816 ms
Schwarz(Jacobi)+Bicgstab:  Solving for Uz, Initial residual = 0.001107040515798663, Final residual = 7.834423345148443e-05, No Iterations 2, Solve time = 35.816 ms
[mem] after-UEqn: DEVICE_POOL current=19126 MB  actual(reserved)=38146 MB  highWater=24414 MB
[GinkgoSolver] p-cache: reuse(update_matrix_value) solve=29 rebuildInterval=0
config(Cg+Schwarz(Multigrid)):  Solving for p, Initial residual = 0.001310131505631377, Final residual = 1.234180020064781e-05, No Iterations 27, Solve time = 303.191 ms
time step continuity errors : sum local = 3.088569068502302e-06, global = -7.93441752898307e-09, cumulative = -5.973668306772576e-07
[mem] after-pEqn: DEVICE_POOL current=19126 MB  actual(reserved)=38146 MB  highWater=24414 MB
[GinkgoSolver] p-cache: reuse(update_matrix_value) solve=29 rebuildInterval=0
Schwarz(Jacobi)+Bicgstab:  Solving for omega, Initial residual = 1.2854713882986826e-05, Final residual = 8.422229167162376e-07, No Iterations 2, Solve time = 13.649 ms
bounding omega, min: -54789.884162192444 max: 45355982.668956995 average: 6370.757631451234
[GinkgoSolver] p-cache: reuse(update_matrix_value) solve=29 rebuildInterval=0
Schwarz(Jacobi)+Bicgstab:  Solving for k, Initial residual = 0.00024415705768427327, Final residual = 1.2911992522030269e-05, No Iterations 2, Solve time = 13.637 ms
bounding k, min: -0.00238852662869422 max: 874.5563981121711 average: 9.136423137592296
[mem] after-turb: DEVICE_POOL current=19126 MB  actual(reserved)=38146 MB  highWater=24414 MB
ExecutionTime = 67.8 s  ClockTime = 68 s

Time = 1030
[mem] step-start: DEVICE_POOL current=19126 MB  actual(reserved)=38146 MB  highWater=24414 MB
Schwarz(Jacobi)+Bicgstab:  Solving for Ux, Initial residual = 7.943993363120125e-05, Final residual = 3.6501510715954827e-06, No Iterations 3, Solve time = 45.684 ms
Schwarz(Jacobi)+Bicgstab:  Solving for Uy, Initial residual = 0.004192250584715406, Final residual = 0.00013344063538130337, No Iterations 3, Solve time = 45.684 ms
Schwarz(Jacobi)+Bicgstab:  Solving for Uz, Initial residual = 0.001103029426500498, Final residual = 6.025274776261041e-05, No Iterations 3, Solve time = 45.684 ms
[mem] after-UEqn: DEVICE_POOL current=19126 MB  actual(reserved)=38146 MB  highWater=24414 MB
[GinkgoSolver] p-cache: reuse(update_matrix_value) solve=30 rebuildInterval=0
config(Cg+Schwarz(Multigrid)):  Solving for p, Initial residual = 0.0013028392080395006, Final residual = 1.2292245073725189e-05, No Iterations 28, Solve time = 314.577 ms
time step continuity errors : sum local = 3.0763409536447656e-06, global = -5.665797913124886e-10, cumulative = -5.979334104685701e-07
[mem] after-pEqn: DEVICE_POOL current=19126 MB  actual(reserved)=38146 MB  highWater=24414 MB
[GinkgoSolver] p-cache: reuse(update_matrix_value) solve=30 rebuildInterval=0
Schwarz(Jacobi)+Bicgstab:  Solving for omega, Initial residual = 1.285685439019426e-05, Final residual = 8.431150187631527e-07, No Iterations 2, Solve time = 13.635 ms
bounding omega, min: -280330.207441704 max: 45355982.67743061 average: 6370.770522419009
[GinkgoSolver] p-cache: reuse(update_matrix_value) solve=30 rebuildInterval=0
Schwarz(Jacobi)+Bicgstab:  Solving for k, Initial residual = 0.0002444531867282248, Final residual = 1.3256456912755173e-05, No Iterations 2, Solve time = 13.638 ms
bounding k, min: -0.005039875616368003 max: 873.9320483260313 average: 9.135932847370864
[mem] after-turb: DEVICE_POOL current=19126 MB  actual(reserved)=38146 MB  highWater=24414 MB
ExecutionTime = 68.66 s  ClockTime = 69 s

Time = 1031
[mem] step-start: DEVICE_POOL current=19126 MB  actual(reserved)=38146 MB  highWater=24414 MB
Schwarz(Jacobi)+Bicgstab:  Solving for Ux, Initial residual = 7.93793325461993e-05, Final residual = 3.247756018929245e-06, No Iterations 3, Solve time = 45.694 ms
Schwarz(Jacobi)+Bicgstab:  Solving for Uy, Initial residual = 0.004223867572911975, Final residual = 0.00013371314045284, No Iterations 3, Solve time = 45.694 ms
Schwarz(Jacobi)+Bicgstab:  Solving for Uz, Initial residual = 0.0010992353849398834, Final residual = 2.6080904512875502e-05, No Iterations 3, Solve time = 45.694 ms
[mem] after-UEqn: DEVICE_POOL current=19126 MB  actual(reserved)=38146 MB  highWater=24414 MB
[GinkgoSolver] p-cache: reuse(update_matrix_value) solve=31 rebuildInterval=0
config(Cg+Schwarz(Multigrid)):  Solving for p, Initial residual = 0.0013003506182023225, Final residual = 1.2635254403572664e-05, No Iterations 28, Solve time = 311.817 ms
time step continuity errors : sum local = 3.1623648250115575e-06, global = -6.430070723592687e-11, cumulative = -5.979977111758061e-07
[mem] after-pEqn: DEVICE_POOL current=19126 MB  actual(reserved)=38146 MB  highWater=24414 MB
[GinkgoSolver] p-cache: reuse(update_matrix_value) solve=31 rebuildInterval=0
Schwarz(Jacobi)+Bicgstab:  Solving for omega, Initial residual = 1.2845595693310339e-05, Final residual = 8.376746263991491e-07, No Iterations 2, Solve time = 13.533 ms
bounding omega, min: -52867.57848593712 max: 45355982.6859084 average: 6370.791926969273
[GinkgoSolver] p-cache: reuse(update_matrix_value) solve=31 rebuildInterval=0
Schwarz(Jacobi)+Bicgstab:  Solving for k, Initial residual = 0.00024480506527131164, Final residual = 1.3611507305910964e-05, No Iterations 2, Solve time = 13.598 ms
bounding k, min: -0.0006502992157910929 max: 873.4420909479469 average: 9.135285800091202
[mem] after-turb: DEVICE_POOL current=19126 MB  actual(reserved)=38146 MB  highWater=24414 MB
ExecutionTime = 69.52 s  ClockTime = 70 s

Time = 1032
[mem] step-start: DEVICE_POOL current=19126 MB  actual(reserved)=38146 MB  highWater=24414 MB
Schwarz(Jacobi)+Bicgstab:  Solving for Ux, Initial residual = 7.935939165940683e-05, Final residual = 3.797963613922734e-06, No Iterations 3, Solve time = 46.531 ms
Schwarz(Jacobi)+Bicgstab:  Solving for Uy, Initial residual = 0.004245454999511849, Final residual = 0.00013486189184519287, No Iterations 3, Solve time = 46.531 ms
Schwarz(Jacobi)+Bicgstab:  Solving for Uz, Initial residual = 0.0010928986634329832, Final residual = 4.029007677085619e-05, No Iterations 3, Solve time = 46.531 ms
[mem] after-UEqn: DEVICE_POOL current=19126 MB  actual(reserved)=38146 MB  highWater=24414 MB
[GinkgoSolver] p-cache: reuse(update_matrix_value) solve=32 rebuildInterval=0
config(Cg+Schwarz(Multigrid)):  Solving for p, Initial residual = 0.0012935329112057365, Final residual = 1.1822399627398676e-05, No Iterations 28, Solve time = 314.336 ms
time step continuity errors : sum local = 2.959065296937915e-06, global = 6.46964773682721e-09, cumulative = -5.915280634389789e-07
[mem] after-pEqn: DEVICE_POOL current=19126 MB  actual(reserved)=38146 MB  highWater=24414 MB
[GinkgoSolver] p-cache: reuse(update_matrix_value) solve=32 rebuildInterval=0
Schwarz(Jacobi)+Bicgstab:  Solving for omega, Initial residual = 1.2848893144393253e-05, Final residual = 8.405253324192622e-07, No Iterations 2, Solve time = 13.603 ms
bounding omega, min: -51604.19964089645 max: 45355982.6940919 average: 6370.770839633157
[GinkgoSolver] p-cache: reuse(update_matrix_value) solve=32 rebuildInterval=0
Schwarz(Jacobi)+Bicgstab:  Solving for k, Initial residual = 0.00024530349848819787, Final residual = 1.366639192521682e-05, No Iterations 2, Solve time = 13.595 ms
bounding k, min: -0.0019530400970729843 max: 873.0592992391694 average: 9.134673658331389
[mem] after-turb: DEVICE_POOL current=19126 MB  actual(reserved)=38146 MB  highWater=24414 MB
ExecutionTime = 70.37 s  ClockTime = 71 s

Time = 1033
[mem] step-start: DEVICE_POOL current=19126 MB  actual(reserved)=38146 MB  highWater=24414 MB
Schwarz(Jacobi)+Bicgstab:  Solving for Ux, Initial residual = 7.943634921908348e-05, Final residual = 3.791093458487012e-06, No Iterations 3, Solve time = 45.79 ms
Schwarz(Jacobi)+Bicgstab:  Solving for Uy, Initial residual = 0.004255202332708592, Final residual = 0.0001355112123009564, No Iterations 3, Solve time = 45.79 ms
Schwarz(Jacobi)+Bicgstab:  Solving for Uz, Initial residual = 0.0010927434365634872, Final residual = 2.974192748949485e-05, No Iterations 3, Solve time = 45.79 ms
[mem] after-UEqn: DEVICE_POOL current=19126 MB  actual(reserved)=38146 MB  highWater=24414 MB
[GinkgoSolver] p-cache: reuse(update_matrix_value) solve=33 rebuildInterval=0
config(Cg+Schwarz(Multigrid)):  Solving for p, Initial residual = 0.0012939063380048973, Final residual = 1.2865952338165411e-05, No Iterations 27, Solve time = 302.98 ms
time step continuity errors : sum local = 3.2203206932610626e-06, global = 6.879610106634672e-09, cumulative = -5.846484533323442e-07
[mem] after-pEqn: DEVICE_POOL current=19126 MB  actual(reserved)=38146 MB  highWater=24414 MB
[GinkgoSolver] p-cache: reuse(update_matrix_value) solve=33 rebuildInterval=0
Schwarz(Jacobi)+Bicgstab:  Solving for omega, Initial residual = 1.2850706608336732e-05, Final residual = 8.464113985582452e-07, No Iterations 2, Solve time = 13.61 ms
bounding omega, min: -50987.71473229827 max: 45355982.70115362 average: 6370.764168160652
[GinkgoSolver] p-cache: reuse(update_matrix_value) solve=33 rebuildInterval=0
Schwarz(Jacobi)+Bicgstab:  Solving for k, Initial residual = 0.00024580757063823324, Final residual = 1.351090667650061e-05, No Iterations 2, Solve time = 13.615 ms
bounding k, min: -0.0023763128668489765 max: 872.7714192260594 average: 9.134034335337365
[mem] after-turb: DEVICE_POOL current=19126 MB  actual(reserved)=38146 MB  highWater=24414 MB
ExecutionTime = 71.22 s  ClockTime = 72 s

Time = 1034
[mem] step-start: DEVICE_POOL current=19126 MB  actual(reserved)=38146 MB  highWater=24414 MB
Schwarz(Jacobi)+Bicgstab:  Solving for Ux, Initial residual = 7.954808882871696e-05, Final residual = 4.544651542031265e-06, No Iterations 2, Solve time = 35.558 ms
Schwarz(Jacobi)+Bicgstab:  Solving for Uy, Initial residual = 0.004256952028835448, Final residual = 0.00036263823477793, No Iterations 2, Solve time = 35.558 ms
Schwarz(Jacobi)+Bicgstab:  Solving for Uz, Initial residual = 0.0010941161808771802, Final residual = 6.960967208257181e-05, No Iterations 2, Solve time = 35.558 ms
[mem] after-UEqn: DEVICE_POOL current=19126 MB  actual(reserved)=38146 MB  highWater=24414 MB
[GinkgoSolver] p-cache: reuse(update_matrix_value) solve=34 rebuildInterval=0
config(Cg+Schwarz(Multigrid)):  Solving for p, Initial residual = 0.0013006496305175608, Final residual = 1.2831195430367816e-05, No Iterations 21, Solve time = 240.226 ms
time step continuity errors : sum local = 3.21167852593303e-06, global = -4.358605551949609e-09, cumulative = -5.890070588842938e-07
[mem] after-pEqn: DEVICE_POOL current=19126 MB  actual(reserved)=38146 MB  highWater=24414 MB
[GinkgoSolver] p-cache: reuse(update_matrix_value) solve=34 rebuildInterval=0
Schwarz(Jacobi)+Bicgstab:  Solving for omega, Initial residual = 1.288969486578469e-05, Final residual = 8.562361931755264e-07, No Iterations 2, Solve time = 13.63 ms
bounding omega, min: -222527.86948298078 max: 45355982.7062611 average: 6370.756275782322
[GinkgoSolver] p-cache: reuse(update_matrix_value) solve=34 rebuildInterval=0
Schwarz(Jacobi)+Bicgstab:  Solving for k, Initial residual = 0.0002466038134435933, Final residual = 1.2908866661648851e-05, No Iterations 2, Solve time = 13.507 ms
bounding k, min: -0.0009666512964140984 max: 872.5330124431031 average: 9.133442605256421
[mem] after-turb: DEVICE_POOL current=19126 MB  actual(reserved)=38146 MB  highWater=24414 MB
ExecutionTime = 72 s  ClockTime = 72 s

Time = 1035
[mem] step-start: DEVICE_POOL current=19126 MB  actual(reserved)=38146 MB  highWater=24414 MB
Schwarz(Jacobi)+Bicgstab:  Solving for Ux, Initial residual = 7.982546239210298e-05, Final residual = 4.701223750861843e-06, No Iterations 2, Solve time = 35.791 ms
Schwarz(Jacobi)+Bicgstab:  Solving for Uy, Initial residual = 0.004239396472176296, Final residual = 0.0007277331901039305, No Iterations 2, Solve time = 35.791 ms
Schwarz(Jacobi)+Bicgstab:  Solving for Uz, Initial residual = 0.0011007691978338623, Final residual = 6.019344966702518e-05, No Iterations 2, Solve time = 35.791 ms
[mem] after-UEqn: DEVICE_POOL current=19126 MB  actual(reserved)=38146 MB  highWater=24414 MB
[GinkgoSolver] p-cache: reuse(update_matrix_value) solve=35 rebuildInterval=0
config(Cg+Schwarz(Multigrid)):  Solving for p, Initial residual = 0.0012967294595872144, Final residual = 1.1390665656801973e-05, No Iterations 28, Solve time = 314.735 ms
time step continuity errors : sum local = 2.8512027085869104e-06, global = 3.623591677931937e-09, cumulative = -5.853834672063619e-07
[mem] after-pEqn: DEVICE_POOL current=19126 MB  actual(reserved)=38146 MB  highWater=24414 MB
[GinkgoSolver] p-cache: reuse(update_matrix_value) solve=35 rebuildInterval=0
Schwarz(Jacobi)+Bicgstab:  Solving for omega, Initial residual = 1.2916777058238672e-05, Final residual = 8.605991403540821e-07, No Iterations 2, Solve time = 13.638 ms
bounding omega, min: -48957.116839448696 max: 45355982.70786738 average: 6370.853494058104
[GinkgoSolver] p-cache: reuse(update_matrix_value) solve=35 rebuildInterval=0
Schwarz(Jacobi)+Bicgstab:  Solving for k, Initial residual = 0.00024699376192961596, Final residual = 1.2319407637805687e-05, No Iterations 2, Solve time = 13.617 ms
bounding k, min: -0.005958235553843089 max: 872.4224784516082 average: 9.133076786626104
[mem] after-turb: DEVICE_POOL current=19126 MB  actual(reserved)=38146 MB  highWater=24414 MB
ExecutionTime = 72.84999999999999 s  ClockTime = 73 s

Time = 1036
[mem] step-start: DEVICE_POOL current=19126 MB  actual(reserved)=38146 MB  highWater=24414 MB
Schwarz(Jacobi)+Bicgstab:  Solving for Ux, Initial residual = 7.988856309603175e-05, Final residual = 4.263438769172948e-06, No Iterations 3, Solve time = 45.725 ms
Schwarz(Jacobi)+Bicgstab:  Solving for Uy, Initial residual = 0.004289071585622829, Final residual = 0.00013462335548188433, No Iterations 3, Solve time = 45.725 ms
Schwarz(Jacobi)+Bicgstab:  Solving for Uz, Initial residual = 0.0011005831272210386, Final residual = 7.296327159889008e-05, No Iterations 3, Solve time = 45.725 ms
[mem] after-UEqn: DEVICE_POOL current=19126 MB  actual(reserved)=38146 MB  highWater=24414 MB
[GinkgoSolver] p-cache: reuse(update_matrix_value) solve=36 rebuildInterval=0
config(Cg+Schwarz(Multigrid)):  Solving for p, Initial residual = 0.0012984324804932146, Final residual = 1.2264541319820967e-05, No Iterations 23, Solve time = 258.978 ms
time step continuity errors : sum local = 3.07036743556367e-06, global = 4.828809533426842e-09, cumulative = -5.80554657672935e-07
[mem] after-pEqn: DEVICE_POOL current=19126 MB  actual(reserved)=38146 MB  highWater=24414 MB
[GinkgoSolver] p-cache: reuse(update_matrix_value) solve=36 rebuildInterval=0
Schwarz(Jacobi)+Bicgstab:  Solving for omega, Initial residual = 1.293478158220954e-05, Final residual = 8.655597752814569e-07, No Iterations 2, Solve time = 13.592 ms
bounding omega, min: -48314.939918303266 max: 45355982.70587367 average: 6370.94984734422
[GinkgoSolver] p-cache: reuse(update_matrix_value) solve=36 rebuildInterval=0
Schwarz(Jacobi)+Bicgstab:  Solving for k, Initial residual = 0.0002474792907647628, Final residual = 1.2497668539425656e-05, No Iterations 2, Solve time = 13.621 ms
bounding k, min: -0.0015358701087663188 max: 872.2989102254198 average: 9.132688077784813
[mem] after-turb: DEVICE_POOL current=19126 MB  actual(reserved)=38146 MB  highWater=24414 MB
ExecutionTime = 73.67 s  ClockTime = 74 s

Time = 1037
[mem] step-start: DEVICE_POOL current=19126 MB  actual(reserved)=38146 MB  highWater=24414 MB
Schwarz(Jacobi)+Bicgstab:  Solving for Ux, Initial residual = 7.997230665482406e-05, Final residual = 6.190794198053894e-06, No Iterations 3, Solve time = 45.622 ms
Schwarz(Jacobi)+Bicgstab:  Solving for Uy, Initial residual = 0.0042976801921630345, Final residual = 0.00013490200356757633, No Iterations 3, Solve time = 45.622 ms
Schwarz(Jacobi)+Bicgstab:  Solving for Uz, Initial residual = 0.0011044349405170625, Final residual = 0.00015356911111682775, No Iterations 3, Solve time = 45.622 ms
[mem] after-UEqn: DEVICE_POOL current=19126 MB  actual(reserved)=38146 MB  highWater=24414 MB
[GinkgoSolver] p-cache: reuse(update_matrix_value) solve=37 rebuildInterval=0
config(Cg+Schwarz(Multigrid)):  Solving for p, Initial residual = 0.0013066004214945864, Final residual = 1.2165344247072555e-05, No Iterations 25, Solve time = 279.368 ms
time step continuity errors : sum local = 3.0459360419791156e-06, global = -1.6844780812745767e-08, cumulative = -5.973994384856808e-07
[mem] after-pEqn: DEVICE_POOL current=19126 MB  actual(reserved)=38146 MB  highWater=24414 MB
[GinkgoSolver] p-cache: reuse(update_matrix_value) solve=37 rebuildInterval=0
Schwarz(Jacobi)+Bicgstab:  Solving for omega, Initial residual = 1.3012686991922146e-05, Final residual = 8.841547940536453e-07, No Iterations 2, Solve time = 13.654 ms
bounding omega, min: -47432.744861117535 max: 45355982.69906475 average: 6371.118634290361
[GinkgoSolver] p-cache: reuse(update_matrix_value) solve=37 rebuildInterval=0
Schwarz(Jacobi)+Bicgstab:  Solving for k, Initial residual = 0.0002482514043155182, Final residual = 1.2386740251767017e-05, No Iterations 2, Solve time = 13.596 ms
bounding k, min: -0.002962253190687072 max: 872.2518370602354 average: 9.132578062204471
[mem] after-turb: DEVICE_POOL current=19126 MB  actual(reserved)=38146 MB  highWater=24414 MB
ExecutionTime = 74.48999999999999 s  ClockTime = 75 s

Time = 1038
[mem] step-start: DEVICE_POOL current=19126 MB  actual(reserved)=38146 MB  highWater=24414 MB
Schwarz(Jacobi)+Bicgstab:  Solving for Ux, Initial residual = 8.025854991566375e-05, Final residual = 3.800521996941698e-06, No Iterations 3, Solve time = 45.479 ms
Schwarz(Jacobi)+Bicgstab:  Solving for Uy, Initial residual = 0.004306627191054205, Final residual = 0.00013732505910508567, No Iterations 3, Solve time = 45.479 ms
Schwarz(Jacobi)+Bicgstab:  Solving for Uz, Initial residual = 0.0011161173880740228, Final residual = 4.5810143137300884e-05, No Iterations 3, Solve time = 45.479 ms
[mem] after-UEqn: DEVICE_POOL current=19126 MB  actual(reserved)=38146 MB  highWater=24414 MB
[GinkgoSolver] p-cache: reuse(update_matrix_value) solve=38 rebuildInterval=0
config(Cg+Schwarz(Multigrid)):  Solving for p, Initial residual = 0.001305715314529184, Final residual = 1.2538280278108291e-05, No Iterations 31, Solve time = 343.729 ms
time step continuity errors : sum local = 3.140119869290969e-06, global = 2.1357556314280864e-08, cumulative = -5.760418821713999e-07
[mem] after-pEqn: DEVICE_POOL current=19126 MB  actual(reserved)=38146 MB  highWater=24414 MB
[GinkgoSolver] p-cache: reuse(update_matrix_value) solve=38 rebuildInterval=0
Schwarz(Jacobi)+Bicgstab:  Solving for omega, Initial residual = 1.3031789835735003e-05, Final residual = 8.900581978085539e-07, No Iterations 2, Solve time = 13.658 ms
bounding omega, min: -355296.7427768813 max: 45355982.68809794 average: 6371.232748209798
[GinkgoSolver] p-cache: reuse(update_matrix_value) solve=38 rebuildInterval=0
Schwarz(Jacobi)+Bicgstab:  Solving for k, Initial residual = 0.0002486791119662721, Final residual = 1.2272045528833889e-05, No Iterations 2, Solve time = 13.625 ms
bounding k, min: -0.00736537982730006 max: 872.1989385239185 average: 9.132337601173361
[mem] after-turb: DEVICE_POOL current=19126 MB  actual(reserved)=38146 MB  highWater=24414 MB
ExecutionTime = 75.38 s  ClockTime = 76 s

Time = 1039
[mem] step-start: DEVICE_POOL current=19126 MB  actual(reserved)=38146 MB  highWater=24414 MB
Schwarz(Jacobi)+Bicgstab:  Solving for Ux, Initial residual = 8.032610025914643e-05, Final residual = 4.211135608936651e-06, No Iterations 2, Solve time = 35.731 ms
Schwarz(Jacobi)+Bicgstab:  Solving for Uy, Initial residual = 0.004316109371677638, Final residual = 0.0008068854578958708, No Iterations 2, Solve time = 35.731 ms
Schwarz(Jacobi)+Bicgstab:  Solving for Uz, Initial residual = 0.0011161490651023064, Final residual = 6.637712314046896e-05, No Iterations 2, Solve time = 35.731 ms
[mem] after-UEqn: DEVICE_POOL current=19126 MB  actual(reserved)=38146 MB  highWater=24414 MB
[GinkgoSolver] p-cache: reuse(update_matrix_value) solve=39 rebuildInterval=0
config(Cg+Schwarz(Multigrid)):  Solving for p, Initial residual = 0.0013279046949020437, Final residual = 1.2921416853487035e-05, No Iterations 25, Solve time = 280.764 ms
time step continuity errors : sum local = 3.2385213844064747e-06, global = 1.583328197807725e-09, cumulative = -5.744585539735922e-07
[mem] after-pEqn: DEVICE_POOL current=19126 MB  actual(reserved)=38146 MB  highWater=24414 MB
[GinkgoSolver] p-cache: reuse(update_matrix_value) solve=39 rebuildInterval=0
Schwarz(Jacobi)+Bicgstab:  Solving for omega, Initial residual = 1.3065161341939528e-05, Final residual = 8.94436429199385e-07, No Iterations 2, Solve time = 13.632 ms
bounding omega, min: -45593.57561442914 max: 45355982.67425719 average: 6371.293719287199
[GinkgoSolver] p-cache: reuse(update_matrix_value) solve=39 rebuildInterval=0
Schwarz(Jacobi)+Bicgstab:  Solving for k, Initial residual = 0.0002493739861714132, Final residual = 1.2206155861030794e-05, No Iterations 2, Solve time = 13.635 ms
bounding k, min: -0.014946123766994508 max: 872.1564209438612 average: 9.131939465249232
[mem] after-turb: DEVICE_POOL current=19126 MB  actual(reserved)=38146 MB  highWater=24414 MB
ExecutionTime = 76.19 s  ClockTime = 77 s

Time = 1040
[mem] step-start: DEVICE_POOL current=19126 MB  actual(reserved)=38146 MB  highWater=24414 MB
Schwarz(Jacobi)+Bicgstab:  Solving for Ux, Initial residual = 8.063856260790741e-05, Final residual = 5.090802863924307e-06, No Iterations 3, Solve time = 45.618 ms
Schwarz(Jacobi)+Bicgstab:  Solving for Uy, Initial residual = 0.004286681257687431, Final residual = 0.00016789905035634304, No Iterations 3, Solve time = 45.618 ms
Schwarz(Jacobi)+Bicgstab:  Solving for Uz, Initial residual = 0.001122533908124089, Final residual = 4.96344764883782e-05, No Iterations 3, Solve time = 45.618 ms
[mem] after-UEqn: DEVICE_POOL current=19126 MB  actual(reserved)=38146 MB  highWater=24414 MB
[GinkgoSolver] p-cache: reuse(update_matrix_value) solve=40 rebuildInterval=0
config(Cg+Schwarz(Multigrid)):  Solving for p, Initial residual = 0.0013165039767410068, Final residual = 1.2978934466371255e-05, No Iterations 30, Solve time = 332.29 ms
time step continuity errors : sum local = 3.254355088290385e-06, global = 1.7100628991623453e-08, cumulative = -5.573579249819688e-07
[mem] after-pEqn: DEVICE_POOL current=19126 MB  actual(reserved)=38146 MB  highWater=24414 MB
[GinkgoSolver] p-cache: reuse(update_matrix_value) solve=40 rebuildInterval=0
Schwarz(Jacobi)+Bicgstab:  Solving for omega, Initial residual = 1.3094436369042168e-05, Final residual = 8.995890892909734e-07, No Iterations 2, Solve time = 13.625 ms
bounding omega, min: -44612.13928601114 max: 45355982.65944245 average: 6371.257940028311
[GinkgoSolver] p-cache: reuse(update_matrix_value) solve=40 rebuildInterval=0
Schwarz(Jacobi)+Bicgstab:  Solving for k, Initial residual = 0.000249852951656238, Final residual = 9.18759853644145e-06, No Iterations 2, Solve time = 13.611 ms
bounding k, min: -0.07711844253691363 max: 872.1163711059846 average: 9.131858573394684
[mem] after-turb: DEVICE_POOL current=19126 MB  actual(reserved)=38146 MB  highWater=24414 MB
ExecutionTime = 77.08 s  ClockTime = 78 s

Time = 1041
[mem] step-start: DEVICE_POOL current=19126 MB  actual(reserved)=38146 MB  highWater=24414 MB
Schwarz(Jacobi)+Bicgstab:  Solving for Ux, Initial residual = 8.087600334679524e-05, Final residual = 4.232638691097825e-06, No Iterations 3, Solve time = 45.452 ms
Schwarz(Jacobi)+Bicgstab:  Solving for Uy, Initial residual = 0.004288775294044883, Final residual = 0.00015790669569946513, No Iterations 3, Solve time = 45.452 ms
Schwarz(Jacobi)+Bicgstab:  Solving for Uz, Initial residual = 0.001123613176665467, Final residual = 0.00011338910609757572, No Iterations 3, Solve time = 45.452 ms
[mem] after-UEqn: DEVICE_POOL current=19126 MB  actual(reserved)=38146 MB  highWater=24414 MB
[GinkgoSolver] p-cache: reuse(update_matrix_value) solve=41 rebuildInterval=0
config(Cg+Schwarz(Multigrid)):  Solving for p, Initial residual = 0.0013312748869223879, Final residual = 1.2306148378471765e-05, No Iterations 30, Solve time = 338.441 ms
time step continuity errors : sum local = 3.088667654315976e-06, global = 1.5086012342104412e-08, cumulative = -5.422719126398644e-07
[mem] after-pEqn: DEVICE_POOL current=19126 MB  actual(reserved)=38146 MB  highWater=24414 MB
[GinkgoSolver] p-cache: reuse(update_matrix_value) solve=41 rebuildInterval=0
Schwarz(Jacobi)+Bicgstab:  Solving for omega, Initial residual = 1.3029688107173312e-05, Final residual = 9.016947607989501e-07, No Iterations 2, Solve time = 13.686 ms
bounding omega, min: -45029.18615220672 max: 45355982.64396274 average: 6371.207978140643
[GinkgoSolver] p-cache: reuse(update_matrix_value) solve=41 rebuildInterval=0
Schwarz(Jacobi)+Bicgstab:  Solving for k, Initial residual = 0.00024996499602377727, Final residual = 8.542194725931567e-06, No Iterations 3, Solve time = 16.923 ms
bounding k, min: -0.0001340674796390237 max: 872.0399782354231 average: 9.13155427150736
[mem] after-turb: DEVICE_POOL current=19126 MB  actual(reserved)=38146 MB  highWater=24414 MB
ExecutionTime = 77.95999999999999 s  ClockTime = 78 s

Time = 1042
[mem] step-start: DEVICE_POOL current=19126 MB  actual(reserved)=38146 MB  highWater=24414 MB
Schwarz(Jacobi)+Bicgstab:  Solving for Ux, Initial residual = 8.099864766346065e-05, Final residual = 4.709268887868176e-06, No Iterations 3, Solve time = 45.645 ms
Schwarz(Jacobi)+Bicgstab:  Solving for Uy, Initial residual = 0.004311271543918059, Final residual = 0.00014869943041844293, No Iterations 3, Solve time = 45.645 ms
Schwarz(Jacobi)+Bicgstab:  Solving for Uz, Initial residual = 0.0011182826073009126, Final residual = 3.9439175859268526e-05, No Iterations 3, Solve time = 45.645 ms
[mem] after-UEqn: DEVICE_POOL current=19126 MB  actual(reserved)=38146 MB  highWater=24414 MB
[GinkgoSolver] p-cache: reuse(update_matrix_value) solve=42 rebuildInterval=0
config(Cg+Schwarz(Multigrid)):  Solving for p, Initial residual = 0.001320673923751344, Final residual = 1.2924517296825967e-05, No Iterations 29, Solve time = 321.547 ms
time step continuity errors : sum local = 3.2468197992393346e-06, global = 1.3462676247101268e-08, cumulative = -5.288092363927631e-07
[mem] after-pEqn: DEVICE_POOL current=19126 MB  actual(reserved)=38146 MB  highWater=24414 MB
[GinkgoSolver] p-cache: reuse(update_matrix_value) solve=42 rebuildInterval=0
Schwarz(Jacobi)+Bicgstab:  Solving for omega, Initial residual = 1.3159404068449067e-05, Final residual = 9.061786497961789e-07, No Iterations 2, Solve time = 13.602 ms
bounding omega, min: -233922.35669707024 max: 45355982.63107378 average: 6371.105034030635
[GinkgoSolver] p-cache: reuse(update_matrix_value) solve=42 rebuildInterval=0
Schwarz(Jacobi)+Bicgstab:  Solving for k, Initial residual = 0.0002496672822906543, Final residual = 1.2016218620915262e-05, No Iterations 2, Solve time = 13.548 ms
bounding k, min: -1.3398854011086969e-05 max: 871.9073080614555 average: 9.13137972758514
[mem] after-turb: DEVICE_POOL current=19126 MB  actual(reserved)=38146 MB  highWater=24414 MB
ExecutionTime = 78.81999999999999 s  ClockTime = 79 s

Time = 1043
[mem] step-start: DEVICE_POOL current=19126 MB  actual(reserved)=38146 MB  highWater=24414 MB
Schwarz(Jacobi)+Bicgstab:  Solving for Ux, Initial residual = 8.107516471085705e-05, Final residual = 4.509843656356183e-06, No Iterations 3, Solve time = 45.566 ms
Schwarz(Jacobi)+Bicgstab:  Solving for Uy, Initial residual = 0.004340081710445954, Final residual = 0.00014303348983161923, No Iterations 3, Solve time = 45.566 ms
Schwarz(Jacobi)+Bicgstab:  Solving for Uz, Initial residual = 0.0011129988460885617, Final residual = 3.205639854620338e-05, No Iterations 3, Solve time = 45.566 ms
[mem] after-UEqn: DEVICE_POOL current=19126 MB  actual(reserved)=38146 MB  highWater=24414 MB
[GinkgoSolver] p-cache: reuse(update_matrix_value) solve=43 rebuildInterval=0
config(Cg+Schwarz(Multigrid)):  Solving for p, Initial residual = 0.0013108839781457537, Final residual = 1.2740976144685924e-05, No Iterations 29, Solve time = 321.422 ms
time step continuity errors : sum local = 3.202832566433125e-06, global = 1.2730888865842732e-08, cumulative = -5.160783475269204e-07
[mem] after-pEqn: DEVICE_POOL current=19126 MB  actual(reserved)=38146 MB  highWater=24414 MB
[GinkgoSolver] p-cache: reuse(update_matrix_value) solve=43 rebuildInterval=0
Schwarz(Jacobi)+Bicgstab:  Solving for omega, Initial residual = 1.3161311702493462e-05, Final residual = 9.051694511284627e-07, No Iterations 2, Solve time = 13.663 ms
bounding omega, min: -45975.149167519565 max: 45355982.61786984 average: 6371.049204492789
[GinkgoSolver] p-cache: reuse(update_matrix_value) solve=43 rebuildInterval=0
Schwarz(Jacobi)+Bicgstab:  Solving for k, Initial residual = 0.0002500757252100842, Final residual = 1.2848660054968437e-05, No Iterations 2, Solve time = 13.627 ms
bounding k, min: -0.0005515676253024966 max: 871.738919910428 average: 9.131259043545999
[mem] after-turb: DEVICE_POOL current=19126 MB  actual(reserved)=38146 MB  highWater=24414 MB
ExecutionTime = 79.69 s  ClockTime = 80 s

Time = 1044
[mem] step-start: DEVICE_POOL current=19126 MB  actual(reserved)=38146 MB  highWater=24414 MB
Schwarz(Jacobi)+Bicgstab:  Solving for Ux, Initial residual = 8.108661962493004e-05, Final residual = 4.780455406662289e-06, No Iterations 3, Solve time = 45.622 ms
Schwarz(Jacobi)+Bicgstab:  Solving for Uy, Initial residual = 0.004367996854910098, Final residual = 0.00014208355119089424, No Iterations 3, Solve time = 45.622 ms
Schwarz(Jacobi)+Bicgstab:  Solving for Uz, Initial residual = 0.001110201324771974, Final residual = 3.783259736077799e-05, No Iterations 3, Solve time = 45.622 ms
[mem] after-UEqn: DEVICE_POOL current=19126 MB  actual(reserved)=38146 MB  highWater=24414 MB
[GinkgoSolver] p-cache: reuse(update_matrix_value) solve=44 rebuildInterval=0
config(Cg+Schwarz(Multigrid)):  Solving for p, Initial residual = 0.0013051579139570272, Final residual = 1.2107709305964146e-05, No Iterations 32, Solve time = 353.983 ms
time step continuity errors : sum local = 3.0447513879100048e-06, global = -1.2962388877511537e-08, cumulative = -5.29040736404432e-07
[mem] after-pEqn: DEVICE_POOL current=19126 MB  actual(reserved)=38146 MB  highWater=24414 MB
[GinkgoSolver] p-cache: reuse(update_matrix_value) solve=44 rebuildInterval=0
Schwarz(Jacobi)+Bicgstab:  Solving for omega, Initial residual = 1.3173726626488114e-05, Final residual = 9.030068163589904e-07, No Iterations 2, Solve time = 13.666 ms
bounding omega, min: -46134.456536403144 max: 45355982.60676576 average: 6370.94818242919
[GinkgoSolver] p-cache: reuse(update_matrix_value) solve=44 rebuildInterval=0
Schwarz(Jacobi)+Bicgstab:  Solving for k, Initial residual = 0.0002505341281538101, Final residual = 1.3829954778421014e-05, No Iterations 2, Solve time = 13.571 ms
bounding k, min: -0.003488051739136606 max: 871.5414788407876 average: 9.131230486403025
[mem] after-turb: DEVICE_POOL current=19126 MB  actual(reserved)=38146 MB  highWater=24414 MB
ExecutionTime = 80.59 s  ClockTime = 81 s

Time = 1045
[mem] step-start: DEVICE_POOL current=19126 MB  actual(reserved)=38146 MB  highWater=24414 MB
Schwarz(Jacobi)+Bicgstab:  Solving for Ux, Initial residual = 8.109511824053288e-05, Final residual = 4.074510786757458e-06, No Iterations 3, Solve time = 45.635 ms
Schwarz(Jacobi)+Bicgstab:  Solving for Uy, Initial residual = 0.004390332571909013, Final residual = 0.0001436352986842623, No Iterations 3, Solve time = 45.635 ms
Schwarz(Jacobi)+Bicgstab:  Solving for Uz, Initial residual = 0.0011105057397210827, Final residual = 4.7116754597067355e-05, No Iterations 3, Solve time = 45.635 ms
[mem] after-UEqn: DEVICE_POOL current=19126 MB  actual(reserved)=38146 MB  highWater=24414 MB
[GinkgoSolver] p-cache: reuse(update_matrix_value) solve=45 rebuildInterval=0
config(Cg+Schwarz(Multigrid)):  Solving for p, Initial residual = 0.0012998509040509794, Final residual = 1.1978130077226545e-05, No Iterations 34, Solve time = 373.09 ms
time step continuity errors : sum local = 3.012059926793194e-06, global = -2.4394496874872256e-08, cumulative = -5.534352332793042e-07
[mem] after-pEqn: DEVICE_POOL current=19126 MB  actual(reserved)=38146 MB  highWater=24414 MB
[GinkgoSolver] p-cache: reuse(update_matrix_value) solve=45 rebuildInterval=0
Schwarz(Jacobi)+Bicgstab:  Solving for omega, Initial residual = 1.3180724700478032e-05, Final residual = 9.056102889980765e-07, No Iterations 2, Solve time = 13.629 ms
bounding omega, min: -46582.9303301056 max: 45355982.598477766 average: 6370.876029111775
[GinkgoSolver] p-cache: reuse(update_matrix_value) solve=45 rebuildInterval=0
Schwarz(Jacobi)+Bicgstab:  Solving for k, Initial residual = 0.0002509607715308784, Final residual = 1.440667013769947e-05, No Iterations 2, Solve time = 13.621 ms
bounding k, min: -0.0035958624666245914 max: 871.3455971305843 average: 9.13126603571149
[mem] after-turb: DEVICE_POOL current=19126 MB  actual(reserved)=38146 MB  highWater=24414 MB
ExecutionTime = 81.51000000000001 s  ClockTime = 82 s

Time = 1046
[mem] step-start: DEVICE_POOL current=19126 MB  actual(reserved)=38146 MB  highWater=24414 MB
Schwarz(Jacobi)+Bicgstab:  Solving for Ux, Initial residual = 8.102816973147727e-05, Final residual = 4.628146774025815e-06, No Iterations 3, Solve time = 45.726 ms
Schwarz(Jacobi)+Bicgstab:  Solving for Uy, Initial residual = 0.004404540024548226, Final residual = 0.00014385213851635957, No Iterations 3, Solve time = 45.726 ms
Schwarz(Jacobi)+Bicgstab:  Solving for Uz, Initial residual = 0.0011136980120971312, Final residual = 6.755964690461074e-05, No Iterations 3, Solve time = 45.726 ms
[mem] after-UEqn: DEVICE_POOL current=19126 MB  actual(reserved)=38146 MB  highWater=24414 MB
[GinkgoSolver] p-cache: reuse(update_matrix_value) solve=46 rebuildInterval=0
config(Cg+Schwarz(Multigrid)):  Solving for p, Initial residual = 0.0012992357619555541, Final residual = 1.1478661203447e-05, No Iterations 37, Solve time = 405.696 ms
time step continuity errors : sum local = 2.8844460450684554e-06, global = -7.351526511476554e-08, cumulative = -6.269504983940698e-07
[mem] after-pEqn: DEVICE_POOL current=19126 MB  actual(reserved)=38146 MB  highWater=24414 MB
[GinkgoSolver] p-cache: reuse(update_matrix_value) solve=46 rebuildInterval=0
Schwarz(Jacobi)+Bicgstab:  Solving for omega, Initial residual = 1.3189831893241202e-05, Final residual = 9.061268757662372e-07, No Iterations 2, Solve time = 13.672 ms
bounding omega, min: -188579.82551074246 max: 45355982.593269534 average: 6370.80055229565
[GinkgoSolver] p-cache: reuse(update_matrix_value) solve=46 rebuildInterval=0
Schwarz(Jacobi)+Bicgstab:  Solving for k, Initial residual = 0.0002514495760178448, Final residual = 1.3776722194931638e-05, No Iterations 2, Solve time = 13.538 ms
bounding k, min: -0.004305481935704052 max: 871.1539042488623 average: 9.131445836445208
[mem] after-turb: DEVICE_POOL current=19126 MB  actual(reserved)=38146 MB  highWater=24414 MB
ExecutionTime = 82.45999999999999 s  ClockTime = 83 s

Time = 1047
[mem] step-start: DEVICE_POOL current=19126 MB  actual(reserved)=38146 MB  highWater=24414 MB
Schwarz(Jacobi)+Bicgstab:  Solving for Ux, Initial residual = 8.105620843754675e-05, Final residual = 3.841135682247167e-06, No Iterations 3, Solve time = 45.722 ms
Schwarz(Jacobi)+Bicgstab:  Solving for Uy, Initial residual = 0.004412266734054468, Final residual = 0.00014425980293469943, No Iterations 3, Solve time = 45.722 ms
Schwarz(Jacobi)+Bicgstab:  Solving for Uz, Initial residual = 0.0011194629678654606, Final residual = 3.251423163215771e-05, No Iterations 3, Solve time = 45.722 ms
[mem] after-UEqn: DEVICE_POOL current=19126 MB  actual(reserved)=38146 MB  highWater=24414 MB
[GinkgoSolver] p-cache: reuse(update_matrix_value) solve=47 rebuildInterval=0
config(Cg+Schwarz(Multigrid)):  Solving for p, Initial residual = 0.0012957684366267722, Final residual = 1.2903153517503978e-05, No Iterations 36, Solve time = 393.32 ms
time step continuity errors : sum local = 3.237464810222363e-06, global = -3.584921223232031e-08, cumulative = -6.627997106263901e-07
[mem] after-pEqn: DEVICE_POOL current=19126 MB  actual(reserved)=38146 MB  highWater=24414 MB
[GinkgoSolver] p-cache: reuse(update_matrix_value) solve=47 rebuildInterval=0
Schwarz(Jacobi)+Bicgstab:  Solving for omega, Initial residual = 1.316828324181195e-05, Final residual = 9.005400840314307e-07, No Iterations 2, Solve time = 13.642 ms
bounding omega, min: -47299.525892150064 max: 45355982.590966694 average: 6370.7656427063275
[GinkgoSolver] p-cache: reuse(update_matrix_value) solve=47 rebuildInterval=0
Schwarz(Jacobi)+Bicgstab:  Solving for k, Initial residual = 0.0002517733345447947, Final residual = 1.3988490912979974e-05, No Iterations 2, Solve time = 13.621 ms
bounding k, min: -0.0045217592498698195 max: 870.9297041039581 average: 9.131607839329673
[mem] after-turb: DEVICE_POOL current=19126 MB  actual(reserved)=38146 MB  highWater=24414 MB
ExecutionTime = 83.40000000000001 s  ClockTime = 84 s

Time = 1048
[mem] step-start: DEVICE_POOL current=19126 MB  actual(reserved)=38146 MB  highWater=24414 MB
Schwarz(Jacobi)+Bicgstab:  Solving for Ux, Initial residual = 8.105734580910168e-05, Final residual = 4.095042692719115e-06, No Iterations 3, Solve time = 45.639 ms
Schwarz(Jacobi)+Bicgstab:  Solving for Uy, Initial residual = 0.004416108560439461, Final residual = 0.00014595107147892468, No Iterations 3, Solve time = 45.639 ms
Schwarz(Jacobi)+Bicgstab:  Solving for Uz, Initial residual = 0.0011216621740771221, Final residual = 6.606646681019387e-05, No Iterations 3, Solve time = 45.639 ms
[mem] after-UEqn: DEVICE_POOL current=19126 MB  actual(reserved)=38146 MB  highWater=24414 MB
[GinkgoSolver] p-cache: reuse(update_matrix_value) solve=48 rebuildInterval=0
config(Cg+Schwarz(Multigrid)):  Solving for p, Initial residual = 0.0012957573945069395, Final residual = 1.268700094975515e-05, No Iterations 41, Solve time = 444.363 ms
time step continuity errors : sum local = 3.177179906835849e-06, global = -2.843030813243899e-08, cumulative = -6.912300187588291e-07
[mem] after-pEqn: DEVICE_POOL current=19126 MB  actual(reserved)=38146 MB  highWater=24414 MB
[GinkgoSolver] p-cache: reuse(update_matrix_value) solve=48 rebuildInterval=0
Schwarz(Jacobi)+Bicgstab:  Solving for omega, Initial residual = 1.3171558890740357e-05, Final residual = 8.95625179974695e-07, No Iterations 2, Solve time = 13.532 ms
bounding omega, min: -47368.77968140034 max: 45355982.591224425 average: 6370.71689120419
[GinkgoSolver] p-cache: reuse(update_matrix_value) solve=48 rebuildInterval=0
Schwarz(Jacobi)+Bicgstab:  Solving for k, Initial residual = 0.0002521126573135504, Final residual = 1.3898112902948399e-05, No Iterations 2, Solve time = 13.594 ms
bounding k, min: -0.004495417144851452 max: 870.7271038673819 average: 9.131875369795598
[mem] after-turb: DEVICE_POOL current=19126 MB  actual(reserved)=38146 MB  highWater=24414 MB
ExecutionTime = 84.40000000000001 s  ClockTime = 85 s

Time = 1049
[mem] step-start: DEVICE_POOL current=19126 MB  actual(reserved)=38146 MB  highWater=24414 MB
Schwarz(Jacobi)+Bicgstab:  Solving for Ux, Initial residual = 8.110551248646784e-05, Final residual = 4.763014315237257e-06, No Iterations 2, Solve time = 35.712 ms
Schwarz(Jacobi)+Bicgstab:  Solving for Uy, Initial residual = 0.004416547037450815, Final residual = 0.0002771247852331258, No Iterations 2, Solve time = 35.712 ms
Schwarz(Jacobi)+Bicgstab:  Solving for Uz, Initial residual = 0.0011265475971093588, Final residual = 7.96139853964301e-05, No Iterations 2, Solve time = 35.712 ms
[mem] after-UEqn: DEVICE_POOL current=19126 MB  actual(reserved)=38146 MB  highWater=24414 MB
[GinkgoSolver] p-cache: reuse(update_matrix_value) solve=49 rebuildInterval=0
config(Cg+Schwarz(Multigrid)):  Solving for p, Initial residual = 0.0013040337228036555, Final residual = 1.2246032833888788e-05, No Iterations 22, Solve time = 247.174 ms
time step continuity errors : sum local = 3.0590511491801044e-06, global = -7.416896180126997e-08, cumulative = -7.653989805600991e-07
[mem] after-pEqn: DEVICE_POOL current=19126 MB  actual(reserved)=38146 MB  highWater=24414 MB
[GinkgoSolver] p-cache: reuse(update_matrix_value) solve=49 rebuildInterval=0
Schwarz(Jacobi)+Bicgstab:  Solving for omega, Initial residual = 1.3181887979612056e-05, Final residual = 9.005291125043654e-07, No Iterations 2, Solve time = 13.656 ms
bounding omega, min: -47545.51193946376 max: 45355982.59407567 average: 6370.71821544818
[GinkgoSolver] p-cache: reuse(update_matrix_value) solve=49 rebuildInterval=0
Schwarz(Jacobi)+Bicgstab:  Solving for k, Initial residual = 0.00025255767334728607, Final residual = 1.4059525771528149e-05, No Iterations 2, Solve time = 13.63 ms
bounding k, min: -0.0028532761862777277 max: 870.4240297260095 average: 9.132211622149722
[mem] after-turb: DEVICE_POOL current=19126 MB  actual(reserved)=38146 MB  highWater=24414 MB
ExecutionTime = 85.17 s  ClockTime = 86 s

Time = 1050
[mem] step-start: DEVICE_POOL current=19126 MB  actual(reserved)=38146 MB  highWater=24414 MB
Schwarz(Jacobi)+Bicgstab:  Solving for Ux, Initial residual = 8.12611445701335e-05, Final residual = 4.78587293606313e-06, No Iterations 2, Solve time = 35.89 ms
Schwarz(Jacobi)+Bicgstab:  Solving for Uy, Initial residual = 0.004406659983664985, Final residual = 0.0006618130226457068, No Iterations 2, Solve time = 35.89 ms
Schwarz(Jacobi)+Bicgstab:  Solving for Uz, Initial residual = 0.0011325634032842776, Final residual = 7.900486345650384e-05, No Iterations 2, Solve time = 35.89 ms
[mem] after-UEqn: DEVICE_POOL current=19126 MB  actual(reserved)=38146 MB  highWater=24414 MB
[GinkgoSolver] p-cache: reuse(update_matrix_value) solve=50 rebuildInterval=0
config(Cg+Schwarz(Multigrid)):  Solving for p, Initial residual = 0.0013051570801656106, Final residual = 1.2368082956099888e-05, No Iterations 35, Solve time = 385.539 ms
time step continuity errors : sum local = 3.0886806859745172e-06, global = -4.071313605533552e-08, cumulative = -8.061121166154346e-07
[mem] after-pEqn: DEVICE_POOL current=19126 MB  actual(reserved)=38146 MB  highWater=24414 MB
[GinkgoSolver] p-cache: reuse(update_matrix_value) solve=50 rebuildInterval=0
Schwarz(Jacobi)+Bicgstab:  Solving for omega, Initial residual = 1.3199624489437267e-05, Final residual = 9.024974858490264e-07, No Iterations 2, Solve time = 13.638 ms
bounding omega, min: -137752.60023266467 max: 45355982.60012678 average: 6370.807151101525
[GinkgoSolver] p-cache: reuse(update_matrix_value) solve=50 rebuildInterval=0
Schwarz(Jacobi)+Bicgstab:  Solving for k, Initial residual = 0.000252718007023957, Final residual = 1.4118312392191667e-05, No Iterations 2, Solve time = 13.566 ms
bounding k, min: -0.0038337805468820554 max: 870.1694893125676 average: 9.132811547953311
[mem] after-turb: DEVICE_POOL current=19126 MB  actual(reserved)=38146 MB  highWater=24414 MB
Writing p
Writing U
Writing turbulence variables
ExecutionTime = 87.28 s  ClockTime = 89 s

Finalizing NeoN
Finalising parallel run
