/*---------------------------------------------------------------------------*\
| =========                 |                                                 |
| \\      /  F ield         | OpenFOAM: The Open Source CFD Toolbox           |
|  \\    /   O peration     | Version:  2506                                  |
|   \\  /    A nd           | Website:  www.openfoam.com                      |
|    \\/     M anipulation  |                                                 |
\*---------------------------------------------------------------------------*/
Build  : b050cd9480-20250814 OPENFOAM=2506 version=v2506
Arch   : "LSB;label=32;scalar=64"
Exec   : /storage/home/greole/code/NeoFOAM/build/profilingnvidia_h200/bin/neoSimpleFoam -parallel
Date   : Jul 16 2026
Time   : 18:27:45
Host   : gpu-nvidia-h200-3.int.coma-cluster.de
PID    : 9308
I/O    : uncollated
Case   : /storage/home/greole/code/NeoFOAM/occDrivAerStaticMesh
nProcs : 4
Hosts  :
(
    (gpu-nvidia-h200-3.int.coma-cluster.de 4)
)
Pstream initialized with:
    node communication : off [type=host] (4 ranks, 1 nodes)
    topology controls  : none
    consensus exchange : 0 (tuning: 0)
    exchange algorithm : 0
    commsType          : nonBlocking
    polling iterations : 0
trapFpe: Floating point exception trapping enabled (FOAM_SIGFPE).
fileModificationChecking : Monitoring run-time modified files using timeStampMaster (fileModificationSkew 5, maxFileModificationPolls 20)
allowSystemOperations : Allowing user-supplied system call operations

// * * * * * * * * * * * * * * * * * * * * * * * * * * * * * * * * * * * * * //
Create time

Initializing NeoN
Creating Executor GPU
Creating NeoFOAM runTime
GPU-aware MPI: library-available=yes, NeoN-flag=on, executor=GPUExecutor, ranks=4 -> used=yes

SIMPLE: no convergence criteria found. Calculations will run for 50 steps.

Reading field p

Reading field U

Reading/calculating face flux field phi

Selecting incompressible transport model Newtonian
NeoFOAM solver config (from fvSolution configFile) for 'config(Cg+Schwarz(Multigrid))':
{
    cacheSolver: true
    configFile: <NeoN::TokenList>
    l1ScaledResidual: true
    preconditionerRebuildInterval: 0
    relTol: 0.010000
    reportName: config(Cg+Schwarz(Multigrid))
    solver: Ginkgo
    tolerance: 0.000000
}
    effective optimize: false
    effective checkFrequency: 1
Mapping OpenFOAM solver settings to NeoN settings.
Currently, it is advisable to specify a configFile
for fine grained Ginkgo solver control

Replacing solver PBiCGStab by solver::Bicgstab
Replacing preconditioner diagonal by preconditioner::Schwarz (Schwarz-wrapped for distributed run)
NeoFOAM solver config (mapped from fvSolution) for 'Schwarz(Jacobi)+Bicgstab':
{
    cacheSolver: true
    criteria: {
        absolute_residual_norm: 0.000000
        initial_residual_norm: 0.100000
        iteration: 1000
    }
    l1ScaledResidual: true
    optimize: true
    preconditioner: {
        local_solver: {
            max_block_size: 1
            type: preconditioner::Jacobi
        }
        type: preconditioner::Schwarz
    }
    reportName: Schwarz(Jacobi)+Bicgstab
    solver: Ginkgo
    type: solver::Bicgstab
}
    effective optimize: true
    effective checkFrequency: 1
Creating phi

[NF][/storage/home/greole/code/NeoFOAM/include/NeoFOAM/auxiliary/readers.hpp::434]: Internal: 49333487, Boundary: 1754396

[NF][/storage/home/greole/code/NeoFOAM/include/NeoFOAM/auxiliary/readers.hpp::434]: Internal: 49320882, Boundary: 1762558

[NF][/storage/home/greole/code/NeoFOAM/include/NeoFOAM/auxiliary/readers.hpp::434]: Internal: 49243125, Boundary: 1362247

[NF][/storage/home/greole/code/NeoFOAM/include/NeoFOAM/auxiliary/readers.hpp::434]: Internal: 49261542, Boundary: 1427829
Selecting patchDistMethod meshWave
Mapping OpenFOAM solver settings to NeoN settings.
Currently, it is advisable to specify a configFile
for fine grained Ginkgo solver control

Replacing solver PBiCGStab by solver::Bicgstab
Replacing preconditioner diagonal by preconditioner::Schwarz (Schwarz-wrapped for distributed run)
NeoFOAM solver config (mapped from fvSolution) for 'Schwarz(Jacobi)+Bicgstab':
{
    cacheSolver: true
    criteria: {
        absolute_residual_norm: 0.000000
        initial_residual_norm: 0.100000
        iteration: 1000
    }
    l1ScaledResidual: true
    optimize: true
    preconditioner: {
        local_solver: {
            max_block_size: 1
            type: preconditioner::Jacobi
        }
        type: preconditioner::Schwarz
    }
    reportName: Schwarz(Jacobi)+Bicgstab
    solver: Ginkgo
    type: solver::Bicgstab
}
    effective optimize: true
    effective checkFrequency: 1
Mapping OpenFOAM solver settings to NeoN settings.
Currently, it is advisable to specify a configFile
for fine grained Ginkgo solver control

Replacing solver PBiCGStab by solver::Bicgstab
Replacing preconditioner diagonal by preconditioner::Schwarz (Schwarz-wrapped for distributed run)
NeoFOAM solver config (mapped from fvSolution) for 'Schwarz(Jacobi)+Bicgstab':
{
    cacheSolver: true
    criteria: {
        absolute_residual_norm: 0.000000
        initial_residual_norm: 0.100000
        iteration: 1000
    }
    l1ScaledResidual: true
    optimize: true
    preconditioner: {
        local_solver: {
            max_block_size: 1
            type: preconditioner::Jacobi
        }
        type: preconditioner::Schwarz
    }
    reportName: Schwarz(Jacobi)+Bicgstab
    solver: Ginkgo
    type: solver::Bicgstab
}
    effective optimize: true
    effective checkFrequency: 1
[mem] setup.end: DEVICE_POOL current=12979 MB  actual(reserved)=38146 MB  highWater=19132 MB
Starting time loop
Time = 1001
[mem] step-start: DEVICE_POOL current=12979 MB  actual(reserved)=38146 MB  highWater=19132 MB
Schwarz(Jacobi)+Bicgstab:  Solving for Ux, Initial residual = 7.91565359547378e-05, Final residual = 3.1179240294666e-06, No Iterations 3, Solve time = 235.051 ms
Schwarz(Jacobi)+Bicgstab:  Solving for Uy, Initial residual = 0.004031496388501875, Final residual = 0.0001416085236941067, No Iterations 3, Solve time = 235.051 ms
Schwarz(Jacobi)+Bicgstab:  Solving for Uz, Initial residual = 0.0011224948656558265, Final residual = 4.897539672892682e-05, No Iterations 3, Solve time = 235.051 ms
[mem] after-UEqn: DEVICE_POOL current=15473 MB  actual(reserved)=38146 MB  highWater=20761 MB
[GinkgoSolver] p-cache: rebuild(generate) solve=1 rebuildInterval=0
config(Cg+Schwarz(Multigrid)):  Solving for p, Initial residual = 0.0013092178421721895, Final residual = 1.1638508027928769e-05, No Iterations 18, Solve time = 650.335 ms
time step continuity errors : sum local = 2.939110132143765e-06, global = 2.6984738890423195e-08, cumulative = 2.6984738890423195e-08
[mem] after-pEqn: DEVICE_POOL current=16941 MB  actual(reserved)=38146 MB  highWater=20761 MB
[GinkgoSolver] p-cache: rebuild(generate) solve=1 rebuildInterval=0
Schwarz(Jacobi)+Bicgstab:  Solving for omega, Initial residual = 1.3008746771788699e-05, Final residual = 9.269666752779935e-07, No Iterations 2, Solve time = 74.699 ms
bounding omega, min: -36023.52997233691 max: 45355982.77769652 average: 6373.862629505887
[GinkgoSolver] p-cache: rebuild(generate) solve=1 rebuildInterval=0
Schwarz(Jacobi)+Bicgstab:  Solving for k, Initial residual = 0.0002422421780928516, Final residual = 9.448540858134141e-06, No Iterations 3, Solve time = 98.065 ms
bounding k, min: -2.397749078291565e-05 max: 942.8720269464277 average: 9.152758372807053
[mem] after-turb: DEVICE_POOL current=19126 MB  actual(reserved)=38146 MB  highWater=21935 MB
ExecutionTime = 45.57 s  ClockTime = 46 s

Time = 1002
[mem] step-start: DEVICE_POOL current=19126 MB  actual(reserved)=38146 MB  highWater=21935 MB
Schwarz(Jacobi)+Bicgstab:  Solving for Ux, Initial residual = 7.875081913051987e-05, Final residual = 2.992487417413577e-06, No Iterations 3, Solve time = 234.322 ms
Schwarz(Jacobi)+Bicgstab:  Solving for Uy, Initial residual = 0.004034024817832439, Final residual = 0.00014048437701749344, No Iterations 3, Solve time = 234.322 ms
Schwarz(Jacobi)+Bicgstab:  Solving for Uz, Initial residual = 0.0011190677941372766, Final residual = 4.122634430835596e-05, No Iterations 3, Solve time = 234.322 ms
[mem] after-UEqn: DEVICE_POOL current=19126 MB  actual(reserved)=38146 MB  highWater=24414 MB
[GinkgoSolver] p-cache: reuse(update_matrix_value) solve=2 rebuildInterval=0
config(Cg+Schwarz(Multigrid)):  Solving for p, Initial residual = 0.0012782121697777517, Final residual = 9.393540025271745e-06, No Iterations 21, Solve time = 712.327 ms
time step continuity errors : sum local = 2.374680314845184e-06, global = 1.2736324059814685e-08, cumulative = 3.972106295023788e-08
[mem] after-pEqn: DEVICE_POOL current=19126 MB  actual(reserved)=38146 MB  highWater=24414 MB
[GinkgoSolver] p-cache: reuse(update_matrix_value) solve=2 rebuildInterval=0
Schwarz(Jacobi)+Bicgstab:  Solving for omega, Initial residual = 1.3120273702223422e-05, Final residual = 8.75654738200019e-07, No Iterations 2, Solve time = 77.964 ms
bounding omega, min: -94350.3117519926 max: 45355982.85233168 average: 6373.586794800389
[GinkgoSolver] p-cache: reuse(update_matrix_value) solve=2 rebuildInterval=0
Schwarz(Jacobi)+Bicgstab:  Solving for k, Initial residual = 0.0002414921836300209, Final residual = 1.1411757182592806e-05, No Iterations 2, Solve time = 72.958 ms
bounding k, min: -0.0002926812277279835 max: 934.3787574584721 average: 9.152491847899402
[mem] after-turb: DEVICE_POOL current=19126 MB  actual(reserved)=38146 MB  highWater=24414 MB
ExecutionTime = 47.79 s  ClockTime = 48 s

Time = 1003
[mem] step-start: DEVICE_POOL current=19126 MB  actual(reserved)=38146 MB  highWater=24414 MB
Schwarz(Jacobi)+Bicgstab:  Solving for Ux, Initial residual = 7.858098613341891e-05, Final residual = 2.411712481612483e-06, No Iterations 3, Solve time = 217.662 ms
Schwarz(Jacobi)+Bicgstab:  Solving for Uy, Initial residual = 0.0040306810084300825, Final residual = 0.00013662439751258438, No Iterations 3, Solve time = 217.662 ms
Schwarz(Jacobi)+Bicgstab:  Solving for Uz, Initial residual = 0.001117605217300775, Final residual = 3.907755879988976e-05, No Iterations 3, Solve time = 217.662 ms
[mem] after-UEqn: DEVICE_POOL current=19126 MB  actual(reserved)=38146 MB  highWater=24414 MB
[GinkgoSolver] p-cache: reuse(update_matrix_value) solve=3 rebuildInterval=0
config(Cg+Schwarz(Multigrid)):  Solving for p, Initial residual = 0.001269011026774636, Final residual = 1.1603745593897187e-05, No Iterations 22, Solve time = 742.049 ms
time step continuity errors : sum local = 2.9344753227082513e-06, global = -4.332879097848129e-09, cumulative = 3.538818385238975e-08
[mem] after-pEqn: DEVICE_POOL current=19126 MB  actual(reserved)=38146 MB  highWater=24414 MB
[GinkgoSolver] p-cache: reuse(update_matrix_value) solve=3 rebuildInterval=0
Schwarz(Jacobi)+Bicgstab:  Solving for omega, Initial residual = 1.2976199081688405e-05, Final residual = 8.494928892843596e-07, No Iterations 2, Solve time = 78.706 ms
bounding omega, min: -36293.9340705885 max: 45355982.94080214 average: 6373.45891318667
[GinkgoSolver] p-cache: reuse(update_matrix_value) solve=3 rebuildInterval=0
Schwarz(Jacobi)+Bicgstab:  Solving for k, Initial residual = 0.00024127566549110802, Final residual = 1.311316926097939e-05, No Iterations 2, Solve time = 72.7 ms
bounding k, min: -0.0006903777587775935 max: 922.3303222918968 average: 9.152318569409486
[mem] after-turb: DEVICE_POOL current=19126 MB  actual(reserved)=38146 MB  highWater=24414 MB
ExecutionTime = 50 s  ClockTime = 51 s

Time = 1004
[mem] step-start: DEVICE_POOL current=19126 MB  actual(reserved)=38146 MB  highWater=24414 MB
Schwarz(Jacobi)+Bicgstab:  Solving for Ux, Initial residual = 7.847512800063054e-05, Final residual = 2.0519616455844503e-06, No Iterations 3, Solve time = 222.738 ms
Schwarz(Jacobi)+Bicgstab:  Solving for Uy, Initial residual = 0.004025417036871441, Final residual = 0.00013303458966681597, No Iterations 3, Solve time = 222.738 ms
Schwarz(Jacobi)+Bicgstab:  Solving for Uz, Initial residual = 0.001117238341010713, Final residual = 4.1205042768042745e-05, No Iterations 3, Solve time = 222.738 ms
[mem] after-UEqn: DEVICE_POOL current=19126 MB  actual(reserved)=38146 MB  highWater=24414 MB
[GinkgoSolver] p-cache: reuse(update_matrix_value) solve=4 rebuildInterval=0
config(Cg+Schwarz(Multigrid)):  Solving for p, Initial residual = 0.0012684170023088918, Final residual = 1.2021216435140683e-05, No Iterations 20, Solve time = 677.207 ms
time step continuity errors : sum local = 3.0393292367365083e-06, global = -2.371232207047043e-08, cumulative = 1.1675861781919321e-08
[mem] after-pEqn: DEVICE_POOL current=19126 MB  actual(reserved)=38146 MB  highWater=24414 MB
[GinkgoSolver] p-cache: reuse(update_matrix_value) solve=4 rebuildInterval=0
Schwarz(Jacobi)+Bicgstab:  Solving for omega, Initial residual = 1.2865218386403323e-05, Final residual = 8.407441929934573e-07, No Iterations 2, Solve time = 89.689 ms
bounding omega, min: -34532.14920744549 max: 45355983.02731703 average: 6373.601782307256
[GinkgoSolver] p-cache: reuse(update_matrix_value) solve=4 rebuildInterval=0
Schwarz(Jacobi)+Bicgstab:  Solving for k, Initial residual = 0.0002412380990630631, Final residual = 1.3711199292637356e-05, No Iterations 2, Solve time = 77.686 ms
bounding k, min: -0.005379110493082047 max: 907.4799848482164 average: 9.15210298745687
[mem] after-turb: DEVICE_POOL current=19126 MB  actual(reserved)=38146 MB  highWater=24414 MB
ExecutionTime = 52.16 s  ClockTime = 53 s

Time = 1005
[mem] step-start: DEVICE_POOL current=19126 MB  actual(reserved)=38146 MB  highWater=24414 MB
Schwarz(Jacobi)+Bicgstab:  Solving for Ux, Initial residual = 7.83587276263782e-05, Final residual = 3.867238478517709e-06, No Iterations 2, Solve time = 170.808 ms
Schwarz(Jacobi)+Bicgstab:  Solving for Uy, Initial residual = 0.004019684653612794, Final residual = 0.0002500458409212209, No Iterations 2, Solve time = 170.808 ms
Schwarz(Jacobi)+Bicgstab:  Solving for Uz, Initial residual = 0.0011174662279914748, Final residual = 6.3719093803642e-05, No Iterations 2, Solve time = 170.808 ms
[mem] after-UEqn: DEVICE_POOL current=19126 MB  actual(reserved)=38146 MB  highWater=24414 MB
[GinkgoSolver] p-cache: reuse(update_matrix_value) solve=5 rebuildInterval=0
config(Cg+Schwarz(Multigrid)):  Solving for p, Initial residual = 0.0012752375463176524, Final residual = 1.1732482964910317e-05, No Iterations 22, Solve time = 738.509 ms
time step continuity errors : sum local = 2.965101657585104e-06, global = -3.589021924709081e-08, cumulative = -2.421435746517149e-08
[mem] after-pEqn: DEVICE_POOL current=19126 MB  actual(reserved)=38146 MB  highWater=24414 MB
[GinkgoSolver] p-cache: reuse(update_matrix_value) solve=5 rebuildInterval=0
Schwarz(Jacobi)+Bicgstab:  Solving for omega, Initial residual = 1.2846999503652292e-05, Final residual = 8.45549026844474e-07, No Iterations 2, Solve time = 74.659 ms
bounding omega, min: -35557.16743457608 max: 45355983.09598158 average: 6373.772879688919
[GinkgoSolver] p-cache: reuse(update_matrix_value) solve=5 rebuildInterval=0
Schwarz(Jacobi)+Bicgstab:  Solving for k, Initial residual = 0.0002416429015588877, Final residual = 1.371976083557838e-05, No Iterations 2, Solve time = 72.564 ms
bounding k, min: -0.0023046058327390734 max: 900.1939339362884 average: 9.151931155776415
[mem] after-turb: DEVICE_POOL current=19126 MB  actual(reserved)=38146 MB  highWater=24414 MB
ExecutionTime = 54.34 s  ClockTime = 55 s

Time = 1006
[mem] step-start: DEVICE_POOL current=19126 MB  actual(reserved)=38146 MB  highWater=24414 MB
Schwarz(Jacobi)+Bicgstab:  Solving for Ux, Initial residual = 7.844520298851476e-05, Final residual = 2.460724027133228e-06, No Iterations 3, Solve time = 223.165 ms
Schwarz(Jacobi)+Bicgstab:  Solving for Uy, Initial residual = 0.004011380757718026, Final residual = 0.00015319136849703936, No Iterations 3, Solve time = 223.165 ms
Schwarz(Jacobi)+Bicgstab:  Solving for Uz, Initial residual = 0.0011191177455590097, Final residual = 6.131418467047874e-05, No Iterations 3, Solve time = 223.165 ms
[mem] after-UEqn: DEVICE_POOL current=19126 MB  actual(reserved)=38146 MB  highWater=24414 MB
[GinkgoSolver] p-cache: reuse(update_matrix_value) solve=6 rebuildInterval=0
config(Cg+Schwarz(Multigrid)):  Solving for p, Initial residual = 0.001273767437362484, Final residual = 1.2579097889601267e-05, No Iterations 28, Solve time = 930.226 ms
time step continuity errors : sum local = 3.176502445744502e-06, global = -5.515092968977667e-08, cumulative = -7.936528715494817e-08
[mem] after-pEqn: DEVICE_POOL current=19126 MB  actual(reserved)=38146 MB  highWater=24414 MB
[GinkgoSolver] p-cache: reuse(update_matrix_value) solve=6 rebuildInterval=0
Schwarz(Jacobi)+Bicgstab:  Solving for omega, Initial residual = 1.281064511116854e-05, Final residual = 8.411688601978176e-07, No Iterations 2, Solve time = 75.111 ms
bounding omega, min: -125899.59771077028 max: 45355983.133211814 average: 6373.928447872155
[GinkgoSolver] p-cache: reuse(update_matrix_value) solve=6 rebuildInterval=0
Schwarz(Jacobi)+Bicgstab:  Solving for k, Initial residual = 0.00024170932490390746, Final residual = 1.3492545238869715e-05, No Iterations 2, Solve time = 73.078 ms
bounding k, min: -0.0023425937487175502 max: 894.3428949963898 average: 9.151715679994178
[mem] after-turb: DEVICE_POOL current=19126 MB  actual(reserved)=38146 MB  highWater=24414 MB
ExecutionTime = 56.78 s  ClockTime = 57 s

Time = 1007
[mem] step-start: DEVICE_POOL current=19126 MB  actual(reserved)=38146 MB  highWater=24414 MB
Schwarz(Jacobi)+Bicgstab:  Solving for Ux, Initial residual = 7.838725993882422e-05, Final residual = 4.255883847439929e-06, No Iterations 2, Solve time = 173.477 ms
Schwarz(Jacobi)+Bicgstab:  Solving for Uy, Initial residual = 0.00400906856979887, Final residual = 0.000496036395623286, No Iterations 2, Solve time = 173.477 ms
Schwarz(Jacobi)+Bicgstab:  Solving for Uz, Initial residual = 0.0011200536930252919, Final residual = 7.061223886082342e-05, No Iterations 2, Solve time = 173.477 ms
[mem] after-UEqn: DEVICE_POOL current=19126 MB  actual(reserved)=38146 MB  highWater=24414 MB
[GinkgoSolver] p-cache: reuse(update_matrix_value) solve=7 rebuildInterval=0
config(Cg+Schwarz(Multigrid)):  Solving for p, Initial residual = 0.0012894978337384588, Final residual = 1.2516230324637779e-05, No Iterations 20, Solve time = 675.042 ms
time step continuity errors : sum local = 3.155159802112929e-06, global = -6.89665994936548e-08, cumulative = -1.4833188664860295e-07
[mem] after-pEqn: DEVICE_POOL current=19126 MB  actual(reserved)=38146 MB  highWater=24414 MB
[GinkgoSolver] p-cache: reuse(update_matrix_value) solve=7 rebuildInterval=0
Schwarz(Jacobi)+Bicgstab:  Solving for omega, Initial residual = 1.2811277103681447e-05, Final residual = 8.37573465326811e-07, No Iterations 2, Solve time = 77.131 ms
bounding omega, min: -33267.629888093936 max: 45355983.12806828 average: 6374.060000474413
[GinkgoSolver] p-cache: reuse(update_matrix_value) solve=7 rebuildInterval=0
Schwarz(Jacobi)+Bicgstab:  Solving for k, Initial residual = 0.00024219914796921922, Final residual = 1.341674978217154e-05, No Iterations 2, Solve time = 72.573 ms
bounding k, min: -0.0009454705643948472 max: 892.739110774351 average: 9.151413082168494
[mem] after-turb: DEVICE_POOL current=19126 MB  actual(reserved)=38146 MB  highWater=24414 MB
ExecutionTime = 58.85 s  ClockTime = 60 s

Time = 1008
[mem] step-start: DEVICE_POOL current=19126 MB  actual(reserved)=38146 MB  highWater=24414 MB
Schwarz(Jacobi)+Bicgstab:  Solving for Ux, Initial residual = 7.856781206554691e-05, Final residual = 4.28291006953634e-06, No Iterations 2, Solve time = 164.384 ms
Schwarz(Jacobi)+Bicgstab:  Solving for Uy, Initial residual = 0.003987801135957365, Final residual = 0.0007338214848624099, No Iterations 2, Solve time = 164.384 ms
Schwarz(Jacobi)+Bicgstab:  Solving for Uz, Initial residual = 0.001123072188162725, Final residual = 6.422877135079537e-05, No Iterations 2, Solve time = 164.384 ms
[mem] after-UEqn: DEVICE_POOL current=19126 MB  actual(reserved)=38146 MB  highWater=24414 MB
[GinkgoSolver] p-cache: reuse(update_matrix_value) solve=8 rebuildInterval=0
config(Cg+Schwarz(Multigrid)):  Solving for p, Initial residual = 0.001284874654484463, Final residual = 1.2790615369229487e-05, No Iterations 21, Solve time = 707.176 ms
time step continuity errors : sum local = 3.223118739378588e-06, global = -7.495048254605797e-08, cumulative = -2.2328236919466092e-07
[mem] after-pEqn: DEVICE_POOL current=19126 MB  actual(reserved)=38146 MB  highWater=24414 MB
[GinkgoSolver] p-cache: reuse(update_matrix_value) solve=8 rebuildInterval=0
Schwarz(Jacobi)+Bicgstab:  Solving for omega, Initial residual = 1.2781449888675333e-05, Final residual = 8.353756456809891e-07, No Iterations 2, Solve time = 79.557 ms
bounding omega, min: -37005.54389068056 max: 45355983.0633557 average: 6374.171834092805
[GinkgoSolver] p-cache: reuse(update_matrix_value) solve=8 rebuildInterval=0
Schwarz(Jacobi)+Bicgstab:  Solving for k, Initial residual = 0.00024211025467526511, Final residual = 1.3454230282776023e-05, No Iterations 2, Solve time = 73.084 ms
bounding k, min: -0.0008808582544243375 max: 891.3415219653521 average: 9.151219273413956
[mem] after-turb: DEVICE_POOL current=19126 MB  actual(reserved)=38146 MB  highWater=24414 MB
ExecutionTime = 61 s  ClockTime = 62 s

Time = 1009
[mem] step-start: DEVICE_POOL current=19126 MB  actual(reserved)=38146 MB  highWater=24414 MB
Schwarz(Jacobi)+Bicgstab:  Solving for Ux, Initial residual = 7.841755703289405e-05, Final residual = 2.6138400566285466e-06, No Iterations 3, Solve time = 226.3 ms
Schwarz(Jacobi)+Bicgstab:  Solving for Uy, Initial residual = 0.004038447313228357, Final residual = 0.0001348343613570236, No Iterations 3, Solve time = 226.3 ms
Schwarz(Jacobi)+Bicgstab:  Solving for Uz, Initial residual = 0.0011166645482217936, Final residual = 0.00010282339822919867, No Iterations 3, Solve time = 226.3 ms
[mem] after-UEqn: DEVICE_POOL current=19126 MB  actual(reserved)=38146 MB  highWater=24414 MB
[GinkgoSolver] p-cache: reuse(update_matrix_value) solve=9 rebuildInterval=0
config(Cg+Schwarz(Multigrid)):  Solving for p, Initial residual = 0.001292095695144247, Final residual = 1.2195937976145692e-05, No Iterations 36, Solve time = 1176.7 ms
time step continuity errors : sum local = 3.0717418737205365e-06, global = -2.0454030246504305e-08, cumulative = -2.4373639944116525e-07
[mem] after-pEqn: DEVICE_POOL current=19126 MB  actual(reserved)=38146 MB  highWater=24414 MB
[GinkgoSolver] p-cache: reuse(update_matrix_value) solve=9 rebuildInterval=0
Schwarz(Jacobi)+Bicgstab:  Solving for omega, Initial residual = 1.2746584006895813e-05, Final residual = 8.340715835396157e-07, No Iterations 2, Solve time = 77.489 ms
bounding omega, min: -39180.46141880903 max: 45355982.898891315 average: 6374.220238452161
[GinkgoSolver] p-cache: reuse(update_matrix_value) solve=9 rebuildInterval=0
Schwarz(Jacobi)+Bicgstab:  Solving for k, Initial residual = 0.00024220702591571373, Final residual = 1.3358272340080319e-05, No Iterations 2, Solve time = 72.874 ms
bounding k, min: -0.0015027849011543457 max: 891.9103267630792 average: 9.150641477479764
[mem] after-turb: DEVICE_POOL current=19126 MB  actual(reserved)=38146 MB  highWater=24414 MB
ExecutionTime = 63.67 s  ClockTime = 64 s

Time = 1010
[mem] step-start: DEVICE_POOL current=19126 MB  actual(reserved)=38146 MB  highWater=24414 MB
Schwarz(Jacobi)+Bicgstab:  Solving for Ux, Initial residual = 7.837870410472758e-05, Final residual = 2.8678686705155713e-06, No Iterations 3, Solve time = 221.894 ms
Schwarz(Jacobi)+Bicgstab:  Solving for Uy, Initial residual = 0.00406071429644938, Final residual = 0.00013579943864737423, No Iterations 3, Solve time = 221.894 ms
Schwarz(Jacobi)+Bicgstab:  Solving for Uz, Initial residual = 0.001101503373582185, Final residual = 4.538690994781378e-05, No Iterations 3, Solve time = 221.894 ms
[mem] after-UEqn: DEVICE_POOL current=19126 MB  actual(reserved)=38146 MB  highWater=24414 MB
[GinkgoSolver] p-cache: reuse(update_matrix_value) solve=10 rebuildInterval=0
config(Cg+Schwarz(Multigrid)):  Solving for p, Initial residual = 0.0012790458425569306, Final residual = 1.0021872072045209e-05, No Iterations 18, Solve time = 613.415 ms
time step continuity errors : sum local = 2.519411458692181e-06, global = -8.031931550056107e-08, cumulative = -3.2405571494172633e-07
[mem] after-pEqn: DEVICE_POOL current=19126 MB  actual(reserved)=38146 MB  highWater=24414 MB
[GinkgoSolver] p-cache: reuse(update_matrix_value) solve=10 rebuildInterval=0
Schwarz(Jacobi)+Bicgstab:  Solving for omega, Initial residual = 1.2724400332974826e-05, Final residual = 8.355530249880841e-07, No Iterations 2, Solve time = 80.168 ms
bounding omega, min: -163788.44642868923 max: 45355982.672265396 average: 6374.206754492292
[GinkgoSolver] p-cache: reuse(update_matrix_value) solve=10 rebuildInterval=0
Schwarz(Jacobi)+Bicgstab:  Solving for k, Initial residual = 0.00024223949470210328, Final residual = 1.3171891445718614e-05, No Iterations 2, Solve time = 73.279 ms
bounding k, min: -0.0019143882757053296 max: 892.1181791677553 average: 9.150020277354175
[mem] after-turb: DEVICE_POOL current=19126 MB  actual(reserved)=38146 MB  highWater=24414 MB
ExecutionTime = 65.77 s  ClockTime = 66 s

Time = 1011
[mem] step-start: DEVICE_POOL current=19126 MB  actual(reserved)=38146 MB  highWater=24414 MB
Schwarz(Jacobi)+Bicgstab:  Solving for Ux, Initial residual = 7.832316523570652e-05, Final residual = 3.193576408298206e-06, No Iterations 3, Solve time = 232.258 ms
Schwarz(Jacobi)+Bicgstab:  Solving for Uy, Initial residual = 0.004073735272070773, Final residual = 0.0001375186241659564, No Iterations 3, Solve time = 232.258 ms
Schwarz(Jacobi)+Bicgstab:  Solving for Uz, Initial residual = 0.0010955482377985912, Final residual = 4.1026679322816556e-05, No Iterations 3, Solve time = 232.258 ms
[mem] after-UEqn: DEVICE_POOL current=19126 MB  actual(reserved)=38146 MB  highWater=24414 MB
[GinkgoSolver] p-cache: reuse(update_matrix_value) solve=11 rebuildInterval=0
config(Cg+Schwarz(Multigrid)):  Solving for p, Initial residual = 0.0012741526192631533, Final residual = 1.2632127660330175e-05, No Iterations 25, Solve time = 828.311 ms
time step continuity errors : sum local = 3.174237459873773e-06, global = -7.439652689657282e-08, cumulative = -3.9845224183829914e-07
[mem] after-pEqn: DEVICE_POOL current=19126 MB  actual(reserved)=38146 MB  highWater=24414 MB
[GinkgoSolver] p-cache: reuse(update_matrix_value) solve=11 rebuildInterval=0
Schwarz(Jacobi)+Bicgstab:  Solving for omega, Initial residual = 1.2709481153806998e-05, Final residual = 8.26328126827105e-07, No Iterations 2, Solve time = 78.757 ms
bounding omega, min: -40737.75953718614 max: 45355982.667520635 average: 6374.136753210841
[GinkgoSolver] p-cache: reuse(update_matrix_value) solve=11 rebuildInterval=0
Schwarz(Jacobi)+Bicgstab:  Solving for k, Initial residual = 0.0002422571329756603, Final residual = 1.2668020708346396e-05, No Iterations 2, Solve time = 73.031 ms
bounding k, min: -0.0005377026567834134 max: 892.8891242937326 average: 9.149319484910407
[mem] after-turb: DEVICE_POOL current=19126 MB  actual(reserved)=38146 MB  highWater=24414 MB
ExecutionTime = 68.09 s  ClockTime = 69 s

Time = 1012
[mem] step-start: DEVICE_POOL current=19126 MB  actual(reserved)=38146 MB  highWater=24414 MB
Schwarz(Jacobi)+Bicgstab:  Solving for Ux, Initial residual = 7.831589964566353e-05, Final residual = 4.229672237027628e-06, No Iterations 2, Solve time = 174.758 ms
Schwarz(Jacobi)+Bicgstab:  Solving for Uy, Initial residual = 0.0040755210947170314, Final residual = 0.000490289970119391, No Iterations 2, Solve time = 174.758 ms
Schwarz(Jacobi)+Bicgstab:  Solving for Uz, Initial residual = 0.0010930570596467736, Final residual = 6.415548241445246e-05, No Iterations 2, Solve time = 174.758 ms
[mem] after-UEqn: DEVICE_POOL current=19126 MB  actual(reserved)=38146 MB  highWater=24414 MB
[GinkgoSolver] p-cache: reuse(update_matrix_value) solve=12 rebuildInterval=0
config(Cg+Schwarz(Multigrid)):  Solving for p, Initial residual = 0.001289385958581871, Final residual = 1.2153107965656293e-05, No Iterations 22, Solve time = 737.948 ms
time step continuity errors : sum local = 3.052806814150069e-06, global = -5.63591217778869e-08, cumulative = -4.5481136361618603e-07
[mem] after-pEqn: DEVICE_POOL current=19126 MB  actual(reserved)=38146 MB  highWater=24414 MB
[GinkgoSolver] p-cache: reuse(update_matrix_value) solve=12 rebuildInterval=0
Schwarz(Jacobi)+Bicgstab:  Solving for omega, Initial residual = 1.2721512701682867e-05, Final residual = 8.315525452188258e-07, No Iterations 2, Solve time = 77.671 ms
bounding omega, min: -45109.447632153315 max: 45355982.71093346 average: 6373.974749899498
[GinkgoSolver] p-cache: reuse(update_matrix_value) solve=12 rebuildInterval=0
Schwarz(Jacobi)+Bicgstab:  Solving for k, Initial residual = 0.00024257817455502782, Final residual = 1.2375869754776058e-05, No Iterations 2, Solve time = 72.353 ms
bounding k, min: -0.0001597016468189924 max: 893.0743365340907 average: 9.148509060313755
[mem] after-turb: DEVICE_POOL current=19126 MB  actual(reserved)=38146 MB  highWater=24414 MB
ExecutionTime = 70.28 s  ClockTime = 71 s

Time = 1013
[mem] step-start: DEVICE_POOL current=19126 MB  actual(reserved)=38146 MB  highWater=24414 MB
Schwarz(Jacobi)+Bicgstab:  Solving for Ux, Initial residual = 7.85515015740973e-05, Final residual = 3.0184093776574727e-06, No Iterations 3, Solve time = 238.363 ms
Schwarz(Jacobi)+Bicgstab:  Solving for Uy, Initial residual = 0.004046339971928488, Final residual = 0.00015309791970861218, No Iterations 3, Solve time = 238.363 ms
Schwarz(Jacobi)+Bicgstab:  Solving for Uz, Initial residual = 0.001096738365868082, Final residual = 7.181647579993246e-05, No Iterations 3, Solve time = 238.363 ms
[mem] after-UEqn: DEVICE_POOL current=19126 MB  actual(reserved)=38146 MB  highWater=24414 MB
[GinkgoSolver] p-cache: reuse(update_matrix_value) solve=13 rebuildInterval=0
config(Cg+Schwarz(Multigrid)):  Solving for p, Initial residual = 0.0012862685440808018, Final residual = 1.2426729773400553e-05, No Iterations 24, Solve time = 800.714 ms
time step continuity errors : sum local = 3.1203909150833654e-06, global = -3.727050687327531e-08, cumulative = -4.920818704894614e-07
[mem] after-pEqn: DEVICE_POOL current=19126 MB  actual(reserved)=38146 MB  highWater=24414 MB
[GinkgoSolver] p-cache: reuse(update_matrix_value) solve=13 rebuildInterval=0
Schwarz(Jacobi)+Bicgstab:  Solving for omega, Initial residual = 1.2712652663255876e-05, Final residual = 8.351577273193601e-07, No Iterations 2, Solve time = 80.753 ms
bounding omega, min: -41871.81684385455 max: 45355982.76643784 average: 6373.786478302952
[GinkgoSolver] p-cache: reuse(update_matrix_value) solve=13 rebuildInterval=0
Schwarz(Jacobi)+Bicgstab:  Solving for k, Initial residual = 0.00024243714870428022, Final residual = 1.2199531266065867e-05, No Iterations 2, Solve time = 72.241 ms
bounding k, min: -0.0016975107907880524 max: 893.2618947397614 average: 9.147683419818826
[mem] after-turb: DEVICE_POOL current=19126 MB  actual(reserved)=38146 MB  highWater=24414 MB
ExecutionTime = 72.58 s  ClockTime = 73 s

Time = 1014
[mem] step-start: DEVICE_POOL current=19126 MB  actual(reserved)=38146 MB  highWater=24414 MB
Schwarz(Jacobi)+Bicgstab:  Solving for Ux, Initial residual = 7.855005430809704e-05, Final residual = 3.5397255247985454e-06, No Iterations 3, Solve time = 217.919 ms
Schwarz(Jacobi)+Bicgstab:  Solving for Uy, Initial residual = 0.004033025909368916, Final residual = 0.00014700021431339222, No Iterations 3, Solve time = 217.919 ms
Schwarz(Jacobi)+Bicgstab:  Solving for Uz, Initial residual = 0.0011018904311900085, Final residual = 4.523711101994604e-05, No Iterations 3, Solve time = 217.919 ms
[mem] after-UEqn: DEVICE_POOL current=19126 MB  actual(reserved)=38146 MB  highWater=24414 MB
[GinkgoSolver] p-cache: reuse(update_matrix_value) solve=14 rebuildInterval=0
config(Cg+Schwarz(Multigrid)):  Solving for p, Initial residual = 0.0012863646511454556, Final residual = 1.1891702403715132e-05, No Iterations 26, Solve time = 862.124 ms
time step continuity errors : sum local = 2.98498049055709e-06, global = -3.0953628698655434e-08, cumulative = -5.230354991881168e-07
[mem] after-pEqn: DEVICE_POOL current=19126 MB  actual(reserved)=38146 MB  highWater=24414 MB
[GinkgoSolver] p-cache: reuse(update_matrix_value) solve=14 rebuildInterval=0
Schwarz(Jacobi)+Bicgstab:  Solving for omega, Initial residual = 1.2696897338385883e-05, Final residual = 8.35247456536583e-07, No Iterations 2, Solve time = 78.017 ms
bounding omega, min: -272256.39888401586 max: 45355982.80106976 average: 6373.548534250909
[GinkgoSolver] p-cache: reuse(update_matrix_value) solve=14 rebuildInterval=0
Schwarz(Jacobi)+Bicgstab:  Solving for k, Initial residual = 0.00024235422246305223, Final residual = 1.2097112488940032e-05, No Iterations 2, Solve time = 72.188 ms
bounding k, min: -0.001992816325513222 max: 892.8681215757377 average: 9.146788318294004
[mem] after-turb: DEVICE_POOL current=19126 MB  actual(reserved)=38146 MB  highWater=24414 MB
ExecutionTime = 74.93000000000001 s  ClockTime = 76 s

Time = 1015
[mem] step-start: DEVICE_POOL current=19126 MB  actual(reserved)=38146 MB  highWater=24414 MB
Schwarz(Jacobi)+Bicgstab:  Solving for Ux, Initial residual = 7.852703281317751e-05, Final residual = 3.848988350389468e-06, No Iterations 3, Solve time = 227.02 ms
Schwarz(Jacobi)+Bicgstab:  Solving for Uy, Initial residual = 0.004029508065195541, Final residual = 0.00014059090652648285, No Iterations 3, Solve time = 227.02 ms
Schwarz(Jacobi)+Bicgstab:  Solving for Uz, Initial residual = 0.001104207847640224, Final residual = 3.97201538524196e-05, No Iterations 3, Solve time = 227.02 ms
[mem] after-UEqn: DEVICE_POOL current=19126 MB  actual(reserved)=38146 MB  highWater=24414 MB
[GinkgoSolver] p-cache: reuse(update_matrix_value) solve=15 rebuildInterval=0
config(Cg+Schwarz(Multigrid)):  Solving for p, Initial residual = 0.0012835757862752217, Final residual = 1.1442513692445186e-05, No Iterations 26, Solve time = 862.641 ms
time step continuity errors : sum local = 2.871446117555087e-06, global = -2.055005558443272e-08, cumulative = -5.435855547725496e-07
[mem] after-pEqn: DEVICE_POOL current=19126 MB  actual(reserved)=38146 MB  highWater=24414 MB
[GinkgoSolver] p-cache: reuse(update_matrix_value) solve=15 rebuildInterval=0
Schwarz(Jacobi)+Bicgstab:  Solving for omega, Initial residual = 1.2697956352391438e-05, Final residual = 8.331210964189474e-07, No Iterations 2, Solve time = 72.205 ms
bounding omega, min: -49586.813299829024 max: 45355982.79089769 average: 6373.313805591183
[GinkgoSolver] p-cache: reuse(update_matrix_value) solve=15 rebuildInterval=0
Schwarz(Jacobi)+Bicgstab:  Solving for k, Initial residual = 0.0002423626478885305, Final residual = 1.2184322844952185e-05, No Iterations 2, Solve time = 70.345 ms
bounding k, min: -0.002123636743050071 max: 892.3870397554903 average: 9.145878669034207
[mem] after-turb: DEVICE_POOL current=19126 MB  actual(reserved)=38146 MB  highWater=24414 MB
ExecutionTime = 77.29000000000001 s  ClockTime = 78 s

Time = 1016
[mem] step-start: DEVICE_POOL current=19126 MB  actual(reserved)=38146 MB  highWater=24414 MB
Schwarz(Jacobi)+Bicgstab:  Solving for Ux, Initial residual = 7.852267481589517e-05, Final residual = 3.6587548311713664e-06, No Iterations 3, Solve time = 235.891 ms
Schwarz(Jacobi)+Bicgstab:  Solving for Uy, Initial residual = 0.00403681100905262, Final residual = 0.00013522205623449194, No Iterations 3, Solve time = 235.891 ms
Schwarz(Jacobi)+Bicgstab:  Solving for Uz, Initial residual = 0.0011032223452067777, Final residual = 5.195662537730016e-05, No Iterations 3, Solve time = 235.891 ms
[mem] after-UEqn: DEVICE_POOL current=19126 MB  actual(reserved)=38146 MB  highWater=24414 MB
[GinkgoSolver] p-cache: reuse(update_matrix_value) solve=16 rebuildInterval=0
config(Cg+Schwarz(Multigrid)):  Solving for p, Initial residual = 0.0012814180743829272, Final residual = 1.2658097353446134e-05, No Iterations 24, Solve time = 799.121 ms
time step continuity errors : sum local = 3.175421298622321e-06, global = -1.1541435209816086e-08, cumulative = -5.551269899823657e-07
[mem] after-pEqn: DEVICE_POOL current=19126 MB  actual(reserved)=38146 MB  highWater=24414 MB
[GinkgoSolver] p-cache: reuse(update_matrix_value) solve=16 rebuildInterval=0
Schwarz(Jacobi)+Bicgstab:  Solving for omega, Initial residual = 1.2699750607285989e-05, Final residual = 8.333328648133656e-07, No Iterations 2, Solve time = 74.695 ms
bounding omega, min: -48279.42908867609 max: 45355982.731231324 average: 6373.024051039528
[GinkgoSolver] p-cache: reuse(update_matrix_value) solve=16 rebuildInterval=0
Schwarz(Jacobi)+Bicgstab:  Solving for k, Initial residual = 0.00024235872930346538, Final residual = 1.2222743501528979e-05, No Iterations 2, Solve time = 71.609 ms
bounding k, min: -0.0025833232997566694 max: 891.4552361665119 average: 9.14498260561716
[mem] after-turb: DEVICE_POOL current=19126 MB  actual(reserved)=38146 MB  highWater=24414 MB
ExecutionTime = 79.59 s  ClockTime = 80 s

Time = 1017
[mem] step-start: DEVICE_POOL current=19126 MB  actual(reserved)=38146 MB  highWater=24414 MB
Schwarz(Jacobi)+Bicgstab:  Solving for Ux, Initial residual = 7.850369447972334e-05, Final residual = 4.304480512454735e-06, No Iterations 2, Solve time = 160.108 ms
Schwarz(Jacobi)+Bicgstab:  Solving for Uy, Initial residual = 0.004049799938875629, Final residual = 0.0005797364550507289, No Iterations 2, Solve time = 160.108 ms
Schwarz(Jacobi)+Bicgstab:  Solving for Uz, Initial residual = 0.0011013894429425933, Final residual = 7.37633224337637e-05, No Iterations 2, Solve time = 160.108 ms
[mem] after-UEqn: DEVICE_POOL current=19126 MB  actual(reserved)=38146 MB  highWater=24414 MB
[GinkgoSolver] p-cache: reuse(update_matrix_value) solve=17 rebuildInterval=0
config(Cg+Schwarz(Multigrid)):  Solving for p, Initial residual = 0.0012912536350466193, Final residual = 1.25497356918655e-05, No Iterations 24, Solve time = 798.437 ms
time step continuity errors : sum local = 3.14693811827464e-06, global = 6.214182950585132e-09, cumulative = -5.489128070317806e-07
[mem] after-pEqn: DEVICE_POOL current=19126 MB  actual(reserved)=38146 MB  highWater=24414 MB
[GinkgoSolver] p-cache: reuse(update_matrix_value) solve=17 rebuildInterval=0
Schwarz(Jacobi)+Bicgstab:  Solving for omega, Initial residual = 1.273529294661629e-05, Final residual = 8.425124969278955e-07, No Iterations 2, Solve time = 76.87 ms
bounding omega, min: -46393.04023493568 max: 45355982.65346978 average: 6372.705830834659
[GinkgoSolver] p-cache: reuse(update_matrix_value) solve=17 rebuildInterval=0
Schwarz(Jacobi)+Bicgstab:  Solving for k, Initial residual = 0.0002427196897619758, Final residual = 1.2342729106576012e-05, No Iterations 2, Solve time = 72.349 ms
bounding k, min: -0.005721997162842732 max: 890.3565085536959 average: 9.144061527701275
[mem] after-turb: DEVICE_POOL current=19126 MB  actual(reserved)=38146 MB  highWater=24414 MB
ExecutionTime = 81.81999999999999 s  ClockTime = 83 s

Time = 1018
[mem] step-start: DEVICE_POOL current=19126 MB  actual(reserved)=38146 MB  highWater=24414 MB
Schwarz(Jacobi)+Bicgstab:  Solving for Ux, Initial residual = 7.87264019255233e-05, Final residual = 4.3334954392416985e-06, No Iterations 2, Solve time = 166.407 ms
Schwarz(Jacobi)+Bicgstab:  Solving for Uy, Initial residual = 0.0040357297316207345, Final residual = 0.0007906478766955842, No Iterations 2, Solve time = 166.407 ms
Schwarz(Jacobi)+Bicgstab:  Solving for Uz, Initial residual = 0.0011031700560768382, Final residual = 7.354899888236107e-05, No Iterations 2, Solve time = 166.407 ms
[mem] after-UEqn: DEVICE_POOL current=19126 MB  actual(reserved)=38146 MB  highWater=24414 MB
[GinkgoSolver] p-cache: reuse(update_matrix_value) solve=18 rebuildInterval=0
config(Cg+Schwarz(Multigrid)):  Solving for p, Initial residual = 0.0012937654118815396, Final residual = 1.2435719049122175e-05, No Iterations 26, Solve time = 864.685 ms
time step continuity errors : sum local = 3.1174377674369393e-06, global = 1.8293051124859102e-08, cumulative = -5.306197559069215e-07
[mem] after-pEqn: DEVICE_POOL current=19126 MB  actual(reserved)=38146 MB  highWater=24414 MB
[GinkgoSolver] p-cache: reuse(update_matrix_value) solve=18 rebuildInterval=0
Schwarz(Jacobi)+Bicgstab:  Solving for omega, Initial residual = 1.2736176784246043e-05, Final residual = 8.447273644636615e-07, No Iterations 2, Solve time = 90.835 ms
bounding omega, min: -387842.2791128005 max: 45355982.59181574 average: 6372.435340852251
[GinkgoSolver] p-cache: reuse(update_matrix_value) solve=18 rebuildInterval=0
Schwarz(Jacobi)+Bicgstab:  Solving for k, Initial residual = 0.00024247547106077697, Final residual = 1.2380817259810272e-05, No Iterations 2, Solve time = 73.768 ms
bounding k, min: -0.004488087389342518 max: 888.9469503900787 average: 9.143405608187587
[mem] after-turb: DEVICE_POOL current=19126 MB  actual(reserved)=38146 MB  highWater=24414 MB
ExecutionTime = 84.11 s  ClockTime = 85 s

Time = 1019
[mem] step-start: DEVICE_POOL current=19126 MB  actual(reserved)=38146 MB  highWater=24414 MB
Schwarz(Jacobi)+Bicgstab:  Solving for Ux, Initial residual = 7.860205135607462e-05, Final residual = 3.0341299085958567e-06, No Iterations 3, Solve time = 219.266 ms
Schwarz(Jacobi)+Bicgstab:  Solving for Uy, Initial residual = 0.004096580731405108, Final residual = 0.00013809925345888423, No Iterations 3, Solve time = 219.266 ms
Schwarz(Jacobi)+Bicgstab:  Solving for Uz, Initial residual = 0.0010969016060543482, Final residual = 4.448231091556618e-05, No Iterations 3, Solve time = 219.266 ms
[mem] after-UEqn: DEVICE_POOL current=19126 MB  actual(reserved)=38146 MB  highWater=24414 MB
[GinkgoSolver] p-cache: reuse(update_matrix_value) solve=19 rebuildInterval=0
config(Cg+Schwarz(Multigrid)):  Solving for p, Initial residual = 0.0012888870042936497, Final residual = 1.2760828137384287e-05, No Iterations 24, Solve time = 800.113 ms
time step continuity errors : sum local = 3.1981261843789427e-06, global = 3.1804140533766834e-08, cumulative = -4.988156153731546e-07
[mem] after-pEqn: DEVICE_POOL current=19126 MB  actual(reserved)=38146 MB  highWater=24414 MB
[GinkgoSolver] p-cache: reuse(update_matrix_value) solve=19 rebuildInterval=0
Schwarz(Jacobi)+Bicgstab:  Solving for omega, Initial residual = 1.2730569427360375e-05, Final residual = 8.397613103668889e-07, No Iterations 2, Solve time = 77.509 ms
bounding omega, min: -59162.87265221347 max: 45355982.57423322 average: 6372.213420003869
[GinkgoSolver] p-cache: reuse(update_matrix_value) solve=19 rebuildInterval=0
Schwarz(Jacobi)+Bicgstab:  Solving for k, Initial residual = 0.00024247197712079356, Final residual = 1.2485840896927605e-05, No Iterations 2, Solve time = 71.835 ms
bounding k, min: -0.004644785228137049 max: 887.467003261833 average: 9.142667558338017
[mem] after-turb: DEVICE_POOL current=19126 MB  actual(reserved)=38146 MB  highWater=24414 MB
ExecutionTime = 86.40000000000001 s  ClockTime = 87 s

Time = 1020
[mem] step-start: DEVICE_POOL current=19126 MB  actual(reserved)=38146 MB  highWater=24414 MB
Schwarz(Jacobi)+Bicgstab:  Solving for Ux, Initial residual = 7.856911273458034e-05, Final residual = 3.176129483376095e-06, No Iterations 3, Solve time = 231.046 ms
Schwarz(Jacobi)+Bicgstab:  Solving for Uy, Initial residual = 0.004120040312895063, Final residual = 0.0001364401054104312, No Iterations 3, Solve time = 231.046 ms
Schwarz(Jacobi)+Bicgstab:  Solving for Uz, Initial residual = 0.0010903283607346381, Final residual = 3.861882143030528e-05, No Iterations 3, Solve time = 231.046 ms
[mem] after-UEqn: DEVICE_POOL current=19126 MB  actual(reserved)=38146 MB  highWater=24414 MB
[GinkgoSolver] p-cache: reuse(update_matrix_value) solve=20 rebuildInterval=0
config(Cg+Schwarz(Multigrid)):  Solving for p, Initial residual = 0.001285889778475899, Final residual = 1.2814861003665989e-05, No Iterations 25, Solve time = 830.925 ms
time step continuity errors : sum local = 3.2110179460023094e-06, global = 3.045335972583092e-08, cumulative = -4.683622556473237e-07
[mem] after-pEqn: DEVICE_POOL current=19126 MB  actual(reserved)=38146 MB  highWater=24414 MB
[GinkgoSolver] p-cache: reuse(update_matrix_value) solve=20 rebuildInterval=0
Schwarz(Jacobi)+Bicgstab:  Solving for omega, Initial residual = 1.2723614252264651e-05, Final residual = 8.367833521774261e-07, No Iterations 2, Solve time = 79.222 ms
bounding omega, min: -59465.64981380606 max: 45355982.57574854 average: 6371.948328662159
[GinkgoSolver] p-cache: reuse(update_matrix_value) solve=20 rebuildInterval=0
Schwarz(Jacobi)+Bicgstab:  Solving for k, Initial residual = 0.00024251320324894879, Final residual = 1.2564067278760244e-05, No Iterations 2, Solve time = 72.825 ms
bounding k, min: -0.006522389395740791 max: 885.8363863737558 average: 9.141930850056053
[mem] after-turb: DEVICE_POOL current=19126 MB  actual(reserved)=38146 MB  highWater=24414 MB
ExecutionTime = 88.73 s  ClockTime = 90 s

Time = 1021
[mem] step-start: DEVICE_POOL current=19126 MB  actual(reserved)=38146 MB  highWater=24414 MB
Schwarz(Jacobi)+Bicgstab:  Solving for Ux, Initial residual = 7.860999557404006e-05, Final residual = 3.649679838137363e-06, No Iterations 3, Solve time = 216.913 ms
Schwarz(Jacobi)+Bicgstab:  Solving for Uy, Initial residual = 0.004132992626801756, Final residual = 0.00013667087351832482, No Iterations 3, Solve time = 216.913 ms
Schwarz(Jacobi)+Bicgstab:  Solving for Uz, Initial residual = 0.0010865688132752473, Final residual = 3.840500230195808e-05, No Iterations 3, Solve time = 216.913 ms
[mem] after-UEqn: DEVICE_POOL current=19126 MB  actual(reserved)=38146 MB  highWater=24414 MB
[GinkgoSolver] p-cache: reuse(update_matrix_value) solve=21 rebuildInterval=0
config(Cg+Schwarz(Multigrid)):  Solving for p, Initial residual = 0.0012836490090818247, Final residual = 1.1815811704649578e-05, No Iterations 20, Solve time = 674.874 ms
time step continuity errors : sum local = 2.9604789680551315e-06, global = 3.5249497095736994e-08, cumulative = -4.3311275855158673e-07
[mem] after-pEqn: DEVICE_POOL current=19126 MB  actual(reserved)=38146 MB  highWater=24414 MB
[GinkgoSolver] p-cache: reuse(update_matrix_value) solve=21 rebuildInterval=0
Schwarz(Jacobi)+Bicgstab:  Solving for omega, Initial residual = 1.2731570468847498e-05, Final residual = 8.410770288596313e-07, No Iterations 2, Solve time = 80.778 ms
bounding omega, min: -60447.770229387235 max: 45355982.58438487 average: 6371.700133192888
[GinkgoSolver] p-cache: reuse(update_matrix_value) solve=21 rebuildInterval=0
Schwarz(Jacobi)+Bicgstab:  Solving for k, Initial residual = 0.0002426043162397032, Final residual = 1.2732632309836482e-05, No Iterations 2, Solve time = 73.023 ms
bounding k, min: -0.0028679109792612706 max: 884.2109137465806 average: 9.141223797833415
[mem] after-turb: DEVICE_POOL current=19126 MB  actual(reserved)=38146 MB  highWater=24414 MB
ExecutionTime = 90.88 s  ClockTime = 92 s

Time = 1022
[mem] step-start: DEVICE_POOL current=19126 MB  actual(reserved)=38146 MB  highWater=24414 MB
Schwarz(Jacobi)+Bicgstab:  Solving for Ux, Initial residual = 7.868985054272462e-05, Final residual = 4.382340113413205e-06, No Iterations 2, Solve time = 170.041 ms
Schwarz(Jacobi)+Bicgstab:  Solving for Uy, Initial residual = 0.0041369201742385096, Final residual = 0.0005351007409365535, No Iterations 2, Solve time = 170.041 ms
Schwarz(Jacobi)+Bicgstab:  Solving for Uz, Initial residual = 0.0010857617480969429, Final residual = 7.670902674174338e-05, No Iterations 2, Solve time = 170.041 ms
[mem] after-UEqn: DEVICE_POOL current=19126 MB  actual(reserved)=38146 MB  highWater=24414 MB
[GinkgoSolver] p-cache: reuse(update_matrix_value) solve=22 rebuildInterval=0
config(Cg+Schwarz(Multigrid)):  Solving for p, Initial residual = 0.0013011122505394304, Final residual = 1.1088148797588264e-05, No Iterations 23, Solve time = 768.714 ms
time step continuity errors : sum local = 2.77762936918965e-06, global = 1.5858916228288792e-08, cumulative = -4.1725384232329794e-07
[mem] after-pEqn: DEVICE_POOL current=19126 MB  actual(reserved)=38146 MB  highWater=24414 MB
[GinkgoSolver] p-cache: reuse(update_matrix_value) solve=22 rebuildInterval=0
Schwarz(Jacobi)+Bicgstab:  Solving for omega, Initial residual = 1.2773571333925045e-05, Final residual = 8.476185984473087e-07, No Iterations 2, Solve time = 77.377 ms
bounding omega, min: -327154.36363830947 max: 45355982.59749815 average: 6371.443773637829
[GinkgoSolver] p-cache: reuse(update_matrix_value) solve=22 rebuildInterval=0
Schwarz(Jacobi)+Bicgstab:  Solving for k, Initial residual = 0.000243002120323241, Final residual = 1.302241566089052e-05, No Iterations 2, Solve time = 72.97 ms
bounding k, min: -0.003655114500541734 max: 882.6103859531164 average: 9.140519170527089
[mem] after-turb: DEVICE_POOL current=19126 MB  actual(reserved)=38146 MB  highWater=24414 MB
ExecutionTime = 93.09999999999999 s  ClockTime = 94 s

Time = 1023
[mem] step-start: DEVICE_POOL current=19126 MB  actual(reserved)=38146 MB  highWater=24414 MB
Schwarz(Jacobi)+Bicgstab:  Solving for Ux, Initial residual = 7.898631889844935e-05, Final residual = 3.028130725548997e-06, No Iterations 3, Solve time = 223.596 ms
Schwarz(Jacobi)+Bicgstab:  Solving for Uy, Initial residual = 0.004107036171553369, Final residual = 0.0001556960994561807, No Iterations 3, Solve time = 223.596 ms
Schwarz(Jacobi)+Bicgstab:  Solving for Uz, Initial residual = 0.0010930953586918714, Final residual = 5.9967408865294205e-05, No Iterations 3, Solve time = 223.596 ms
[mem] after-UEqn: DEVICE_POOL current=19126 MB  actual(reserved)=38146 MB  highWater=24414 MB
[GinkgoSolver] p-cache: reuse(update_matrix_value) solve=23 rebuildInterval=0
config(Cg+Schwarz(Multigrid)):  Solving for p, Initial residual = 0.0012922689544011187, Final residual = 1.1863000270558859e-05, No Iterations 21, Solve time = 704.82 ms
time step continuity errors : sum local = 2.9716229419857652e-06, global = 5.789481352888014e-09, cumulative = -4.114643609704099e-07
[mem] after-pEqn: DEVICE_POOL current=19126 MB  actual(reserved)=38146 MB  highWater=24414 MB
[GinkgoSolver] p-cache: reuse(update_matrix_value) solve=23 rebuildInterval=0
Schwarz(Jacobi)+Bicgstab:  Solving for omega, Initial residual = 1.2789513328162831e-05, Final residual = 8.429403987017623e-07, No Iterations 2, Solve time = 78.241 ms
bounding omega, min: -60115.57089365912 max: 45355982.6128675 average: 6371.255218871943
[GinkgoSolver] p-cache: reuse(update_matrix_value) solve=23 rebuildInterval=0
Schwarz(Jacobi)+Bicgstab:  Solving for k, Initial residual = 0.00024303315856577192, Final residual = 1.3845254859963358e-05, No Iterations 2, Solve time = 73.124 ms
bounding k, min: -0.004597859051117703 max: 881.0602733445254 average: 9.139817075464135
[mem] after-turb: DEVICE_POOL current=19126 MB  actual(reserved)=38146 MB  highWater=24414 MB
ExecutionTime = 95.3 s  ClockTime = 96 s

Time = 1024
[mem] step-start: DEVICE_POOL current=19126 MB  actual(reserved)=38146 MB  highWater=24414 MB
Schwarz(Jacobi)+Bicgstab:  Solving for Ux, Initial residual = 7.907304935303092e-05, Final residual = 3.63976239568517e-06, No Iterations 3, Solve time = 219.128 ms
Schwarz(Jacobi)+Bicgstab:  Solving for Uy, Initial residual = 0.004098447524748631, Final residual = 0.00014726761143498665, No Iterations 3, Solve time = 219.128 ms
Schwarz(Jacobi)+Bicgstab:  Solving for Uz, Initial residual = 0.0010969586491713953, Final residual = 5.858783271855359e-05, No Iterations 3, Solve time = 219.128 ms
[mem] after-UEqn: DEVICE_POOL current=19126 MB  actual(reserved)=38146 MB  highWater=24414 MB
[GinkgoSolver] p-cache: reuse(update_matrix_value) solve=24 rebuildInterval=0
config(Cg+Schwarz(Multigrid)):  Solving for p, Initial residual = 0.0012914875883900487, Final residual = 1.2785179173226003e-05, No Iterations 20, Solve time = 673.663 ms
time step continuity errors : sum local = 3.2027731752546925e-06, global = 2.159506164265946e-08, cumulative = -3.8986929932775043e-07
[mem] after-pEqn: DEVICE_POOL current=19126 MB  actual(reserved)=38146 MB  highWater=24414 MB
[GinkgoSolver] p-cache: reuse(update_matrix_value) solve=24 rebuildInterval=0
Schwarz(Jacobi)+Bicgstab:  Solving for omega, Initial residual = 1.280444437222549e-05, Final residual = 8.416405534498536e-07, No Iterations 2, Solve time = 78.577 ms
bounding omega, min: -58890.97838082313 max: 45355982.627705984 average: 6371.098320565248
[GinkgoSolver] p-cache: reuse(update_matrix_value) solve=24 rebuildInterval=0
Schwarz(Jacobi)+Bicgstab:  Solving for k, Initial residual = 0.00024324656149405397, Final residual = 1.6203209713886143e-05, No Iterations 2, Solve time = 71.859 ms
bounding k, min: -0.00661755324831112 max: 879.6073328223916 average: 9.139117745709532
[mem] after-turb: DEVICE_POOL current=19126 MB  actual(reserved)=38146 MB  highWater=24414 MB
ExecutionTime = 97.45999999999999 s  ClockTime = 98 s

Time = 1025
[mem] step-start: DEVICE_POOL current=19126 MB  actual(reserved)=38146 MB  highWater=24414 MB
Schwarz(Jacobi)+Bicgstab:  Solving for Ux, Initial residual = 7.916523952416896e-05, Final residual = 3.28813566520878e-06, No Iterations 3, Solve time = 230.28 ms
Schwarz(Jacobi)+Bicgstab:  Solving for Uy, Initial residual = 0.004103811939390936, Final residual = 0.0001411235604222093, No Iterations 3, Solve time = 230.28 ms
Schwarz(Jacobi)+Bicgstab:  Solving for Uz, Initial residual = 0.0010990753810835193, Final residual = 3.079190731182036e-05, No Iterations 3, Solve time = 230.28 ms
[mem] after-UEqn: DEVICE_POOL current=19126 MB  actual(reserved)=38146 MB  highWater=24414 MB
[GinkgoSolver] p-cache: reuse(update_matrix_value) solve=25 rebuildInterval=0
config(Cg+Schwarz(Multigrid)):  Solving for p, Initial residual = 0.0012929785239647032, Final residual = 1.2924180312108776e-05, No Iterations 22, Solve time = 737.717 ms
time step continuity errors : sum local = 3.2374427090126317e-06, global = 1.0282290590288459e-08, cumulative = -3.7958700873746196e-07
[mem] after-pEqn: DEVICE_POOL current=19126 MB  actual(reserved)=38146 MB  highWater=24414 MB
[GinkgoSolver] p-cache: reuse(update_matrix_value) solve=25 rebuildInterval=0
Schwarz(Jacobi)+Bicgstab:  Solving for omega, Initial residual = 1.2825251090588286e-05, Final residual = 8.416298747648744e-07, No Iterations 2, Solve time = 78.528 ms
bounding omega, min: -57883.215696543324 max: 45355982.64014036 average: 6370.975607826123
[GinkgoSolver] p-cache: reuse(update_matrix_value) solve=25 rebuildInterval=0
Schwarz(Jacobi)+Bicgstab:  Solving for k, Initial residual = 0.00024361231263860298, Final residual = 1.9241983361097128e-05, No Iterations 2, Solve time = 73.362 ms
bounding k, min: -0.014042822303294941 max: 878.3107068806366 average: 9.138314659540567
[mem] after-turb: DEVICE_POOL current=19126 MB  actual(reserved)=38146 MB  highWater=24414 MB
ExecutionTime = 99.7 s  ClockTime = 101 s

Time = 1026
[mem] step-start: DEVICE_POOL current=19126 MB  actual(reserved)=38146 MB  highWater=24414 MB
Schwarz(Jacobi)+Bicgstab:  Solving for Ux, Initial residual = 7.91789875082867e-05, Final residual = 3.72001771823891e-06, No Iterations 3, Solve time = 219.78 ms
Schwarz(Jacobi)+Bicgstab:  Solving for Uy, Initial residual = 0.004118595418204361, Final residual = 0.000138072666998684, No Iterations 3, Solve time = 219.78 ms
Schwarz(Jacobi)+Bicgstab:  Solving for Uz, Initial residual = 0.0010972009270108685, Final residual = 3.825749946919916e-05, No Iterations 3, Solve time = 219.78 ms
[mem] after-UEqn: DEVICE_POOL current=19126 MB  actual(reserved)=38146 MB  highWater=24414 MB
[GinkgoSolver] p-cache: reuse(update_matrix_value) solve=26 rebuildInterval=0
config(Cg+Schwarz(Multigrid)):  Solving for p, Initial residual = 0.0012937059344926608, Final residual = 1.23084407614408e-05, No Iterations 21, Solve time = 704.279 ms
time step continuity errors : sum local = 3.08320105923172e-06, global = -2.7636703439265053e-09, cumulative = -3.8235067908138844e-07
[mem] after-pEqn: DEVICE_POOL current=19126 MB  actual(reserved)=38146 MB  highWater=24414 MB
[GinkgoSolver] p-cache: reuse(update_matrix_value) solve=26 rebuildInterval=0
Schwarz(Jacobi)+Bicgstab:  Solving for omega, Initial residual = 1.2856021204758483e-05, Final residual = 8.406335341161347e-07, No Iterations 2, Solve time = 75.625 ms
bounding omega, min: -391584.58402743714 max: 45355982.64969015 average: 6370.839863452154
[GinkgoSolver] p-cache: reuse(update_matrix_value) solve=26 rebuildInterval=0
Schwarz(Jacobi)+Bicgstab:  Solving for k, Initial residual = 0.00024431361776929483, Final residual = 5.338658254850548e-06, No Iterations 3, Solve time = 93.676 ms
bounding k, min: -1.7216407732058952e-08 max: 877.1419113043647 average: 9.137871234330495
[mem] after-turb: DEVICE_POOL current=19126 MB  actual(reserved)=38146 MB  highWater=24414 MB
ExecutionTime = 101.91 s  ClockTime = 103 s

Time = 1027
[mem] step-start: DEVICE_POOL current=19126 MB  actual(reserved)=38146 MB  highWater=24414 MB
Schwarz(Jacobi)+Bicgstab:  Solving for Ux, Initial residual = 7.91873295189468e-05, Final residual = 3.340880849802954e-06, No Iterations 3, Solve time = 230.589 ms
Schwarz(Jacobi)+Bicgstab:  Solving for Uy, Initial residual = 0.004137911535900278, Final residual = 0.0001370942140354738, No Iterations 3, Solve time = 230.589 ms
Schwarz(Jacobi)+Bicgstab:  Solving for Uz, Initial residual = 0.0010955297685286255, Final residual = 2.6967623929314316e-05, No Iterations 3, Solve time = 230.589 ms
[mem] after-UEqn: DEVICE_POOL current=19126 MB  actual(reserved)=38146 MB  highWater=24414 MB
[GinkgoSolver] p-cache: reuse(update_matrix_value) solve=27 rebuildInterval=0
config(Cg+Schwarz(Multigrid)):  Solving for p, Initial residual = 0.0012896907148944106, Final residual = 1.1920350971262155e-05, No Iterations 21, Solve time = 708.432 ms
time step continuity errors : sum local = 2.9860954281032046e-06, global = -7.49424508146227e-09, cumulative = -3.898449241628507e-07
[mem] after-pEqn: DEVICE_POOL current=19126 MB  actual(reserved)=38146 MB  highWater=24414 MB
[GinkgoSolver] p-cache: reuse(update_matrix_value) solve=27 rebuildInterval=0
Schwarz(Jacobi)+Bicgstab:  Solving for omega, Initial residual = 1.2667124442643731e-05, Final residual = 8.349276962835e-07, No Iterations 2, Solve time = 77.551 ms
bounding omega, min: -56808.90601346635 max: 45355982.65677127 average: 6370.786459872989
[GinkgoSolver] p-cache: reuse(update_matrix_value) solve=27 rebuildInterval=0
Schwarz(Jacobi)+Bicgstab:  Solving for k, Initial residual = 0.0002435407082639783, Final residual = 1.1884977228529348e-05, No Iterations 2, Solve time = 72.915 ms
bounding k, min: -0.0004053174712707221 max: 876.1301045631826 average: 9.13715796568526
[mem] after-turb: DEVICE_POOL current=19126 MB  actual(reserved)=38146 MB  highWater=24414 MB
ExecutionTime = 104.13 s  ClockTime = 105 s

Time = 1028
[mem] step-start: DEVICE_POOL current=19126 MB  actual(reserved)=38146 MB  highWater=24414 MB
Schwarz(Jacobi)+Bicgstab:  Solving for Ux, Initial residual = 7.916524842443481e-05, Final residual = 3.561178559559072e-06, No Iterations 3, Solve time = 235.35 ms
Schwarz(Jacobi)+Bicgstab:  Solving for Uy, Initial residual = 0.004158034019910639, Final residual = 0.00013648034723943463, No Iterations 3, Solve time = 235.35 ms
Schwarz(Jacobi)+Bicgstab:  Solving for Uz, Initial residual = 0.0010926133424907219, Final residual = 4.199613376483193e-05, No Iterations 3, Solve time = 235.35 ms
[mem] after-UEqn: DEVICE_POOL current=19126 MB  actual(reserved)=38146 MB  highWater=24414 MB
[GinkgoSolver] p-cache: reuse(update_matrix_value) solve=28 rebuildInterval=0
config(Cg+Schwarz(Multigrid)):  Solving for p, Initial residual = 0.0012846664202131313, Final residual = 1.0956888936998277e-05, No Iterations 21, Solve time = 708.557 ms
time step continuity errors : sum local = 2.744752302575747e-06, global = -2.198934365945637e-08, cumulative = -4.1183426782230707e-07
[mem] after-pEqn: DEVICE_POOL current=19126 MB  actual(reserved)=38146 MB  highWater=24414 MB
[GinkgoSolver] p-cache: reuse(update_matrix_value) solve=28 rebuildInterval=0
Schwarz(Jacobi)+Bicgstab:  Solving for omega, Initial residual = 1.278473398697301e-05, Final residual = 8.329075002097101e-07, No Iterations 2, Solve time = 77.528 ms
bounding omega, min: -55395.3216648184 max: 45355982.66275235 average: 6370.662381034934
[GinkgoSolver] p-cache: reuse(update_matrix_value) solve=28 rebuildInterval=0
Schwarz(Jacobi)+Bicgstab:  Solving for k, Initial residual = 0.00024362842271525467, Final residual = 1.2372891535112502e-05, No Iterations 2, Solve time = 72.501 ms
bounding k, min: -0.0006010217117079762 max: 875.2640307689295 average: 9.136448600195829
[mem] after-turb: DEVICE_POOL current=19126 MB  actual(reserved)=38146 MB  highWater=24414 MB
ExecutionTime = 106.34 s  ClockTime = 107 s

Time = 1029
[mem] step-start: DEVICE_POOL current=19126 MB  actual(reserved)=38146 MB  highWater=24414 MB
Schwarz(Jacobi)+Bicgstab:  Solving for Ux, Initial residual = 7.914286197416225e-05, Final residual = 4.490434212551872e-06, No Iterations 2, Solve time = 168.503 ms
Schwarz(Jacobi)+Bicgstab:  Solving for Uy, Initial residual = 0.0041754527000578915, Final residual = 0.0003854304020256827, No Iterations 2, Solve time = 168.503 ms
Schwarz(Jacobi)+Bicgstab:  Solving for Uz, Initial residual = 0.001091754279843075, Final residual = 7.531113877710599e-05, No Iterations 2, Solve time = 168.503 ms
[mem] after-UEqn: DEVICE_POOL current=19126 MB  actual(reserved)=38146 MB  highWater=24414 MB
[GinkgoSolver] p-cache: reuse(update_matrix_value) solve=29 rebuildInterval=0
config(Cg+Schwarz(Multigrid)):  Solving for p, Initial residual = 0.0012908166525615753, Final residual = 1.2022919526223125e-05, No Iterations 20, Solve time = 675.94 ms
time step continuity errors : sum local = 3.0114740066599202e-06, global = -5.6595679101070075e-08, cumulative = -4.684299469233771e-07
[mem] after-pEqn: DEVICE_POOL current=19126 MB  actual(reserved)=38146 MB  highWater=24414 MB
[GinkgoSolver] p-cache: reuse(update_matrix_value) solve=29 rebuildInterval=0
Schwarz(Jacobi)+Bicgstab:  Solving for omega, Initial residual = 1.2821082732150603e-05, Final residual = 8.382451035733428e-07, No Iterations 2, Solve time = 80.537 ms
bounding omega, min: -54458.94945095056 max: 45355982.6689394 average: 6370.548312920879
[GinkgoSolver] p-cache: reuse(update_matrix_value) solve=29 rebuildInterval=0
Schwarz(Jacobi)+Bicgstab:  Solving for k, Initial residual = 0.0002440579985147131, Final residual = 1.280870863953588e-05, No Iterations 2, Solve time = 73.059 ms
bounding k, min: -0.005580966633002234 max: 874.5479267655243 average: 9.135757821090584
[mem] after-turb: DEVICE_POOL current=19126 MB  actual(reserved)=38146 MB  highWater=24414 MB
ExecutionTime = 108.45 s  ClockTime = 109 s

Time = 1030
[mem] step-start: DEVICE_POOL current=19126 MB  actual(reserved)=38146 MB  highWater=24414 MB
Schwarz(Jacobi)+Bicgstab:  Solving for Ux, Initial residual = 7.932391125656681e-05, Final residual = 4.486696516239538e-06, No Iterations 2, Solve time = 168.713 ms
Schwarz(Jacobi)+Bicgstab:  Solving for Uy, Initial residual = 0.004169544611591021, Final residual = 0.0007014348121377892, No Iterations 2, Solve time = 168.713 ms
Schwarz(Jacobi)+Bicgstab:  Solving for Uz, Initial residual = 0.0010959467701683035, Final residual = 7.439215793505455e-05, No Iterations 2, Solve time = 168.713 ms
[mem] after-UEqn: DEVICE_POOL current=19126 MB  actual(reserved)=38146 MB  highWater=24414 MB
[GinkgoSolver] p-cache: reuse(update_matrix_value) solve=30 rebuildInterval=0
config(Cg+Schwarz(Multigrid)):  Solving for p, Initial residual = 0.0012879777921385588, Final residual = 1.115276934141461e-05, No Iterations 23, Solve time = 770.936 ms
time step continuity errors : sum local = 2.793159359437322e-06, global = -4.9164389543206e-08, cumulative = -5.175943364665831e-07
[mem] after-pEqn: DEVICE_POOL current=19126 MB  actual(reserved)=38146 MB  highWater=24414 MB
[GinkgoSolver] p-cache: reuse(update_matrix_value) solve=30 rebuildInterval=0
Schwarz(Jacobi)+Bicgstab:  Solving for omega, Initial residual = 1.2836722858236126e-05, Final residual = 8.423081560853031e-07, No Iterations 2, Solve time = 78.841 ms
bounding omega, min: -273352.14674867416 max: 45355982.676312745 average: 6370.525759803557
[GinkgoSolver] p-cache: reuse(update_matrix_value) solve=30 rebuildInterval=0
Schwarz(Jacobi)+Bicgstab:  Solving for k, Initial residual = 0.00024417331446140633, Final residual = 1.3127771990180674e-05, No Iterations 2, Solve time = 72.131 ms
bounding k, min: -0.00450787128476941 max: 873.9363358338835 average: 9.135297510147838
[mem] after-turb: DEVICE_POOL current=19126 MB  actual(reserved)=38146 MB  highWater=24414 MB
ExecutionTime = 110.67 s  ClockTime = 112 s

Time = 1031
[mem] step-start: DEVICE_POOL current=19126 MB  actual(reserved)=38146 MB  highWater=24414 MB
Schwarz(Jacobi)+Bicgstab:  Solving for Ux, Initial residual = 7.928394398117755e-05, Final residual = 3.2779985074544653e-06, No Iterations 3, Solve time = 228.736 ms
Schwarz(Jacobi)+Bicgstab:  Solving for Uy, Initial residual = 0.004222786936269565, Final residual = 0.00013309688917523371, No Iterations 3, Solve time = 228.736 ms
Schwarz(Jacobi)+Bicgstab:  Solving for Uz, Initial residual = 0.0010951822713788902, Final residual = 4.6450744810638075e-05, No Iterations 3, Solve time = 228.736 ms
[mem] after-UEqn: DEVICE_POOL current=19126 MB  actual(reserved)=38146 MB  highWater=24414 MB
[GinkgoSolver] p-cache: reuse(update_matrix_value) solve=31 rebuildInterval=0
config(Cg+Schwarz(Multigrid)):  Solving for p, Initial residual = 0.0012878207677519595, Final residual = 1.138794698081226e-05, No Iterations 21, Solve time = 707.644 ms
time step continuity errors : sum local = 2.851218687053862e-06, global = -6.803243234675667e-08, cumulative = -5.856267688133398e-07
[mem] after-pEqn: DEVICE_POOL current=19126 MB  actual(reserved)=38146 MB  highWater=24414 MB
[GinkgoSolver] p-cache: reuse(update_matrix_value) solve=31 rebuildInterval=0
Schwarz(Jacobi)+Bicgstab:  Solving for omega, Initial residual = 1.2836925166132003e-05, Final residual = 8.374494939291585e-07, No Iterations 2, Solve time = 89.581 ms
bounding omega, min: -53197.391426751215 max: 45355982.68497089 average: 6370.561282341932
[GinkgoSolver] p-cache: reuse(update_matrix_value) solve=31 rebuildInterval=0
Schwarz(Jacobi)+Bicgstab:  Solving for k, Initial residual = 0.00024453582836687573, Final residual = 1.344659255222245e-05, No Iterations 2, Solve time = 72.904 ms
bounding k, min: -0.013864705246391697 max: 873.4751310733495 average: 9.134705223344884
[mem] after-turb: DEVICE_POOL current=19126 MB  actual(reserved)=38146 MB  highWater=24414 MB
ExecutionTime = 112.87 s  ClockTime = 114 s

Time = 1032
[mem] step-start: DEVICE_POOL current=19126 MB  actual(reserved)=38146 MB  highWater=24414 MB
Schwarz(Jacobi)+Bicgstab:  Solving for Ux, Initial residual = 7.929001949315139e-05, Final residual = 3.6035664474439127e-06, No Iterations 3, Solve time = 224.073 ms
Schwarz(Jacobi)+Bicgstab:  Solving for Uy, Initial residual = 0.004236011231742393, Final residual = 0.00013287703311166762, No Iterations 3, Solve time = 224.073 ms
Schwarz(Jacobi)+Bicgstab:  Solving for Uz, Initial residual = 0.0010937832634624275, Final residual = 0.00026050880152097357, No Iterations 3, Solve time = 224.073 ms
[mem] after-UEqn: DEVICE_POOL current=19126 MB  actual(reserved)=38146 MB  highWater=24414 MB
[GinkgoSolver] p-cache: reuse(update_matrix_value) solve=32 rebuildInterval=0
config(Cg+Schwarz(Multigrid)):  Solving for p, Initial residual = 0.0013014105762105695, Final residual = 1.0935905475804051e-05, No Iterations 20, Solve time = 676.683 ms
time step continuity errors : sum local = 2.737560334400769e-06, global = -1.0867039709033463e-07, cumulative = -6.942971659036745e-07
[mem] after-pEqn: DEVICE_POOL current=19126 MB  actual(reserved)=38146 MB  highWater=24414 MB
[GinkgoSolver] p-cache: reuse(update_matrix_value) solve=32 rebuildInterval=0
Schwarz(Jacobi)+Bicgstab:  Solving for omega, Initial residual = 1.2880428209405131e-05, Final residual = 8.458370791021359e-07, No Iterations 2, Solve time = 80.177 ms
bounding omega, min: -51888.30605021284 max: 45355982.69399517 average: 6370.666556503749
[GinkgoSolver] p-cache: reuse(update_matrix_value) solve=32 rebuildInterval=0
Schwarz(Jacobi)+Bicgstab:  Solving for k, Initial residual = 0.00024512317875205475, Final residual = 1.3519151524858238e-05, No Iterations 2, Solve time = 72.875 ms
bounding k, min: -0.0040589488842946025 max: 873.109740366834 average: 9.134432524517166
[mem] after-turb: DEVICE_POOL current=19126 MB  actual(reserved)=38146 MB  highWater=24414 MB
ExecutionTime = 115.04 s  ClockTime = 116 s

Time = 1033
[mem] step-start: DEVICE_POOL current=19126 MB  actual(reserved)=38146 MB  highWater=24414 MB
Schwarz(Jacobi)+Bicgstab:  Solving for Ux, Initial residual = 7.938633164561931e-05, Final residual = 4.005898771923893e-06, No Iterations 3, Solve time = 207.8 ms
Schwarz(Jacobi)+Bicgstab:  Solving for Uy, Initial residual = 0.00424136170763344, Final residual = 0.00013526907804957996, No Iterations 3, Solve time = 207.8 ms
Schwarz(Jacobi)+Bicgstab:  Solving for Uz, Initial residual = 0.001115431204156573, Final residual = 4.514986536056259e-05, No Iterations 3, Solve time = 207.8 ms
[mem] after-UEqn: DEVICE_POOL current=19126 MB  actual(reserved)=38146 MB  highWater=24414 MB
[GinkgoSolver] p-cache: reuse(update_matrix_value) solve=33 rebuildInterval=0
config(Cg+Schwarz(Multigrid)):  Solving for p, Initial residual = 0.0012984001812669046, Final residual = 1.0975090202122163e-05, No Iterations 21, Solve time = 704.516 ms
time step continuity errors : sum local = 2.746757506197274e-06, global = -9.845134603607047e-08, cumulative = -7.92748511939745e-07
[mem] after-pEqn: DEVICE_POOL current=19126 MB  actual(reserved)=38146 MB  highWater=24414 MB
[GinkgoSolver] p-cache: reuse(update_matrix_value) solve=33 rebuildInterval=0
Schwarz(Jacobi)+Bicgstab:  Solving for omega, Initial residual = 1.2889731604381374e-05, Final residual = 8.520101993547875e-07, No Iterations 2, Solve time = 80.793 ms
bounding omega, min: -51013.45150597515 max: 45355982.702418596 average: 6370.784098725799
[GinkgoSolver] p-cache: reuse(update_matrix_value) solve=33 rebuildInterval=0
Schwarz(Jacobi)+Bicgstab:  Solving for k, Initial residual = 0.0002457291302270421, Final residual = 1.3349951858589386e-05, No Iterations 2, Solve time = 73.582 ms
bounding k, min: -0.002759652278158076 max: 872.8180839546419 average: 9.134011045391503
[mem] after-turb: DEVICE_POOL current=19126 MB  actual(reserved)=38146 MB  highWater=24414 MB
ExecutionTime = 117.24 s  ClockTime = 118 s

Time = 1034
[mem] step-start: DEVICE_POOL current=19126 MB  actual(reserved)=38146 MB  highWater=24414 MB
Schwarz(Jacobi)+Bicgstab:  Solving for Ux, Initial residual = 7.954043949878113e-05, Final residual = 3.98907505163791e-06, No Iterations 3, Solve time = 228.615 ms
Schwarz(Jacobi)+Bicgstab:  Solving for Uy, Initial residual = 0.00424579490964754, Final residual = 0.00013640339991036467, No Iterations 3, Solve time = 228.615 ms
Schwarz(Jacobi)+Bicgstab:  Solving for Uz, Initial residual = 0.0011122326664038023, Final residual = 3.296912713378444e-05, No Iterations 3, Solve time = 228.615 ms
[mem] after-UEqn: DEVICE_POOL current=19126 MB  actual(reserved)=38146 MB  highWater=24414 MB
[GinkgoSolver] p-cache: reuse(update_matrix_value) solve=34 rebuildInterval=0
config(Cg+Schwarz(Multigrid)):  Solving for p, Initial residual = 0.0013067460367380413, Final residual = 1.2378458830335309e-05, No Iterations 20, Solve time = 680.938 ms
time step continuity errors : sum local = 3.0975958537056584e-06, global = -1.0127910729137271e-07, cumulative = -8.940276192311177e-07
[mem] after-pEqn: DEVICE_POOL current=19126 MB  actual(reserved)=38146 MB  highWater=24414 MB
[GinkgoSolver] p-cache: reuse(update_matrix_value) solve=34 rebuildInterval=0
Schwarz(Jacobi)+Bicgstab:  Solving for omega, Initial residual = 1.289909337387316e-05, Final residual = 8.578070903557544e-07, No Iterations 2, Solve time = 78.108 ms
bounding omega, min: -216382.72404054276 max: 45355982.70976325 average: 6370.86175868682
[GinkgoSolver] p-cache: reuse(update_matrix_value) solve=34 rebuildInterval=0
Schwarz(Jacobi)+Bicgstab:  Solving for k, Initial residual = 0.00024631928791061977, Final residual = 1.2738757172230263e-05, No Iterations 2, Solve time = 72.451 ms
bounding k, min: -0.002938793013986564 max: 872.6176494917062 average: 9.133546162361819
[mem] after-turb: DEVICE_POOL current=19126 MB  actual(reserved)=38146 MB  highWater=24414 MB
ExecutionTime = 119.4 s  ClockTime = 120 s

Time = 1035
[mem] step-start: DEVICE_POOL current=19126 MB  actual(reserved)=38146 MB  highWater=24414 MB
Schwarz(Jacobi)+Bicgstab:  Solving for Ux, Initial residual = 7.968871644139736e-05, Final residual = 4.569581684309064e-06, No Iterations 2, Solve time = 169.106 ms
Schwarz(Jacobi)+Bicgstab:  Solving for Uy, Initial residual = 0.004251495008042009, Final residual = 0.00031130978673335295, No Iterations 2, Solve time = 169.106 ms
Schwarz(Jacobi)+Bicgstab:  Solving for Uz, Initial residual = 0.0011107850186744526, Final residual = 0.00021191178554212645, No Iterations 2, Solve time = 169.106 ms
[mem] after-UEqn: DEVICE_POOL current=19126 MB  actual(reserved)=38146 MB  highWater=24414 MB
[GinkgoSolver] p-cache: reuse(update_matrix_value) solve=35 rebuildInterval=0
config(Cg+Schwarz(Multigrid)):  Solving for p, Initial residual = 0.0013451646490924146, Final residual = 1.3261683771941129e-05, No Iterations 18, Solve time = 615.079 ms
time step continuity errors : sum local = 3.3190003907733066e-06, global = -9.979350818589642e-08, cumulative = -9.93821127417014e-07
[mem] after-pEqn: DEVICE_POOL current=19126 MB  actual(reserved)=38146 MB  highWater=24414 MB
[GinkgoSolver] p-cache: reuse(update_matrix_value) solve=35 rebuildInterval=0
Schwarz(Jacobi)+Bicgstab:  Solving for omega, Initial residual = 1.2932124151277355e-05, Final residual = 8.624144804982838e-07, No Iterations 2, Solve time = 80.048 ms
bounding omega, min: -49371.517259410895 max: 45355982.71417803 average: 6370.868037505301
[GinkgoSolver] p-cache: reuse(update_matrix_value) solve=35 rebuildInterval=0
Schwarz(Jacobi)+Bicgstab:  Solving for k, Initial residual = 0.0002472662129789899, Final residual = 1.2323497299196655e-05, No Iterations 2, Solve time = 72.45 ms
bounding k, min: -0.004066261293271891 max: 872.4917001963678 average: 9.132844647070911
[mem] after-turb: DEVICE_POOL current=19126 MB  actual(reserved)=38146 MB  highWater=24414 MB
ExecutionTime = 121.46 s  ClockTime = 122 s

Time = 1036
[mem] step-start: DEVICE_POOL current=19126 MB  actual(reserved)=38146 MB  highWater=24414 MB
Schwarz(Jacobi)+Bicgstab:  Solving for Ux, Initial residual = 8.008991334105463e-05, Final residual = 4.299969761014535e-06, No Iterations 3, Solve time = 213.989 ms
Schwarz(Jacobi)+Bicgstab:  Solving for Uy, Initial residual = 0.0042567455552257796, Final residual = 0.00015335347052787066, No Iterations 3, Solve time = 213.989 ms
Schwarz(Jacobi)+Bicgstab:  Solving for Uz, Initial residual = 0.0011023612713925994, Final residual = 4.2872671449513684e-05, No Iterations 3, Solve time = 213.989 ms
[mem] after-UEqn: DEVICE_POOL current=19126 MB  actual(reserved)=38146 MB  highWater=24414 MB
[GinkgoSolver] p-cache: reuse(update_matrix_value) solve=36 rebuildInterval=0
config(Cg+Schwarz(Multigrid)):  Solving for p, Initial residual = 0.001324067605475216, Final residual = 1.0674670832574379e-05, No Iterations 23, Solve time = 768.503 ms
time step continuity errors : sum local = 2.6726369861631883e-06, global = -7.050321488728519e-08, cumulative = -1.0643243423042993e-06
[mem] after-pEqn: DEVICE_POOL current=19126 MB  actual(reserved)=38146 MB  highWater=24414 MB
[GinkgoSolver] p-cache: reuse(update_matrix_value) solve=36 rebuildInterval=0
Schwarz(Jacobi)+Bicgstab:  Solving for omega, Initial residual = 1.296444517649531e-05, Final residual = 8.678537653094914e-07, No Iterations 2, Solve time = 81.054 ms
bounding omega, min: -48058.31337837553 max: 45355982.71419913 average: 6370.844852340019
[GinkgoSolver] p-cache: reuse(update_matrix_value) solve=36 rebuildInterval=0
Schwarz(Jacobi)+Bicgstab:  Solving for k, Initial residual = 0.0002477621880119013, Final residual = 1.251814049060419e-05, No Iterations 2, Solve time = 73.04 ms
bounding k, min: -0.011188056616877233 max: 872.3759540284439 average: 9.132295315881706
[mem] after-turb: DEVICE_POOL current=19126 MB  actual(reserved)=38146 MB  highWater=24414 MB
ExecutionTime = 123.72 s  ClockTime = 125 s

Time = 1037
[mem] step-start: DEVICE_POOL current=19126 MB  actual(reserved)=38146 MB  highWater=24414 MB
Schwarz(Jacobi)+Bicgstab:  Solving for Ux, Initial residual = 8.03175414311884e-05, Final residual = 4.585782956123468e-06, No Iterations 3, Solve time = 227.407 ms
Schwarz(Jacobi)+Bicgstab:  Solving for Uy, Initial residual = 0.004271616313515511, Final residual = 0.00014391679437186628, No Iterations 3, Solve time = 227.407 ms
Schwarz(Jacobi)+Bicgstab:  Solving for Uz, Initial residual = 0.001095988802311366, Final residual = 3.830423832805851e-05, No Iterations 3, Solve time = 227.407 ms
[mem] after-UEqn: DEVICE_POOL current=19126 MB  actual(reserved)=38146 MB  highWater=24414 MB
[GinkgoSolver] p-cache: reuse(update_matrix_value) solve=37 rebuildInterval=0
config(Cg+Schwarz(Multigrid)):  Solving for p, Initial residual = 0.0013150781308638706, Final residual = 1.2241664567320515e-05, No Iterations 21, Solve time = 707.768 ms
time step continuity errors : sum local = 3.066551315382498e-06, global = -6.533574458201805e-08, cumulative = -1.1296600868863173e-06
[mem] after-pEqn: DEVICE_POOL current=19126 MB  actual(reserved)=38146 MB  highWater=24414 MB
[GinkgoSolver] p-cache: reuse(update_matrix_value) solve=37 rebuildInterval=0
Schwarz(Jacobi)+Bicgstab:  Solving for omega, Initial residual = 1.2998441340691264e-05, Final residual = 8.773062906546854e-07, No Iterations 2, Solve time = 89.835 ms
bounding omega, min: -47283.78118670127 max: 45355982.708749324 average: 6370.848161036555
[GinkgoSolver] p-cache: reuse(update_matrix_value) solve=37 rebuildInterval=0
Schwarz(Jacobi)+Bicgstab:  Solving for k, Initial residual = 0.0002482903396749989, Final residual = 1.2411331330090651e-05, No Iterations 2, Solve time = 72.473 ms
bounding k, min: -0.012683757433939298 max: 872.326601654795 average: 9.131805035210517
[mem] after-turb: DEVICE_POOL current=19126 MB  actual(reserved)=38146 MB  highWater=24414 MB
ExecutionTime = 125.91 s  ClockTime = 127 s

Time = 1038
[mem] step-start: DEVICE_POOL current=19126 MB  actual(reserved)=38146 MB  highWater=24414 MB
Schwarz(Jacobi)+Bicgstab:  Solving for Ux, Initial residual = 8.049092279217581e-05, Final residual = 4.404839244439776e-06, No Iterations 3, Solve time = 214.743 ms
Schwarz(Jacobi)+Bicgstab:  Solving for Uy, Initial residual = 0.004290530612787318, Final residual = 0.00013965918487583208, No Iterations 3, Solve time = 214.743 ms
Schwarz(Jacobi)+Bicgstab:  Solving for Uz, Initial residual = 0.0010934105771738863, Final residual = 6.340652772476774e-05, No Iterations 3, Solve time = 214.743 ms
[mem] after-UEqn: DEVICE_POOL current=19126 MB  actual(reserved)=38146 MB  highWater=24414 MB
[GinkgoSolver] p-cache: reuse(update_matrix_value) solve=38 rebuildInterval=0
config(Cg+Schwarz(Multigrid)):  Solving for p, Initial residual = 0.0013153436705344802, Final residual = 1.1942005374324234e-05, No Iterations 20, Solve time = 673.865 ms
time step continuity errors : sum local = 2.992831068474746e-06, global = -3.687068373652424e-08, cumulative = -1.1665307706228415e-06
[mem] after-pEqn: DEVICE_POOL current=19126 MB  actual(reserved)=38146 MB  highWater=24414 MB
[GinkgoSolver] p-cache: reuse(update_matrix_value) solve=38 rebuildInterval=0
Schwarz(Jacobi)+Bicgstab:  Solving for omega, Initial residual = 1.3016939743749797e-05, Final residual = 8.839128849787997e-07, No Iterations 2, Solve time = 79.609 ms
bounding omega, min: -329510.1693359334 max: 45355982.697868556 average: 6370.830160772843
[GinkgoSolver] p-cache: reuse(update_matrix_value) solve=38 rebuildInterval=0
Schwarz(Jacobi)+Bicgstab:  Solving for k, Initial residual = 0.0002487899830402548, Final residual = 1.2145704765665635e-05, No Iterations 2, Solve time = 72.814 ms
bounding k, min: -0.020878819093936733 max: 872.2584810404336 average: 9.131308565554747
[mem] after-turb: DEVICE_POOL current=19126 MB  actual(reserved)=38146 MB  highWater=24414 MB
ExecutionTime = 128.07 s  ClockTime = 129 s

Time = 1039
[mem] step-start: DEVICE_POOL current=19126 MB  actual(reserved)=38146 MB  highWater=24414 MB
Schwarz(Jacobi)+Bicgstab:  Solving for Ux, Initial residual = 8.059097870091821e-05, Final residual = 5.329828082334909e-06, No Iterations 3, Solve time = 225.858 ms
Schwarz(Jacobi)+Bicgstab:  Solving for Uy, Initial residual = 0.004311399073150263, Final residual = 0.00013932950260710133, No Iterations 3, Solve time = 225.858 ms
Schwarz(Jacobi)+Bicgstab:  Solving for Uz, Initial residual = 0.0010918010891435644, Final residual = 3.4152274364692106e-05, No Iterations 3, Solve time = 225.858 ms
[mem] after-UEqn: DEVICE_POOL current=19126 MB  actual(reserved)=38146 MB  highWater=24414 MB
[GinkgoSolver] p-cache: reuse(update_matrix_value) solve=39 rebuildInterval=0
config(Cg+Schwarz(Multigrid)):  Solving for p, Initial residual = 0.001311280420639652, Final residual = 1.243640351494762e-05, No Iterations 17, Solve time = 581.292 ms
time step continuity errors : sum local = 3.118050623969561e-06, global = -2.8843211678750963e-08, cumulative = -1.1953739823015925e-06
[mem] after-pEqn: DEVICE_POOL current=19126 MB  actual(reserved)=38146 MB  highWater=24414 MB
[GinkgoSolver] p-cache: reuse(update_matrix_value) solve=39 rebuildInterval=0
Schwarz(Jacobi)+Bicgstab:  Solving for omega, Initial residual = 1.3048126966689106e-05, Final residual = 8.902171272961876e-07, No Iterations 2, Solve time = 77.663 ms
bounding omega, min: -45012.19055128822 max: 45355982.682636425 average: 6370.868417676249
[GinkgoSolver] p-cache: reuse(update_matrix_value) solve=39 rebuildInterval=0
Schwarz(Jacobi)+Bicgstab:  Solving for k, Initial residual = 0.0002492542219039007, Final residual = 1.1555012638912163e-05, No Iterations 2, Solve time = 73.265 ms
bounding k, min: -0.028748596692112008 max: 872.1706100411366 average: 9.130958136626028
[mem] after-turb: DEVICE_POOL current=19126 MB  actual(reserved)=38146 MB  highWater=24414 MB
ExecutionTime = 130.16 s  ClockTime = 131 s

Time = 1040
[mem] step-start: DEVICE_POOL current=19126 MB  actual(reserved)=38146 MB  highWater=24414 MB
Schwarz(Jacobi)+Bicgstab:  Solving for Ux, Initial residual = 8.069256128580664e-05, Final residual = 4.969141495604275e-06, No Iterations 3, Solve time = 229.249 ms
Schwarz(Jacobi)+Bicgstab:  Solving for Uy, Initial residual = 0.00432872086268771, Final residual = 0.00014100393896445613, No Iterations 3, Solve time = 229.249 ms
Schwarz(Jacobi)+Bicgstab:  Solving for Uz, Initial residual = 0.0010934555155613281, Final residual = 3.4299326205601984e-05, No Iterations 3, Solve time = 229.249 ms
[mem] after-UEqn: DEVICE_POOL current=19126 MB  actual(reserved)=38146 MB  highWater=24414 MB
[GinkgoSolver] p-cache: reuse(update_matrix_value) solve=40 rebuildInterval=0
config(Cg+Schwarz(Multigrid)):  Solving for p, Initial residual = 0.0013074695041617112, Final residual = 1.1985424638754469e-05, No Iterations 20, Solve time = 681.332 ms
time step continuity errors : sum local = 3.0059808814676034e-06, global = -4.320484143150542e-09, cumulative = -1.199694466444743e-06
[mem] after-pEqn: DEVICE_POOL current=19126 MB  actual(reserved)=38146 MB  highWater=24414 MB
[GinkgoSolver] p-cache: reuse(update_matrix_value) solve=40 rebuildInterval=0
Schwarz(Jacobi)+Bicgstab:  Solving for omega, Initial residual = 1.3057982696127826e-05, Final residual = 8.940013534510347e-07, No Iterations 2, Solve time = 80.119 ms
bounding omega, min: -44541.90181163191 max: 45355982.66501442 average: 6370.852693445215
[GinkgoSolver] p-cache: reuse(update_matrix_value) solve=40 rebuildInterval=0
Schwarz(Jacobi)+Bicgstab:  Solving for k, Initial residual = 0.0002495831490306391, Final residual = 1.7310677682983144e-05, No Iterations 2, Solve time = 72.63 ms
bounding k, min: -0.26759181070273036 max: 872.0900911439649 average: 9.130994520629725
[mem] after-turb: DEVICE_POOL current=19126 MB  actual(reserved)=38146 MB  highWater=24414 MB
ExecutionTime = 132.34 s  ClockTime = 133 s

Time = 1041
[mem] step-start: DEVICE_POOL current=19126 MB  actual(reserved)=38146 MB  highWater=24414 MB
Schwarz(Jacobi)+Bicgstab:  Solving for Ux, Initial residual = 8.071786923848393e-05, Final residual = 4.532397278062627e-06, No Iterations 3, Solve time = 222.07 ms
Schwarz(Jacobi)+Bicgstab:  Solving for Uy, Initial residual = 0.00434193259845438, Final residual = 0.0001434767903936978, No Iterations 3, Solve time = 222.07 ms
Schwarz(Jacobi)+Bicgstab:  Solving for Uz, Initial residual = 0.0010978364223914023, Final residual = 4.427149776656464e-05, No Iterations 3, Solve time = 222.07 ms
[mem] after-UEqn: DEVICE_POOL current=19126 MB  actual(reserved)=38146 MB  highWater=24414 MB
[GinkgoSolver] p-cache: reuse(update_matrix_value) solve=41 rebuildInterval=0
config(Cg+Schwarz(Multigrid)):  Solving for p, Initial residual = 0.0013026250965036351, Final residual = 1.2195363397873045e-05, No Iterations 21, Solve time = 706.076 ms
time step continuity errors : sum local = 3.0606755345131734e-06, global = 9.127790213095555e-09, cumulative = -1.1905666762316475e-06
[mem] after-pEqn: DEVICE_POOL current=19126 MB  actual(reserved)=38146 MB  highWater=24414 MB
[GinkgoSolver] p-cache: reuse(update_matrix_value) solve=41 rebuildInterval=0
Schwarz(Jacobi)+Bicgstab:  Solving for omega, Initial residual = 1.29035634259126e-05, Final residual = 9.004552820301212e-07, No Iterations 2, Solve time = 77.436 ms
bounding omega, min: -44960.13468258835 max: 45355982.6450078 average: 6370.911908309991
[GinkgoSolver] p-cache: reuse(update_matrix_value) solve=41 rebuildInterval=0
Schwarz(Jacobi)+Bicgstab:  Solving for k, Initial residual = 0.00024951863884887794, Final residual = 2.357657810211272e-05, No Iterations 2, Solve time = 72.594 ms
bounding k, min: -0.27162262673728527 max: 872.0194977215073 average: 9.130931868043664
[mem] after-turb: DEVICE_POOL current=19126 MB  actual(reserved)=38146 MB  highWater=24414 MB
ExecutionTime = 134.53 s  ClockTime = 136 s

Time = 1042
[mem] step-start: DEVICE_POOL current=19126 MB  actual(reserved)=38146 MB  highWater=24414 MB
Schwarz(Jacobi)+Bicgstab:  Solving for Ux, Initial residual = 8.069360155396526e-05, Final residual = 4.744459689329657e-06, No Iterations 2, Solve time = 165.074 ms
Schwarz(Jacobi)+Bicgstab:  Solving for Uy, Initial residual = 0.004350737081302454, Final residual = 0.0004570070143530449, No Iterations 2, Solve time = 165.074 ms
Schwarz(Jacobi)+Bicgstab:  Solving for Uz, Initial residual = 0.00110425442132966, Final residual = 5.898323824488565e-05, No Iterations 2, Solve time = 165.074 ms
[mem] after-UEqn: DEVICE_POOL current=19126 MB  actual(reserved)=38146 MB  highWater=24414 MB
[GinkgoSolver] p-cache: reuse(update_matrix_value) solve=42 rebuildInterval=0
config(Cg+Schwarz(Multigrid)):  Solving for p, Initial residual = 0.001309481531390626, Final residual = 1.2140025631089726e-05, No Iterations 21, Solve time = 707.597 ms
time step continuity errors : sum local = 3.0486647546768255e-06, global = 8.936947504366861e-09, cumulative = -1.1816297287272806e-06
[mem] after-pEqn: DEVICE_POOL current=19126 MB  actual(reserved)=38146 MB  highWater=24414 MB
[GinkgoSolver] p-cache: reuse(update_matrix_value) solve=42 rebuildInterval=0
Schwarz(Jacobi)+Bicgstab:  Solving for omega, Initial residual = 1.3060664713348851e-05, Final residual = 9.077928142882955e-07, No Iterations 2, Solve time = 77.847 ms
bounding omega, min: -238677.91609131458 max: 45355982.63391658 average: 6371.015590012992
[GinkgoSolver] p-cache: reuse(update_matrix_value) solve=42 rebuildInterval=0
Schwarz(Jacobi)+Bicgstab:  Solving for k, Initial residual = 0.0002499652121339246, Final residual = 7.974179556742337e-06, No Iterations 3, Solve time = 95.534 ms
bounding k, min: -0.00010354099876667862 max: 871.8919638653218 average: 9.130551918049017
[mem] after-turb: DEVICE_POOL current=19126 MB  actual(reserved)=38146 MB  highWater=24414 MB
ExecutionTime = 136.7 s  ClockTime = 138 s

Time = 1043
[mem] step-start: DEVICE_POOL current=19126 MB  actual(reserved)=38146 MB  highWater=24414 MB
Schwarz(Jacobi)+Bicgstab:  Solving for Ux, Initial residual = 8.083519769143551e-05, Final residual = 4.657010952662897e-06, No Iterations 3, Solve time = 243.862 ms
Schwarz(Jacobi)+Bicgstab:  Solving for Uy, Initial residual = 0.004336777177353829, Final residual = 0.00016260972461347486, No Iterations 3, Solve time = 243.862 ms
Schwarz(Jacobi)+Bicgstab:  Solving for Uz, Initial residual = 0.0011120399817756248, Final residual = 7.813049546524026e-05, No Iterations 3, Solve time = 243.862 ms
[mem] after-UEqn: DEVICE_POOL current=19126 MB  actual(reserved)=38146 MB  highWater=24414 MB
[GinkgoSolver] p-cache: reuse(update_matrix_value) solve=43 rebuildInterval=0
config(Cg+Schwarz(Multigrid)):  Solving for p, Initial residual = 0.001298396294540083, Final residual = 1.0597685918259596e-05, No Iterations 22, Solve time = 739.817 ms
time step continuity errors : sum local = 2.6627540334450406e-06, global = -5.039503779765835e-09, cumulative = -1.1866692325070464e-06
[mem] after-pEqn: DEVICE_POOL current=19126 MB  actual(reserved)=38146 MB  highWater=24414 MB
[GinkgoSolver] p-cache: reuse(update_matrix_value) solve=43 rebuildInterval=0
Schwarz(Jacobi)+Bicgstab:  Solving for omega, Initial residual = 1.3241954703794001e-05, Final residual = 9.092286259829468e-07, No Iterations 2, Solve time = 76.971 ms
bounding omega, min: -45952.537451118485 max: 45355982.61895797 average: 6370.8345221991485
[GinkgoSolver] p-cache: reuse(update_matrix_value) solve=43 rebuildInterval=0
Schwarz(Jacobi)+Bicgstab:  Solving for k, Initial residual = 0.0002475621288164453, Final residual = 2.1887156546381173e-05, No Iterations 2, Solve time = 72.042 ms
bounding k, min: -0.0001449896196548692 max: 871.7374891524618 average: 9.13018880190622
[mem] after-turb: DEVICE_POOL current=19126 MB  actual(reserved)=38146 MB  highWater=24414 MB
ExecutionTime = 138.94 s  ClockTime = 140 s

Time = 1044
[mem] step-start: DEVICE_POOL current=19126 MB  actual(reserved)=38146 MB  highWater=24414 MB
Schwarz(Jacobi)+Bicgstab:  Solving for Ux, Initial residual = 8.088678216612765e-05, Final residual = 4.722346945645673e-06, No Iterations 2, Solve time = 179.519 ms
Schwarz(Jacobi)+Bicgstab:  Solving for Uy, Initial residual = 0.004338599388172052, Final residual = 0.000704486878247069, No Iterations 2, Solve time = 179.519 ms
Schwarz(Jacobi)+Bicgstab:  Solving for Uz, Initial residual = 0.0011195835988845552, Final residual = 7.502774445770422e-05, No Iterations 2, Solve time = 179.519 ms
[mem] after-UEqn: DEVICE_POOL current=19126 MB  actual(reserved)=38146 MB  highWater=24414 MB
[GinkgoSolver] p-cache: reuse(update_matrix_value) solve=44 rebuildInterval=0
config(Cg+Schwarz(Multigrid)):  Solving for p, Initial residual = 0.00129674793849316, Final residual = 1.2189812680297689e-05, No Iterations 22, Solve time = 740.791 ms
time step continuity errors : sum local = 3.063704868073898e-06, global = -4.9941433287301665e-09, cumulative = -1.1916633758357765e-06
[mem] after-pEqn: DEVICE_POOL current=19126 MB  actual(reserved)=38146 MB  highWater=24414 MB
[GinkgoSolver] p-cache: reuse(update_matrix_value) solve=44 rebuildInterval=0
Schwarz(Jacobi)+Bicgstab:  Solving for omega, Initial residual = 1.3348318358838239e-05, Final residual = 9.087074801259286e-07, No Iterations 2, Solve time = 76.802 ms
bounding omega, min: -46045.25152475984 max: 45355982.60733954 average: 6370.7014234061935
[GinkgoSolver] p-cache: reuse(update_matrix_value) solve=44 rebuildInterval=0
Schwarz(Jacobi)+Bicgstab:  Solving for k, Initial residual = 0.00024884892748563395, Final residual = 1.661329210890835e-05, No Iterations 2, Solve time = 73.17 ms
bounding k, min: -5.0982303187963987e-05 max: 871.5678687093133 average: 9.130332623406384
[mem] after-turb: DEVICE_POOL current=19126 MB  actual(reserved)=38146 MB  highWater=24414 MB
ExecutionTime = 141.13 s  ClockTime = 142 s

Time = 1045
[mem] step-start: DEVICE_POOL current=19126 MB  actual(reserved)=38146 MB  highWater=24414 MB
Schwarz(Jacobi)+Bicgstab:  Solving for Ux, Initial residual = 8.085225499674387e-05, Final residual = 4.52397044927951e-06, No Iterations 3, Solve time = 215.203 ms
Schwarz(Jacobi)+Bicgstab:  Solving for Uy, Initial residual = 0.004397758454664261, Final residual = 0.00014185576137676733, No Iterations 3, Solve time = 215.203 ms
Schwarz(Jacobi)+Bicgstab:  Solving for Uz, Initial residual = 0.0011213599753002997, Final residual = 4.9672701354218844e-05, No Iterations 3, Solve time = 215.203 ms
[mem] after-UEqn: DEVICE_POOL current=19126 MB  actual(reserved)=38146 MB  highWater=24414 MB
[GinkgoSolver] p-cache: reuse(update_matrix_value) solve=45 rebuildInterval=0
config(Cg+Schwarz(Multigrid)):  Solving for p, Initial residual = 0.0012992270931319674, Final residual = 1.1806751316647285e-05, No Iterations 23, Solve time = 770.64 ms
time step continuity errors : sum local = 2.9674544184647958e-06, global = -3.3835172485597557e-08, cumulative = -1.225498548321374e-06
[mem] after-pEqn: DEVICE_POOL current=19126 MB  actual(reserved)=38146 MB  highWater=24414 MB
[GinkgoSolver] p-cache: reuse(update_matrix_value) solve=45 rebuildInterval=0
Schwarz(Jacobi)+Bicgstab:  Solving for omega, Initial residual = 1.3186206289500036e-05, Final residual = 9.097404401513409e-07, No Iterations 2, Solve time = 78.532 ms
bounding omega, min: -46451.75677048268 max: 45355982.5999723 average: 6370.711591391592
[GinkgoSolver] p-cache: reuse(update_matrix_value) solve=45 rebuildInterval=0
Schwarz(Jacobi)+Bicgstab:  Solving for k, Initial residual = 0.0002497464236154107, Final residual = 1.5129630085934773e-05, No Iterations 2, Solve time = 72.566 ms
bounding k, min: -0.00031391350129274237 max: 871.3591042910543 average: 9.130495266029756
[mem] after-turb: DEVICE_POOL current=19126 MB  actual(reserved)=38146 MB  highWater=24414 MB
ExecutionTime = 143.37 s  ClockTime = 144 s

Time = 1046
[mem] step-start: DEVICE_POOL current=19126 MB  actual(reserved)=38146 MB  highWater=24414 MB
Schwarz(Jacobi)+Bicgstab:  Solving for Ux, Initial residual = 8.09004468103029e-05, Final residual = 5.257632414819586e-06, No Iterations 3, Solve time = 233.609 ms
Schwarz(Jacobi)+Bicgstab:  Solving for Uy, Initial residual = 0.004413186595465476, Final residual = 0.00014241047123802808, No Iterations 3, Solve time = 233.609 ms
Schwarz(Jacobi)+Bicgstab:  Solving for Uz, Initial residual = 0.001120341554804486, Final residual = 3.763336693997241e-05, No Iterations 3, Solve time = 233.609 ms
[mem] after-UEqn: DEVICE_POOL current=19126 MB  actual(reserved)=38146 MB  highWater=24414 MB
[GinkgoSolver] p-cache: reuse(update_matrix_value) solve=46 rebuildInterval=0
config(Cg+Schwarz(Multigrid)):  Solving for p, Initial residual = 0.001303575801971958, Final residual = 1.2401938815356434e-05, No Iterations 20, Solve time = 679.001 ms
time step continuity errors : sum local = 3.1161677035905854e-06, global = -4.4488032239942786e-08, cumulative = -1.2699865805613168e-06
[mem] after-pEqn: DEVICE_POOL current=19126 MB  actual(reserved)=38146 MB  highWater=24414 MB
[GinkgoSolver] p-cache: reuse(update_matrix_value) solve=46 rebuildInterval=0
Schwarz(Jacobi)+Bicgstab:  Solving for omega, Initial residual = 1.316735245689919e-05, Final residual = 9.122014410652606e-07, No Iterations 2, Solve time = 81.261 ms
bounding omega, min: -190400.6375427325 max: 45355982.59568257 average: 6370.704281102481
[GinkgoSolver] p-cache: reuse(update_matrix_value) solve=46 rebuildInterval=0
Schwarz(Jacobi)+Bicgstab:  Solving for k, Initial residual = 0.0002505037331246609, Final residual = 1.445412417070369e-05, No Iterations 2, Solve time = 72.206 ms
bounding k, min: -0.001526099312972934 max: 871.1138978453894 average: 9.130751224730476
[mem] after-turb: DEVICE_POOL current=19126 MB  actual(reserved)=38146 MB  highWater=24414 MB
ExecutionTime = 145.56 s  ClockTime = 147 s

Time = 1047
[mem] step-start: DEVICE_POOL current=19126 MB  actual(reserved)=38146 MB  highWater=24414 MB
Schwarz(Jacobi)+Bicgstab:  Solving for Ux, Initial residual = 8.105606892617194e-05, Final residual = 3.850375759871482e-06, No Iterations 3, Solve time = 228.14 ms
Schwarz(Jacobi)+Bicgstab:  Solving for Uy, Initial residual = 0.004426250542281412, Final residual = 0.00014464589449696795, No Iterations 3, Solve time = 228.14 ms
Schwarz(Jacobi)+Bicgstab:  Solving for Uz, Initial residual = 0.0011188161255699896, Final residual = 4.0282476014816456e-05, No Iterations 3, Solve time = 228.14 ms
[mem] after-UEqn: DEVICE_POOL current=19126 MB  actual(reserved)=38146 MB  highWater=24414 MB
[GinkgoSolver] p-cache: reuse(update_matrix_value) solve=47 rebuildInterval=0
config(Cg+Schwarz(Multigrid)):  Solving for p, Initial residual = 0.0012994122248715103, Final residual = 1.2220267948036856e-05, No Iterations 37, Solve time = 1205.287 ms
time step continuity errors : sum local = 3.0687172334252386e-06, global = -3.550832597501495e-08, cumulative = -1.3054949065363317e-06
[mem] after-pEqn: DEVICE_POOL current=19126 MB  actual(reserved)=38146 MB  highWater=24414 MB
[GinkgoSolver] p-cache: reuse(update_matrix_value) solve=47 rebuildInterval=0
Schwarz(Jacobi)+Bicgstab:  Solving for omega, Initial residual = 1.316255713537507e-05, Final residual = 9.07834829614743e-07, No Iterations 2, Solve time = 78.085 ms
bounding omega, min: -47210.03402662325 max: 45355982.594129995 average: 6370.727909756372
[GinkgoSolver] p-cache: reuse(update_matrix_value) solve=47 rebuildInterval=0
Schwarz(Jacobi)+Bicgstab:  Solving for k, Initial residual = 0.0002509853520661454, Final residual = 1.4055069794821623e-05, No Iterations 2, Solve time = 73.286 ms
bounding k, min: -0.00076739547792709 max: 870.8637154724358 average: 9.13100701329825
[mem] after-turb: DEVICE_POOL current=19126 MB  actual(reserved)=38146 MB  highWater=24414 MB
ExecutionTime = 148.27 s  ClockTime = 149 s

Time = 1048
[mem] step-start: DEVICE_POOL current=19126 MB  actual(reserved)=38146 MB  highWater=24414 MB
Schwarz(Jacobi)+Bicgstab:  Solving for Ux, Initial residual = 8.108485387895421e-05, Final residual = 4.3555788390054755e-06, No Iterations 3, Solve time = 236.467 ms
Schwarz(Jacobi)+Bicgstab:  Solving for Uy, Initial residual = 0.004434335545684528, Final residual = 0.00014660129116659068, No Iterations 3, Solve time = 236.467 ms
Schwarz(Jacobi)+Bicgstab:  Solving for Uz, Initial residual = 0.0011185049663809208, Final residual = 3.5003677866374926e-05, No Iterations 3, Solve time = 236.467 ms
[mem] after-UEqn: DEVICE_POOL current=19126 MB  actual(reserved)=38146 MB  highWater=24414 MB
[GinkgoSolver] p-cache: reuse(update_matrix_value) solve=48 rebuildInterval=0
config(Cg+Schwarz(Multigrid)):  Solving for p, Initial residual = 0.0013043850585054675, Final residual = 1.2696333415391421e-05, No Iterations 37, Solve time = 1211.155 ms
time step continuity errors : sum local = 3.1756848127694247e-06, global = -1.829574931216672e-08, cumulative = -1.3237906558484983e-06
[mem] after-pEqn: DEVICE_POOL current=19126 MB  actual(reserved)=38146 MB  highWater=24414 MB
[GinkgoSolver] p-cache: reuse(update_matrix_value) solve=48 rebuildInterval=0
Schwarz(Jacobi)+Bicgstab:  Solving for omega, Initial residual = 1.3162793670610451e-05, Final residual = 9.021266217164298e-07, No Iterations 2, Solve time = 80.12 ms
bounding omega, min: -47313.18534164995 max: 45355982.59500577 average: 6370.699949787402
[GinkgoSolver] p-cache: reuse(update_matrix_value) solve=48 rebuildInterval=0
Schwarz(Jacobi)+Bicgstab:  Solving for k, Initial residual = 0.00025142724498735937, Final residual = 1.3886434084576436e-05, No Iterations 2, Solve time = 73.013 ms
bounding k, min: -0.0018704975633545896 max: 870.6663850532949 average: 9.131306579171522
[mem] after-turb: DEVICE_POOL current=19126 MB  actual(reserved)=38146 MB  highWater=24414 MB
ExecutionTime = 150.98 s  ClockTime = 152 s

Time = 1049
[mem] step-start: DEVICE_POOL current=19126 MB  actual(reserved)=38146 MB  highWater=24414 MB
Schwarz(Jacobi)+Bicgstab:  Solving for Ux, Initial residual = 8.119753222764707e-05, Final residual = 4.826182906864213e-06, No Iterations 2, Solve time = 188.191 ms
Schwarz(Jacobi)+Bicgstab:  Solving for Uy, Initial residual = 0.004438396917469182, Final residual = 0.0002279441973119571, No Iterations 2, Solve time = 188.191 ms
Schwarz(Jacobi)+Bicgstab:  Solving for Uz, Initial residual = 0.0011189526019569481, Final residual = 7.652838212249495e-05, No Iterations 2, Solve time = 188.191 ms
[mem] after-UEqn: DEVICE_POOL current=19126 MB  actual(reserved)=38146 MB  highWater=24414 MB
[GinkgoSolver] p-cache: reuse(update_matrix_value) solve=49 rebuildInterval=0
config(Cg+Schwarz(Multigrid)):  Solving for p, Initial residual = 0.001310668235479687, Final residual = 1.2613641071210725e-05, No Iterations 20, Solve time = 675.306 ms
time step continuity errors : sum local = 3.145242533003068e-06, global = -7.238779935380267e-08, cumulative = -1.396178455202301e-06
[mem] after-pEqn: DEVICE_POOL current=19126 MB  actual(reserved)=38146 MB  highWater=24414 MB
[GinkgoSolver] p-cache: reuse(update_matrix_value) solve=49 rebuildInterval=0
Schwarz(Jacobi)+Bicgstab:  Solving for omega, Initial residual = 1.3185209602224566e-05, Final residual = 9.072334385005471e-07, No Iterations 2, Solve time = 78.411 ms
bounding omega, min: -47515.426194377156 max: 45355982.59795745 average: 6370.730513097282
[GinkgoSolver] p-cache: reuse(update_matrix_value) solve=49 rebuildInterval=0
Schwarz(Jacobi)+Bicgstab:  Solving for k, Initial residual = 0.0002519295777276425, Final residual = 1.3836066995891009e-05, No Iterations 2, Solve time = 72.318 ms
bounding k, min: -0.000678091118904793 max: 870.4769839277924 average: 9.131715635081132
[mem] after-turb: DEVICE_POOL current=19126 MB  actual(reserved)=38146 MB  highWater=24414 MB
ExecutionTime = 153.1 s  ClockTime = 154 s

Time = 1050
[mem] step-start: DEVICE_POOL current=19126 MB  actual(reserved)=38146 MB  highWater=24414 MB
Schwarz(Jacobi)+Bicgstab:  Solving for Ux, Initial residual = 8.13717323972591e-05, Final residual = 4.866814018953067e-06, No Iterations 2, Solve time = 175.266 ms
Schwarz(Jacobi)+Bicgstab:  Solving for Uy, Initial residual = 0.004433335935666985, Final residual = 0.0007256489591262092, No Iterations 2, Solve time = 175.266 ms
Schwarz(Jacobi)+Bicgstab:  Solving for Uz, Initial residual = 0.001124479815559064, Final residual = 7.756428172293379e-05, No Iterations 2, Solve time = 175.266 ms
[mem] after-UEqn: DEVICE_POOL current=19126 MB  actual(reserved)=38146 MB  highWater=24414 MB
[GinkgoSolver] p-cache: reuse(update_matrix_value) solve=50 rebuildInterval=0
config(Cg+Schwarz(Multigrid)):  Solving for p, Initial residual = 0.0013119522078597196, Final residual = 1.1167919533654347e-05, No Iterations 22, Solve time = 740.622 ms
time step continuity errors : sum local = 2.784910056481736e-06, global = -7.169940626629589e-08, cumulative = -1.4678778614685968e-06
[mem] after-pEqn: DEVICE_POOL current=19126 MB  actual(reserved)=38146 MB  highWater=24414 MB
[GinkgoSolver] p-cache: reuse(update_matrix_value) solve=50 rebuildInterval=0
Schwarz(Jacobi)+Bicgstab:  Solving for omega, Initial residual = 1.3211566330814961e-05, Final residual = 9.101134585434562e-07, No Iterations 2, Solve time = 90.024 ms
bounding omega, min: -137771.92819729346 max: 45355982.60352297 average: 6370.8486733584
[GinkgoSolver] p-cache: reuse(update_matrix_value) solve=50 rebuildInterval=0
Schwarz(Jacobi)+Bicgstab:  Solving for k, Initial residual = 0.00025215752592725246, Final residual = 1.3788514986243781e-05, No Iterations 2, Solve time = 71.512 ms
bounding k, min: -0.0009193052257731149 max: 870.255675002136 average: 9.132406699321875
[mem] after-turb: DEVICE_POOL current=19126 MB  actual(reserved)=38146 MB  highWater=24414 MB
Writing p
Writing U
Writing turbulence variables
ExecutionTime = 156.44 s  ClockTime = 159 s

Finalizing NeoN
Finalising parallel run
