/*---------------------------------------------------------------------------*\
| =========                 |                                                 |
| \\      /  F ield         | OpenFOAM: The Open Source CFD Toolbox           |
|  \\    /   O peration     | Version:  2506                                  |
|   \\  /    A nd           | Website:  www.openfoam.com                      |
|    \\/     M anipulation  |                                                 |
\*---------------------------------------------------------------------------*/
Build  : b050cd9480-20250814 OPENFOAM=2506 version=v2506
Arch   : "LSB;label=32;scalar=64"
Exec   : /storage/home/greole/code/NeoFOAM/build/profilingnvidia_h200/bin/neoSimpleFoam -parallel
Date   : Jul 17 2026
Time   : 12:36:16
Host   : gpu-nvidia-h200-3.int.coma-cluster.de
PID    : 219682
I/O    : uncollated
Case   : /storage/home/greole/code/NeoFOAM/occDrivAerStaticMesh
nProcs : 4
Hosts  :
(
    (gpu-nvidia-h200-3.int.coma-cluster.de 4)
)
Pstream initialized with:
    node communication : off [type=host] (4 ranks, 1 nodes)
    topology controls  : none
    consensus exchange : 0 (tuning: 0)
    exchange algorithm : 0
    commsType          : nonBlocking
    polling iterations : 0
trapFpe: Floating point exception trapping enabled (FOAM_SIGFPE).
fileModificationChecking : Monitoring run-time modified files using timeStampMaster (fileModificationSkew 5, maxFileModificationPolls 20)
allowSystemOperations : Allowing user-supplied system call operations

// * * * * * * * * * * * * * * * * * * * * * * * * * * * * * * * * * * * * * //
Create time

Initializing NeoN
Creating Executor GPU
Creating NeoFOAM runTime
GPU-aware MPI: library-available=yes, NeoN-flag=on, executor=GPUExecutor, ranks=4 -> used=yes

SIMPLE: no convergence criteria found. Calculations will run for 50 steps.

Reading field p

Reading field U

Reading/calculating face flux field phi

Selecting incompressible transport model Newtonian
NeoFOAM solver config (from fvSolution configFile) for 'config(Cg+Multigrid)':
{
    cacheSolver: true
    configFile: <NeoN::TokenList>
    l1ScaledResidual: true
    preconditionerRebuildInterval: 0
    relTol: 0.010000
    reportName: config(Cg+Multigrid)
    solver: Ginkgo
    tolerance: 0.000000
}
    effective optimize: false
    effective checkFrequency: 1
Mapping OpenFOAM solver settings to NeoN settings.
Currently, it is advisable to specify a configFile
for fine grained Ginkgo solver control

Replacing solver PBiCGStab by solver::Bicgstab
Replacing preconditioner diagonal by preconditioner::Schwarz (Schwarz-wrapped for distributed run)
NeoFOAM solver config (mapped from fvSolution) for 'Schwarz(Jacobi)+Bicgstab':
{
    cacheSolver: true
    criteria: {
        absolute_residual_norm: 0.000000
        initial_residual_norm: 0.100000
        iteration: 1000
    }
    l1ScaledResidual: true
    optimize: true
    preconditioner: {
        local_solver: {
            max_block_size: 1
            type: preconditioner::Jacobi
        }
        type: preconditioner::Schwarz
    }
    reportName: Schwarz(Jacobi)+Bicgstab
    solver: Ginkgo
    type: solver::Bicgstab
}
    effective optimize: true
    effective checkFrequency: 1
Creating phi

[NF][/storage/home/greole/code/NeoFOAM/include/NeoFOAM/auxiliary/readers.hpp::434]: Internal: 49333487, Boundary: 1754396

[NF][/storage/home/greole/code/NeoFOAM/include/NeoFOAM/auxiliary/readers.hpp::434]: Internal: 49320882, Boundary: 1762558

[NF][/storage/home/greole/code/NeoFOAM/include/NeoFOAM/auxiliary/readers.hpp::434]: Internal: 49243125, Boundary: 1362247

[NF][/storage/home/greole/code/NeoFOAM/include/NeoFOAM/auxiliary/readers.hpp::434]: Internal: 49261542, Boundary: 1427829
Selecting patchDistMethod meshWave
Mapping OpenFOAM solver settings to NeoN settings.
Currently, it is advisable to specify a configFile
for fine grained Ginkgo solver control

Replacing solver PBiCGStab by solver::Bicgstab
Replacing preconditioner diagonal by preconditioner::Schwarz (Schwarz-wrapped for distributed run)
NeoFOAM solver config (mapped from fvSolution) for 'Schwarz(Jacobi)+Bicgstab':
{
    cacheSolver: true
    criteria: {
        absolute_residual_norm: 0.000000
        initial_residual_norm: 0.100000
        iteration: 1000
    }
    l1ScaledResidual: true
    optimize: true
    preconditioner: {
        local_solver: {
            max_block_size: 1
            type: preconditioner::Jacobi
        }
        type: preconditioner::Schwarz
    }
    reportName: Schwarz(Jacobi)+Bicgstab
    solver: Ginkgo
    type: solver::Bicgstab
}
    effective optimize: true
    effective checkFrequency: 1
Mapping OpenFOAM solver settings to NeoN settings.
Currently, it is advisable to specify a configFile
for fine grained Ginkgo solver control

Replacing solver PBiCGStab by solver::Bicgstab
Replacing preconditioner diagonal by preconditioner::Schwarz (Schwarz-wrapped for distributed run)
NeoFOAM solver config (mapped from fvSolution) for 'Schwarz(Jacobi)+Bicgstab':
{
    cacheSolver: true
    criteria: {
        absolute_residual_norm: 0.000000
        initial_residual_norm: 0.100000
        iteration: 1000
    }
    l1ScaledResidual: true
    optimize: true
    preconditioner: {
        local_solver: {
            max_block_size: 1
            type: preconditioner::Jacobi
        }
        type: preconditioner::Schwarz
    }
    reportName: Schwarz(Jacobi)+Bicgstab
    solver: Ginkgo
    type: solver::Bicgstab
}
    effective optimize: true
    effective checkFrequency: 1
[mem] setup.end: DEVICE_POOL current=12979 MB  actual(reserved)=38146 MB  highWater=19132 MB
Starting time loop
Time = 1001
[mem] step-start: DEVICE_POOL current=12979 MB  actual(reserved)=38146 MB  highWater=19132 MB
Schwarz(Jacobi)+Bicgstab:  Solving for Ux, Initial residual = 7.915662809814741e-05, Final residual = 3.1179304544014872e-06, No Iterations 3, Solve time = 68.04 ms
Schwarz(Jacobi)+Bicgstab:  Solving for Uy, Initial residual = 0.004031496934770699, Final residual = 0.0001416085397544055, No Iterations 3, Solve time = 68.04 ms
Schwarz(Jacobi)+Bicgstab:  Solving for Uz, Initial residual = 0.0011224955775289297, Final residual = 4.8975426614135184e-05, No Iterations 3, Solve time = 68.04 ms
[mem] after-UEqn: DEVICE_POOL current=15473 MB  actual(reserved)=38146 MB  highWater=20761 MB
[GinkgoSolver] p-cache: rebuild(generate) solve=1 rebuildInterval=0
config(Cg+Multigrid):  Solving for p, Initial residual = 0.0013092181241289643, Final residual = 1.277559901979418e-05, No Iterations 12, Solve time = 149.808 ms
time step continuity errors : sum local = 3.2262634017468984e-06, global = -5.566321840437735e-07, cumulative = -5.566321840437735e-07
[mem] after-pEqn: DEVICE_POOL current=16941 MB  actual(reserved)=38146 MB  highWater=20761 MB
[GinkgoSolver] p-cache: rebuild(generate) solve=1 rebuildInterval=0
Schwarz(Jacobi)+Bicgstab:  Solving for omega, Initial residual = 1.300872258445562e-05, Final residual = 9.269557177991145e-07, No Iterations 2, Solve time = 15.998 ms
bounding omega, min: -36025.813773117225 max: 45355982.77769652 average: 6373.8661682220445
[GinkgoSolver] p-cache: rebuild(generate) solve=1 rebuildInterval=0
Schwarz(Jacobi)+Bicgstab:  Solving for k, Initial residual = 0.00024224171794922337, Final residual = 9.448411641905678e-06, No Iterations 3, Solve time = 19.406 ms
bounding k, min: -2.38908142369562e-05 max: 942.8731443403825 average: 9.152758424929495
[mem] after-turb: DEVICE_POOL current=19126 MB  actual(reserved)=38146 MB  highWater=21935 MB
ExecutionTime = 43.79 s  ClockTime = 45 s

Time = 1002
[mem] step-start: DEVICE_POOL current=19126 MB  actual(reserved)=38146 MB  highWater=21935 MB
Schwarz(Jacobi)+Bicgstab:  Solving for Ux, Initial residual = 7.874982263150701e-05, Final residual = 2.9919283105828117e-06, No Iterations 3, Solve time = 46.45 ms
Schwarz(Jacobi)+Bicgstab:  Solving for Uy, Initial residual = 0.004033682843253411, Final residual = 0.00014049622708268568, No Iterations 3, Solve time = 46.45 ms
Schwarz(Jacobi)+Bicgstab:  Solving for Uz, Initial residual = 0.001119101505203641, Final residual = 4.118267221744654e-05, No Iterations 3, Solve time = 46.45 ms
[mem] after-UEqn: DEVICE_POOL current=19126 MB  actual(reserved)=38146 MB  highWater=24414 MB
[GinkgoSolver] p-cache: reuse(update_matrix_value) solve=2 rebuildInterval=0
config(Cg+Multigrid):  Solving for p, Initial residual = 0.0012775293464696899, Final residual = 1.1999260012422703e-05, No Iterations 13, Solve time = 174.784 ms
time step continuity errors : sum local = 3.0328443959981553e-06, global = 2.9143281515212553e-07, cumulative = -2.651993688916479e-07
[mem] after-pEqn: DEVICE_POOL current=19126 MB  actual(reserved)=38146 MB  highWater=24414 MB
[GinkgoSolver] p-cache: reuse(update_matrix_value) solve=2 rebuildInterval=0
Schwarz(Jacobi)+Bicgstab:  Solving for omega, Initial residual = 1.3120488416788048e-05, Final residual = 8.756771669585492e-07, No Iterations 2, Solve time = 13.722 ms
bounding omega, min: -93946.80609759603 max: 45355982.85231957 average: 6373.587482289527
[GinkgoSolver] p-cache: reuse(update_matrix_value) solve=2 rebuildInterval=0
Schwarz(Jacobi)+Bicgstab:  Solving for k, Initial residual = 0.00024149243818961035, Final residual = 1.1411915162891941e-05, No Iterations 2, Solve time = 13.645 ms
bounding k, min: -0.00029207503929808 max: 934.1995927197004 average: 9.152492254222615
[mem] after-turb: DEVICE_POOL current=19126 MB  actual(reserved)=38146 MB  highWater=24414 MB
ExecutionTime = 44.58 s  ClockTime = 45 s

Time = 1003
[mem] step-start: DEVICE_POOL current=19126 MB  actual(reserved)=38146 MB  highWater=24414 MB
Schwarz(Jacobi)+Bicgstab:  Solving for Ux, Initial residual = 7.858166086860822e-05, Final residual = 2.4106417889823285e-06, No Iterations 3, Solve time = 46.221 ms
Schwarz(Jacobi)+Bicgstab:  Solving for Uy, Initial residual = 0.004030433401796569, Final residual = 0.00013657974550842426, No Iterations 3, Solve time = 46.221 ms
Schwarz(Jacobi)+Bicgstab:  Solving for Uz, Initial residual = 0.0011176955237399823, Final residual = 3.908919339915552e-05, No Iterations 3, Solve time = 46.221 ms
[mem] after-UEqn: DEVICE_POOL current=19126 MB  actual(reserved)=38146 MB  highWater=24414 MB
[GinkgoSolver] p-cache: reuse(update_matrix_value) solve=3 rebuildInterval=0
config(Cg+Multigrid):  Solving for p, Initial residual = 0.0012689420649805662, Final residual = 1.0879886641390175e-05, No Iterations 13, Solve time = 175.375 ms
time step continuity errors : sum local = 2.7496503096553665e-06, global = 3.2180590985118444e-07, cumulative = 5.660654095953652e-08
[mem] after-pEqn: DEVICE_POOL current=19126 MB  actual(reserved)=38146 MB  highWater=24414 MB
[GinkgoSolver] p-cache: reuse(update_matrix_value) solve=3 rebuildInterval=0
Schwarz(Jacobi)+Bicgstab:  Solving for omega, Initial residual = 1.2976597141505774e-05, Final residual = 8.494743134362797e-07, No Iterations 2, Solve time = 13.646 ms
bounding omega, min: -36304.12407704512 max: 45355982.94063993 average: 6373.4586723975945
[GinkgoSolver] p-cache: reuse(update_matrix_value) solve=3 rebuildInterval=0
Schwarz(Jacobi)+Bicgstab:  Solving for k, Initial residual = 0.0002412753743258068, Final residual = 1.3114886275743552e-05, No Iterations 2, Solve time = 13.616 ms
bounding k, min: -0.0006907722411264982 max: 922.1717353200041 average: 9.15231854057873
[mem] after-turb: DEVICE_POOL current=19126 MB  actual(reserved)=38146 MB  highWater=24414 MB
ExecutionTime = 45.37 s  ClockTime = 46 s

Time = 1004
[mem] step-start: DEVICE_POOL current=19126 MB  actual(reserved)=38146 MB  highWater=24414 MB
Schwarz(Jacobi)+Bicgstab:  Solving for Ux, Initial residual = 7.847916729332515e-05, Final residual = 2.0507645156363784e-06, No Iterations 3, Solve time = 45.691 ms
Schwarz(Jacobi)+Bicgstab:  Solving for Uy, Initial residual = 0.004025174055196478, Final residual = 0.00013301585682272255, No Iterations 3, Solve time = 45.691 ms
Schwarz(Jacobi)+Bicgstab:  Solving for Uz, Initial residual = 0.0011173819307379084, Final residual = 4.1205004989086946e-05, No Iterations 3, Solve time = 45.691 ms
[mem] after-UEqn: DEVICE_POOL current=19126 MB  actual(reserved)=38146 MB  highWater=24414 MB
[GinkgoSolver] p-cache: reuse(update_matrix_value) solve=4 rebuildInterval=0
config(Cg+Multigrid):  Solving for p, Initial residual = 0.0012679136122063913, Final residual = 9.493068026915847e-06, No Iterations 13, Solve time = 184.44 ms
time step continuity errors : sum local = 2.3976640042001422e-06, global = -3.113840716464452e-07, cumulative = -2.5477753068690867e-07
[mem] after-pEqn: DEVICE_POOL current=19126 MB  actual(reserved)=38146 MB  highWater=24414 MB
[GinkgoSolver] p-cache: reuse(update_matrix_value) solve=4 rebuildInterval=0
Schwarz(Jacobi)+Bicgstab:  Solving for omega, Initial residual = 1.286486097686522e-05, Final residual = 8.407170529565011e-07, No Iterations 2, Solve time = 13.601 ms
bounding omega, min: -34599.57896054081 max: 45355983.02691276 average: 6373.604796849568
[GinkgoSolver] p-cache: reuse(update_matrix_value) solve=4 rebuildInterval=0
Schwarz(Jacobi)+Bicgstab:  Solving for k, Initial residual = 0.00024123804759004858, Final residual = 1.371328407614407e-05, No Iterations 2, Solve time = 13.646 ms
bounding k, min: -0.005383108129342895 max: 907.3630714186883 average: 9.152102175880666
[mem] after-turb: DEVICE_POOL current=19126 MB  actual(reserved)=38146 MB  highWater=24414 MB
ExecutionTime = 46.18 s  ClockTime = 47 s

Time = 1005
[mem] step-start: DEVICE_POOL current=19126 MB  actual(reserved)=38146 MB  highWater=24414 MB
Schwarz(Jacobi)+Bicgstab:  Solving for Ux, Initial residual = 7.837177570793885e-05, Final residual = 3.87288030382215e-06, No Iterations 2, Solve time = 35.894 ms
Schwarz(Jacobi)+Bicgstab:  Solving for Uy, Initial residual = 0.004019731046344796, Final residual = 0.0002505077861478976, No Iterations 2, Solve time = 35.894 ms
Schwarz(Jacobi)+Bicgstab:  Solving for Uz, Initial residual = 0.0011176161929389982, Final residual = 6.372384674979433e-05, No Iterations 2, Solve time = 35.894 ms
[mem] after-UEqn: DEVICE_POOL current=19126 MB  actual(reserved)=38146 MB  highWater=24414 MB
[GinkgoSolver] p-cache: reuse(update_matrix_value) solve=5 rebuildInterval=0
config(Cg+Multigrid):  Solving for p, Initial residual = 0.0012748736632178642, Final residual = 1.2229984553507958e-05, No Iterations 12, Solve time = 164.458 ms
time step continuity errors : sum local = 3.0860820321088154e-06, global = -5.997804690241983e-07, cumulative = -8.54557999711107e-07
[mem] after-pEqn: DEVICE_POOL current=19126 MB  actual(reserved)=38146 MB  highWater=24414 MB
[GinkgoSolver] p-cache: reuse(update_matrix_value) solve=5 rebuildInterval=0
Schwarz(Jacobi)+Bicgstab:  Solving for omega, Initial residual = 1.2847247118161423e-05, Final residual = 8.455519454058581e-07, No Iterations 2, Solve time = 13.653 ms
bounding omega, min: -35120.168347653176 max: 45355983.09525911 average: 6373.772279384782
[GinkgoSolver] p-cache: reuse(update_matrix_value) solve=5 rebuildInterval=0
Schwarz(Jacobi)+Bicgstab:  Solving for k, Initial residual = 0.00024164273488113015, Final residual = 1.3721528683306458e-05, No Iterations 2, Solve time = 13.707 ms
bounding k, min: -0.002305771564862072 max: 900.1440406528139 average: 9.151928465247918
[mem] after-turb: DEVICE_POOL current=19126 MB  actual(reserved)=38146 MB  highWater=24414 MB
ExecutionTime = 46.95 s  ClockTime = 48 s

Time = 1006
[mem] step-start: DEVICE_POOL current=19126 MB  actual(reserved)=38146 MB  highWater=24414 MB
Schwarz(Jacobi)+Bicgstab:  Solving for Ux, Initial residual = 7.84680651331731e-05, Final residual = 2.4678833681646936e-06, No Iterations 3, Solve time = 45.842 ms
Schwarz(Jacobi)+Bicgstab:  Solving for Uy, Initial residual = 0.004011570092833952, Final residual = 0.00015334260121162746, No Iterations 3, Solve time = 45.842 ms
Schwarz(Jacobi)+Bicgstab:  Solving for Uz, Initial residual = 0.0011193161518690666, Final residual = 6.1790420809047e-05, No Iterations 3, Solve time = 45.842 ms
[mem] after-UEqn: DEVICE_POOL current=19126 MB  actual(reserved)=38146 MB  highWater=24414 MB
[GinkgoSolver] p-cache: reuse(update_matrix_value) solve=6 rebuildInterval=0
config(Cg+Multigrid):  Solving for p, Initial residual = 0.0012740390661469766, Final residual = 1.16218443322707e-05, No Iterations 12, Solve time = 163.446 ms
time step continuity errors : sum local = 2.930274488510207e-06, global = -5.620149996131736e-07, cumulative = -1.4165729993242805e-06
[mem] after-pEqn: DEVICE_POOL current=19126 MB  actual(reserved)=38146 MB  highWater=24414 MB
[GinkgoSolver] p-cache: reuse(update_matrix_value) solve=6 rebuildInterval=0
Schwarz(Jacobi)+Bicgstab:  Solving for omega, Initial residual = 1.2809597802213614e-05, Final residual = 8.410797855275837e-07, No Iterations 2, Solve time = 13.578 ms
bounding omega, min: -127143.67776723496 max: 45355983.13252524 average: 6373.9302062123115
[GinkgoSolver] p-cache: reuse(update_matrix_value) solve=6 rebuildInterval=0
Schwarz(Jacobi)+Bicgstab:  Solving for k, Initial residual = 0.00024171036143742232, Final residual = 1.3494297225927218e-05, No Iterations 2, Solve time = 13.6 ms
bounding k, min: -0.0023498002166834203 max: 894.2392527113687 average: 9.15171170906526
[mem] after-turb: DEVICE_POOL current=19126 MB  actual(reserved)=38146 MB  highWater=24414 MB
ExecutionTime = 47.73 s  ClockTime = 49 s

Time = 1007
[mem] step-start: DEVICE_POOL current=19126 MB  actual(reserved)=38146 MB  highWater=24414 MB
Schwarz(Jacobi)+Bicgstab:  Solving for Ux, Initial residual = 7.841349026618962e-05, Final residual = 4.254655387333392e-06, No Iterations 2, Solve time = 35.827 ms
Schwarz(Jacobi)+Bicgstab:  Solving for Uy, Initial residual = 0.0040091095928657, Final residual = 0.0005062253153678134, No Iterations 2, Solve time = 35.827 ms
Schwarz(Jacobi)+Bicgstab:  Solving for Uz, Initial residual = 0.001120247797092133, Final residual = 7.050726264092274e-05, No Iterations 2, Solve time = 35.827 ms
[mem] after-UEqn: DEVICE_POOL current=19126 MB  actual(reserved)=38146 MB  highWater=24414 MB
[GinkgoSolver] p-cache: reuse(update_matrix_value) solve=7 rebuildInterval=0
config(Cg+Multigrid):  Solving for p, Initial residual = 0.001288517769953315, Final residual = 1.28015372025707e-05, No Iterations 12, Solve time = 167.543 ms
time step continuity errors : sum local = 3.225623001449106e-06, global = -5.312114497607064e-07, cumulative = -1.947784449084987e-06
[mem] after-pEqn: DEVICE_POOL current=19126 MB  actual(reserved)=38146 MB  highWater=24414 MB
[GinkgoSolver] p-cache: reuse(update_matrix_value) solve=7 rebuildInterval=0
Schwarz(Jacobi)+Bicgstab:  Solving for omega, Initial residual = 1.2811661887075923e-05, Final residual = 8.37586046207619e-07, No Iterations 2, Solve time = 13.68 ms
bounding omega, min: -33435.92407825069 max: 45355983.126953475 average: 6374.071574905043
[GinkgoSolver] p-cache: reuse(update_matrix_value) solve=7 rebuildInterval=0
Schwarz(Jacobi)+Bicgstab:  Solving for k, Initial residual = 0.00024220329850126166, Final residual = 1.3416609498234984e-05, No Iterations 2, Solve time = 13.683 ms
bounding k, min: -0.0009453297075067771 max: 892.6802727869814 average: 9.151403056081936
[mem] after-turb: DEVICE_POOL current=19126 MB  actual(reserved)=38146 MB  highWater=24414 MB
ExecutionTime = 48.51 s  ClockTime = 49 s

Time = 1008
[mem] step-start: DEVICE_POOL current=19126 MB  actual(reserved)=38146 MB  highWater=24414 MB
Schwarz(Jacobi)+Bicgstab:  Solving for Ux, Initial residual = 7.86057791402493e-05, Final residual = 4.28394460765249e-06, No Iterations 2, Solve time = 35.879 ms
Schwarz(Jacobi)+Bicgstab:  Solving for Uy, Initial residual = 0.003987272582878696, Final residual = 0.0007360837755541461, No Iterations 2, Solve time = 35.879 ms
Schwarz(Jacobi)+Bicgstab:  Solving for Uz, Initial residual = 0.0011233263694686824, Final residual = 6.373613169297701e-05, No Iterations 2, Solve time = 35.879 ms
[mem] after-UEqn: DEVICE_POOL current=19126 MB  actual(reserved)=38146 MB  highWater=24414 MB
[GinkgoSolver] p-cache: reuse(update_matrix_value) solve=8 rebuildInterval=0
config(Cg+Multigrid):  Solving for p, Initial residual = 0.0012841642709701421, Final residual = 1.2812677998055482e-05, No Iterations 13, Solve time = 180.267 ms
time step continuity errors : sum local = 3.2269162038654347e-06, global = 3.265563794983797e-07, cumulative = -1.6212280695866075e-06
[mem] after-pEqn: DEVICE_POOL current=19126 MB  actual(reserved)=38146 MB  highWater=24414 MB
[GinkgoSolver] p-cache: reuse(update_matrix_value) solve=8 rebuildInterval=0
Schwarz(Jacobi)+Bicgstab:  Solving for omega, Initial residual = 1.278165086346457e-05, Final residual = 8.354386310966164e-07, No Iterations 2, Solve time = 13.625 ms
bounding omega, min: -39040.62559536344 max: 45355983.061785705 average: 6374.185540727895
[GinkgoSolver] p-cache: reuse(update_matrix_value) solve=8 rebuildInterval=0
Schwarz(Jacobi)+Bicgstab:  Solving for k, Initial residual = 0.0002421114442994629, Final residual = 1.3452503716889588e-05, No Iterations 2, Solve time = 13.65 ms
bounding k, min: -0.0008794302610015299 max: 891.269934235598 average: 9.151200517624446
[mem] after-turb: DEVICE_POOL current=19126 MB  actual(reserved)=38146 MB  highWater=24414 MB
ExecutionTime = 49.29 s  ClockTime = 50 s

Time = 1009
[mem] step-start: DEVICE_POOL current=19126 MB  actual(reserved)=38146 MB  highWater=24414 MB
Schwarz(Jacobi)+Bicgstab:  Solving for Ux, Initial residual = 7.845220612934992e-05, Final residual = 2.600245815678697e-06, No Iterations 3, Solve time = 45.727 ms
Schwarz(Jacobi)+Bicgstab:  Solving for Uy, Initial residual = 0.004037547869311939, Final residual = 0.00013488009195769781, No Iterations 3, Solve time = 45.727 ms
Schwarz(Jacobi)+Bicgstab:  Solving for Uz, Initial residual = 0.0011167705423521985, Final residual = 0.00017590908061638162, No Iterations 3, Solve time = 45.727 ms
[mem] after-UEqn: DEVICE_POOL current=19126 MB  actual(reserved)=38146 MB  highWater=24414 MB
[GinkgoSolver] p-cache: reuse(update_matrix_value) solve=9 rebuildInterval=0
config(Cg+Multigrid):  Solving for p, Initial residual = 0.001306112794737634, Final residual = 1.2268740019330506e-05, No Iterations 13, Solve time = 173.024 ms
time step continuity errors : sum local = 3.0881421151096413e-06, global = 3.2100169025488684e-07, cumulative = -1.3002263793317207e-06
[mem] after-pEqn: DEVICE_POOL current=19126 MB  actual(reserved)=38146 MB  highWater=24414 MB
[GinkgoSolver] p-cache: reuse(update_matrix_value) solve=9 rebuildInterval=0
Schwarz(Jacobi)+Bicgstab:  Solving for omega, Initial residual = 1.2743822826812704e-05, Final residual = 8.337079026151848e-07, No Iterations 2, Solve time = 13.942 ms
bounding omega, min: -36823.007857189405 max: 45355982.89671093 average: 6374.206492713179
[GinkgoSolver] p-cache: reuse(update_matrix_value) solve=9 rebuildInterval=0
Schwarz(Jacobi)+Bicgstab:  Solving for k, Initial residual = 0.00024225396182100682, Final residual = 1.3323809807040079e-05, No Iterations 2, Solve time = 13.646 ms
bounding k, min: -0.001472416614777261 max: 891.8724536179809 average: 9.150532748857831
[mem] after-turb: DEVICE_POOL current=19126 MB  actual(reserved)=38146 MB  highWater=24414 MB
ExecutionTime = 50.09 s  ClockTime = 51 s

Time = 1010
[mem] step-start: DEVICE_POOL current=19126 MB  actual(reserved)=38146 MB  highWater=24414 MB
Schwarz(Jacobi)+Bicgstab:  Solving for Ux, Initial residual = 7.841598714489649e-05, Final residual = 2.853076002241898e-06, No Iterations 3, Solve time = 46.976 ms
Schwarz(Jacobi)+Bicgstab:  Solving for Uy, Initial residual = 0.004063888358804413, Final residual = 0.00013574630132519853, No Iterations 3, Solve time = 46.976 ms
Schwarz(Jacobi)+Bicgstab:  Solving for Uz, Initial residual = 0.0010973887308394384, Final residual = 4.3417943844558826e-05, No Iterations 3, Solve time = 46.976 ms
[mem] after-UEqn: DEVICE_POOL current=19126 MB  actual(reserved)=38146 MB  highWater=24414 MB
[GinkgoSolver] p-cache: reuse(update_matrix_value) solve=10 rebuildInterval=0
config(Cg+Multigrid):  Solving for p, Initial residual = 0.0012797235504908167, Final residual = 1.07869089731804e-05, No Iterations 13, Solve time = 175.434 ms
time step continuity errors : sum local = 2.7141993510628457e-06, global = 4.063937604456151e-07, cumulative = -8.938326188861056e-07
[mem] after-pEqn: DEVICE_POOL current=19126 MB  actual(reserved)=38146 MB  highWater=24414 MB
[GinkgoSolver] p-cache: reuse(update_matrix_value) solve=10 rebuildInterval=0
Schwarz(Jacobi)+Bicgstab:  Solving for omega, Initial residual = 1.2721976120303107e-05, Final residual = 8.328153408091956e-07, No Iterations 2, Solve time = 13.639 ms
bounding omega, min: -167550.0362971588 max: 45355982.67054817 average: 6374.155223862016
[GinkgoSolver] p-cache: reuse(update_matrix_value) solve=10 rebuildInterval=0
Schwarz(Jacobi)+Bicgstab:  Solving for k, Initial residual = 0.00024227647503438643, Final residual = 1.314612529853641e-05, No Iterations 2, Solve time = 13.708 ms
bounding k, min: -0.0018816784097565875 max: 892.0776847769333 average: 9.149858620001387
[mem] after-turb: DEVICE_POOL current=19126 MB  actual(reserved)=38146 MB  highWater=24414 MB
ExecutionTime = 50.88 s  ClockTime = 52 s

Time = 1011
[mem] step-start: DEVICE_POOL current=19126 MB  actual(reserved)=38146 MB  highWater=24414 MB
Schwarz(Jacobi)+Bicgstab:  Solving for Ux, Initial residual = 7.836055085803338e-05, Final residual = 3.318113068169118e-06, No Iterations 3, Solve time = 45.812 ms
Schwarz(Jacobi)+Bicgstab:  Solving for Uy, Initial residual = 0.004078156263466718, Final residual = 0.00013742603072107546, No Iterations 3, Solve time = 45.812 ms
Schwarz(Jacobi)+Bicgstab:  Solving for Uz, Initial residual = 0.0010894183903667578, Final residual = 4.0305019537007315e-05, No Iterations 3, Solve time = 45.812 ms
[mem] after-UEqn: DEVICE_POOL current=19126 MB  actual(reserved)=38146 MB  highWater=24414 MB
[GinkgoSolver] p-cache: reuse(update_matrix_value) solve=11 rebuildInterval=0
config(Cg+Multigrid):  Solving for p, Initial residual = 0.001271932975884343, Final residual = 8.312026465036178e-06, No Iterations 14, Solve time = 184.603 ms
time step continuity errors : sum local = 2.090817266971853e-06, global = 2.7286249143023096e-07, cumulative = -6.209701274558746e-07
[mem] after-pEqn: DEVICE_POOL current=19126 MB  actual(reserved)=38146 MB  highWater=24414 MB
[GinkgoSolver] p-cache: reuse(update_matrix_value) solve=11 rebuildInterval=0
Schwarz(Jacobi)+Bicgstab:  Solving for omega, Initial residual = 1.2709088914954604e-05, Final residual = 8.28081592024337e-07, No Iterations 2, Solve time = 13.721 ms
bounding omega, min: -37550.22820276547 max: 45355982.66684327 average: 6374.078283475122
[GinkgoSolver] p-cache: reuse(update_matrix_value) solve=11 rebuildInterval=0
Schwarz(Jacobi)+Bicgstab:  Solving for k, Initial residual = 0.0002422942681976515, Final residual = 1.2655163964660358e-05, No Iterations 2, Solve time = 13.665 ms
bounding k, min: -0.0005320845488007327 max: 892.8598961920618 average: 9.149123763043164
[mem] after-turb: DEVICE_POOL current=19126 MB  actual(reserved)=38146 MB  highWater=24414 MB
ExecutionTime = 51.68 s  ClockTime = 53 s

Time = 1012
[mem] step-start: DEVICE_POOL current=19126 MB  actual(reserved)=38146 MB  highWater=24414 MB
Schwarz(Jacobi)+Bicgstab:  Solving for Ux, Initial residual = 7.835126914196683e-05, Final residual = 4.240754472807155e-06, No Iterations 2, Solve time = 35.736 ms
Schwarz(Jacobi)+Bicgstab:  Solving for Uy, Initial residual = 0.004080405802067468, Final residual = 0.0005377540580769229, No Iterations 2, Solve time = 35.736 ms
Schwarz(Jacobi)+Bicgstab:  Solving for Uz, Initial residual = 0.0010870359888678575, Final residual = 0.00012132990814498802, No Iterations 2, Solve time = 35.736 ms
[mem] after-UEqn: DEVICE_POOL current=19126 MB  actual(reserved)=38146 MB  highWater=24414 MB
[GinkgoSolver] p-cache: reuse(update_matrix_value) solve=12 rebuildInterval=0
config(Cg+Multigrid):  Solving for p, Initial residual = 0.0012915154354090543, Final residual = 1.1018603921249557e-05, No Iterations 13, Solve time = 174.784 ms
time step continuity errors : sum local = 2.770571440209745e-06, global = -5.042414021609091e-07, cumulative = -1.1252115296167836e-06
[mem] after-pEqn: DEVICE_POOL current=19126 MB  actual(reserved)=38146 MB  highWater=24414 MB
[GinkgoSolver] p-cache: reuse(update_matrix_value) solve=12 rebuildInterval=0
Schwarz(Jacobi)+Bicgstab:  Solving for omega, Initial residual = 1.2723583851808112e-05, Final residual = 8.311542487101184e-07, No Iterations 2, Solve time = 13.628 ms
bounding omega, min: -39251.16619523023 max: 45355982.71100199 average: 6373.866554845894
[GinkgoSolver] p-cache: reuse(update_matrix_value) solve=12 rebuildInterval=0
Schwarz(Jacobi)+Bicgstab:  Solving for k, Initial residual = 0.00024273014963682312, Final residual = 1.238054805347525e-05, No Iterations 2, Solve time = 13.594 ms
bounding k, min: -0.00013649689356644984 max: 893.0608393189859 average: 9.148160620363928
[mem] after-turb: DEVICE_POOL current=19126 MB  actual(reserved)=38146 MB  highWater=24414 MB
ExecutionTime = 52.47 s  ClockTime = 53 s

Time = 1013
[mem] step-start: DEVICE_POOL current=19126 MB  actual(reserved)=38146 MB  highWater=24414 MB
Schwarz(Jacobi)+Bicgstab:  Solving for Ux, Initial residual = 7.865956066772056e-05, Final residual = 2.9771289194572142e-06, No Iterations 3, Solve time = 45.776 ms
Schwarz(Jacobi)+Bicgstab:  Solving for Uy, Initial residual = 0.0040526973567980625, Final residual = 0.00015372309434500146, No Iterations 3, Solve time = 45.776 ms
Schwarz(Jacobi)+Bicgstab:  Solving for Uz, Initial residual = 0.0010852058050477005, Final residual = 4.677846858795647e-05, No Iterations 3, Solve time = 45.776 ms
[mem] after-UEqn: DEVICE_POOL current=19126 MB  actual(reserved)=38146 MB  highWater=24414 MB
[GinkgoSolver] p-cache: reuse(update_matrix_value) solve=13 rebuildInterval=0
config(Cg+Multigrid):  Solving for p, Initial residual = 0.0012846138949320965, Final residual = 9.535300525510365e-06, No Iterations 13, Solve time = 175.21 ms
time step continuity errors : sum local = 2.3969490054529548e-06, global = 4.183306437767606e-07, cumulative = -7.06880885840023e-07
[mem] after-pEqn: DEVICE_POOL current=19126 MB  actual(reserved)=38146 MB  highWater=24414 MB
[GinkgoSolver] p-cache: reuse(update_matrix_value) solve=13 rebuildInterval=0
Schwarz(Jacobi)+Bicgstab:  Solving for omega, Initial residual = 1.2714035442566282e-05, Final residual = 8.340425024774994e-07, No Iterations 2, Solve time = 13.662 ms
bounding omega, min: -34866.20404924651 max: 45355982.76689557 average: 6373.622736484664
[GinkgoSolver] p-cache: reuse(update_matrix_value) solve=13 rebuildInterval=0
Schwarz(Jacobi)+Bicgstab:  Solving for k, Initial residual = 0.00024257371953019595, Final residual = 1.2194765320526798e-05, No Iterations 2, Solve time = 13.621 ms
bounding k, min: -0.0017228285360192455 max: 893.2665515700497 average: 9.147213425852001
[mem] after-turb: DEVICE_POOL current=19126 MB  actual(reserved)=38146 MB  highWater=24414 MB
ExecutionTime = 53.26 s  ClockTime = 54 s

Time = 1014
[mem] step-start: DEVICE_POOL current=19126 MB  actual(reserved)=38146 MB  highWater=24414 MB
Schwarz(Jacobi)+Bicgstab:  Solving for Ux, Initial residual = 7.8645300277935e-05, Final residual = 3.417657346614278e-06, No Iterations 3, Solve time = 45.711 ms
Schwarz(Jacobi)+Bicgstab:  Solving for Uy, Initial residual = 0.004039857303595463, Final residual = 0.0001480236348859185, No Iterations 3, Solve time = 45.711 ms
Schwarz(Jacobi)+Bicgstab:  Solving for Uz, Initial residual = 0.0010872358691435245, Final residual = 8.624721556115087e-05, No Iterations 3, Solve time = 45.711 ms
[mem] after-UEqn: DEVICE_POOL current=19126 MB  actual(reserved)=38146 MB  highWater=24414 MB
[GinkgoSolver] p-cache: reuse(update_matrix_value) solve=14 rebuildInterval=0
config(Cg+Multigrid):  Solving for p, Initial residual = 0.0012836009438866082, Final residual = 1.1451478023190251e-05, No Iterations 12, Solve time = 166.784 ms
time step continuity errors : sum local = 2.8775110898902827e-06, global = 5.280768157926275e-07, cumulative = -1.7880407004739544e-07
[mem] after-pEqn: DEVICE_POOL current=19126 MB  actual(reserved)=38146 MB  highWater=24414 MB
[GinkgoSolver] p-cache: reuse(update_matrix_value) solve=14 rebuildInterval=0
Schwarz(Jacobi)+Bicgstab:  Solving for omega, Initial residual = 1.270413031258081e-05, Final residual = 8.345912901755656e-07, No Iterations 2, Solve time = 13.64 ms
bounding omega, min: -269186.0344699247 max: 45355982.80196463 average: 6373.370348627653
[GinkgoSolver] p-cache: reuse(update_matrix_value) solve=14 rebuildInterval=0
Schwarz(Jacobi)+Bicgstab:  Solving for k, Initial residual = 0.00024246017207581693, Final residual = 1.2085296673750554e-05, No Iterations 2, Solve time = 13.599 ms
bounding k, min: -0.00204153917126261 max: 892.8811880808554 average: 9.146304842074901
[mem] after-turb: DEVICE_POOL current=19126 MB  actual(reserved)=38146 MB  highWater=24414 MB
ExecutionTime = 54.04 s  ClockTime = 55 s

Time = 1015
[mem] step-start: DEVICE_POOL current=19126 MB  actual(reserved)=38146 MB  highWater=24414 MB
Schwarz(Jacobi)+Bicgstab:  Solving for Ux, Initial residual = 7.857165832482551e-05, Final residual = 3.7923113795792684e-06, No Iterations 3, Solve time = 46.22 ms
Schwarz(Jacobi)+Bicgstab:  Solving for Uy, Initial residual = 0.004033658413080069, Final residual = 0.00014186012499714466, No Iterations 3, Solve time = 46.22 ms
Schwarz(Jacobi)+Bicgstab:  Solving for Uz, Initial residual = 0.001094930234326184, Final residual = 3.9913483962424e-05, No Iterations 3, Solve time = 46.22 ms
[mem] after-UEqn: DEVICE_POOL current=19126 MB  actual(reserved)=38146 MB  highWater=24414 MB
[GinkgoSolver] p-cache: reuse(update_matrix_value) solve=15 rebuildInterval=0
config(Cg+Multigrid):  Solving for p, Initial residual = 0.0012808074486223766, Final residual = 1.1946109730422388e-05, No Iterations 12, Solve time = 163.626 ms
time step continuity errors : sum local = 3.0004101937367545e-06, global = 5.417887410881803e-07, cumulative = 3.629846710407849e-07
[mem] after-pEqn: DEVICE_POOL current=19126 MB  actual(reserved)=38146 MB  highWater=24414 MB
[GinkgoSolver] p-cache: reuse(update_matrix_value) solve=15 rebuildInterval=0
Schwarz(Jacobi)+Bicgstab:  Solving for omega, Initial residual = 1.2698942609983306e-05, Final residual = 8.317485119310087e-07, No Iterations 2, Solve time = 13.659 ms
bounding omega, min: -51256.06143822837 max: 45355982.7921682 average: 6373.133703937806
[GinkgoSolver] p-cache: reuse(update_matrix_value) solve=15 rebuildInterval=0
Schwarz(Jacobi)+Bicgstab:  Solving for k, Initial residual = 0.00024243310446915348, Final residual = 1.2172670523926911e-05, No Iterations 2, Solve time = 13.606 ms
bounding k, min: -0.0020683280974421424 max: 892.4025458278553 average: 9.145368591287456
[mem] after-turb: DEVICE_POOL current=19126 MB  actual(reserved)=38146 MB  highWater=24414 MB
ExecutionTime = 54.82 s  ClockTime = 56 s

Time = 1016
[mem] step-start: DEVICE_POOL current=19126 MB  actual(reserved)=38146 MB  highWater=24414 MB
Schwarz(Jacobi)+Bicgstab:  Solving for Ux, Initial residual = 7.851660164770777e-05, Final residual = 3.5132856943619836e-06, No Iterations 3, Solve time = 45.684 ms
Schwarz(Jacobi)+Bicgstab:  Solving for Uy, Initial residual = 0.0040375972689604845, Final residual = 0.00013612424025681368, No Iterations 3, Solve time = 45.684 ms
Schwarz(Jacobi)+Bicgstab:  Solving for Uz, Initial residual = 0.0010972130073347824, Final residual = 4.354938536482741e-05, No Iterations 3, Solve time = 45.684 ms
[mem] after-UEqn: DEVICE_POOL current=19126 MB  actual(reserved)=38146 MB  highWater=24414 MB
[GinkgoSolver] p-cache: reuse(update_matrix_value) solve=16 rebuildInterval=0
config(Cg+Multigrid):  Solving for p, Initial residual = 0.00127704032001179, Final residual = 1.23758011475579e-05, No Iterations 12, Solve time = 165.724 ms
time step continuity errors : sum local = 3.106913938404607e-06, global = 4.226356305267186e-07, cumulative = 7.856203015675035e-07
[mem] after-pEqn: DEVICE_POOL current=19126 MB  actual(reserved)=38146 MB  highWater=24414 MB
[GinkgoSolver] p-cache: reuse(update_matrix_value) solve=16 rebuildInterval=0
Schwarz(Jacobi)+Bicgstab:  Solving for omega, Initial residual = 1.269398950833089e-05, Final residual = 8.309667732987981e-07, No Iterations 2, Solve time = 13.658 ms
bounding omega, min: -48962.585009400136 max: 45355982.733610414 average: 6372.842229491315
[GinkgoSolver] p-cache: reuse(update_matrix_value) solve=16 rebuildInterval=0
Schwarz(Jacobi)+Bicgstab:  Solving for k, Initial residual = 0.00024239472603638688, Final residual = 1.22082632844376e-05, No Iterations 2, Solve time = 13.656 ms
bounding k, min: -0.002549316436666657 max: 891.4642118807569 average: 9.14442926998333
[mem] after-turb: DEVICE_POOL current=19126 MB  actual(reserved)=38146 MB  highWater=24414 MB
ExecutionTime = 55.61 s  ClockTime = 56 s

Time = 1017
[mem] step-start: DEVICE_POOL current=19126 MB  actual(reserved)=38146 MB  highWater=24414 MB
Schwarz(Jacobi)+Bicgstab:  Solving for Ux, Initial residual = 7.845457445978424e-05, Final residual = 3.5667247170320634e-06, No Iterations 3, Solve time = 45.641 ms
Schwarz(Jacobi)+Bicgstab:  Solving for Uy, Initial residual = 0.004048053083691731, Final residual = 0.0001367725818502979, No Iterations 3, Solve time = 45.641 ms
Schwarz(Jacobi)+Bicgstab:  Solving for Uz, Initial residual = 0.0010974073846835668, Final residual = 2.8788442205140198e-05, No Iterations 3, Solve time = 45.641 ms
[mem] after-UEqn: DEVICE_POOL current=19126 MB  actual(reserved)=38146 MB  highWater=24414 MB
[GinkgoSolver] p-cache: reuse(update_matrix_value) solve=17 rebuildInterval=0
config(Cg+Multigrid):  Solving for p, Initial residual = 0.001277034861060361, Final residual = 1.0712979489635352e-05, No Iterations 13, Solve time = 178.114 ms
time step continuity errors : sum local = 2.688384601973837e-06, global = -2.697267471629685e-07, cumulative = 5.15893554404535e-07
[mem] after-pEqn: DEVICE_POOL current=19126 MB  actual(reserved)=38146 MB  highWater=24414 MB
[GinkgoSolver] p-cache: reuse(update_matrix_value) solve=17 rebuildInterval=0
Schwarz(Jacobi)+Bicgstab:  Solving for omega, Initial residual = 1.2690452537262348e-05, Final residual = 8.351331496753745e-07, No Iterations 2, Solve time = 13.577 ms
bounding omega, min: -56313.649119555565 max: 45355982.65599267 average: 6372.532140861598
[GinkgoSolver] p-cache: reuse(update_matrix_value) solve=17 rebuildInterval=0
Schwarz(Jacobi)+Bicgstab:  Solving for k, Initial residual = 0.00024237205046152778, Final residual = 1.2276706535299385e-05, No Iterations 2, Solve time = 13.639 ms
bounding k, min: -0.005684815402374033 max: 890.3877149997304 average: 9.14348149371232
[mem] after-turb: DEVICE_POOL current=19126 MB  actual(reserved)=38146 MB  highWater=24414 MB
ExecutionTime = 56.4 s  ClockTime = 57 s

Time = 1018
[mem] step-start: DEVICE_POOL current=19126 MB  actual(reserved)=38146 MB  highWater=24414 MB
Schwarz(Jacobi)+Bicgstab:  Solving for Ux, Initial residual = 7.842193052854926e-05, Final residual = 4.293679136336854e-06, No Iterations 2, Solve time = 35.766 ms
Schwarz(Jacobi)+Bicgstab:  Solving for Uy, Initial residual = 0.004062200158753146, Final residual = 0.0003038700637748125, No Iterations 2, Solve time = 35.766 ms
Schwarz(Jacobi)+Bicgstab:  Solving for Uz, Initial residual = 0.0010942611765108843, Final residual = 7.294048245109061e-05, No Iterations 2, Solve time = 35.766 ms
[mem] after-UEqn: DEVICE_POOL current=19126 MB  actual(reserved)=38146 MB  highWater=24414 MB
[GinkgoSolver] p-cache: reuse(update_matrix_value) solve=18 rebuildInterval=0
config(Cg+Multigrid):  Solving for p, Initial residual = 0.0012767433460721491, Final residual = 1.1756950512468127e-05, No Iterations 12, Solve time = 166.889 ms
time step continuity errors : sum local = 2.949443023986109e-06, global = 4.6825723356513573e-07, cumulative = 9.841507879696707e-07
[mem] after-pEqn: DEVICE_POOL current=19126 MB  actual(reserved)=38146 MB  highWater=24414 MB
[GinkgoSolver] p-cache: reuse(update_matrix_value) solve=18 rebuildInterval=0
Schwarz(Jacobi)+Bicgstab:  Solving for omega, Initial residual = 1.2721752273770243e-05, Final residual = 8.414300004764622e-07, No Iterations 2, Solve time = 13.679 ms
bounding omega, min: -406393.6807030753 max: 45355982.592985004 average: 6372.223729508217
[GinkgoSolver] p-cache: reuse(update_matrix_value) solve=18 rebuildInterval=0
Schwarz(Jacobi)+Bicgstab:  Solving for k, Initial residual = 0.00024261175995302358, Final residual = 1.2361429908400975e-05, No Iterations 2, Solve time = 13.639 ms
bounding k, min: -0.004771208856434617 max: 888.9850834848951 average: 9.142638455495641
[mem] after-turb: DEVICE_POOL current=19126 MB  actual(reserved)=38146 MB  highWater=24414 MB
ExecutionTime = 57.17 s  ClockTime = 58 s

Time = 1019
[mem] step-start: DEVICE_POOL current=19126 MB  actual(reserved)=38146 MB  highWater=24414 MB
Schwarz(Jacobi)+Bicgstab:  Solving for Ux, Initial residual = 7.857927987158676e-05, Final residual = 4.318182574873392e-06, No Iterations 2, Solve time = 35.807 ms
Schwarz(Jacobi)+Bicgstab:  Solving for Uy, Initial residual = 0.004064845452688567, Final residual = 0.0007623531070207225, No Iterations 2, Solve time = 35.807 ms
Schwarz(Jacobi)+Bicgstab:  Solving for Uz, Initial residual = 0.0010947416309081115, Final residual = 6.93717747643101e-05, No Iterations 2, Solve time = 35.807 ms
[mem] after-UEqn: DEVICE_POOL current=19126 MB  actual(reserved)=38146 MB  highWater=24414 MB
[GinkgoSolver] p-cache: reuse(update_matrix_value) solve=19 rebuildInterval=0
config(Cg+Multigrid):  Solving for p, Initial residual = 0.0012849066283554004, Final residual = 1.2721353881486625e-05, No Iterations 12, Solve time = 166.336 ms
time step continuity errors : sum local = 3.190745256939509e-06, global = 3.896569543804839e-07, cumulative = 1.3738077423501547e-06
[mem] after-pEqn: DEVICE_POOL current=19126 MB  actual(reserved)=38146 MB  highWater=24414 MB
[GinkgoSolver] p-cache: reuse(update_matrix_value) solve=19 rebuildInterval=0
Schwarz(Jacobi)+Bicgstab:  Solving for omega, Initial residual = 1.273627974980085e-05, Final residual = 8.418892091687834e-07, No Iterations 2, Solve time = 13.73 ms
bounding omega, min: -57039.59146109341 max: 45355982.57390532 average: 6372.031528684218
[GinkgoSolver] p-cache: reuse(update_matrix_value) solve=19 rebuildInterval=0
Schwarz(Jacobi)+Bicgstab:  Solving for k, Initial residual = 0.00024248925807708903, Final residual = 1.2495109108942955e-05, No Iterations 2, Solve time = 13.625 ms
bounding k, min: -0.004002572074223637 max: 887.5112026561413 average: 9.142075705394852
[mem] after-turb: DEVICE_POOL current=19126 MB  actual(reserved)=38146 MB  highWater=24414 MB
ExecutionTime = 57.95 s  ClockTime = 59 s

Time = 1020
[mem] step-start: DEVICE_POOL current=19126 MB  actual(reserved)=38146 MB  highWater=24414 MB
Schwarz(Jacobi)+Bicgstab:  Solving for Ux, Initial residual = 7.853903183562154e-05, Final residual = 2.333836868644729e-06, No Iterations 3, Solve time = 45.756 ms
Schwarz(Jacobi)+Bicgstab:  Solving for Uy, Initial residual = 0.004129923045245487, Final residual = 0.00013573855549912407, No Iterations 3, Solve time = 45.756 ms
Schwarz(Jacobi)+Bicgstab:  Solving for Uz, Initial residual = 0.0010888928755238459, Final residual = 4.6097419275079976e-05, No Iterations 3, Solve time = 45.756 ms
[mem] after-UEqn: DEVICE_POOL current=19126 MB  actual(reserved)=38146 MB  highWater=24414 MB
[GinkgoSolver] p-cache: reuse(update_matrix_value) solve=20 rebuildInterval=0
config(Cg+Multigrid):  Solving for p, Initial residual = 0.0012792471652134513, Final residual = 1.221587455091613e-05, No Iterations 12, Solve time = 168.574 ms
time step continuity errors : sum local = 3.0634754137351467e-06, global = 3.794061819076383e-07, cumulative = 1.7532139242577931e-06
[mem] after-pEqn: DEVICE_POOL current=19126 MB  actual(reserved)=38146 MB  highWater=24414 MB
[GinkgoSolver] p-cache: reuse(update_matrix_value) solve=20 rebuildInterval=0
Schwarz(Jacobi)+Bicgstab:  Solving for omega, Initial residual = 1.2713293067971187e-05, Final residual = 8.350144218973837e-07, No Iterations 2, Solve time = 13.663 ms
bounding omega, min: -54716.04708901263 max: 45355982.5753115 average: 6371.799204993979
[GinkgoSolver] p-cache: reuse(update_matrix_value) solve=20 rebuildInterval=0
Schwarz(Jacobi)+Bicgstab:  Solving for k, Initial residual = 0.000242397623048388, Final residual = 1.2636366159614772e-05, No Iterations 2, Solve time = 13.582 ms
bounding k, min: -0.002688130698221977 max: 885.8901109091528 average: 9.141350141472355
[mem] after-turb: DEVICE_POOL current=19126 MB  actual(reserved)=38146 MB  highWater=24414 MB
ExecutionTime = 58.73 s  ClockTime = 60 s

Time = 1021
[mem] step-start: DEVICE_POOL current=19126 MB  actual(reserved)=38146 MB  highWater=24414 MB
Schwarz(Jacobi)+Bicgstab:  Solving for Ux, Initial residual = 7.853869337498191e-05, Final residual = 4.011544796490045e-06, No Iterations 2, Solve time = 35.717 ms
Schwarz(Jacobi)+Bicgstab:  Solving for Uy, Initial residual = 0.004144285778616074, Final residual = 0.000779374521575681, No Iterations 2, Solve time = 35.717 ms
Schwarz(Jacobi)+Bicgstab:  Solving for Uz, Initial residual = 0.0010834114340780678, Final residual = 7.715424060376613e-05, No Iterations 2, Solve time = 35.717 ms
[mem] after-UEqn: DEVICE_POOL current=19126 MB  actual(reserved)=38146 MB  highWater=24414 MB
[GinkgoSolver] p-cache: reuse(update_matrix_value) solve=21 rebuildInterval=0
config(Cg+Multigrid):  Solving for p, Initial residual = 0.0012991028291133976, Final residual = 1.1507354751867857e-05, No Iterations 12, Solve time = 164.966 ms
time step continuity errors : sum local = 2.8855950183968433e-06, global = 3.634559279832885e-07, cumulative = 2.1166698522410816e-06
[mem] after-pEqn: DEVICE_POOL current=19126 MB  actual(reserved)=38146 MB  highWater=24414 MB
[GinkgoSolver] p-cache: reuse(update_matrix_value) solve=21 rebuildInterval=0
Schwarz(Jacobi)+Bicgstab:  Solving for omega, Initial residual = 1.2748228316922369e-05, Final residual = 8.430613976389765e-07, No Iterations 2, Solve time = 13.65 ms
bounding omega, min: -61576.98457499726 max: 45355982.58384247 average: 6371.52847319642
[GinkgoSolver] p-cache: reuse(update_matrix_value) solve=21 rebuildInterval=0
Schwarz(Jacobi)+Bicgstab:  Solving for k, Initial residual = 0.0002428872615338133, Final residual = 1.284922718156057e-05, No Iterations 2, Solve time = 13.598 ms
bounding k, min: -0.002658766924478001 max: 884.2853843573431 average: 9.140556229942659
[mem] after-turb: DEVICE_POOL current=19126 MB  actual(reserved)=38146 MB  highWater=24414 MB
ExecutionTime = 59.51 s  ClockTime = 60 s

Time = 1022
[mem] step-start: DEVICE_POOL current=19126 MB  actual(reserved)=38146 MB  highWater=24414 MB
Schwarz(Jacobi)+Bicgstab:  Solving for Ux, Initial residual = 7.886349469086423e-05, Final residual = 3.1327295973499082e-06, No Iterations 3, Solve time = 45.697 ms
Schwarz(Jacobi)+Bicgstab:  Solving for Uy, Initial residual = 0.004109372685282782, Final residual = 0.00015975840110169797, No Iterations 3, Solve time = 45.697 ms
Schwarz(Jacobi)+Bicgstab:  Solving for Uz, Initial residual = 0.001089180439988503, Final residual = 0.00020805227805530151, No Iterations 3, Solve time = 45.697 ms
[mem] after-UEqn: DEVICE_POOL current=19126 MB  actual(reserved)=38146 MB  highWater=24414 MB
[GinkgoSolver] p-cache: reuse(update_matrix_value) solve=22 rebuildInterval=0
config(Cg+Multigrid):  Solving for p, Initial residual = 0.001302213099158923, Final residual = 1.1175556261711883e-05, No Iterations 12, Solve time = 170.908 ms
time step continuity errors : sum local = 2.8022668475043187e-06, global = 3.5836403387746965e-07, cumulative = 2.475033886118551e-06
[mem] after-pEqn: DEVICE_POOL current=19126 MB  actual(reserved)=38146 MB  highWater=24414 MB
[GinkgoSolver] p-cache: reuse(update_matrix_value) solve=22 rebuildInterval=0
Schwarz(Jacobi)+Bicgstab:  Solving for omega, Initial residual = 1.2796740906093665e-05, Final residual = 8.495541522794655e-07, No Iterations 2, Solve time = 13.695 ms
bounding omega, min: -321616.0398781256 max: 45355982.59715912 average: 6371.326259364584
[GinkgoSolver] p-cache: reuse(update_matrix_value) solve=22 rebuildInterval=0
Schwarz(Jacobi)+Bicgstab:  Solving for k, Initial residual = 0.00024302767790389924, Final residual = 1.3166120305515306e-05, No Iterations 2, Solve time = 13.624 ms
bounding k, min: -0.0031856687033093717 max: 882.6634986453455 average: 9.140080455509187
[mem] after-turb: DEVICE_POOL current=19126 MB  actual(reserved)=38146 MB  highWater=24414 MB
ExecutionTime = 60.3 s  ClockTime = 61 s

Time = 1023
[mem] step-start: DEVICE_POOL current=19126 MB  actual(reserved)=38146 MB  highWater=24414 MB
Schwarz(Jacobi)+Bicgstab:  Solving for Ux, Initial residual = 7.900951930964305e-05, Final residual = 3.6918090741069253e-06, No Iterations 3, Solve time = 45.609 ms
Schwarz(Jacobi)+Bicgstab:  Solving for Uy, Initial residual = 0.004094897230736256, Final residual = 0.00015297700559029198, No Iterations 3, Solve time = 45.609 ms
Schwarz(Jacobi)+Bicgstab:  Solving for Uz, Initial residual = 0.001106206588147095, Final residual = 4.884684399338865e-05, No Iterations 3, Solve time = 45.609 ms
[mem] after-UEqn: DEVICE_POOL current=19126 MB  actual(reserved)=38146 MB  highWater=24414 MB
[GinkgoSolver] p-cache: reuse(update_matrix_value) solve=23 rebuildInterval=0
config(Cg+Multigrid):  Solving for p, Initial residual = 0.0012962913226611443, Final residual = 1.1098189195490642e-05, No Iterations 12, Solve time = 167.892 ms
time step continuity errors : sum local = 2.7824505272277746e-06, global = 3.7322713626334985e-07, cumulative = 2.848261022381901e-06
[mem] after-pEqn: DEVICE_POOL current=19126 MB  actual(reserved)=38146 MB  highWater=24414 MB
[GinkgoSolver] p-cache: reuse(update_matrix_value) solve=23 rebuildInterval=0
Schwarz(Jacobi)+Bicgstab:  Solving for omega, Initial residual = 1.2809796576280365e-05, Final residual = 8.438440723157277e-07, No Iterations 2, Solve time = 13.633 ms
bounding omega, min: -57152.78572389214 max: 45355982.61238391 average: 6371.213580298779
[GinkgoSolver] p-cache: reuse(update_matrix_value) solve=23 rebuildInterval=0
Schwarz(Jacobi)+Bicgstab:  Solving for k, Initial residual = 0.00024313934326044493, Final residual = 1.4072540702441646e-05, No Iterations 2, Solve time = 13.591 ms
bounding k, min: -0.00523154432775727 max: 881.1180569702012 average: 9.139521731896012
[mem] after-turb: DEVICE_POOL current=19126 MB  actual(reserved)=38146 MB  highWater=24414 MB
ExecutionTime = 61.08 s  ClockTime = 62 s

Time = 1024
[mem] step-start: DEVICE_POOL current=19126 MB  actual(reserved)=38146 MB  highWater=24414 MB
Schwarz(Jacobi)+Bicgstab:  Solving for Ux, Initial residual = 7.911757495730867e-05, Final residual = 2.6189927388120847e-06, No Iterations 5, Solve time = 65.619 ms
Schwarz(Jacobi)+Bicgstab:  Solving for Uy, Initial residual = 0.0040958953816446, Final residual = 2.496931849988768e-05, No Iterations 5, Solve time = 65.619 ms
Schwarz(Jacobi)+Bicgstab:  Solving for Uz, Initial residual = 0.0011046611045582475, Final residual = 3.5731291987719255e-05, No Iterations 5, Solve time = 65.619 ms
[mem] after-UEqn: DEVICE_POOL current=19126 MB  actual(reserved)=38146 MB  highWater=24414 MB
[GinkgoSolver] p-cache: reuse(update_matrix_value) solve=24 rebuildInterval=0
config(Cg+Multigrid):  Solving for p, Initial residual = 0.0012973963460418405, Final residual = 1.12136213292169e-05, No Iterations 12, Solve time = 167.614 ms
time step continuity errors : sum local = 2.810873198597012e-06, global = 3.910944018969676e-07, cumulative = 3.2393554242788686e-06
[mem] after-pEqn: DEVICE_POOL current=19126 MB  actual(reserved)=38146 MB  highWater=24414 MB
[GinkgoSolver] p-cache: reuse(update_matrix_value) solve=24 rebuildInterval=0
Schwarz(Jacobi)+Bicgstab:  Solving for omega, Initial residual = 1.2794452437204026e-05, Final residual = 8.377634383996659e-07, No Iterations 2, Solve time = 13.669 ms
bounding omega, min: -59727.66600537638 max: 45355982.627226144 average: 6371.08289192606
[GinkgoSolver] p-cache: reuse(update_matrix_value) solve=24 rebuildInterval=0
Schwarz(Jacobi)+Bicgstab:  Solving for k, Initial residual = 0.0002432497120411532, Final residual = 1.613497357486408e-05, No Iterations 2, Solve time = 13.591 ms
bounding k, min: -0.008016542270304738 max: 879.6656766708875 average: 9.138786251794862
[mem] after-turb: DEVICE_POOL current=19126 MB  actual(reserved)=38146 MB  highWater=24414 MB
ExecutionTime = 61.89 s  ClockTime = 63 s

Time = 1025
[mem] step-start: DEVICE_POOL current=19126 MB  actual(reserved)=38146 MB  highWater=24414 MB
Schwarz(Jacobi)+Bicgstab:  Solving for Ux, Initial residual = 7.906535829911545e-05, Final residual = 2.7644855077876233e-06, No Iterations 3, Solve time = 45.697 ms
Schwarz(Jacobi)+Bicgstab:  Solving for Uy, Initial residual = 0.004100858433246767, Final residual = 0.00013531042577628064, No Iterations 3, Solve time = 45.697 ms
Schwarz(Jacobi)+Bicgstab:  Solving for Uz, Initial residual = 0.0011022466525434389, Final residual = 3.93604572273055e-05, No Iterations 3, Solve time = 45.697 ms
[mem] after-UEqn: DEVICE_POOL current=19126 MB  actual(reserved)=38146 MB  highWater=24414 MB
[GinkgoSolver] p-cache: reuse(update_matrix_value) solve=25 rebuildInterval=0
config(Cg+Multigrid):  Solving for p, Initial residual = 0.0012953657270465793, Final residual = 1.1259362060896823e-05, No Iterations 12, Solve time = 165.015 ms
time step continuity errors : sum local = 2.8217262094122972e-06, global = 3.948048433070184e-07, cumulative = 3.634160267585887e-06
[mem] after-pEqn: DEVICE_POOL current=19126 MB  actual(reserved)=38146 MB  highWater=24414 MB
[GinkgoSolver] p-cache: reuse(update_matrix_value) solve=25 rebuildInterval=0
Schwarz(Jacobi)+Bicgstab:  Solving for omega, Initial residual = 1.280829822878626e-05, Final residual = 8.373522275128466e-07, No Iterations 2, Solve time = 13.634 ms
bounding omega, min: -57452.50923577962 max: 45355982.64000184 average: 6370.956750340089
[GinkgoSolver] p-cache: reuse(update_matrix_value) solve=25 rebuildInterval=0
Schwarz(Jacobi)+Bicgstab:  Solving for k, Initial residual = 0.0002435859412050018, Final residual = 1.9301072934032142e-05, No Iterations 2, Solve time = 13.577 ms
bounding k, min: -0.010701036963434205 max: 878.362983635661 average: 9.13798422762639
[mem] after-turb: DEVICE_POOL current=19126 MB  actual(reserved)=38146 MB  highWater=24414 MB
ExecutionTime = 62.66 s  ClockTime = 64 s

Time = 1026
[mem] step-start: DEVICE_POOL current=19126 MB  actual(reserved)=38146 MB  highWater=24414 MB
Schwarz(Jacobi)+Bicgstab:  Solving for Ux, Initial residual = 7.901601652652513e-05, Final residual = 3.0950495422452376e-06, No Iterations 3, Solve time = 45.66 ms
Schwarz(Jacobi)+Bicgstab:  Solving for Uy, Initial residual = 0.0041195907116268, Final residual = 0.0001359543108378211, No Iterations 3, Solve time = 45.66 ms
Schwarz(Jacobi)+Bicgstab:  Solving for Uz, Initial residual = 0.0010994622139077054, Final residual = 2.7084983723399313e-05, No Iterations 3, Solve time = 45.66 ms
[mem] after-UEqn: DEVICE_POOL current=19126 MB  actual(reserved)=38146 MB  highWater=24414 MB
[GinkgoSolver] p-cache: reuse(update_matrix_value) solve=26 rebuildInterval=0
config(Cg+Multigrid):  Solving for p, Initial residual = 0.0012940627054976405, Final residual = 1.1522069877920018e-05, No Iterations 12, Solve time = 167.455 ms
time step continuity errors : sum local = 2.8867805516552777e-06, global = 4.0187968074038356e-07, cumulative = 4.036039948326271e-06
[mem] after-pEqn: DEVICE_POOL current=19126 MB  actual(reserved)=38146 MB  highWater=24414 MB
[GinkgoSolver] p-cache: reuse(update_matrix_value) solve=26 rebuildInterval=0
Schwarz(Jacobi)+Bicgstab:  Solving for omega, Initial residual = 1.282851533880283e-05, Final residual = 8.342989094899701e-07, No Iterations 2, Solve time = 13.624 ms
bounding omega, min: -389017.1319615543 max: 45355982.65016582 average: 6370.800516458148
[GinkgoSolver] p-cache: reuse(update_matrix_value) solve=26 rebuildInterval=0
Schwarz(Jacobi)+Bicgstab:  Solving for k, Initial residual = 0.0002442190039484589, Final residual = 5.39132803484057e-06, No Iterations 3, Solve time = 16.892 ms
bounding k, min: -1.1485255894957608e-06 max: 877.2010233189354 average: 9.137484038195215
[mem] after-turb: DEVICE_POOL current=19126 MB  actual(reserved)=38146 MB  highWater=24414 MB
ExecutionTime = 63.45 s  ClockTime = 64 s

Time = 1027
[mem] step-start: DEVICE_POOL current=19126 MB  actual(reserved)=38146 MB  highWater=24414 MB
Schwarz(Jacobi)+Bicgstab:  Solving for Ux, Initial residual = 7.899551690707072e-05, Final residual = 4.334223502701742e-06, No Iterations 2, Solve time = 35.706 ms
Schwarz(Jacobi)+Bicgstab:  Solving for Uy, Initial residual = 0.004140225845248567, Final residual = 0.0005486777856228239, No Iterations 2, Solve time = 35.706 ms
Schwarz(Jacobi)+Bicgstab:  Solving for Uz, Initial residual = 0.001095286423943738, Final residual = 7.648008096376125e-05, No Iterations 2, Solve time = 35.706 ms
[mem] after-UEqn: DEVICE_POOL current=19126 MB  actual(reserved)=38146 MB  highWater=24414 MB
[GinkgoSolver] p-cache: reuse(update_matrix_value) solve=27 rebuildInterval=0
config(Cg+Multigrid):  Solving for p, Initial residual = 0.0012934219318703187, Final residual = 1.2411983682519958e-05, No Iterations 12, Solve time = 166.721 ms
time step continuity errors : sum local = 3.108699331415525e-06, global = 4.173186338476537e-07, cumulative = 4.453358582173924e-06
[mem] after-pEqn: DEVICE_POOL current=19126 MB  actual(reserved)=38146 MB  highWater=24414 MB
[GinkgoSolver] p-cache: reuse(update_matrix_value) solve=27 rebuildInterval=0
Schwarz(Jacobi)+Bicgstab:  Solving for omega, Initial residual = 1.267874336727321e-05, Final residual = 8.35389773629506e-07, No Iterations 2, Solve time = 13.661 ms
bounding omega, min: -56178.72895960523 max: 45355982.65799223 average: 6370.730734749134
[GinkgoSolver] p-cache: reuse(update_matrix_value) solve=27 rebuildInterval=0
Schwarz(Jacobi)+Bicgstab:  Solving for k, Initial residual = 0.00024382946678475314, Final residual = 1.1933196186334887e-05, No Iterations 2, Solve time = 13.622 ms
[mem] after-turb: DEVICE_POOL current=19126 MB  actual(reserved)=38146 MB  highWater=24414 MB
ExecutionTime = 64.23 s  ClockTime = 65 s

Time = 1028
[mem] step-start: DEVICE_POOL current=19126 MB  actual(reserved)=38146 MB  highWater=24414 MB
Schwarz(Jacobi)+Bicgstab:  Solving for Ux, Initial residual = 7.922077488543523e-05, Final residual = 4.481123075975305e-06, No Iterations 2, Solve time = 35.783 ms
Schwarz(Jacobi)+Bicgstab:  Solving for Uy, Initial residual = 0.004130131278901059, Final residual = 0.0007761188723564212, No Iterations 2, Solve time = 35.783 ms
Schwarz(Jacobi)+Bicgstab:  Solving for Uz, Initial residual = 0.0010984148393313458, Final residual = 7.407180032948902e-05, No Iterations 2, Solve time = 35.783 ms
[mem] after-UEqn: DEVICE_POOL current=19126 MB  actual(reserved)=38146 MB  highWater=24414 MB
[GinkgoSolver] p-cache: reuse(update_matrix_value) solve=28 rebuildInterval=0
config(Cg+Multigrid):  Solving for p, Initial residual = 0.0012941243095798557, Final residual = 1.2427781140054658e-05, No Iterations 12, Solve time = 162.803 ms
time step continuity errors : sum local = 3.111177960215077e-06, global = 4.1712394170078066e-07, cumulative = 4.870482523874705e-06
[mem] after-pEqn: DEVICE_POOL current=19126 MB  actual(reserved)=38146 MB  highWater=24414 MB
[GinkgoSolver] p-cache: reuse(update_matrix_value) solve=28 rebuildInterval=0
Schwarz(Jacobi)+Bicgstab:  Solving for omega, Initial residual = 1.2800823390128579e-05, Final residual = 8.340070664640655e-07, No Iterations 2, Solve time = 13.604 ms
bounding omega, min: -54950.51436466751 max: 45355982.66509276 average: 6370.668506034465
[GinkgoSolver] p-cache: reuse(update_matrix_value) solve=28 rebuildInterval=0
Schwarz(Jacobi)+Bicgstab:  Solving for k, Initial residual = 0.00024368183601485745, Final residual = 1.2356901718567072e-05, No Iterations 2, Solve time = 13.553 ms
bounding k, min: -0.0005203308472948418 max: 875.3260273677588 average: 9.136318392948239
[mem] after-turb: DEVICE_POOL current=19126 MB  actual(reserved)=38146 MB  highWater=24414 MB
ExecutionTime = 65 s  ClockTime = 66 s

Time = 1029
[mem] step-start: DEVICE_POOL current=19126 MB  actual(reserved)=38146 MB  highWater=24414 MB
Schwarz(Jacobi)+Bicgstab:  Solving for Ux, Initial residual = 7.913807837621631e-05, Final residual = 4.090280907857228e-06, No Iterations 3, Solve time = 45.695 ms
Schwarz(Jacobi)+Bicgstab:  Solving for Uy, Initial residual = 0.004190010918422573, Final residual = 0.0001343834984675231, No Iterations 3, Solve time = 45.695 ms
Schwarz(Jacobi)+Bicgstab:  Solving for Uz, Initial residual = 0.0010949411894714183, Final residual = 4.8966525804131584e-05, No Iterations 3, Solve time = 45.695 ms
[mem] after-UEqn: DEVICE_POOL current=19126 MB  actual(reserved)=38146 MB  highWater=24414 MB
[GinkgoSolver] p-cache: reuse(update_matrix_value) solve=29 rebuildInterval=0
config(Cg+Multigrid):  Solving for p, Initial residual = 0.0012916098579517498, Final residual = 1.1627016964381713e-05, No Iterations 13, Solve time = 176.575 ms
time step continuity errors : sum local = 2.9093519744101373e-06, global = -3.0050031910061223e-07, cumulative = 4.569982204774093e-06
[mem] after-pEqn: DEVICE_POOL current=19126 MB  actual(reserved)=38146 MB  highWater=24414 MB
[GinkgoSolver] p-cache: reuse(update_matrix_value) solve=29 rebuildInterval=0
Schwarz(Jacobi)+Bicgstab:  Solving for omega, Initial residual = 1.2813156122019303e-05, Final residual = 8.358088895069891e-07, No Iterations 2, Solve time = 13.606 ms
bounding omega, min: -54686.85293986353 max: 45355982.671835676 average: 6370.649981318086
[GinkgoSolver] p-cache: reuse(update_matrix_value) solve=29 rebuildInterval=0
Schwarz(Jacobi)+Bicgstab:  Solving for k, Initial residual = 0.00024391283728383075, Final residual = 1.2799945239718465e-05, No Iterations 2, Solve time = 13.596 ms
bounding k, min: -0.004633278893744924 max: 874.6096000725969 average: 9.135779520206682
[mem] after-turb: DEVICE_POOL current=19126 MB  actual(reserved)=38146 MB  highWater=24414 MB
ExecutionTime = 65.79000000000001 s  ClockTime = 67 s

Time = 1030
[mem] step-start: DEVICE_POOL current=19126 MB  actual(reserved)=38146 MB  highWater=24414 MB
Schwarz(Jacobi)+Bicgstab:  Solving for Ux, Initial residual = 7.918602076781295e-05, Final residual = 3.6636627782045233e-06, No Iterations 3, Solve time = 45.635 ms
Schwarz(Jacobi)+Bicgstab:  Solving for Uy, Initial residual = 0.004210411272962958, Final residual = 0.00013316182662228282, No Iterations 3, Solve time = 45.635 ms
Schwarz(Jacobi)+Bicgstab:  Solving for Uz, Initial residual = 0.0010916615542142674, Final residual = 4.594855361360057e-05, No Iterations 3, Solve time = 45.635 ms
[mem] after-UEqn: DEVICE_POOL current=19126 MB  actual(reserved)=38146 MB  highWater=24414 MB
[GinkgoSolver] p-cache: reuse(update_matrix_value) solve=30 rebuildInterval=0
config(Cg+Multigrid):  Solving for p, Initial residual = 0.0012893658507008362, Final residual = 1.1527036373522602e-05, No Iterations 13, Solve time = 173.142 ms
time step continuity errors : sum local = 2.8827137778434795e-06, global = -2.683648579960128e-07, cumulative = 4.30161734677808e-06
[mem] after-pEqn: DEVICE_POOL current=19126 MB  actual(reserved)=38146 MB  highWater=24414 MB
[GinkgoSolver] p-cache: reuse(update_matrix_value) solve=30 rebuildInterval=0
Schwarz(Jacobi)+Bicgstab:  Solving for omega, Initial residual = 1.2819833241788639e-05, Final residual = 8.381078185757596e-07, No Iterations 2, Solve time = 13.685 ms
bounding omega, min: -266034.14349305764 max: 45355982.67931764 average: 6370.630185911958
[GinkgoSolver] p-cache: reuse(update_matrix_value) solve=30 rebuildInterval=0
Schwarz(Jacobi)+Bicgstab:  Solving for k, Initial residual = 0.00024421456880395536, Final residual = 1.3044819041125567e-05, No Iterations 2, Solve time = 13.617 ms
bounding k, min: -0.006611882545231908 max: 874.0147072930578 average: 9.135210898775616
[mem] after-turb: DEVICE_POOL current=19126 MB  actual(reserved)=38146 MB  highWater=24414 MB
ExecutionTime = 66.58 s  ClockTime = 68 s

Time = 1031
[mem] step-start: DEVICE_POOL current=19126 MB  actual(reserved)=38146 MB  highWater=24414 MB
Schwarz(Jacobi)+Bicgstab:  Solving for Ux, Initial residual = 7.923443780907001e-05, Final residual = 3.2511916096552514e-06, No Iterations 3, Solve time = 45.617 ms
Schwarz(Jacobi)+Bicgstab:  Solving for Uy, Initial residual = 0.00422147526070205, Final residual = 0.0001333704658663029, No Iterations 3, Solve time = 45.617 ms
Schwarz(Jacobi)+Bicgstab:  Solving for Uz, Initial residual = 0.0010910797511030363, Final residual = 3.7897861471783394e-05, No Iterations 3, Solve time = 45.617 ms
[mem] after-UEqn: DEVICE_POOL current=19126 MB  actual(reserved)=38146 MB  highWater=24414 MB
[GinkgoSolver] p-cache: reuse(update_matrix_value) solve=31 rebuildInterval=0
config(Cg+Multigrid):  Solving for p, Initial residual = 0.001289178582392074, Final residual = 1.0883068868926433e-05, No Iterations 13, Solve time = 174.493 ms
time step continuity errors : sum local = 2.720400520654726e-06, global = -2.653877017126314e-07, cumulative = 4.036229645065449e-06
[mem] after-pEqn: DEVICE_POOL current=19126 MB  actual(reserved)=38146 MB  highWater=24414 MB
[GinkgoSolver] p-cache: reuse(update_matrix_value) solve=31 rebuildInterval=0
Schwarz(Jacobi)+Bicgstab:  Solving for omega, Initial residual = 1.2820985865401365e-05, Final residual = 8.34776407195574e-07, No Iterations 2, Solve time = 13.794 ms
bounding omega, min: -52766.60070013235 max: 45355982.68737394 average: 6370.640950695392
[GinkgoSolver] p-cache: reuse(update_matrix_value) solve=31 rebuildInterval=0
Schwarz(Jacobi)+Bicgstab:  Solving for k, Initial residual = 0.0002445762654711402, Final residual = 1.3341409708645455e-05, No Iterations 2, Solve time = 13.593 ms
bounding k, min: -0.004749529763378085 max: 873.543577688904 average: 9.134587062311754
[mem] after-turb: DEVICE_POOL current=19126 MB  actual(reserved)=38146 MB  highWater=24414 MB
ExecutionTime = 67.38 s  ClockTime = 68 s

Time = 1032
[mem] step-start: DEVICE_POOL current=19126 MB  actual(reserved)=38146 MB  highWater=24414 MB
Schwarz(Jacobi)+Bicgstab:  Solving for Ux, Initial residual = 7.92909167970471e-05, Final residual = 3.7406371853876822e-06, No Iterations 3, Solve time = 45.681 ms
Schwarz(Jacobi)+Bicgstab:  Solving for Uy, Initial residual = 0.004225376185996103, Final residual = 0.00013326646812046895, No Iterations 3, Solve time = 45.681 ms
Schwarz(Jacobi)+Bicgstab:  Solving for Uz, Initial residual = 0.0010921794671250593, Final residual = 3.29304943003384e-05, No Iterations 3, Solve time = 45.681 ms
[mem] after-UEqn: DEVICE_POOL current=19126 MB  actual(reserved)=38146 MB  highWater=24414 MB
[GinkgoSolver] p-cache: reuse(update_matrix_value) solve=32 rebuildInterval=0
config(Cg+Multigrid):  Solving for p, Initial residual = 0.0012919606889761008, Final residual = 9.983479450793007e-06, No Iterations 13, Solve time = 175.498 ms
time step continuity errors : sum local = 2.494859901113927e-06, global = -3.6831491140277313e-07, cumulative = 3.667914733662676e-06
[mem] after-pEqn: DEVICE_POOL current=19126 MB  actual(reserved)=38146 MB  highWater=24414 MB
[GinkgoSolver] p-cache: reuse(update_matrix_value) solve=32 rebuildInterval=0
Schwarz(Jacobi)+Bicgstab:  Solving for omega, Initial residual = 1.282265809375739e-05, Final residual = 8.37261772599372e-07, No Iterations 2, Solve time = 13.621 ms
bounding omega, min: -51497.655179399044 max: 45355982.695662364 average: 6370.609405925023
[GinkgoSolver] p-cache: reuse(update_matrix_value) solve=32 rebuildInterval=0
Schwarz(Jacobi)+Bicgstab:  Solving for k, Initial residual = 0.0002450459184997836, Final residual = 1.3448342366306055e-05, No Iterations 2, Solve time = 13.688 ms
bounding k, min: -0.009152753659503507 max: 873.1780958100126 average: 9.133958320950146
[mem] after-turb: DEVICE_POOL current=19126 MB  actual(reserved)=38146 MB  highWater=24414 MB
ExecutionTime = 68.17 s  ClockTime = 69 s

Time = 1033
[mem] step-start: DEVICE_POOL current=19126 MB  actual(reserved)=38146 MB  highWater=24414 MB
Schwarz(Jacobi)+Bicgstab:  Solving for Ux, Initial residual = 7.939733427226654e-05, Final residual = 4.513662495733691e-06, No Iterations 2, Solve time = 35.764 ms
Schwarz(Jacobi)+Bicgstab:  Solving for Uy, Initial residual = 0.0042263699577319985, Final residual = 0.0005401805578971796, No Iterations 2, Solve time = 35.764 ms
Schwarz(Jacobi)+Bicgstab:  Solving for Uz, Initial residual = 0.00109443717681416, Final residual = 7.537767529040848e-05, No Iterations 2, Solve time = 35.764 ms
[mem] after-UEqn: DEVICE_POOL current=19126 MB  actual(reserved)=38146 MB  highWater=24414 MB
[GinkgoSolver] p-cache: reuse(update_matrix_value) solve=33 rebuildInterval=0
config(Cg+Multigrid):  Solving for p, Initial residual = 0.0013080941450735856, Final residual = 1.1386942131206285e-05, No Iterations 13, Solve time = 177.472 ms
time step continuity errors : sum local = 2.845523481327538e-06, global = 4.6991066570867115e-07, cumulative = 4.137825399371347e-06
[mem] after-pEqn: DEVICE_POOL current=19126 MB  actual(reserved)=38146 MB  highWater=24414 MB
[GinkgoSolver] p-cache: reuse(update_matrix_value) solve=33 rebuildInterval=0
Schwarz(Jacobi)+Bicgstab:  Solving for omega, Initial residual = 1.285819945664549e-05, Final residual = 8.477073509817908e-07, No Iterations 2, Solve time = 13.599 ms
bounding omega, min: -50855.300085715004 max: 45355982.70325898 average: 6370.588322856476
[GinkgoSolver] p-cache: reuse(update_matrix_value) solve=33 rebuildInterval=0
Schwarz(Jacobi)+Bicgstab:  Solving for k, Initial residual = 0.0002458599752258112, Final residual = 1.3346790341808735e-05, No Iterations 2, Solve time = 13.627 ms
bounding k, min: -0.0037491298699332577 max: 872.8975456829243 average: 9.133313175925936
[mem] after-turb: DEVICE_POOL current=19126 MB  actual(reserved)=38146 MB  highWater=24414 MB
ExecutionTime = 68.95999999999999 s  ClockTime = 70 s

Time = 1034
[mem] step-start: DEVICE_POOL current=19126 MB  actual(reserved)=38146 MB  highWater=24414 MB
Schwarz(Jacobi)+Bicgstab:  Solving for Ux, Initial residual = 7.968994289104001e-05, Final residual = 4.5546808238287355e-06, No Iterations 2, Solve time = 35.695 ms
Schwarz(Jacobi)+Bicgstab:  Solving for Uy, Initial residual = 0.004200218567748247, Final residual = 0.0007828182796660847, No Iterations 2, Solve time = 35.695 ms
Schwarz(Jacobi)+Bicgstab:  Solving for Uz, Initial residual = 0.001103213507645453, Final residual = 7.415312464334551e-05, No Iterations 2, Solve time = 35.695 ms
[mem] after-UEqn: DEVICE_POOL current=19126 MB  actual(reserved)=38146 MB  highWater=24414 MB
[GinkgoSolver] p-cache: reuse(update_matrix_value) solve=34 rebuildInterval=0
config(Cg+Multigrid):  Solving for p, Initial residual = 0.0012963148781490316, Final residual = 9.800296982940599e-06, No Iterations 13, Solve time = 176.98 ms
time step continuity errors : sum local = 2.449518771857076e-06, global = -3.774102248920517e-07, cumulative = 3.760415174479295e-06
[mem] after-pEqn: DEVICE_POOL current=19126 MB  actual(reserved)=38146 MB  highWater=24414 MB
[GinkgoSolver] p-cache: reuse(update_matrix_value) solve=34 rebuildInterval=0
Schwarz(Jacobi)+Bicgstab:  Solving for omega, Initial residual = 1.2872344511647213e-05, Final residual = 8.548350986948725e-07, No Iterations 2, Solve time = 13.69 ms
bounding omega, min: -223469.86999227141 max: 45355982.70882843 average: 6370.63765383604
[GinkgoSolver] p-cache: reuse(update_matrix_value) solve=34 rebuildInterval=0
Schwarz(Jacobi)+Bicgstab:  Solving for k, Initial residual = 0.0002461478454248517, Final residual = 1.2735309781951299e-05, No Iterations 2, Solve time = 13.602 ms
bounding k, min: -0.002949931273761903 max: 872.695056356319 average: 9.13292720239953
[mem] after-turb: DEVICE_POOL current=19126 MB  actual(reserved)=38146 MB  highWater=24414 MB
ExecutionTime = 69.75 s  ClockTime = 71 s

Time = 1035
[mem] step-start: DEVICE_POOL current=19126 MB  actual(reserved)=38146 MB  highWater=24414 MB
Schwarz(Jacobi)+Bicgstab:  Solving for Ux, Initial residual = 7.96660909773629e-05, Final residual = 4.362255874527495e-06, No Iterations 3, Solve time = 46.706 ms
Schwarz(Jacobi)+Bicgstab:  Solving for Uy, Initial residual = 0.004252147104785916, Final residual = 0.0001375576117898935, No Iterations 3, Solve time = 46.706 ms
Schwarz(Jacobi)+Bicgstab:  Solving for Uz, Initial residual = 0.001104327683414336, Final residual = 4.684944231939179e-05, No Iterations 3, Solve time = 46.706 ms
[mem] after-UEqn: DEVICE_POOL current=19126 MB  actual(reserved)=38146 MB  highWater=24414 MB
[GinkgoSolver] p-cache: reuse(update_matrix_value) solve=35 rebuildInterval=0
config(Cg+Multigrid):  Solving for p, Initial residual = 0.0012977626269671588, Final residual = 1.221379616961958e-05, No Iterations 12, Solve time = 164.703 ms
time step continuity errors : sum local = 3.054186043384978e-06, global = -3.4585301281723106e-07, cumulative = 3.414562161662064e-06
[mem] after-pEqn: DEVICE_POOL current=19126 MB  actual(reserved)=38146 MB  highWater=24414 MB
[GinkgoSolver] p-cache: reuse(update_matrix_value) solve=35 rebuildInterval=0
Schwarz(Jacobi)+Bicgstab:  Solving for omega, Initial residual = 1.2892487075781117e-05, Final residual = 8.571619768384332e-07, No Iterations 2, Solve time = 13.596 ms
bounding omega, min: -48807.240387833954 max: 45355982.71189383 average: 6370.751546740803
[GinkgoSolver] p-cache: reuse(update_matrix_value) solve=35 rebuildInterval=0
Schwarz(Jacobi)+Bicgstab:  Solving for k, Initial residual = 0.00024671856533896785, Final residual = 1.2268320968646125e-05, No Iterations 2, Solve time = 13.612 ms
bounding k, min: -0.007421135921168749 max: 872.5529731256748 average: 9.132490210464685
[mem] after-turb: DEVICE_POOL current=19126 MB  actual(reserved)=38146 MB  highWater=24414 MB
ExecutionTime = 70.52 s  ClockTime = 72 s

Time = 1036
[mem] step-start: DEVICE_POOL current=19126 MB  actual(reserved)=38146 MB  highWater=24414 MB
Schwarz(Jacobi)+Bicgstab:  Solving for Ux, Initial residual = 7.975561742641094e-05, Final residual = 4.451362475616353e-06, No Iterations 3, Solve time = 45.833 ms
Schwarz(Jacobi)+Bicgstab:  Solving for Uy, Initial residual = 0.0042713678346001085, Final residual = 0.00013487825168401977, No Iterations 3, Solve time = 45.833 ms
Schwarz(Jacobi)+Bicgstab:  Solving for Uz, Initial residual = 0.0011034218861208467, Final residual = 4.008195526026127e-05, No Iterations 3, Solve time = 45.833 ms
[mem] after-UEqn: DEVICE_POOL current=19126 MB  actual(reserved)=38146 MB  highWater=24414 MB
[GinkgoSolver] p-cache: reuse(update_matrix_value) solve=36 rebuildInterval=0
config(Cg+Multigrid):  Solving for p, Initial residual = 0.001298260543824838, Final residual = 9.49293943358583e-06, No Iterations 13, Solve time = 179.161 ms
time step continuity errors : sum local = 2.3753277247172172e-06, global = 3.8997996002803437e-07, cumulative = 3.8045421216900985e-06
[mem] after-pEqn: DEVICE_POOL current=19126 MB  actual(reserved)=38146 MB  highWater=24414 MB
[GinkgoSolver] p-cache: reuse(update_matrix_value) solve=36 rebuildInterval=0
Schwarz(Jacobi)+Bicgstab:  Solving for omega, Initial residual = 1.2914966774824167e-05, Final residual = 8.635381081850939e-07, No Iterations 2, Solve time = 13.597 ms
bounding omega, min: -48094.68801292823 max: 45355982.71006639 average: 6370.833816671427
[GinkgoSolver] p-cache: reuse(update_matrix_value) solve=36 rebuildInterval=0
Schwarz(Jacobi)+Bicgstab:  Solving for k, Initial residual = 0.00024726564348474036, Final residual = 1.2453644898062479e-05, No Iterations 2, Solve time = 13.608 ms
bounding k, min: -0.00862816858056471 max: 872.4563099565339 average: 9.132057641944648
[mem] after-turb: DEVICE_POOL current=19126 MB  actual(reserved)=38146 MB  highWater=24414 MB
ExecutionTime = 71.31999999999999 s  ClockTime = 72 s

Time = 1037
[mem] step-start: DEVICE_POOL current=19126 MB  actual(reserved)=38146 MB  highWater=24414 MB
Schwarz(Jacobi)+Bicgstab:  Solving for Ux, Initial residual = 7.987377707702298e-05, Final residual = 4.429989098578635e-06, No Iterations 3, Solve time = 45.739 ms
Schwarz(Jacobi)+Bicgstab:  Solving for Uy, Initial residual = 0.004287764126973121, Final residual = 0.00013567317400438187, No Iterations 3, Solve time = 45.739 ms
Schwarz(Jacobi)+Bicgstab:  Solving for Uz, Initial residual = 0.0011031009040755276, Final residual = 3.8410368720263306e-05, No Iterations 3, Solve time = 45.739 ms
[mem] after-UEqn: DEVICE_POOL current=19126 MB  actual(reserved)=38146 MB  highWater=24414 MB
[GinkgoSolver] p-cache: reuse(update_matrix_value) solve=37 rebuildInterval=0
config(Cg+Multigrid):  Solving for p, Initial residual = 0.001297002861425302, Final residual = 1.1934547974486697e-05, No Iterations 11, Solve time = 156.029 ms
time step continuity errors : sum local = 2.9886197943911705e-06, global = 4.6866736008472765e-08, cumulative = 3.851408857698571e-06
[mem] after-pEqn: DEVICE_POOL current=19126 MB  actual(reserved)=38146 MB  highWater=24414 MB
[GinkgoSolver] p-cache: reuse(update_matrix_value) solve=37 rebuildInterval=0
Schwarz(Jacobi)+Bicgstab:  Solving for omega, Initial residual = 1.2951048832011309e-05, Final residual = 8.747038066905667e-07, No Iterations 2, Solve time = 13.626 ms
bounding omega, min: -47285.15698433169 max: 45355982.70280133 average: 6370.906268553789
[GinkgoSolver] p-cache: reuse(update_matrix_value) solve=37 rebuildInterval=0
Schwarz(Jacobi)+Bicgstab:  Solving for k, Initial residual = 0.0002478007678637984, Final residual = 1.2360470167499225e-05, No Iterations 2, Solve time = 13.562 ms
bounding k, min: -0.005078754087768261 max: 872.3839492288756 average: 9.131659307951345
[mem] after-turb: DEVICE_POOL current=19126 MB  actual(reserved)=38146 MB  highWater=24414 MB
ExecutionTime = 72.09 s  ClockTime = 73 s

Time = 1038
[mem] step-start: DEVICE_POOL current=19126 MB  actual(reserved)=38146 MB  highWater=24414 MB
Schwarz(Jacobi)+Bicgstab:  Solving for Ux, Initial residual = 8.001010946212903e-05, Final residual = 5.808396512348262e-06, No Iterations 3, Solve time = 45.736 ms
Schwarz(Jacobi)+Bicgstab:  Solving for Uy, Initial residual = 0.004300341715166505, Final residual = 0.0001371913019592935, No Iterations 3, Solve time = 45.736 ms
Schwarz(Jacobi)+Bicgstab:  Solving for Uz, Initial residual = 0.0011037880871484131, Final residual = 3.468513361922389e-05, No Iterations 3, Solve time = 45.736 ms
[mem] after-UEqn: DEVICE_POOL current=19126 MB  actual(reserved)=38146 MB  highWater=24414 MB
[GinkgoSolver] p-cache: reuse(update_matrix_value) solve=38 rebuildInterval=0
config(Cg+Multigrid):  Solving for p, Initial residual = 0.0013013588102532459, Final residual = 1.1438666442834415e-05, No Iterations 11, Solve time = 154.527 ms
time step continuity errors : sum local = 2.8664898368485203e-06, global = 7.683656165371514e-09, cumulative = 3.8590925138639426e-06
[mem] after-pEqn: DEVICE_POOL current=19126 MB  actual(reserved)=38146 MB  highWater=24414 MB
[GinkgoSolver] p-cache: reuse(update_matrix_value) solve=38 rebuildInterval=0
Schwarz(Jacobi)+Bicgstab:  Solving for omega, Initial residual = 1.2990370045096993e-05, Final residual = 8.864093292571468e-07, No Iterations 2, Solve time = 13.599 ms
bounding omega, min: -348406.3419462968 max: 45355982.69095836 average: 6370.963002369147
[GinkgoSolver] p-cache: reuse(update_matrix_value) solve=38 rebuildInterval=0
Schwarz(Jacobi)+Bicgstab:  Solving for k, Initial residual = 0.00024842122781116655, Final residual = 1.2099874886133927e-05, No Iterations 2, Solve time = 13.571 ms
bounding k, min: -0.014060983316170415 max: 872.3179664411612 average: 9.131382086797087
[mem] after-turb: DEVICE_POOL current=19126 MB  actual(reserved)=38146 MB  highWater=24414 MB
ExecutionTime = 72.87 s  ClockTime = 74 s

Time = 1039
[mem] step-start: DEVICE_POOL current=19126 MB  actual(reserved)=38146 MB  highWater=24414 MB
Schwarz(Jacobi)+Bicgstab:  Solving for Ux, Initial residual = 8.026503312135911e-05, Final residual = 3.6531626388414296e-06, No Iterations 3, Solve time = 45.736 ms
Schwarz(Jacobi)+Bicgstab:  Solving for Uy, Initial residual = 0.00430994854411384, Final residual = 0.0001380362149615556, No Iterations 3, Solve time = 45.736 ms
Schwarz(Jacobi)+Bicgstab:  Solving for Uz, Initial residual = 0.0011051328577751838, Final residual = 3.999182220782079e-05, No Iterations 3, Solve time = 45.736 ms
[mem] after-UEqn: DEVICE_POOL current=19126 MB  actual(reserved)=38146 MB  highWater=24414 MB
[GinkgoSolver] p-cache: reuse(update_matrix_value) solve=39 rebuildInterval=0
config(Cg+Multigrid):  Solving for p, Initial residual = 0.0012947958584634501, Final residual = 1.1051842873872196e-05, No Iterations 12, Solve time = 165.435 ms
time step continuity errors : sum local = 2.771485008020388e-06, global = -3.7689117314581614e-07, cumulative = 3.4822013407181265e-06
[mem] after-pEqn: DEVICE_POOL current=19126 MB  actual(reserved)=38146 MB  highWater=24414 MB
[GinkgoSolver] p-cache: reuse(update_matrix_value) solve=39 rebuildInterval=0
Schwarz(Jacobi)+Bicgstab:  Solving for omega, Initial residual = 1.3011110137564692e-05, Final residual = 8.894785841436569e-07, No Iterations 2, Solve time = 13.632 ms
bounding omega, min: -45607.00113881925 max: 45355982.67555659 average: 6371.044377714902
[GinkgoSolver] p-cache: reuse(update_matrix_value) solve=39 rebuildInterval=0
Schwarz(Jacobi)+Bicgstab:  Solving for k, Initial residual = 0.00024874717164808, Final residual = 1.1883539371581212e-05, No Iterations 2, Solve time = 13.597 ms
bounding k, min: -0.02153836994326981 max: 872.2589801589946 average: 9.131083397419959
[mem] after-turb: DEVICE_POOL current=19126 MB  actual(reserved)=38146 MB  highWater=24414 MB
ExecutionTime = 73.65000000000001 s  ClockTime = 75 s

Time = 1040
[mem] step-start: DEVICE_POOL current=19126 MB  actual(reserved)=38146 MB  highWater=24414 MB
Schwarz(Jacobi)+Bicgstab:  Solving for Ux, Initial residual = 8.03208299357178e-05, Final residual = 4.1292525200601336e-06, No Iterations 2, Solve time = 35.768 ms
Schwarz(Jacobi)+Bicgstab:  Solving for Uy, Initial residual = 0.004318185841990029, Final residual = 0.00048237787424291984, No Iterations 2, Solve time = 35.768 ms
Schwarz(Jacobi)+Bicgstab:  Solving for Uz, Initial residual = 0.00110744515435796, Final residual = 7.460337667269403e-05, No Iterations 2, Solve time = 35.768 ms
[mem] after-UEqn: DEVICE_POOL current=19126 MB  actual(reserved)=38146 MB  highWater=24414 MB
[GinkgoSolver] p-cache: reuse(update_matrix_value) solve=40 rebuildInterval=0
config(Cg+Multigrid):  Solving for p, Initial residual = 0.001302721834665135, Final residual = 1.247632823643791e-05, No Iterations 12, Solve time = 166.173 ms
time step continuity errors : sum local = 3.1309422877507873e-06, global = -6.029105414082677e-07, cumulative = 2.879290799309859e-06
[mem] after-pEqn: DEVICE_POOL current=19126 MB  actual(reserved)=38146 MB  highWater=24414 MB
[GinkgoSolver] p-cache: reuse(update_matrix_value) solve=40 rebuildInterval=0
Schwarz(Jacobi)+Bicgstab:  Solving for omega, Initial residual = 1.3035719282492239e-05, Final residual = 8.93011496555416e-07, No Iterations 2, Solve time = 13.664 ms
bounding omega, min: -44466.79284715732 max: 45355982.65854825 average: 6371.020570714044
[GinkgoSolver] p-cache: reuse(update_matrix_value) solve=40 rebuildInterval=0
Schwarz(Jacobi)+Bicgstab:  Solving for k, Initial residual = 0.0002492943671407911, Final residual = 1.146184777825681e-05, No Iterations 2, Solve time = 13.595 ms
bounding k, min: -0.1553149946196719 max: 872.1929634740223 average: 9.130992876142965
[mem] after-turb: DEVICE_POOL current=19126 MB  actual(reserved)=38146 MB  highWater=24414 MB
ExecutionTime = 74.43000000000001 s  ClockTime = 76 s

Time = 1041
[mem] step-start: DEVICE_POOL current=19126 MB  actual(reserved)=38146 MB  highWater=24414 MB
Schwarz(Jacobi)+Bicgstab:  Solving for Ux, Initial residual = 8.056384271335165e-05, Final residual = 4.759796778442584e-06, No Iterations 2, Solve time = 35.725 ms
Schwarz(Jacobi)+Bicgstab:  Solving for Uy, Initial residual = 0.004302608553074957, Final residual = 0.0007527135745006434, No Iterations 2, Solve time = 35.725 ms
Schwarz(Jacobi)+Bicgstab:  Solving for Uz, Initial residual = 0.0011147717822466748, Final residual = 7.395941911509568e-05, No Iterations 2, Solve time = 35.725 ms
[mem] after-UEqn: DEVICE_POOL current=19126 MB  actual(reserved)=38146 MB  highWater=24414 MB
[GinkgoSolver] p-cache: reuse(update_matrix_value) solve=41 rebuildInterval=0
config(Cg+Multigrid):  Solving for p, Initial residual = 0.0012970423493156302, Final residual = 1.099081408374906e-05, No Iterations 13, Solve time = 173.693 ms
time step continuity errors : sum local = 2.7596607615313415e-06, global = 2.397839502381479e-07, cumulative = 3.1190747495480067e-06
[mem] after-pEqn: DEVICE_POOL current=19126 MB  actual(reserved)=38146 MB  highWater=24414 MB
[GinkgoSolver] p-cache: reuse(update_matrix_value) solve=41 rebuildInterval=0
Schwarz(Jacobi)+Bicgstab:  Solving for omega, Initial residual = 1.2933035449967776e-05, Final residual = 9.02006874076916e-07, No Iterations 2, Solve time = 13.642 ms
bounding omega, min: -44820.28764651171 max: 45355982.64027379 average: 6371.1041484190955
[GinkgoSolver] p-cache: reuse(update_matrix_value) solve=41 rebuildInterval=0
Schwarz(Jacobi)+Bicgstab:  Solving for k, Initial residual = 0.00024915211564336445, Final residual = 1.4329984441182579e-05, No Iterations 2, Solve time = 13.61 ms
bounding k, min: -0.18867956734867009 max: 872.1442342525962 average: 9.131112054817544
[mem] after-turb: DEVICE_POOL current=19126 MB  actual(reserved)=38146 MB  highWater=24414 MB
ExecutionTime = 75.2 s  ClockTime = 76 s

Time = 1042
[mem] step-start: DEVICE_POOL current=19126 MB  actual(reserved)=38146 MB  highWater=24414 MB
Schwarz(Jacobi)+Bicgstab:  Solving for Ux, Initial residual = 8.054992621871916e-05, Final residual = 4.057367230981902e-06, No Iterations 3, Solve time = 47.547 ms
Schwarz(Jacobi)+Bicgstab:  Solving for Uy, Initial residual = 0.004357116983011731, Final residual = 0.00014071013276018249, No Iterations 3, Solve time = 47.547 ms
Schwarz(Jacobi)+Bicgstab:  Solving for Uz, Initial residual = 0.0011158145652425077, Final residual = 4.5455631251379135e-05, No Iterations 3, Solve time = 47.547 ms
[mem] after-UEqn: DEVICE_POOL current=19126 MB  actual(reserved)=38146 MB  highWater=24414 MB
[GinkgoSolver] p-cache: reuse(update_matrix_value) solve=42 rebuildInterval=0
config(Cg+Multigrid):  Solving for p, Initial residual = 0.001297892935745832, Final residual = 1.176366397164604e-05, No Iterations 13, Solve time = 174.933 ms
time step continuity errors : sum local = 2.954726505787591e-06, global = 3.1087726951805296e-07, cumulative = 3.4299520190660596e-06
[mem] after-pEqn: DEVICE_POOL current=19126 MB  actual(reserved)=38146 MB  highWater=24414 MB
[GinkgoSolver] p-cache: reuse(update_matrix_value) solve=42 rebuildInterval=0
Schwarz(Jacobi)+Bicgstab:  Solving for omega, Initial residual = 1.3036226557249872e-05, Final residual = 9.05497173542554e-07, No Iterations 2, Solve time = 13.676 ms
bounding omega, min: -226518.67625306608 max: 45355982.62890765 average: 6371.236476253484
[GinkgoSolver] p-cache: reuse(update_matrix_value) solve=42 rebuildInterval=0
Schwarz(Jacobi)+Bicgstab:  Solving for k, Initial residual = 0.0002493954857231705, Final residual = 7.629366563360483e-06, No Iterations 3, Solve time = 16.898 ms
bounding k, min: -2.9848356326334578e-05 max: 872.0651434616484 average: 9.131006589658698
[mem] after-turb: DEVICE_POOL current=19126 MB  actual(reserved)=38146 MB  highWater=24414 MB
ExecutionTime = 76 s  ClockTime = 77 s

Time = 1043
[mem] step-start: DEVICE_POOL current=19126 MB  actual(reserved)=38146 MB  highWater=24414 MB
Schwarz(Jacobi)+Bicgstab:  Solving for Ux, Initial residual = 8.057343761030123e-05, Final residual = 7.5133796135645225e-06, No Iterations 3, Solve time = 45.676 ms
Schwarz(Jacobi)+Bicgstab:  Solving for Uy, Initial residual = 0.0043761182994015825, Final residual = 0.0001402679955032377, No Iterations 3, Solve time = 45.676 ms
Schwarz(Jacobi)+Bicgstab:  Solving for Uz, Initial residual = 0.0011151898136913558, Final residual = 3.700159682687956e-05, No Iterations 3, Solve time = 45.676 ms
[mem] after-UEqn: DEVICE_POOL current=19126 MB  actual(reserved)=38146 MB  highWater=24414 MB
[GinkgoSolver] p-cache: reuse(update_matrix_value) solve=43 rebuildInterval=0
config(Cg+Multigrid):  Solving for p, Initial residual = 0.0013126836159978333, Final residual = 1.167646258385679e-05, No Iterations 13, Solve time = 175.758 ms
time step continuity errors : sum local = 2.932937573573289e-06, global = 4.3685295247740086e-07, cumulative = 3.86680497154346e-06
[mem] after-pEqn: DEVICE_POOL current=19126 MB  actual(reserved)=38146 MB  highWater=24414 MB
[GinkgoSolver] p-cache: reuse(update_matrix_value) solve=43 rebuildInterval=0
Schwarz(Jacobi)+Bicgstab:  Solving for omega, Initial residual = 1.320633852894248e-05, Final residual = 9.137900766137546e-07, No Iterations 2, Solve time = 13.613 ms
bounding omega, min: -45861.68664304342 max: 45355982.61578277 average: 6371.188433311178
[GinkgoSolver] p-cache: reuse(update_matrix_value) solve=43 rebuildInterval=0
Schwarz(Jacobi)+Bicgstab:  Solving for k, Initial residual = 0.0002481465892915366, Final residual = 1.6151740511299552e-05, No Iterations 2, Solve time = 13.591 ms
bounding k, min: -9.558959800246778e-05 max: 871.9439719050357 average: 9.130979376850677
[mem] after-turb: DEVICE_POOL current=19126 MB  actual(reserved)=38146 MB  highWater=24414 MB
ExecutionTime = 76.79000000000001 s  ClockTime = 78 s

Time = 1044
[mem] step-start: DEVICE_POOL current=19126 MB  actual(reserved)=38146 MB  highWater=24414 MB
Schwarz(Jacobi)+Bicgstab:  Solving for Ux, Initial residual = 8.093299110974416e-05, Final residual = 2.8916625671790226e-06, No Iterations 3, Solve time = 45.72 ms
Schwarz(Jacobi)+Bicgstab:  Solving for Uy, Initial residual = 0.00439124557892721, Final residual = 0.00014243041892894918, No Iterations 3, Solve time = 45.72 ms
Schwarz(Jacobi)+Bicgstab:  Solving for Uz, Initial residual = 0.0011153476562930924, Final residual = 4.176349753815438e-05, No Iterations 3, Solve time = 45.72 ms
[mem] after-UEqn: DEVICE_POOL current=19126 MB  actual(reserved)=38146 MB  highWater=24414 MB
[GinkgoSolver] p-cache: reuse(update_matrix_value) solve=44 rebuildInterval=0
config(Cg+Multigrid):  Solving for p, Initial residual = 0.0012995269435056905, Final residual = 9.942584481919117e-06, No Iterations 14, Solve time = 186.404 ms
time step continuity errors : sum local = 2.496506901651818e-06, global = 1.8456364071643415e-07, cumulative = 4.051368612259894e-06
[mem] after-pEqn: DEVICE_POOL current=19126 MB  actual(reserved)=38146 MB  highWater=24414 MB
[GinkgoSolver] p-cache: reuse(update_matrix_value) solve=44 rebuildInterval=0
Schwarz(Jacobi)+Bicgstab:  Solving for omega, Initial residual = 1.3233589188911928e-05, Final residual = 9.070559804961609e-07, No Iterations 2, Solve time = 14.363 ms
bounding omega, min: -46133.19097598482 max: 45355982.60477458 average: 6371.076504379487
[GinkgoSolver] p-cache: reuse(update_matrix_value) solve=44 rebuildInterval=0
Schwarz(Jacobi)+Bicgstab:  Solving for k, Initial residual = 0.0002488590532514412, Final residual = 1.4413956808731404e-05, No Iterations 2, Solve time = 13.678 ms
bounding k, min: -0.0001622244792769674 max: 871.7892929190352 average: 9.130943312113379
[mem] after-turb: DEVICE_POOL current=19126 MB  actual(reserved)=38146 MB  highWater=24414 MB
ExecutionTime = 77.59999999999999 s  ClockTime = 79 s

Time = 1045
[mem] step-start: DEVICE_POOL current=19126 MB  actual(reserved)=38146 MB  highWater=24414 MB
Schwarz(Jacobi)+Bicgstab:  Solving for Ux, Initial residual = 8.082395082254133e-05, Final residual = 5.131743326789811e-06, No Iterations 3, Solve time = 45.687 ms
Schwarz(Jacobi)+Bicgstab:  Solving for Uy, Initial residual = 0.004401323285065967, Final residual = 0.00014515109199247144, No Iterations 3, Solve time = 45.687 ms
Schwarz(Jacobi)+Bicgstab:  Solving for Uz, Initial residual = 0.0011166530008833028, Final residual = 3.712077968476368e-05, No Iterations 3, Solve time = 45.687 ms
[mem] after-UEqn: DEVICE_POOL current=19126 MB  actual(reserved)=38146 MB  highWater=24414 MB
[GinkgoSolver] p-cache: reuse(update_matrix_value) solve=45 rebuildInterval=0
config(Cg+Multigrid):  Solving for p, Initial residual = 0.0013014351210214757, Final residual = 1.1292256306428761e-05, No Iterations 13, Solve time = 179.841 ms
time step continuity errors : sum local = 2.8332493782904734e-06, global = -3.3068416996512033e-07, cumulative = 3.7206844422947737e-06
[mem] after-pEqn: DEVICE_POOL current=19126 MB  actual(reserved)=38146 MB  highWater=24414 MB
[GinkgoSolver] p-cache: reuse(update_matrix_value) solve=45 rebuildInterval=0
Schwarz(Jacobi)+Bicgstab:  Solving for omega, Initial residual = 1.3188151121129258e-05, Final residual = 9.115528508378591e-07, No Iterations 2, Solve time = 13.68 ms
bounding omega, min: -46549.209312564635 max: 45355982.597350664 average: 6371.016069464474
[GinkgoSolver] p-cache: reuse(update_matrix_value) solve=45 rebuildInterval=0
Schwarz(Jacobi)+Bicgstab:  Solving for k, Initial residual = 0.00024966818524218274, Final residual = 1.419019681262916e-05, No Iterations 2, Solve time = 13.649 ms
bounding k, min: -0.00015240143687183535 max: 871.6086941146391 average: 9.13106040961329
[mem] after-turb: DEVICE_POOL current=19126 MB  actual(reserved)=38146 MB  highWater=24414 MB
ExecutionTime = 78.39 s  ClockTime = 80 s

Time = 1046
[mem] step-start: DEVICE_POOL current=19126 MB  actual(reserved)=38146 MB  highWater=24414 MB
Schwarz(Jacobi)+Bicgstab:  Solving for Ux, Initial residual = 8.099343492172112e-05, Final residual = 3.930356898652998e-06, No Iterations 3, Solve time = 45.767 ms
Schwarz(Jacobi)+Bicgstab:  Solving for Uy, Initial residual = 0.004408319764134845, Final residual = 0.00014615679709861117, No Iterations 3, Solve time = 45.767 ms
Schwarz(Jacobi)+Bicgstab:  Solving for Uz, Initial residual = 0.001118369462806728, Final residual = 4.854891832423868e-05, No Iterations 3, Solve time = 45.767 ms
[mem] after-UEqn: DEVICE_POOL current=19126 MB  actual(reserved)=38146 MB  highWater=24414 MB
[GinkgoSolver] p-cache: reuse(update_matrix_value) solve=46 rebuildInterval=0
config(Cg+Multigrid):  Solving for p, Initial residual = 0.0012986412476939245, Final residual = 1.1759262128597176e-05, No Iterations 13, Solve time = 176.107 ms
time step continuity errors : sum local = 2.9474294917579643e-06, global = 4.550563646674243e-07, cumulative = 4.175740806962198e-06
[mem] after-pEqn: DEVICE_POOL current=19126 MB  actual(reserved)=38146 MB  highWater=24414 MB
[GinkgoSolver] p-cache: reuse(update_matrix_value) solve=46 rebuildInterval=0
Schwarz(Jacobi)+Bicgstab:  Solving for omega, Initial residual = 1.3174692261647746e-05, Final residual = 9.10382414604766e-07, No Iterations 2, Solve time = 13.576 ms
bounding omega, min: -194348.6961396831 max: 45355982.59331682 average: 6370.942996571667
[GinkgoSolver] p-cache: reuse(update_matrix_value) solve=46 rebuildInterval=0
Schwarz(Jacobi)+Bicgstab:  Solving for k, Initial residual = 0.0002502483432568559, Final residual = 1.3986930759168065e-05, No Iterations 2, Solve time = 13.658 ms
bounding k, min: -0.0019024274422601126 max: 871.3922056113503 average: 9.131233615113583
[mem] after-turb: DEVICE_POOL current=19126 MB  actual(reserved)=38146 MB  highWater=24414 MB
ExecutionTime = 79.18000000000001 s  ClockTime = 80 s

Time = 1047
[mem] step-start: DEVICE_POOL current=19126 MB  actual(reserved)=38146 MB  highWater=24414 MB
Schwarz(Jacobi)+Bicgstab:  Solving for Ux, Initial residual = 8.103111458706431e-05, Final residual = 4.762944643788625e-06, No Iterations 2, Solve time = 35.841 ms
Schwarz(Jacobi)+Bicgstab:  Solving for Uy, Initial residual = 0.004413137459973283, Final residual = 0.0005543741449693124, No Iterations 2, Solve time = 35.841 ms
Schwarz(Jacobi)+Bicgstab:  Solving for Uz, Initial residual = 0.0011214160331867427, Final residual = 7.568513319913463e-05, No Iterations 2, Solve time = 35.841 ms
[mem] after-UEqn: DEVICE_POOL current=19126 MB  actual(reserved)=38146 MB  highWater=24414 MB
[GinkgoSolver] p-cache: reuse(update_matrix_value) solve=47 rebuildInterval=0
config(Cg+Multigrid):  Solving for p, Initial residual = 0.0013142054796248166, Final residual = 1.0640385279305373e-05, No Iterations 13, Solve time = 179.88 ms
time step continuity errors : sum local = 2.6638427731303163e-06, global = -3.002011308586671e-07, cumulative = 3.875539676103531e-06
[mem] after-pEqn: DEVICE_POOL current=19126 MB  actual(reserved)=38146 MB  highWater=24414 MB
[GinkgoSolver] p-cache: reuse(update_matrix_value) solve=47 rebuildInterval=0
Schwarz(Jacobi)+Bicgstab:  Solving for omega, Initial residual = 1.3187926178609766e-05, Final residual = 9.087495733006741e-07, No Iterations 2, Solve time = 13.615 ms
bounding omega, min: -47253.63834883417 max: 45355982.59212955 average: 6370.901125567386
[GinkgoSolver] p-cache: reuse(update_matrix_value) solve=47 rebuildInterval=0
Schwarz(Jacobi)+Bicgstab:  Solving for k, Initial residual = 0.0002509946598569278, Final residual = 1.3910807576162563e-05, No Iterations 2, Solve time = 13.66 ms
bounding k, min: -0.00027707783373785873 max: 871.1506855027236 average: 9.13140668376593
[mem] after-turb: DEVICE_POOL current=19126 MB  actual(reserved)=38146 MB  highWater=24414 MB
ExecutionTime = 79.98 s  ClockTime = 81 s

Time = 1048
[mem] step-start: DEVICE_POOL current=19126 MB  actual(reserved)=38146 MB  highWater=24414 MB
Schwarz(Jacobi)+Bicgstab:  Solving for Ux, Initial residual = 8.127682339532072e-05, Final residual = 4.794280487286441e-06, No Iterations 2, Solve time = 35.743 ms
Schwarz(Jacobi)+Bicgstab:  Solving for Uy, Initial residual = 0.004392068340453094, Final residual = 0.0007756251792829592, No Iterations 2, Solve time = 35.743 ms
Schwarz(Jacobi)+Bicgstab:  Solving for Uz, Initial residual = 0.0011289272193146817, Final residual = 7.661598276500575e-05, No Iterations 2, Solve time = 35.743 ms
[mem] after-UEqn: DEVICE_POOL current=19126 MB  actual(reserved)=38146 MB  highWater=24414 MB
[GinkgoSolver] p-cache: reuse(update_matrix_value) solve=48 rebuildInterval=0
config(Cg+Multigrid):  Solving for p, Initial residual = 0.0013055133569766283, Final residual = 1.2272434442414645e-05, No Iterations 13, Solve time = 174.892 ms
time step continuity errors : sum local = 3.0688464101644342e-06, global = 3.278706762800101e-07, cumulative = 4.203410352383541e-06
[mem] after-pEqn: DEVICE_POOL current=19126 MB  actual(reserved)=38146 MB  highWater=24414 MB
[GinkgoSolver] p-cache: reuse(update_matrix_value) solve=48 rebuildInterval=0
Schwarz(Jacobi)+Bicgstab:  Solving for omega, Initial residual = 1.3186267843283511e-05, Final residual = 9.05063018162741e-07, No Iterations 2, Solve time = 13.601 ms
bounding omega, min: -47358.059889729404 max: 45355982.59344599 average: 6370.887847396951
[GinkgoSolver] p-cache: reuse(update_matrix_value) solve=48 rebuildInterval=0
Schwarz(Jacobi)+Bicgstab:  Solving for k, Initial residual = 0.00025120550466411156, Final residual = 1.3812174009160562e-05, No Iterations 2, Solve time = 13.564 ms
bounding k, min: -0.0022981599873528533 max: 870.9117374350407 average: 9.13187898393702
[mem] after-turb: DEVICE_POOL current=19126 MB  actual(reserved)=38146 MB  highWater=24414 MB
ExecutionTime = 80.76000000000001 s  ClockTime = 82 s

Time = 1049
[mem] step-start: DEVICE_POOL current=19126 MB  actual(reserved)=38146 MB  highWater=24414 MB
Schwarz(Jacobi)+Bicgstab:  Solving for Ux, Initial residual = 8.120470001885547e-05, Final residual = 3.542259392652774e-06, No Iterations 3, Solve time = 45.767 ms
Schwarz(Jacobi)+Bicgstab:  Solving for Uy, Initial residual = 0.004437329469924903, Final residual = 0.00014360246399649655, No Iterations 3, Solve time = 45.767 ms
Schwarz(Jacobi)+Bicgstab:  Solving for Uz, Initial residual = 0.0011299994346723734, Final residual = 4.786411614430007e-05, No Iterations 3, Solve time = 45.767 ms
[mem] after-UEqn: DEVICE_POOL current=19126 MB  actual(reserved)=38146 MB  highWater=24414 MB
[GinkgoSolver] p-cache: reuse(update_matrix_value) solve=49 rebuildInterval=0
config(Cg+Multigrid):  Solving for p, Initial residual = 0.0013046520531979334, Final residual = 1.1208166194421664e-05, No Iterations 13, Solve time = 177.496 ms
time step continuity errors : sum local = 2.799591689482473e-06, global = -2.852463297358375e-07, cumulative = 3.918164022647703e-06
[mem] after-pEqn: DEVICE_POOL current=19126 MB  actual(reserved)=38146 MB  highWater=24414 MB
[GinkgoSolver] p-cache: reuse(update_matrix_value) solve=49 rebuildInterval=0
Schwarz(Jacobi)+Bicgstab:  Solving for omega, Initial residual = 1.3178609129500949e-05, Final residual = 9.045325794814956e-07, No Iterations 2, Solve time = 13.723 ms
bounding omega, min: -47586.7744587297 max: 45355982.59701965 average: 6370.935082212239
[GinkgoSolver] p-cache: reuse(update_matrix_value) solve=49 rebuildInterval=0
Schwarz(Jacobi)+Bicgstab:  Solving for k, Initial residual = 0.00025154485806148377, Final residual = 1.376928047782424e-05, No Iterations 2, Solve time = 13.655 ms
bounding k, min: -0.00029308168064036985 max: 870.6777889738952 average: 9.132260149489078
[mem] after-turb: DEVICE_POOL current=19126 MB  actual(reserved)=38146 MB  highWater=24414 MB
ExecutionTime = 81.55 s  ClockTime = 83 s

Time = 1050
[mem] step-start: DEVICE_POOL current=19126 MB  actual(reserved)=38146 MB  highWater=24414 MB
Schwarz(Jacobi)+Bicgstab:  Solving for Ux, Initial residual = 8.11365863606817e-05, Final residual = 4.688857425770931e-06, No Iterations 3, Solve time = 45.722 ms
Schwarz(Jacobi)+Bicgstab:  Solving for Uy, Initial residual = 0.004450550083695746, Final residual = 0.00014114481814765756, No Iterations 3, Solve time = 45.722 ms
Schwarz(Jacobi)+Bicgstab:  Solving for Uz, Initial residual = 0.0011293478893744395, Final residual = 3.909360852098859e-05, No Iterations 3, Solve time = 45.722 ms
[mem] after-UEqn: DEVICE_POOL current=19126 MB  actual(reserved)=38146 MB  highWater=24414 MB
[GinkgoSolver] p-cache: reuse(update_matrix_value) solve=50 rebuildInterval=0
config(Cg+Multigrid):  Solving for p, Initial residual = 0.0013082412222580034, Final residual = 1.242038055139267e-05, No Iterations 13, Solve time = 174.787 ms
time step continuity errors : sum local = 3.0998672771263e-06, global = -3.699690385066897e-07, cumulative = 3.548194984141014e-06
[mem] after-pEqn: DEVICE_POOL current=19126 MB  actual(reserved)=38146 MB  highWater=24414 MB
[GinkgoSolver] p-cache: reuse(update_matrix_value) solve=50 rebuildInterval=0
Schwarz(Jacobi)+Bicgstab:  Solving for omega, Initial residual = 1.3184353731709437e-05, Final residual = 9.027362238704879e-07, No Iterations 2, Solve time = 13.638 ms
bounding omega, min: -137199.32418576893 max: 45355982.60306587 average: 6370.975162304784
[GinkgoSolver] p-cache: reuse(update_matrix_value) solve=50 rebuildInterval=0
Schwarz(Jacobi)+Bicgstab:  Solving for k, Initial residual = 0.00025193100783657205, Final residual = 1.3775583254858306e-05, No Iterations 2, Solve time = 13.596 ms
bounding k, min: -0.0012096134489805294 max: 870.4567605362192 average: 9.132682686875293
[mem] after-turb: DEVICE_POOL current=19126 MB  actual(reserved)=38146 MB  highWater=24414 MB
Writing p
Writing U
Writing turbulence variables
ExecutionTime = 83.51000000000001 s  ClockTime = 86 s

Finalizing NeoN
Finalising parallel run
