/*---------------------------------------------------------------------------*\
| =========                 |                                                 |
| \\      /  F ield         | OpenFOAM: The Open Source CFD Toolbox           |
|  \\    /   O peration     | Version:  2506                                  |
|   \\  /    A nd           | Website:  www.openfoam.com                      |
|    \\/     M anipulation  |                                                 |
\*---------------------------------------------------------------------------*/
Build  : b050cd9480-20250814 OPENFOAM=2506 version=v2506
Arch   : "LSB;label=32;scalar=64"
Exec   : /storage/home/greole/code/NeoFOAM/build/profilingnvidia_h200/bin/neoSimpleFoam -parallel
Date   : Jul 15 2026
Time   : 09:30:33
Host   : gpu-nvidia-h200-3.int.coma-cluster.de
PID    : 3751830
I/O    : uncollated
Case   : /storage/home/greole/code/NeoFOAM/occDrivAerStaticMesh
nProcs : 4
Hosts  :
(
    (gpu-nvidia-h200-3.int.coma-cluster.de 4)
)
Pstream initialized with:
    node communication : off [type=host] (4 ranks, 1 nodes)
    topology controls  : none
    consensus exchange : 0 (tuning: 0)
    exchange algorithm : 0
    commsType          : nonBlocking
    polling iterations : 0
trapFpe: Floating point exception trapping enabled (FOAM_SIGFPE).
fileModificationChecking : Monitoring run-time modified files using timeStampMaster (fileModificationSkew 5, maxFileModificationPolls 20)
allowSystemOperations : Allowing user-supplied system call operations

// * * * * * * * * * * * * * * * * * * * * * * * * * * * * * * * * * * * * * //
Create time

Initializing NeoN
Creating Executor GPU
Creating NeoFOAM runTime
GPU-aware MPI: library-available=yes, NeoN-flag=on, executor=GPUExecutor, ranks=4 -> used=yes

SIMPLE: no convergence criteria found. Calculations will run for 50 steps.

Reading field p

Reading field U

Reading/calculating face flux field phi

Selecting incompressible transport model Newtonian
NeoFOAM solver config (from fvSolution configFile) for 'config(Cg+Multigrid)':
{
    cacheSolver: true
    configFile: <NeoN::TokenList>
    l1ScaledResidual: true
    preconditionerRebuildInterval: 0
    relTol: 0.010000
    reportName: config(Cg+Multigrid)
    solver: Ginkgo
    tolerance: 0.000000
}
    effective optimize: false
    effective checkFrequency: 1
Mapping OpenFOAM solver settings to NeoN settings.
Currently, it is advisable to specify a configFile
for fine grained Ginkgo solver control

Replacing solver PBiCGStab by solver::Bicgstab
Replacing preconditioner diagonal by preconditioner::Schwarz (Schwarz-wrapped for distributed run)
NeoFOAM solver config (mapped from fvSolution) for 'Schwarz(Jacobi)+Bicgstab':
{
    cacheSolver: true
    criteria: {
        absolute_residual_norm: 0.000000
        initial_residual_norm: 0.100000
        iteration: 1000
    }
    l1ScaledResidual: true
    optimize: true
    preconditioner: {
        local_solver: {
            max_block_size: 1
            type: preconditioner::Jacobi
        }
        type: preconditioner::Schwarz
    }
    reportName: Schwarz(Jacobi)+Bicgstab
    solver: Ginkgo
    type: solver::Bicgstab
}
    effective optimize: true
    effective checkFrequency: 1
Creating phi

[NF][/storage/home/greole/code/NeoFOAM/include/NeoFOAM/auxiliary/readers.hpp::434]: Internal: 49333487, Boundary: 1754396

[NF][/storage/home/greole/code/NeoFOAM/include/NeoFOAM/auxiliary/readers.hpp::434]: Internal: 49320882, Boundary: 1762558

[NF][/storage/home/greole/code/NeoFOAM/include/NeoFOAM/auxiliary/readers.hpp::434]: Internal: 49261542, Boundary: 1427829

[NF][/storage/home/greole/code/NeoFOAM/include/NeoFOAM/auxiliary/readers.hpp::434]: Internal: 49243125, Boundary: 1362247
Selecting patchDistMethod meshWave
Mapping OpenFOAM solver settings to NeoN settings.
Currently, it is advisable to specify a configFile
for fine grained Ginkgo solver control

Replacing solver PBiCGStab by solver::Bicgstab
Replacing preconditioner diagonal by preconditioner::Schwarz (Schwarz-wrapped for distributed run)
NeoFOAM solver config (mapped from fvSolution) for 'Schwarz(Jacobi)+Bicgstab':
{
    cacheSolver: true
    criteria: {
        absolute_residual_norm: 0.000000
        initial_residual_norm: 0.100000
        iteration: 1000
    }
    l1ScaledResidual: true
    optimize: true
    preconditioner: {
        local_solver: {
            max_block_size: 1
            type: preconditioner::Jacobi
        }
        type: preconditioner::Schwarz
    }
    reportName: Schwarz(Jacobi)+Bicgstab
    solver: Ginkgo
    type: solver::Bicgstab
}
    effective optimize: true
    effective checkFrequency: 1
Mapping OpenFOAM solver settings to NeoN settings.
Currently, it is advisable to specify a configFile
for fine grained Ginkgo solver control

Replacing solver PBiCGStab by solver::Bicgstab
Replacing preconditioner diagonal by preconditioner::Schwarz (Schwarz-wrapped for distributed run)
NeoFOAM solver config (mapped from fvSolution) for 'Schwarz(Jacobi)+Bicgstab':
{
    cacheSolver: true
    criteria: {
        absolute_residual_norm: 0.000000
        initial_residual_norm: 0.100000
        iteration: 1000
    }
    l1ScaledResidual: true
    optimize: true
    preconditioner: {
        local_solver: {
            max_block_size: 1
            type: preconditioner::Jacobi
        }
        type: preconditioner::Schwarz
    }
    reportName: Schwarz(Jacobi)+Bicgstab
    solver: Ginkgo
    type: solver::Bicgstab
}
    effective optimize: true
    effective checkFrequency: 1
[mem] setup.end: DEVICE_POOL current=12979 MB  actual(reserved)=38146 MB  highWater=19132 MB
Starting time loop
Time = 1001
[mem] step-start: DEVICE_POOL current=12979 MB  actual(reserved)=38146 MB  highWater=19132 MB
Schwarz(Jacobi)+Bicgstab:  Solving for Ux, Initial residual = 7.915653595473606e-05, Final residual = 3.1179240294664624e-06, No Iterations 3, Solve time = 236.247 ms
Schwarz(Jacobi)+Bicgstab:  Solving for Uy, Initial residual = 0.0040314963885018755, Final residual = 0.0001416085236941067, No Iterations 3, Solve time = 236.247 ms
Schwarz(Jacobi)+Bicgstab:  Solving for Uz, Initial residual = 0.0011224948656558265, Final residual = 4.8975396728924334e-05, No Iterations 3, Solve time = 236.247 ms
[mem] after-UEqn: DEVICE_POOL current=15473 MB  actual(reserved)=38146 MB  highWater=20761 MB
[GinkgoSolver] p-cache: rebuild(generate) solve=1 rebuildInterval=0
config(Cg+Multigrid):  Solving for p, Initial residual = 0.0013092178421721544, Final residual = 1.2814653526889804e-05, No Iterations 18, Solve time = 1239.301 ms
time step continuity errors : sum local = 3.2361259647938308e-06, global = 1.1930237567707603e-08, cumulative = 1.1930237567707603e-08
[mem] after-pEqn: DEVICE_POOL current=16941 MB  actual(reserved)=38146 MB  highWater=20761 MB
[GinkgoSolver] p-cache: rebuild(generate) solve=1 rebuildInterval=0
Schwarz(Jacobi)+Bicgstab:  Solving for omega, Initial residual = 1.3008540597271407e-05, Final residual = 9.269430887348357e-07, No Iterations 2, Solve time = 75.592 ms
bounding omega, min: -36066.245200078025 max: 45355982.77769653 average: 6373.858013376928
[GinkgoSolver] p-cache: rebuild(generate) solve=1 rebuildInterval=0
Schwarz(Jacobi)+Bicgstab:  Solving for k, Initial residual = 0.00024224130426085411, Final residual = 9.448328155762893e-06, No Iterations 3, Solve time = 99.011 ms
bounding k, min: -2.4119573556336906e-05 max: 942.8720162870068 average: 9.152759297130642
[mem] after-turb: DEVICE_POOL current=19126 MB  actual(reserved)=38146 MB  highWater=21935 MB
ExecutionTime = 48.89 s  ClockTime = 49 s

Time = 1002
[mem] step-start: DEVICE_POOL current=19126 MB  actual(reserved)=38146 MB  highWater=21935 MB
Schwarz(Jacobi)+Bicgstab:  Solving for Ux, Initial residual = 7.875042609834545e-05, Final residual = 2.99188149420302e-06, No Iterations 3, Solve time = 233.702 ms
Schwarz(Jacobi)+Bicgstab:  Solving for Uy, Initial residual = 0.004033517485149076, Final residual = 0.00014047050912015238, No Iterations 3, Solve time = 233.702 ms
Schwarz(Jacobi)+Bicgstab:  Solving for Uz, Initial residual = 0.0011190848642856613, Final residual = 4.1226851051437766e-05, No Iterations 3, Solve time = 233.702 ms
[mem] after-UEqn: DEVICE_POOL current=19126 MB  actual(reserved)=38146 MB  highWater=24414 MB
[GinkgoSolver] p-cache: reuse(update_matrix_value) solve=2 rebuildInterval=0
config(Cg+Multigrid):  Solving for p, Initial residual = 0.0012776157996365932, Final residual = 1.1609203212159958e-05, No Iterations 19, Solve time = 1290.333 ms
time step continuity errors : sum local = 2.9336679699651954e-06, global = 2.7443656300629256e-09, cumulative = 1.4674603197770528e-08
[mem] after-pEqn: DEVICE_POOL current=19126 MB  actual(reserved)=38146 MB  highWater=24414 MB
[GinkgoSolver] p-cache: reuse(update_matrix_value) solve=2 rebuildInterval=0
Schwarz(Jacobi)+Bicgstab:  Solving for omega, Initial residual = 1.3120087433046597e-05, Final residual = 8.756848208569188e-07, No Iterations 2, Solve time = 86.591 ms
bounding omega, min: -93860.85025204986 max: 45355982.852331795 average: 6373.580429206739
[GinkgoSolver] p-cache: reuse(update_matrix_value) solve=2 rebuildInterval=0
Schwarz(Jacobi)+Bicgstab:  Solving for k, Initial residual = 0.0002414918305362661, Final residual = 1.1412530143307451e-05, No Iterations 2, Solve time = 73.35 ms
bounding k, min: -0.0002927679027614448 max: 934.3822991124907 average: 9.152494299172808
[mem] after-turb: DEVICE_POOL current=19126 MB  actual(reserved)=38146 MB  highWater=24414 MB
ExecutionTime = 51.82 s  ClockTime = 52 s

Time = 1003
[mem] step-start: DEVICE_POOL current=19126 MB  actual(reserved)=38146 MB  highWater=24414 MB
Schwarz(Jacobi)+Bicgstab:  Solving for Ux, Initial residual = 7.857826325680463e-05, Final residual = 2.4112059638332903e-06, No Iterations 3, Solve time = 228.099 ms
Schwarz(Jacobi)+Bicgstab:  Solving for Uy, Initial residual = 0.004030019152516834, Final residual = 0.0001366106065125249, No Iterations 3, Solve time = 228.099 ms
Schwarz(Jacobi)+Bicgstab:  Solving for Uz, Initial residual = 0.0011176738541304096, Final residual = 3.908462963029423e-05, No Iterations 3, Solve time = 228.099 ms
[mem] after-UEqn: DEVICE_POOL current=19126 MB  actual(reserved)=38146 MB  highWater=24414 MB
[GinkgoSolver] p-cache: reuse(update_matrix_value) solve=3 rebuildInterval=0
config(Cg+Multigrid):  Solving for p, Initial residual = 0.0012686794803816457, Final residual = 1.1675290944905726e-05, No Iterations 19, Solve time = 1296.854 ms
time step continuity errors : sum local = 2.9505438504784355e-06, global = -4.412219229894979e-09, cumulative = 1.026238396787555e-08
[mem] after-pEqn: DEVICE_POOL current=19126 MB  actual(reserved)=38146 MB  highWater=24414 MB
[GinkgoSolver] p-cache: reuse(update_matrix_value) solve=3 rebuildInterval=0
Schwarz(Jacobi)+Bicgstab:  Solving for omega, Initial residual = 1.297636846811793e-05, Final residual = 8.494756150148747e-07, No Iterations 2, Solve time = 86.518 ms
bounding omega, min: -36271.0805692195 max: 45355982.940784514 average: 6373.452894288961
[GinkgoSolver] p-cache: reuse(update_matrix_value) solve=3 rebuildInterval=0
Schwarz(Jacobi)+Bicgstab:  Solving for k, Initial residual = 0.0002412749635215505, Final residual = 1.31134087189422e-05, No Iterations 2, Solve time = 72.48 ms
bounding k, min: -0.0006900484162742481 max: 922.3746093780067 average: 9.152322909244626
[mem] after-turb: DEVICE_POOL current=19126 MB  actual(reserved)=38146 MB  highWater=24414 MB
ExecutionTime = 54.74 s  ClockTime = 55 s

Time = 1004
[mem] step-start: DEVICE_POOL current=19126 MB  actual(reserved)=38146 MB  highWater=24414 MB
Schwarz(Jacobi)+Bicgstab:  Solving for Ux, Initial residual = 7.847388712069123e-05, Final residual = 2.050977002388529e-06, No Iterations 3, Solve time = 236.036 ms
Schwarz(Jacobi)+Bicgstab:  Solving for Uy, Initial residual = 0.004024496882832643, Final residual = 0.00013303257614541902, No Iterations 3, Solve time = 236.036 ms
Schwarz(Jacobi)+Bicgstab:  Solving for Uz, Initial residual = 0.0011173431264821824, Final residual = 4.122235155247498e-05, No Iterations 3, Solve time = 236.036 ms
[mem] after-UEqn: DEVICE_POOL current=19126 MB  actual(reserved)=38146 MB  highWater=24414 MB
[GinkgoSolver] p-cache: reuse(update_matrix_value) solve=4 rebuildInterval=0
config(Cg+Multigrid):  Solving for p, Initial residual = 0.0012671107332201262, Final residual = 1.1699368451805112e-05, No Iterations 19, Solve time = 1283.538 ms
time step continuity errors : sum local = 2.9556690363673025e-06, global = -9.150556308254031e-09, cumulative = 1.1118276596215192e-09
[mem] after-pEqn: DEVICE_POOL current=19126 MB  actual(reserved)=38146 MB  highWater=24414 MB
[GinkgoSolver] p-cache: reuse(update_matrix_value) solve=4 rebuildInterval=0
Schwarz(Jacobi)+Bicgstab:  Solving for omega, Initial residual = 1.2864836879017736e-05, Final residual = 8.407275427169936e-07, No Iterations 2, Solve time = 87.476 ms
bounding omega, min: -34607.04205630534 max: 45355983.02717931 average: 6373.600642354045
[GinkgoSolver] p-cache: reuse(update_matrix_value) solve=4 rebuildInterval=0
Schwarz(Jacobi)+Bicgstab:  Solving for k, Initial residual = 0.00024123757009905287, Final residual = 1.3711860179027155e-05, No Iterations 2, Solve time = 74.014 ms
bounding k, min: -0.0053789156235889216 max: 907.4374656092209 average: 9.15210965359505
[mem] after-turb: DEVICE_POOL current=19126 MB  actual(reserved)=38146 MB  highWater=24414 MB
ExecutionTime = 57.66 s  ClockTime = 58 s

Time = 1005
[mem] step-start: DEVICE_POOL current=19126 MB  actual(reserved)=38146 MB  highWater=24414 MB
Schwarz(Jacobi)+Bicgstab:  Solving for Ux, Initial residual = 7.836388746507549e-05, Final residual = 3.873343423706734e-06, No Iterations 2, Solve time = 184.262 ms
Schwarz(Jacobi)+Bicgstab:  Solving for Uy, Initial residual = 0.004018842119897085, Final residual = 0.00024999221234765643, No Iterations 2, Solve time = 184.262 ms
Schwarz(Jacobi)+Bicgstab:  Solving for Uz, Initial residual = 0.0011175772836392896, Final residual = 6.375889917792375e-05, No Iterations 2, Solve time = 184.262 ms
[mem] after-UEqn: DEVICE_POOL current=19126 MB  actual(reserved)=38146 MB  highWater=24414 MB
[GinkgoSolver] p-cache: reuse(update_matrix_value) solve=5 rebuildInterval=0
config(Cg+Multigrid):  Solving for p, Initial residual = 0.0012739874599809844, Final residual = 1.2548589775035652e-05, No Iterations 18, Solve time = 1225.502 ms
time step continuity errors : sum local = 3.1683658395546286e-06, global = -1.3332197497052122e-08, cumulative = -1.2220369837430603e-08
[mem] after-pEqn: DEVICE_POOL current=19126 MB  actual(reserved)=38146 MB  highWater=24414 MB
[GinkgoSolver] p-cache: reuse(update_matrix_value) solve=5 rebuildInterval=0
Schwarz(Jacobi)+Bicgstab:  Solving for omega, Initial residual = 1.2847360554792043e-05, Final residual = 8.455155784090674e-07, No Iterations 2, Solve time = 91.29 ms
bounding omega, min: -35312.93795801317 max: 45355983.095559694 average: 6373.773803926472
[GinkgoSolver] p-cache: reuse(update_matrix_value) solve=5 rebuildInterval=0
Schwarz(Jacobi)+Bicgstab:  Solving for k, Initial residual = 0.00024164290521067796, Final residual = 1.3723249087299119e-05, No Iterations 2, Solve time = 72.394 ms
bounding k, min: -0.002308449906227722 max: 900.1442071517537 average: 9.1519401432556
[mem] after-turb: DEVICE_POOL current=19126 MB  actual(reserved)=38146 MB  highWater=24414 MB
ExecutionTime = 60.43 s  ClockTime = 61 s

Time = 1006
[mem] step-start: DEVICE_POOL current=19126 MB  actual(reserved)=38146 MB  highWater=24414 MB
Schwarz(Jacobi)+Bicgstab:  Solving for Ux, Initial residual = 7.845772585281127e-05, Final residual = 2.4625265673118894e-06, No Iterations 3, Solve time = 225.077 ms
Schwarz(Jacobi)+Bicgstab:  Solving for Uy, Initial residual = 0.00401068063344202, Final residual = 0.0001532182937659908, No Iterations 3, Solve time = 225.077 ms
Schwarz(Jacobi)+Bicgstab:  Solving for Uz, Initial residual = 0.0011192191043857126, Final residual = 6.141093383835744e-05, No Iterations 3, Solve time = 225.077 ms
[mem] after-UEqn: DEVICE_POOL current=19126 MB  actual(reserved)=38146 MB  highWater=24414 MB
[GinkgoSolver] p-cache: reuse(update_matrix_value) solve=6 rebuildInterval=0
config(Cg+Multigrid):  Solving for p, Initial residual = 0.0012724064261582866, Final residual = 1.2018482348840491e-05, No Iterations 19, Solve time = 1284.33 ms
time step continuity errors : sum local = 3.0328037019449552e-06, global = -1.59903647937542e-08, cumulative = -2.8210734631184803e-08
[mem] after-pEqn: DEVICE_POOL current=19126 MB  actual(reserved)=38146 MB  highWater=24414 MB
[GinkgoSolver] p-cache: reuse(update_matrix_value) solve=6 rebuildInterval=0
Schwarz(Jacobi)+Bicgstab:  Solving for omega, Initial residual = 1.2810319596244442e-05, Final residual = 8.414007461076582e-07, No Iterations 2, Solve time = 78.926 ms
bounding omega, min: -128172.55094144205 max: 45355983.13279834 average: 6373.931714612285
[GinkgoSolver] p-cache: reuse(update_matrix_value) solve=6 rebuildInterval=0
Schwarz(Jacobi)+Bicgstab:  Solving for k, Initial residual = 0.00024171079207277926, Final residual = 1.3493780059500088e-05, No Iterations 2, Solve time = 72.543 ms
bounding k, min: -0.0023501665623915785 max: 894.28967962393 average: 9.15172582987491
[mem] after-turb: DEVICE_POOL current=19126 MB  actual(reserved)=38146 MB  highWater=24414 MB
ExecutionTime = 63.32 s  ClockTime = 64 s

Time = 1007
[mem] step-start: DEVICE_POOL current=19126 MB  actual(reserved)=38146 MB  highWater=24414 MB
Schwarz(Jacobi)+Bicgstab:  Solving for Ux, Initial residual = 7.84011932750445e-05, Final residual = 4.2546683955382114e-06, No Iterations 2, Solve time = 188.443 ms
Schwarz(Jacobi)+Bicgstab:  Solving for Uy, Initial residual = 0.004008360696752363, Final residual = 0.0004991698888814337, No Iterations 2, Solve time = 188.443 ms
Schwarz(Jacobi)+Bicgstab:  Solving for Uz, Initial residual = 0.0011200904608159484, Final residual = 7.059400348862434e-05, No Iterations 2, Solve time = 188.443 ms
[mem] after-UEqn: DEVICE_POOL current=19126 MB  actual(reserved)=38146 MB  highWater=24414 MB
[GinkgoSolver] p-cache: reuse(update_matrix_value) solve=7 rebuildInterval=0
config(Cg+Multigrid):  Solving for p, Initial residual = 0.001286416222361229, Final residual = 1.2356311160979275e-05, No Iterations 19, Solve time = 1280.87 ms
time step continuity errors : sum local = 3.1161660752323418e-06, global = -1.4411760494649551e-08, cumulative = -4.262249512583435e-08
[mem] after-pEqn: DEVICE_POOL current=19126 MB  actual(reserved)=38146 MB  highWater=24414 MB
[GinkgoSolver] p-cache: reuse(update_matrix_value) solve=7 rebuildInterval=0
Schwarz(Jacobi)+Bicgstab:  Solving for omega, Initial residual = 1.2811929147292849e-05, Final residual = 8.376783632281159e-07, No Iterations 2, Solve time = 73.892 ms
bounding omega, min: -33030.59243657568 max: 45355983.12763315 average: 6374.07429625424
[GinkgoSolver] p-cache: reuse(update_matrix_value) solve=7 rebuildInterval=0
Schwarz(Jacobi)+Bicgstab:  Solving for k, Initial residual = 0.0002422010269117588, Final residual = 1.3417732014278486e-05, No Iterations 2, Solve time = 73.214 ms
bounding k, min: -0.0009458936572275638 max: 892.662255549131 average: 9.151423059103879
[mem] after-turb: DEVICE_POOL current=19126 MB  actual(reserved)=38146 MB  highWater=24414 MB
ExecutionTime = 66.19 s  ClockTime = 66 s

Time = 1008
[mem] step-start: DEVICE_POOL current=19126 MB  actual(reserved)=38146 MB  highWater=24414 MB
Schwarz(Jacobi)+Bicgstab:  Solving for Ux, Initial residual = 7.859001708841084e-05, Final residual = 4.281497415169645e-06, No Iterations 2, Solve time = 173.591 ms
Schwarz(Jacobi)+Bicgstab:  Solving for Uy, Initial residual = 0.003987168395627899, Final residual = 0.0007343365259608818, No Iterations 2, Solve time = 173.591 ms
Schwarz(Jacobi)+Bicgstab:  Solving for Uz, Initial residual = 0.0011231397167414702, Final residual = 6.416654896781818e-05, No Iterations 2, Solve time = 173.591 ms
[mem] after-UEqn: DEVICE_POOL current=19126 MB  actual(reserved)=38146 MB  highWater=24414 MB
[GinkgoSolver] p-cache: reuse(update_matrix_value) solve=8 rebuildInterval=0
config(Cg+Multigrid):  Solving for p, Initial residual = 0.0012821779492229613, Final residual = 1.2722658896993447e-05, No Iterations 20, Solve time = 1350.118 ms
time step continuity errors : sum local = 3.206899479424681e-06, global = -2.0873736794019667e-08, cumulative = -6.349623191985402e-08
[mem] after-pEqn: DEVICE_POOL current=19126 MB  actual(reserved)=38146 MB  highWater=24414 MB
[GinkgoSolver] p-cache: reuse(update_matrix_value) solve=8 rebuildInterval=0
Schwarz(Jacobi)+Bicgstab:  Solving for omega, Initial residual = 1.2781675385607194e-05, Final residual = 8.353627567015409e-07, No Iterations 2, Solve time = 86.535 ms
bounding omega, min: -38138.92936149567 max: 45355983.06283607 average: 6374.189976629542
[GinkgoSolver] p-cache: reuse(update_matrix_value) solve=8 rebuildInterval=0
Schwarz(Jacobi)+Bicgstab:  Solving for k, Initial residual = 0.00024211086926428043, Final residual = 1.3454679526096152e-05, No Iterations 2, Solve time = 73.652 ms
bounding k, min: -0.0008818557412361983 max: 891.2173339827074 average: 9.151228213305172
[mem] after-turb: DEVICE_POOL current=19126 MB  actual(reserved)=38146 MB  highWater=24414 MB
ExecutionTime = 69.13 s  ClockTime = 69 s

Time = 1009
[mem] step-start: DEVICE_POOL current=19126 MB  actual(reserved)=38146 MB  highWater=24414 MB
Schwarz(Jacobi)+Bicgstab:  Solving for Ux, Initial residual = 7.843955752970125e-05, Final residual = 2.599780458417918e-06, No Iterations 3, Solve time = 231.689 ms
Schwarz(Jacobi)+Bicgstab:  Solving for Uy, Initial residual = 0.004037908783885457, Final residual = 0.0001348094030359907, No Iterations 3, Solve time = 231.689 ms
Schwarz(Jacobi)+Bicgstab:  Solving for Uz, Initial residual = 0.0011167168433660647, Final residual = 0.00010960396028780133, No Iterations 3, Solve time = 231.689 ms
[mem] after-UEqn: DEVICE_POOL current=19126 MB  actual(reserved)=38146 MB  highWater=24414 MB
[GinkgoSolver] p-cache: reuse(update_matrix_value) solve=9 rebuildInterval=0
config(Cg+Multigrid):  Solving for p, Initial residual = 0.0012920928347168541, Final residual = 1.223563687863701e-05, No Iterations 21, Solve time = 1398.078 ms
time step continuity errors : sum local = 3.0822543402138014e-06, global = -1.9221910245993412e-08, cumulative = -8.271814216584744e-08
[mem] after-pEqn: DEVICE_POOL current=19126 MB  actual(reserved)=38146 MB  highWater=24414 MB
[GinkgoSolver] p-cache: reuse(update_matrix_value) solve=9 rebuildInterval=0
Schwarz(Jacobi)+Bicgstab:  Solving for omega, Initial residual = 1.274578824575949e-05, Final residual = 8.341305681244802e-07, No Iterations 2, Solve time = 90.687 ms
bounding omega, min: -38047.935565803156 max: 45355982.89790253 average: 6374.231926277731
[GinkgoSolver] p-cache: reuse(update_matrix_value) solve=9 rebuildInterval=0
Schwarz(Jacobi)+Bicgstab:  Solving for k, Initial residual = 0.0002422103028274823, Final residual = 1.335437104310056e-05, No Iterations 2, Solve time = 72.856 ms
bounding k, min: -0.0015000544998091739 max: 891.7664486359627 average: 9.1506427304909
[mem] after-turb: DEVICE_POOL current=19126 MB  actual(reserved)=38146 MB  highWater=24414 MB
ExecutionTime = 72.17 s  ClockTime = 72 s

Time = 1010
[mem] step-start: DEVICE_POOL current=19126 MB  actual(reserved)=38146 MB  highWater=24414 MB
Schwarz(Jacobi)+Bicgstab:  Solving for Ux, Initial residual = 7.837004058277939e-05, Final residual = 2.8496172358989876e-06, No Iterations 3, Solve time = 237.879 ms
Schwarz(Jacobi)+Bicgstab:  Solving for Uy, Initial residual = 0.004061082213473313, Final residual = 0.00013570866971055224, No Iterations 3, Solve time = 237.879 ms
Schwarz(Jacobi)+Bicgstab:  Solving for Uz, Initial residual = 0.0011010465046296075, Final residual = 4.501050601286596e-05, No Iterations 3, Solve time = 237.879 ms
[mem] after-UEqn: DEVICE_POOL current=19126 MB  actual(reserved)=38146 MB  highWater=24414 MB
[GinkgoSolver] p-cache: reuse(update_matrix_value) solve=10 rebuildInterval=0
config(Cg+Multigrid):  Solving for p, Initial residual = 0.0012751976863133593, Final residual = 1.2700178896802859e-05, No Iterations 20, Solve time = 1343.323 ms
time step continuity errors : sum local = 3.1972705826337887e-06, global = -1.966036238243286e-08, cumulative = -1.0237850454828029e-07
[mem] after-pEqn: DEVICE_POOL current=19126 MB  actual(reserved)=38146 MB  highWater=24414 MB
[GinkgoSolver] p-cache: reuse(update_matrix_value) solve=10 rebuildInterval=0
Schwarz(Jacobi)+Bicgstab:  Solving for omega, Initial residual = 1.2723301396964728e-05, Final residual = 8.333880876584227e-07, No Iterations 2, Solve time = 90.151 ms
bounding omega, min: -168559.6445320537 max: 45355982.671342224 average: 6374.213791640144
[GinkgoSolver] p-cache: reuse(update_matrix_value) solve=10 rebuildInterval=0
Schwarz(Jacobi)+Bicgstab:  Solving for k, Initial residual = 0.00024224025115729162, Final residual = 1.3168720808157045e-05, No Iterations 2, Solve time = 77.106 ms
bounding k, min: -0.0019109192326327296 max: 891.9175593691818 average: 9.150015712726562
[mem] after-turb: DEVICE_POOL current=19126 MB  actual(reserved)=38146 MB  highWater=24414 MB
ExecutionTime = 75.11 s  ClockTime = 75 s

Time = 1011
[mem] step-start: DEVICE_POOL current=19126 MB  actual(reserved)=38146 MB  highWater=24414 MB
Schwarz(Jacobi)+Bicgstab:  Solving for Ux, Initial residual = 7.831517269464287e-05, Final residual = 3.2812929427201117e-06, No Iterations 3, Solve time = 246.437 ms
Schwarz(Jacobi)+Bicgstab:  Solving for Uy, Initial residual = 0.004074011333315135, Final residual = 0.00013716362711885233, No Iterations 3, Solve time = 246.437 ms
Schwarz(Jacobi)+Bicgstab:  Solving for Uz, Initial residual = 0.0010948083944022152, Final residual = 4.1176273527555024e-05, No Iterations 3, Solve time = 246.437 ms
[mem] after-UEqn: DEVICE_POOL current=19126 MB  actual(reserved)=38146 MB  highWater=24414 MB
[GinkgoSolver] p-cache: reuse(update_matrix_value) solve=11 rebuildInterval=0
config(Cg+Multigrid):  Solving for p, Initial residual = 0.0012709240112088551, Final residual = 1.228189819749058e-05, No Iterations 20, Solve time = 1345.101 ms
time step continuity errors : sum local = 3.090075050697707e-06, global = -1.8987221147125193e-08, cumulative = -1.2136572569540548e-07
[mem] after-pEqn: DEVICE_POOL current=19126 MB  actual(reserved)=38146 MB  highWater=24414 MB
[GinkgoSolver] p-cache: reuse(update_matrix_value) solve=11 rebuildInterval=0
Schwarz(Jacobi)+Bicgstab:  Solving for omega, Initial residual = 1.2709671533951725e-05, Final residual = 8.285891013635251e-07, No Iterations 2, Solve time = 94.044 ms
bounding omega, min: -37883.34041039111 max: 45355982.66661633 average: 6374.153145102398
[GinkgoSolver] p-cache: reuse(update_matrix_value) solve=11 rebuildInterval=0
Schwarz(Jacobi)+Bicgstab:  Solving for k, Initial residual = 0.0002422652831626903, Final residual = 1.2669212905981367e-05, No Iterations 2, Solve time = 73.864 ms
bounding k, min: -0.0005397761383349048 max: 892.6174363009034 average: 9.149314634140914
[mem] after-turb: DEVICE_POOL current=19126 MB  actual(reserved)=38146 MB  highWater=24414 MB
ExecutionTime = 78.13 s  ClockTime = 78 s

Time = 1012
[mem] step-start: DEVICE_POOL current=19126 MB  actual(reserved)=38146 MB  highWater=24414 MB
Schwarz(Jacobi)+Bicgstab:  Solving for Ux, Initial residual = 7.831531571045321e-05, Final residual = 4.2378906427466e-06, No Iterations 2, Solve time = 181.623 ms
Schwarz(Jacobi)+Bicgstab:  Solving for Uy, Initial residual = 0.004076629298087031, Final residual = 0.0005037621254680444, No Iterations 2, Solve time = 181.623 ms
Schwarz(Jacobi)+Bicgstab:  Solving for Uz, Initial residual = 0.0010924896649344455, Final residual = 6.333400190877472e-05, No Iterations 2, Solve time = 181.623 ms
[mem] after-UEqn: DEVICE_POOL current=19126 MB  actual(reserved)=38146 MB  highWater=24414 MB
[GinkgoSolver] p-cache: reuse(update_matrix_value) solve=12 rebuildInterval=0
config(Cg+Multigrid):  Solving for p, Initial residual = 0.0012876812286553637, Final residual = 1.243631065434478e-05, No Iterations 19, Solve time = 1261.575 ms
time step continuity errors : sum local = 3.1269129363409363e-06, global = -1.522769269111406e-08, cumulative = -1.3659341838651955e-07
[mem] after-pEqn: DEVICE_POOL current=19126 MB  actual(reserved)=38146 MB  highWater=24414 MB
[GinkgoSolver] p-cache: reuse(update_matrix_value) solve=12 rebuildInterval=0
Schwarz(Jacobi)+Bicgstab:  Solving for omega, Initial residual = 1.2722466821181054e-05, Final residual = 8.321341138803329e-07, No Iterations 2, Solve time = 91.134 ms
bounding omega, min: -39273.52289900752 max: 45355982.70999019 average: 6373.989504710024
[GinkgoSolver] p-cache: reuse(update_matrix_value) solve=12 rebuildInterval=0
Schwarz(Jacobi)+Bicgstab:  Solving for k, Initial residual = 0.00024259336433303665, Final residual = 1.2377498831435238e-05, No Iterations 2, Solve time = 73.208 ms
bounding k, min: -0.00016195437541500005 max: 892.750549143727 average: 9.148496113223848
[mem] after-turb: DEVICE_POOL current=19126 MB  actual(reserved)=38146 MB  highWater=24414 MB
ExecutionTime = 80.94 s  ClockTime = 81 s

Time = 1013
[mem] step-start: DEVICE_POOL current=19126 MB  actual(reserved)=38146 MB  highWater=24414 MB
Schwarz(Jacobi)+Bicgstab:  Solving for Ux, Initial residual = 7.854993392963377e-05, Final residual = 2.9281577628331815e-06, No Iterations 3, Solve time = 230.638 ms
Schwarz(Jacobi)+Bicgstab:  Solving for Uy, Initial residual = 0.004046616951957935, Final residual = 0.00015322951089887033, No Iterations 3, Solve time = 230.638 ms
Schwarz(Jacobi)+Bicgstab:  Solving for Uz, Initial residual = 0.0010961555468144472, Final residual = 6.86840012272601e-05, No Iterations 3, Solve time = 230.638 ms
[mem] after-UEqn: DEVICE_POOL current=19126 MB  actual(reserved)=38146 MB  highWater=24414 MB
[GinkgoSolver] p-cache: reuse(update_matrix_value) solve=13 rebuildInterval=0
config(Cg+Multigrid):  Solving for p, Initial residual = 0.0012832382816722304, Final residual = 1.2275640117084178e-05, No Iterations 19, Solve time = 1291.866 ms
time step continuity errors : sum local = 3.084734303502147e-06, global = -1.48142991346793e-08, cumulative = -1.5140771752119884e-07
[mem] after-pEqn: DEVICE_POOL current=19126 MB  actual(reserved)=38146 MB  highWater=24414 MB
[GinkgoSolver] p-cache: reuse(update_matrix_value) solve=13 rebuildInterval=0
Schwarz(Jacobi)+Bicgstab:  Solving for omega, Initial residual = 1.2712009567243661e-05, Final residual = 8.351702774847154e-07, No Iterations 2, Solve time = 90.179 ms
bounding omega, min: -38322.32799251315 max: 45355982.76541191 average: 6373.793080070129
[GinkgoSolver] p-cache: reuse(update_matrix_value) solve=13 rebuildInterval=0
Schwarz(Jacobi)+Bicgstab:  Solving for k, Initial residual = 0.0002424482650768023, Final residual = 1.2200763269950673e-05, No Iterations 2, Solve time = 74.472 ms
bounding k, min: -0.0016945535429371342 max: 892.9645188287066 average: 9.147656792850725
[mem] after-turb: DEVICE_POOL current=19126 MB  actual(reserved)=38146 MB  highWater=24414 MB
ExecutionTime = 83.88 s  ClockTime = 84 s

Time = 1014
[mem] step-start: DEVICE_POOL current=19126 MB  actual(reserved)=38146 MB  highWater=24414 MB
Schwarz(Jacobi)+Bicgstab:  Solving for Ux, Initial residual = 7.853526345943662e-05, Final residual = 3.5265598134647696e-06, No Iterations 3, Solve time = 241.66 ms
Schwarz(Jacobi)+Bicgstab:  Solving for Uy, Initial residual = 0.004033281540229937, Final residual = 0.00014716340906156315, No Iterations 3, Solve time = 241.66 ms
Schwarz(Jacobi)+Bicgstab:  Solving for Uz, Initial residual = 0.0011011091663386235, Final residual = 0.00010913870972594317, No Iterations 3, Solve time = 241.66 ms
[mem] after-UEqn: DEVICE_POOL current=19126 MB  actual(reserved)=38146 MB  highWater=24414 MB
[GinkgoSolver] p-cache: reuse(update_matrix_value) solve=14 rebuildInterval=0
config(Cg+Multigrid):  Solving for p, Initial residual = 0.0012815608597129436, Final residual = 1.2101609805170649e-05, No Iterations 19, Solve time = 1293.787 ms
time step continuity errors : sum local = 3.03913862565242e-06, global = -1.2489755728803965e-08, cumulative = -1.638974732500028e-07
[mem] after-pEqn: DEVICE_POOL current=19126 MB  actual(reserved)=38146 MB  highWater=24414 MB
[GinkgoSolver] p-cache: reuse(update_matrix_value) solve=14 rebuildInterval=0
Schwarz(Jacobi)+Bicgstab:  Solving for omega, Initial residual = 1.2728111418581125e-05, Final residual = 8.393761710259793e-07, No Iterations 2, Solve time = 91.146 ms
bounding omega, min: -266345.1031441333 max: 45355982.80125368 average: 6373.573651691699
[GinkgoSolver] p-cache: reuse(update_matrix_value) solve=14 rebuildInterval=0
Schwarz(Jacobi)+Bicgstab:  Solving for k, Initial residual = 0.00024255671939823044, Final residual = 1.2121889119430724e-05, No Iterations 2, Solve time = 72.952 ms
bounding k, min: -0.002019386916128782 max: 892.603872720421 average: 9.146851692292456
[mem] after-turb: DEVICE_POOL current=19126 MB  actual(reserved)=38146 MB  highWater=24414 MB
ExecutionTime = 86.8 s  ClockTime = 87 s

Time = 1015
[mem] step-start: DEVICE_POOL current=19126 MB  actual(reserved)=38146 MB  highWater=24414 MB
Schwarz(Jacobi)+Bicgstab:  Solving for Ux, Initial residual = 7.859928645637712e-05, Final residual = 3.831184148329141e-06, No Iterations 3, Solve time = 236.896 ms
Schwarz(Jacobi)+Bicgstab:  Solving for Uy, Initial residual = 0.004034732134697371, Final residual = 0.0001412694495319509, No Iterations 3, Solve time = 236.896 ms
Schwarz(Jacobi)+Bicgstab:  Solving for Uz, Initial residual = 0.0011054425703617594, Final residual = 4.738105224204903e-05, No Iterations 3, Solve time = 236.896 ms
[mem] after-UEqn: DEVICE_POOL current=19126 MB  actual(reserved)=38146 MB  highWater=24414 MB
[GinkgoSolver] p-cache: reuse(update_matrix_value) solve=15 rebuildInterval=0
config(Cg+Multigrid):  Solving for p, Initial residual = 0.0012839930728682086, Final residual = 1.198072121105895e-05, No Iterations 19, Solve time = 1296.022 ms
time step continuity errors : sum local = 3.006938375058213e-06, global = -9.313355430301346e-09, cumulative = -1.7321082868030416e-07
[mem] after-pEqn: DEVICE_POOL current=19126 MB  actual(reserved)=38146 MB  highWater=24414 MB
[GinkgoSolver] p-cache: reuse(update_matrix_value) solve=15 rebuildInterval=0
Schwarz(Jacobi)+Bicgstab:  Solving for omega, Initial residual = 1.2730266320204803e-05, Final residual = 8.363457664309291e-07, No Iterations 2, Solve time = 90.601 ms
bounding omega, min: -51461.07833631192 max: 45355982.792072095 average: 6373.363994346647
[GinkgoSolver] p-cache: reuse(update_matrix_value) solve=15 rebuildInterval=0
Schwarz(Jacobi)+Bicgstab:  Solving for k, Initial residual = 0.00024254725326817617, Final residual = 1.2211241969102062e-05, No Iterations 2, Solve time = 77.844 ms
bounding k, min: -0.0021129188291685794 max: 892.1604955396823 average: 9.146008275732248
[mem] after-turb: DEVICE_POOL current=19126 MB  actual(reserved)=38146 MB  highWater=24414 MB
ExecutionTime = 89.73999999999999 s  ClockTime = 90 s

Time = 1016
[mem] step-start: DEVICE_POOL current=19126 MB  actual(reserved)=38146 MB  highWater=24414 MB
Schwarz(Jacobi)+Bicgstab:  Solving for Ux, Initial residual = 7.860798782411743e-05, Final residual = 3.3489250684642585e-06, No Iterations 3, Solve time = 238.828 ms
Schwarz(Jacobi)+Bicgstab:  Solving for Uy, Initial residual = 0.004043679506297869, Final residual = 0.000135757630631627, No Iterations 3, Solve time = 238.828 ms
Schwarz(Jacobi)+Bicgstab:  Solving for Uz, Initial residual = 0.0011028416409397369, Final residual = 4.021653185653339e-05, No Iterations 3, Solve time = 238.828 ms
[mem] after-UEqn: DEVICE_POOL current=19126 MB  actual(reserved)=38146 MB  highWater=24414 MB
[GinkgoSolver] p-cache: reuse(update_matrix_value) solve=16 rebuildInterval=0
config(Cg+Multigrid):  Solving for p, Initial residual = 0.0012853871753243646, Final residual = 1.18045346928367e-05, No Iterations 19, Solve time = 1304.075 ms
time step continuity errors : sum local = 2.9610605799235947e-06, global = -5.5840940367896534e-09, cumulative = -1.7879492271709382e-07
[mem] after-pEqn: DEVICE_POOL current=19126 MB  actual(reserved)=38146 MB  highWater=24414 MB
[GinkgoSolver] p-cache: reuse(update_matrix_value) solve=16 rebuildInterval=0
Schwarz(Jacobi)+Bicgstab:  Solving for omega, Initial residual = 1.272167152369398e-05, Final residual = 8.344264624722286e-07, No Iterations 2, Solve time = 90.855 ms
bounding omega, min: -47686.52096858586 max: 45355982.733347654 average: 6373.084038122087
[GinkgoSolver] p-cache: reuse(update_matrix_value) solve=16 rebuildInterval=0
Schwarz(Jacobi)+Bicgstab:  Solving for k, Initial residual = 0.000242514440237832, Final residual = 1.2249777261508219e-05, No Iterations 2, Solve time = 78.763 ms
bounding k, min: -0.00246730727497025 max: 891.2675367228035 average: 9.145116762404411
[mem] after-turb: DEVICE_POOL current=19126 MB  actual(reserved)=38146 MB  highWater=24414 MB
ExecutionTime = 92.64 s  ClockTime = 93 s

Time = 1017
[mem] step-start: DEVICE_POOL current=19126 MB  actual(reserved)=38146 MB  highWater=24414 MB
Schwarz(Jacobi)+Bicgstab:  Solving for Ux, Initial residual = 7.857420246699073e-05, Final residual = 3.6536955105333464e-06, No Iterations 2, Solve time = 180.996 ms
Schwarz(Jacobi)+Bicgstab:  Solving for Uy, Initial residual = 0.004057346385016513, Final residual = 0.000729111142525074, No Iterations 2, Solve time = 180.996 ms
Schwarz(Jacobi)+Bicgstab:  Solving for Uz, Initial residual = 0.0010994448532923079, Final residual = 7.565132190142529e-05, No Iterations 2, Solve time = 180.996 ms
[mem] after-UEqn: DEVICE_POOL current=19126 MB  actual(reserved)=38146 MB  highWater=24414 MB
[GinkgoSolver] p-cache: reuse(update_matrix_value) solve=17 rebuildInterval=0
config(Cg+Multigrid):  Solving for p, Initial residual = 0.0012957648665153294, Final residual = 1.256308893144291e-05, No Iterations 18, Solve time = 1228.685 ms
time step continuity errors : sum local = 3.149866090658199e-06, global = -2.314176369286429e-10, cumulative = -1.7902634035402247e-07
[mem] after-pEqn: DEVICE_POOL current=19126 MB  actual(reserved)=38146 MB  highWater=24414 MB
[GinkgoSolver] p-cache: reuse(update_matrix_value) solve=17 rebuildInterval=0
Schwarz(Jacobi)+Bicgstab:  Solving for omega, Initial residual = 1.2742697684072903e-05, Final residual = 8.411644725036139e-07, No Iterations 2, Solve time = 86.769 ms
bounding omega, min: -40268.80487470763 max: 45355982.654875666 average: 6372.734952304772
[GinkgoSolver] p-cache: reuse(update_matrix_value) solve=17 rebuildInterval=0
Schwarz(Jacobi)+Bicgstab:  Solving for k, Initial residual = 0.00024284247606194172, Final residual = 1.2391747952531996e-05, No Iterations 2, Solve time = 73.36 ms
bounding k, min: -0.005302338345876026 max: 890.2352022942448 average: 9.144098417051152
[mem] after-turb: DEVICE_POOL current=19126 MB  actual(reserved)=38146 MB  highWater=24414 MB
ExecutionTime = 95.45 s  ClockTime = 96 s

Time = 1018
[mem] step-start: DEVICE_POOL current=19126 MB  actual(reserved)=38146 MB  highWater=24414 MB
Schwarz(Jacobi)+Bicgstab:  Solving for Ux, Initial residual = 7.874168952047835e-05, Final residual = 1.5448245461459456e-06, No Iterations 4, Solve time = 294.657 ms
Schwarz(Jacobi)+Bicgstab:  Solving for Uy, Initial residual = 0.004033771649909721, Final residual = 8.912099765997702e-05, No Iterations 4, Solve time = 294.657 ms
Schwarz(Jacobi)+Bicgstab:  Solving for Uz, Initial residual = 0.0011031937325738457, Final residual = 2.0529847238206837e-05, No Iterations 4, Solve time = 294.657 ms
[mem] after-UEqn: DEVICE_POOL current=19126 MB  actual(reserved)=38146 MB  highWater=24414 MB
[GinkgoSolver] p-cache: reuse(update_matrix_value) solve=18 rebuildInterval=0
config(Cg+Multigrid):  Solving for p, Initial residual = 0.0012833154034983965, Final residual = 1.28187822266313e-05, No Iterations 18, Solve time = 1232.499 ms
time step continuity errors : sum local = 3.212982697595799e-06, global = 2.5117807727771076e-09, cumulative = -1.7651455958124537e-07
[mem] after-pEqn: DEVICE_POOL current=19126 MB  actual(reserved)=38146 MB  highWater=24414 MB
[GinkgoSolver] p-cache: reuse(update_matrix_value) solve=18 rebuildInterval=0
Schwarz(Jacobi)+Bicgstab:  Solving for omega, Initial residual = 1.2720231661151618e-05, Final residual = 8.361176489054795e-07, No Iterations 2, Solve time = 90.25 ms
bounding omega, min: -381634.56380612205 max: 45355982.59355044 average: 6372.34023179908
[GinkgoSolver] p-cache: reuse(update_matrix_value) solve=18 rebuildInterval=0
Schwarz(Jacobi)+Bicgstab:  Solving for k, Initial residual = 0.00024262091413571095, Final residual = 1.2402605869311658e-05, No Iterations 2, Solve time = 72.949 ms
bounding k, min: -0.0030681891104887282 max: 888.888125476607 average: 9.143048318074804
[mem] after-turb: DEVICE_POOL current=19126 MB  actual(reserved)=38146 MB  highWater=24414 MB
ExecutionTime = 98.34 s  ClockTime = 99 s

Time = 1019
[mem] step-start: DEVICE_POOL current=19126 MB  actual(reserved)=38146 MB  highWater=24414 MB
Schwarz(Jacobi)+Bicgstab:  Solving for Ux, Initial residual = 7.86426940232574e-05, Final residual = 3.051677930814814e-06, No Iterations 3, Solve time = 240.802 ms
Schwarz(Jacobi)+Bicgstab:  Solving for Uy, Initial residual = 0.00403411657658251, Final residual = 0.00014963610091221432, No Iterations 3, Solve time = 240.802 ms
Schwarz(Jacobi)+Bicgstab:  Solving for Uz, Initial residual = 0.0010994948499671233, Final residual = 0.0002503535068958727, No Iterations 3, Solve time = 240.802 ms
[mem] after-UEqn: DEVICE_POOL current=19126 MB  actual(reserved)=38146 MB  highWater=24414 MB
[GinkgoSolver] p-cache: reuse(update_matrix_value) solve=19 rebuildInterval=0
config(Cg+Multigrid):  Solving for p, Initial residual = 0.001291339226471705, Final residual = 1.2676574765690182e-05, No Iterations 18, Solve time = 1226.106 ms
time step continuity errors : sum local = 3.1766982296935513e-06, global = 4.1973622307468724e-09, cumulative = -1.723171973504985e-07
[mem] after-pEqn: DEVICE_POOL current=19126 MB  actual(reserved)=38146 MB  highWater=24414 MB
[GinkgoSolver] p-cache: reuse(update_matrix_value) solve=19 rebuildInterval=0
Schwarz(Jacobi)+Bicgstab:  Solving for omega, Initial residual = 1.2777116091548514e-05, Final residual = 8.404627872926654e-07, No Iterations 2, Solve time = 90.699 ms
bounding omega, min: -48524.58000129844 max: 45355982.57451371 average: 6372.100686209977
[GinkgoSolver] p-cache: reuse(update_matrix_value) solve=19 rebuildInterval=0
Schwarz(Jacobi)+Bicgstab:  Solving for k, Initial residual = 0.0002428522166108383, Final residual = 1.2475093784490143e-05, No Iterations 2, Solve time = 77.474 ms
bounding k, min: -0.002259985852878718 max: 887.4574764993982 average: 9.14245862667683
[mem] after-turb: DEVICE_POOL current=19126 MB  actual(reserved)=38146 MB  highWater=24414 MB
ExecutionTime = 101.24 s  ClockTime = 102 s

Time = 1020
[mem] step-start: DEVICE_POOL current=19126 MB  actual(reserved)=38146 MB  highWater=24414 MB
Schwarz(Jacobi)+Bicgstab:  Solving for Ux, Initial residual = 7.872476260183478e-05, Final residual = 3.0709438091237127e-06, No Iterations 3, Solve time = 232.035 ms
Schwarz(Jacobi)+Bicgstab:  Solving for Uy, Initial residual = 0.004052697809563395, Final residual = 0.00014370896420924488, No Iterations 3, Solve time = 232.035 ms
Schwarz(Jacobi)+Bicgstab:  Solving for Uz, Initial residual = 0.0011144236620550972, Final residual = 4.664511422278874e-05, No Iterations 3, Solve time = 232.035 ms
[mem] after-UEqn: DEVICE_POOL current=19126 MB  actual(reserved)=38146 MB  highWater=24414 MB
[GinkgoSolver] p-cache: reuse(update_matrix_value) solve=20 rebuildInterval=0
config(Cg+Multigrid):  Solving for p, Initial residual = 0.0012895692430518156, Final residual = 1.2804653935291217e-05, No Iterations 18, Solve time = 1227.726 ms
time step continuity errors : sum local = 3.2082819315754285e-06, global = 4.842699988192763e-09, cumulative = -1.6747449736230573e-07
[mem] after-pEqn: DEVICE_POOL current=19126 MB  actual(reserved)=38146 MB  highWater=24414 MB
[GinkgoSolver] p-cache: reuse(update_matrix_value) solve=20 rebuildInterval=0
Schwarz(Jacobi)+Bicgstab:  Solving for omega, Initial residual = 1.2764276354339354e-05, Final residual = 8.353521951890116e-07, No Iterations 2, Solve time = 85.928 ms
bounding omega, min: -58408.51151355248 max: 45355982.57596677 average: 6371.857607350137
[GinkgoSolver] p-cache: reuse(update_matrix_value) solve=20 rebuildInterval=0
Schwarz(Jacobi)+Bicgstab:  Solving for k, Initial residual = 0.00024283531398417894, Final residual = 1.2568625481440614e-05, No Iterations 2, Solve time = 71.007 ms
bounding k, min: -0.003584215288067502 max: 885.8583978866762 average: 9.14176168872941
[mem] after-turb: DEVICE_POOL current=19126 MB  actual(reserved)=38146 MB  highWater=24414 MB
ExecutionTime = 104.12 s  ClockTime = 104 s

Time = 1021
[mem] step-start: DEVICE_POOL current=19126 MB  actual(reserved)=38146 MB  highWater=24414 MB
Schwarz(Jacobi)+Bicgstab:  Solving for Ux, Initial residual = 7.873502755176931e-05, Final residual = 3.317874912002142e-06, No Iterations 3, Solve time = 232.55 ms
Schwarz(Jacobi)+Bicgstab:  Solving for Uy, Initial residual = 0.004074944064884307, Final residual = 0.00014036611642041636, No Iterations 3, Solve time = 232.55 ms
Schwarz(Jacobi)+Bicgstab:  Solving for Uz, Initial residual = 0.0011048588928209496, Final residual = 4.176707934734479e-05, No Iterations 3, Solve time = 232.55 ms
[mem] after-UEqn: DEVICE_POOL current=19126 MB  actual(reserved)=38146 MB  highWater=24414 MB
[GinkgoSolver] p-cache: reuse(update_matrix_value) solve=21 rebuildInterval=0
config(Cg+Multigrid):  Solving for p, Initial residual = 0.001292777844762233, Final residual = 1.281074907093867e-05, No Iterations 18, Solve time = 1221.424 ms
time step continuity errors : sum local = 3.209724404106025e-06, global = 5.234237335743129e-09, cumulative = -1.622402600265626e-07
[mem] after-pEqn: DEVICE_POOL current=19126 MB  actual(reserved)=38146 MB  highWater=24414 MB
[GinkgoSolver] p-cache: reuse(update_matrix_value) solve=21 rebuildInterval=0
Schwarz(Jacobi)+Bicgstab:  Solving for omega, Initial residual = 1.2762065071045475e-05, Final residual = 8.375560439321352e-07, No Iterations 2, Solve time = 86.526 ms
bounding omega, min: -60534.12313053715 max: 45355982.58456051 average: 6371.637070710114
[GinkgoSolver] p-cache: reuse(update_matrix_value) solve=21 rebuildInterval=0
Schwarz(Jacobi)+Bicgstab:  Solving for k, Initial residual = 0.00024286208882477538, Final residual = 1.2677387985315556e-05, No Iterations 2, Solve time = 73.28 ms
bounding k, min: -0.0008501823515026097 max: 884.2660246424008 average: 9.141072907452022
[mem] after-turb: DEVICE_POOL current=19126 MB  actual(reserved)=38146 MB  highWater=24414 MB
ExecutionTime = 106.97 s  ClockTime = 107 s

Time = 1022
[mem] step-start: DEVICE_POOL current=19126 MB  actual(reserved)=38146 MB  highWater=24414 MB
Schwarz(Jacobi)+Bicgstab:  Solving for Ux, Initial residual = 7.87285038380154e-05, Final residual = 3.4903136803641347e-06, No Iterations 3, Solve time = 235.162 ms
Schwarz(Jacobi)+Bicgstab:  Solving for Uy, Initial residual = 0.004095689625190814, Final residual = 0.00014078839621141324, No Iterations 3, Solve time = 235.162 ms
Schwarz(Jacobi)+Bicgstab:  Solving for Uz, Initial residual = 0.0010987585298903781, Final residual = 4.0652695406444034e-05, No Iterations 3, Solve time = 235.162 ms
[mem] after-UEqn: DEVICE_POOL current=19126 MB  actual(reserved)=38146 MB  highWater=24414 MB
[GinkgoSolver] p-cache: reuse(update_matrix_value) solve=22 rebuildInterval=0
config(Cg+Multigrid):  Solving for p, Initial residual = 0.0012939389047380626, Final residual = 1.2677177694393133e-05, No Iterations 18, Solve time = 1229.05 ms
time step continuity errors : sum local = 3.1764590201410924e-06, global = 5.329136901676949e-09, cumulative = -1.5691112312488566e-07
[mem] after-pEqn: DEVICE_POOL current=19126 MB  actual(reserved)=38146 MB  highWater=24414 MB
[GinkgoSolver] p-cache: reuse(update_matrix_value) solve=22 rebuildInterval=0
Schwarz(Jacobi)+Bicgstab:  Solving for omega, Initial residual = 1.2760291306983321e-05, Final residual = 8.3836514883342e-07, No Iterations 2, Solve time = 90.913 ms
bounding omega, min: -317337.38560116134 max: 45355982.59738566 average: 6371.418114874284
[GinkgoSolver] p-cache: reuse(update_matrix_value) solve=22 rebuildInterval=0
Schwarz(Jacobi)+Bicgstab:  Solving for k, Initial residual = 0.000242896549240688, Final residual = 1.2773716338600877e-05, No Iterations 2, Solve time = 78.586 ms
bounding k, min: -0.0010807846378548154 max: 882.6629715152687 average: 9.140393446316207
[mem] after-turb: DEVICE_POOL current=19126 MB  actual(reserved)=38146 MB  highWater=24414 MB
ExecutionTime = 109.78 s  ClockTime = 110 s

Time = 1023
[mem] step-start: DEVICE_POOL current=19126 MB  actual(reserved)=38146 MB  highWater=24414 MB
Schwarz(Jacobi)+Bicgstab:  Solving for Ux, Initial residual = 7.8734726017579e-05, Final residual = 3.137403727003107e-06, No Iterations 3, Solve time = 239.342 ms
Schwarz(Jacobi)+Bicgstab:  Solving for Uy, Initial residual = 0.0041129198049344165, Final residual = 0.00014269755125369106, No Iterations 3, Solve time = 239.342 ms
Schwarz(Jacobi)+Bicgstab:  Solving for Uz, Initial residual = 0.0010949480207402137, Final residual = 3.518190613844136e-05, No Iterations 3, Solve time = 239.342 ms
[mem] after-UEqn: DEVICE_POOL current=19126 MB  actual(reserved)=38146 MB  highWater=24414 MB
[GinkgoSolver] p-cache: reuse(update_matrix_value) solve=23 rebuildInterval=0
config(Cg+Multigrid):  Solving for p, Initial residual = 0.0012898135540311494, Final residual = 1.250002571993183e-05, No Iterations 18, Solve time = 1224.63 ms
time step continuity errors : sum local = 3.1323493439628194e-06, global = 5.1202351160342735e-09, cumulative = -1.517908880088514e-07
[mem] after-pEqn: DEVICE_POOL current=19126 MB  actual(reserved)=38146 MB  highWater=24414 MB
[GinkgoSolver] p-cache: reuse(update_matrix_value) solve=23 rebuildInterval=0
Schwarz(Jacobi)+Bicgstab:  Solving for omega, Initial residual = 1.2758257630615482e-05, Final residual = 8.336870410938572e-07, No Iterations 2, Solve time = 90.718 ms
bounding omega, min: -59929.323919936076 max: 45355982.61207411 average: 6371.250571291323
[GinkgoSolver] p-cache: reuse(update_matrix_value) solve=23 rebuildInterval=0
Schwarz(Jacobi)+Bicgstab:  Solving for k, Initial residual = 0.0002428919340088189, Final residual = 1.2562054739559568e-05, No Iterations 2, Solve time = 77.726 ms
bounding k, min: -0.0009838371988422356 max: 881.1406665609147 average: 9.13969071286397
[mem] after-turb: DEVICE_POOL current=19126 MB  actual(reserved)=38146 MB  highWater=24414 MB
ExecutionTime = 112.64 s  ClockTime = 113 s

Time = 1024
[mem] step-start: DEVICE_POOL current=19126 MB  actual(reserved)=38146 MB  highWater=24414 MB
Schwarz(Jacobi)+Bicgstab:  Solving for Ux, Initial residual = 7.873701665145937e-05, Final residual = 4.386277031257357e-06, No Iterations 2, Solve time = 185.473 ms
Schwarz(Jacobi)+Bicgstab:  Solving for Uy, Initial residual = 0.004125294905497558, Final residual = 0.0003210185298000769, No Iterations 2, Solve time = 185.473 ms
Schwarz(Jacobi)+Bicgstab:  Solving for Uz, Initial residual = 0.0010926300533478314, Final residual = 7.75861172366564e-05, No Iterations 2, Solve time = 185.473 ms
[mem] after-UEqn: DEVICE_POOL current=19126 MB  actual(reserved)=38146 MB  highWater=24414 MB
[GinkgoSolver] p-cache: reuse(update_matrix_value) solve=24 rebuildInterval=0
config(Cg+Multigrid):  Solving for p, Initial residual = 0.0012893741747989531, Final residual = 1.2280637496613203e-05, No Iterations 18, Solve time = 1225.35 ms
time step continuity errors : sum local = 3.077530781762254e-06, global = 5.900836064177764e-09, cumulative = -1.4589005194467363e-07
[mem] after-pEqn: DEVICE_POOL current=19126 MB  actual(reserved)=38146 MB  highWater=24414 MB
[GinkgoSolver] p-cache: reuse(update_matrix_value) solve=24 rebuildInterval=0
Schwarz(Jacobi)+Bicgstab:  Solving for omega, Initial residual = 1.2780314993809392e-05, Final residual = 8.380242730279957e-07, No Iterations 2, Solve time = 90.387 ms
bounding omega, min: -59097.49212022155 max: 45355982.62661376 average: 6371.102206745619
[GinkgoSolver] p-cache: reuse(update_matrix_value) solve=24 rebuildInterval=0
Schwarz(Jacobi)+Bicgstab:  Solving for k, Initial residual = 0.0002431952263328582, Final residual = 1.2647603210069103e-05, No Iterations 2, Solve time = 74.071 ms
bounding k, min: -0.00283108807751635 max: 879.7205325501161 average: 9.1390623971503
[mem] after-turb: DEVICE_POOL current=19126 MB  actual(reserved)=38146 MB  highWater=24414 MB
ExecutionTime = 115.43 s  ClockTime = 116 s

Time = 1025
[mem] step-start: DEVICE_POOL current=19126 MB  actual(reserved)=38146 MB  highWater=24414 MB
Schwarz(Jacobi)+Bicgstab:  Solving for Ux, Initial residual = 7.894438790452134e-05, Final residual = 4.446536178861475e-06, No Iterations 2, Solve time = 188.291 ms
Schwarz(Jacobi)+Bicgstab:  Solving for Uy, Initial residual = 0.0041190857952905086, Final residual = 0.0007303395174359405, No Iterations 2, Solve time = 188.291 ms
Schwarz(Jacobi)+Bicgstab:  Solving for Uz, Initial residual = 0.0010965288668108885, Final residual = 7.445341811159357e-05, No Iterations 2, Solve time = 188.291 ms
[mem] after-UEqn: DEVICE_POOL current=19126 MB  actual(reserved)=38146 MB  highWater=24414 MB
[GinkgoSolver] p-cache: reuse(update_matrix_value) solve=25 rebuildInterval=0
config(Cg+Multigrid):  Solving for p, Initial residual = 0.001289474306786716, Final residual = 1.2069245403221833e-05, No Iterations 18, Solve time = 1232.914 ms
time step continuity errors : sum local = 3.024261244607179e-06, global = 2.3314783529674316e-09, cumulative = -1.435585735917062e-07
[mem] after-pEqn: DEVICE_POOL current=19126 MB  actual(reserved)=38146 MB  highWater=24414 MB
[GinkgoSolver] p-cache: reuse(update_matrix_value) solve=25 rebuildInterval=0
Schwarz(Jacobi)+Bicgstab:  Solving for omega, Initial residual = 1.2801312025234025e-05, Final residual = 8.432613593225574e-07, No Iterations 2, Solve time = 90.958 ms
bounding omega, min: -58213.195463653785 max: 45355982.639356814 average: 6371.06135025435
[GinkgoSolver] p-cache: reuse(update_matrix_value) solve=25 rebuildInterval=0
Schwarz(Jacobi)+Bicgstab:  Solving for k, Initial residual = 0.00024313579796660955, Final residual = 1.191176674875455e-05, No Iterations 2, Solve time = 77.831 ms
bounding k, min: -0.004265768337059092 max: 878.4151610295477 average: 9.138687483383455
[mem] after-turb: DEVICE_POOL current=19126 MB  actual(reserved)=38146 MB  highWater=24414 MB
ExecutionTime = 118.27 s  ClockTime = 119 s

Time = 1026
[mem] step-start: DEVICE_POOL current=19126 MB  actual(reserved)=38146 MB  highWater=24414 MB
Schwarz(Jacobi)+Bicgstab:  Solving for Ux, Initial residual = 7.8930248467101e-05, Final residual = 3.1011558402788034e-06, No Iterations 3, Solve time = 237.805 ms
Schwarz(Jacobi)+Bicgstab:  Solving for Uy, Initial residual = 0.004171997327977838, Final residual = 0.00013324272741116906, No Iterations 3, Solve time = 237.805 ms
Schwarz(Jacobi)+Bicgstab:  Solving for Uz, Initial residual = 0.0010954325425615204, Final residual = 4.8713805315897205e-05, No Iterations 3, Solve time = 237.805 ms
[mem] after-UEqn: DEVICE_POOL current=19126 MB  actual(reserved)=38146 MB  highWater=24414 MB
[GinkgoSolver] p-cache: reuse(update_matrix_value) solve=26 rebuildInterval=0
config(Cg+Multigrid):  Solving for p, Initial residual = 0.0012880728768253252, Final residual = 1.224511656344638e-05, No Iterations 18, Solve time = 1223.452 ms
time step continuity errors : sum local = 3.0679475768698254e-06, global = 9.306557158743444e-10, cumulative = -1.4262791787583187e-07
[mem] after-pEqn: DEVICE_POOL current=19126 MB  actual(reserved)=38146 MB  highWater=24414 MB
[GinkgoSolver] p-cache: reuse(update_matrix_value) solve=26 rebuildInterval=0
Schwarz(Jacobi)+Bicgstab:  Solving for omega, Initial residual = 1.2771013604311906e-05, Final residual = 8.389325125352672e-07, No Iterations 2, Solve time = 91.394 ms
bounding omega, min: -376701.31322958926 max: 45355982.64918068 average: 6371.034159748824
[GinkgoSolver] p-cache: reuse(update_matrix_value) solve=26 rebuildInterval=0
Schwarz(Jacobi)+Bicgstab:  Solving for k, Initial residual = 0.00024309382556828997, Final residual = 1.1574473314527794e-05, No Iterations 2, Solve time = 77.403 ms
bounding k, min: -0.014783359311445698 max: 877.252029226867 average: 9.138134562707451
[mem] after-turb: DEVICE_POOL current=19126 MB  actual(reserved)=38146 MB  highWater=24414 MB
ExecutionTime = 121.14 s  ClockTime = 122 s

Time = 1027
[mem] step-start: DEVICE_POOL current=19126 MB  actual(reserved)=38146 MB  highWater=24414 MB
Schwarz(Jacobi)+Bicgstab:  Solving for Ux, Initial residual = 7.902395692049822e-05, Final residual = 2.277525471554177e-06, No Iterations 3, Solve time = 236.895 ms
Schwarz(Jacobi)+Bicgstab:  Solving for Uy, Initial residual = 0.004180879668719154, Final residual = 0.00013409233705114965, No Iterations 3, Solve time = 236.895 ms
Schwarz(Jacobi)+Bicgstab:  Solving for Uz, Initial residual = 0.0010935175466009494, Final residual = 4.2441220868565586e-05, No Iterations 3, Solve time = 236.895 ms
[mem] after-UEqn: DEVICE_POOL current=19126 MB  actual(reserved)=38146 MB  highWater=24414 MB
[GinkgoSolver] p-cache: reuse(update_matrix_value) solve=27 rebuildInterval=0
config(Cg+Multigrid):  Solving for p, Initial residual = 0.001284402772251783, Final residual = 1.2753875782475352e-05, No Iterations 18, Solve time = 1226.145 ms
time step continuity errors : sum local = 3.1949068455490064e-06, global = -1.611623822372201e-09, cumulative = -1.4423954169820407e-07
[mem] after-pEqn: DEVICE_POOL current=19126 MB  actual(reserved)=38146 MB  highWater=24414 MB
[GinkgoSolver] p-cache: reuse(update_matrix_value) solve=27 rebuildInterval=0
Schwarz(Jacobi)+Bicgstab:  Solving for omega, Initial residual = 1.2763780449053462e-05, Final residual = 8.32830218327609e-07, No Iterations 2, Solve time = 90.297 ms
bounding omega, min: -56315.97436547108 max: 45355982.65634107 average: 6370.985307485875
[GinkgoSolver] p-cache: reuse(update_matrix_value) solve=27 rebuildInterval=0
Schwarz(Jacobi)+Bicgstab:  Solving for k, Initial residual = 0.0002431508936993449, Final residual = 1.1501711884464264e-05, No Iterations 2, Solve time = 78.117 ms
bounding k, min: -0.01825822214703421 max: 876.2695128668457 average: 9.137474863536971
[mem] after-turb: DEVICE_POOL current=19126 MB  actual(reserved)=38146 MB  highWater=24414 MB
ExecutionTime = 124 s  ClockTime = 124 s

Time = 1028
[mem] step-start: DEVICE_POOL current=19126 MB  actual(reserved)=38146 MB  highWater=24414 MB
Schwarz(Jacobi)+Bicgstab:  Solving for Ux, Initial residual = 7.894279276507314e-05, Final residual = 4.749234687250728e-06, No Iterations 2, Solve time = 173.173 ms
Schwarz(Jacobi)+Bicgstab:  Solving for Uy, Initial residual = 0.004185745347976191, Final residual = 0.0004828344641473163, No Iterations 2, Solve time = 173.173 ms
Schwarz(Jacobi)+Bicgstab:  Solving for Uz, Initial residual = 0.0010929316988730552, Final residual = 7.760756601375341e-05, No Iterations 2, Solve time = 173.173 ms
[mem] after-UEqn: DEVICE_POOL current=19126 MB  actual(reserved)=38146 MB  highWater=24414 MB
[GinkgoSolver] p-cache: reuse(update_matrix_value) solve=28 rebuildInterval=0
config(Cg+Multigrid):  Solving for p, Initial residual = 0.001298296431514818, Final residual = 1.2474952978076981e-05, No Iterations 19, Solve time = 1296.995 ms
time step continuity errors : sum local = 3.1245308375014103e-06, global = -3.915539826415907e-09, cumulative = -1.4815508152462e-07
[mem] after-pEqn: DEVICE_POOL current=19126 MB  actual(reserved)=38146 MB  highWater=24414 MB
[GinkgoSolver] p-cache: reuse(update_matrix_value) solve=28 rebuildInterval=0
Schwarz(Jacobi)+Bicgstab:  Solving for omega, Initial residual = 1.2744885588913649e-05, Final residual = 8.262057591353904e-07, No Iterations 2, Solve time = 91.902 ms
bounding omega, min: -54816.20058763392 max: 45355982.66202816 average: 6370.769991113481
[GinkgoSolver] p-cache: reuse(update_matrix_value) solve=28 rebuildInterval=0
Schwarz(Jacobi)+Bicgstab:  Solving for k, Initial residual = 0.00024324835197080878, Final residual = 1.1375954504875252e-05, No Iterations 2, Solve time = 73.256 ms
bounding k, min: -0.02681035527235623 max: 875.4579164121379 average: 9.136499201198772
[mem] after-turb: DEVICE_POOL current=19126 MB  actual(reserved)=38146 MB  highWater=24414 MB
ExecutionTime = 126.87 s  ClockTime = 127 s

Time = 1029
[mem] step-start: DEVICE_POOL current=19126 MB  actual(reserved)=38146 MB  highWater=24414 MB
Schwarz(Jacobi)+Bicgstab:  Solving for Ux, Initial residual = 7.9031082122443e-05, Final residual = 2.3548556462656612e-06, No Iterations 3, Solve time = 236.285 ms
Schwarz(Jacobi)+Bicgstab:  Solving for Uy, Initial residual = 0.004163729590792798, Final residual = 0.0001571433106146084, No Iterations 3, Solve time = 236.285 ms
Schwarz(Jacobi)+Bicgstab:  Solving for Uz, Initial residual = 0.0010997918126461042, Final residual = 8.806628378148454e-05, No Iterations 3, Solve time = 236.285 ms
[mem] after-UEqn: DEVICE_POOL current=19126 MB  actual(reserved)=38146 MB  highWater=24414 MB
[GinkgoSolver] p-cache: reuse(update_matrix_value) solve=29 rebuildInterval=0
config(Cg+Multigrid):  Solving for p, Initial residual = 0.0012872040435640047, Final residual = 1.2636502117575797e-05, No Iterations 19, Solve time = 1293.281 ms
time step continuity errors : sum local = 3.16411190607114e-06, global = -6.509350484633077e-09, cumulative = -1.5466443200925306e-07
[mem] after-pEqn: DEVICE_POOL current=19126 MB  actual(reserved)=38146 MB  highWater=24414 MB
[GinkgoSolver] p-cache: reuse(update_matrix_value) solve=29 rebuildInterval=0
Schwarz(Jacobi)+Bicgstab:  Solving for omega, Initial residual = 1.276134748085683e-05, Final residual = 8.269061766911608e-07, No Iterations 2, Solve time = 91.016 ms
bounding omega, min: -55013.19578565382 max: 45355982.66768895 average: 6370.611336901413
[GinkgoSolver] p-cache: reuse(update_matrix_value) solve=29 rebuildInterval=0
Schwarz(Jacobi)+Bicgstab:  Solving for k, Initial residual = 0.00024334521514415725, Final residual = 1.2094702714275303e-05, No Iterations 2, Solve time = 73.489 ms
bounding k, min: -0.008078039120978028 max: 874.8236529692429 average: 9.135714491165075
[mem] after-turb: DEVICE_POOL current=19126 MB  actual(reserved)=38146 MB  highWater=24414 MB
ExecutionTime = 129.83 s  ClockTime = 130 s

Time = 1030
[mem] step-start: DEVICE_POOL current=19126 MB  actual(reserved)=38146 MB  highWater=24414 MB
Schwarz(Jacobi)+Bicgstab:  Solving for Ux, Initial residual = 7.899940726790317e-05, Final residual = 2.2786706058448305e-06, No Iterations 3, Solve time = 235.414 ms
Schwarz(Jacobi)+Bicgstab:  Solving for Uy, Initial residual = 0.004159581871252727, Final residual = 0.00014710237709478568, No Iterations 3, Solve time = 235.414 ms
Schwarz(Jacobi)+Bicgstab:  Solving for Uz, Initial residual = 0.001105325744195436, Final residual = 5.093165470731847e-05, No Iterations 3, Solve time = 235.414 ms
[mem] after-UEqn: DEVICE_POOL current=19126 MB  actual(reserved)=38146 MB  highWater=24414 MB
[GinkgoSolver] p-cache: reuse(update_matrix_value) solve=30 rebuildInterval=0
config(Cg+Multigrid):  Solving for p, Initial residual = 0.0012834080419392808, Final residual = 1.2765393253377776e-05, No Iterations 19, Solve time = 1288.094 ms
time step continuity errors : sum local = 3.1952732821010527e-06, global = -7.012292155678113e-09, cumulative = -1.6167672416493116e-07
[mem] after-pEqn: DEVICE_POOL current=19126 MB  actual(reserved)=38146 MB  highWater=24414 MB
[GinkgoSolver] p-cache: reuse(update_matrix_value) solve=30 rebuildInterval=0
Schwarz(Jacobi)+Bicgstab:  Solving for omega, Initial residual = 1.2777254286066809e-05, Final residual = 8.240388659851024e-07, No Iterations 2, Solve time = 91.395 ms
bounding omega, min: -258156.86054464593 max: 45355982.674825646 average: 6370.478776536274
[GinkgoSolver] p-cache: reuse(update_matrix_value) solve=30 rebuildInterval=0
Schwarz(Jacobi)+Bicgstab:  Solving for k, Initial residual = 0.00024351283194262371, Final residual = 1.1808795711231945e-05, No Iterations 2, Solve time = 73.227 ms
bounding k, min: -0.010853411193339574 max: 874.2986932351082 average: 9.13490343893739
[mem] after-turb: DEVICE_POOL current=19126 MB  actual(reserved)=38146 MB  highWater=24414 MB
ExecutionTime = 132.76 s  ClockTime = 133 s

Time = 1031
[mem] step-start: DEVICE_POOL current=19126 MB  actual(reserved)=38146 MB  highWater=24414 MB
Schwarz(Jacobi)+Bicgstab:  Solving for Ux, Initial residual = 7.896815087239266e-05, Final residual = 2.780482632290137e-06, No Iterations 3, Solve time = 238.912 ms
Schwarz(Jacobi)+Bicgstab:  Solving for Uy, Initial residual = 0.004166126911266723, Final residual = 0.00013863992424423458, No Iterations 3, Solve time = 238.912 ms
Schwarz(Jacobi)+Bicgstab:  Solving for Uz, Initial residual = 0.0011054867271134616, Final residual = 3.613410133774039e-05, No Iterations 3, Solve time = 238.912 ms
[mem] after-UEqn: DEVICE_POOL current=19126 MB  actual(reserved)=38146 MB  highWater=24414 MB
[GinkgoSolver] p-cache: reuse(update_matrix_value) solve=31 rebuildInterval=0
config(Cg+Multigrid):  Solving for p, Initial residual = 0.0012845971307255482, Final residual = 1.2774986211733848e-05, No Iterations 19, Solve time = 1297.539 ms
time step continuity errors : sum local = 3.1964004419964036e-06, global = -5.917210113756684e-09, cumulative = -1.6759393427868785e-07
[mem] after-pEqn: DEVICE_POOL current=19126 MB  actual(reserved)=38146 MB  highWater=24414 MB
[GinkgoSolver] p-cache: reuse(update_matrix_value) solve=31 rebuildInterval=0
Schwarz(Jacobi)+Bicgstab:  Solving for omega, Initial residual = 1.2766216602696812e-05, Final residual = 8.181378081905747e-07, No Iterations 2, Solve time = 91.621 ms
bounding omega, min: -52907.98202750416 max: 45355982.68298203 average: 6370.413622977545
[GinkgoSolver] p-cache: reuse(update_matrix_value) solve=31 rebuildInterval=0
Schwarz(Jacobi)+Bicgstab:  Solving for k, Initial residual = 0.000243770648519042, Final residual = 1.2109840463655666e-05, No Iterations 2, Solve time = 76.978 ms
bounding k, min: -0.009284079339048706 max: 873.8806470258043 average: 9.134076060573033
[mem] after-turb: DEVICE_POOL current=19126 MB  actual(reserved)=38146 MB  highWater=24414 MB
ExecutionTime = 135.66 s  ClockTime = 136 s

Time = 1032
[mem] step-start: DEVICE_POOL current=19126 MB  actual(reserved)=38146 MB  highWater=24414 MB
Schwarz(Jacobi)+Bicgstab:  Solving for Ux, Initial residual = 7.895245884655182e-05, Final residual = 3.2142911296482e-06, No Iterations 3, Solve time = 228.544 ms
Schwarz(Jacobi)+Bicgstab:  Solving for Uy, Initial residual = 0.004179605466425293, Final residual = 0.00013429179017392166, No Iterations 3, Solve time = 228.544 ms
Schwarz(Jacobi)+Bicgstab:  Solving for Uz, Initial residual = 0.0011032384766214963, Final residual = 3.7939519930873566e-05, No Iterations 3, Solve time = 228.544 ms
[mem] after-UEqn: DEVICE_POOL current=19126 MB  actual(reserved)=38146 MB  highWater=24414 MB
[GinkgoSolver] p-cache: reuse(update_matrix_value) solve=32 rebuildInterval=0
config(Cg+Multigrid):  Solving for p, Initial residual = 0.001285147798024827, Final residual = 1.2543917623632319e-05, No Iterations 19, Solve time = 1292.763 ms
time step continuity errors : sum local = 3.1372751801863504e-06, global = -4.433719694237681e-09, cumulative = -1.7202765397292554e-07
[mem] after-pEqn: DEVICE_POOL current=19126 MB  actual(reserved)=38146 MB  highWater=24414 MB
[GinkgoSolver] p-cache: reuse(update_matrix_value) solve=32 rebuildInterval=0
Schwarz(Jacobi)+Bicgstab:  Solving for omega, Initial residual = 1.2767897439759876e-05, Final residual = 8.202353945026542e-07, No Iterations 2, Solve time = 73.722 ms
bounding omega, min: -51667.80393540201 max: 45355982.69142317 average: 6370.347469811776
[GinkgoSolver] p-cache: reuse(update_matrix_value) solve=32 rebuildInterval=0
Schwarz(Jacobi)+Bicgstab:  Solving for k, Initial residual = 0.00024412934198610073, Final residual = 1.1706619697639706e-05, No Iterations 2, Solve time = 73.18 ms
bounding k, min: -0.021871513451029667 max: 873.5410519874902 average: 9.133286164898337
[mem] after-turb: DEVICE_POOL current=19126 MB  actual(reserved)=38146 MB  highWater=24414 MB
ExecutionTime = 138.6 s  ClockTime = 139 s

Time = 1033
[mem] step-start: DEVICE_POOL current=19126 MB  actual(reserved)=38146 MB  highWater=24414 MB
Schwarz(Jacobi)+Bicgstab:  Solving for Ux, Initial residual = 7.896882696511126e-05, Final residual = 3.3606763759937257e-06, No Iterations 3, Solve time = 236.36 ms
Schwarz(Jacobi)+Bicgstab:  Solving for Uy, Initial residual = 0.004196744676942348, Final residual = 0.00013505097846025683, No Iterations 3, Solve time = 236.36 ms
Schwarz(Jacobi)+Bicgstab:  Solving for Uz, Initial residual = 0.0011008363893739213, Final residual = 3.3786774606285376e-05, No Iterations 3, Solve time = 236.36 ms
[mem] after-UEqn: DEVICE_POOL current=19126 MB  actual(reserved)=38146 MB  highWater=24414 MB
[GinkgoSolver] p-cache: reuse(update_matrix_value) solve=33 rebuildInterval=0
config(Cg+Multigrid):  Solving for p, Initial residual = 0.0012831003558349606, Final residual = 1.1974171941922223e-05, No Iterations 19, Solve time = 1291.881 ms
time step continuity errors : sum local = 2.993709051660807e-06, global = -1.7433387102639837e-09, cumulative = -1.7377099268318954e-07
[mem] after-pEqn: DEVICE_POOL current=19126 MB  actual(reserved)=38146 MB  highWater=24414 MB
[GinkgoSolver] p-cache: reuse(update_matrix_value) solve=33 rebuildInterval=0
Schwarz(Jacobi)+Bicgstab:  Solving for omega, Initial residual = 1.2765419544216236e-05, Final residual = 8.27116491190613e-07, No Iterations 2, Solve time = 91.294 ms
bounding omega, min: -51045.97532868716 max: 45355982.69879468 average: 6370.331241359037
[GinkgoSolver] p-cache: reuse(update_matrix_value) solve=33 rebuildInterval=0
Schwarz(Jacobi)+Bicgstab:  Solving for k, Initial residual = 0.00024453297661078437, Final residual = 1.1734929686896926e-05, No Iterations 2, Solve time = 72.761 ms
bounding k, min: -0.03348681867766079 max: 873.2737200148383 average: 9.132510450242744
[mem] after-turb: DEVICE_POOL current=19126 MB  actual(reserved)=38146 MB  highWater=24414 MB
ExecutionTime = 141.56 s  ClockTime = 142 s

Time = 1034
[mem] step-start: DEVICE_POOL current=19126 MB  actual(reserved)=38146 MB  highWater=24414 MB
Schwarz(Jacobi)+Bicgstab:  Solving for Ux, Initial residual = 7.900516117807793e-05, Final residual = 4.420269101250438e-06, No Iterations 2, Solve time = 191.449 ms
Schwarz(Jacobi)+Bicgstab:  Solving for Uy, Initial residual = 0.004214631853421575, Final residual = 0.0006290923665332511, No Iterations 2, Solve time = 191.449 ms
Schwarz(Jacobi)+Bicgstab:  Solving for Uz, Initial residual = 0.0010983991571016833, Final residual = 7.45210355894671e-05, No Iterations 2, Solve time = 191.449 ms
[mem] after-UEqn: DEVICE_POOL current=19126 MB  actual(reserved)=38146 MB  highWater=24414 MB
[GinkgoSolver] p-cache: reuse(update_matrix_value) solve=34 rebuildInterval=0
config(Cg+Multigrid):  Solving for p, Initial residual = 0.0012950376045600665, Final residual = 1.2545461418667309e-05, No Iterations 18, Solve time = 1230.959 ms
time step continuity errors : sum local = 3.1358347383793968e-06, global = 1.0864820400180467e-09, cumulative = -1.726845106431715e-07
[mem] after-pEqn: DEVICE_POOL current=19126 MB  actual(reserved)=38146 MB  highWater=24414 MB
[GinkgoSolver] p-cache: reuse(update_matrix_value) solve=34 rebuildInterval=0
Schwarz(Jacobi)+Bicgstab:  Solving for omega, Initial residual = 1.2806347616992236e-05, Final residual = 8.379888642699924e-07, No Iterations 2, Solve time = 90.483 ms
bounding omega, min: -223035.89188981 max: 45355982.7034825 average: 6370.3089520141275
[GinkgoSolver] p-cache: reuse(update_matrix_value) solve=34 rebuildInterval=0
Schwarz(Jacobi)+Bicgstab:  Solving for k, Initial residual = 0.0002453090547219203, Final residual = 1.0694639366020566e-05, No Iterations 2, Solve time = 77.915 ms
bounding k, min: -0.1636538099850735 max: 873.047490560989 average: 9.13182615470847
[mem] after-turb: DEVICE_POOL current=19126 MB  actual(reserved)=38146 MB  highWater=24414 MB
ExecutionTime = 144.4 s  ClockTime = 145 s

Time = 1035
[mem] step-start: DEVICE_POOL current=19126 MB  actual(reserved)=38146 MB  highWater=24414 MB
Schwarz(Jacobi)+Bicgstab:  Solving for Ux, Initial residual = 7.929418674045302e-05, Final residual = 4.421372062433182e-06, No Iterations 2, Solve time = 172.982 ms
Schwarz(Jacobi)+Bicgstab:  Solving for Uy, Initial residual = 0.004199705086826435, Final residual = 0.0007937182094142617, No Iterations 2, Solve time = 172.982 ms
Schwarz(Jacobi)+Bicgstab:  Solving for Uz, Initial residual = 0.0011029594378410014, Final residual = 7.089590294248188e-05, No Iterations 2, Solve time = 172.982 ms
[mem] after-UEqn: DEVICE_POOL current=19126 MB  actual(reserved)=38146 MB  highWater=24414 MB
[GinkgoSolver] p-cache: reuse(update_matrix_value) solve=35 rebuildInterval=0
config(Cg+Multigrid):  Solving for p, Initial residual = 0.001289413313010459, Final residual = 1.2385895610354035e-05, No Iterations 18, Solve time = 1233.95 ms
time step continuity errors : sum local = 3.0958091533120725e-06, global = 6.493465477638658e-09, cumulative = -1.6619104516553286e-07
[mem] after-pEqn: DEVICE_POOL current=19126 MB  actual(reserved)=38146 MB  highWater=24414 MB
[GinkgoSolver] p-cache: reuse(update_matrix_value) solve=35 rebuildInterval=0
Schwarz(Jacobi)+Bicgstab:  Solving for omega, Initial residual = 1.2772927129802456e-05, Final residual = 8.420930115459499e-07, No Iterations 2, Solve time = 91.153 ms
bounding omega, min: -48979.28818125796 max: 45355982.70369388 average: 6370.441281238022
[GinkgoSolver] p-cache: reuse(update_matrix_value) solve=35 rebuildInterval=0
Schwarz(Jacobi)+Bicgstab:  Solving for k, Initial residual = 0.0002454880159541851, Final residual = 8.730058795276068e-06, No Iterations 3, Solve time = 95.314 ms
bounding k, min: -5.402855461526432e-06 max: 872.8210802473537 average: 9.131281827929499
[mem] after-turb: DEVICE_POOL current=19126 MB  actual(reserved)=38146 MB  highWater=24414 MB
ExecutionTime = 147.19 s  ClockTime = 148 s

Time = 1036
[mem] step-start: DEVICE_POOL current=19126 MB  actual(reserved)=38146 MB  highWater=24414 MB
Schwarz(Jacobi)+Bicgstab:  Solving for Ux, Initial residual = 7.92529408064623e-05, Final residual = 3.821671062703579e-06, No Iterations 3, Solve time = 226.278 ms
Schwarz(Jacobi)+Bicgstab:  Solving for Uy, Initial residual = 0.004256750420470299, Final residual = 0.0001386054886441096, No Iterations 3, Solve time = 226.278 ms
Schwarz(Jacobi)+Bicgstab:  Solving for Uz, Initial residual = 0.0011007040640428404, Final residual = 4.508100927590451e-05, No Iterations 3, Solve time = 226.278 ms
[mem] after-UEqn: DEVICE_POOL current=19126 MB  actual(reserved)=38146 MB  highWater=24414 MB
[GinkgoSolver] p-cache: reuse(update_matrix_value) solve=36 rebuildInterval=0
config(Cg+Multigrid):  Solving for p, Initial residual = 0.001287553152356245, Final residual = 1.2024921436991467e-05, No Iterations 18, Solve time = 1228.988 ms
time step continuity errors : sum local = 3.0062829063663366e-06, global = 1.159262591466339e-08, cumulative = -1.5459841925086946e-07
[mem] after-pEqn: DEVICE_POOL current=19126 MB  actual(reserved)=38146 MB  highWater=24414 MB
[GinkgoSolver] p-cache: reuse(update_matrix_value) solve=36 rebuildInterval=0
Schwarz(Jacobi)+Bicgstab:  Solving for omega, Initial residual = 1.286793827753332e-05, Final residual = 8.486276069258439e-07, No Iterations 2, Solve time = 86.002 ms
bounding omega, min: -48373.226598156674 max: 45355982.69993199 average: 6370.447101769767
[GinkgoSolver] p-cache: reuse(update_matrix_value) solve=36 rebuildInterval=0
Schwarz(Jacobi)+Bicgstab:  Solving for k, Initial residual = 0.00024471340715816935, Final residual = 1.138530906639291e-05, No Iterations 2, Solve time = 76.949 ms
bounding k, min: -7.297004788917391e-05 max: 872.6245924522237 average: 9.130687649048268
[mem] after-turb: DEVICE_POOL current=19126 MB  actual(reserved)=38146 MB  highWater=24414 MB
ExecutionTime = 150.01 s  ClockTime = 150 s

Time = 1037
[mem] step-start: DEVICE_POOL current=19126 MB  actual(reserved)=38146 MB  highWater=24414 MB
Schwarz(Jacobi)+Bicgstab:  Solving for Ux, Initial residual = 7.93309896426636e-05, Final residual = 4.230945693592914e-06, No Iterations 3, Solve time = 234.349 ms
Schwarz(Jacobi)+Bicgstab:  Solving for Uy, Initial residual = 0.004279755535805819, Final residual = 0.00013550683301625783, No Iterations 3, Solve time = 234.349 ms
Schwarz(Jacobi)+Bicgstab:  Solving for Uz, Initial residual = 0.0010985940500937044, Final residual = 3.6057859014795924e-05, No Iterations 3, Solve time = 234.349 ms
[mem] after-UEqn: DEVICE_POOL current=19126 MB  actual(reserved)=38146 MB  highWater=24414 MB
[GinkgoSolver] p-cache: reuse(update_matrix_value) solve=37 rebuildInterval=0
config(Cg+Multigrid):  Solving for p, Initial residual = 0.0012895598634478824, Final residual = 1.1823148456950999e-05, No Iterations 18, Solve time = 1223.217 ms
time step continuity errors : sum local = 2.957071585723778e-06, global = 1.8293733628244022e-08, cumulative = -1.3630468562262544e-07
[mem] after-pEqn: DEVICE_POOL current=19126 MB  actual(reserved)=38146 MB  highWater=24414 MB
[GinkgoSolver] p-cache: reuse(update_matrix_value) solve=37 rebuildInterval=0
Schwarz(Jacobi)+Bicgstab:  Solving for omega, Initial residual = 1.2893752380264224e-05, Final residual = 8.606965336819326e-07, No Iterations 2, Solve time = 90.114 ms
bounding omega, min: -47431.325221923464 max: 45355982.6907287 average: 6370.506977694214
[GinkgoSolver] p-cache: reuse(update_matrix_value) solve=37 rebuildInterval=0
Schwarz(Jacobi)+Bicgstab:  Solving for k, Initial residual = 0.00024536650578394317, Final residual = 1.07533747864988e-05, No Iterations 2, Solve time = 73.375 ms
bounding k, min: -7.752527021637797e-05 max: 872.4489571018596 average: 9.130166615463676
[mem] after-turb: DEVICE_POOL current=19126 MB  actual(reserved)=38146 MB  highWater=24414 MB
ExecutionTime = 152.87 s  ClockTime = 153 s

Time = 1038
[mem] step-start: DEVICE_POOL current=19126 MB  actual(reserved)=38146 MB  highWater=24414 MB
Schwarz(Jacobi)+Bicgstab:  Solving for Ux, Initial residual = 7.947599857895808e-05, Final residual = 4.292672926778021e-06, No Iterations 3, Solve time = 234.997 ms
Schwarz(Jacobi)+Bicgstab:  Solving for Uy, Initial residual = 0.004294994006853738, Final residual = 0.00013557850433684035, No Iterations 3, Solve time = 234.997 ms
Schwarz(Jacobi)+Bicgstab:  Solving for Uz, Initial residual = 0.0010986298654269478, Final residual = 3.777169320291585e-05, No Iterations 3, Solve time = 234.997 ms
[mem] after-UEqn: DEVICE_POOL current=19126 MB  actual(reserved)=38146 MB  highWater=24414 MB
[GinkgoSolver] p-cache: reuse(update_matrix_value) solve=38 rebuildInterval=0
config(Cg+Multigrid):  Solving for p, Initial residual = 0.001291417926919985, Final residual = 1.1815497670629995e-05, No Iterations 18, Solve time = 1217.502 ms
time step continuity errors : sum local = 2.9566862966733995e-06, global = 2.5817653577286096e-08, cumulative = -1.1048703204533934e-07
[mem] after-pEqn: DEVICE_POOL current=19126 MB  actual(reserved)=38146 MB  highWater=24414 MB
[GinkgoSolver] p-cache: reuse(update_matrix_value) solve=38 rebuildInterval=0
Schwarz(Jacobi)+Bicgstab:  Solving for omega, Initial residual = 1.290604159887566e-05, Final residual = 8.714474561198416e-07, No Iterations 2, Solve time = 91.101 ms
bounding omega, min: -340421.44783163484 max: 45355982.67738906 average: 6370.5585311898185
[GinkgoSolver] p-cache: reuse(update_matrix_value) solve=38 rebuildInterval=0
Schwarz(Jacobi)+Bicgstab:  Solving for k, Initial residual = 0.0002459869458427904, Final residual = 1.0132950321887048e-05, No Iterations 2, Solve time = 73.679 ms
bounding k, min: -0.0029750696114255876 max: 872.2899569289108 average: 9.129742342985622
[mem] after-turb: DEVICE_POOL current=19126 MB  actual(reserved)=38146 MB  highWater=24414 MB
ExecutionTime = 155.72 s  ClockTime = 156 s

Time = 1039
[mem] step-start: DEVICE_POOL current=19126 MB  actual(reserved)=38146 MB  highWater=24414 MB
Schwarz(Jacobi)+Bicgstab:  Solving for Ux, Initial residual = 7.963980670441742e-05, Final residual = 4.086800201936137e-06, No Iterations 3, Solve time = 236.503 ms
Schwarz(Jacobi)+Bicgstab:  Solving for Uy, Initial residual = 0.0043036485717002845, Final residual = 0.00013523556903004383, No Iterations 3, Solve time = 236.503 ms
Schwarz(Jacobi)+Bicgstab:  Solving for Uz, Initial residual = 0.001100906147152194, Final residual = 3.5530289440235045e-05, No Iterations 3, Solve time = 236.503 ms
[mem] after-UEqn: DEVICE_POOL current=19126 MB  actual(reserved)=38146 MB  highWater=24414 MB
[GinkgoSolver] p-cache: reuse(update_matrix_value) solve=39 rebuildInterval=0
config(Cg+Multigrid):  Solving for p, Initial residual = 0.0012917525800155815, Final residual = 1.2315412754959651e-05, No Iterations 18, Solve time = 1223.443 ms
time step continuity errors : sum local = 3.083509073476621e-06, global = 3.241867138850814e-08, cumulative = -7.806836065683121e-08
[mem] after-pEqn: DEVICE_POOL current=19126 MB  actual(reserved)=38146 MB  highWater=24414 MB
[GinkgoSolver] p-cache: reuse(update_matrix_value) solve=39 rebuildInterval=0
Schwarz(Jacobi)+Bicgstab:  Solving for omega, Initial residual = 1.291887145950996e-05, Final residual = 8.772110605784854e-07, No Iterations 2, Solve time = 91.373 ms
bounding omega, min: -45731.30991848148 max: 45355982.66136302 average: 6370.652637467574
[GinkgoSolver] p-cache: reuse(update_matrix_value) solve=39 rebuildInterval=0
Schwarz(Jacobi)+Bicgstab:  Solving for k, Initial residual = 0.00024654772639131977, Final residual = 7.363650361400649e-06, No Iterations 3, Solve time = 100.897 ms
bounding k, min: -0.00013557693559039836 max: 872.1454122716394 average: 9.129358037362126
[mem] after-turb: DEVICE_POOL current=19126 MB  actual(reserved)=38146 MB  highWater=24414 MB
ExecutionTime = 158.56 s  ClockTime = 159 s

Time = 1040
[mem] step-start: DEVICE_POOL current=19126 MB  actual(reserved)=38146 MB  highWater=24414 MB
Schwarz(Jacobi)+Bicgstab:  Solving for Ux, Initial residual = 7.979195918316586e-05, Final residual = 7.914621186973534e-06, No Iterations 3, Solve time = 234.798 ms
Schwarz(Jacobi)+Bicgstab:  Solving for Uy, Initial residual = 0.004308836827929067, Final residual = 0.00013624806928470902, No Iterations 3, Solve time = 234.798 ms
Schwarz(Jacobi)+Bicgstab:  Solving for Uz, Initial residual = 0.0011040641819977596, Final residual = 4.01790770498887e-05, No Iterations 3, Solve time = 234.798 ms
[mem] after-UEqn: DEVICE_POOL current=19126 MB  actual(reserved)=38146 MB  highWater=24414 MB
[GinkgoSolver] p-cache: reuse(update_matrix_value) solve=40 rebuildInterval=0
config(Cg+Multigrid):  Solving for p, Initial residual = 0.0013051207560890144, Final residual = 1.3006448354797298e-05, No Iterations 18, Solve time = 1211.215 ms
time step continuity errors : sum local = 3.25885922490183e-06, global = 3.513867272350617e-08, cumulative = -4.292968793332504e-08
[mem] after-pEqn: DEVICE_POOL current=19126 MB  actual(reserved)=38146 MB  highWater=24414 MB
[GinkgoSolver] p-cache: reuse(update_matrix_value) solve=40 rebuildInterval=0
Schwarz(Jacobi)+Bicgstab:  Solving for omega, Initial residual = 1.2998411128432618e-05, Final residual = 8.917003817167893e-07, No Iterations 2, Solve time = 90.571 ms
bounding omega, min: -44665.59684769887 max: 45355982.645408615 average: 6370.691098057818
[GinkgoSolver] p-cache: reuse(update_matrix_value) solve=40 rebuildInterval=0
Schwarz(Jacobi)+Bicgstab:  Solving for k, Initial residual = 0.0002464042975152071, Final residual = 2.0430620432309125e-05, No Iterations 3, Solve time = 96.308 ms
bounding k, min: -0.07017885444570049 max: 872.0160840655908 average: 9.129089154938178
[mem] after-turb: DEVICE_POOL current=19126 MB  actual(reserved)=38146 MB  highWater=24414 MB
ExecutionTime = 161.41 s  ClockTime = 162 s

Time = 1041
[mem] step-start: DEVICE_POOL current=19126 MB  actual(reserved)=38146 MB  highWater=24414 MB
Schwarz(Jacobi)+Bicgstab:  Solving for Ux, Initial residual = 8.02444840681603e-05, Final residual = 2.848650158219175e-06, No Iterations 3, Solve time = 239.123 ms
Schwarz(Jacobi)+Bicgstab:  Solving for Uy, Initial residual = 0.004314045555690923, Final residual = 0.00013822211717711544, No Iterations 3, Solve time = 239.123 ms
Schwarz(Jacobi)+Bicgstab:  Solving for Uz, Initial residual = 0.0011078198844161214, Final residual = 4.045393054062205e-05, No Iterations 3, Solve time = 239.123 ms
[mem] after-UEqn: DEVICE_POOL current=19126 MB  actual(reserved)=38146 MB  highWater=24414 MB
[GinkgoSolver] p-cache: reuse(update_matrix_value) solve=41 rebuildInterval=0
config(Cg+Multigrid):  Solving for p, Initial residual = 0.0012914298461502965, Final residual = 1.1763222063754269e-05, No Iterations 20, Solve time = 1349.97 ms
time step continuity errors : sum local = 2.9498258922256487e-06, global = 2.575031271205724e-08, cumulative = -1.71793752212678e-08
[mem] after-pEqn: DEVICE_POOL current=19126 MB  actual(reserved)=38146 MB  highWater=24414 MB
[GinkgoSolver] p-cache: reuse(update_matrix_value) solve=41 rebuildInterval=0
Schwarz(Jacobi)+Bicgstab:  Solving for omega, Initial residual = 1.3118278565057303e-05, Final residual = 8.955742179094101e-07, No Iterations 2, Solve time = 90.542 ms
bounding omega, min: -44623.32219469674 max: 45355982.631615736 average: 6370.686287547038
[GinkgoSolver] p-cache: reuse(update_matrix_value) solve=41 rebuildInterval=0
Schwarz(Jacobi)+Bicgstab:  Solving for k, Initial residual = 0.00024835475311160064, Final residual = 6.655304540041154e-06, No Iterations 3, Solve time = 100.416 ms
bounding k, min: -0.0001349950658626131 max: 871.8574366201416 average: 9.128960582796504
[mem] after-turb: DEVICE_POOL current=19126 MB  actual(reserved)=38146 MB  highWater=24414 MB
ExecutionTime = 164.38 s  ClockTime = 165 s

Time = 1042
[mem] step-start: DEVICE_POOL current=19126 MB  actual(reserved)=38146 MB  highWater=24414 MB
Schwarz(Jacobi)+Bicgstab:  Solving for Ux, Initial residual = 8.020276731568522e-05, Final residual = 4.442158758628426e-06, No Iterations 2, Solve time = 186.985 ms
Schwarz(Jacobi)+Bicgstab:  Solving for Uy, Initial residual = 0.004321514933045891, Final residual = 0.000545213382070956, No Iterations 2, Solve time = 186.985 ms
Schwarz(Jacobi)+Bicgstab:  Solving for Uz, Initial residual = 0.0011109453499467438, Final residual = 7.372248528857556e-05, No Iterations 2, Solve time = 186.985 ms
[mem] after-UEqn: DEVICE_POOL current=19126 MB  actual(reserved)=38146 MB  highWater=24414 MB
[GinkgoSolver] p-cache: reuse(update_matrix_value) solve=42 rebuildInterval=0
config(Cg+Multigrid):  Solving for p, Initial residual = 0.0013005299559067556, Final residual = 1.2859509633992803e-05, No Iterations 20, Solve time = 1338.02 ms
time step continuity errors : sum local = 3.228608957867106e-06, global = 1.5497881133305952e-08, cumulative = -1.6814940879618493e-09
[mem] after-pEqn: DEVICE_POOL current=19126 MB  actual(reserved)=38146 MB  highWater=24414 MB
[GinkgoSolver] p-cache: reuse(update_matrix_value) solve=42 rebuildInterval=0
Schwarz(Jacobi)+Bicgstab:  Solving for omega, Initial residual = 1.2970395125104949e-05, Final residual = 8.992707875187584e-07, No Iterations 2, Solve time = 86.891 ms
bounding omega, min: -239610.5922727582 max: 45355982.61705365 average: 6370.6511124883145
[GinkgoSolver] p-cache: reuse(update_matrix_value) solve=42 rebuildInterval=0
Schwarz(Jacobi)+Bicgstab:  Solving for k, Initial residual = 0.0002477040195755411, Final residual = 1.2440881240992244e-05, No Iterations 2, Solve time = 75.476 ms
bounding k, min: -5.119433565470588e-05 max: 871.7794101477291 average: 9.12871374757753
[mem] after-turb: DEVICE_POOL current=19126 MB  actual(reserved)=38146 MB  highWater=24414 MB
ExecutionTime = 167.28 s  ClockTime = 168 s

Time = 1043
[mem] step-start: DEVICE_POOL current=19126 MB  actual(reserved)=38146 MB  highWater=24414 MB
Schwarz(Jacobi)+Bicgstab:  Solving for Ux, Initial residual = 8.045883966454972e-05, Final residual = 4.482593515125661e-06, No Iterations 2, Solve time = 175.91 ms
Schwarz(Jacobi)+Bicgstab:  Solving for Uy, Initial residual = 0.004305395270139253, Final residual = 0.0007525300561197726, No Iterations 2, Solve time = 175.91 ms
Schwarz(Jacobi)+Bicgstab:  Solving for Uz, Initial residual = 0.0011180992781048033, Final residual = 7.28565266542409e-05, No Iterations 2, Solve time = 175.91 ms
[mem] after-UEqn: DEVICE_POOL current=19126 MB  actual(reserved)=38146 MB  highWater=24414 MB
[GinkgoSolver] p-cache: reuse(update_matrix_value) solve=43 rebuildInterval=0
config(Cg+Multigrid):  Solving for p, Initial residual = 0.0012916586528811129, Final residual = 1.1913286359411436e-05, No Iterations 21, Solve time = 1406.869 ms
time step continuity errors : sum local = 2.993481819989673e-06, global = 6.7492676980614814e-09, cumulative = 5.067773610099632e-09
[mem] after-pEqn: DEVICE_POOL current=19126 MB  actual(reserved)=38146 MB  highWater=24414 MB
[GinkgoSolver] p-cache: reuse(update_matrix_value) solve=43 rebuildInterval=0
Schwarz(Jacobi)+Bicgstab:  Solving for omega, Initial residual = 1.3054324634399075e-05, Final residual = 9.036432676452182e-07, No Iterations 2, Solve time = 80.201 ms
bounding omega, min: -45577.19162681431 max: 45355982.60456819 average: 6370.672495962594
[GinkgoSolver] p-cache: reuse(update_matrix_value) solve=43 rebuildInterval=0
Schwarz(Jacobi)+Bicgstab:  Solving for k, Initial residual = 0.00024796299498198017, Final residual = 1.2485730192055885e-05, No Iterations 2, Solve time = 77.225 ms
bounding k, min: -0.0001631734785684596 max: 871.6805510243047 average: 9.128767075443799
[mem] after-turb: DEVICE_POOL current=19126 MB  actual(reserved)=38146 MB  highWater=24414 MB
ExecutionTime = 170.29 s  ClockTime = 171 s

Time = 1044
[mem] step-start: DEVICE_POOL current=19126 MB  actual(reserved)=38146 MB  highWater=24414 MB
Schwarz(Jacobi)+Bicgstab:  Solving for Ux, Initial residual = 8.040646864002547e-05, Final residual = 5.920765003372793e-06, No Iterations 3, Solve time = 232.77 ms
Schwarz(Jacobi)+Bicgstab:  Solving for Uy, Initial residual = 0.0043607529060125634, Final residual = 0.00014258442333621845, No Iterations 3, Solve time = 232.77 ms
Schwarz(Jacobi)+Bicgstab:  Solving for Uz, Initial residual = 0.0011181939762320856, Final residual = 4.575677232085678e-05, No Iterations 3, Solve time = 232.77 ms
[mem] after-UEqn: DEVICE_POOL current=19126 MB  actual(reserved)=38146 MB  highWater=24414 MB
[GinkgoSolver] p-cache: reuse(update_matrix_value) solve=44 rebuildInterval=0
config(Cg+Multigrid):  Solving for p, Initial residual = 0.0012985514282593629, Final residual = 1.196737351567244e-05, No Iterations 21, Solve time = 1402.46 ms
time step continuity errors : sum local = 3.0083739160522053e-06, global = -2.920594117697621e-09, cumulative = 2.1471794924020113e-09
[mem] after-pEqn: DEVICE_POOL current=19126 MB  actual(reserved)=38146 MB  highWater=24414 MB
[GinkgoSolver] p-cache: reuse(update_matrix_value) solve=44 rebuildInterval=0
Schwarz(Jacobi)+Bicgstab:  Solving for omega, Initial residual = 1.3089943432820994e-05, Final residual = 9.038643224400508e-07, No Iterations 2, Solve time = 91.183 ms
bounding omega, min: -45744.23140814782 max: 45355982.596352786 average: 6370.6567962158415
[GinkgoSolver] p-cache: reuse(update_matrix_value) solve=44 rebuildInterval=0
Schwarz(Jacobi)+Bicgstab:  Solving for k, Initial residual = 0.0002485824537878016, Final residual = 1.2904999515059188e-05, No Iterations 2, Solve time = 77.461 ms
bounding k, min: -0.00018334642295126898 max: 871.6205420727114 average: 9.128891820267421
[mem] after-turb: DEVICE_POOL current=19126 MB  actual(reserved)=38146 MB  highWater=24414 MB
ExecutionTime = 173.31 s  ClockTime = 174 s

Time = 1045
[mem] step-start: DEVICE_POOL current=19126 MB  actual(reserved)=38146 MB  highWater=24414 MB
Schwarz(Jacobi)+Bicgstab:  Solving for Ux, Initial residual = 8.058473471527348e-05, Final residual = 3.58016498797825e-06, No Iterations 3, Solve time = 231.779 ms
Schwarz(Jacobi)+Bicgstab:  Solving for Uy, Initial residual = 0.004383971852546133, Final residual = 0.00014145443155737524, No Iterations 3, Solve time = 231.779 ms
Schwarz(Jacobi)+Bicgstab:  Solving for Uz, Initial residual = 0.0011167969613132022, Final residual = 4.217291075815375e-05, No Iterations 3, Solve time = 231.779 ms
[mem] after-UEqn: DEVICE_POOL current=19126 MB  actual(reserved)=38146 MB  highWater=24414 MB
[GinkgoSolver] p-cache: reuse(update_matrix_value) solve=45 rebuildInterval=0
config(Cg+Multigrid):  Solving for p, Initial residual = 0.0012935435957066278, Final residual = 1.2101409409633748e-05, No Iterations 21, Solve time = 1418.268 ms
time step continuity errors : sum local = 3.0415189760934335e-06, global = -1.094144162946448e-08, cumulative = -8.794262137062468e-09
[mem] after-pEqn: DEVICE_POOL current=19126 MB  actual(reserved)=38146 MB  highWater=24414 MB
[GinkgoSolver] p-cache: reuse(update_matrix_value) solve=45 rebuildInterval=0
Schwarz(Jacobi)+Bicgstab:  Solving for omega, Initial residual = 1.3104681373629135e-05, Final residual = 9.056783103602152e-07, No Iterations 2, Solve time = 86.303 ms
bounding omega, min: -46246.59842094449 max: 45355982.59125517 average: 6370.636782924403
[GinkgoSolver] p-cache: reuse(update_matrix_value) solve=45 rebuildInterval=0
Schwarz(Jacobi)+Bicgstab:  Solving for k, Initial residual = 0.00024899702551287815, Final residual = 1.3459702215832783e-05, No Iterations 2, Solve time = 75.027 ms
bounding k, min: -0.00016083603961894723 max: 871.4917594708645 average: 9.128980828075987
[mem] after-turb: DEVICE_POOL current=19126 MB  actual(reserved)=38146 MB  highWater=24414 MB
ExecutionTime = 176.37 s  ClockTime = 177 s

Time = 1046
[mem] step-start: DEVICE_POOL current=19126 MB  actual(reserved)=38146 MB  highWater=24414 MB
Schwarz(Jacobi)+Bicgstab:  Solving for Ux, Initial residual = 8.055358555254029e-05, Final residual = 5.778680784510434e-06, No Iterations 3, Solve time = 235.106 ms
Schwarz(Jacobi)+Bicgstab:  Solving for Uy, Initial residual = 0.0044014132500509355, Final residual = 0.00014137723397785972, No Iterations 3, Solve time = 235.106 ms
Schwarz(Jacobi)+Bicgstab:  Solving for Uz, Initial residual = 0.0011165098151482281, Final residual = 4.0634400346279725e-05, No Iterations 3, Solve time = 235.106 ms
[mem] after-UEqn: DEVICE_POOL current=19126 MB  actual(reserved)=38146 MB  highWater=24414 MB
[GinkgoSolver] p-cache: reuse(update_matrix_value) solve=46 rebuildInterval=0
config(Cg+Multigrid):  Solving for p, Initial residual = 0.0012990025940768123, Final residual = 1.2065875755178916e-05, No Iterations 21, Solve time = 1427.214 ms
time step continuity errors : sum local = 3.030306579854964e-06, global = -1.704569134493519e-08, cumulative = -2.5839953481997657e-08
[mem] after-pEqn: DEVICE_POOL current=19126 MB  actual(reserved)=38146 MB  highWater=24414 MB
[GinkgoSolver] p-cache: reuse(update_matrix_value) solve=46 rebuildInterval=0
Schwarz(Jacobi)+Bicgstab:  Solving for omega, Initial residual = 1.3136304101295006e-05, Final residual = 9.083594743994878e-07, No Iterations 2, Solve time = 86.9 ms
bounding omega, min: -192422.29167683254 max: 45355982.58873885 average: 6370.5993499158085
[GinkgoSolver] p-cache: reuse(update_matrix_value) solve=46 rebuildInterval=0
Schwarz(Jacobi)+Bicgstab:  Solving for k, Initial residual = 0.0002496565319833139, Final residual = 1.354125942675094e-05, No Iterations 2, Solve time = 73.863 ms
bounding k, min: -0.002164624557045665 max: 871.2897398472285 average: 9.129222590141337
[mem] after-turb: DEVICE_POOL current=19126 MB  actual(reserved)=38146 MB  highWater=24414 MB
ExecutionTime = 179.46 s  ClockTime = 180 s

Time = 1047
[mem] step-start: DEVICE_POOL current=19126 MB  actual(reserved)=38146 MB  highWater=24414 MB
Schwarz(Jacobi)+Bicgstab:  Solving for Ux, Initial residual = 8.077160593490788e-05, Final residual = 3.401806011468349e-06, No Iterations 3, Solve time = 240.078 ms
Schwarz(Jacobi)+Bicgstab:  Solving for Uy, Initial residual = 0.004411945416513161, Final residual = 0.00014143699471829145, No Iterations 3, Solve time = 240.078 ms
Schwarz(Jacobi)+Bicgstab:  Solving for Uz, Initial residual = 0.0011174703856483802, Final residual = 3.721873428709887e-05, No Iterations 3, Solve time = 240.078 ms
[mem] after-UEqn: DEVICE_POOL current=19126 MB  actual(reserved)=38146 MB  highWater=24414 MB
[GinkgoSolver] p-cache: reuse(update_matrix_value) solve=47 rebuildInterval=0
config(Cg+Multigrid):  Solving for p, Initial residual = 0.0012937468431648469, Final residual = 1.2171319619705637e-05, No Iterations 21, Solve time = 1425.662 ms
time step continuity errors : sum local = 3.0529943069506138e-06, global = -2.1292715066073397e-08, cumulative = -4.7132668548071056e-08
[mem] after-pEqn: DEVICE_POOL current=19126 MB  actual(reserved)=38146 MB  highWater=24414 MB
[GinkgoSolver] p-cache: reuse(update_matrix_value) solve=47 rebuildInterval=0
Schwarz(Jacobi)+Bicgstab:  Solving for omega, Initial residual = 1.3130909882089255e-05, Final residual = 9.025813338932853e-07, No Iterations 2, Solve time = 91.334 ms
bounding omega, min: -47051.76896884212 max: 45355982.588413484 average: 6370.598920526128
[GinkgoSolver] p-cache: reuse(update_matrix_value) solve=47 rebuildInterval=0
Schwarz(Jacobi)+Bicgstab:  Solving for k, Initial residual = 0.00025001587096276504, Final residual = 1.2932210611628338e-05, No Iterations 2, Solve time = 73.99 ms
bounding k, min: -0.0002037730941292052 max: 871.0219873180723 average: 9.129446913055746
[mem] after-turb: DEVICE_POOL current=19126 MB  actual(reserved)=38146 MB  highWater=24414 MB
ExecutionTime = 182.53 s  ClockTime = 183 s

Time = 1048
[mem] step-start: DEVICE_POOL current=19126 MB  actual(reserved)=38146 MB  highWater=24414 MB
Schwarz(Jacobi)+Bicgstab:  Solving for Ux, Initial residual = 8.076303861994792e-05, Final residual = 4.566827637944017e-06, No Iterations 3, Solve time = 245.932 ms
Schwarz(Jacobi)+Bicgstab:  Solving for Uy, Initial residual = 0.0044165088683042865, Final residual = 0.00014291600395270916, No Iterations 3, Solve time = 245.932 ms
Schwarz(Jacobi)+Bicgstab:  Solving for Uz, Initial residual = 0.0011189585122724922, Final residual = 3.857683395060961e-05, No Iterations 3, Solve time = 245.932 ms
[mem] after-UEqn: DEVICE_POOL current=19126 MB  actual(reserved)=38146 MB  highWater=24414 MB
[GinkgoSolver] p-cache: reuse(update_matrix_value) solve=48 rebuildInterval=0
config(Cg+Multigrid):  Solving for p, Initial residual = 0.001296392446299506, Final residual = 1.2259668087322297e-05, No Iterations 21, Solve time = 1427.738 ms
time step continuity errors : sum local = 3.070668487315229e-06, global = -2.414476248777881e-08, cumulative = -7.127743103584986e-08
[mem] after-pEqn: DEVICE_POOL current=19126 MB  actual(reserved)=38146 MB  highWater=24414 MB
[GinkgoSolver] p-cache: reuse(update_matrix_value) solve=48 rebuildInterval=0
Schwarz(Jacobi)+Bicgstab:  Solving for omega, Initial residual = 1.3128029919661226e-05, Final residual = 8.581986210645008e-07, No Iterations 2, Solve time = 90.082 ms
bounding omega, min: -47604.12402562317 max: 45355982.590014935 average: 6370.561029150636
[GinkgoSolver] p-cache: reuse(update_matrix_value) solve=48 rebuildInterval=0
Schwarz(Jacobi)+Bicgstab:  Solving for k, Initial residual = 0.0002504473402136497, Final residual = 1.317099160799346e-05, No Iterations 2, Solve time = 74.334 ms
bounding k, min: -0.002621308474512143 max: 870.7162507286661 average: 9.129741865207725
[mem] after-turb: DEVICE_POOL current=19126 MB  actual(reserved)=38146 MB  highWater=24414 MB
ExecutionTime = 185.61 s  ClockTime = 186 s

Time = 1049
[mem] step-start: DEVICE_POOL current=19126 MB  actual(reserved)=38146 MB  highWater=24414 MB
Schwarz(Jacobi)+Bicgstab:  Solving for Ux, Initial residual = 8.089129557567389e-05, Final residual = 4.8058024640530135e-06, No Iterations 2, Solve time = 185.451 ms
Schwarz(Jacobi)+Bicgstab:  Solving for Uy, Initial residual = 0.004418100031108388, Final residual = 0.0007390114807338016, No Iterations 2, Solve time = 185.451 ms
Schwarz(Jacobi)+Bicgstab:  Solving for Uz, Initial residual = 0.0011211477158728153, Final residual = 7.599274362698077e-05, No Iterations 2, Solve time = 185.451 ms
[mem] after-UEqn: DEVICE_POOL current=19126 MB  actual(reserved)=38146 MB  highWater=24414 MB
[GinkgoSolver] p-cache: reuse(update_matrix_value) solve=49 rebuildInterval=0
config(Cg+Multigrid):  Solving for p, Initial residual = 0.0013191516448131915, Final residual = 1.294659576198194e-05, No Iterations 20, Solve time = 1358.232 ms
time step continuity errors : sum local = 3.2378854041089534e-06, global = -2.5726733200021206e-08, cumulative = -9.700416423587107e-08
[mem] after-pEqn: DEVICE_POOL current=19126 MB  actual(reserved)=38146 MB  highWater=24414 MB
[GinkgoSolver] p-cache: reuse(update_matrix_value) solve=49 rebuildInterval=0
Schwarz(Jacobi)+Bicgstab:  Solving for omega, Initial residual = 1.3131248681200102e-05, Final residual = 8.744949449321306e-07, No Iterations 2, Solve time = 78.841 ms
bounding omega, min: -46973.533940160036 max: 45355982.59349471 average: 6370.5308581087365
[GinkgoSolver] p-cache: reuse(update_matrix_value) solve=49 rebuildInterval=0
Schwarz(Jacobi)+Bicgstab:  Solving for k, Initial residual = 0.00025106505440538023, Final residual = 1.322650767948376e-05, No Iterations 2, Solve time = 73.445 ms
bounding k, min: -0.001796590756902857 max: 870.386497648059 average: 9.129964709435272
[mem] after-turb: DEVICE_POOL current=19126 MB  actual(reserved)=38146 MB  highWater=24414 MB
ExecutionTime = 188.57 s  ClockTime = 189 s

Time = 1050
[mem] step-start: DEVICE_POOL current=19126 MB  actual(reserved)=38146 MB  highWater=24414 MB
Schwarz(Jacobi)+Bicgstab:  Solving for Ux, Initial residual = 8.116612247171556e-05, Final residual = 3.4996266031792597e-06, No Iterations 3, Solve time = 236.267 ms
Schwarz(Jacobi)+Bicgstab:  Solving for Uy, Initial residual = 0.004386881286299926, Final residual = 0.00016976642085839372, No Iterations 3, Solve time = 236.267 ms
Schwarz(Jacobi)+Bicgstab:  Solving for Uz, Initial residual = 0.0011296794484221852, Final residual = 6.5894634250548e-05, No Iterations 3, Solve time = 236.267 ms
[mem] after-UEqn: DEVICE_POOL current=19126 MB  actual(reserved)=38146 MB  highWater=24414 MB
[GinkgoSolver] p-cache: reuse(update_matrix_value) solve=50 rebuildInterval=0
config(Cg+Multigrid):  Solving for p, Initial residual = 0.0013023025419970323, Final residual = 1.2116690341220248e-05, No Iterations 21, Solve time = 1416.121 ms
time step continuity errors : sum local = 3.0264730972334417e-06, global = -2.086652675149637e-08, cumulative = -1.1787069098736743e-07
[mem] after-pEqn: DEVICE_POOL current=19126 MB  actual(reserved)=38146 MB  highWater=24414 MB
[GinkgoSolver] p-cache: reuse(update_matrix_value) solve=50 rebuildInterval=0
Schwarz(Jacobi)+Bicgstab:  Solving for omega, Initial residual = 1.3142700251669188e-05, Final residual = 8.914165037643445e-07, No Iterations 2, Solve time = 90.618 ms
bounding omega, min: -142707.39594912657 max: 45355982.599492855 average: 6370.4954812141
[GinkgoSolver] p-cache: reuse(update_matrix_value) solve=50 rebuildInterval=0
Schwarz(Jacobi)+Bicgstab:  Solving for k, Initial residual = 0.0002513103694951631, Final residual = 1.3259639882612904e-05, No Iterations 2, Solve time = 72.943 ms
bounding k, min: -0.0032484570407717364 max: 870.0144726073516 average: 9.130282312914327
[mem] after-turb: DEVICE_POOL current=19126 MB  actual(reserved)=38146 MB  highWater=24414 MB
Writing p
Writing U
Writing turbulence variables
ExecutionTime = 192.77 s  ClockTime = 195 s

Finalizing NeoN
Finalising parallel run
