/*---------------------------------------------------------------------------*\
| =========                 |                                                 |
| \\      /  F ield         | OpenFOAM: The Open Source CFD Toolbox           |
|  \\    /   O peration     | Version:  2506                                  |
|   \\  /    A nd           | Website:  www.openfoam.com                      |
|    \\/     M anipulation  |                                                 |
\*---------------------------------------------------------------------------*/
Build  : b050cd9480-20250814 OPENFOAM=2506 version=v2506
Arch   : "LSB;label=32;scalar=64"
Exec   : /storage/home/greole/code/NeoFOAM/build/profilingnvidia_h200/bin/neoSimpleFoam -parallel
Date   : Jul 17 2026
Time   : 08:58:02
Host   : gpu-nvidia-h200-3.int.coma-cluster.de
PID    : 195767
I/O    : uncollated
Case   : /storage/home/greole/code/NeoFOAM/occDrivAerStaticMesh
nProcs : 4
Hosts  :
(
    (gpu-nvidia-h200-3.int.coma-cluster.de 4)
)
Pstream initialized with:
    node communication : off [type=host] (4 ranks, 1 nodes)
    topology controls  : none
    consensus exchange : 0 (tuning: 0)
    exchange algorithm : 0
    commsType          : nonBlocking
    polling iterations : 0
trapFpe: Floating point exception trapping enabled (FOAM_SIGFPE).
fileModificationChecking : Monitoring run-time modified files using timeStampMaster (fileModificationSkew 5, maxFileModificationPolls 20)
allowSystemOperations : Allowing user-supplied system call operations

// * * * * * * * * * * * * * * * * * * * * * * * * * * * * * * * * * * * * * //
Create time

Initializing NeoN
Creating Executor GPU
Creating NeoFOAM runTime
GPU-aware MPI: library-available=yes, NeoN-flag=on, executor=GPUExecutor, ranks=4 -> used=yes

SIMPLE: no convergence criteria found. Calculations will run for 50 steps.

Reading field p

Reading field U

Reading/calculating face flux field phi

Selecting incompressible transport model Newtonian
NeoFOAM solver config (from fvSolution configFile) for 'config(Cg+Multigrid)':
{
    cacheSolver: true
    configFile: <NeoN::TokenList>
    l1ScaledResidual: true
    preconditionerRebuildInterval: 0
    relTol: 0.010000
    reportName: config(Cg+Multigrid)
    solver: Ginkgo
    tolerance: 0.000000
}
    effective optimize: false
    effective checkFrequency: 1
Mapping OpenFOAM solver settings to NeoN settings.
Currently, it is advisable to specify a configFile
for fine grained Ginkgo solver control

Replacing solver PBiCGStab by solver::Bicgstab
Replacing preconditioner diagonal by preconditioner::Schwarz (Schwarz-wrapped for distributed run)
NeoFOAM solver config (mapped from fvSolution) for 'Schwarz(Jacobi)+Bicgstab':
{
    cacheSolver: true
    criteria: {
        absolute_residual_norm: 0.000000
        initial_residual_norm: 0.100000
        iteration: 1000
    }
    l1ScaledResidual: true
    optimize: true
    preconditioner: {
        local_solver: {
            max_block_size: 1
            type: preconditioner::Jacobi
        }
        type: preconditioner::Schwarz
    }
    reportName: Schwarz(Jacobi)+Bicgstab
    solver: Ginkgo
    type: solver::Bicgstab
}
    effective optimize: true
    effective checkFrequency: 1
Creating phi

[NF][/storage/home/greole/code/NeoFOAM/include/NeoFOAM/auxiliary/readers.hpp::434]: Internal: 49333487, Boundary: 1754396

[NF][/storage/home/greole/code/NeoFOAM/include/NeoFOAM/auxiliary/readers.hpp::434]: Internal: 49320882, Boundary: 1762558

[NF][/storage/home/greole/code/NeoFOAM/include/NeoFOAM/auxiliary/readers.hpp::434]: Internal: 49261542, Boundary: 1427829

[NF][/storage/home/greole/code/NeoFOAM/include/NeoFOAM/auxiliary/readers.hpp::434]: Internal: 49243125, Boundary: 1362247
Selecting patchDistMethod meshWave
Mapping OpenFOAM solver settings to NeoN settings.
Currently, it is advisable to specify a configFile
for fine grained Ginkgo solver control

Replacing solver PBiCGStab by solver::Bicgstab
Replacing preconditioner diagonal by preconditioner::Schwarz (Schwarz-wrapped for distributed run)
NeoFOAM solver config (mapped from fvSolution) for 'Schwarz(Jacobi)+Bicgstab':
{
    cacheSolver: true
    criteria: {
        absolute_residual_norm: 0.000000
        initial_residual_norm: 0.100000
        iteration: 1000
    }
    l1ScaledResidual: true
    optimize: true
    preconditioner: {
        local_solver: {
            max_block_size: 1
            type: preconditioner::Jacobi
        }
        type: preconditioner::Schwarz
    }
    reportName: Schwarz(Jacobi)+Bicgstab
    solver: Ginkgo
    type: solver::Bicgstab
}
    effective optimize: true
    effective checkFrequency: 1
Mapping OpenFOAM solver settings to NeoN settings.
Currently, it is advisable to specify a configFile
for fine grained Ginkgo solver control

Replacing solver PBiCGStab by solver::Bicgstab
Replacing preconditioner diagonal by preconditioner::Schwarz (Schwarz-wrapped for distributed run)
NeoFOAM solver config (mapped from fvSolution) for 'Schwarz(Jacobi)+Bicgstab':
{
    cacheSolver: true
    criteria: {
        absolute_residual_norm: 0.000000
        initial_residual_norm: 0.100000
        iteration: 1000
    }
    l1ScaledResidual: true
    optimize: true
    preconditioner: {
        local_solver: {
            max_block_size: 1
            type: preconditioner::Jacobi
        }
        type: preconditioner::Schwarz
    }
    reportName: Schwarz(Jacobi)+Bicgstab
    solver: Ginkgo
    type: solver::Bicgstab
}
    effective optimize: true
    effective checkFrequency: 1
[mem] setup.end: DEVICE_POOL current=12979 MB  actual(reserved)=38146 MB  highWater=19132 MB
Starting time loop
Time = 1001
[mem] step-start: DEVICE_POOL current=12979 MB  actual(reserved)=38146 MB  highWater=19132 MB
Schwarz(Jacobi)+Bicgstab:  Solving for Ux, Initial residual = 7.91566280981509e-05, Final residual = 3.117930454401399e-06, No Iterations 3, Solve time = 68.834 ms
Schwarz(Jacobi)+Bicgstab:  Solving for Uy, Initial residual = 0.004031496934770699, Final residual = 0.0001416085397544054, No Iterations 3, Solve time = 68.834 ms
Schwarz(Jacobi)+Bicgstab:  Solving for Uz, Initial residual = 0.0011224955775289297, Final residual = 4.897542661413631e-05, No Iterations 3, Solve time = 68.834 ms
[mem] after-UEqn: DEVICE_POOL current=15473 MB  actual(reserved)=38146 MB  highWater=20761 MB
[GinkgoSolver] p-cache: rebuild(generate) solve=1 rebuildInterval=0
config(Cg+Multigrid):  Solving for p, Initial residual = 0.00130921812412902, Final residual = 1.2732099469829047e-05, No Iterations 18, Solve time = 189.943 ms
time step continuity errors : sum local = 3.2152783194959032e-06, global = 1.1956387563666734e-08, cumulative = 1.1956387563666734e-08
[mem] after-pEqn: DEVICE_POOL current=16941 MB  actual(reserved)=38146 MB  highWater=20761 MB
[GinkgoSolver] p-cache: rebuild(generate) solve=1 rebuildInterval=0
Schwarz(Jacobi)+Bicgstab:  Solving for omega, Initial residual = 1.3008542184414488e-05, Final residual = 9.269432639212667e-07, No Iterations 2, Solve time = 15.936 ms
bounding omega, min: -36064.906142414715 max: 45355982.77769653 average: 6373.857899688025
[GinkgoSolver] p-cache: rebuild(generate) solve=1 rebuildInterval=0
Schwarz(Jacobi)+Bicgstab:  Solving for k, Initial residual = 0.00024224134961789212, Final residual = 9.448346294477734e-06, No Iterations 3, Solve time = 19.573 ms
bounding k, min: -2.4122094107702788e-05 max: 942.8720180294905 average: 9.152759257142474
[mem] after-turb: DEVICE_POOL current=19126 MB  actual(reserved)=38146 MB  highWater=21935 MB
ExecutionTime = 43.76 s  ClockTime = 44 s

Time = 1002
[mem] step-start: DEVICE_POOL current=19126 MB  actual(reserved)=38146 MB  highWater=21935 MB
Schwarz(Jacobi)+Bicgstab:  Solving for Ux, Initial residual = 7.875052872269654e-05, Final residual = 2.9918859812081177e-06, No Iterations 3, Solve time = 45.755 ms
Schwarz(Jacobi)+Bicgstab:  Solving for Uy, Initial residual = 0.004033521216784631, Final residual = 0.0001404708718731489, No Iterations 3, Solve time = 45.755 ms
Schwarz(Jacobi)+Bicgstab:  Solving for Uz, Initial residual = 0.0011190851395884987, Final residual = 4.122671332779186e-05, No Iterations 3, Solve time = 45.755 ms
[mem] after-UEqn: DEVICE_POOL current=19126 MB  actual(reserved)=38146 MB  highWater=24414 MB
[GinkgoSolver] p-cache: reuse(update_matrix_value) solve=2 rebuildInterval=0
config(Cg+Multigrid):  Solving for p, Initial residual = 0.0012776150904280938, Final residual = 1.1510857587515416e-05, No Iterations 19, Solve time = 216.821 ms
time step continuity errors : sum local = 2.908816695788994e-06, global = 3.1248618437594245e-09, cumulative = 1.5081249407426157e-08
[mem] after-pEqn: DEVICE_POOL current=19126 MB  actual(reserved)=38146 MB  highWater=24414 MB
[GinkgoSolver] p-cache: reuse(update_matrix_value) solve=2 rebuildInterval=0
Schwarz(Jacobi)+Bicgstab:  Solving for omega, Initial residual = 1.3120086967963435e-05, Final residual = 8.756844147504237e-07, No Iterations 2, Solve time = 13.721 ms
bounding omega, min: -93841.56446396912 max: 45355982.85233184 average: 6373.580230572989
[GinkgoSolver] p-cache: reuse(update_matrix_value) solve=2 rebuildInterval=0
Schwarz(Jacobi)+Bicgstab:  Solving for k, Initial residual = 0.00024149189569150288, Final residual = 1.141257932419707e-05, No Iterations 2, Solve time = 13.63 ms
bounding k, min: -0.0002926911070689654 max: 934.3820176233543 average: 9.15249422202847
[mem] after-turb: DEVICE_POOL current=19126 MB  actual(reserved)=38146 MB  highWater=24414 MB
ExecutionTime = 44.58 s  ClockTime = 45 s

Time = 1003
[mem] step-start: DEVICE_POOL current=19126 MB  actual(reserved)=38146 MB  highWater=24414 MB
Schwarz(Jacobi)+Bicgstab:  Solving for Ux, Initial residual = 7.857857795155543e-05, Final residual = 2.411210763759009e-06, No Iterations 3, Solve time = 46.393 ms
Schwarz(Jacobi)+Bicgstab:  Solving for Uy, Initial residual = 0.004030023892841681, Final residual = 0.0001366109933781414, No Iterations 3, Solve time = 46.393 ms
Schwarz(Jacobi)+Bicgstab:  Solving for Uz, Initial residual = 0.0011176743956866123, Final residual = 3.908486079643275e-05, No Iterations 3, Solve time = 46.393 ms
[mem] after-UEqn: DEVICE_POOL current=19126 MB  actual(reserved)=38146 MB  highWater=24414 MB
[GinkgoSolver] p-cache: reuse(update_matrix_value) solve=3 rebuildInterval=0
config(Cg+Multigrid):  Solving for p, Initial residual = 0.0012686851638121282, Final residual = 1.1553726416902387e-05, No Iterations 19, Solve time = 214.536 ms
time step continuity errors : sum local = 2.9198066595517332e-06, global = -3.790160974564833e-09, cumulative = 1.1291088432861325e-08
[mem] after-pEqn: DEVICE_POOL current=19126 MB  actual(reserved)=38146 MB  highWater=24414 MB
[GinkgoSolver] p-cache: reuse(update_matrix_value) solve=3 rebuildInterval=0
Schwarz(Jacobi)+Bicgstab:  Solving for omega, Initial residual = 1.297636517479544e-05, Final residual = 8.494756779198767e-07, No Iterations 2, Solve time = 13.641 ms
bounding omega, min: -36267.65781053171 max: 45355982.940785594 average: 6373.452610422652
[GinkgoSolver] p-cache: reuse(update_matrix_value) solve=3 rebuildInterval=0
Schwarz(Jacobi)+Bicgstab:  Solving for k, Initial residual = 0.00024127503414069927, Final residual = 1.3113429829395932e-05, No Iterations 2, Solve time = 13.593 ms
bounding k, min: -0.0006900423174650509 max: 922.3739634442416 average: 9.15232281602667
[mem] after-turb: DEVICE_POOL current=19126 MB  actual(reserved)=38146 MB  highWater=24414 MB
ExecutionTime = 45.42 s  ClockTime = 46 s

Time = 1004
[mem] step-start: DEVICE_POOL current=19126 MB  actual(reserved)=38146 MB  highWater=24414 MB
Schwarz(Jacobi)+Bicgstab:  Solving for Ux, Initial residual = 7.847421047514428e-05, Final residual = 2.0509825196650832e-06, No Iterations 3, Solve time = 45.65 ms
Schwarz(Jacobi)+Bicgstab:  Solving for Uy, Initial residual = 0.004024499943810467, Final residual = 0.00013303289835381045, No Iterations 3, Solve time = 45.65 ms
Schwarz(Jacobi)+Bicgstab:  Solving for Uz, Initial residual = 0.0011173430426125227, Final residual = 4.1222222928719565e-05, No Iterations 3, Solve time = 45.65 ms
[mem] after-UEqn: DEVICE_POOL current=19126 MB  actual(reserved)=38146 MB  highWater=24414 MB
[GinkgoSolver] p-cache: reuse(update_matrix_value) solve=4 rebuildInterval=0
config(Cg+Multigrid):  Solving for p, Initial residual = 0.0012671165293393625, Final residual = 1.2591779368170695e-05, No Iterations 18, Solve time = 204.266 ms
time step continuity errors : sum local = 3.1811023804215303e-06, global = -9.618491920834714e-09, cumulative = 1.6725965120266104e-09
[mem] after-pEqn: DEVICE_POOL current=19126 MB  actual(reserved)=38146 MB  highWater=24414 MB
[GinkgoSolver] p-cache: reuse(update_matrix_value) solve=4 rebuildInterval=0
Schwarz(Jacobi)+Bicgstab:  Solving for omega, Initial residual = 1.2865113534902142e-05, Final residual = 8.407902256569447e-07, No Iterations 2, Solve time = 13.614 ms
bounding omega, min: -34622.38998296193 max: 45355983.02718633 average: 6373.600732768377
[GinkgoSolver] p-cache: reuse(update_matrix_value) solve=4 rebuildInterval=0
Schwarz(Jacobi)+Bicgstab:  Solving for k, Initial residual = 0.00024123748284456866, Final residual = 1.3713494821176025e-05, No Iterations 2, Solve time = 13.588 ms
bounding k, min: -0.005381141838368811 max: 907.4384758760932 average: 9.152109818897529
[mem] after-turb: DEVICE_POOL current=19126 MB  actual(reserved)=38146 MB  highWater=24414 MB
ExecutionTime = 46.24 s  ClockTime = 47 s

Time = 1005
[mem] step-start: DEVICE_POOL current=19126 MB  actual(reserved)=38146 MB  highWater=24414 MB
Schwarz(Jacobi)+Bicgstab:  Solving for Ux, Initial residual = 7.836327000659976e-05, Final residual = 3.8783292450952386e-06, No Iterations 2, Solve time = 35.946 ms
Schwarz(Jacobi)+Bicgstab:  Solving for Uy, Initial residual = 0.004018796738947032, Final residual = 0.00025027465759654144, No Iterations 2, Solve time = 35.946 ms
Schwarz(Jacobi)+Bicgstab:  Solving for Uz, Initial residual = 0.0011175613022236927, Final residual = 6.367997488405818e-05, No Iterations 2, Solve time = 35.946 ms
[mem] after-UEqn: DEVICE_POOL current=19126 MB  actual(reserved)=38146 MB  highWater=24414 MB
[GinkgoSolver] p-cache: reuse(update_matrix_value) solve=5 rebuildInterval=0
config(Cg+Multigrid):  Solving for p, Initial residual = 0.0012738880993180704, Final residual = 1.2657674032788088e-05, No Iterations 18, Solve time = 206.943 ms
time step continuity errors : sum local = 3.1961083616734856e-06, global = -1.1472638858095452e-08, cumulative = -9.800042346068842e-09
[mem] after-pEqn: DEVICE_POOL current=19126 MB  actual(reserved)=38146 MB  highWater=24414 MB
[GinkgoSolver] p-cache: reuse(update_matrix_value) solve=5 rebuildInterval=0
Schwarz(Jacobi)+Bicgstab:  Solving for omega, Initial residual = 1.2846850027025342e-05, Final residual = 8.454771131030148e-07, No Iterations 2, Solve time = 13.651 ms
bounding omega, min: -35316.686886208845 max: 45355983.09558087 average: 6373.773223809833
[GinkgoSolver] p-cache: reuse(update_matrix_value) solve=5 rebuildInterval=0
Schwarz(Jacobi)+Bicgstab:  Solving for k, Initial residual = 0.0002416438781394408, Final residual = 1.3725833483156524e-05, No Iterations 2, Solve time = 13.582 ms
bounding k, min: -0.0023106966534790774 max: 900.1107860695153 average: 9.151940093498409
[mem] after-turb: DEVICE_POOL current=19126 MB  actual(reserved)=38146 MB  highWater=24414 MB
ExecutionTime = 47.06 s  ClockTime = 47 s

Time = 1006
[mem] step-start: DEVICE_POOL current=19126 MB  actual(reserved)=38146 MB  highWater=24414 MB
Schwarz(Jacobi)+Bicgstab:  Solving for Ux, Initial residual = 7.845853704547131e-05, Final residual = 2.462211061931023e-06, No Iterations 3, Solve time = 45.615 ms
Schwarz(Jacobi)+Bicgstab:  Solving for Uy, Initial residual = 0.004010614685354051, Final residual = 0.0001532221454495873, No Iterations 3, Solve time = 45.615 ms
Schwarz(Jacobi)+Bicgstab:  Solving for Uz, Initial residual = 0.0011192036256459329, Final residual = 6.150938278721551e-05, No Iterations 3, Solve time = 45.615 ms
[mem] after-UEqn: DEVICE_POOL current=19126 MB  actual(reserved)=38146 MB  highWater=24414 MB
[GinkgoSolver] p-cache: reuse(update_matrix_value) solve=6 rebuildInterval=0
config(Cg+Multigrid):  Solving for p, Initial residual = 0.001272381863970506, Final residual = 1.2153681243766382e-05, No Iterations 19, Solve time = 213.326 ms
time step continuity errors : sum local = 3.066968703229507e-06, global = -1.4165035239089687e-08, cumulative = -2.396507758515853e-08
[mem] after-pEqn: DEVICE_POOL current=19126 MB  actual(reserved)=38146 MB  highWater=24414 MB
[GinkgoSolver] p-cache: reuse(update_matrix_value) solve=6 rebuildInterval=0
Schwarz(Jacobi)+Bicgstab:  Solving for omega, Initial residual = 1.2810429811886079e-05, Final residual = 8.414260754654166e-07, No Iterations 2, Solve time = 13.659 ms
bounding omega, min: -128709.72102630789 max: 45355983.1328534 average: 6373.931496836957
[GinkgoSolver] p-cache: reuse(update_matrix_value) solve=6 rebuildInterval=0
Schwarz(Jacobi)+Bicgstab:  Solving for k, Initial residual = 0.00024171171715003416, Final residual = 1.3495304122365948e-05, No Iterations 2, Solve time = 13.626 ms
bounding k, min: -0.002357186816620657 max: 894.2563939739891 average: 9.151725956947248
[mem] after-turb: DEVICE_POOL current=19126 MB  actual(reserved)=38146 MB  highWater=24414 MB
ExecutionTime = 47.89 s  ClockTime = 48 s

Time = 1007
[mem] step-start: DEVICE_POOL current=19126 MB  actual(reserved)=38146 MB  highWater=24414 MB
Schwarz(Jacobi)+Bicgstab:  Solving for Ux, Initial residual = 7.840252741931594e-05, Final residual = 4.254537601242764e-06, No Iterations 2, Solve time = 35.802 ms
Schwarz(Jacobi)+Bicgstab:  Solving for Uy, Initial residual = 0.004008313373046478, Final residual = 0.000502809903039888, No Iterations 2, Solve time = 35.802 ms
Schwarz(Jacobi)+Bicgstab:  Solving for Uz, Initial residual = 0.0011200957370443062, Final residual = 7.061664789709518e-05, No Iterations 2, Solve time = 35.802 ms
[mem] after-UEqn: DEVICE_POOL current=19126 MB  actual(reserved)=38146 MB  highWater=24414 MB
[GinkgoSolver] p-cache: reuse(update_matrix_value) solve=7 rebuildInterval=0
config(Cg+Multigrid):  Solving for p, Initial residual = 0.001286560747330233, Final residual = 1.240826333003641e-05, No Iterations 19, Solve time = 212.432 ms
time step continuity errors : sum local = 3.1291748292745358e-06, global = -1.3444364232032013e-08, cumulative = -3.740944181719054e-08
[mem] after-pEqn: DEVICE_POOL current=19126 MB  actual(reserved)=38146 MB  highWater=24414 MB
[GinkgoSolver] p-cache: reuse(update_matrix_value) solve=7 rebuildInterval=0
Schwarz(Jacobi)+Bicgstab:  Solving for omega, Initial residual = 1.2812037020888798e-05, Final residual = 8.376901833749055e-07, No Iterations 2, Solve time = 13.669 ms
bounding omega, min: -33013.76026014597 max: 45355983.12773706 average: 6374.074167725738
[GinkgoSolver] p-cache: reuse(update_matrix_value) solve=7 rebuildInterval=0
Schwarz(Jacobi)+Bicgstab:  Solving for k, Initial residual = 0.00024220324097331107, Final residual = 1.3418520018637307e-05, No Iterations 2, Solve time = 13.576 ms
bounding k, min: -0.0009456796050710363 max: 892.6332159332227 average: 9.151422429857147
[mem] after-turb: DEVICE_POOL current=19126 MB  actual(reserved)=38146 MB  highWater=24414 MB
ExecutionTime = 48.7 s  ClockTime = 49 s

Time = 1008
[mem] step-start: DEVICE_POOL current=19126 MB  actual(reserved)=38146 MB  highWater=24414 MB
Schwarz(Jacobi)+Bicgstab:  Solving for Ux, Initial residual = 7.859205216928602e-05, Final residual = 4.281887962199985e-06, No Iterations 2, Solve time = 35.807 ms
Schwarz(Jacobi)+Bicgstab:  Solving for Uy, Initial residual = 0.003986921752181299, Final residual = 0.0007352420904823935, No Iterations 2, Solve time = 35.807 ms
Schwarz(Jacobi)+Bicgstab:  Solving for Uz, Initial residual = 0.0011231739002840978, Final residual = 6.41922347976329e-05, No Iterations 2, Solve time = 35.807 ms
[mem] after-UEqn: DEVICE_POOL current=19126 MB  actual(reserved)=38146 MB  highWater=24414 MB
[GinkgoSolver] p-cache: reuse(update_matrix_value) solve=8 rebuildInterval=0
config(Cg+Multigrid):  Solving for p, Initial residual = 0.0012822391934252336, Final residual = 1.2730075484781928e-05, No Iterations 20, Solve time = 226.021 ms
time step continuity errors : sum local = 3.208603154571807e-06, global = -1.980699451814654e-08, cumulative = -5.721643633533708e-08
[mem] after-pEqn: DEVICE_POOL current=19126 MB  actual(reserved)=38146 MB  highWater=24414 MB
[GinkgoSolver] p-cache: reuse(update_matrix_value) solve=8 rebuildInterval=0
Schwarz(Jacobi)+Bicgstab:  Solving for omega, Initial residual = 1.2781601802598699e-05, Final residual = 8.353530839722243e-07, No Iterations 2, Solve time = 13.635 ms
bounding omega, min: -38047.12789767771 max: 45355983.06302387 average: 6374.189693928033
[GinkgoSolver] p-cache: reuse(update_matrix_value) solve=8 rebuildInterval=0
Schwarz(Jacobi)+Bicgstab:  Solving for k, Initial residual = 0.0002421116444800941, Final residual = 1.3455062283399887e-05, No Iterations 2, Solve time = 13.598 ms
bounding k, min: -0.0008814821432961938 max: 891.1928870411903 average: 9.15122684378071
[mem] after-turb: DEVICE_POOL current=19126 MB  actual(reserved)=38146 MB  highWater=24414 MB
ExecutionTime = 49.53 s  ClockTime = 50 s

Time = 1009
[mem] step-start: DEVICE_POOL current=19126 MB  actual(reserved)=38146 MB  highWater=24414 MB
Schwarz(Jacobi)+Bicgstab:  Solving for Ux, Initial residual = 7.844071156171949e-05, Final residual = 2.600997707298556e-06, No Iterations 3, Solve time = 45.612 ms
Schwarz(Jacobi)+Bicgstab:  Solving for Uy, Initial residual = 0.004037628468294844, Final residual = 0.00013485997171518299, No Iterations 3, Solve time = 45.612 ms
Schwarz(Jacobi)+Bicgstab:  Solving for Uz, Initial residual = 0.0011167467760584077, Final residual = 0.00010901875197406648, No Iterations 3, Solve time = 45.612 ms
[mem] after-UEqn: DEVICE_POOL current=19126 MB  actual(reserved)=38146 MB  highWater=24414 MB
[GinkgoSolver] p-cache: reuse(update_matrix_value) solve=9 rebuildInterval=0
config(Cg+Multigrid):  Solving for p, Initial residual = 0.001292094165750442, Final residual = 1.2150978345793216e-05, No Iterations 21, Solve time = 235.19 ms
time step continuity errors : sum local = 3.0607069367601125e-06, global = -1.7685268731106885e-08, cumulative = -7.490170506644397e-08
[mem] after-pEqn: DEVICE_POOL current=19126 MB  actual(reserved)=38146 MB  highWater=24414 MB
[GinkgoSolver] p-cache: reuse(update_matrix_value) solve=9 rebuildInterval=0
Schwarz(Jacobi)+Bicgstab:  Solving for omega, Initial residual = 1.2745749269324506e-05, Final residual = 8.341377782779166e-07, No Iterations 2, Solve time = 13.673 ms
bounding omega, min: -38147.07155340882 max: 45355982.8983297 average: 6374.232024005791
[GinkgoSolver] p-cache: reuse(update_matrix_value) solve=9 rebuildInterval=0
Schwarz(Jacobi)+Bicgstab:  Solving for k, Initial residual = 0.0002422107271637138, Final residual = 1.3355254230742852e-05, No Iterations 2, Solve time = 13.59 ms
bounding k, min: -0.0015000073303765918 max: 891.7474622068054 average: 9.150641728847017
[mem] after-turb: DEVICE_POOL current=19126 MB  actual(reserved)=38146 MB  highWater=24414 MB
ExecutionTime = 50.39 s  ClockTime = 51 s

Time = 1010
[mem] step-start: DEVICE_POOL current=19126 MB  actual(reserved)=38146 MB  highWater=24414 MB
Schwarz(Jacobi)+Bicgstab:  Solving for Ux, Initial residual = 7.837035460010573e-05, Final residual = 2.849938910656016e-06, No Iterations 3, Solve time = 45.648 ms
Schwarz(Jacobi)+Bicgstab:  Solving for Uy, Initial residual = 0.004060863664356205, Final residual = 0.00013570341014522593, No Iterations 3, Solve time = 45.648 ms
Schwarz(Jacobi)+Bicgstab:  Solving for Uz, Initial residual = 0.0011011069190013075, Final residual = 4.504546167817485e-05, No Iterations 3, Solve time = 45.648 ms
[mem] after-UEqn: DEVICE_POOL current=19126 MB  actual(reserved)=38146 MB  highWater=24414 MB
[GinkgoSolver] p-cache: reuse(update_matrix_value) solve=10 rebuildInterval=0
config(Cg+Multigrid):  Solving for p, Initial residual = 0.0012752763393797284, Final residual = 1.2507082634900286e-05, No Iterations 20, Solve time = 223.201 ms
time step continuity errors : sum local = 3.14839248025802e-06, global = -1.774014521435172e-08, cumulative = -9.264185028079569e-08
[mem] after-pEqn: DEVICE_POOL current=19126 MB  actual(reserved)=38146 MB  highWater=24414 MB
[GinkgoSolver] p-cache: reuse(update_matrix_value) solve=10 rebuildInterval=0
Schwarz(Jacobi)+Bicgstab:  Solving for omega, Initial residual = 1.2723261113218189e-05, Final residual = 8.333813402069477e-07, No Iterations 2, Solve time = 13.643 ms
bounding omega, min: -168226.7050996222 max: 45355982.67184781 average: 6374.214163703596
[GinkgoSolver] p-cache: reuse(update_matrix_value) solve=10 rebuildInterval=0
Schwarz(Jacobi)+Bicgstab:  Solving for k, Initial residual = 0.0002422405618599903, Final residual = 1.3170217206031369e-05, No Iterations 2, Solve time = 13.604 ms
bounding k, min: -0.0019108711616832932 max: 891.9023344743985 average: 9.150014735290897
[mem] after-turb: DEVICE_POOL current=19126 MB  actual(reserved)=38146 MB  highWater=24414 MB
ExecutionTime = 51.23 s  ClockTime = 52 s

Time = 1011
[mem] step-start: DEVICE_POOL current=19126 MB  actual(reserved)=38146 MB  highWater=24414 MB
Schwarz(Jacobi)+Bicgstab:  Solving for Ux, Initial residual = 7.831509177445419e-05, Final residual = 3.280607774081642e-06, No Iterations 3, Solve time = 45.687 ms
Schwarz(Jacobi)+Bicgstab:  Solving for Uy, Initial residual = 0.0040738468482939445, Final residual = 0.00013713983820265498, No Iterations 3, Solve time = 45.687 ms
Schwarz(Jacobi)+Bicgstab:  Solving for Uz, Initial residual = 0.0010948697297317434, Final residual = 4.116890583529167e-05, No Iterations 3, Solve time = 45.687 ms
[mem] after-UEqn: DEVICE_POOL current=19126 MB  actual(reserved)=38146 MB  highWater=24414 MB
[GinkgoSolver] p-cache: reuse(update_matrix_value) solve=11 rebuildInterval=0
config(Cg+Multigrid):  Solving for p, Initial residual = 0.0012710121749634744, Final residual = 1.2041047120305473e-05, No Iterations 20, Solve time = 224.364 ms
time step continuity errors : sum local = 3.029233303014585e-06, global = -1.6614500260985644e-08, cumulative = -1.0925635054178133e-07
[mem] after-pEqn: DEVICE_POOL current=19126 MB  actual(reserved)=38146 MB  highWater=24414 MB
[GinkgoSolver] p-cache: reuse(update_matrix_value) solve=11 rebuildInterval=0
Schwarz(Jacobi)+Bicgstab:  Solving for omega, Initial residual = 1.270960286644499e-05, Final residual = 8.285518865318263e-07, No Iterations 2, Solve time = 13.606 ms
bounding omega, min: -37990.2820637026 max: 45355982.66669914 average: 6374.152492241062
[GinkgoSolver] p-cache: reuse(update_matrix_value) solve=11 rebuildInterval=0
Schwarz(Jacobi)+Bicgstab:  Solving for k, Initial residual = 0.00024226555695423314, Final residual = 1.2670515702488472e-05, No Iterations 2, Solve time = 13.631 ms
bounding k, min: -0.0005393823765600866 max: 892.6071314569876 average: 9.149313542350626
[mem] after-turb: DEVICE_POOL current=19126 MB  actual(reserved)=38146 MB  highWater=24414 MB
ExecutionTime = 52.07 s  ClockTime = 52 s

Time = 1012
[mem] step-start: DEVICE_POOL current=19126 MB  actual(reserved)=38146 MB  highWater=24414 MB
Schwarz(Jacobi)+Bicgstab:  Solving for Ux, Initial residual = 7.831529566275967e-05, Final residual = 4.237860835802655e-06, No Iterations 2, Solve time = 35.803 ms
Schwarz(Jacobi)+Bicgstab:  Solving for Uy, Initial residual = 0.004076511346789625, Final residual = 0.0005152569658684034, No Iterations 2, Solve time = 35.803 ms
Schwarz(Jacobi)+Bicgstab:  Solving for Uz, Initial residual = 0.001092539994298268, Final residual = 6.340573391166055e-05, No Iterations 2, Solve time = 35.803 ms
[mem] after-UEqn: DEVICE_POOL current=19126 MB  actual(reserved)=38146 MB  highWater=24414 MB
[GinkgoSolver] p-cache: reuse(update_matrix_value) solve=12 rebuildInterval=0
config(Cg+Multigrid):  Solving for p, Initial residual = 0.0012881689242155835, Final residual = 1.2179728753118738e-05, No Iterations 19, Solve time = 215.089 ms
time step continuity errors : sum local = 3.062192220994001e-06, global = -1.3048836806977104e-08, cumulative = -1.2230518734875843e-07
[mem] after-pEqn: DEVICE_POOL current=19126 MB  actual(reserved)=38146 MB  highWater=24414 MB
[GinkgoSolver] p-cache: reuse(update_matrix_value) solve=12 rebuildInterval=0
Schwarz(Jacobi)+Bicgstab:  Solving for omega, Initial residual = 1.272253081043194e-05, Final residual = 8.321577153571332e-07, No Iterations 2, Solve time = 13.599 ms
bounding omega, min: -39842.04522589663 max: 45355982.709934786 average: 6373.988944899005
[GinkgoSolver] p-cache: reuse(update_matrix_value) solve=12 rebuildInterval=0
Schwarz(Jacobi)+Bicgstab:  Solving for k, Initial residual = 0.00024259794064428156, Final residual = 1.2378436536986767e-05, No Iterations 2, Solve time = 13.614 ms
bounding k, min: -0.000527375037247587 max: 892.7454103151485 average: 9.148492195407846
[mem] after-turb: DEVICE_POOL current=19126 MB  actual(reserved)=38146 MB  highWater=24414 MB
ExecutionTime = 52.9 s  ClockTime = 53 s

Time = 1013
[mem] step-start: DEVICE_POOL current=19126 MB  actual(reserved)=38146 MB  highWater=24414 MB
Schwarz(Jacobi)+Bicgstab:  Solving for Ux, Initial residual = 7.85530909311957e-05, Final residual = 2.9318236610843037e-06, No Iterations 3, Solve time = 45.692 ms
Schwarz(Jacobi)+Bicgstab:  Solving for Uy, Initial residual = 0.004045776874100324, Final residual = 0.00015333414602898145, No Iterations 3, Solve time = 45.692 ms
Schwarz(Jacobi)+Bicgstab:  Solving for Uz, Initial residual = 0.0010962985496569654, Final residual = 6.894145953940619e-05, No Iterations 3, Solve time = 45.692 ms
[mem] after-UEqn: DEVICE_POOL current=19126 MB  actual(reserved)=38146 MB  highWater=24414 MB
[GinkgoSolver] p-cache: reuse(update_matrix_value) solve=13 rebuildInterval=0
config(Cg+Multigrid):  Solving for p, Initial residual = 0.0012834545702761564, Final residual = 1.2032458577723096e-05, No Iterations 19, Solve time = 215.445 ms
time step continuity errors : sum local = 3.023482363128081e-06, global = -1.1433525775945734e-08, cumulative = -1.3373871312470416e-07
[mem] after-pEqn: DEVICE_POOL current=19126 MB  actual(reserved)=38146 MB  highWater=24414 MB
[GinkgoSolver] p-cache: reuse(update_matrix_value) solve=13 rebuildInterval=0
Schwarz(Jacobi)+Bicgstab:  Solving for omega, Initial residual = 1.2712201054908346e-05, Final residual = 8.352077467147897e-07, No Iterations 2, Solve time = 13.685 ms
bounding omega, min: -37366.935177708794 max: 45355982.76540566 average: 6373.792047091899
[GinkgoSolver] p-cache: reuse(update_matrix_value) solve=13 rebuildInterval=0
Schwarz(Jacobi)+Bicgstab:  Solving for k, Initial residual = 0.00024245239000453693, Final residual = 1.2201373774976147e-05, No Iterations 2, Solve time = 13.625 ms
bounding k, min: -0.001709461955964317 max: 892.9621287397918 average: 9.147651834228016
[mem] after-turb: DEVICE_POOL current=19126 MB  actual(reserved)=38146 MB  highWater=24414 MB
ExecutionTime = 53.73 s  ClockTime = 54 s

Time = 1014
[mem] step-start: DEVICE_POOL current=19126 MB  actual(reserved)=38146 MB  highWater=24414 MB
Schwarz(Jacobi)+Bicgstab:  Solving for Ux, Initial residual = 7.853956331309657e-05, Final residual = 3.5263730204023565e-06, No Iterations 3, Solve time = 45.697 ms
Schwarz(Jacobi)+Bicgstab:  Solving for Uy, Initial residual = 0.00403225686727368, Final residual = 0.00014732080588836423, No Iterations 3, Solve time = 45.697 ms
Schwarz(Jacobi)+Bicgstab:  Solving for Uz, Initial residual = 0.0011013033360080156, Final residual = 0.00013073087358605803, No Iterations 3, Solve time = 45.697 ms
[mem] after-UEqn: DEVICE_POOL current=19126 MB  actual(reserved)=38146 MB  highWater=24414 MB
[GinkgoSolver] p-cache: reuse(update_matrix_value) solve=14 rebuildInterval=0
config(Cg+Multigrid):  Solving for p, Initial residual = 0.0012827742416712106, Final residual = 1.1872935085938164e-05, No Iterations 19, Solve time = 219.563 ms
time step continuity errors : sum local = 2.9816192057384942e-06, global = -9.439557794504335e-09, cumulative = -1.4317827091920848e-07
[mem] after-pEqn: DEVICE_POOL current=19126 MB  actual(reserved)=38146 MB  highWater=24414 MB
[GinkgoSolver] p-cache: reuse(update_matrix_value) solve=14 rebuildInterval=0
Schwarz(Jacobi)+Bicgstab:  Solving for omega, Initial residual = 1.2735220866890704e-05, Final residual = 8.4039521310903e-07, No Iterations 2, Solve time = 13.59 ms
bounding omega, min: -266056.0030175403 max: 45355982.801400416 average: 6373.577398537125
[GinkgoSolver] p-cache: reuse(update_matrix_value) solve=14 rebuildInterval=0
Schwarz(Jacobi)+Bicgstab:  Solving for k, Initial residual = 0.00024260143875095828, Final residual = 1.2128115854091614e-05, No Iterations 2, Solve time = 13.982 ms
bounding k, min: -0.0020072684915087013 max: 892.6010216676857 average: 9.14686928760102
[mem] after-turb: DEVICE_POOL current=19126 MB  actual(reserved)=38146 MB  highWater=24414 MB
ExecutionTime = 54.57 s  ClockTime = 55 s

Time = 1015
[mem] step-start: DEVICE_POOL current=19126 MB  actual(reserved)=38146 MB  highWater=24414 MB
Schwarz(Jacobi)+Bicgstab:  Solving for Ux, Initial residual = 7.862289245889354e-05, Final residual = 3.819444641006483e-06, No Iterations 3, Solve time = 45.573 ms
Schwarz(Jacobi)+Bicgstab:  Solving for Uy, Initial residual = 0.00403476686150216, Final residual = 0.0001415652977830846, No Iterations 3, Solve time = 45.573 ms
Schwarz(Jacobi)+Bicgstab:  Solving for Uz, Initial residual = 0.001106826783404031, Final residual = 4.58669484172503e-05, No Iterations 3, Solve time = 45.573 ms
[mem] after-UEqn: DEVICE_POOL current=19126 MB  actual(reserved)=38146 MB  highWater=24414 MB
[GinkgoSolver] p-cache: reuse(update_matrix_value) solve=15 rebuildInterval=0
config(Cg+Multigrid):  Solving for p, Initial residual = 0.0012853011046248146, Final residual = 1.1770874682300945e-05, No Iterations 19, Solve time = 219.097 ms
time step continuity errors : sum local = 2.9542733772545695e-06, global = -5.934098836910131e-09, cumulative = -1.491123697561186e-07
[mem] after-pEqn: DEVICE_POOL current=19126 MB  actual(reserved)=38146 MB  highWater=24414 MB
[GinkgoSolver] p-cache: reuse(update_matrix_value) solve=15 rebuildInterval=0
Schwarz(Jacobi)+Bicgstab:  Solving for omega, Initial residual = 1.2737348058994399e-05, Final residual = 8.370711367741042e-07, No Iterations 2, Solve time = 13.668 ms
bounding omega, min: -50555.92052477569 max: 45355982.79240378 average: 6373.371695520674
[GinkgoSolver] p-cache: reuse(update_matrix_value) solve=15 rebuildInterval=0
Schwarz(Jacobi)+Bicgstab:  Solving for k, Initial residual = 0.00024259199558646693, Final residual = 1.2218608710856248e-05, No Iterations 2, Solve time = 13.593 ms
bounding k, min: -0.002106448726955659 max: 892.1575360448263 average: 9.146034060241098
[mem] after-turb: DEVICE_POOL current=19126 MB  actual(reserved)=38146 MB  highWater=24414 MB
ExecutionTime = 55.4 s  ClockTime = 56 s

Time = 1016
[mem] step-start: DEVICE_POOL current=19126 MB  actual(reserved)=38146 MB  highWater=24414 MB
Schwarz(Jacobi)+Bicgstab:  Solving for Ux, Initial residual = 7.863637285809859e-05, Final residual = 3.2760349567297064e-06, No Iterations 3, Solve time = 45.66 ms
Schwarz(Jacobi)+Bicgstab:  Solving for Uy, Initial residual = 0.004044520391079914, Final residual = 0.00013597839335957658, No Iterations 3, Solve time = 45.66 ms
Schwarz(Jacobi)+Bicgstab:  Solving for Uz, Initial residual = 0.001102917899335949, Final residual = 3.978128867932603e-05, No Iterations 3, Solve time = 45.66 ms
[mem] after-UEqn: DEVICE_POOL current=19126 MB  actual(reserved)=38146 MB  highWater=24414 MB
[GinkgoSolver] p-cache: reuse(update_matrix_value) solve=16 rebuildInterval=0
config(Cg+Multigrid):  Solving for p, Initial residual = 0.0012870300769267646, Final residual = 1.1656196496251412e-05, No Iterations 19, Solve time = 215.492 ms
time step continuity errors : sum local = 2.9238895745270634e-06, global = -2.9780583993381933e-09, cumulative = -1.520904281554568e-07
[mem] after-pEqn: DEVICE_POOL current=19126 MB  actual(reserved)=38146 MB  highWater=24414 MB
[GinkgoSolver] p-cache: reuse(update_matrix_value) solve=16 rebuildInterval=0
Schwarz(Jacobi)+Bicgstab:  Solving for omega, Initial residual = 1.2727063765675642e-05, Final residual = 8.347197496461084e-07, No Iterations 2, Solve time = 13.718 ms
bounding omega, min: -48069.88245492403 max: 45355982.7337676 average: 6373.093464569284
[GinkgoSolver] p-cache: reuse(update_matrix_value) solve=16 rebuildInterval=0
Schwarz(Jacobi)+Bicgstab:  Solving for k, Initial residual = 0.00024255161269983046, Final residual = 1.2256139585308431e-05, No Iterations 2, Solve time = 13.633 ms
bounding k, min: -0.002436644985533226 max: 891.2638666328163 average: 9.145145127809853
[mem] after-turb: DEVICE_POOL current=19126 MB  actual(reserved)=38146 MB  highWater=24414 MB
ExecutionTime = 56.24 s  ClockTime = 57 s

Time = 1017
[mem] step-start: DEVICE_POOL current=19126 MB  actual(reserved)=38146 MB  highWater=24414 MB
Schwarz(Jacobi)+Bicgstab:  Solving for Ux, Initial residual = 7.859751364964741e-05, Final residual = 3.493750465005757e-06, No Iterations 2, Solve time = 35.728 ms
Schwarz(Jacobi)+Bicgstab:  Solving for Uy, Initial residual = 0.0040585937121192465, Final residual = 0.0008345775604444992, No Iterations 2, Solve time = 35.728 ms
Schwarz(Jacobi)+Bicgstab:  Solving for Uz, Initial residual = 0.0010990769635635816, Final residual = 7.363945596965169e-05, No Iterations 2, Solve time = 35.728 ms
[mem] after-UEqn: DEVICE_POOL current=19126 MB  actual(reserved)=38146 MB  highWater=24414 MB
[GinkgoSolver] p-cache: reuse(update_matrix_value) solve=17 rebuildInterval=0
config(Cg+Multigrid):  Solving for p, Initial residual = 0.0012997503784552633, Final residual = 1.2408002737496174e-05, No Iterations 18, Solve time = 206.634 ms
time step continuity errors : sum local = 3.111105226525061e-06, global = 3.1532461790698614e-09, cumulative = -1.4893718197638695e-07
[mem] after-pEqn: DEVICE_POOL current=19126 MB  actual(reserved)=38146 MB  highWater=24414 MB
[GinkgoSolver] p-cache: reuse(update_matrix_value) solve=17 rebuildInterval=0
Schwarz(Jacobi)+Bicgstab:  Solving for omega, Initial residual = 1.2743283828956142e-05, Final residual = 8.404945647401648e-07, No Iterations 2, Solve time = 13.579 ms
bounding omega, min: -37763.31103028555 max: 45355982.65514039 average: 6372.727474284052
[GinkgoSolver] p-cache: reuse(update_matrix_value) solve=17 rebuildInterval=0
Schwarz(Jacobi)+Bicgstab:  Solving for k, Initial residual = 0.00024288771543762102, Final residual = 1.2414800545498771e-05, No Iterations 2, Solve time = 13.628 ms
bounding k, min: -0.005068951293755855 max: 890.2309352050611 average: 9.144067906646779
[mem] after-turb: DEVICE_POOL current=19126 MB  actual(reserved)=38146 MB  highWater=24414 MB
ExecutionTime = 57.06 s  ClockTime = 58 s

Time = 1018
[mem] step-start: DEVICE_POOL current=19126 MB  actual(reserved)=38146 MB  highWater=24414 MB
Schwarz(Jacobi)+Bicgstab:  Solving for Ux, Initial residual = 7.876296406475412e-05, Final residual = 2.637389020727856e-06, No Iterations 3, Solve time = 45.773 ms
Schwarz(Jacobi)+Bicgstab:  Solving for Uy, Initial residual = 0.0040298761131239026, Final residual = 0.0001568077369275897, No Iterations 3, Solve time = 45.773 ms
Schwarz(Jacobi)+Bicgstab:  Solving for Uz, Initial residual = 0.0011031959248550137, Final residual = 4.9482755795016915e-05, No Iterations 3, Solve time = 45.773 ms
[mem] after-UEqn: DEVICE_POOL current=19126 MB  actual(reserved)=38146 MB  highWater=24414 MB
[GinkgoSolver] p-cache: reuse(update_matrix_value) solve=18 rebuildInterval=0
config(Cg+Multigrid):  Solving for p, Initial residual = 0.0012885789239619751, Final residual = 1.2615488776640967e-05, No Iterations 18, Solve time = 208.097 ms
time step continuity errors : sum local = 3.1622087658900033e-06, global = 4.908990260794157e-09, cumulative = -1.4402819171559279e-07
[mem] after-pEqn: DEVICE_POOL current=19126 MB  actual(reserved)=38146 MB  highWater=24414 MB
[GinkgoSolver] p-cache: reuse(update_matrix_value) solve=18 rebuildInterval=0
Schwarz(Jacobi)+Bicgstab:  Solving for omega, Initial residual = 1.2727769458301458e-05, Final residual = 8.373179360790872e-07, No Iterations 2, Solve time = 13.857 ms
bounding omega, min: -378528.3707732952 max: 45355982.59414518 average: 6372.3323461938635
[GinkgoSolver] p-cache: reuse(update_matrix_value) solve=18 rebuildInterval=0
Schwarz(Jacobi)+Bicgstab:  Solving for k, Initial residual = 0.0002426850806640507, Final residual = 1.2428479590351644e-05, No Iterations 2, Solve time = 13.65 ms
bounding k, min: -0.002618298013355891 max: 888.8877450883101 average: 9.143068506048165
[mem] after-turb: DEVICE_POOL current=19126 MB  actual(reserved)=38146 MB  highWater=24414 MB
ExecutionTime = 57.88 s  ClockTime = 58 s

Time = 1019
[mem] step-start: DEVICE_POOL current=19126 MB  actual(reserved)=38146 MB  highWater=24414 MB
Schwarz(Jacobi)+Bicgstab:  Solving for Ux, Initial residual = 7.8684991569556e-05, Final residual = 3.293819780969739e-06, No Iterations 3, Solve time = 45.555 ms
Schwarz(Jacobi)+Bicgstab:  Solving for Uy, Initial residual = 0.004029870211088745, Final residual = 0.00015127871879135245, No Iterations 3, Solve time = 45.555 ms
Schwarz(Jacobi)+Bicgstab:  Solving for Uz, Initial residual = 0.00110287553652775, Final residual = 4.027892572762114e-05, No Iterations 3, Solve time = 45.555 ms
[mem] after-UEqn: DEVICE_POOL current=19126 MB  actual(reserved)=38146 MB  highWater=24414 MB
[GinkgoSolver] p-cache: reuse(update_matrix_value) solve=19 rebuildInterval=0
config(Cg+Multigrid):  Solving for p, Initial residual = 0.0012837373050850166, Final residual = 1.2706084400526203e-05, No Iterations 18, Solve time = 208.137 ms
time step continuity errors : sum local = 3.184273604455351e-06, global = 6.601983654771654e-09, cumulative = -1.3742620806082114e-07
[mem] after-pEqn: DEVICE_POOL current=19126 MB  actual(reserved)=38146 MB  highWater=24414 MB
[GinkgoSolver] p-cache: reuse(update_matrix_value) solve=19 rebuildInterval=0
Schwarz(Jacobi)+Bicgstab:  Solving for omega, Initial residual = 1.2727030652654152e-05, Final residual = 8.32402155941268e-07, No Iterations 2, Solve time = 13.643 ms
bounding omega, min: -50882.45099738195 max: 45355982.57484924 average: 6372.010211825587
[GinkgoSolver] p-cache: reuse(update_matrix_value) solve=19 rebuildInterval=0
Schwarz(Jacobi)+Bicgstab:  Solving for k, Initial residual = 0.00024268358073745034, Final residual = 1.252657733683034e-05, No Iterations 2, Solve time = 13.623 ms
bounding k, min: -0.0025116703276135965 max: 887.4461805962933 average: 9.142172855320792
[mem] after-turb: DEVICE_POOL current=19126 MB  actual(reserved)=38146 MB  highWater=24414 MB
ExecutionTime = 58.71 s  ClockTime = 59 s

Time = 1020
[mem] step-start: DEVICE_POOL current=19126 MB  actual(reserved)=38146 MB  highWater=24414 MB
Schwarz(Jacobi)+Bicgstab:  Solving for Ux, Initial residual = 7.867536885145859e-05, Final residual = 2.9930263764930112e-06, No Iterations 3, Solve time = 45.548 ms
Schwarz(Jacobi)+Bicgstab:  Solving for Uy, Initial residual = 0.004045442349798573, Final residual = 0.00014537448349023193, No Iterations 3, Solve time = 45.548 ms
Schwarz(Jacobi)+Bicgstab:  Solving for Uz, Initial residual = 0.0010998900594573818, Final residual = 7.653776114208025e-05, No Iterations 3, Solve time = 45.548 ms
[mem] after-UEqn: DEVICE_POOL current=19126 MB  actual(reserved)=38146 MB  highWater=24414 MB
[GinkgoSolver] p-cache: reuse(update_matrix_value) solve=20 rebuildInterval=0
config(Cg+Multigrid):  Solving for p, Initial residual = 0.0012807990121853584, Final residual = 1.2731076620783634e-05, No Iterations 18, Solve time = 210.272 ms
time step continuity errors : sum local = 3.1902273862492255e-06, global = 6.884990800117257e-09, cumulative = -1.3054121726070387e-07
[mem] after-pEqn: DEVICE_POOL current=19126 MB  actual(reserved)=38146 MB  highWater=24414 MB
[GinkgoSolver] p-cache: reuse(update_matrix_value) solve=20 rebuildInterval=0
Schwarz(Jacobi)+Bicgstab:  Solving for omega, Initial residual = 1.2702202864812991e-05, Final residual = 8.276012315630105e-07, No Iterations 2, Solve time = 13.631 ms
bounding omega, min: -59990.73477510684 max: 45355982.57623098 average: 6371.691069678654
[GinkgoSolver] p-cache: reuse(update_matrix_value) solve=20 rebuildInterval=0
Schwarz(Jacobi)+Bicgstab:  Solving for k, Initial residual = 0.00024252680095345795, Final residual = 1.2684829292027734e-05, No Iterations 2, Solve time = 13.596 ms
bounding k, min: -0.0026559152667117378 max: 885.8623963003956 average: 9.141319432920772
[mem] after-turb: DEVICE_POOL current=19126 MB  actual(reserved)=38146 MB  highWater=24414 MB
ExecutionTime = 59.54 s  ClockTime = 60 s

Time = 1021
[mem] step-start: DEVICE_POOL current=19126 MB  actual(reserved)=38146 MB  highWater=24414 MB
Schwarz(Jacobi)+Bicgstab:  Solving for Ux, Initial residual = 7.856745508661737e-05, Final residual = 3.153044285766683e-06, No Iterations 3, Solve time = 46.238 ms
Schwarz(Jacobi)+Bicgstab:  Solving for Uy, Initial residual = 0.004063816125338968, Final residual = 0.0001414087168241804, No Iterations 3, Solve time = 46.238 ms
Schwarz(Jacobi)+Bicgstab:  Solving for Uz, Initial residual = 0.0011002942097354694, Final residual = 4.015564328408884e-05, No Iterations 3, Solve time = 46.238 ms
[mem] after-UEqn: DEVICE_POOL current=19126 MB  actual(reserved)=38146 MB  highWater=24414 MB
[GinkgoSolver] p-cache: reuse(update_matrix_value) solve=21 rebuildInterval=0
config(Cg+Multigrid):  Solving for p, Initial residual = 0.001275643582446666, Final residual = 1.2583593577870371e-05, No Iterations 18, Solve time = 211.802 ms
time step continuity errors : sum local = 3.1531626965837513e-06, global = 7.505423722125655e-09, cumulative = -1.2303579353857823e-07
[mem] after-pEqn: DEVICE_POOL current=19126 MB  actual(reserved)=38146 MB  highWater=24414 MB
[GinkgoSolver] p-cache: reuse(update_matrix_value) solve=21 rebuildInterval=0
Schwarz(Jacobi)+Bicgstab:  Solving for omega, Initial residual = 1.2702405372417806e-05, Final residual = 8.309403648770224e-07, No Iterations 2, Solve time = 13.673 ms
bounding omega, min: -59103.48691061945 max: 45355982.58464781 average: 6371.4148723641765
[GinkgoSolver] p-cache: reuse(update_matrix_value) solve=21 rebuildInterval=0
Schwarz(Jacobi)+Bicgstab:  Solving for k, Initial residual = 0.0002425421278410017, Final residual = 1.2866585580319527e-05, No Iterations 2, Solve time = 13.69 ms
bounding k, min: -0.000365963985398194 max: 884.2732982103153 average: 9.14049065305909
[mem] after-turb: DEVICE_POOL current=19126 MB  actual(reserved)=38146 MB  highWater=24414 MB
ExecutionTime = 60.38 s  ClockTime = 61 s

Time = 1022
[mem] step-start: DEVICE_POOL current=19126 MB  actual(reserved)=38146 MB  highWater=24414 MB
Schwarz(Jacobi)+Bicgstab:  Solving for Ux, Initial residual = 7.85383626238156e-05, Final residual = 3.2569915972322977e-06, No Iterations 3, Solve time = 45.757 ms
Schwarz(Jacobi)+Bicgstab:  Solving for Uy, Initial residual = 0.004085030591366784, Final residual = 0.00014060433984297224, No Iterations 3, Solve time = 45.757 ms
Schwarz(Jacobi)+Bicgstab:  Solving for Uz, Initial residual = 0.001096018862471838, Final residual = 6.721706115946298e-05, No Iterations 3, Solve time = 45.757 ms
[mem] after-UEqn: DEVICE_POOL current=19126 MB  actual(reserved)=38146 MB  highWater=24414 MB
[GinkgoSolver] p-cache: reuse(update_matrix_value) solve=22 rebuildInterval=0
config(Cg+Multigrid):  Solving for p, Initial residual = 0.0012714003711813391, Final residual = 1.2334708968863538e-05, No Iterations 18, Solve time = 209.899 ms
time step continuity errors : sum local = 3.0908562368699227e-06, global = 6.851622660256114e-09, cumulative = -1.1618417087832212e-07
[mem] after-pEqn: DEVICE_POOL current=19126 MB  actual(reserved)=38146 MB  highWater=24414 MB
[GinkgoSolver] p-cache: reuse(update_matrix_value) solve=22 rebuildInterval=0
Schwarz(Jacobi)+Bicgstab:  Solving for omega, Initial residual = 1.2704305309124696e-05, Final residual = 8.324249922659673e-07, No Iterations 2, Solve time = 13.652 ms
bounding omega, min: -323924.93695798423 max: 45355982.597091995 average: 6371.163886929115
[GinkgoSolver] p-cache: reuse(update_matrix_value) solve=22 rebuildInterval=0
Schwarz(Jacobi)+Bicgstab:  Solving for k, Initial residual = 0.0002425178188837014, Final residual = 1.2651231300212691e-05, No Iterations 2, Solve time = 13.596 ms
bounding k, min: -0.0006503279652317895 max: 882.6651274935246 average: 9.139733863654039
[mem] after-turb: DEVICE_POOL current=19126 MB  actual(reserved)=38146 MB  highWater=24414 MB
ExecutionTime = 61.21 s  ClockTime = 62 s

Time = 1023
[mem] step-start: DEVICE_POOL current=19126 MB  actual(reserved)=38146 MB  highWater=24414 MB
Schwarz(Jacobi)+Bicgstab:  Solving for Ux, Initial residual = 7.852622161854108e-05, Final residual = 3.164507544936916e-06, No Iterations 3, Solve time = 45.588 ms
Schwarz(Jacobi)+Bicgstab:  Solving for Uy, Initial residual = 0.0041021056066839505, Final residual = 0.0001413851297949176, No Iterations 3, Solve time = 45.588 ms
Schwarz(Jacobi)+Bicgstab:  Solving for Uz, Initial residual = 0.0010952640444026585, Final residual = 4.6489637488795837e-05, No Iterations 3, Solve time = 45.588 ms
[mem] after-UEqn: DEVICE_POOL current=19126 MB  actual(reserved)=38146 MB  highWater=24414 MB
[GinkgoSolver] p-cache: reuse(update_matrix_value) solve=23 rebuildInterval=0
config(Cg+Multigrid):  Solving for p, Initial residual = 0.001269917074424225, Final residual = 1.2111323192294712e-05, No Iterations 18, Solve time = 208.193 ms
time step continuity errors : sum local = 3.034929292891027e-06, global = 6.065497610549724e-09, cumulative = -1.1011867326777239e-07
[mem] after-pEqn: DEVICE_POOL current=19126 MB  actual(reserved)=38146 MB  highWater=24414 MB
[GinkgoSolver] p-cache: reuse(update_matrix_value) solve=23 rebuildInterval=0
Schwarz(Jacobi)+Bicgstab:  Solving for omega, Initial residual = 1.270078461332829e-05, Final residual = 8.282041679779003e-07, No Iterations 2, Solve time = 14.305 ms
bounding omega, min: -58907.661197067006 max: 45355982.61131237 average: 6370.98459968524
[GinkgoSolver] p-cache: reuse(update_matrix_value) solve=23 rebuildInterval=0
Schwarz(Jacobi)+Bicgstab:  Solving for k, Initial residual = 0.00024250492931365407, Final residual = 1.2083159779271847e-05, No Iterations 2, Solve time = 13.675 ms
bounding k, min: -0.0020398461167412327 max: 881.1311414381154 average: 9.138986568366478
[mem] after-turb: DEVICE_POOL current=19126 MB  actual(reserved)=38146 MB  highWater=24414 MB
ExecutionTime = 62.03 s  ClockTime = 63 s

Time = 1024
[mem] step-start: DEVICE_POOL current=19126 MB  actual(reserved)=38146 MB  highWater=24414 MB
Schwarz(Jacobi)+Bicgstab:  Solving for Ux, Initial residual = 7.854691797381135e-05, Final residual = 4.358519680026802e-06, No Iterations 2, Solve time = 35.97 ms
Schwarz(Jacobi)+Bicgstab:  Solving for Uy, Initial residual = 0.004114716614397664, Final residual = 0.00042657060279672473, No Iterations 2, Solve time = 35.97 ms
Schwarz(Jacobi)+Bicgstab:  Solving for Uz, Initial residual = 0.0010935540042344624, Final residual = 7.464726811170174e-05, No Iterations 2, Solve time = 35.97 ms
[mem] after-UEqn: DEVICE_POOL current=19126 MB  actual(reserved)=38146 MB  highWater=24414 MB
[GinkgoSolver] p-cache: reuse(update_matrix_value) solve=24 rebuildInterval=0
config(Cg+Multigrid):  Solving for p, Initial residual = 0.0012808034667472895, Final residual = 1.1894636111880264e-05, No Iterations 18, Solve time = 211.459 ms
time step continuity errors : sum local = 2.9806390365995156e-06, global = 7.456137239018162e-09, cumulative = -1.0266253602875424e-07
[mem] after-pEqn: DEVICE_POOL current=19126 MB  actual(reserved)=38146 MB  highWater=24414 MB
[GinkgoSolver] p-cache: reuse(update_matrix_value) solve=24 rebuildInterval=0
Schwarz(Jacobi)+Bicgstab:  Solving for omega, Initial residual = 1.2726659528470652e-05, Final residual = 8.33728547577458e-07, No Iterations 2, Solve time = 13.676 ms
bounding omega, min: -56913.14744143572 max: 45355982.62536565 average: 6370.816982145408
[GinkgoSolver] p-cache: reuse(update_matrix_value) solve=24 rebuildInterval=0
Schwarz(Jacobi)+Bicgstab:  Solving for k, Initial residual = 0.00024285075184754583, Final residual = 1.1943671922219857e-05, No Iterations 2, Solve time = 13.587 ms
bounding k, min: -0.008280565637608622 max: 879.684082369787 average: 9.138281677718314
[mem] after-turb: DEVICE_POOL current=19126 MB  actual(reserved)=38146 MB  highWater=24414 MB
ExecutionTime = 62.85 s  ClockTime = 63 s

Time = 1025
[mem] step-start: DEVICE_POOL current=19126 MB  actual(reserved)=38146 MB  highWater=24414 MB
Schwarz(Jacobi)+Bicgstab:  Solving for Ux, Initial residual = 7.882262249551039e-05, Final residual = 4.408256485168835e-06, No Iterations 2, Solve time = 35.739 ms
Schwarz(Jacobi)+Bicgstab:  Solving for Uy, Initial residual = 0.004103320787964602, Final residual = 0.000735727293892446, No Iterations 2, Solve time = 35.739 ms
Schwarz(Jacobi)+Bicgstab:  Solving for Uz, Initial residual = 0.0010965494775144497, Final residual = 7.028442551959416e-05, No Iterations 2, Solve time = 35.739 ms
[mem] after-UEqn: DEVICE_POOL current=19126 MB  actual(reserved)=38146 MB  highWater=24414 MB
[GinkgoSolver] p-cache: reuse(update_matrix_value) solve=25 rebuildInterval=0
config(Cg+Multigrid):  Solving for p, Initial residual = 0.0012814542719721527, Final residual = 1.177048752155708e-05, No Iterations 18, Solve time = 207.82 ms
time step continuity errors : sum local = 2.9491993756835793e-06, global = 3.830272176661183e-09, cumulative = -9.883226385209305e-08
[mem] after-pEqn: DEVICE_POOL current=19126 MB  actual(reserved)=38146 MB  highWater=24414 MB
[GinkgoSolver] p-cache: reuse(update_matrix_value) solve=25 rebuildInterval=0
Schwarz(Jacobi)+Bicgstab:  Solving for omega, Initial residual = 1.2742086612595969e-05, Final residual = 8.387577759060834e-07, No Iterations 2, Solve time = 13.62 ms
bounding omega, min: -58703.862906678 max: 45355982.63798421 average: 6370.749337890299
[GinkgoSolver] p-cache: reuse(update_matrix_value) solve=25 rebuildInterval=0
Schwarz(Jacobi)+Bicgstab:  Solving for k, Initial residual = 0.00024273151537352916, Final residual = 2.0267359368512735e-05, No Iterations 2, Solve time = 13.614 ms
bounding k, min: -0.023038865739373998 max: 878.4050295229324 average: 9.13761270704223
[mem] after-turb: DEVICE_POOL current=19126 MB  actual(reserved)=38146 MB  highWater=24414 MB
ExecutionTime = 63.66 s  ClockTime = 64 s

Time = 1026
[mem] step-start: DEVICE_POOL current=19126 MB  actual(reserved)=38146 MB  highWater=24414 MB
Schwarz(Jacobi)+Bicgstab:  Solving for Ux, Initial residual = 7.882312265621606e-05, Final residual = 2.9574486869301875e-06, No Iterations 3, Solve time = 45.67 ms
Schwarz(Jacobi)+Bicgstab:  Solving for Uy, Initial residual = 0.0041555108526303616, Final residual = 0.0001339481405261088, No Iterations 3, Solve time = 45.67 ms
Schwarz(Jacobi)+Bicgstab:  Solving for Uz, Initial residual = 0.001092992645933616, Final residual = 4.8648943896317104e-05, No Iterations 3, Solve time = 45.67 ms
[mem] after-UEqn: DEVICE_POOL current=19126 MB  actual(reserved)=38146 MB  highWater=24414 MB
[GinkgoSolver] p-cache: reuse(update_matrix_value) solve=26 rebuildInterval=0
config(Cg+Multigrid):  Solving for p, Initial residual = 0.0012804957856094885, Final residual = 1.188008892172186e-05, No Iterations 18, Solve time = 209.481 ms
time step continuity errors : sum local = 2.9763293198225265e-06, global = 2.5930393787548364e-09, cumulative = -9.623922447333822e-08
[mem] after-pEqn: DEVICE_POOL current=19126 MB  actual(reserved)=38146 MB  highWater=24414 MB
[GinkgoSolver] p-cache: reuse(update_matrix_value) solve=26 rebuildInterval=0
Schwarz(Jacobi)+Bicgstab:  Solving for omega, Initial residual = 1.2852320256245487e-05, Final residual = 8.354512141898018e-07, No Iterations 2, Solve time = 13.624 ms
bounding omega, min: -379948.7606080566 max: 45355982.64750492 average: 6370.658949033342
[GinkgoSolver] p-cache: reuse(update_matrix_value) solve=26 rebuildInterval=0
Schwarz(Jacobi)+Bicgstab:  Solving for k, Initial residual = 0.00024349633465668618, Final residual = 1.1846840667780402e-05, No Iterations 2, Solve time = 13.675 ms
bounding k, min: -0.011890238821620588 max: 877.2657034886436 average: 9.137047460406677
[mem] after-turb: DEVICE_POOL current=19126 MB  actual(reserved)=38146 MB  highWater=24414 MB
ExecutionTime = 64.48999999999999 s  ClockTime = 65 s

Time = 1027
[mem] step-start: DEVICE_POOL current=19126 MB  actual(reserved)=38146 MB  highWater=24414 MB
Schwarz(Jacobi)+Bicgstab:  Solving for Ux, Initial residual = 7.888348472311168e-05, Final residual = 2.9706149857373587e-06, No Iterations 3, Solve time = 45.628 ms
Schwarz(Jacobi)+Bicgstab:  Solving for Uy, Initial residual = 0.004169335815266319, Final residual = 0.0001335851182208947, No Iterations 3, Solve time = 45.628 ms
Schwarz(Jacobi)+Bicgstab:  Solving for Uz, Initial residual = 0.0010892049786320594, Final residual = 4.094125045329546e-05, No Iterations 3, Solve time = 45.628 ms
[mem] after-UEqn: DEVICE_POOL current=19126 MB  actual(reserved)=38146 MB  highWater=24414 MB
[GinkgoSolver] p-cache: reuse(update_matrix_value) solve=27 rebuildInterval=0
config(Cg+Multigrid):  Solving for p, Initial residual = 0.0012802532032628643, Final residual = 1.2347114947660355e-05, No Iterations 18, Solve time = 208.241 ms
time step continuity errors : sum local = 3.0928588752430257e-06, global = 3.603907510270831e-10, cumulative = -9.587883372231114e-08
[mem] after-pEqn: DEVICE_POOL current=19126 MB  actual(reserved)=38146 MB  highWater=24414 MB
[GinkgoSolver] p-cache: reuse(update_matrix_value) solve=27 rebuildInterval=0
Schwarz(Jacobi)+Bicgstab:  Solving for omega, Initial residual = 1.2693700122948303e-05, Final residual = 8.304101469026978e-07, No Iterations 2, Solve time = 13.646 ms
bounding omega, min: -56342.732979238644 max: 45355982.65471652 average: 6370.631765920316
[GinkgoSolver] p-cache: reuse(update_matrix_value) solve=27 rebuildInterval=0
Schwarz(Jacobi)+Bicgstab:  Solving for k, Initial residual = 0.0002435845566435244, Final residual = 9.591653569237284e-06, No Iterations 2, Solve time = 13.577 ms
bounding k, min: -0.05436104706119793 max: 876.3015885381693 average: 9.136500337428853
[mem] after-turb: DEVICE_POOL current=19126 MB  actual(reserved)=38146 MB  highWater=24414 MB
ExecutionTime = 65.31999999999999 s  ClockTime = 66 s

Time = 1028
[mem] step-start: DEVICE_POOL current=19126 MB  actual(reserved)=38146 MB  highWater=24414 MB
Schwarz(Jacobi)+Bicgstab:  Solving for Ux, Initial residual = 7.890620393718228e-05, Final residual = 3.811555184053152e-06, No Iterations 3, Solve time = 45.598 ms
Schwarz(Jacobi)+Bicgstab:  Solving for Uy, Initial residual = 0.004177409210867358, Final residual = 0.00013337618658478974, No Iterations 3, Solve time = 45.598 ms
Schwarz(Jacobi)+Bicgstab:  Solving for Uz, Initial residual = 0.0010875400529213337, Final residual = 3.793309880005473e-05, No Iterations 3, Solve time = 45.598 ms
[mem] after-UEqn: DEVICE_POOL current=19126 MB  actual(reserved)=38146 MB  highWater=24414 MB
[GinkgoSolver] p-cache: reuse(update_matrix_value) solve=28 rebuildInterval=0
config(Cg+Multigrid):  Solving for p, Initial residual = 0.0012838692155399442, Final residual = 1.1601750663988846e-05, No Iterations 19, Solve time = 220.49 ms
time step continuity errors : sum local = 2.905677379877854e-06, global = -1.0709640525689575e-09, cumulative = -9.69497977748801e-08
[mem] after-pEqn: DEVICE_POOL current=19126 MB  actual(reserved)=38146 MB  highWater=24414 MB
[GinkgoSolver] p-cache: reuse(update_matrix_value) solve=28 rebuildInterval=0
Schwarz(Jacobi)+Bicgstab:  Solving for omega, Initial residual = 1.2667605894918075e-05, Final residual = 8.303363936439053e-07, No Iterations 2, Solve time = 13.643 ms
bounding omega, min: -55884.845262244075 max: 45355982.66052199 average: 6370.587609620877
[GinkgoSolver] p-cache: reuse(update_matrix_value) solve=28 rebuildInterval=0
Schwarz(Jacobi)+Bicgstab:  Solving for k, Initial residual = 0.00024356814381717965, Final residual = 1.2049984183745395e-05, No Iterations 2, Solve time = 13.618 ms
bounding k, min: -0.17878015560683314 max: 875.5839826206264 average: 9.136057273565488
[mem] after-turb: DEVICE_POOL current=19126 MB  actual(reserved)=38146 MB  highWater=24414 MB
ExecutionTime = 66.15000000000001 s  ClockTime = 67 s

Time = 1029
[mem] step-start: DEVICE_POOL current=19126 MB  actual(reserved)=38146 MB  highWater=24414 MB
Schwarz(Jacobi)+Bicgstab:  Solving for Ux, Initial residual = 7.900969311542331e-05, Final residual = 4.48897968701895e-06, No Iterations 2, Solve time = 35.946 ms
Schwarz(Jacobi)+Bicgstab:  Solving for Uy, Initial residual = 0.004180837456852255, Final residual = 0.000640104300829513, No Iterations 2, Solve time = 35.946 ms
Schwarz(Jacobi)+Bicgstab:  Solving for Uz, Initial residual = 0.001088003351103028, Final residual = 7.613722843676986e-05, No Iterations 2, Solve time = 35.946 ms
[mem] after-UEqn: DEVICE_POOL current=19126 MB  actual(reserved)=38146 MB  highWater=24414 MB
[GinkgoSolver] p-cache: reuse(update_matrix_value) solve=29 rebuildInterval=0
config(Cg+Multigrid):  Solving for p, Initial residual = 0.0013051177865924643, Final residual = 1.2191712651192106e-05, No Iterations 19, Solve time = 220.198 ms
time step continuity errors : sum local = 3.0527426959142242e-06, global = -3.259838028560961e-09, cumulative = -1.0020963580344105e-07
[mem] after-pEqn: DEVICE_POOL current=19126 MB  actual(reserved)=38146 MB  highWater=24414 MB
[GinkgoSolver] p-cache: reuse(update_matrix_value) solve=29 rebuildInterval=0
Schwarz(Jacobi)+Bicgstab:  Solving for omega, Initial residual = 1.2667095414427675e-05, Final residual = 8.374743581926975e-07, No Iterations 2, Solve time = 13.635 ms
bounding omega, min: -54188.047682312055 max: 45355982.66533351 average: 6370.607613966461
[GinkgoSolver] p-cache: reuse(update_matrix_value) solve=29 rebuildInterval=0
Schwarz(Jacobi)+Bicgstab:  Solving for k, Initial residual = 0.00024377330482184975, Final residual = 7.68245835831146e-06, No Iterations 3, Solve time = 16.903 ms
[mem] after-turb: DEVICE_POOL current=19126 MB  actual(reserved)=38146 MB  highWater=24414 MB
ExecutionTime = 66.98 s  ClockTime = 68 s

Time = 1030
[mem] step-start: DEVICE_POOL current=19126 MB  actual(reserved)=38146 MB  highWater=24414 MB
Schwarz(Jacobi)+Bicgstab:  Solving for Ux, Initial residual = 7.931933290418527e-05, Final residual = 3.512758565801326e-06, No Iterations 3, Solve time = 45.589 ms
Schwarz(Jacobi)+Bicgstab:  Solving for Uy, Initial residual = 0.004148908808870659, Final residual = 0.00015916112980877755, No Iterations 3, Solve time = 45.589 ms
Schwarz(Jacobi)+Bicgstab:  Solving for Uz, Initial residual = 0.0010963924852947914, Final residual = 6.575046787648956e-05, No Iterations 3, Solve time = 45.589 ms
[mem] after-UEqn: DEVICE_POOL current=19126 MB  actual(reserved)=38146 MB  highWater=24414 MB
[GinkgoSolver] p-cache: reuse(update_matrix_value) solve=30 rebuildInterval=0
config(Cg+Multigrid):  Solving for p, Initial residual = 0.0012932898531825645, Final residual = 1.2485666493884801e-05, No Iterations 19, Solve time = 221.065 ms
time step continuity errors : sum local = 3.1252192775367153e-06, global = -4.2763986832925856e-09, cumulative = -1.0448603448673364e-07
[mem] after-pEqn: DEVICE_POOL current=19126 MB  actual(reserved)=38146 MB  highWater=24414 MB
[GinkgoSolver] p-cache: reuse(update_matrix_value) solve=30 rebuildInterval=0
Schwarz(Jacobi)+Bicgstab:  Solving for omega, Initial residual = 1.2858843444297601e-05, Final residual = 8.407911070350705e-07, No Iterations 2, Solve time = 13.592 ms
bounding omega, min: -264650.5145873092 max: 45355982.672148235 average: 6370.42497714952
[GinkgoSolver] p-cache: reuse(update_matrix_value) solve=30 rebuildInterval=0
Schwarz(Jacobi)+Bicgstab:  Solving for k, Initial residual = 0.0002426373685963893, Final residual = 1.2693506958435907e-05, No Iterations 2, Solve time = 13.584 ms
[mem] after-turb: DEVICE_POOL current=19126 MB  actual(reserved)=38146 MB  highWater=24414 MB
ExecutionTime = 67.81999999999999 s  ClockTime = 68 s

Time = 1031
[mem] step-start: DEVICE_POOL current=19126 MB  actual(reserved)=38146 MB  highWater=24414 MB
Schwarz(Jacobi)+Bicgstab:  Solving for Ux, Initial residual = 7.941561754595221e-05, Final residual = 4.482993770797487e-06, No Iterations 2, Solve time = 35.761 ms
Schwarz(Jacobi)+Bicgstab:  Solving for Uy, Initial residual = 0.004144873733203887, Final residual = 0.0007471130942195212, No Iterations 2, Solve time = 35.761 ms
Schwarz(Jacobi)+Bicgstab:  Solving for Uz, Initial residual = 0.0011011194580714215, Final residual = 7.672434570108135e-05, No Iterations 2, Solve time = 35.761 ms
[mem] after-UEqn: DEVICE_POOL current=19126 MB  actual(reserved)=38146 MB  highWater=24414 MB
[GinkgoSolver] p-cache: reuse(update_matrix_value) solve=31 rebuildInterval=0
config(Cg+Multigrid):  Solving for p, Initial residual = 0.0012954472635796131, Final residual = 1.2518648220494025e-05, No Iterations 19, Solve time = 216.537 ms
time step continuity errors : sum local = 3.132187418151977e-06, global = -5.368979873073878e-09, cumulative = -1.0985501435980752e-07
[mem] after-pEqn: DEVICE_POOL current=19126 MB  actual(reserved)=38146 MB  highWater=24414 MB
[GinkgoSolver] p-cache: reuse(update_matrix_value) solve=31 rebuildInterval=0
Schwarz(Jacobi)+Bicgstab:  Solving for omega, Initial residual = 1.2894278816090493e-05, Final residual = 8.378582521236497e-07, No Iterations 2, Solve time = 13.564 ms
bounding omega, min: -52812.965533959316 max: 45355982.680567734 average: 6370.428450017077
[GinkgoSolver] p-cache: reuse(update_matrix_value) solve=31 rebuildInterval=0
Schwarz(Jacobi)+Bicgstab:  Solving for k, Initial residual = 0.00024291514861221242, Final residual = 1.2631010907707795e-05, No Iterations 2, Solve time = 13.52 ms
bounding k, min: -4.024820514499143e-05 max: 873.8451784700824 average: 9.134101972793621
[mem] after-turb: DEVICE_POOL current=19126 MB  actual(reserved)=38146 MB  highWater=24414 MB
ExecutionTime = 68.64 s  ClockTime = 69 s

Time = 1032
[mem] step-start: DEVICE_POOL current=19126 MB  actual(reserved)=38146 MB  highWater=24414 MB
Schwarz(Jacobi)+Bicgstab:  Solving for Ux, Initial residual = 7.934435892139828e-05, Final residual = 3.6314267860062685e-06, No Iterations 3, Solve time = 45.669 ms
Schwarz(Jacobi)+Bicgstab:  Solving for Uy, Initial residual = 0.004207944829867715, Final residual = 0.00013235019130014626, No Iterations 3, Solve time = 45.669 ms
Schwarz(Jacobi)+Bicgstab:  Solving for Uz, Initial residual = 0.0011007897793194406, Final residual = 4.573171424392809e-05, No Iterations 3, Solve time = 45.669 ms
[mem] after-UEqn: DEVICE_POOL current=19126 MB  actual(reserved)=38146 MB  highWater=24414 MB
[GinkgoSolver] p-cache: reuse(update_matrix_value) solve=32 rebuildInterval=0
config(Cg+Multigrid):  Solving for p, Initial residual = 0.0012946279435600211, Final residual = 1.2419722787145154e-05, No Iterations 19, Solve time = 218.396 ms
time step continuity errors : sum local = 3.1062202213608043e-06, global = -4.2011256067324215e-09, cumulative = -1.1405613996653994e-07
[mem] after-pEqn: DEVICE_POOL current=19126 MB  actual(reserved)=38146 MB  highWater=24414 MB
[GinkgoSolver] p-cache: reuse(update_matrix_value) solve=32 rebuildInterval=0
Schwarz(Jacobi)+Bicgstab:  Solving for omega, Initial residual = 1.2852681243701705e-05, Final residual = 8.38880668709469e-07, No Iterations 2, Solve time = 13.606 ms
bounding omega, min: -52184.65826432982 max: 45355982.68956626 average: 6370.459275072819
[GinkgoSolver] p-cache: reuse(update_matrix_value) solve=32 rebuildInterval=0
Schwarz(Jacobi)+Bicgstab:  Solving for k, Initial residual = 0.0002434565205423583, Final residual = 1.2571440629802685e-05, No Iterations 2, Solve time = 13.624 ms
bounding k, min: -0.0002377566730556187 max: 873.4876250994346 average: 9.13353316584878
[mem] after-turb: DEVICE_POOL current=19126 MB  actual(reserved)=38146 MB  highWater=24414 MB
ExecutionTime = 69.48 s  ClockTime = 70 s

Time = 1033
[mem] step-start: DEVICE_POOL current=19126 MB  actual(reserved)=38146 MB  highWater=24414 MB
Schwarz(Jacobi)+Bicgstab:  Solving for Ux, Initial residual = 7.933749908387268e-05, Final residual = 3.860801648816259e-06, No Iterations 3, Solve time = 45.531 ms
Schwarz(Jacobi)+Bicgstab:  Solving for Uy, Initial residual = 0.004230404391669049, Final residual = 0.00013284676368833213, No Iterations 3, Solve time = 45.531 ms
Schwarz(Jacobi)+Bicgstab:  Solving for Uz, Initial residual = 0.0010986166217499312, Final residual = 2.9383331315938778e-05, No Iterations 3, Solve time = 45.531 ms
[mem] after-UEqn: DEVICE_POOL current=19126 MB  actual(reserved)=38146 MB  highWater=24414 MB
[GinkgoSolver] p-cache: reuse(update_matrix_value) solve=33 rebuildInterval=0
config(Cg+Multigrid):  Solving for p, Initial residual = 0.0012940403032859022, Final residual = 1.2023456882405388e-05, No Iterations 19, Solve time = 217.295 ms
time step continuity errors : sum local = 3.0061477898831063e-06, global = -2.4402129071049123e-10, cumulative = -1.1430016125725043e-07
[mem] after-pEqn: DEVICE_POOL current=19126 MB  actual(reserved)=38146 MB  highWater=24414 MB
[GinkgoSolver] p-cache: reuse(update_matrix_value) solve=33 rebuildInterval=0
Schwarz(Jacobi)+Bicgstab:  Solving for omega, Initial residual = 1.2842848870939598e-05, Final residual = 8.458751619813134e-07, No Iterations 2, Solve time = 13.632 ms
bounding omega, min: -50703.887006000885 max: 45355982.69768336 average: 6370.509121137424
[GinkgoSolver] p-cache: reuse(update_matrix_value) solve=33 rebuildInterval=0
Schwarz(Jacobi)+Bicgstab:  Solving for k, Initial residual = 0.00024407355771453778, Final residual = 1.186794019681275e-05, No Iterations 2, Solve time = 13.604 ms
bounding k, min: -2.444815383828408e-05 max: 873.2073847886758 average: 9.132948575836469
[mem] after-turb: DEVICE_POOL current=19126 MB  actual(reserved)=38146 MB  highWater=24414 MB
ExecutionTime = 70.31999999999999 s  ClockTime = 71 s

Time = 1034
[mem] step-start: DEVICE_POOL current=19126 MB  actual(reserved)=38146 MB  highWater=24414 MB
Schwarz(Jacobi)+Bicgstab:  Solving for Ux, Initial residual = 7.938981299856063e-05, Final residual = 4.040589663029985e-06, No Iterations 3, Solve time = 45.558 ms
Schwarz(Jacobi)+Bicgstab:  Solving for Uy, Initial residual = 0.004249125768541921, Final residual = 0.0001354538474663034, No Iterations 3, Solve time = 45.558 ms
Schwarz(Jacobi)+Bicgstab:  Solving for Uz, Initial residual = 0.0010964367945259653, Final residual = 4.042906063643806e-05, No Iterations 3, Solve time = 45.558 ms
[mem] after-UEqn: DEVICE_POOL current=19126 MB  actual(reserved)=38146 MB  highWater=24414 MB
[GinkgoSolver] p-cache: reuse(update_matrix_value) solve=34 rebuildInterval=0
config(Cg+Multigrid):  Solving for p, Initial residual = 0.0012915358340310915, Final residual = 1.2781101374737769e-05, No Iterations 18, Solve time = 209.432 ms
time step continuity errors : sum local = 3.195095435128938e-06, global = 3.5337804290095553e-09, cumulative = -1.1076638082824088e-07
[mem] after-pEqn: DEVICE_POOL current=19126 MB  actual(reserved)=38146 MB  highWater=24414 MB
[GinkgoSolver] p-cache: reuse(update_matrix_value) solve=34 rebuildInterval=0
Schwarz(Jacobi)+Bicgstab:  Solving for omega, Initial residual = 1.2846535490438533e-05, Final residual = 8.531919714637533e-07, No Iterations 2, Solve time = 13.636 ms
bounding omega, min: -227969.55359510455 max: 45355982.70355469 average: 6370.553859458006
[GinkgoSolver] p-cache: reuse(update_matrix_value) solve=34 rebuildInterval=0
Schwarz(Jacobi)+Bicgstab:  Solving for k, Initial residual = 0.00024467803085285387, Final residual = 1.0928241851690357e-05, No Iterations 2, Solve time = 13.565 ms
bounding k, min: -6.655638408896482e-06 max: 872.9814490971393 average: 9.13240584978239
[mem] after-turb: DEVICE_POOL current=19126 MB  actual(reserved)=38146 MB  highWater=24414 MB
ExecutionTime = 71.14 s  ClockTime = 72 s

Time = 1035
[mem] step-start: DEVICE_POOL current=19126 MB  actual(reserved)=38146 MB  highWater=24414 MB
Schwarz(Jacobi)+Bicgstab:  Solving for Ux, Initial residual = 7.948862746440974e-05, Final residual = 4.150318571537287e-06, No Iterations 3, Solve time = 45.722 ms
Schwarz(Jacobi)+Bicgstab:  Solving for Uy, Initial residual = 0.004261817057335663, Final residual = 0.00013581011987498292, No Iterations 3, Solve time = 45.722 ms
Schwarz(Jacobi)+Bicgstab:  Solving for Uz, Initial residual = 0.0010968914240337723, Final residual = 3.501530255531707e-05, No Iterations 3, Solve time = 45.722 ms
[mem] after-UEqn: DEVICE_POOL current=19126 MB  actual(reserved)=38146 MB  highWater=24414 MB
[GinkgoSolver] p-cache: reuse(update_matrix_value) solve=35 rebuildInterval=0
config(Cg+Multigrid):  Solving for p, Initial residual = 0.0012915701575123258, Final residual = 1.2477046640636146e-05, No Iterations 18, Solve time = 206.251 ms
time step continuity errors : sum local = 3.119213428823442e-06, global = 8.794856259246344e-09, cumulative = -1.0197152456899453e-07
[mem] after-pEqn: DEVICE_POOL current=19126 MB  actual(reserved)=38146 MB  highWater=24414 MB
[GinkgoSolver] p-cache: reuse(update_matrix_value) solve=35 rebuildInterval=0
Schwarz(Jacobi)+Bicgstab:  Solving for omega, Initial residual = 1.2859917225539892e-05, Final residual = 8.561451323618828e-07, No Iterations 2, Solve time = 13.641 ms
bounding omega, min: -48802.42764522963 max: 45355982.70535512 average: 6370.638824745115
[GinkgoSolver] p-cache: reuse(update_matrix_value) solve=35 rebuildInterval=0
Schwarz(Jacobi)+Bicgstab:  Solving for k, Initial residual = 0.00024523151482195953, Final residual = 1.0284661964542555e-05, No Iterations 2, Solve time = 13.596 ms
bounding k, min: -0.002734923155902118 max: 872.7641266501679 average: 9.131879357972917
[mem] after-turb: DEVICE_POOL current=19126 MB  actual(reserved)=38146 MB  highWater=24414 MB
ExecutionTime = 71.97 s  ClockTime = 73 s

Time = 1036
[mem] step-start: DEVICE_POOL current=19126 MB  actual(reserved)=38146 MB  highWater=24414 MB
Schwarz(Jacobi)+Bicgstab:  Solving for Ux, Initial residual = 7.962539445161235e-05, Final residual = 4.484912721832109e-06, No Iterations 2, Solve time = 35.805 ms
Schwarz(Jacobi)+Bicgstab:  Solving for Uy, Initial residual = 0.004269329737823825, Final residual = 0.00029305337572572233, No Iterations 2, Solve time = 35.805 ms
Schwarz(Jacobi)+Bicgstab:  Solving for Uz, Initial residual = 0.0010982801536598306, Final residual = 7.39767047227396e-05, No Iterations 2, Solve time = 35.805 ms
[mem] after-UEqn: DEVICE_POOL current=19126 MB  actual(reserved)=38146 MB  highWater=24414 MB
[GinkgoSolver] p-cache: reuse(update_matrix_value) solve=36 rebuildInterval=0
config(Cg+Multigrid):  Solving for p, Initial residual = 0.0012960588116954802, Final residual = 1.223050016840367e-05, No Iterations 18, Solve time = 206.025 ms
time step continuity errors : sum local = 3.0583454730147427e-06, global = 1.3859163122349763e-08, cumulative = -8.811236144664476e-08
[mem] after-pEqn: DEVICE_POOL current=19126 MB  actual(reserved)=38146 MB  highWater=24414 MB
[GinkgoSolver] p-cache: reuse(update_matrix_value) solve=36 rebuildInterval=0
Schwarz(Jacobi)+Bicgstab:  Solving for omega, Initial residual = 1.2902756482801866e-05, Final residual = 8.65582595845859e-07, No Iterations 2, Solve time = 13.617 ms
bounding omega, min: -48323.62812716874 max: 45355982.70235776 average: 6370.698300545036
[GinkgoSolver] p-cache: reuse(update_matrix_value) solve=36 rebuildInterval=0
Schwarz(Jacobi)+Bicgstab:  Solving for k, Initial residual = 0.00024595768537031984, Final residual = 1.0391744247773865e-05, No Iterations 2, Solve time = 13.529 ms
bounding k, min: -0.044820442474801436 max: 872.5786585200021 average: 9.131447002923506
[mem] after-turb: DEVICE_POOL current=19126 MB  actual(reserved)=38146 MB  highWater=24414 MB
ExecutionTime = 72.78 s  ClockTime = 73 s

Time = 1037
[mem] step-start: DEVICE_POOL current=19126 MB  actual(reserved)=38146 MB  highWater=24414 MB
Schwarz(Jacobi)+Bicgstab:  Solving for Ux, Initial residual = 7.98886485009427e-05, Final residual = 5.35008896831349e-06, No Iterations 2, Solve time = 35.858 ms
Schwarz(Jacobi)+Bicgstab:  Solving for Uy, Initial residual = 0.004262714200503594, Final residual = 0.000761784269498925, No Iterations 2, Solve time = 35.858 ms
Schwarz(Jacobi)+Bicgstab:  Solving for Uz, Initial residual = 0.001104559702892201, Final residual = 7.223871707928913e-05, No Iterations 2, Solve time = 35.858 ms
[mem] after-UEqn: DEVICE_POOL current=19126 MB  actual(reserved)=38146 MB  highWater=24414 MB
[GinkgoSolver] p-cache: reuse(update_matrix_value) solve=37 rebuildInterval=0
config(Cg+Multigrid):  Solving for p, Initial residual = 0.001296552247105275, Final residual = 1.1917647691886447e-05, No Iterations 18, Solve time = 205.44 ms
time step continuity errors : sum local = 2.981328454043051e-06, global = 1.9877769396914153e-08, cumulative = -6.82345920497306e-08
[mem] after-pEqn: DEVICE_POOL current=19126 MB  actual(reserved)=38146 MB  highWater=24414 MB
[GinkgoSolver] p-cache: reuse(update_matrix_value) solve=37 rebuildInterval=0
Schwarz(Jacobi)+Bicgstab:  Solving for omega, Initial residual = 1.2947446219945822e-05, Final residual = 8.815321559941535e-07, No Iterations 2, Solve time = 13.63 ms
bounding omega, min: -47191.32905753639 max: 45355982.69482828 average: 6370.880930658251
[GinkgoSolver] p-cache: reuse(update_matrix_value) solve=37 rebuildInterval=0
Schwarz(Jacobi)+Bicgstab:  Solving for k, Initial residual = 0.00024643683102400373, Final residual = 8.166838945494209e-06, No Iterations 3, Solve time = 16.807 ms
bounding k, min: -5.110145211278776e-05 max: 872.4283861399256 average: 9.131283666854104
[mem] after-turb: DEVICE_POOL current=19126 MB  actual(reserved)=38146 MB  highWater=24414 MB
ExecutionTime = 73.61 s  ClockTime = 74 s

Time = 1038
[mem] step-start: DEVICE_POOL current=19126 MB  actual(reserved)=38146 MB  highWater=24414 MB
Schwarz(Jacobi)+Bicgstab:  Solving for Ux, Initial residual = 8.00036128175257e-05, Final residual = 3.987131022441485e-06, No Iterations 3, Solve time = 45.483 ms
Schwarz(Jacobi)+Bicgstab:  Solving for Uy, Initial residual = 0.00432053839744357, Final residual = 0.00013646753774914505, No Iterations 3, Solve time = 45.483 ms
Schwarz(Jacobi)+Bicgstab:  Solving for Uz, Initial residual = 0.001105996406975424, Final residual = 4.508701402682402e-05, No Iterations 3, Solve time = 45.483 ms
[mem] after-UEqn: DEVICE_POOL current=19126 MB  actual(reserved)=38146 MB  highWater=24414 MB
[GinkgoSolver] p-cache: reuse(update_matrix_value) solve=38 rebuildInterval=0
config(Cg+Multigrid):  Solving for p, Initial residual = 0.0012985492109346623, Final residual = 1.177684338758663e-05, No Iterations 18, Solve time = 205.57 ms
time step continuity errors : sum local = 2.947775462471693e-06, global = 2.7213886001041157e-08, cumulative = -4.102070604868945e-08
[mem] after-pEqn: DEVICE_POOL current=19126 MB  actual(reserved)=38146 MB  highWater=24414 MB
[GinkgoSolver] p-cache: reuse(update_matrix_value) solve=38 rebuildInterval=0
Schwarz(Jacobi)+Bicgstab:  Solving for omega, Initial residual = 1.3000427377597837e-05, Final residual = 8.876124222289823e-07, No Iterations 2, Solve time = 13.641 ms
bounding omega, min: -331423.0738478419 max: 45355982.68418454 average: 6370.950001248783
[GinkgoSolver] p-cache: reuse(update_matrix_value) solve=38 rebuildInterval=0
Schwarz(Jacobi)+Bicgstab:  Solving for k, Initial residual = 0.00024577851100193764, Final residual = 1.0630889996749944e-05, No Iterations 2, Solve time = 13.602 ms
bounding k, min: -3.0318070167385886e-05 max: 872.2889392358576 average: 9.130978458615376
[mem] after-turb: DEVICE_POOL current=19126 MB  actual(reserved)=38146 MB  highWater=24414 MB
ExecutionTime = 74.43000000000001 s  ClockTime = 75 s

Time = 1039
[mem] step-start: DEVICE_POOL current=19126 MB  actual(reserved)=38146 MB  highWater=24414 MB
Schwarz(Jacobi)+Bicgstab:  Solving for Ux, Initial residual = 8.008929325529724e-05, Final residual = 1.8464056681318951e-06, No Iterations 4, Solve time = 55.547 ms
Schwarz(Jacobi)+Bicgstab:  Solving for Uy, Initial residual = 0.004330867914064027, Final residual = 0.0002899413499436903, No Iterations 4, Solve time = 55.547 ms
Schwarz(Jacobi)+Bicgstab:  Solving for Uz, Initial residual = 0.0011061818264812102, Final residual = 3.578689635635361e-05, No Iterations 4, Solve time = 55.547 ms
[mem] after-UEqn: DEVICE_POOL current=19126 MB  actual(reserved)=38146 MB  highWater=24414 MB
[GinkgoSolver] p-cache: reuse(update_matrix_value) solve=39 rebuildInterval=0
config(Cg+Multigrid):  Solving for p, Initial residual = 0.001293167022256024, Final residual = 1.218121376726189e-05, No Iterations 18, Solve time = 207.445 ms
time step continuity errors : sum local = 3.05092473943567e-06, global = 3.317321631838598e-08, cumulative = -7.847489730303474e-09
[mem] after-pEqn: DEVICE_POOL current=19126 MB  actual(reserved)=38146 MB  highWater=24414 MB
[GinkgoSolver] p-cache: reuse(update_matrix_value) solve=39 rebuildInterval=0
Schwarz(Jacobi)+Bicgstab:  Solving for omega, Initial residual = 1.300438292034184e-05, Final residual = 8.878431167939727e-07, No Iterations 2, Solve time = 13.629 ms
bounding omega, min: -45862.96192117866 max: 45355982.66994765 average: 6371.047469924302
[GinkgoSolver] p-cache: reuse(update_matrix_value) solve=39 rebuildInterval=0
Schwarz(Jacobi)+Bicgstab:  Solving for k, Initial residual = 0.0002462086167225424, Final residual = 9.448558396603596e-06, No Iterations 2, Solve time = 13.604 ms
bounding k, min: -0.0045354205344656645 max: 872.1540418813386 average: 9.13070163826113
[mem] after-turb: DEVICE_POOL current=19126 MB  actual(reserved)=38146 MB  highWater=24414 MB
ExecutionTime = 75.26000000000001 s  ClockTime = 76 s

Time = 1040
[mem] step-start: DEVICE_POOL current=19126 MB  actual(reserved)=38146 MB  highWater=24414 MB
Schwarz(Jacobi)+Bicgstab:  Solving for Ux, Initial residual = 8.00764073223505e-05, Final residual = 1.0839121566733977e-06, No Iterations 4, Solve time = 55.522 ms
Schwarz(Jacobi)+Bicgstab:  Solving for Uy, Initial residual = 0.004348200232768967, Final residual = 0.0001647595758537156, No Iterations 4, Solve time = 55.522 ms
Schwarz(Jacobi)+Bicgstab:  Solving for Uz, Initial residual = 0.0011066725534620043, Final residual = 2.8048718371274457e-05, No Iterations 4, Solve time = 55.522 ms
[mem] after-UEqn: DEVICE_POOL current=19126 MB  actual(reserved)=38146 MB  highWater=24414 MB
[GinkgoSolver] p-cache: reuse(update_matrix_value) solve=40 rebuildInterval=0
config(Cg+Multigrid):  Solving for p, Initial residual = 0.0012869398610774491, Final residual = 1.1736526004566337e-05, No Iterations 19, Solve time = 215.708 ms
time step continuity errors : sum local = 2.941928227794103e-06, global = 3.376818130947249e-08, cumulative = 2.5920691579169017e-08
[mem] after-pEqn: DEVICE_POOL current=19126 MB  actual(reserved)=38146 MB  highWater=24414 MB
[GinkgoSolver] p-cache: reuse(update_matrix_value) solve=40 rebuildInterval=0
Schwarz(Jacobi)+Bicgstab:  Solving for omega, Initial residual = 1.2954412990918619e-05, Final residual = 8.85182714701761e-07, No Iterations 2, Solve time = 13.649 ms
bounding omega, min: -45077.734991181664 max: 45355982.65390762 average: 6371.0612059544155
[GinkgoSolver] p-cache: reuse(update_matrix_value) solve=40 rebuildInterval=0
Schwarz(Jacobi)+Bicgstab:  Solving for k, Initial residual = 0.0002465979298889464, Final residual = 7.113965106691019e-06, No Iterations 3, Solve time = 16.841 ms
[mem] after-turb: DEVICE_POOL current=19126 MB  actual(reserved)=38146 MB  highWater=24414 MB
ExecutionTime = 76.11 s  ClockTime = 77 s

Time = 1041
[mem] step-start: DEVICE_POOL current=19126 MB  actual(reserved)=38146 MB  highWater=24414 MB
Schwarz(Jacobi)+Bicgstab:  Solving for Ux, Initial residual = 8.004292103061753e-05, Final residual = 1.3693009415046141e-05, No Iterations 3, Solve time = 45.608 ms
Schwarz(Jacobi)+Bicgstab:  Solving for Uy, Initial residual = 0.004356793703793449, Final residual = 0.00014131814758329772, No Iterations 3, Solve time = 45.608 ms
Schwarz(Jacobi)+Bicgstab:  Solving for Uz, Initial residual = 0.0011074413588901266, Final residual = 3.641160634994255e-05, No Iterations 3, Solve time = 45.608 ms
[mem] after-UEqn: DEVICE_POOL current=19126 MB  actual(reserved)=38146 MB  highWater=24414 MB
[GinkgoSolver] p-cache: reuse(update_matrix_value) solve=41 rebuildInterval=0
config(Cg+Multigrid):  Solving for p, Initial residual = 0.0013324845148551096, Final residual = 1.3290629196629875e-05, No Iterations 18, Solve time = 207.079 ms
time step continuity errors : sum local = 3.3351790709365452e-06, global = 3.014646418379129e-08, cumulative = 5.606715576296031e-08
[mem] after-pEqn: DEVICE_POOL current=19126 MB  actual(reserved)=38146 MB  highWater=24414 MB
[GinkgoSolver] p-cache: reuse(update_matrix_value) solve=41 rebuildInterval=0
Schwarz(Jacobi)+Bicgstab:  Solving for omega, Initial residual = 1.3129269038568624e-05, Final residual = 9.216124036263707e-07, No Iterations 2, Solve time = 13.547 ms
bounding omega, min: -44618.684091797724 max: 45355982.63918794 average: 6371.184491533006
[GinkgoSolver] p-cache: reuse(update_matrix_value) solve=41 rebuildInterval=0
Schwarz(Jacobi)+Bicgstab:  Solving for k, Initial residual = 0.0002470798699340113, Final residual = 2.2107636718514586e-05, No Iterations 2, Solve time = 13.544 ms
bounding k, min: -0.003901881370734238 max: 871.9160434502735 average: 9.130415959010596
[mem] after-turb: DEVICE_POOL current=19126 MB  actual(reserved)=38146 MB  highWater=24414 MB
ExecutionTime = 76.94 s  ClockTime = 78 s

Time = 1042
[mem] step-start: DEVICE_POOL current=19126 MB  actual(reserved)=38146 MB  highWater=24414 MB
Schwarz(Jacobi)+Bicgstab:  Solving for Ux, Initial residual = 8.108136974045655e-05, Final residual = 8.778856216460392e-06, No Iterations 2, Solve time = 35.802 ms
Schwarz(Jacobi)+Bicgstab:  Solving for Uy, Initial residual = 0.004361955813825967, Final residual = 0.00021511891940035596, No Iterations 2, Solve time = 35.802 ms
Schwarz(Jacobi)+Bicgstab:  Solving for Uz, Initial residual = 0.0011096344080908846, Final residual = 7.559081976465277e-05, No Iterations 2, Solve time = 35.802 ms
[mem] after-UEqn: DEVICE_POOL current=19126 MB  actual(reserved)=38146 MB  highWater=24414 MB
[GinkgoSolver] p-cache: reuse(update_matrix_value) solve=42 rebuildInterval=0
config(Cg+Multigrid):  Solving for p, Initial residual = 0.0013284320873877234, Final residual = 1.3071996076081553e-05, No Iterations 19, Solve time = 219.75 ms
time step continuity errors : sum local = 3.283376548729856e-06, global = 1.927798617287221e-08, cumulative = 7.534514193583252e-08
[mem] after-pEqn: DEVICE_POOL current=19126 MB  actual(reserved)=38146 MB  highWater=24414 MB
[GinkgoSolver] p-cache: reuse(update_matrix_value) solve=42 rebuildInterval=0
Schwarz(Jacobi)+Bicgstab:  Solving for omega, Initial residual = 1.328110150040105e-05, Final residual = 9.386533462777655e-07, No Iterations 2, Solve time = 13.691 ms
bounding omega, min: -248249.072743926 max: 45355982.62511402 average: 6371.320014587505
[GinkgoSolver] p-cache: reuse(update_matrix_value) solve=42 rebuildInterval=0
Schwarz(Jacobi)+Bicgstab:  Solving for k, Initial residual = 0.00024887905476519073, Final residual = 1.6672369903713443e-05, No Iterations 2, Solve time = 13.586 ms
bounding k, min: -0.0008670314687072821 max: 871.7621196484624 average: 9.130708696313238
[mem] after-turb: DEVICE_POOL current=19126 MB  actual(reserved)=38146 MB  highWater=24414 MB
ExecutionTime = 77.76000000000001 s  ClockTime = 79 s

Time = 1043
[mem] step-start: DEVICE_POOL current=19126 MB  actual(reserved)=38146 MB  highWater=24414 MB
Schwarz(Jacobi)+Bicgstab:  Solving for Ux, Initial residual = 8.136390310205078e-05, Final residual = 2.9753247214973594e-06, No Iterations 3, Solve time = 45.776 ms
Schwarz(Jacobi)+Bicgstab:  Solving for Uy, Initial residual = 0.0043665222112305845, Final residual = 0.0001478528321146102, No Iterations 3, Solve time = 45.776 ms
Schwarz(Jacobi)+Bicgstab:  Solving for Uz, Initial residual = 0.0011151939971377008, Final residual = 6.038221253297031e-05, No Iterations 3, Solve time = 45.776 ms
[mem] after-UEqn: DEVICE_POOL current=19126 MB  actual(reserved)=38146 MB  highWater=24414 MB
[GinkgoSolver] p-cache: reuse(update_matrix_value) solve=43 rebuildInterval=0
config(Cg+Multigrid):  Solving for p, Initial residual = 0.0013064249921294238, Final residual = 1.2088452749009532e-05, No Iterations 21, Solve time = 233.963 ms
time step continuity errors : sum local = 3.0386685731572356e-06, global = 7.047116539000078e-09, cumulative = 8.23922584748326e-08
[mem] after-pEqn: DEVICE_POOL current=19126 MB  actual(reserved)=38146 MB  highWater=24414 MB
[GinkgoSolver] p-cache: reuse(update_matrix_value) solve=43 rebuildInterval=0
Schwarz(Jacobi)+Bicgstab:  Solving for omega, Initial residual = 1.3208196425361177e-05, Final residual = 9.353247296516351e-07, No Iterations 2, Solve time = 13.605 ms
bounding omega, min: -45642.397151000754 max: 45355982.612798944 average: 6371.4277292716
[GinkgoSolver] p-cache: reuse(update_matrix_value) solve=43 rebuildInterval=0
Schwarz(Jacobi)+Bicgstab:  Solving for k, Initial residual = 0.00024964486550895437, Final residual = 1.4694282065041902e-05, No Iterations 2, Solve time = 13.533 ms
bounding k, min: -0.0005227092597794511 max: 871.5983665965352 average: 9.130834656851672
[mem] after-turb: DEVICE_POOL current=19126 MB  actual(reserved)=38146 MB  highWater=24414 MB
ExecutionTime = 78.61 s  ClockTime = 79 s

Time = 1044
[mem] step-start: DEVICE_POOL current=19126 MB  actual(reserved)=38146 MB  highWater=24414 MB
Schwarz(Jacobi)+Bicgstab:  Solving for Ux, Initial residual = 8.118676599734783e-05, Final residual = 4.6679317968810764e-06, No Iterations 2, Solve time = 35.731 ms
Schwarz(Jacobi)+Bicgstab:  Solving for Uy, Initial residual = 0.004372227835185655, Final residual = 0.0006053448892986837, No Iterations 2, Solve time = 35.731 ms
Schwarz(Jacobi)+Bicgstab:  Solving for Uz, Initial residual = 0.0011187060415552368, Final residual = 7.777065649112245e-05, No Iterations 2, Solve time = 35.731 ms
[mem] after-UEqn: DEVICE_POOL current=19126 MB  actual(reserved)=38146 MB  highWater=24414 MB
[GinkgoSolver] p-cache: reuse(update_matrix_value) solve=44 rebuildInterval=0
config(Cg+Multigrid):  Solving for p, Initial residual = 0.0013228485613829572, Final residual = 1.2631466970449262e-05, No Iterations 21, Solve time = 236.367 ms
time step continuity errors : sum local = 3.176755281072334e-06, global = -2.413568437860628e-09, cumulative = 7.997869003697197e-08
[mem] after-pEqn: DEVICE_POOL current=19126 MB  actual(reserved)=38146 MB  highWater=24414 MB
[GinkgoSolver] p-cache: reuse(update_matrix_value) solve=44 rebuildInterval=0
Schwarz(Jacobi)+Bicgstab:  Solving for omega, Initial residual = 1.3210739665778034e-05, Final residual = 9.332167296319195e-07, No Iterations 2, Solve time = 13.621 ms
bounding omega, min: -45922.449267781754 max: 45355982.60325675 average: 6371.374853847233
[GinkgoSolver] p-cache: reuse(update_matrix_value) solve=44 rebuildInterval=0
Schwarz(Jacobi)+Bicgstab:  Solving for k, Initial residual = 0.00025054960976097086, Final residual = 1.4444053708695497e-05, No Iterations 2, Solve time = 13.538 ms
bounding k, min: -0.0014175755798925133 max: 871.5478348117869 average: 9.130927207111078
[mem] after-turb: DEVICE_POOL current=19126 MB  actual(reserved)=38146 MB  highWater=24414 MB
ExecutionTime = 79.47 s  ClockTime = 80 s

Time = 1045
[mem] step-start: DEVICE_POOL current=19126 MB  actual(reserved)=38146 MB  highWater=24414 MB
Schwarz(Jacobi)+Bicgstab:  Solving for Ux, Initial residual = 8.137991838246045e-05, Final residual = 4.4893942675344255e-06, No Iterations 2, Solve time = 35.876 ms
Schwarz(Jacobi)+Bicgstab:  Solving for Uy, Initial residual = 0.00435713299250638, Final residual = 0.0008052408708533665, No Iterations 2, Solve time = 35.876 ms
Schwarz(Jacobi)+Bicgstab:  Solving for Uz, Initial residual = 0.0011265439306909887, Final residual = 7.888024182370397e-05, No Iterations 2, Solve time = 35.876 ms
[mem] after-UEqn: DEVICE_POOL current=19126 MB  actual(reserved)=38146 MB  highWater=24414 MB
[GinkgoSolver] p-cache: reuse(update_matrix_value) solve=45 rebuildInterval=0
config(Cg+Multigrid):  Solving for p, Initial residual = 0.0013145341924214805, Final residual = 1.2801379040391313e-05, No Iterations 21, Solve time = 234.591 ms
time step continuity errors : sum local = 3.218972521600381e-06, global = -9.280399914463777e-09, cumulative = 7.06982901225082e-08
[mem] after-pEqn: DEVICE_POOL current=19126 MB  actual(reserved)=38146 MB  highWater=24414 MB
[GinkgoSolver] p-cache: reuse(update_matrix_value) solve=45 rebuildInterval=0
Schwarz(Jacobi)+Bicgstab:  Solving for omega, Initial residual = 1.3217314328723905e-05, Final residual = 9.332464938905179e-07, No Iterations 2, Solve time = 13.624 ms
bounding omega, min: -46363.63421606932 max: 45355982.597260274 average: 6371.345481076119
[GinkgoSolver] p-cache: reuse(update_matrix_value) solve=45 rebuildInterval=0
Schwarz(Jacobi)+Bicgstab:  Solving for k, Initial residual = 0.00025079978148808606, Final residual = 1.4278478331770088e-05, No Iterations 2, Solve time = 13.617 ms
bounding k, min: -0.0011445973261698036 max: 871.4596966929355 average: 9.13128687746638
[mem] after-turb: DEVICE_POOL current=19126 MB  actual(reserved)=38146 MB  highWater=24414 MB
ExecutionTime = 80.31 s  ClockTime = 81 s

Time = 1046
[mem] step-start: DEVICE_POOL current=19126 MB  actual(reserved)=38146 MB  highWater=24414 MB
Schwarz(Jacobi)+Bicgstab:  Solving for Ux, Initial residual = 8.122308903737749e-05, Final residual = 1.3953035784833001e-05, No Iterations 3, Solve time = 45.602 ms
Schwarz(Jacobi)+Bicgstab:  Solving for Uy, Initial residual = 0.004412270695883452, Final residual = 0.00014683762857810488, No Iterations 3, Solve time = 45.602 ms
Schwarz(Jacobi)+Bicgstab:  Solving for Uz, Initial residual = 0.0011277727476036268, Final residual = 5.7798518064202016e-05, No Iterations 3, Solve time = 45.602 ms
[mem] after-UEqn: DEVICE_POOL current=19126 MB  actual(reserved)=38146 MB  highWater=24414 MB
[GinkgoSolver] p-cache: reuse(update_matrix_value) solve=46 rebuildInterval=0
config(Cg+Multigrid):  Solving for p, Initial residual = 0.0013591730307464032, Final residual = 1.343792040897491e-05, No Iterations 20, Solve time = 227.594 ms
time step continuity errors : sum local = 3.3769857735295057e-06, global = -1.6841076261714516e-08, cumulative = 5.385721386079368e-08
[mem] after-pEqn: DEVICE_POOL current=19126 MB  actual(reserved)=38146 MB  highWater=24414 MB
[GinkgoSolver] p-cache: reuse(update_matrix_value) solve=46 rebuildInterval=0
Schwarz(Jacobi)+Bicgstab:  Solving for omega, Initial residual = 1.332160104081021e-05, Final residual = 9.517185857038773e-07, No Iterations 2, Solve time = 13.599 ms
bounding omega, min: -184990.9547964782 max: 45355982.595058896 average: 6371.42241977437
[GinkgoSolver] p-cache: reuse(update_matrix_value) solve=46 rebuildInterval=0
Schwarz(Jacobi)+Bicgstab:  Solving for k, Initial residual = 0.00025211278635882807, Final residual = 1.4458878160786514e-05, No Iterations 2, Solve time = 13.593 ms
bounding k, min: -0.001977403375272538 max: 871.3081559104246 average: 9.132112950875705
[mem] after-turb: DEVICE_POOL current=19126 MB  actual(reserved)=38146 MB  highWater=24414 MB
ExecutionTime = 81.16 s  ClockTime = 82 s

Time = 1047
[mem] step-start: DEVICE_POOL current=19126 MB  actual(reserved)=38146 MB  highWater=24414 MB
Schwarz(Jacobi)+Bicgstab:  Solving for Ux, Initial residual = 8.206811091721956e-05, Final residual = 2.5358528313050304e-06, No Iterations 3, Solve time = 45.46 ms
Schwarz(Jacobi)+Bicgstab:  Solving for Uy, Initial residual = 0.004437207533863265, Final residual = 0.00014312944438847326, No Iterations 3, Solve time = 45.46 ms
Schwarz(Jacobi)+Bicgstab:  Solving for Uz, Initial residual = 0.0011291808896077649, Final residual = 3.742046929622955e-05, No Iterations 3, Solve time = 45.46 ms
[mem] after-UEqn: DEVICE_POOL current=19126 MB  actual(reserved)=38146 MB  highWater=24414 MB
[GinkgoSolver] p-cache: reuse(update_matrix_value) solve=47 rebuildInterval=0
config(Cg+Multigrid):  Solving for p, Initial residual = 0.0013276689180484731, Final residual = 1.2641452497052499e-05, No Iterations 21, Solve time = 235.398 ms
time step continuity errors : sum local = 3.1731846767555016e-06, global = -2.1817584021311425e-08, cumulative = 3.2039629839482256e-08
[mem] after-pEqn: DEVICE_POOL current=19126 MB  actual(reserved)=38146 MB  highWater=24414 MB
[GinkgoSolver] p-cache: reuse(update_matrix_value) solve=47 rebuildInterval=0
Schwarz(Jacobi)+Bicgstab:  Solving for omega, Initial residual = 1.329935423792459e-05, Final residual = 9.392387063909247e-07, No Iterations 2, Solve time = 13.634 ms
bounding omega, min: -47095.54988957181 max: 45355982.595590554 average: 6371.495711880786
[GinkgoSolver] p-cache: reuse(update_matrix_value) solve=47 rebuildInterval=0
Schwarz(Jacobi)+Bicgstab:  Solving for k, Initial residual = 0.00025212901464700076, Final residual = 1.4385074180058098e-05, No Iterations 2, Solve time = 13.593 ms
bounding k, min: -0.0024822872182979835 max: 870.9985598450071 average: 9.132559640754202
[mem] after-turb: DEVICE_POOL current=19126 MB  actual(reserved)=38146 MB  highWater=24414 MB
ExecutionTime = 82.01000000000001 s  ClockTime = 83 s

Time = 1048
[mem] step-start: DEVICE_POOL current=19126 MB  actual(reserved)=38146 MB  highWater=24414 MB
Schwarz(Jacobi)+Bicgstab:  Solving for Ux, Initial residual = 8.16261211723216e-05, Final residual = 3.1627019833647725e-06, No Iterations 3, Solve time = 45.785 ms
Schwarz(Jacobi)+Bicgstab:  Solving for Uy, Initial residual = 0.00445460094472385, Final residual = 0.00014372683671964545, No Iterations 3, Solve time = 45.785 ms
Schwarz(Jacobi)+Bicgstab:  Solving for Uz, Initial residual = 0.0011290898186083484, Final residual = 3.9355112119510425e-05, No Iterations 3, Solve time = 45.785 ms
[mem] after-UEqn: DEVICE_POOL current=19126 MB  actual(reserved)=38146 MB  highWater=24414 MB
[GinkgoSolver] p-cache: reuse(update_matrix_value) solve=48 rebuildInterval=0
config(Cg+Multigrid):  Solving for p, Initial residual = 0.001313405735614418, Final residual = 1.2612254396348761e-05, No Iterations 21, Solve time = 232.529 ms
time step continuity errors : sum local = 3.1609616112390328e-06, global = -2.480352383991801e-08, cumulative = 7.236105999564245e-09
[mem] after-pEqn: DEVICE_POOL current=19126 MB  actual(reserved)=38146 MB  highWater=24414 MB
[GinkgoSolver] p-cache: reuse(update_matrix_value) solve=48 rebuildInterval=0
Schwarz(Jacobi)+Bicgstab:  Solving for omega, Initial residual = 1.3288791464723264e-05, Final residual = 9.264472715557667e-07, No Iterations 2, Solve time = 13.66 ms
bounding omega, min: -47190.40932785302 max: 45355982.5982747 average: 6371.489092395487
[GinkgoSolver] p-cache: reuse(update_matrix_value) solve=48 rebuildInterval=0
Schwarz(Jacobi)+Bicgstab:  Solving for k, Initial residual = 0.00025243557237785764, Final residual = 1.4262296626559283e-05, No Iterations 2, Solve time = 13.551 ms
bounding k, min: -0.002266077300055791 max: 870.7280148288534 average: 9.132988121941054
[mem] after-turb: DEVICE_POOL current=19126 MB  actual(reserved)=38146 MB  highWater=24414 MB
ExecutionTime = 82.87 s  ClockTime = 84 s

Time = 1049
[mem] step-start: DEVICE_POOL current=19126 MB  actual(reserved)=38146 MB  highWater=24414 MB
Schwarz(Jacobi)+Bicgstab:  Solving for Ux, Initial residual = 8.149244568357883e-05, Final residual = 6.574052649495058e-06, No Iterations 3, Solve time = 45.568 ms
Schwarz(Jacobi)+Bicgstab:  Solving for Uy, Initial residual = 0.004464026866384559, Final residual = 0.00014684586923445294, No Iterations 3, Solve time = 45.568 ms
Schwarz(Jacobi)+Bicgstab:  Solving for Uz, Initial residual = 0.0011298902614184261, Final residual = 3.3661679340218006e-05, No Iterations 3, Solve time = 45.568 ms
[mem] after-UEqn: DEVICE_POOL current=19126 MB  actual(reserved)=38146 MB  highWater=24414 MB
[GinkgoSolver] p-cache: reuse(update_matrix_value) solve=49 rebuildInterval=0
config(Cg+Multigrid):  Solving for p, Initial residual = 0.001321340862467176, Final residual = 1.2369560522325328e-05, No Iterations 21, Solve time = 234.588 ms
time step continuity errors : sum local = 3.0951193951840666e-06, global = -2.541651905345069e-08, cumulative = -1.8180413053886447e-08
[mem] after-pEqn: DEVICE_POOL current=19126 MB  actual(reserved)=38146 MB  highWater=24414 MB
[GinkgoSolver] p-cache: reuse(update_matrix_value) solve=49 rebuildInterval=0
Schwarz(Jacobi)+Bicgstab:  Solving for omega, Initial residual = 1.3299945273981171e-05, Final residual = 9.298594283849019e-07, No Iterations 2, Solve time = 13.627 ms
bounding omega, min: -47393.6954977518 max: 45355982.60283821 average: 6371.521182619923
[GinkgoSolver] p-cache: reuse(update_matrix_value) solve=49 rebuildInterval=0
Schwarz(Jacobi)+Bicgstab:  Solving for k, Initial residual = 0.00025296246839105237, Final residual = 1.431351625012865e-05, No Iterations 2, Solve time = 13.588 ms
bounding k, min: -0.005356023541688196 max: 870.4444523956382 average: 9.133542232410736
[mem] after-turb: DEVICE_POOL current=19126 MB  actual(reserved)=38146 MB  highWater=24414 MB
ExecutionTime = 83.70999999999999 s  ClockTime = 85 s

Time = 1050
[mem] step-start: DEVICE_POOL current=19126 MB  actual(reserved)=38146 MB  highWater=24414 MB
Schwarz(Jacobi)+Bicgstab:  Solving for Ux, Initial residual = 8.174981737235156e-05, Final residual = 3.2968843922294518e-06, No Iterations 3, Solve time = 45.626 ms
Schwarz(Jacobi)+Bicgstab:  Solving for Uy, Initial residual = 0.004467775042950157, Final residual = 0.0001480841873905286, No Iterations 3, Solve time = 45.626 ms
Schwarz(Jacobi)+Bicgstab:  Solving for Uz, Initial residual = 0.001131083394565617, Final residual = 5.691095302391672e-05, No Iterations 3, Solve time = 45.626 ms
[mem] after-UEqn: DEVICE_POOL current=19126 MB  actual(reserved)=38146 MB  highWater=24414 MB
[GinkgoSolver] p-cache: reuse(update_matrix_value) solve=50 rebuildInterval=0
config(Cg+Multigrid):  Solving for p, Initial residual = 0.0013136438088173533, Final residual = 1.2885334243776489e-05, No Iterations 20, Solve time = 224.308 ms
time step continuity errors : sum local = 3.219265931050223e-06, global = -2.446924721750104e-08, cumulative = -4.264966027138749e-08
[mem] after-pEqn: DEVICE_POOL current=19126 MB  actual(reserved)=38146 MB  highWater=24414 MB
[GinkgoSolver] p-cache: reuse(update_matrix_value) solve=50 rebuildInterval=0
Schwarz(Jacobi)+Bicgstab:  Solving for omega, Initial residual = 1.3288976868772904e-05, Final residual = 9.231158509348245e-07, No Iterations 2, Solve time = 13.654 ms
bounding omega, min: -137883.80586468687 max: 45355982.609648734 average: 6371.540767509638
[GinkgoSolver] p-cache: reuse(update_matrix_value) solve=50 rebuildInterval=0
Schwarz(Jacobi)+Bicgstab:  Solving for k, Initial residual = 0.000253097014133333, Final residual = 1.4240448720009186e-05, No Iterations 2, Solve time = 13.645 ms
bounding k, min: -0.0026911313834549824 max: 870.1635295658515 average: 9.134024166618834
[mem] after-turb: DEVICE_POOL current=19126 MB  actual(reserved)=38146 MB  highWater=24414 MB
Writing p
Writing U
Writing turbulence variables
ExecutionTime = 85.73 s  ClockTime = 88 s

Finalizing NeoN
Finalising parallel run
