/*---------------------------------------------------------------------------*\
| =========                 |                                                 |
| \\      /  F ield         | OpenFOAM: The Open Source CFD Toolbox           |
|  \\    /   O peration     | Version:  2506                                  |
|   \\  /    A nd           | Website:  www.openfoam.com                      |
|    \\/     M anipulation  |                                                 |
\*---------------------------------------------------------------------------*/
Build  : b050cd9480-20250814 OPENFOAM=2506 version=v2506
Arch   : "LSB;label=32;scalar=64"
Exec   : /storage/home/greole/code/NeoFOAM/build/profilingnvidia_h200/bin/neoSimpleFoam -parallel
Date   : Jul 17 2026
Time   : 09:01:07
Host   : gpu-nvidia-h200-3.int.coma-cluster.de
PID    : 195940
I/O    : uncollated
Case   : /storage/home/greole/code/NeoFOAM/occDrivAerStaticMesh
nProcs : 4
Hosts  :
(
    (gpu-nvidia-h200-3.int.coma-cluster.de 4)
)
Pstream initialized with:
    node communication : off [type=host] (4 ranks, 1 nodes)
    topology controls  : none
    consensus exchange : 0 (tuning: 0)
    exchange algorithm : 0
    commsType          : nonBlocking
    polling iterations : 0
trapFpe: Floating point exception trapping enabled (FOAM_SIGFPE).
fileModificationChecking : Monitoring run-time modified files using timeStampMaster (fileModificationSkew 5, maxFileModificationPolls 20)
allowSystemOperations : Allowing user-supplied system call operations

// * * * * * * * * * * * * * * * * * * * * * * * * * * * * * * * * * * * * * //
Create time

Initializing NeoN
Creating Executor GPU
Creating NeoFOAM runTime
GPU-aware MPI: library-available=yes, NeoN-flag=on, executor=GPUExecutor, ranks=4 -> used=yes

SIMPLE: no convergence criteria found. Calculations will run for 50 steps.

Reading field p

Reading field U

Reading/calculating face flux field phi

Selecting incompressible transport model Newtonian
NeoFOAM solver config (from fvSolution configFile) for 'config(Cg+Multigrid)':
{
    cacheSolver: true
    configFile: <NeoN::TokenList>
    l1ScaledResidual: true
    preconditionerRebuildInterval: 0
    relTol: 0.010000
    reportName: config(Cg+Multigrid)
    solver: Ginkgo
    tolerance: 0.000000
}
    effective optimize: false
    effective checkFrequency: 1
Mapping OpenFOAM solver settings to NeoN settings.
Currently, it is advisable to specify a configFile
for fine grained Ginkgo solver control

Replacing solver PBiCGStab by solver::Bicgstab
Replacing preconditioner diagonal by preconditioner::Schwarz (Schwarz-wrapped for distributed run)
NeoFOAM solver config (mapped from fvSolution) for 'Schwarz(Jacobi)+Bicgstab':
{
    cacheSolver: true
    criteria: {
        absolute_residual_norm: 0.000000
        initial_residual_norm: 0.100000
        iteration: 1000
    }
    l1ScaledResidual: true
    optimize: true
    preconditioner: {
        local_solver: {
            max_block_size: 1
            type: preconditioner::Jacobi
        }
        type: preconditioner::Schwarz
    }
    reportName: Schwarz(Jacobi)+Bicgstab
    solver: Ginkgo
    type: solver::Bicgstab
}
    effective optimize: true
    effective checkFrequency: 1
Creating phi

[NF][/storage/home/greole/code/NeoFOAM/include/NeoFOAM/auxiliary/readers.hpp::434]: Internal: 49333487, Boundary: 1754396

[NF][/storage/home/greole/code/NeoFOAM/include/NeoFOAM/auxiliary/readers.hpp::434]: Internal: 49320882, Boundary: 1762558

[NF][/storage/home/greole/code/NeoFOAM/include/NeoFOAM/auxiliary/readers.hpp::434]: Internal: 49243125, Boundary: 1362247

[NF][/storage/home/greole/code/NeoFOAM/include/NeoFOAM/auxiliary/readers.hpp::434]: Internal: 49261542, Boundary: 1427829
Selecting patchDistMethod meshWave
Mapping OpenFOAM solver settings to NeoN settings.
Currently, it is advisable to specify a configFile
for fine grained Ginkgo solver control

Replacing solver PBiCGStab by solver::Bicgstab
Replacing preconditioner diagonal by preconditioner::Schwarz (Schwarz-wrapped for distributed run)
NeoFOAM solver config (mapped from fvSolution) for 'Schwarz(Jacobi)+Bicgstab':
{
    cacheSolver: true
    criteria: {
        absolute_residual_norm: 0.000000
        initial_residual_norm: 0.100000
        iteration: 1000
    }
    l1ScaledResidual: true
    optimize: true
    preconditioner: {
        local_solver: {
            max_block_size: 1
            type: preconditioner::Jacobi
        }
        type: preconditioner::Schwarz
    }
    reportName: Schwarz(Jacobi)+Bicgstab
    solver: Ginkgo
    type: solver::Bicgstab
}
    effective optimize: true
    effective checkFrequency: 1
Mapping OpenFOAM solver settings to NeoN settings.
Currently, it is advisable to specify a configFile
for fine grained Ginkgo solver control

Replacing solver PBiCGStab by solver::Bicgstab
Replacing preconditioner diagonal by preconditioner::Schwarz (Schwarz-wrapped for distributed run)
NeoFOAM solver config (mapped from fvSolution) for 'Schwarz(Jacobi)+Bicgstab':
{
    cacheSolver: true
    criteria: {
        absolute_residual_norm: 0.000000
        initial_residual_norm: 0.100000
        iteration: 1000
    }
    l1ScaledResidual: true
    optimize: true
    preconditioner: {
        local_solver: {
            max_block_size: 1
            type: preconditioner::Jacobi
        }
        type: preconditioner::Schwarz
    }
    reportName: Schwarz(Jacobi)+Bicgstab
    solver: Ginkgo
    type: solver::Bicgstab
}
    effective optimize: true
    effective checkFrequency: 1
[mem] setup.end: DEVICE_POOL current=12979 MB  actual(reserved)=38146 MB  highWater=19132 MB
Starting time loop
Time = 1001
[mem] step-start: DEVICE_POOL current=12979 MB  actual(reserved)=38146 MB  highWater=19132 MB
Schwarz(Jacobi)+Bicgstab:  Solving for Ux, Initial residual = 7.915662809815073e-05, Final residual = 3.117930454401474e-06, No Iterations 3, Solve time = 70.315 ms
Schwarz(Jacobi)+Bicgstab:  Solving for Uy, Initial residual = 0.004031496934770699, Final residual = 0.00014160853975440525, No Iterations 3, Solve time = 70.315 ms
Schwarz(Jacobi)+Bicgstab:  Solving for Uz, Initial residual = 0.0011224955775289299, Final residual = 4.8975426614137616e-05, No Iterations 3, Solve time = 70.315 ms
[mem] after-UEqn: DEVICE_POOL current=15473 MB  actual(reserved)=38146 MB  highWater=20761 MB
[GinkgoSolver] p-cache: rebuild(generate) solve=1 rebuildInterval=0
config(Cg+Multigrid):  Solving for p, Initial residual = 0.0013092181241289756, Final residual = 1.2576754285197374e-05, No Iterations 18, Solve time = 191.611 ms
time step continuity errors : sum local = 3.1760484968421336e-06, global = 1.4421799309063366e-08, cumulative = 1.4421799309063366e-08
[mem] after-pEqn: DEVICE_POOL current=16941 MB  actual(reserved)=38146 MB  highWater=20761 MB
[GinkgoSolver] p-cache: rebuild(generate) solve=1 rebuildInterval=0
Schwarz(Jacobi)+Bicgstab:  Solving for omega, Initial residual = 1.3008543375403578e-05, Final residual = 9.26943472532518e-07, No Iterations 2, Solve time = 15.898 ms
bounding omega, min: -36063.513243251415 max: 45355982.77769653 average: 6373.857863452357
[GinkgoSolver] p-cache: rebuild(generate) solve=1 rebuildInterval=0
Schwarz(Jacobi)+Bicgstab:  Solving for k, Initial residual = 0.00024224141437725972, Final residual = 9.448378252878817e-06, No Iterations 3, Solve time = 19.268 ms
bounding k, min: -2.4126157378582292e-05 max: 942.8720215186875 average: 9.152759149829892
[mem] after-turb: DEVICE_POOL current=19126 MB  actual(reserved)=38146 MB  highWater=21935 MB
ExecutionTime = 43.44 s  ClockTime = 43 s

Time = 1002
[mem] step-start: DEVICE_POOL current=19126 MB  actual(reserved)=38146 MB  highWater=21935 MB
Schwarz(Jacobi)+Bicgstab:  Solving for Ux, Initial residual = 7.87513372892028e-05, Final residual = 2.9919034729150683e-06, No Iterations 3, Solve time = 45.8 ms
Schwarz(Jacobi)+Bicgstab:  Solving for Uy, Initial residual = 0.0040335307692652665, Final residual = 0.00014047144637293493, No Iterations 3, Solve time = 45.8 ms
Schwarz(Jacobi)+Bicgstab:  Solving for Uz, Initial residual = 0.0011190905881326737, Final residual = 4.122602032328494e-05, No Iterations 3, Solve time = 45.8 ms
[mem] after-UEqn: DEVICE_POOL current=19126 MB  actual(reserved)=38146 MB  highWater=24414 MB
[GinkgoSolver] p-cache: reuse(update_matrix_value) solve=2 rebuildInterval=0
config(Cg+Multigrid):  Solving for p, Initial residual = 0.00127762853817164, Final residual = 1.2619424027732903e-05, No Iterations 18, Solve time = 206.827 ms
time step continuity errors : sum local = 3.1889235327374645e-06, global = 6.578612224952546e-09, cumulative = 2.100041153401591e-08
[mem] after-pEqn: DEVICE_POOL current=19126 MB  actual(reserved)=38146 MB  highWater=24414 MB
[GinkgoSolver] p-cache: reuse(update_matrix_value) solve=2 rebuildInterval=0
Schwarz(Jacobi)+Bicgstab:  Solving for omega, Initial residual = 1.3119659211070712e-05, Final residual = 8.756353728897189e-07, No Iterations 2, Solve time = 13.664 ms
bounding omega, min: -93501.47061463061 max: 45355982.85233279 average: 6373.577768602559
[GinkgoSolver] p-cache: reuse(update_matrix_value) solve=2 rebuildInterval=0
Schwarz(Jacobi)+Bicgstab:  Solving for k, Initial residual = 0.0002414917834722161, Final residual = 1.1410522059358282e-05, No Iterations 2, Solve time = 13.59 ms
bounding k, min: -0.0002982627160227774 max: 934.3814893337288 average: 9.152494497485867
[mem] after-turb: DEVICE_POOL current=19126 MB  actual(reserved)=38146 MB  highWater=24414 MB
ExecutionTime = 44.27 s  ClockTime = 44 s

Time = 1003
[mem] step-start: DEVICE_POOL current=19126 MB  actual(reserved)=38146 MB  highWater=24414 MB
Schwarz(Jacobi)+Bicgstab:  Solving for Ux, Initial residual = 7.858006831590302e-05, Final residual = 2.41115264978654e-06, No Iterations 3, Solve time = 45.721 ms
Schwarz(Jacobi)+Bicgstab:  Solving for Uy, Initial residual = 0.004029998908136023, Final residual = 0.00013657704038389537, No Iterations 3, Solve time = 45.721 ms
Schwarz(Jacobi)+Bicgstab:  Solving for Uz, Initial residual = 0.001117680402938519, Final residual = 3.9081965568599245e-05, No Iterations 3, Solve time = 45.721 ms
[mem] after-UEqn: DEVICE_POOL current=19126 MB  actual(reserved)=38146 MB  highWater=24414 MB
[GinkgoSolver] p-cache: reuse(update_matrix_value) solve=3 rebuildInterval=0
config(Cg+Multigrid):  Solving for p, Initial residual = 0.0012687289150174607, Final residual = 1.1567951251411123e-05, No Iterations 19, Solve time = 216.46 ms
time step continuity errors : sum local = 2.9233714237459404e-06, global = 8.830599256989133e-10, cumulative = 2.1883471459714823e-08
[mem] after-pEqn: DEVICE_POOL current=19126 MB  actual(reserved)=38146 MB  highWater=24414 MB
[GinkgoSolver] p-cache: reuse(update_matrix_value) solve=3 rebuildInterval=0
Schwarz(Jacobi)+Bicgstab:  Solving for omega, Initial residual = 1.2976417926994916e-05, Final residual = 8.495353576152239e-07, No Iterations 2, Solve time = 13.61 ms
bounding omega, min: -36253.89714345327 max: 45355982.94080118 average: 6373.4524934031615
[GinkgoSolver] p-cache: reuse(update_matrix_value) solve=3 rebuildInterval=0
Schwarz(Jacobi)+Bicgstab:  Solving for k, Initial residual = 0.0002412748710233985, Final residual = 1.31143045657954e-05, No Iterations 2, Solve time = 13.611 ms
bounding k, min: -0.0006910875397321062 max: 922.2119996930437 average: 9.152322848771966
[mem] after-turb: DEVICE_POOL current=19126 MB  actual(reserved)=38146 MB  highWater=24414 MB
ExecutionTime = 45.1 s  ClockTime = 45 s

Time = 1004
[mem] step-start: DEVICE_POOL current=19126 MB  actual(reserved)=38146 MB  highWater=24414 MB
Schwarz(Jacobi)+Bicgstab:  Solving for Ux, Initial residual = 7.847642679175009e-05, Final residual = 2.051028330302892e-06, No Iterations 3, Solve time = 45.836 ms
Schwarz(Jacobi)+Bicgstab:  Solving for Uy, Initial residual = 0.004024451996949944, Final residual = 0.0001330338652956376, No Iterations 3, Solve time = 45.836 ms
Schwarz(Jacobi)+Bicgstab:  Solving for Uz, Initial residual = 0.0011173425636610396, Final residual = 4.124144543405904e-05, No Iterations 3, Solve time = 45.836 ms
[mem] after-UEqn: DEVICE_POOL current=19126 MB  actual(reserved)=38146 MB  highWater=24414 MB
[GinkgoSolver] p-cache: reuse(update_matrix_value) solve=4 rebuildInterval=0
config(Cg+Multigrid):  Solving for p, Initial residual = 0.0012671033302827793, Final residual = 1.2655696407194602e-05, No Iterations 18, Solve time = 211.761 ms
time step continuity errors : sum local = 3.197235387744542e-06, global = -2.6579254431161284e-09, cumulative = 1.9225546016598693e-08
[mem] after-pEqn: DEVICE_POOL current=19126 MB  actual(reserved)=38146 MB  highWater=24414 MB
[GinkgoSolver] p-cache: reuse(update_matrix_value) solve=4 rebuildInterval=0
Schwarz(Jacobi)+Bicgstab:  Solving for omega, Initial residual = 1.2865333881084377e-05, Final residual = 8.407788966494894e-07, No Iterations 2, Solve time = 13.651 ms
bounding omega, min: -34629.15438820469 max: 45355983.02724426 average: 6373.6005658983095
[GinkgoSolver] p-cache: reuse(update_matrix_value) solve=4 rebuildInterval=0
Schwarz(Jacobi)+Bicgstab:  Solving for k, Initial residual = 0.00024123764635250718, Final residual = 1.3714607156317259e-05, No Iterations 2, Solve time = 13.637 ms
bounding k, min: -0.005388002953668966 max: 907.2717575298606 average: 9.152109834030616
[mem] after-turb: DEVICE_POOL current=19126 MB  actual(reserved)=38146 MB  highWater=24414 MB
ExecutionTime = 45.93 s  ClockTime = 46 s

Time = 1005
[mem] step-start: DEVICE_POOL current=19126 MB  actual(reserved)=38146 MB  highWater=24414 MB
Schwarz(Jacobi)+Bicgstab:  Solving for Ux, Initial residual = 7.836667151744419e-05, Final residual = 3.877156762100525e-06, No Iterations 2, Solve time = 35.776 ms
Schwarz(Jacobi)+Bicgstab:  Solving for Uy, Initial residual = 0.0040187584571017565, Final residual = 0.00025033261510563274, No Iterations 2, Solve time = 35.776 ms
Schwarz(Jacobi)+Bicgstab:  Solving for Uz, Initial residual = 0.0011175668261135829, Final residual = 6.368908827843814e-05, No Iterations 2, Solve time = 35.776 ms
[mem] after-UEqn: DEVICE_POOL current=19126 MB  actual(reserved)=38146 MB  highWater=24414 MB
[GinkgoSolver] p-cache: reuse(update_matrix_value) solve=5 rebuildInterval=0
config(Cg+Multigrid):  Solving for p, Initial residual = 0.001273933253827897, Final residual = 1.2649993246214241e-05, No Iterations 18, Solve time = 206.584 ms
time step continuity errors : sum local = 3.1940596276193156e-06, global = -5.416438238287737e-09, cumulative = 1.3809107778310956e-08
[mem] after-pEqn: DEVICE_POOL current=19126 MB  actual(reserved)=38146 MB  highWater=24414 MB
[GinkgoSolver] p-cache: reuse(update_matrix_value) solve=5 rebuildInterval=0
Schwarz(Jacobi)+Bicgstab:  Solving for omega, Initial residual = 1.2846892360192797e-05, Final residual = 8.455379127377004e-07, No Iterations 2, Solve time = 13.606 ms
bounding omega, min: -35301.72628717572 max: 45355983.09567852 average: 6373.77330751711
[GinkgoSolver] p-cache: reuse(update_matrix_value) solve=5 rebuildInterval=0
Schwarz(Jacobi)+Bicgstab:  Solving for k, Initial residual = 0.0002416440292932884, Final residual = 1.3725946973491096e-05, No Iterations 2, Solve time = 13.656 ms
bounding k, min: -0.0023117137848051514 max: 899.9688414600995 average: 9.151940015110233
[mem] after-turb: DEVICE_POOL current=19126 MB  actual(reserved)=38146 MB  highWater=24414 MB
ExecutionTime = 46.74 s  ClockTime = 47 s

Time = 1006
[mem] step-start: DEVICE_POOL current=19126 MB  actual(reserved)=38146 MB  highWater=24414 MB
Schwarz(Jacobi)+Bicgstab:  Solving for Ux, Initial residual = 7.846105643326565e-05, Final residual = 2.462436093476968e-06, No Iterations 3, Solve time = 45.609 ms
Schwarz(Jacobi)+Bicgstab:  Solving for Uy, Initial residual = 0.00401057764629256, Final residual = 0.00015322245902055277, No Iterations 3, Solve time = 45.609 ms
Schwarz(Jacobi)+Bicgstab:  Solving for Uz, Initial residual = 0.0011192064496679966, Final residual = 6.149603685016328e-05, No Iterations 3, Solve time = 45.609 ms
[mem] after-UEqn: DEVICE_POOL current=19126 MB  actual(reserved)=38146 MB  highWater=24414 MB
[GinkgoSolver] p-cache: reuse(update_matrix_value) solve=6 rebuildInterval=0
config(Cg+Multigrid):  Solving for p, Initial residual = 0.0012724657357232134, Final residual = 1.2167913883552268e-05, No Iterations 19, Solve time = 217.429 ms
time step continuity errors : sum local = 3.0704096559458807e-06, global = -8.308145456022346e-09, cumulative = 5.50096232228861e-09
[mem] after-pEqn: DEVICE_POOL current=19126 MB  actual(reserved)=38146 MB  highWater=24414 MB
[GinkgoSolver] p-cache: reuse(update_matrix_value) solve=6 rebuildInterval=0
Schwarz(Jacobi)+Bicgstab:  Solving for omega, Initial residual = 1.2810350489807325e-05, Final residual = 8.412681191552715e-07, No Iterations 2, Solve time = 13.562 ms
bounding omega, min: -128895.95791423891 max: 45355983.13298917 average: 6373.932232652495
[GinkgoSolver] p-cache: reuse(update_matrix_value) solve=6 rebuildInterval=0
Schwarz(Jacobi)+Bicgstab:  Solving for k, Initial residual = 0.00024171188927193913, Final residual = 1.3495494793726193e-05, No Iterations 2, Solve time = 13.594 ms
bounding k, min: -0.0023603500906466124 max: 894.1399703382268 average: 9.151725813363841
[mem] after-turb: DEVICE_POOL current=19126 MB  actual(reserved)=38146 MB  highWater=24414 MB
ExecutionTime = 47.58 s  ClockTime = 47 s

Time = 1007
[mem] step-start: DEVICE_POOL current=19126 MB  actual(reserved)=38146 MB  highWater=24414 MB
Schwarz(Jacobi)+Bicgstab:  Solving for Ux, Initial residual = 7.840353407584139e-05, Final residual = 4.254683599879661e-06, No Iterations 2, Solve time = 35.705 ms
Schwarz(Jacobi)+Bicgstab:  Solving for Uy, Initial residual = 0.0040083166692918065, Final residual = 0.0005030802825710248, No Iterations 2, Solve time = 35.705 ms
Schwarz(Jacobi)+Bicgstab:  Solving for Uz, Initial residual = 0.0011200972015452386, Final residual = 7.06159212459006e-05, No Iterations 2, Solve time = 35.705 ms
[mem] after-UEqn: DEVICE_POOL current=19126 MB  actual(reserved)=38146 MB  highWater=24414 MB
[GinkgoSolver] p-cache: reuse(update_matrix_value) solve=7 rebuildInterval=0
config(Cg+Multigrid):  Solving for p, Initial residual = 0.0012866899612643734, Final residual = 1.244624127328082e-05, No Iterations 19, Solve time = 212.498 ms
time step continuity errors : sum local = 3.13849070101437e-06, global = -8.426812166412862e-09, cumulative = -2.9258498441242517e-09
[mem] after-pEqn: DEVICE_POOL current=19126 MB  actual(reserved)=38146 MB  highWater=24414 MB
[GinkgoSolver] p-cache: reuse(update_matrix_value) solve=7 rebuildInterval=0
Schwarz(Jacobi)+Bicgstab:  Solving for omega, Initial residual = 1.2811991462686461e-05, Final residual = 8.376194679539495e-07, No Iterations 2, Solve time = 13.678 ms
bounding omega, min: -33028.7354136751 max: 45355983.12790216 average: 6374.0748025209305
[GinkgoSolver] p-cache: reuse(update_matrix_value) solve=7 rebuildInterval=0
Schwarz(Jacobi)+Bicgstab:  Solving for k, Initial residual = 0.0002422034916831638, Final residual = 1.3418445149868504e-05, No Iterations 2, Solve time = 13.727 ms
bounding k, min: -0.0009457214877939199 max: 892.5415803220104 average: 9.151422081571404
[mem] after-turb: DEVICE_POOL current=19126 MB  actual(reserved)=38146 MB  highWater=24414 MB
ExecutionTime = 48.41 s  ClockTime = 48 s

Time = 1008
[mem] step-start: DEVICE_POOL current=19126 MB  actual(reserved)=38146 MB  highWater=24414 MB
Schwarz(Jacobi)+Bicgstab:  Solving for Ux, Initial residual = 7.859109623437088e-05, Final residual = 4.282035055449992e-06, No Iterations 2, Solve time = 35.893 ms
Schwarz(Jacobi)+Bicgstab:  Solving for Uy, Initial residual = 0.003986927625580905, Final residual = 0.0007353204152378087, No Iterations 2, Solve time = 35.893 ms
Schwarz(Jacobi)+Bicgstab:  Solving for Uz, Initial residual = 0.0011231729048482293, Final residual = 6.41957326963595e-05, No Iterations 2, Solve time = 35.893 ms
[mem] after-UEqn: DEVICE_POOL current=19126 MB  actual(reserved)=38146 MB  highWater=24414 MB
[GinkgoSolver] p-cache: reuse(update_matrix_value) solve=8 rebuildInterval=0
config(Cg+Multigrid):  Solving for p, Initial residual = 0.001282380852769068, Final residual = 1.2754238608364719e-05, No Iterations 20, Solve time = 224.624 ms
time step continuity errors : sum local = 3.2143710395467743e-06, global = -1.503192762000769e-08, cumulative = -1.795777746413194e-08
[mem] after-pEqn: DEVICE_POOL current=19126 MB  actual(reserved)=38146 MB  highWater=24414 MB
[GinkgoSolver] p-cache: reuse(update_matrix_value) solve=8 rebuildInterval=0
Schwarz(Jacobi)+Bicgstab:  Solving for omega, Initial residual = 1.2781598449675418e-05, Final residual = 8.353834498945738e-07, No Iterations 2, Solve time = 13.645 ms
bounding omega, min: -38138.19326549901 max: 45355983.06318985 average: 6374.190433650011
[GinkgoSolver] p-cache: reuse(update_matrix_value) solve=8 rebuildInterval=0
Schwarz(Jacobi)+Bicgstab:  Solving for k, Initial residual = 0.00024211177567090415, Final residual = 1.345471921973024e-05, No Iterations 2, Solve time = 13.631 ms
bounding k, min: -0.000880639891268277 max: 891.1188884841102 average: 9.151226294697926
[mem] after-turb: DEVICE_POOL current=19126 MB  actual(reserved)=38146 MB  highWater=24414 MB
ExecutionTime = 49.24 s  ClockTime = 49 s

Time = 1009
[mem] step-start: DEVICE_POOL current=19126 MB  actual(reserved)=38146 MB  highWater=24414 MB
Schwarz(Jacobi)+Bicgstab:  Solving for Ux, Initial residual = 7.843839731285075e-05, Final residual = 2.601044656514699e-06, No Iterations 3, Solve time = 45.586 ms
Schwarz(Jacobi)+Bicgstab:  Solving for Uy, Initial residual = 0.004037634064853653, Final residual = 0.00013486610609772715, No Iterations 3, Solve time = 45.586 ms
Schwarz(Jacobi)+Bicgstab:  Solving for Uz, Initial residual = 0.0011167447911502003, Final residual = 0.00010876953749219312, No Iterations 3, Solve time = 45.586 ms
[mem] after-UEqn: DEVICE_POOL current=19126 MB  actual(reserved)=38146 MB  highWater=24414 MB
[GinkgoSolver] p-cache: reuse(update_matrix_value) solve=9 rebuildInterval=0
config(Cg+Multigrid):  Solving for p, Initial residual = 0.0012922269843689566, Final residual = 1.2884934008770786e-05, No Iterations 20, Solve time = 221.389 ms
time step continuity errors : sum local = 3.2451971153552965e-06, global = -1.4454659315007465e-08, cumulative = -3.2412436779139405e-08
[mem] after-pEqn: DEVICE_POOL current=19126 MB  actual(reserved)=38146 MB  highWater=24414 MB
[GinkgoSolver] p-cache: reuse(update_matrix_value) solve=9 rebuildInterval=0
Schwarz(Jacobi)+Bicgstab:  Solving for omega, Initial residual = 1.274527489675169e-05, Final residual = 8.339783800617895e-07, No Iterations 2, Solve time = 13.633 ms
bounding omega, min: -38022.60022549414 max: 45355982.89842175 average: 6374.23456262717
[GinkgoSolver] p-cache: reuse(update_matrix_value) solve=9 rebuildInterval=0
Schwarz(Jacobi)+Bicgstab:  Solving for k, Initial residual = 0.0002422108446494449, Final residual = 1.3355224828176499e-05, No Iterations 2, Solve time = 13.701 ms
bounding k, min: -0.0015000756995757376 max: 891.6908672454889 average: 9.15064150382749
[mem] after-turb: DEVICE_POOL current=19126 MB  actual(reserved)=38146 MB  highWater=24414 MB
ExecutionTime = 50.09 s  ClockTime = 50 s

Time = 1010
[mem] step-start: DEVICE_POOL current=19126 MB  actual(reserved)=38146 MB  highWater=24414 MB
Schwarz(Jacobi)+Bicgstab:  Solving for Ux, Initial residual = 7.836718482114445e-05, Final residual = 2.8471745539215138e-06, No Iterations 3, Solve time = 45.575 ms
Schwarz(Jacobi)+Bicgstab:  Solving for Uy, Initial residual = 0.0040609303664652634, Final residual = 0.00013569585243780735, No Iterations 3, Solve time = 45.575 ms
Schwarz(Jacobi)+Bicgstab:  Solving for Uz, Initial residual = 0.001101118202142191, Final residual = 4.5034075019370974e-05, No Iterations 3, Solve time = 45.575 ms
[mem] after-UEqn: DEVICE_POOL current=19126 MB  actual(reserved)=38146 MB  highWater=24414 MB
[GinkgoSolver] p-cache: reuse(update_matrix_value) solve=10 rebuildInterval=0
config(Cg+Multigrid):  Solving for p, Initial residual = 0.0012754088192861112, Final residual = 1.254640354603208e-05, No Iterations 20, Solve time = 225.527 ms
time step continuity errors : sum local = 3.158098636340781e-06, global = -1.3926176269403221e-08, cumulative = -4.6338613048542626e-08
[mem] after-pEqn: DEVICE_POOL current=19126 MB  actual(reserved)=38146 MB  highWater=24414 MB
[GinkgoSolver] p-cache: reuse(update_matrix_value) solve=10 rebuildInterval=0
Schwarz(Jacobi)+Bicgstab:  Solving for omega, Initial residual = 1.2722843912125073e-05, Final residual = 8.333676650429153e-07, No Iterations 2, Solve time = 13.684 ms
bounding omega, min: -167789.5131654909 max: 45355982.67176963 average: 6374.21551854778
[GinkgoSolver] p-cache: reuse(update_matrix_value) solve=10 rebuildInterval=0
Schwarz(Jacobi)+Bicgstab:  Solving for k, Initial residual = 0.00024224014856237918, Final residual = 1.317021487863753e-05, No Iterations 2, Solve time = 13.625 ms
bounding k, min: -0.0019097437628374306 max: 891.8433293563726 average: 9.150014270132562
[mem] after-turb: DEVICE_POOL current=19126 MB  actual(reserved)=38146 MB  highWater=24414 MB
ExecutionTime = 50.93 s  ClockTime = 51 s

Time = 1011
[mem] step-start: DEVICE_POOL current=19126 MB  actual(reserved)=38146 MB  highWater=24414 MB
Schwarz(Jacobi)+Bicgstab:  Solving for Ux, Initial residual = 7.83121565120618e-05, Final residual = 3.278931627401928e-06, No Iterations 3, Solve time = 45.675 ms
Schwarz(Jacobi)+Bicgstab:  Solving for Uy, Initial residual = 0.0040738733411901, Final residual = 0.0001371405448634087, No Iterations 3, Solve time = 45.675 ms
Schwarz(Jacobi)+Bicgstab:  Solving for Uz, Initial residual = 0.001094880081950219, Final residual = 4.116244103277119e-05, No Iterations 3, Solve time = 45.675 ms
[mem] after-UEqn: DEVICE_POOL current=19126 MB  actual(reserved)=38146 MB  highWater=24414 MB
[GinkgoSolver] p-cache: reuse(update_matrix_value) solve=11 rebuildInterval=0
config(Cg+Multigrid):  Solving for p, Initial residual = 0.0012711541690630362, Final residual = 1.1976045006239314e-05, No Iterations 20, Solve time = 223.745 ms
time step continuity errors : sum local = 3.012714198702875e-06, global = -1.2897640084687205e-08, cumulative = -5.923625313322983e-08
[mem] after-pEqn: DEVICE_POOL current=19126 MB  actual(reserved)=38146 MB  highWater=24414 MB
[GinkgoSolver] p-cache: reuse(update_matrix_value) solve=11 rebuildInterval=0
Schwarz(Jacobi)+Bicgstab:  Solving for omega, Initial residual = 1.2709217551873822e-05, Final residual = 8.284604072136401e-07, No Iterations 2, Solve time = 14.709 ms
bounding omega, min: -38041.22902104745 max: 45355982.666872546 average: 6374.154491737631
[GinkgoSolver] p-cache: reuse(update_matrix_value) solve=11 rebuildInterval=0
Schwarz(Jacobi)+Bicgstab:  Solving for k, Initial residual = 0.00024226517892802718, Final residual = 1.2670694520947149e-05, No Iterations 2, Solve time = 13.658 ms
bounding k, min: -0.00053839096736083 max: 892.5711254522728 average: 9.149312725917024
[mem] after-turb: DEVICE_POOL current=19126 MB  actual(reserved)=38146 MB  highWater=24414 MB
ExecutionTime = 51.78 s  ClockTime = 52 s

Time = 1012
[mem] step-start: DEVICE_POOL current=19126 MB  actual(reserved)=38146 MB  highWater=24414 MB
Schwarz(Jacobi)+Bicgstab:  Solving for Ux, Initial residual = 7.83134098736622e-05, Final residual = 4.237597612589333e-06, No Iterations 2, Solve time = 36.018 ms
Schwarz(Jacobi)+Bicgstab:  Solving for Uy, Initial residual = 0.004076470919929933, Final residual = 0.0005162729752190041, No Iterations 2, Solve time = 36.018 ms
Schwarz(Jacobi)+Bicgstab:  Solving for Uz, Initial residual = 0.0010925448934359855, Final residual = 6.343043722426142e-05, No Iterations 2, Solve time = 36.018 ms
[mem] after-UEqn: DEVICE_POOL current=19126 MB  actual(reserved)=38146 MB  highWater=24414 MB
[GinkgoSolver] p-cache: reuse(update_matrix_value) solve=12 rebuildInterval=0
config(Cg+Multigrid):  Solving for p, Initial residual = 0.001288312995997956, Final residual = 1.1985217439892256e-05, No Iterations 19, Solve time = 216.732 ms
time step continuity errors : sum local = 3.013172126388799e-06, global = -8.743947296884396e-09, cumulative = -6.798020043011423e-08
[mem] after-pEqn: DEVICE_POOL current=19126 MB  actual(reserved)=38146 MB  highWater=24414 MB
[GinkgoSolver] p-cache: reuse(update_matrix_value) solve=12 rebuildInterval=0
Schwarz(Jacobi)+Bicgstab:  Solving for omega, Initial residual = 1.2722408049622484e-05, Final residual = 8.321446353079984e-07, No Iterations 2, Solve time = 13.64 ms
bounding omega, min: -39249.16735974499 max: 45355982.71034607 average: 6373.990016727375
[GinkgoSolver] p-cache: reuse(update_matrix_value) solve=12 rebuildInterval=0
Schwarz(Jacobi)+Bicgstab:  Solving for k, Initial residual = 0.00024259796585619797, Final residual = 1.2378450184911714e-05, No Iterations 2, Solve time = 15.349 ms
bounding k, min: -0.0005273166852100206 max: 892.7314742460107 average: 9.148490954213242
[mem] after-turb: DEVICE_POOL current=19126 MB  actual(reserved)=38146 MB  highWater=24414 MB
ExecutionTime = 52.6 s  ClockTime = 53 s

Time = 1013
[mem] step-start: DEVICE_POOL current=19126 MB  actual(reserved)=38146 MB  highWater=24414 MB
Schwarz(Jacobi)+Bicgstab:  Solving for Ux, Initial residual = 7.855292689068893e-05, Final residual = 2.933919173454526e-06, No Iterations 3, Solve time = 45.511 ms
Schwarz(Jacobi)+Bicgstab:  Solving for Uy, Initial residual = 0.0040455845626441575, Final residual = 0.0001533385828087763, No Iterations 3, Solve time = 45.511 ms
Schwarz(Jacobi)+Bicgstab:  Solving for Uz, Initial residual = 0.0010963165234395297, Final residual = 6.903135897333891e-05, No Iterations 3, Solve time = 45.511 ms
[mem] after-UEqn: DEVICE_POOL current=19126 MB  actual(reserved)=38146 MB  highWater=24414 MB
[GinkgoSolver] p-cache: reuse(update_matrix_value) solve=13 rebuildInterval=0
config(Cg+Multigrid):  Solving for p, Initial residual = 0.0012835294857679255, Final residual = 1.1708562911988747e-05, No Iterations 19, Solve time = 217.735 ms
time step continuity errors : sum local = 2.9420418214642515e-06, global = -7.216733922544865e-09, cumulative = -7.519693435265909e-08
[mem] after-pEqn: DEVICE_POOL current=19126 MB  actual(reserved)=38146 MB  highWater=24414 MB
[GinkgoSolver] p-cache: reuse(update_matrix_value) solve=13 rebuildInterval=0
Schwarz(Jacobi)+Bicgstab:  Solving for omega, Initial residual = 1.2712149122686987e-05, Final residual = 8.351538195382594e-07, No Iterations 2, Solve time = 13.551 ms
bounding omega, min: -38460.05492247455 max: 45355982.76598908 average: 6373.793020941235
[GinkgoSolver] p-cache: reuse(update_matrix_value) solve=13 rebuildInterval=0
Schwarz(Jacobi)+Bicgstab:  Solving for k, Initial residual = 0.00024245251702077986, Final residual = 1.2201255339122688e-05, No Iterations 2, Solve time = 13.635 ms
bounding k, min: -0.0017093668855904173 max: 892.9637019886754 average: 9.147650531437199
[mem] after-turb: DEVICE_POOL current=19126 MB  actual(reserved)=38146 MB  highWater=24414 MB
ExecutionTime = 53.44 s  ClockTime = 53 s

Time = 1014
[mem] step-start: DEVICE_POOL current=19126 MB  actual(reserved)=38146 MB  highWater=24414 MB
Schwarz(Jacobi)+Bicgstab:  Solving for Ux, Initial residual = 7.85404655313629e-05, Final residual = 3.5256216556911353e-06, No Iterations 3, Solve time = 45.679 ms
Schwarz(Jacobi)+Bicgstab:  Solving for Uy, Initial residual = 0.004031973806857951, Final residual = 0.00014732579325619285, No Iterations 3, Solve time = 45.679 ms
Schwarz(Jacobi)+Bicgstab:  Solving for Uz, Initial residual = 0.0011013322288993658, Final residual = 0.00014112064876776128, No Iterations 3, Solve time = 45.679 ms
[mem] after-UEqn: DEVICE_POOL current=19126 MB  actual(reserved)=38146 MB  highWater=24414 MB
[GinkgoSolver] p-cache: reuse(update_matrix_value) solve=14 rebuildInterval=0
config(Cg+Multigrid):  Solving for p, Initial residual = 0.0012834910394578728, Final residual = 1.2736617676109058e-05, No Iterations 18, Solve time = 206.525 ms
time step continuity errors : sum local = 3.1985025869638564e-06, global = -5.586984803198215e-09, cumulative = -8.07839191558573e-08
[mem] after-pEqn: DEVICE_POOL current=19126 MB  actual(reserved)=38146 MB  highWater=24414 MB
[GinkgoSolver] p-cache: reuse(update_matrix_value) solve=14 rebuildInterval=0
Schwarz(Jacobi)+Bicgstab:  Solving for omega, Initial residual = 1.2738961182206658e-05, Final residual = 8.409590747860132e-07, No Iterations 2, Solve time = 13.633 ms
bounding omega, min: -259302.85076798662 max: 45355982.80192087 average: 6373.581587668797
[GinkgoSolver] p-cache: reuse(update_matrix_value) solve=14 rebuildInterval=0
Schwarz(Jacobi)+Bicgstab:  Solving for k, Initial residual = 0.00024262114216507368, Final residual = 1.2130716458459535e-05, No Iterations 2, Solve time = 13.552 ms
bounding k, min: -0.0020015183364979205 max: 892.6096299136319 average: 9.1468790419932
[mem] after-turb: DEVICE_POOL current=19126 MB  actual(reserved)=38146 MB  highWater=24414 MB
ExecutionTime = 54.27 s  ClockTime = 54 s

Time = 1015
[mem] step-start: DEVICE_POOL current=19126 MB  actual(reserved)=38146 MB  highWater=24414 MB
Schwarz(Jacobi)+Bicgstab:  Solving for Ux, Initial residual = 7.863329402135614e-05, Final residual = 3.8129609949743326e-06, No Iterations 3, Solve time = 45.647 ms
Schwarz(Jacobi)+Bicgstab:  Solving for Uy, Initial residual = 0.004034973295991922, Final residual = 0.00014161527601207902, No Iterations 3, Solve time = 45.647 ms
Schwarz(Jacobi)+Bicgstab:  Solving for Uz, Initial residual = 0.0011074766351687223, Final residual = 4.5721653670653004e-05, No Iterations 3, Solve time = 45.647 ms
[mem] after-UEqn: DEVICE_POOL current=19126 MB  actual(reserved)=38146 MB  highWater=24414 MB
[GinkgoSolver] p-cache: reuse(update_matrix_value) solve=15 rebuildInterval=0
config(Cg+Multigrid):  Solving for p, Initial residual = 0.0012858437207426917, Final residual = 1.2855105662574103e-05, No Iterations 18, Solve time = 206.383 ms
time step continuity errors : sum local = 3.2265088367325516e-06, global = -2.262891331364302e-09, cumulative = -8.304681048722161e-08
[mem] after-pEqn: DEVICE_POOL current=19126 MB  actual(reserved)=38146 MB  highWater=24414 MB
[GinkgoSolver] p-cache: reuse(update_matrix_value) solve=15 rebuildInterval=0
Schwarz(Jacobi)+Bicgstab:  Solving for omega, Initial residual = 1.2740555254596623e-05, Final residual = 8.374352118635271e-07, No Iterations 2, Solve time = 13.686 ms
bounding omega, min: -49309.75782503535 max: 45355982.7926463 average: 6373.379494767381
[GinkgoSolver] p-cache: reuse(update_matrix_value) solve=15 rebuildInterval=0
Schwarz(Jacobi)+Bicgstab:  Solving for k, Initial residual = 0.0002426117873746906, Final residual = 1.2221869049481609e-05, No Iterations 2, Solve time = 13.614 ms
bounding k, min: -0.0021047952926771356 max: 892.1882092135897 average: 9.146048578417
[mem] after-turb: DEVICE_POOL current=19126 MB  actual(reserved)=38146 MB  highWater=24414 MB
ExecutionTime = 55.1 s  ClockTime = 55 s

Time = 1016
[mem] step-start: DEVICE_POOL current=19126 MB  actual(reserved)=38146 MB  highWater=24414 MB
Schwarz(Jacobi)+Bicgstab:  Solving for Ux, Initial residual = 7.864920599131033e-05, Final residual = 3.2399536052382603e-06, No Iterations 3, Solve time = 45.564 ms
Schwarz(Jacobi)+Bicgstab:  Solving for Uy, Initial residual = 0.004045072985371109, Final residual = 0.0001360218711421846, No Iterations 3, Solve time = 45.564 ms
Schwarz(Jacobi)+Bicgstab:  Solving for Uz, Initial residual = 0.0011029824758788918, Final residual = 4.015877070955778e-05, No Iterations 3, Solve time = 45.564 ms
[mem] after-UEqn: DEVICE_POOL current=19126 MB  actual(reserved)=38146 MB  highWater=24414 MB
[GinkgoSolver] p-cache: reuse(update_matrix_value) solve=16 rebuildInterval=0
config(Cg+Multigrid):  Solving for p, Initial residual = 0.0012876204446235437, Final residual = 1.1588919525482847e-05, No Iterations 19, Solve time = 217.44 ms
time step continuity errors : sum local = 2.9072209823668737e-06, global = 1.632073044887798e-09, cumulative = -8.141473744233382e-08
[mem] after-pEqn: DEVICE_POOL current=19126 MB  actual(reserved)=38146 MB  highWater=24414 MB
[GinkgoSolver] p-cache: reuse(update_matrix_value) solve=16 rebuildInterval=0
Schwarz(Jacobi)+Bicgstab:  Solving for omega, Initial residual = 1.273007175579444e-05, Final residual = 8.349161708381332e-07, No Iterations 2, Solve time = 13.657 ms
bounding omega, min: -49301.58204282825 max: 45355982.733388856 average: 6373.101851655097
[GinkgoSolver] p-cache: reuse(update_matrix_value) solve=16 rebuildInterval=0
Schwarz(Jacobi)+Bicgstab:  Solving for k, Initial residual = 0.00024256792461841467, Final residual = 1.2259112821689571e-05, No Iterations 2, Solve time = 13.638 ms
bounding k, min: -0.0024247733061262128 max: 891.3124462621287 average: 9.145162144177094
[mem] after-turb: DEVICE_POOL current=19126 MB  actual(reserved)=38146 MB  highWater=24414 MB
ExecutionTime = 55.93 s  ClockTime = 56 s

Time = 1017
[mem] step-start: DEVICE_POOL current=19126 MB  actual(reserved)=38146 MB  highWater=24414 MB
Schwarz(Jacobi)+Bicgstab:  Solving for Ux, Initial residual = 7.860826871935007e-05, Final residual = 3.4514486861371477e-06, No Iterations 2, Solve time = 35.649 ms
Schwarz(Jacobi)+Bicgstab:  Solving for Uy, Initial residual = 0.004059251588646462, Final residual = 0.0008584974727472839, No Iterations 2, Solve time = 35.649 ms
Schwarz(Jacobi)+Bicgstab:  Solving for Uz, Initial residual = 0.0010990088261327955, Final residual = 7.22816789366963e-05, No Iterations 2, Solve time = 35.649 ms
[mem] after-UEqn: DEVICE_POOL current=19126 MB  actual(reserved)=38146 MB  highWater=24414 MB
[GinkgoSolver] p-cache: reuse(update_matrix_value) solve=17 rebuildInterval=0
config(Cg+Multigrid):  Solving for p, Initial residual = 0.0013008055837280192, Final residual = 1.2341735717910262e-05, No Iterations 18, Solve time = 209.486 ms
time step continuity errors : sum local = 3.0947056668456237e-06, global = 6.767251515981581e-09, cumulative = -7.464748592635224e-08
[mem] after-pEqn: DEVICE_POOL current=19126 MB  actual(reserved)=38146 MB  highWater=24414 MB
[GinkgoSolver] p-cache: reuse(update_matrix_value) solve=17 rebuildInterval=0
Schwarz(Jacobi)+Bicgstab:  Solving for omega, Initial residual = 1.2744096545656337e-05, Final residual = 8.402021798800735e-07, No Iterations 2, Solve time = 13.622 ms
bounding omega, min: -47159.42556718616 max: 45355982.654571034 average: 6372.728590645976
[GinkgoSolver] p-cache: reuse(update_matrix_value) solve=17 rebuildInterval=0
Schwarz(Jacobi)+Bicgstab:  Solving for k, Initial residual = 0.00024290322967358767, Final residual = 1.2424083944757326e-05, No Iterations 2, Solve time = 13.585 ms
bounding k, min: -0.004974414533768415 max: 890.2762733490584 average: 9.14406620140748
[mem] after-turb: DEVICE_POOL current=19126 MB  actual(reserved)=38146 MB  highWater=24414 MB
ExecutionTime = 56.75 s  ClockTime = 57 s

Time = 1018
[mem] step-start: DEVICE_POOL current=19126 MB  actual(reserved)=38146 MB  highWater=24414 MB
Schwarz(Jacobi)+Bicgstab:  Solving for Ux, Initial residual = 7.876976220618465e-05, Final residual = 2.567618777256163e-06, No Iterations 3, Solve time = 45.624 ms
Schwarz(Jacobi)+Bicgstab:  Solving for Uy, Initial residual = 0.004029464556347149, Final residual = 0.00015679960686636283, No Iterations 3, Solve time = 45.624 ms
Schwarz(Jacobi)+Bicgstab:  Solving for Uz, Initial residual = 0.0011030771725593993, Final residual = 5.000351898275109e-05, No Iterations 3, Solve time = 45.624 ms
[mem] after-UEqn: DEVICE_POOL current=19126 MB  actual(reserved)=38146 MB  highWater=24414 MB
[GinkgoSolver] p-cache: reuse(update_matrix_value) solve=18 rebuildInterval=0
config(Cg+Multigrid):  Solving for p, Initial residual = 0.0012873329037768823, Final residual = 1.2405349494420641e-05, No Iterations 18, Solve time = 206.772 ms
time step continuity errors : sum local = 3.109775438523609e-06, global = 9.153028960490703e-09, cumulative = -6.549445696586154e-08
[mem] after-pEqn: DEVICE_POOL current=19126 MB  actual(reserved)=38146 MB  highWater=24414 MB
[GinkgoSolver] p-cache: reuse(update_matrix_value) solve=18 rebuildInterval=0
Schwarz(Jacobi)+Bicgstab:  Solving for omega, Initial residual = 1.2734982571826003e-05, Final residual = 8.377925615179083e-07, No Iterations 2, Solve time = 13.65 ms
bounding omega, min: -390733.4227057094 max: 45355982.59368154 average: 6372.333478778389
[GinkgoSolver] p-cache: reuse(update_matrix_value) solve=18 rebuildInterval=0
Schwarz(Jacobi)+Bicgstab:  Solving for k, Initial residual = 0.00024273136483329182, Final residual = 1.2443176192851393e-05, No Iterations 2, Solve time = 13.602 ms
bounding k, min: -0.002379091691947652 max: 888.9287106309391 average: 9.143085917610113
[mem] after-turb: DEVICE_POOL current=19126 MB  actual(reserved)=38146 MB  highWater=24414 MB
ExecutionTime = 57.58 s  ClockTime = 58 s

Time = 1019
[mem] step-start: DEVICE_POOL current=19126 MB  actual(reserved)=38146 MB  highWater=24414 MB
Schwarz(Jacobi)+Bicgstab:  Solving for Ux, Initial residual = 7.870249834950022e-05, Final residual = 4.315743802072732e-06, No Iterations 2, Solve time = 35.928 ms
Schwarz(Jacobi)+Bicgstab:  Solving for Uy, Initial residual = 0.0040295546091030044, Final residual = 0.0008047573015911635, No Iterations 2, Solve time = 35.928 ms
Schwarz(Jacobi)+Bicgstab:  Solving for Uz, Initial residual = 0.0011031144266490293, Final residual = 6.467401031422877e-05, No Iterations 2, Solve time = 35.928 ms
[mem] after-UEqn: DEVICE_POOL current=19126 MB  actual(reserved)=38146 MB  highWater=24414 MB
[GinkgoSolver] p-cache: reuse(update_matrix_value) solve=19 rebuildInterval=0
config(Cg+Multigrid):  Solving for p, Initial residual = 0.0012980571302506157, Final residual = 1.1730642512987467e-05, No Iterations 19, Solve time = 217.257 ms
time step continuity errors : sum local = 2.9400472046671472e-06, global = 9.128701093107662e-09, cumulative = -5.636575587275387e-08
[mem] after-pEqn: DEVICE_POOL current=19126 MB  actual(reserved)=38146 MB  highWater=24414 MB
[GinkgoSolver] p-cache: reuse(update_matrix_value) solve=19 rebuildInterval=0
Schwarz(Jacobi)+Bicgstab:  Solving for omega, Initial residual = 1.2733173959291389e-05, Final residual = 8.344802287220375e-07, No Iterations 2, Solve time = 13.63 ms
bounding omega, min: -57863.95110016915 max: 45355982.57481769 average: 6372.072536085069
[GinkgoSolver] p-cache: reuse(update_matrix_value) solve=19 rebuildInterval=0
Schwarz(Jacobi)+Bicgstab:  Solving for k, Initial residual = 0.00024256117585190988, Final residual = 1.2515138916051684e-05, No Iterations 2, Solve time = 13.584 ms
bounding k, min: -0.0025343694714244566 max: 887.4824792166623 average: 9.142402056162759
[mem] after-turb: DEVICE_POOL current=19126 MB  actual(reserved)=38146 MB  highWater=24414 MB
ExecutionTime = 58.4 s  ClockTime = 58 s

Time = 1020
[mem] step-start: DEVICE_POOL current=19126 MB  actual(reserved)=38146 MB  highWater=24414 MB
Schwarz(Jacobi)+Bicgstab:  Solving for Ux, Initial residual = 7.856544559873702e-05, Final residual = 3.0329869043219275e-06, No Iterations 3, Solve time = 45.691 ms
Schwarz(Jacobi)+Bicgstab:  Solving for Uy, Initial residual = 0.004101985822017582, Final residual = 0.00013414413257768762, No Iterations 3, Solve time = 45.691 ms
Schwarz(Jacobi)+Bicgstab:  Solving for Uz, Initial residual = 0.0010950916286595954, Final residual = 8.448884189818334e-05, No Iterations 3, Solve time = 45.691 ms
[mem] after-UEqn: DEVICE_POOL current=19126 MB  actual(reserved)=38146 MB  highWater=24414 MB
[GinkgoSolver] p-cache: reuse(update_matrix_value) solve=20 rebuildInterval=0
config(Cg+Multigrid):  Solving for p, Initial residual = 0.0012824926965603202, Final residual = 1.2376753329781403e-05, No Iterations 18, Solve time = 207.117 ms
time step continuity errors : sum local = 3.1016600291572233e-06, global = 9.916860783501822e-09, cumulative = -4.644889508925205e-08
[mem] after-pEqn: DEVICE_POOL current=19126 MB  actual(reserved)=38146 MB  highWater=24414 MB
[GinkgoSolver] p-cache: reuse(update_matrix_value) solve=20 rebuildInterval=0
Schwarz(Jacobi)+Bicgstab:  Solving for omega, Initial residual = 1.2714924497419636e-05, Final residual = 8.302173731610362e-07, No Iterations 2, Solve time = 13.595 ms
bounding omega, min: -60471.05833658345 max: 45355982.57621807 average: 6371.835622013116
[GinkgoSolver] p-cache: reuse(update_matrix_value) solve=20 rebuildInterval=0
Schwarz(Jacobi)+Bicgstab:  Solving for k, Initial residual = 0.00024246683512264844, Final residual = 1.2712595827691721e-05, No Iterations 2, Solve time = 13.571 ms
bounding k, min: -0.0025447059516472068 max: 885.9084365326105 average: 9.141707221261388
[mem] after-turb: DEVICE_POOL current=19126 MB  actual(reserved)=38146 MB  highWater=24414 MB
ExecutionTime = 59.23 s  ClockTime = 59 s

Time = 1021
[mem] step-start: DEVICE_POOL current=19126 MB  actual(reserved)=38146 MB  highWater=24414 MB
Schwarz(Jacobi)+Bicgstab:  Solving for Ux, Initial residual = 7.8445039402205e-05, Final residual = 2.9652355129911074e-06, No Iterations 3, Solve time = 45.544 ms
Schwarz(Jacobi)+Bicgstab:  Solving for Uy, Initial residual = 0.00412632933178937, Final residual = 0.00013444941140608693, No Iterations 3, Solve time = 45.544 ms
Schwarz(Jacobi)+Bicgstab:  Solving for Uz, Initial residual = 0.00109333980139034, Final residual = 5.482743757472971e-05, No Iterations 3, Solve time = 45.544 ms
[mem] after-UEqn: DEVICE_POOL current=19126 MB  actual(reserved)=38146 MB  highWater=24414 MB
[GinkgoSolver] p-cache: reuse(update_matrix_value) solve=21 rebuildInterval=0
config(Cg+Multigrid):  Solving for p, Initial residual = 0.0012749759650814757, Final residual = 1.1912620239585805e-05, No Iterations 18, Solve time = 210.606 ms
time step continuity errors : sum local = 2.9851683496988196e-06, global = 1.1372041685765227e-08, cumulative = -3.5076853403486824e-08
[mem] after-pEqn: DEVICE_POOL current=19126 MB  actual(reserved)=38146 MB  highWater=24414 MB
[GinkgoSolver] p-cache: reuse(update_matrix_value) solve=21 rebuildInterval=0
Schwarz(Jacobi)+Bicgstab:  Solving for omega, Initial residual = 1.270784133060281e-05, Final residual = 8.326518932352435e-07, No Iterations 2, Solve time = 13.647 ms
bounding omega, min: -59340.60407986833 max: 45355982.58472475 average: 6371.614462631859
[GinkgoSolver] p-cache: reuse(update_matrix_value) solve=21 rebuildInterval=0
Schwarz(Jacobi)+Bicgstab:  Solving for k, Initial residual = 0.0002424416398441305, Final residual = 1.2868364810029456e-05, No Iterations 2, Solve time = 13.567 ms
bounding k, min: -0.000406225354230098 max: 884.320910360575 average: 9.140986505076166
[mem] after-turb: DEVICE_POOL current=19126 MB  actual(reserved)=38146 MB  highWater=24414 MB
ExecutionTime = 60.06 s  ClockTime = 60 s

Time = 1022
[mem] step-start: DEVICE_POOL current=19126 MB  actual(reserved)=38146 MB  highWater=24414 MB
Schwarz(Jacobi)+Bicgstab:  Solving for Ux, Initial residual = 7.839997770105828e-05, Final residual = 3.347086332139588e-06, No Iterations 3, Solve time = 45.687 ms
Schwarz(Jacobi)+Bicgstab:  Solving for Uy, Initial residual = 0.004138200302485748, Final residual = 0.00013765998305849641, No Iterations 3, Solve time = 45.687 ms
Schwarz(Jacobi)+Bicgstab:  Solving for Uz, Initial residual = 0.001092266144466956, Final residual = 4.7565455127263394e-05, No Iterations 3, Solve time = 45.687 ms
[mem] after-UEqn: DEVICE_POOL current=19126 MB  actual(reserved)=38146 MB  highWater=24414 MB
[GinkgoSolver] p-cache: reuse(update_matrix_value) solve=22 rebuildInterval=0
config(Cg+Multigrid):  Solving for p, Initial residual = 0.001273502071611823, Final residual = 1.1672255616851634e-05, No Iterations 18, Solve time = 208.561 ms
time step continuity errors : sum local = 2.924820908641983e-06, global = 1.2421824408996235e-08, cumulative = -2.265502899449059e-08
[mem] after-pEqn: DEVICE_POOL current=19126 MB  actual(reserved)=38146 MB  highWater=24414 MB
[GinkgoSolver] p-cache: reuse(update_matrix_value) solve=22 rebuildInterval=0
Schwarz(Jacobi)+Bicgstab:  Solving for omega, Initial residual = 1.2713300449746696e-05, Final residual = 8.347996758500677e-07, No Iterations 2, Solve time = 13.608 ms
bounding omega, min: -311720.886041747 max: 45355982.59738986 average: 6371.391329268608
[GinkgoSolver] p-cache: reuse(update_matrix_value) solve=22 rebuildInterval=0
Schwarz(Jacobi)+Bicgstab:  Solving for k, Initial residual = 0.0002425094536598463, Final residual = 1.2675048747142297e-05, No Iterations 2, Solve time = 13.667 ms
bounding k, min: -0.0006275814155249984 max: 882.7067283159986 average: 9.140294848470283
[mem] after-turb: DEVICE_POOL current=19126 MB  actual(reserved)=38146 MB  highWater=24414 MB
ExecutionTime = 60.89 s  ClockTime = 61 s

Time = 1023
[mem] step-start: DEVICE_POOL current=19126 MB  actual(reserved)=38146 MB  highWater=24414 MB
Schwarz(Jacobi)+Bicgstab:  Solving for Ux, Initial residual = 7.847605311964732e-05, Final residual = 4.3595477555192795e-06, No Iterations 2, Solve time = 35.806 ms
Schwarz(Jacobi)+Bicgstab:  Solving for Uy, Initial residual = 0.004140663575280005, Final residual = 0.0004936730810257248, No Iterations 2, Solve time = 35.806 ms
Schwarz(Jacobi)+Bicgstab:  Solving for Uz, Initial residual = 0.0010920117985865323, Final residual = 7.591795863721345e-05, No Iterations 2, Solve time = 35.806 ms
[mem] after-UEqn: DEVICE_POOL current=19126 MB  actual(reserved)=38146 MB  highWater=24414 MB
[GinkgoSolver] p-cache: reuse(update_matrix_value) solve=23 rebuildInterval=0
config(Cg+Multigrid):  Solving for p, Initial residual = 0.0012907054110542018, Final residual = 1.1656979424207112e-05, No Iterations 18, Solve time = 206.61 ms
time step continuity errors : sum local = 2.920952850388056e-06, global = 1.4265650382216925e-08, cumulative = -8.389378612273664e-09
[mem] after-pEqn: DEVICE_POOL current=19126 MB  actual(reserved)=38146 MB  highWater=24414 MB
[GinkgoSolver] p-cache: reuse(update_matrix_value) solve=23 rebuildInterval=0
Schwarz(Jacobi)+Bicgstab:  Solving for omega, Initial residual = 1.2755093333993538e-05, Final residual = 8.379182163599361e-07, No Iterations 2, Solve time = 13.621 ms
bounding omega, min: -59230.262282092626 max: 45355982.61179287 average: 6371.2184661577585
[GinkgoSolver] p-cache: reuse(update_matrix_value) solve=23 rebuildInterval=0
Schwarz(Jacobi)+Bicgstab:  Solving for k, Initial residual = 0.00024290435401066652, Final residual = 1.2343281243655516e-05, No Iterations 2, Solve time = 13.59 ms
bounding k, min: -0.0016455704649627478 max: 881.1715574071397 average: 9.139630292589656
[mem] after-turb: DEVICE_POOL current=19126 MB  actual(reserved)=38146 MB  highWater=24414 MB
ExecutionTime = 61.71 s  ClockTime = 62 s

Time = 1024
[mem] step-start: DEVICE_POOL current=19126 MB  actual(reserved)=38146 MB  highWater=24414 MB
Schwarz(Jacobi)+Bicgstab:  Solving for Ux, Initial residual = 7.88161426348272e-05, Final residual = 2.668073197936529e-06, No Iterations 3, Solve time = 45.668 ms
Schwarz(Jacobi)+Bicgstab:  Solving for Uy, Initial residual = 0.0041125038595202406, Final residual = 0.0001547182124888057, No Iterations 3, Solve time = 45.668 ms
Schwarz(Jacobi)+Bicgstab:  Solving for Uz, Initial residual = 0.0010977109347001864, Final residual = 5.117872442214342e-05, No Iterations 3, Solve time = 45.668 ms
[mem] after-UEqn: DEVICE_POOL current=19126 MB  actual(reserved)=38146 MB  highWater=24414 MB
[GinkgoSolver] p-cache: reuse(update_matrix_value) solve=24 rebuildInterval=0
config(Cg+Multigrid):  Solving for p, Initial residual = 0.0012847336513777308, Final residual = 1.1842117866890636e-05, No Iterations 18, Solve time = 207.138 ms
time step continuity errors : sum local = 2.9671281939860103e-06, global = 1.4167069554530032e-08, cumulative = 5.777690942256367e-09
[mem] after-pEqn: DEVICE_POOL current=19126 MB  actual(reserved)=38146 MB  highWater=24414 MB
[GinkgoSolver] p-cache: reuse(update_matrix_value) solve=24 rebuildInterval=0
Schwarz(Jacobi)+Bicgstab:  Solving for omega, Initial residual = 1.2750266498029722e-05, Final residual = 8.356806369817028e-07, No Iterations 2, Solve time = 13.614 ms
bounding omega, min: -58463.152529960054 max: 45355982.62597587 average: 6371.04491073768
[GinkgoSolver] p-cache: reuse(update_matrix_value) solve=24 rebuildInterval=0
Schwarz(Jacobi)+Bicgstab:  Solving for k, Initial residual = 0.00024287651046445223, Final residual = 1.2613684110754734e-05, No Iterations 2, Solve time = 13.6 ms
bounding k, min: -0.003521190609907583 max: 879.7335567317473 average: 9.138927348555939
[mem] after-turb: DEVICE_POOL current=19126 MB  actual(reserved)=38146 MB  highWater=24414 MB
ExecutionTime = 62.53 s  ClockTime = 63 s

Time = 1025
[mem] step-start: DEVICE_POOL current=19126 MB  actual(reserved)=38146 MB  highWater=24414 MB
Schwarz(Jacobi)+Bicgstab:  Solving for Ux, Initial residual = 7.894065380916488e-05, Final residual = 3.4505164299728864e-06, No Iterations 3, Solve time = 45.707 ms
Schwarz(Jacobi)+Bicgstab:  Solving for Uy, Initial residual = 0.004103693108101265, Final residual = 0.00014719368769781793, No Iterations 3, Solve time = 45.707 ms
Schwarz(Jacobi)+Bicgstab:  Solving for Uz, Initial residual = 0.001098885332714077, Final residual = 6.98723619408052e-05, No Iterations 3, Solve time = 45.707 ms
[mem] after-UEqn: DEVICE_POOL current=19126 MB  actual(reserved)=38146 MB  highWater=24414 MB
[GinkgoSolver] p-cache: reuse(update_matrix_value) solve=25 rebuildInterval=0
config(Cg+Multigrid):  Solving for p, Initial residual = 0.0012851512029215756, Final residual = 1.1946098786592556e-05, No Iterations 18, Solve time = 205.793 ms
time step continuity errors : sum local = 2.9929112493525866e-06, global = 1.350780124408139e-08, cumulative = 1.9285492186337757e-08
[mem] after-pEqn: DEVICE_POOL current=19126 MB  actual(reserved)=38146 MB  highWater=24414 MB
[GinkgoSolver] p-cache: reuse(update_matrix_value) solve=25 rebuildInterval=0
Schwarz(Jacobi)+Bicgstab:  Solving for omega, Initial residual = 1.2776016894725667e-05, Final residual = 8.384076710036912e-07, No Iterations 2, Solve time = 13.645 ms
bounding omega, min: -58088.758452085785 max: 45355982.63796319 average: 6370.931128331567
[GinkgoSolver] p-cache: reuse(update_matrix_value) solve=25 rebuildInterval=0
Schwarz(Jacobi)+Bicgstab:  Solving for k, Initial residual = 0.00024301187883462468, Final residual = 1.8374385883571005e-05, No Iterations 2, Solve time = 13.634 ms
bounding k, min: -0.012734163520112696 max: 878.4262179612543 average: 9.138178411698702
[mem] after-turb: DEVICE_POOL current=19126 MB  actual(reserved)=38146 MB  highWater=24414 MB
ExecutionTime = 63.36 s  ClockTime = 63 s

Time = 1026
[mem] step-start: DEVICE_POOL current=19126 MB  actual(reserved)=38146 MB  highWater=24414 MB
Schwarz(Jacobi)+Bicgstab:  Solving for Ux, Initial residual = 7.906625518233951e-05, Final residual = 3.3992599064995502e-06, No Iterations 3, Solve time = 45.529 ms
Schwarz(Jacobi)+Bicgstab:  Solving for Uy, Initial residual = 0.004107802295847855, Final residual = 0.00014028062304858392, No Iterations 3, Solve time = 45.529 ms
Schwarz(Jacobi)+Bicgstab:  Solving for Uz, Initial residual = 0.0011004306091005227, Final residual = 8.632768571444597e-05, No Iterations 3, Solve time = 45.529 ms
[mem] after-UEqn: DEVICE_POOL current=19126 MB  actual(reserved)=38146 MB  highWater=24414 MB
[GinkgoSolver] p-cache: reuse(update_matrix_value) solve=26 rebuildInterval=0
config(Cg+Multigrid):  Solving for p, Initial residual = 0.0012873991065627788, Final residual = 1.2087413729807722e-05, No Iterations 18, Solve time = 207.236 ms
time step continuity errors : sum local = 3.0279167983110707e-06, global = 1.0794287829628557e-08, cumulative = 3.007978001596632e-08
[mem] after-pEqn: DEVICE_POOL current=19126 MB  actual(reserved)=38146 MB  highWater=24414 MB
[GinkgoSolver] p-cache: reuse(update_matrix_value) solve=26 rebuildInterval=0
Schwarz(Jacobi)+Bicgstab:  Solving for omega, Initial residual = 1.2854962251425394e-05, Final residual = 8.387740750290765e-07, No Iterations 2, Solve time = 13.657 ms
bounding omega, min: -370454.98005055374 max: 45355982.64734781 average: 6370.827597910851
[GinkgoSolver] p-cache: reuse(update_matrix_value) solve=26 rebuildInterval=0
Schwarz(Jacobi)+Bicgstab:  Solving for k, Initial residual = 0.00024365148376161494, Final residual = 1.3475545135595277e-05, No Iterations 2, Solve time = 13.638 ms
bounding k, min: -0.0031176644699653054 max: 877.2749170884323 average: 9.137608557879785
[mem] after-turb: DEVICE_POOL current=19126 MB  actual(reserved)=38146 MB  highWater=24414 MB
ExecutionTime = 64.19 s  ClockTime = 64 s

Time = 1027
[mem] step-start: DEVICE_POOL current=19126 MB  actual(reserved)=38146 MB  highWater=24414 MB
Schwarz(Jacobi)+Bicgstab:  Solving for Ux, Initial residual = 7.913341046558001e-05, Final residual = 3.779586304283876e-06, No Iterations 3, Solve time = 45.643 ms
Schwarz(Jacobi)+Bicgstab:  Solving for Uy, Initial residual = 0.004121305369561313, Final residual = 0.00013639673862879948, No Iterations 3, Solve time = 45.643 ms
Schwarz(Jacobi)+Bicgstab:  Solving for Uz, Initial residual = 0.001102231336643452, Final residual = 4.0188972385183274e-05, No Iterations 3, Solve time = 45.643 ms
[mem] after-UEqn: DEVICE_POOL current=19126 MB  actual(reserved)=38146 MB  highWater=24414 MB
[GinkgoSolver] p-cache: reuse(update_matrix_value) solve=27 rebuildInterval=0
config(Cg+Multigrid):  Solving for p, Initial residual = 0.001292211521197719, Final residual = 1.2359736538508477e-05, No Iterations 18, Solve time = 208.664 ms
time step continuity errors : sum local = 3.095728036407498e-06, global = 7.938051830974893e-09, cumulative = 3.801783184694121e-08
[mem] after-pEqn: DEVICE_POOL current=19126 MB  actual(reserved)=38146 MB  highWater=24414 MB
[GinkgoSolver] p-cache: reuse(update_matrix_value) solve=27 rebuildInterval=0
Schwarz(Jacobi)+Bicgstab:  Solving for omega, Initial residual = 1.2778019895464223e-05, Final residual = 8.348823653210965e-07, No Iterations 2, Solve time = 13.703 ms
bounding omega, min: -56205.75854484335 max: 45355982.65432494 average: 6370.788575913333
[GinkgoSolver] p-cache: reuse(update_matrix_value) solve=27 rebuildInterval=0
Schwarz(Jacobi)+Bicgstab:  Solving for k, Initial residual = 0.0002438713716691516, Final residual = 1.3434710889571637e-05, No Iterations 2, Solve time = 13.545 ms
bounding k, min: -0.0017350493725764582 max: 876.2843329572812 average: 9.13701336394147
[mem] after-turb: DEVICE_POOL current=19126 MB  actual(reserved)=38146 MB  highWater=24414 MB
ExecutionTime = 65.02 s  ClockTime = 65 s

Time = 1028
[mem] step-start: DEVICE_POOL current=19126 MB  actual(reserved)=38146 MB  highWater=24414 MB
Schwarz(Jacobi)+Bicgstab:  Solving for Ux, Initial residual = 7.917343725212642e-05, Final residual = 3.5396312743753187e-06, No Iterations 3, Solve time = 45.745 ms
Schwarz(Jacobi)+Bicgstab:  Solving for Uy, Initial residual = 0.004140444770128938, Final residual = 0.00013457397742287777, No Iterations 3, Solve time = 45.745 ms
Schwarz(Jacobi)+Bicgstab:  Solving for Uz, Initial residual = 0.001099225970931552, Final residual = 3.787988128668686e-05, No Iterations 3, Solve time = 45.745 ms
[mem] after-UEqn: DEVICE_POOL current=19126 MB  actual(reserved)=38146 MB  highWater=24414 MB
[GinkgoSolver] p-cache: reuse(update_matrix_value) solve=28 rebuildInterval=0
config(Cg+Multigrid):  Solving for p, Initial residual = 0.0012928110008133774, Final residual = 1.2729560349271855e-05, No Iterations 18, Solve time = 208.461 ms
time step continuity errors : sum local = 3.187924337658074e-06, global = 5.561742738702744e-09, cumulative = 4.3579574585643953e-08
[mem] after-pEqn: DEVICE_POOL current=19126 MB  actual(reserved)=38146 MB  highWater=24414 MB
[GinkgoSolver] p-cache: reuse(update_matrix_value) solve=28 rebuildInterval=0
Schwarz(Jacobi)+Bicgstab:  Solving for omega, Initial residual = 1.2781011112764943e-05, Final residual = 8.327117494008104e-07, No Iterations 2, Solve time = 13.608 ms
bounding omega, min: -54874.42290105639 max: 45355982.66027576 average: 6370.706589885204
[GinkgoSolver] p-cache: reuse(update_matrix_value) solve=28 rebuildInterval=0
Schwarz(Jacobi)+Bicgstab:  Solving for k, Initial residual = 0.000244065514348953, Final residual = 1.3564545350141115e-05, No Iterations 2, Solve time = 13.652 ms
bounding k, min: -0.0017092207679168109 max: 875.4406187384789 average: 9.136385800742442
[mem] after-turb: DEVICE_POOL current=19126 MB  actual(reserved)=38146 MB  highWater=24414 MB
ExecutionTime = 65.84 s  ClockTime = 66 s

Time = 1029
[mem] step-start: DEVICE_POOL current=19126 MB  actual(reserved)=38146 MB  highWater=24414 MB
Schwarz(Jacobi)+Bicgstab:  Solving for Ux, Initial residual = 7.917223576400673e-05, Final residual = 3.921286869174134e-06, No Iterations 3, Solve time = 45.655 ms
Schwarz(Jacobi)+Bicgstab:  Solving for Uy, Initial residual = 0.00416101962430847, Final residual = 0.00013469421704801637, No Iterations 3, Solve time = 45.655 ms
Schwarz(Jacobi)+Bicgstab:  Solving for Uz, Initial residual = 0.0010966183765925874, Final residual = 3.3489465929503134e-05, No Iterations 3, Solve time = 45.655 ms
[mem] after-UEqn: DEVICE_POOL current=19126 MB  actual(reserved)=38146 MB  highWater=24414 MB
[GinkgoSolver] p-cache: reuse(update_matrix_value) solve=29 rebuildInterval=0
config(Cg+Multigrid):  Solving for p, Initial residual = 0.0012918330953465246, Final residual = 1.1738032075799116e-05, No Iterations 19, Solve time = 214.702 ms
time step continuity errors : sum local = 2.939090489059797e-06, global = 3.7137623330857775e-09, cumulative = 4.7293336918729733e-08
[mem] after-pEqn: DEVICE_POOL current=19126 MB  actual(reserved)=38146 MB  highWater=24414 MB
[GinkgoSolver] p-cache: reuse(update_matrix_value) solve=29 rebuildInterval=0
Schwarz(Jacobi)+Bicgstab:  Solving for omega, Initial residual = 1.2792136034436795e-05, Final residual = 8.352873924441657e-07, No Iterations 2, Solve time = 13.546 ms
bounding omega, min: -54916.47544491674 max: 45355982.666296035 average: 6370.6391203709045
[GinkgoSolver] p-cache: reuse(update_matrix_value) solve=29 rebuildInterval=0
Schwarz(Jacobi)+Bicgstab:  Solving for k, Initial residual = 0.00024433367232327865, Final residual = 1.3802173856095013e-05, No Iterations 2, Solve time = 13.62 ms
bounding k, min: -0.0007680029725106799 max: 874.7435729885042 average: 9.135755319086746
[mem] after-turb: DEVICE_POOL current=19126 MB  actual(reserved)=38146 MB  highWater=24414 MB
ExecutionTime = 66.68000000000001 s  ClockTime = 67 s

Time = 1030
[mem] step-start: DEVICE_POOL current=19126 MB  actual(reserved)=38146 MB  highWater=24414 MB
Schwarz(Jacobi)+Bicgstab:  Solving for Ux, Initial residual = 7.919305367253801e-05, Final residual = 4.455124832954116e-06, No Iterations 2, Solve time = 35.693 ms
Schwarz(Jacobi)+Bicgstab:  Solving for Uy, Initial residual = 0.0041796475695084385, Final residual = 0.0003521830798393572, No Iterations 2, Solve time = 35.693 ms
Schwarz(Jacobi)+Bicgstab:  Solving for Uz, Initial residual = 0.00109462435938842, Final residual = 7.63202582437486e-05, No Iterations 2, Solve time = 35.693 ms
[mem] after-UEqn: DEVICE_POOL current=19126 MB  actual(reserved)=38146 MB  highWater=24414 MB
[GinkgoSolver] p-cache: reuse(update_matrix_value) solve=30 rebuildInterval=0
config(Cg+Multigrid):  Solving for p, Initial residual = 0.001292625327457291, Final residual = 1.190368388795445e-05, No Iterations 19, Solve time = 218.236 ms
time step continuity errors : sum local = 2.9797365702461824e-06, global = 1.7875447409420696e-09, cumulative = 4.90808816596718e-08
[mem] after-pEqn: DEVICE_POOL current=19126 MB  actual(reserved)=38146 MB  highWater=24414 MB
[GinkgoSolver] p-cache: reuse(update_matrix_value) solve=30 rebuildInterval=0
Schwarz(Jacobi)+Bicgstab:  Solving for omega, Initial residual = 1.2825523101628708e-05, Final residual = 8.410256209978973e-07, No Iterations 2, Solve time = 13.628 ms
bounding omega, min: -268134.60398954304 max: 45355982.67311589 average: 6370.567171329912
[GinkgoSolver] p-cache: reuse(update_matrix_value) solve=30 rebuildInterval=0
Schwarz(Jacobi)+Bicgstab:  Solving for k, Initial residual = 0.00024485791455124736, Final residual = 1.4174153041072323e-05, No Iterations 2, Solve time = 13.648 ms
bounding k, min: -3.8904026612713964e-05 max: 874.2015659261554 average: 9.135137574311118
[mem] after-turb: DEVICE_POOL current=19126 MB  actual(reserved)=38146 MB  highWater=24414 MB
ExecutionTime = 67.51000000000001 s  ClockTime = 68 s

Time = 1031
[mem] step-start: DEVICE_POOL current=19126 MB  actual(reserved)=38146 MB  highWater=24414 MB
Schwarz(Jacobi)+Bicgstab:  Solving for Ux, Initial residual = 7.936217775031194e-05, Final residual = 4.50564516797217e-06, No Iterations 2, Solve time = 35.933 ms
Schwarz(Jacobi)+Bicgstab:  Solving for Uy, Initial residual = 0.004177130392910225, Final residual = 0.0006896780340088707, No Iterations 2, Solve time = 35.933 ms
Schwarz(Jacobi)+Bicgstab:  Solving for Uz, Initial residual = 0.001098719231454823, Final residual = 7.557750782468093e-05, No Iterations 2, Solve time = 35.933 ms
[mem] after-UEqn: DEVICE_POOL current=19126 MB  actual(reserved)=38146 MB  highWater=24414 MB
[GinkgoSolver] p-cache: reuse(update_matrix_value) solve=31 rebuildInterval=0
config(Cg+Multigrid):  Solving for p, Initial residual = 0.001291363655950878, Final residual = 1.1960123710270634e-05, No Iterations 19, Solve time = 217.535 ms
time step continuity errors : sum local = 2.9927196323366632e-06, global = -7.429094613174792e-11, cumulative = 4.900659071354005e-08
[mem] after-pEqn: DEVICE_POOL current=19126 MB  actual(reserved)=38146 MB  highWater=24414 MB
[GinkgoSolver] p-cache: reuse(update_matrix_value) solve=31 rebuildInterval=0
Schwarz(Jacobi)+Bicgstab:  Solving for omega, Initial residual = 1.2848788959644616e-05, Final residual = 8.407001623613978e-07, No Iterations 2, Solve time = 13.662 ms
bounding omega, min: -52788.07837426186 max: 45355982.68067871 average: 6370.627696254851
[GinkgoSolver] p-cache: reuse(update_matrix_value) solve=31 rebuildInterval=0
Schwarz(Jacobi)+Bicgstab:  Solving for k, Initial residual = 0.0002451012314474432, Final residual = 1.4446238687431487e-05, No Iterations 2, Solve time = 13.621 ms
bounding k, min: -0.00040884876481625467 max: 873.7746373361185 average: 9.134749458469164
[mem] after-turb: DEVICE_POOL current=19126 MB  actual(reserved)=38146 MB  highWater=24414 MB
ExecutionTime = 68.34 s  ClockTime = 68 s

Time = 1032
[mem] step-start: DEVICE_POOL current=19126 MB  actual(reserved)=38146 MB  highWater=24414 MB
Schwarz(Jacobi)+Bicgstab:  Solving for Ux, Initial residual = 7.933032400554792e-05, Final residual = 3.694576862564107e-06, No Iterations 3, Solve time = 45.656 ms
Schwarz(Jacobi)+Bicgstab:  Solving for Uy, Initial residual = 0.004231773113408775, Final residual = 0.00013175287918605586, No Iterations 3, Solve time = 45.656 ms
Schwarz(Jacobi)+Bicgstab:  Solving for Uz, Initial residual = 0.001098420513240699, Final residual = 4.724693142135774e-05, No Iterations 3, Solve time = 45.656 ms
[mem] after-UEqn: DEVICE_POOL current=19126 MB  actual(reserved)=38146 MB  highWater=24414 MB
[GinkgoSolver] p-cache: reuse(update_matrix_value) solve=32 rebuildInterval=0
config(Cg+Multigrid):  Solving for p, Initial residual = 0.0012912927796339708, Final residual = 1.1818489560819857e-05, No Iterations 19, Solve time = 213.144 ms
time step continuity errors : sum local = 2.956302990552817e-06, global = 8.203586104489276e-10, cumulative = 4.982694932398898e-08
[mem] after-pEqn: DEVICE_POOL current=19126 MB  actual(reserved)=38146 MB  highWater=24414 MB
[GinkgoSolver] p-cache: reuse(update_matrix_value) solve=32 rebuildInterval=0
Schwarz(Jacobi)+Bicgstab:  Solving for omega, Initial residual = 1.2848291468085481e-05, Final residual = 8.41556141082407e-07, No Iterations 2, Solve time = 13.591 ms
bounding omega, min: -51883.364445288404 max: 45355982.68900959 average: 6370.670408205308
[GinkgoSolver] p-cache: reuse(update_matrix_value) solve=32 rebuildInterval=0
Schwarz(Jacobi)+Bicgstab:  Solving for k, Initial residual = 0.0002455697229189163, Final residual = 1.4590696907550996e-05, No Iterations 2, Solve time = 13.62 ms
bounding k, min: -0.00021245202996761651 max: 873.4332973579757 average: 9.134243883845313
[mem] after-turb: DEVICE_POOL current=19126 MB  actual(reserved)=38146 MB  highWater=24414 MB
ExecutionTime = 69.17 s  ClockTime = 69 s

Time = 1033
[mem] step-start: DEVICE_POOL current=19126 MB  actual(reserved)=38146 MB  highWater=24414 MB
Schwarz(Jacobi)+Bicgstab:  Solving for Ux, Initial residual = 7.937909638440992e-05, Final residual = 8.83535850936409e-07, No Iterations 4, Solve time = 55.584 ms
Schwarz(Jacobi)+Bicgstab:  Solving for Uy, Initial residual = 0.004245143846594621, Final residual = 0.0002137031180841178, No Iterations 4, Solve time = 55.584 ms
Schwarz(Jacobi)+Bicgstab:  Solving for Uz, Initial residual = 0.001097338262998142, Final residual = 4.8223927049879674e-05, No Iterations 4, Solve time = 55.584 ms
[mem] after-UEqn: DEVICE_POOL current=19126 MB  actual(reserved)=38146 MB  highWater=24414 MB
[GinkgoSolver] p-cache: reuse(update_matrix_value) solve=33 rebuildInterval=0
config(Cg+Multigrid):  Solving for p, Initial residual = 0.001283806230515923, Final residual = 1.1569206922574953e-05, No Iterations 19, Solve time = 216.022 ms
time step continuity errors : sum local = 2.8932102053384678e-06, global = 3.0153414784774194e-09, cumulative = 5.28422908024664e-08
[mem] after-pEqn: DEVICE_POOL current=19126 MB  actual(reserved)=38146 MB  highWater=24414 MB
[GinkgoSolver] p-cache: reuse(update_matrix_value) solve=33 rebuildInterval=0
Schwarz(Jacobi)+Bicgstab:  Solving for omega, Initial residual = 1.2829470978098076e-05, Final residual = 8.430387771440187e-07, No Iterations 2, Solve time = 13.684 ms
bounding omega, min: -51026.307975162716 max: 45355982.69648776 average: 6370.697744847405
[GinkgoSolver] p-cache: reuse(update_matrix_value) solve=33 rebuildInterval=0
Schwarz(Jacobi)+Bicgstab:  Solving for k, Initial residual = 0.00024589199410481174, Final residual = 1.4419962228800333e-05, No Iterations 2, Solve time = 13.591 ms
bounding k, min: -0.0006791153136793994 max: 873.1665219525894 average: 9.13358352805993
[mem] after-turb: DEVICE_POOL current=19126 MB  actual(reserved)=38146 MB  highWater=24414 MB
ExecutionTime = 70.02 s  ClockTime = 70 s

Time = 1034
[mem] step-start: DEVICE_POOL current=19126 MB  actual(reserved)=38146 MB  highWater=24414 MB
Schwarz(Jacobi)+Bicgstab:  Solving for Ux, Initial residual = 7.926987870724449e-05, Final residual = 3.471245103218118e-06, No Iterations 3, Solve time = 45.642 ms
Schwarz(Jacobi)+Bicgstab:  Solving for Uy, Initial residual = 0.004257674559188939, Final residual = 0.00013688694046539148, No Iterations 3, Solve time = 45.642 ms
Schwarz(Jacobi)+Bicgstab:  Solving for Uz, Initial residual = 0.0010978542073856836, Final residual = 3.873226311847429e-05, No Iterations 3, Solve time = 45.642 ms
[mem] after-UEqn: DEVICE_POOL current=19126 MB  actual(reserved)=38146 MB  highWater=24414 MB
[GinkgoSolver] p-cache: reuse(update_matrix_value) solve=34 rebuildInterval=0
config(Cg+Multigrid):  Solving for p, Initial residual = 0.0012870559528184334, Final residual = 1.2500822581008832e-05, No Iterations 18, Solve time = 207.784 ms
time step continuity errors : sum local = 3.125826226944999e-06, global = 5.8817192347368915e-09, cumulative = 5.872401003720329e-08
[mem] after-pEqn: DEVICE_POOL current=19126 MB  actual(reserved)=38146 MB  highWater=24414 MB
[GinkgoSolver] p-cache: reuse(update_matrix_value) solve=34 rebuildInterval=0
Schwarz(Jacobi)+Bicgstab:  Solving for omega, Initial residual = 1.2844828740056975e-05, Final residual = 8.49134958684995e-07, No Iterations 2, Solve time = 13.606 ms
bounding omega, min: -228356.01415087763 max: 45355982.70191512 average: 6370.710595885959
[GinkgoSolver] p-cache: reuse(update_matrix_value) solve=34 rebuildInterval=0
Schwarz(Jacobi)+Bicgstab:  Solving for k, Initial residual = 0.0002465004989906573, Final residual = 1.3694664966757052e-05, No Iterations 2, Solve time = 13.664 ms
bounding k, min: -0.000410111782197008 max: 872.9512655210173 average: 9.132985929690099
[mem] after-turb: DEVICE_POOL current=19126 MB  actual(reserved)=38146 MB  highWater=24414 MB
ExecutionTime = 70.84 s  ClockTime = 71 s

Time = 1035
[mem] step-start: DEVICE_POOL current=19126 MB  actual(reserved)=38146 MB  highWater=24414 MB
Schwarz(Jacobi)+Bicgstab:  Solving for Ux, Initial residual = 7.940354851919011e-05, Final residual = 5.492681382520552e-06, No Iterations 2, Solve time = 36.151 ms
Schwarz(Jacobi)+Bicgstab:  Solving for Uy, Initial residual = 0.00426250209861747, Final residual = 0.0004156026932824816, No Iterations 2, Solve time = 36.151 ms
Schwarz(Jacobi)+Bicgstab:  Solving for Uz, Initial residual = 0.001099182248563348, Final residual = 7.572876490231831e-05, No Iterations 2, Solve time = 36.151 ms
[mem] after-UEqn: DEVICE_POOL current=19126 MB  actual(reserved)=38146 MB  highWater=24414 MB
[GinkgoSolver] p-cache: reuse(update_matrix_value) solve=35 rebuildInterval=0
config(Cg+Multigrid):  Solving for p, Initial residual = 0.0013057709377565245, Final residual = 1.228792097854148e-05, No Iterations 18, Solve time = 209.026 ms
time step continuity errors : sum local = 3.0728078392517985e-06, global = 9.803356261378507e-09, cumulative = 6.85273662985818e-08
[mem] after-pEqn: DEVICE_POOL current=19126 MB  actual(reserved)=38146 MB  highWater=24414 MB
[GinkgoSolver] p-cache: reuse(update_matrix_value) solve=35 rebuildInterval=0
Schwarz(Jacobi)+Bicgstab:  Solving for omega, Initial residual = 1.2896984133174686e-05, Final residual = 8.573408403126329e-07, No Iterations 2, Solve time = 13.602 ms
bounding omega, min: -48881.89849198073 max: 45355982.70368961 average: 6370.774833709439
[GinkgoSolver] p-cache: reuse(update_matrix_value) solve=35 rebuildInterval=0
Schwarz(Jacobi)+Bicgstab:  Solving for k, Initial residual = 0.00024734643666587226, Final residual = 1.315850503359852e-05, No Iterations 2, Solve time = 13.612 ms
bounding k, min: -0.001611287981883671 max: 872.737146426449 average: 9.132486651649101
[mem] after-turb: DEVICE_POOL current=19126 MB  actual(reserved)=38146 MB  highWater=24414 MB
ExecutionTime = 71.66 s  ClockTime = 72 s

Time = 1036
[mem] step-start: DEVICE_POOL current=19126 MB  actual(reserved)=38146 MB  highWater=24414 MB
Schwarz(Jacobi)+Bicgstab:  Solving for Ux, Initial residual = 7.977314644649307e-05, Final residual = 4.255357087154436e-06, No Iterations 3, Solve time = 45.786 ms
Schwarz(Jacobi)+Bicgstab:  Solving for Uy, Initial residual = 0.004245651715906956, Final residual = 0.00015639622225745674, No Iterations 3, Solve time = 45.786 ms
Schwarz(Jacobi)+Bicgstab:  Solving for Uz, Initial residual = 0.001106414085324804, Final residual = 6.111819662432302e-05, No Iterations 3, Solve time = 45.786 ms
[mem] after-UEqn: DEVICE_POOL current=19126 MB  actual(reserved)=38146 MB  highWater=24414 MB
[GinkgoSolver] p-cache: reuse(update_matrix_value) solve=36 rebuildInterval=0
config(Cg+Multigrid):  Solving for p, Initial residual = 0.0013017562654750736, Final residual = 1.2119489212866313e-05, No Iterations 18, Solve time = 205.646 ms
time step continuity errors : sum local = 3.031330947819069e-06, global = 1.4296710390498983e-08, cumulative = 8.282407668908077e-08
[mem] after-pEqn: DEVICE_POOL current=19126 MB  actual(reserved)=38146 MB  highWater=24414 MB
[GinkgoSolver] p-cache: reuse(update_matrix_value) solve=36 rebuildInterval=0
Schwarz(Jacobi)+Bicgstab:  Solving for omega, Initial residual = 1.2929503539322713e-05, Final residual = 8.644889390481324e-07, No Iterations 2, Solve time = 13.595 ms
bounding omega, min: -48357.46971687493 max: 45355982.70097573 average: 6370.8222337118095
[GinkgoSolver] p-cache: reuse(update_matrix_value) solve=36 rebuildInterval=0
Schwarz(Jacobi)+Bicgstab:  Solving for k, Initial residual = 0.0002478406199410098, Final residual = 1.3516491790270558e-05, No Iterations 2, Solve time = 13.574 ms
bounding k, min: -0.0010154055525632508 max: 872.5609647658284 average: 9.132028723469594
[mem] after-turb: DEVICE_POOL current=19126 MB  actual(reserved)=38146 MB  highWater=24414 MB
ExecutionTime = 72.48999999999999 s  ClockTime = 73 s

Time = 1037
[mem] step-start: DEVICE_POOL current=19126 MB  actual(reserved)=38146 MB  highWater=24414 MB
Schwarz(Jacobi)+Bicgstab:  Solving for Ux, Initial residual = 7.993884459898979e-05, Final residual = 6.4375355567634185e-06, No Iterations 3, Solve time = 45.593 ms
Schwarz(Jacobi)+Bicgstab:  Solving for Uy, Initial residual = 0.004247081068950758, Final residual = 0.00014618068347913436, No Iterations 3, Solve time = 45.593 ms
Schwarz(Jacobi)+Bicgstab:  Solving for Uz, Initial residual = 0.0011104697230984006, Final residual = 6.479598700728963e-05, No Iterations 3, Solve time = 45.593 ms
[mem] after-UEqn: DEVICE_POOL current=19126 MB  actual(reserved)=38146 MB  highWater=24414 MB
[GinkgoSolver] p-cache: reuse(update_matrix_value) solve=37 rebuildInterval=0
config(Cg+Multigrid):  Solving for p, Initial residual = 0.001307842801716574, Final residual = 1.1832253265634213e-05, No Iterations 18, Solve time = 206.556 ms
time step continuity errors : sum local = 2.960711151264738e-06, global = 1.896035590679048e-08, cumulative = 1.0178443259587125e-07
[mem] after-pEqn: DEVICE_POOL current=19126 MB  actual(reserved)=38146 MB  highWater=24414 MB
[GinkgoSolver] p-cache: reuse(update_matrix_value) solve=37 rebuildInterval=0
Schwarz(Jacobi)+Bicgstab:  Solving for omega, Initial residual = 1.2992699302658166e-05, Final residual = 8.804477083982715e-07, No Iterations 2, Solve time = 13.663 ms
bounding omega, min: -47327.481548937816 max: 45355982.694608256 average: 6370.926840372287
[GinkgoSolver] p-cache: reuse(update_matrix_value) solve=37 rebuildInterval=0
Schwarz(Jacobi)+Bicgstab:  Solving for k, Initial residual = 0.0002485308506603666, Final residual = 1.355378761788181e-05, No Iterations 2, Solve time = 13.668 ms
bounding k, min: -0.007835948712352443 max: 872.4153752422546 average: 9.131762448969722
[mem] after-turb: DEVICE_POOL current=19126 MB  actual(reserved)=38146 MB  highWater=24414 MB
ExecutionTime = 73.31 s  ClockTime = 74 s

Time = 1038
[mem] step-start: DEVICE_POOL current=19126 MB  actual(reserved)=38146 MB  highWater=24414 MB
Schwarz(Jacobi)+Bicgstab:  Solving for Ux, Initial residual = 8.023484156248398e-05, Final residual = 3.4338288030728703e-06, No Iterations 3, Solve time = 45.601 ms
Schwarz(Jacobi)+Bicgstab:  Solving for Uy, Initial residual = 0.004258683527959971, Final residual = 0.00013977987153992937, No Iterations 3, Solve time = 45.601 ms
Schwarz(Jacobi)+Bicgstab:  Solving for Uz, Initial residual = 0.001113588748474678, Final residual = 3.582390023971083e-05, No Iterations 3, Solve time = 45.601 ms
[mem] after-UEqn: DEVICE_POOL current=19126 MB  actual(reserved)=38146 MB  highWater=24414 MB
[GinkgoSolver] p-cache: reuse(update_matrix_value) solve=38 rebuildInterval=0
config(Cg+Multigrid):  Solving for p, Initial residual = 0.0013023698448665789, Final residual = 1.1784159630729915e-05, No Iterations 18, Solve time = 205.86 ms
time step continuity errors : sum local = 2.950281444492354e-06, global = 2.4073451983912235e-08, cumulative = 1.2585788457978348e-07
[mem] after-pEqn: DEVICE_POOL current=19126 MB  actual(reserved)=38146 MB  highWater=24414 MB
[GinkgoSolver] p-cache: reuse(update_matrix_value) solve=38 rebuildInterval=0
Schwarz(Jacobi)+Bicgstab:  Solving for omega, Initial residual = 1.3005436537220319e-05, Final residual = 8.854593579137838e-07, No Iterations 2, Solve time = 13.663 ms
bounding omega, min: -326261.19436137914 max: 45355982.68503275 average: 6370.997270858154
[GinkgoSolver] p-cache: reuse(update_matrix_value) solve=38 rebuildInterval=0
Schwarz(Jacobi)+Bicgstab:  Solving for k, Initial residual = 0.00024889732130161735, Final residual = 1.3515734908024762e-05, No Iterations 2, Solve time = 13.617 ms
bounding k, min: -0.006647609368408608 max: 872.2850620128287 average: 9.131396079529955
[mem] after-turb: DEVICE_POOL current=19126 MB  actual(reserved)=38146 MB  highWater=24414 MB
ExecutionTime = 74.14 s  ClockTime = 74 s

Time = 1039
[mem] step-start: DEVICE_POOL current=19126 MB  actual(reserved)=38146 MB  highWater=24414 MB
Schwarz(Jacobi)+Bicgstab:  Solving for Ux, Initial residual = 8.023738142255695e-05, Final residual = 3.895175335184577e-06, No Iterations 4, Solve time = 55.623 ms
Schwarz(Jacobi)+Bicgstab:  Solving for Uy, Initial residual = 0.0042771852322674156, Final residual = 0.00012703356303020002, No Iterations 4, Solve time = 55.623 ms
Schwarz(Jacobi)+Bicgstab:  Solving for Uz, Initial residual = 0.0011130665252308014, Final residual = 2.5078712602336795e-05, No Iterations 4, Solve time = 55.623 ms
[mem] after-UEqn: DEVICE_POOL current=19126 MB  actual(reserved)=38146 MB  highWater=24414 MB
[GinkgoSolver] p-cache: reuse(update_matrix_value) solve=39 rebuildInterval=0
config(Cg+Multigrid):  Solving for p, Initial residual = 0.0013010124406915098, Final residual = 1.2011616167362386e-05, No Iterations 18, Solve time = 204.777 ms
time step continuity errors : sum local = 3.00926754255664e-06, global = 2.804899752415984e-08, cumulative = 1.5390688210394333e-07
[mem] after-pEqn: DEVICE_POOL current=19126 MB  actual(reserved)=38146 MB  highWater=24414 MB
[GinkgoSolver] p-cache: reuse(update_matrix_value) solve=39 rebuildInterval=0
Schwarz(Jacobi)+Bicgstab:  Solving for omega, Initial residual = 1.302659056772335e-05, Final residual = 8.888639362161353e-07, No Iterations 2, Solve time = 13.512 ms
bounding omega, min: -45531.291328127314 max: 45355982.672363915 average: 6371.083047390321
[GinkgoSolver] p-cache: reuse(update_matrix_value) solve=39 rebuildInterval=0
Schwarz(Jacobi)+Bicgstab:  Solving for k, Initial residual = 0.0002492948950618899, Final residual = 1.3188712010404001e-05, No Iterations 2, Solve time = 13.59 ms
bounding k, min: -0.010369470483197772 max: 872.1629121404237 average: 9.131082158815166
[mem] after-turb: DEVICE_POOL current=19126 MB  actual(reserved)=38146 MB  highWater=24414 MB
ExecutionTime = 74.98 s  ClockTime = 75 s

Time = 1040
[mem] step-start: DEVICE_POOL current=19126 MB  actual(reserved)=38146 MB  highWater=24414 MB
Schwarz(Jacobi)+Bicgstab:  Solving for Ux, Initial residual = 8.032702896244032e-05, Final residual = 2.9900073800228198e-06, No Iterations 4, Solve time = 55.641 ms
Schwarz(Jacobi)+Bicgstab:  Solving for Uy, Initial residual = 0.004298302189941767, Final residual = 0.00019007117025769088, No Iterations 4, Solve time = 55.641 ms
Schwarz(Jacobi)+Bicgstab:  Solving for Uz, Initial residual = 0.0011115148854395835, Final residual = 2.0371279156168462e-05, No Iterations 4, Solve time = 55.641 ms
[mem] after-UEqn: DEVICE_POOL current=19126 MB  actual(reserved)=38146 MB  highWater=24414 MB
[GinkgoSolver] p-cache: reuse(update_matrix_value) solve=40 rebuildInterval=0
config(Cg+Multigrid):  Solving for p, Initial residual = 0.0012959451156161945, Final residual = 1.2673092483478927e-05, No Iterations 18, Solve time = 208.007 ms
time step continuity errors : sum local = 3.1775045725488762e-06, global = 2.7375030725139385e-08, cumulative = 1.8128191282908272e-07
[mem] after-pEqn: DEVICE_POOL current=19126 MB  actual(reserved)=38146 MB  highWater=24414 MB
[GinkgoSolver] p-cache: reuse(update_matrix_value) solve=40 rebuildInterval=0
Schwarz(Jacobi)+Bicgstab:  Solving for omega, Initial residual = 1.3025510866063485e-05, Final residual = 8.899862450081644e-07, No Iterations 2, Solve time = 13.589 ms
bounding omega, min: -44775.6535342673 max: 45355982.65772291 average: 6371.082340398408
[GinkgoSolver] p-cache: reuse(update_matrix_value) solve=40 rebuildInterval=0
Schwarz(Jacobi)+Bicgstab:  Solving for k, Initial residual = 0.00024959575580654015, Final residual = 1.1233558585909241e-05, No Iterations 2, Solve time = 13.593 ms
bounding k, min: -0.06957406905861407 max: 872.029500063952 average: 9.130902185054802
[mem] after-turb: DEVICE_POOL current=19126 MB  actual(reserved)=38146 MB  highWater=24414 MB
ExecutionTime = 75.81999999999999 s  ClockTime = 76 s

Time = 1041
[mem] step-start: DEVICE_POOL current=19126 MB  actual(reserved)=38146 MB  highWater=24414 MB
Schwarz(Jacobi)+Bicgstab:  Solving for Ux, Initial residual = 8.033223514123343e-05, Final residual = 5.516779529116229e-06, No Iterations 3, Solve time = 45.517 ms
Schwarz(Jacobi)+Bicgstab:  Solving for Uy, Initial residual = 0.004323742061913961, Final residual = 0.00014016303881506475, No Iterations 3, Solve time = 45.517 ms
Schwarz(Jacobi)+Bicgstab:  Solving for Uz, Initial residual = 0.0011098008626107157, Final residual = 2.9558903829464634e-05, No Iterations 3, Solve time = 45.517 ms
[mem] after-UEqn: DEVICE_POOL current=19126 MB  actual(reserved)=38146 MB  highWater=24414 MB
[GinkgoSolver] p-cache: reuse(update_matrix_value) solve=41 rebuildInterval=0
config(Cg+Multigrid):  Solving for p, Initial residual = 0.001285589549426764, Final residual = 1.1828130654857113e-05, No Iterations 20, Solve time = 228.258 ms
time step continuity errors : sum local = 2.9683904975173745e-06, global = 1.865247065759264e-08, cumulative = 1.9993438348667536e-07
[mem] after-pEqn: DEVICE_POOL current=19126 MB  actual(reserved)=38146 MB  highWater=24414 MB
[GinkgoSolver] p-cache: reuse(update_matrix_value) solve=41 rebuildInterval=0
Schwarz(Jacobi)+Bicgstab:  Solving for omega, Initial residual = 1.2876128640888898e-05, Final residual = 8.756481383986579e-07, No Iterations 2, Solve time = 13.632 ms
bounding omega, min: -44922.74455072299 max: 45355982.64107229 average: 6370.97844132074
[GinkgoSolver] p-cache: reuse(update_matrix_value) solve=41 rebuildInterval=0
Schwarz(Jacobi)+Bicgstab:  Solving for k, Initial residual = 0.0002490617458259581, Final residual = 1.2652915778066469e-05, No Iterations 2, Solve time = 13.521 ms
bounding k, min: -0.15150022912398586 max: 871.9140882912396 average: 9.130276736237894
[mem] after-turb: DEVICE_POOL current=19126 MB  actual(reserved)=38146 MB  highWater=24414 MB
ExecutionTime = 76.66 s  ClockTime = 77 s

Time = 1042
[mem] step-start: DEVICE_POOL current=19126 MB  actual(reserved)=38146 MB  highWater=24414 MB
Schwarz(Jacobi)+Bicgstab:  Solving for Ux, Initial residual = 7.99608891220843e-05, Final residual = 5.127351807564097e-06, No Iterations 2, Solve time = 35.817 ms
Schwarz(Jacobi)+Bicgstab:  Solving for Uy, Initial residual = 0.004344689620803743, Final residual = 0.0005703714407805613, No Iterations 2, Solve time = 35.817 ms
Schwarz(Jacobi)+Bicgstab:  Solving for Uz, Initial residual = 0.0011068098875862255, Final residual = 5.924014164341882e-05, No Iterations 2, Solve time = 35.817 ms
[mem] after-UEqn: DEVICE_POOL current=19126 MB  actual(reserved)=38146 MB  highWater=24414 MB
[GinkgoSolver] p-cache: reuse(update_matrix_value) solve=42 rebuildInterval=0
config(Cg+Multigrid):  Solving for p, Initial residual = 0.0012903209974398798, Final residual = 1.2366372016924078e-05, No Iterations 20, Solve time = 224.378 ms
time step continuity errors : sum local = 3.1065575406147356e-06, global = 1.081820013761739e-08, cumulative = 2.1075258362429275e-07
[mem] after-pEqn: DEVICE_POOL current=19126 MB  actual(reserved)=38146 MB  highWater=24414 MB
[GinkgoSolver] p-cache: reuse(update_matrix_value) solve=42 rebuildInterval=0
Schwarz(Jacobi)+Bicgstab:  Solving for omega, Initial residual = 1.2913246153292141e-05, Final residual = 8.838077166277264e-07, No Iterations 2, Solve time = 13.623 ms
bounding omega, min: -229979.20829904388 max: 45355982.627941616 average: 6370.864983914924
[GinkgoSolver] p-cache: reuse(update_matrix_value) solve=42 rebuildInterval=0
Schwarz(Jacobi)+Bicgstab:  Solving for k, Initial residual = 0.00024962036290712106, Final residual = 9.999010419167038e-06, No Iterations 3, Solve time = 16.911 ms
bounding k, min: -3.58305499506458e-05 max: 871.8569844435038 average: 9.129690750539934
[mem] after-turb: DEVICE_POOL current=19126 MB  actual(reserved)=38146 MB  highWater=24414 MB
ExecutionTime = 77.5 s  ClockTime = 78 s

Time = 1043
[mem] step-start: DEVICE_POOL current=19126 MB  actual(reserved)=38146 MB  highWater=24414 MB
Schwarz(Jacobi)+Bicgstab:  Solving for Ux, Initial residual = 8.023836787406003e-05, Final residual = 6.3859702755388495e-06, No Iterations 3, Solve time = 45.74 ms
Schwarz(Jacobi)+Bicgstab:  Solving for Uy, Initial residual = 0.004333745009494567, Final residual = 0.00016505644857879256, No Iterations 3, Solve time = 45.74 ms
Schwarz(Jacobi)+Bicgstab:  Solving for Uz, Initial residual = 0.0011100427660360177, Final residual = 4.7548400731131864e-05, No Iterations 3, Solve time = 45.74 ms
[mem] after-UEqn: DEVICE_POOL current=19126 MB  actual(reserved)=38146 MB  highWater=24414 MB
[GinkgoSolver] p-cache: reuse(update_matrix_value) solve=43 rebuildInterval=0
config(Cg+Multigrid):  Solving for p, Initial residual = 0.0012939737947856703, Final residual = 1.255997442017515e-05, No Iterations 20, Solve time = 226.39 ms
time step continuity errors : sum local = 3.1571253857304603e-06, global = 2.4964329558934277e-09, cumulative = 2.1324901658018619e-07
[mem] after-pEqn: DEVICE_POOL current=19126 MB  actual(reserved)=38146 MB  highWater=24414 MB
[GinkgoSolver] p-cache: reuse(update_matrix_value) solve=43 rebuildInterval=0
Schwarz(Jacobi)+Bicgstab:  Solving for omega, Initial residual = 1.3133580328749687e-05, Final residual = 8.905871896989643e-07, No Iterations 2, Solve time = 13.633 ms
bounding omega, min: -45832.16092434092 max: 45355982.614646286 average: 6370.646655412279
[GinkgoSolver] p-cache: reuse(update_matrix_value) solve=43 rebuildInterval=0
Schwarz(Jacobi)+Bicgstab:  Solving for k, Initial residual = 0.00024886577124856205, Final residual = 1.314595002476516e-05, No Iterations 2, Solve time = 13.713 ms
bounding k, min: -8.367311699347628e-05 max: 871.7580685899492 average: 9.1293985954661
[mem] after-turb: DEVICE_POOL current=19126 MB  actual(reserved)=38146 MB  highWater=24414 MB
ExecutionTime = 78.34 s  ClockTime = 79 s

Time = 1044
[mem] step-start: DEVICE_POOL current=19126 MB  actual(reserved)=38146 MB  highWater=24414 MB
Schwarz(Jacobi)+Bicgstab:  Solving for Ux, Initial residual = 8.049760736691077e-05, Final residual = 4.81911523465998e-06, No Iterations 2, Solve time = 35.686 ms
Schwarz(Jacobi)+Bicgstab:  Solving for Uy, Initial residual = 0.004338283049478359, Final residual = 0.0007048185491275086, No Iterations 2, Solve time = 35.686 ms
Schwarz(Jacobi)+Bicgstab:  Solving for Uz, Initial residual = 0.001112625817949449, Final residual = 6.987442139187708e-05, No Iterations 2, Solve time = 35.686 ms
[mem] after-UEqn: DEVICE_POOL current=19126 MB  actual(reserved)=38146 MB  highWater=24414 MB
[GinkgoSolver] p-cache: reuse(update_matrix_value) solve=44 rebuildInterval=0
config(Cg+Multigrid):  Solving for p, Initial residual = 0.001288923474139877, Final residual = 1.278940555628062e-05, No Iterations 20, Solve time = 225.885 ms
time step continuity errors : sum local = 3.215246905535816e-06, global = -5.936324453262517e-09, cumulative = 2.0731269212692367e-07
[mem] after-pEqn: DEVICE_POOL current=19126 MB  actual(reserved)=38146 MB  highWater=24414 MB
[GinkgoSolver] p-cache: reuse(update_matrix_value) solve=44 rebuildInterval=0
Schwarz(Jacobi)+Bicgstab:  Solving for omega, Initial residual = 1.3122852746326018e-05, Final residual = 8.913585145920245e-07, No Iterations 2, Solve time = 13.707 ms
bounding omega, min: -45975.33928070066 max: 45355982.60394974 average: 6370.540103639169
[GinkgoSolver] p-cache: reuse(update_matrix_value) solve=44 rebuildInterval=0
Schwarz(Jacobi)+Bicgstab:  Solving for k, Initial residual = 0.00024921335530503623, Final residual = 1.3482277543603215e-05, No Iterations 2, Solve time = 13.618 ms
bounding k, min: -0.0001845632836512818 max: 871.6041220248519 average: 9.129419434954178
[mem] after-turb: DEVICE_POOL current=19126 MB  actual(reserved)=38146 MB  highWater=24414 MB
ExecutionTime = 79.18000000000001 s  ClockTime = 79 s

Time = 1045
[mem] step-start: DEVICE_POOL current=19126 MB  actual(reserved)=38146 MB  highWater=24414 MB
Schwarz(Jacobi)+Bicgstab:  Solving for Ux, Initial residual = 8.042815679677214e-05, Final residual = 4.4241454810360724e-06, No Iterations 3, Solve time = 45.892 ms
Schwarz(Jacobi)+Bicgstab:  Solving for Uy, Initial residual = 0.0043947710859627565, Final residual = 0.00013978178347857074, No Iterations 3, Solve time = 45.892 ms
Schwarz(Jacobi)+Bicgstab:  Solving for Uz, Initial residual = 0.001113349991144743, Final residual = 4.276995866219453e-05, No Iterations 3, Solve time = 45.892 ms
[mem] after-UEqn: DEVICE_POOL current=19126 MB  actual(reserved)=38146 MB  highWater=24414 MB
[GinkgoSolver] p-cache: reuse(update_matrix_value) solve=45 rebuildInterval=0
config(Cg+Multigrid):  Solving for p, Initial residual = 0.0012868319621019378, Final residual = 1.2036366777996448e-05, No Iterations 21, Solve time = 238.191 ms
time step continuity errors : sum local = 3.0250847445605543e-06, global = -1.3483404826958843e-08, cumulative = 1.9382928729996482e-07
[mem] after-pEqn: DEVICE_POOL current=19126 MB  actual(reserved)=38146 MB  highWater=24414 MB
[GinkgoSolver] p-cache: reuse(update_matrix_value) solve=45 rebuildInterval=0
Schwarz(Jacobi)+Bicgstab:  Solving for omega, Initial residual = 1.3112152956985703e-05, Final residual = 8.949964479686764e-07, No Iterations 2, Solve time = 13.63 ms
bounding omega, min: -46437.09085823585 max: 45355982.5971926 average: 6370.492922668227
[GinkgoSolver] p-cache: reuse(update_matrix_value) solve=45 rebuildInterval=0
Schwarz(Jacobi)+Bicgstab:  Solving for k, Initial residual = 0.0002497615405444609, Final residual = 1.3908884780945674e-05, No Iterations 2, Solve time = 13.589 ms
bounding k, min: -0.00018296015584070755 max: 871.3810380555474 average: 9.129421174763664
[mem] after-turb: DEVICE_POOL current=19126 MB  actual(reserved)=38146 MB  highWater=24414 MB
ExecutionTime = 80.04000000000001 s  ClockTime = 80 s

Time = 1046
[mem] step-start: DEVICE_POOL current=19126 MB  actual(reserved)=38146 MB  highWater=24414 MB
Schwarz(Jacobi)+Bicgstab:  Solving for Ux, Initial residual = 8.045682816344044e-05, Final residual = 5.19414324832733e-06, No Iterations 3, Solve time = 45.578 ms
Schwarz(Jacobi)+Bicgstab:  Solving for Uy, Initial residual = 0.00440697657954951, Final residual = 0.0001396702202369927, No Iterations 3, Solve time = 45.578 ms
Schwarz(Jacobi)+Bicgstab:  Solving for Uz, Initial residual = 0.0011126120040279278, Final residual = 3.733598255160051e-05, No Iterations 3, Solve time = 45.578 ms
[mem] after-UEqn: DEVICE_POOL current=19126 MB  actual(reserved)=38146 MB  highWater=24414 MB
[GinkgoSolver] p-cache: reuse(update_matrix_value) solve=46 rebuildInterval=0
config(Cg+Multigrid):  Solving for p, Initial residual = 0.0012896833393764601, Final residual = 1.2201711891078007e-05, No Iterations 21, Solve time = 235.817 ms
time step continuity errors : sum local = 3.0641720732417348e-06, global = -1.905115096882476e-08, cumulative = 1.7477813633114006e-07
[mem] after-pEqn: DEVICE_POOL current=19126 MB  actual(reserved)=38146 MB  highWater=24414 MB
[GinkgoSolver] p-cache: reuse(update_matrix_value) solve=46 rebuildInterval=0
Schwarz(Jacobi)+Bicgstab:  Solving for omega, Initial residual = 1.3115794973509414e-05, Final residual = 8.973660479841246e-07, No Iterations 2, Solve time = 13.575 ms
bounding omega, min: -191406.17002278857 max: 45355982.5933697 average: 6370.438586145835
[GinkgoSolver] p-cache: reuse(update_matrix_value) solve=46 rebuildInterval=0
Schwarz(Jacobi)+Bicgstab:  Solving for k, Initial residual = 0.0002503513919088548, Final residual = 1.4399721297639239e-05, No Iterations 2, Solve time = 13.667 ms
bounding k, min: -0.002024529231443356 max: 871.1829829305883 average: 9.129528238351096
[mem] after-turb: DEVICE_POOL current=19126 MB  actual(reserved)=38146 MB  highWater=24414 MB
ExecutionTime = 80.89 s  ClockTime = 81 s

Time = 1047
[mem] step-start: DEVICE_POOL current=19126 MB  actual(reserved)=38146 MB  highWater=24414 MB
Schwarz(Jacobi)+Bicgstab:  Solving for Ux, Initial residual = 8.060240215422507e-05, Final residual = 3.6252171061627434e-06, No Iterations 3, Solve time = 45.832 ms
Schwarz(Jacobi)+Bicgstab:  Solving for Uy, Initial residual = 0.00441408587228129, Final residual = 0.00014082740990779182, No Iterations 3, Solve time = 45.832 ms
Schwarz(Jacobi)+Bicgstab:  Solving for Uz, Initial residual = 0.0011130318950016598, Final residual = 3.72924059403967e-05, No Iterations 3, Solve time = 45.832 ms
[mem] after-UEqn: DEVICE_POOL current=19126 MB  actual(reserved)=38146 MB  highWater=24414 MB
[GinkgoSolver] p-cache: reuse(update_matrix_value) solve=47 rebuildInterval=0
config(Cg+Multigrid):  Solving for p, Initial residual = 0.0012870526670322447, Final residual = 1.233673608898913e-05, No Iterations 21, Solve time = 233.536 ms
time step continuity errors : sum local = 3.094256943866924e-06, global = -2.2509957097457666e-08, cumulative = 1.522681792336824e-07
[mem] after-pEqn: DEVICE_POOL current=19126 MB  actual(reserved)=38146 MB  highWater=24414 MB
[GinkgoSolver] p-cache: reuse(update_matrix_value) solve=47 rebuildInterval=0
Schwarz(Jacobi)+Bicgstab:  Solving for omega, Initial residual = 1.311158736155757e-05, Final residual = 8.939126487210813e-07, No Iterations 2, Solve time = 13.595 ms
bounding omega, min: -47119.358606378 max: 45355982.59224038 average: 6370.417579890439
[GinkgoSolver] p-cache: reuse(update_matrix_value) solve=47 rebuildInterval=0
Schwarz(Jacobi)+Bicgstab:  Solving for k, Initial residual = 0.0002507544514364397, Final residual = 1.4746336406619518e-05, No Iterations 2, Solve time = 13.634 ms
bounding k, min: -0.0005257534475565635 max: 870.9376216720811 average: 9.129647345683773
[mem] after-turb: DEVICE_POOL current=19126 MB  actual(reserved)=38146 MB  highWater=24414 MB
ExecutionTime = 81.75 s  ClockTime = 82 s

Time = 1048
[mem] step-start: DEVICE_POOL current=19126 MB  actual(reserved)=38146 MB  highWater=24414 MB
Schwarz(Jacobi)+Bicgstab:  Solving for Ux, Initial residual = 8.061662918155832e-05, Final residual = 4.394249264439525e-06, No Iterations 3, Solve time = 45.66 ms
Schwarz(Jacobi)+Bicgstab:  Solving for Uy, Initial residual = 0.0044160777275650655, Final residual = 0.00014215315395890694, No Iterations 3, Solve time = 45.66 ms
Schwarz(Jacobi)+Bicgstab:  Solving for Uz, Initial residual = 0.001114642274534939, Final residual = 4.12041642442823e-05, No Iterations 3, Solve time = 45.66 ms
[mem] after-UEqn: DEVICE_POOL current=19126 MB  actual(reserved)=38146 MB  highWater=24414 MB
[GinkgoSolver] p-cache: reuse(update_matrix_value) solve=48 rebuildInterval=0
config(Cg+Multigrid):  Solving for p, Initial residual = 0.0012917031533195606, Final residual = 1.22112260969285e-05, No Iterations 21, Solve time = 234.21 ms
time step continuity errors : sum local = 3.0581343592213422e-06, global = -2.4752741014120658e-08, cumulative = 1.2751543821956173e-07
[mem] after-pEqn: DEVICE_POOL current=19126 MB  actual(reserved)=38146 MB  highWater=24414 MB
[GinkgoSolver] p-cache: reuse(update_matrix_value) solve=48 rebuildInterval=0
Schwarz(Jacobi)+Bicgstab:  Solving for omega, Initial residual = 1.3110400142109781e-05, Final residual = 8.898874876183908e-07, No Iterations 2, Solve time = 13.598 ms
bounding omega, min: -47251.4826309357 max: 45355982.59350234 average: 6370.371626222385
[GinkgoSolver] p-cache: reuse(update_matrix_value) solve=48 rebuildInterval=0
Schwarz(Jacobi)+Bicgstab:  Solving for k, Initial residual = 0.0002512067603886965, Final residual = 1.4410873739838147e-05, No Iterations 2, Solve time = 13.621 ms
bounding k, min: -0.002333992070681577 max: 870.6421071190526 average: 9.129865154728735
[mem] after-turb: DEVICE_POOL current=19126 MB  actual(reserved)=38146 MB  highWater=24414 MB
ExecutionTime = 82.59999999999999 s  ClockTime = 83 s

Time = 1049
[mem] step-start: DEVICE_POOL current=19126 MB  actual(reserved)=38146 MB  highWater=24414 MB
Schwarz(Jacobi)+Bicgstab:  Solving for Ux, Initial residual = 8.073523766944205e-05, Final residual = 4.731800077452879e-06, No Iterations 2, Solve time = 35.904 ms
Schwarz(Jacobi)+Bicgstab:  Solving for Uy, Initial residual = 0.004415702952146414, Final residual = 0.0003109760041699134, No Iterations 2, Solve time = 35.904 ms
Schwarz(Jacobi)+Bicgstab:  Solving for Uz, Initial residual = 0.0011174455250258083, Final residual = 7.63806872808788e-05, No Iterations 2, Solve time = 35.904 ms
[mem] after-UEqn: DEVICE_POOL current=19126 MB  actual(reserved)=38146 MB  highWater=24414 MB
[GinkgoSolver] p-cache: reuse(update_matrix_value) solve=49 rebuildInterval=0
config(Cg+Multigrid):  Solving for p, Initial residual = 0.0013013411186707693, Final residual = 1.2598806109960416e-05, No Iterations 20, Solve time = 225.108 ms
time step continuity errors : sum local = 3.1503042196243098e-06, global = -2.6029711126559278e-08, cumulative = 1.0148572709300245e-07
[mem] after-pEqn: DEVICE_POOL current=19126 MB  actual(reserved)=38146 MB  highWater=24414 MB
[GinkgoSolver] p-cache: reuse(update_matrix_value) solve=49 rebuildInterval=0
Schwarz(Jacobi)+Bicgstab:  Solving for omega, Initial residual = 1.311978858391413e-05, Final residual = 8.958111906082234e-07, No Iterations 2, Solve time = 13.644 ms
bounding omega, min: -47478.7893830399 max: 45355982.59709784 average: 6370.377293402037
[GinkgoSolver] p-cache: reuse(update_matrix_value) solve=49 rebuildInterval=0
Schwarz(Jacobi)+Bicgstab:  Solving for k, Initial residual = 0.00025172608320271227, Final residual = 1.448838818162577e-05, No Iterations 2, Solve time = 13.599 ms
bounding k, min: -0.0002493943247080359 max: 870.3251751684447 average: 9.130156597364477
[mem] after-turb: DEVICE_POOL current=19126 MB  actual(reserved)=38146 MB  highWater=24414 MB
ExecutionTime = 83.44 s  ClockTime = 84 s

Time = 1050
[mem] step-start: DEVICE_POOL current=19126 MB  actual(reserved)=38146 MB  highWater=24414 MB
Schwarz(Jacobi)+Bicgstab:  Solving for Ux, Initial residual = 8.093569706193504e-05, Final residual = 4.7365231771754375e-06, No Iterations 2, Solve time = 35.716 ms
Schwarz(Jacobi)+Bicgstab:  Solving for Uy, Initial residual = 0.004402409074557229, Final residual = 0.0006971810392131204, No Iterations 2, Solve time = 35.716 ms
Schwarz(Jacobi)+Bicgstab:  Solving for Uz, Initial residual = 0.0011247979269275088, Final residual = 7.71539053013233e-05, No Iterations 2, Solve time = 35.716 ms
[mem] after-UEqn: DEVICE_POOL current=19126 MB  actual(reserved)=38146 MB  highWater=24414 MB
[GinkgoSolver] p-cache: reuse(update_matrix_value) solve=50 rebuildInterval=0
config(Cg+Multigrid):  Solving for p, Initial residual = 0.0013012163858764296, Final residual = 1.2694764607853763e-05, No Iterations 20, Solve time = 229.01 ms
time step continuity errors : sum local = 3.1702090385673254e-06, global = -2.4978021443003926e-08, cumulative = 7.650770564999853e-08
[mem] after-pEqn: DEVICE_POOL current=19126 MB  actual(reserved)=38146 MB  highWater=24414 MB
[GinkgoSolver] p-cache: reuse(update_matrix_value) solve=50 rebuildInterval=0
Schwarz(Jacobi)+Bicgstab:  Solving for omega, Initial residual = 1.314004696735785e-05, Final residual = 8.980139690145982e-07, No Iterations 2, Solve time = 13.617 ms
bounding omega, min: -140421.72856568557 max: 45355982.60344464 average: 6370.460144723786
[GinkgoSolver] p-cache: reuse(update_matrix_value) solve=50 rebuildInterval=0
Schwarz(Jacobi)+Bicgstab:  Solving for k, Initial residual = 0.0002519115796299589, Final residual = 1.4587999147968154e-05, No Iterations 2, Solve time = 13.599 ms
bounding k, min: -0.0014140404982114854 max: 869.9671565770025 average: 9.130723485200077
[mem] after-turb: DEVICE_POOL current=19126 MB  actual(reserved)=38146 MB  highWater=24414 MB
Writing p
Writing U
Writing turbulence variables
ExecutionTime = 85.44 s  ClockTime = 87 s

Finalizing NeoN
Finalising parallel run
