/*---------------------------------------------------------------------------*\
| =========                 |                                                 |
| \\      /  F ield         | OpenFOAM: The Open Source CFD Toolbox           |
|  \\    /   O peration     | Version:  2506                                  |
|   \\  /    A nd           | Website:  www.openfoam.com                      |
|    \\/     M anipulation  |                                                 |
\*---------------------------------------------------------------------------*/
Build  : b050cd9480-20250814 OPENFOAM=2506 version=v2506
Arch   : "LSB;label=32;scalar=64"
Exec   : /storage/home/greole/code/NeoFOAM/build/profilingnvidia_h200/bin/neoSimpleFoam -parallel
Date   : Jul 14 2026
Time   : 21:39:57
Host   : gpu-nvidia-h200-3.int.coma-cluster.de
PID    : 3699360
I/O    : uncollated
Case   : /storage/home/greole/code/NeoFOAM/occDrivAerStaticMesh
nProcs : 4
Hosts  :
(
    (gpu-nvidia-h200-3.int.coma-cluster.de 4)
)
Pstream initialized with:
    node communication : off [type=host] (4 ranks, 1 nodes)
    topology controls  : none
    consensus exchange : 0 (tuning: 0)
    exchange algorithm : 0
    commsType          : nonBlocking
    polling iterations : 0
trapFpe: Floating point exception trapping enabled (FOAM_SIGFPE).
fileModificationChecking : Monitoring run-time modified files using timeStampMaster (fileModificationSkew 5, maxFileModificationPolls 20)
allowSystemOperations : Allowing user-supplied system call operations

// * * * * * * * * * * * * * * * * * * * * * * * * * * * * * * * * * * * * * //
Create time

Initializing NeoN
Creating Executor GPU
Creating NeoFOAM runTime
GPU-aware MPI: library-available=yes, NeoN-flag=on, executor=GPUExecutor, ranks=4 -> used=yes

SIMPLE: no convergence criteria found. Calculations will run for 50 steps.

Reading field p

Reading field U

Reading/calculating face flux field phi

Selecting incompressible transport model Newtonian
NeoFOAM solver config (from fvSolution configFile) for 'config(Cg+Multigrid)':
{
    cacheSolver: true
    configFile: <NeoN::TokenList>
    l1ScaledResidual: true
    preconditionerRebuildInterval: 0
    relTol: 0.010000
    reportName: config(Cg+Multigrid)
    solver: Ginkgo
    tolerance: 0.000000
}
    effective optimize: false
    effective checkFrequency: 1
Mapping OpenFOAM solver settings to NeoN settings.
Currently, it is advisable to specify a configFile
for fine grained Ginkgo solver control

Replacing solver PBiCGStab by solver::Bicgstab
Replacing preconditioner diagonal by preconditioner::Schwarz (Schwarz-wrapped for distributed run)
NeoFOAM solver config (mapped from fvSolution) for 'Schwarz(Jacobi)+Bicgstab':
{
    cacheSolver: true
    criteria: {
        absolute_residual_norm: 0.000000
        initial_residual_norm: 0.100000
        iteration: 1000
    }
    l1ScaledResidual: true
    optimize: true
    preconditioner: {
        local_solver: {
            max_block_size: 1
            type: preconditioner::Jacobi
        }
        type: preconditioner::Schwarz
    }
    reportName: Schwarz(Jacobi)+Bicgstab
    solver: Ginkgo
    type: solver::Bicgstab
}
    effective optimize: true
    effective checkFrequency: 1
Creating phi

[NF][/storage/home/greole/code/NeoFOAM/include/NeoFOAM/auxiliary/readers.hpp::434]: Internal: 49333487, Boundary: 1754396

[NF][/storage/home/greole/code/NeoFOAM/include/NeoFOAM/auxiliary/readers.hpp::434]: Internal: 49320882, Boundary: 1762558

[NF][/storage/home/greole/code/NeoFOAM/include/NeoFOAM/auxiliary/readers.hpp::434]: Internal: 49261542, Boundary: 1427829

[NF][/storage/home/greole/code/NeoFOAM/include/NeoFOAM/auxiliary/readers.hpp::434]: Internal: 49243125, Boundary: 1362247
Selecting patchDistMethod meshWave
Mapping OpenFOAM solver settings to NeoN settings.
Currently, it is advisable to specify a configFile
for fine grained Ginkgo solver control

Replacing solver PBiCGStab by solver::Bicgstab
Replacing preconditioner diagonal by preconditioner::Schwarz (Schwarz-wrapped for distributed run)
NeoFOAM solver config (mapped from fvSolution) for 'Schwarz(Jacobi)+Bicgstab':
{
    cacheSolver: true
    criteria: {
        absolute_residual_norm: 0.000000
        initial_residual_norm: 0.100000
        iteration: 1000
    }
    l1ScaledResidual: true
    optimize: true
    preconditioner: {
        local_solver: {
            max_block_size: 1
            type: preconditioner::Jacobi
        }
        type: preconditioner::Schwarz
    }
    reportName: Schwarz(Jacobi)+Bicgstab
    solver: Ginkgo
    type: solver::Bicgstab
}
    effective optimize: true
    effective checkFrequency: 1
Mapping OpenFOAM solver settings to NeoN settings.
Currently, it is advisable to specify a configFile
for fine grained Ginkgo solver control

Replacing solver PBiCGStab by solver::Bicgstab
Replacing preconditioner diagonal by preconditioner::Schwarz (Schwarz-wrapped for distributed run)
NeoFOAM solver config (mapped from fvSolution) for 'Schwarz(Jacobi)+Bicgstab':
{
    cacheSolver: true
    criteria: {
        absolute_residual_norm: 0.000000
        initial_residual_norm: 0.100000
        iteration: 1000
    }
    l1ScaledResidual: true
    optimize: true
    preconditioner: {
        local_solver: {
            max_block_size: 1
            type: preconditioner::Jacobi
        }
        type: preconditioner::Schwarz
    }
    reportName: Schwarz(Jacobi)+Bicgstab
    solver: Ginkgo
    type: solver::Bicgstab
}
    effective optimize: true
    effective checkFrequency: 1
[mem] setup.end: DEVICE_POOL current=12979 MB  actual(reserved)=38146 MB  highWater=19132 MB
Starting time loop
Time = 1001
[mem] step-start: DEVICE_POOL current=12979 MB  actual(reserved)=38146 MB  highWater=19132 MB
Schwarz(Jacobi)+Bicgstab:  Solving for Ux, Initial residual = 7.915653595473796e-05, Final residual = 3.1179240294668236e-06, No Iterations 3, Solve time = 237.554 ms
Schwarz(Jacobi)+Bicgstab:  Solving for Uy, Initial residual = 0.0040314963885018755, Final residual = 0.00014160852369410657, No Iterations 3, Solve time = 237.554 ms
Schwarz(Jacobi)+Bicgstab:  Solving for Uz, Initial residual = 0.0011224948656558269, Final residual = 4.8975396728925595e-05, No Iterations 3, Solve time = 237.554 ms
[mem] after-UEqn: DEVICE_POOL current=15473 MB  actual(reserved)=38146 MB  highWater=20761 MB
[GinkgoSolver] p-cache: rebuild(generate) solve=1 rebuildInterval=0
config(Cg+Multigrid):  Solving for p, Initial residual = 0.001309217842172225, Final residual = 1.2648229825165179e-05, No Iterations 7, Solve time = 1056.976 ms
time step continuity errors : sum local = 3.1940984483494374e-06, global = 2.6825990900930095e-08, cumulative = 2.6825990900930095e-08
[mem] after-pEqn: DEVICE_POOL current=16941 MB  actual(reserved)=38146 MB  highWater=20761 MB
[GinkgoSolver] p-cache: rebuild(generate) solve=1 rebuildInterval=0
Schwarz(Jacobi)+Bicgstab:  Solving for omega, Initial residual = 1.300843380385489e-05, Final residual = 9.269143898512485e-07, No Iterations 2, Solve time = 75.819 ms
bounding omega, min: -36013.91473316252 max: 45355982.77769651 average: 6373.865166761054
[GinkgoSolver] p-cache: rebuild(generate) solve=1 rebuildInterval=0
Schwarz(Jacobi)+Bicgstab:  Solving for k, Initial residual = 0.0002422414223277497, Final residual = 9.44841854521866e-06, No Iterations 3, Solve time = 97.727 ms
bounding k, min: -2.4548539827770104e-05 max: 942.8725715543734 average: 9.152758373922822
[mem] after-turb: DEVICE_POOL current=19126 MB  actual(reserved)=38146 MB  highWater=21935 MB
ExecutionTime = 48.46 s  ClockTime = 48 s

Time = 1002
[mem] step-start: DEVICE_POOL current=19126 MB  actual(reserved)=38146 MB  highWater=21935 MB
Schwarz(Jacobi)+Bicgstab:  Solving for Ux, Initial residual = 7.875141997953793e-05, Final residual = 2.9916889988215137e-06, No Iterations 3, Solve time = 219.283 ms
Schwarz(Jacobi)+Bicgstab:  Solving for Uy, Initial residual = 0.004033750372033957, Final residual = 0.00014053004853852122, No Iterations 3, Solve time = 219.283 ms
Schwarz(Jacobi)+Bicgstab:  Solving for Uz, Initial residual = 0.0011190670236354515, Final residual = 4.113238277376838e-05, No Iterations 3, Solve time = 219.283 ms
[mem] after-UEqn: DEVICE_POOL current=19126 MB  actual(reserved)=38146 MB  highWater=24414 MB
[GinkgoSolver] p-cache: reuse(update_matrix_value) solve=2 rebuildInterval=0
config(Cg+Multigrid):  Solving for p, Initial residual = 0.0012773851164967155, Final residual = 1.2223908138902578e-05, No Iterations 7, Solve time = 1061.015 ms
time step continuity errors : sum local = 3.089431293355373e-06, global = 1.5072303459565463e-08, cumulative = 4.189829436049556e-08
[mem] after-pEqn: DEVICE_POOL current=19126 MB  actual(reserved)=38146 MB  highWater=24414 MB
[GinkgoSolver] p-cache: reuse(update_matrix_value) solve=2 rebuildInterval=0
Schwarz(Jacobi)+Bicgstab:  Solving for omega, Initial residual = 1.3119535928115087e-05, Final residual = 8.756312184971912e-07, No Iterations 2, Solve time = 76.785 ms
bounding omega, min: -94327.03479053246 max: 45355982.85226546 average: 6373.581983038429
[GinkgoSolver] p-cache: reuse(update_matrix_value) solve=2 rebuildInterval=0
Schwarz(Jacobi)+Bicgstab:  Solving for k, Initial residual = 0.00024149215881355142, Final residual = 1.1411376186193947e-05, No Iterations 2, Solve time = 73.992 ms
bounding k, min: -0.0002927603193706921 max: 934.2963876021146 average: 9.15249228067675
[mem] after-turb: DEVICE_POOL current=19126 MB  actual(reserved)=38146 MB  highWater=24414 MB
ExecutionTime = 51.12 s  ClockTime = 51 s

Time = 1003
[mem] step-start: DEVICE_POOL current=19126 MB  actual(reserved)=38146 MB  highWater=24414 MB
Schwarz(Jacobi)+Bicgstab:  Solving for Ux, Initial residual = 7.857947989765934e-05, Final residual = 2.411206285738412e-06, No Iterations 3, Solve time = 222.139 ms
Schwarz(Jacobi)+Bicgstab:  Solving for Uy, Initial residual = 0.004030550466274627, Final residual = 0.00013665730562703173, No Iterations 3, Solve time = 222.139 ms
Schwarz(Jacobi)+Bicgstab:  Solving for Uz, Initial residual = 0.0011176280921579458, Final residual = 3.9113864494728255e-05, No Iterations 3, Solve time = 222.139 ms
[mem] after-UEqn: DEVICE_POOL current=19126 MB  actual(reserved)=38146 MB  highWater=24414 MB
[GinkgoSolver] p-cache: reuse(update_matrix_value) solve=3 rebuildInterval=0
config(Cg+Multigrid):  Solving for p, Initial residual = 0.0012684348506221766, Final residual = 1.1979240043560531e-05, No Iterations 7, Solve time = 1054.699 ms
time step continuity errors : sum local = 3.0278036799142937e-06, global = 1.7003871742879103e-09, cumulative = 4.359868153478347e-08
[mem] after-pEqn: DEVICE_POOL current=19126 MB  actual(reserved)=38146 MB  highWater=24414 MB
[GinkgoSolver] p-cache: reuse(update_matrix_value) solve=3 rebuildInterval=0
Schwarz(Jacobi)+Bicgstab:  Solving for omega, Initial residual = 1.2975824933874583e-05, Final residual = 8.495313225369173e-07, No Iterations 2, Solve time = 87.189 ms
bounding omega, min: -36289.42636917925 max: 45355982.939926036 average: 6373.455417241578
[GinkgoSolver] p-cache: reuse(update_matrix_value) solve=3 rebuildInterval=0
Schwarz(Jacobi)+Bicgstab:  Solving for k, Initial residual = 0.0002412755128158823, Final residual = 1.311547036678756e-05, No Iterations 2, Solve time = 73.836 ms
bounding k, min: -0.0006912049927140784 max: 922.3644825936326 average: 9.15231951195091
[mem] after-turb: DEVICE_POOL current=19126 MB  actual(reserved)=38146 MB  highWater=24414 MB
ExecutionTime = 53.78 s  ClockTime = 54 s

Time = 1004
[mem] step-start: DEVICE_POOL current=19126 MB  actual(reserved)=38146 MB  highWater=24414 MB
Schwarz(Jacobi)+Bicgstab:  Solving for Ux, Initial residual = 7.84735998322376e-05, Final residual = 2.051001512299054e-06, No Iterations 3, Solve time = 223.532 ms
Schwarz(Jacobi)+Bicgstab:  Solving for Uy, Initial residual = 0.0040252560389694644, Final residual = 0.0001330796265229799, No Iterations 3, Solve time = 223.532 ms
Schwarz(Jacobi)+Bicgstab:  Solving for Uz, Initial residual = 0.0011172776866587059, Final residual = 4.119377496500171e-05, No Iterations 3, Solve time = 223.532 ms
[mem] after-UEqn: DEVICE_POOL current=19126 MB  actual(reserved)=38146 MB  highWater=24414 MB
[GinkgoSolver] p-cache: reuse(update_matrix_value) solve=4 rebuildInterval=0
config(Cg+Multigrid):  Solving for p, Initial residual = 0.001266788887072347, Final residual = 1.2041551720350804e-05, No Iterations 7, Solve time = 1061.968 ms
time step continuity errors : sum local = 3.0427077053865016e-06, global = -1.1177409848855376e-08, cumulative = 3.2421271685928095e-08
[mem] after-pEqn: DEVICE_POOL current=19126 MB  actual(reserved)=38146 MB  highWater=24414 MB
[GinkgoSolver] p-cache: reuse(update_matrix_value) solve=4 rebuildInterval=0
Schwarz(Jacobi)+Bicgstab:  Solving for omega, Initial residual = 1.2864579057183182e-05, Final residual = 8.407447251708641e-07, No Iterations 2, Solve time = 91.031 ms
bounding omega, min: -34577.066258111765 max: 45355983.023981854 average: 6373.60135496717
[GinkgoSolver] p-cache: reuse(update_matrix_value) solve=4 rebuildInterval=0
Schwarz(Jacobi)+Bicgstab:  Solving for k, Initial residual = 0.0002412386043906357, Final residual = 1.371337144600102e-05, No Iterations 2, Solve time = 72.994 ms
bounding k, min: -0.005384963370712613 max: 907.5291292210688 average: 9.152104926344345
[mem] after-turb: DEVICE_POOL current=19126 MB  actual(reserved)=38146 MB  highWater=24414 MB
ExecutionTime = 56.44 s  ClockTime = 57 s

Time = 1005
[mem] step-start: DEVICE_POOL current=19126 MB  actual(reserved)=38146 MB  highWater=24414 MB
Schwarz(Jacobi)+Bicgstab:  Solving for Ux, Initial residual = 7.835961412418995e-05, Final residual = 3.875284734486543e-06, No Iterations 2, Solve time = 179.691 ms
Schwarz(Jacobi)+Bicgstab:  Solving for Uy, Initial residual = 0.0040196584613198146, Final residual = 0.0002499571012980247, No Iterations 2, Solve time = 179.691 ms
Schwarz(Jacobi)+Bicgstab:  Solving for Uz, Initial residual = 0.0011174899656130534, Final residual = 6.369361574104137e-05, No Iterations 2, Solve time = 179.691 ms
[mem] after-UEqn: DEVICE_POOL current=19126 MB  actual(reserved)=38146 MB  highWater=24414 MB
[GinkgoSolver] p-cache: reuse(update_matrix_value) solve=5 rebuildInterval=0
config(Cg+Multigrid):  Solving for p, Initial residual = 0.0012734788969386505, Final residual = 1.26785971246444e-05, No Iterations 7, Solve time = 1066.154 ms
time step continuity errors : sum local = 3.2021855712274024e-06, global = -2.0308951749841797e-08, cumulative = 1.2112319936086297e-08
[mem] after-pEqn: DEVICE_POOL current=19126 MB  actual(reserved)=38146 MB  highWater=24414 MB
[GinkgoSolver] p-cache: reuse(update_matrix_value) solve=5 rebuildInterval=0
Schwarz(Jacobi)+Bicgstab:  Solving for omega, Initial residual = 1.2846865826665906e-05, Final residual = 8.45513686820203e-07, No Iterations 2, Solve time = 74.43 ms
bounding omega, min: -35273.946830268316 max: 45355983.087740116 average: 6373.771045362755
[GinkgoSolver] p-cache: reuse(update_matrix_value) solve=5 rebuildInterval=0
Schwarz(Jacobi)+Bicgstab:  Solving for k, Initial residual = 0.0002416442689434698, Final residual = 1.3723853315554675e-05, No Iterations 2, Solve time = 73.081 ms
bounding k, min: -0.002308754925380803 max: 900.3326809199473 average: 9.15193448445357
[mem] after-turb: DEVICE_POOL current=19126 MB  actual(reserved)=38146 MB  highWater=24414 MB
ExecutionTime = 59.03 s  ClockTime = 59 s

Time = 1006
[mem] step-start: DEVICE_POOL current=19126 MB  actual(reserved)=38146 MB  highWater=24414 MB
Schwarz(Jacobi)+Bicgstab:  Solving for Ux, Initial residual = 7.84494653712647e-05, Final residual = 2.463496933316645e-06, No Iterations 3, Solve time = 216.296 ms
Schwarz(Jacobi)+Bicgstab:  Solving for Uy, Initial residual = 0.004011434106735123, Final residual = 0.0001533387116471228, No Iterations 3, Solve time = 216.296 ms
Schwarz(Jacobi)+Bicgstab:  Solving for Uz, Initial residual = 0.001119127840554492, Final residual = 6.15076340785532e-05, No Iterations 3, Solve time = 216.296 ms
[mem] after-UEqn: DEVICE_POOL current=19126 MB  actual(reserved)=38146 MB  highWater=24414 MB
[GinkgoSolver] p-cache: reuse(update_matrix_value) solve=6 rebuildInterval=0
config(Cg+Multigrid):  Solving for p, Initial residual = 0.0012719394540410388, Final residual = 1.1751217854401251e-05, No Iterations 8, Solve time = 1184.608 ms
time step continuity errors : sum local = 2.966342709943018e-06, global = -2.870511174258276e-08, cumulative = -1.6592791806496463e-08
[mem] after-pEqn: DEVICE_POOL current=19126 MB  actual(reserved)=38146 MB  highWater=24414 MB
[GinkgoSolver] p-cache: reuse(update_matrix_value) solve=6 rebuildInterval=0
Schwarz(Jacobi)+Bicgstab:  Solving for omega, Initial residual = 1.281005382664263e-05, Final residual = 8.412510516629862e-07, No Iterations 2, Solve time = 90.136 ms
bounding omega, min: -127838.6462991306 max: 45355983.12089583 average: 6373.932028441096
[GinkgoSolver] p-cache: reuse(update_matrix_value) solve=6 rebuildInterval=0
Schwarz(Jacobi)+Bicgstab:  Solving for k, Initial residual = 0.00024171155764555363, Final residual = 1.349410297801444e-05, No Iterations 2, Solve time = 72.9 ms
bounding k, min: -0.002353462384025118 max: 894.4475943742464 average: 9.151719172780185
[mem] after-turb: DEVICE_POOL current=19126 MB  actual(reserved)=38146 MB  highWater=24414 MB
ExecutionTime = 61.79 s  ClockTime = 62 s

Time = 1007
[mem] step-start: DEVICE_POOL current=19126 MB  actual(reserved)=38146 MB  highWater=24414 MB
Schwarz(Jacobi)+Bicgstab:  Solving for Ux, Initial residual = 7.839015603256908e-05, Final residual = 4.254498572435058e-06, No Iterations 2, Solve time = 159.97 ms
Schwarz(Jacobi)+Bicgstab:  Solving for Uy, Initial residual = 0.004008799371370271, Final residual = 0.000497734279767567, No Iterations 2, Solve time = 159.97 ms
Schwarz(Jacobi)+Bicgstab:  Solving for Uz, Initial residual = 0.0011200408372854225, Final residual = 7.053084359871496e-05, No Iterations 2, Solve time = 159.97 ms
[mem] after-UEqn: DEVICE_POOL current=19126 MB  actual(reserved)=38146 MB  highWater=24414 MB
[GinkgoSolver] p-cache: reuse(update_matrix_value) solve=7 rebuildInterval=0
config(Cg+Multigrid):  Solving for p, Initial residual = 0.0012860388773973843, Final residual = 1.0946617841257583e-05, No Iterations 8, Solve time = 1192.67 ms
time step continuity errors : sum local = 2.7609546897794035e-06, global = -3.2693089906533537e-08, cumulative = -4.928588171303e-08
[mem] after-pEqn: DEVICE_POOL current=19126 MB  actual(reserved)=38146 MB  highWater=24414 MB
[GinkgoSolver] p-cache: reuse(update_matrix_value) solve=7 rebuildInterval=0
Schwarz(Jacobi)+Bicgstab:  Solving for omega, Initial residual = 1.2811460778044653e-05, Final residual = 8.377116828566959e-07, No Iterations 2, Solve time = 78.797 ms
bounding omega, min: -33660.57733755511 max: 45355983.11756487 average: 6374.070576045791
[GinkgoSolver] p-cache: reuse(update_matrix_value) solve=7 rebuildInterval=0
Schwarz(Jacobi)+Bicgstab:  Solving for k, Initial residual = 0.0002422010426081735, Final residual = 1.3417574167498479e-05, No Iterations 2, Solve time = 73.502 ms
bounding k, min: -0.0009459430964846548 max: 892.806593452922 average: 9.151416307402569
[mem] after-turb: DEVICE_POOL current=19126 MB  actual(reserved)=38146 MB  highWater=24414 MB
ExecutionTime = 64.45999999999999 s  ClockTime = 65 s

Time = 1008
[mem] step-start: DEVICE_POOL current=19126 MB  actual(reserved)=38146 MB  highWater=24414 MB
Schwarz(Jacobi)+Bicgstab:  Solving for Ux, Initial residual = 7.857711739573647e-05, Final residual = 4.280584661779865e-06, No Iterations 2, Solve time = 186.331 ms
Schwarz(Jacobi)+Bicgstab:  Solving for Uy, Initial residual = 0.003987126964798464, Final residual = 0.000733884792073168, No Iterations 2, Solve time = 186.331 ms
Schwarz(Jacobi)+Bicgstab:  Solving for Uz, Initial residual = 0.0011230927714245722, Final residual = 6.399164086631286e-05, No Iterations 2, Solve time = 186.331 ms
[mem] after-UEqn: DEVICE_POOL current=19126 MB  actual(reserved)=38146 MB  highWater=24414 MB
[GinkgoSolver] p-cache: reuse(update_matrix_value) solve=8 rebuildInterval=0
config(Cg+Multigrid):  Solving for p, Initial residual = 0.0012819607197546276, Final residual = 1.0614173063836144e-05, No Iterations 8, Solve time = 1201.096 ms
time step continuity errors : sum local = 2.6754734921767385e-06, global = -3.8893833834844647e-08, cumulative = -8.817971554787465e-08
[mem] after-pEqn: DEVICE_POOL current=19126 MB  actual(reserved)=38146 MB  highWater=24414 MB
[GinkgoSolver] p-cache: reuse(update_matrix_value) solve=8 rebuildInterval=0
Schwarz(Jacobi)+Bicgstab:  Solving for omega, Initial residual = 1.278110908778452e-05, Final residual = 8.353386375994984e-07, No Iterations 2, Solve time = 82.836 ms
bounding omega, min: -37984.66225146995 max: 45355983.05576691 average: 6374.178786944254
[GinkgoSolver] p-cache: reuse(update_matrix_value) solve=8 rebuildInterval=0
Schwarz(Jacobi)+Bicgstab:  Solving for k, Initial residual = 0.00024211203764841407, Final residual = 1.3454292061285469e-05, No Iterations 2, Solve time = 74.559 ms
bounding k, min: -0.0008805873626728522 max: 891.4293732212412 average: 9.15122172395564
[mem] after-turb: DEVICE_POOL current=19126 MB  actual(reserved)=38146 MB  highWater=24414 MB
ExecutionTime = 67.16 s  ClockTime = 67 s

Time = 1009
[mem] step-start: DEVICE_POOL current=19126 MB  actual(reserved)=38146 MB  highWater=24414 MB
Schwarz(Jacobi)+Bicgstab:  Solving for Ux, Initial residual = 7.842971750217007e-05, Final residual = 2.6017232629588806e-06, No Iterations 3, Solve time = 211.471 ms
Schwarz(Jacobi)+Bicgstab:  Solving for Uy, Initial residual = 0.0040375355095813616, Final residual = 0.000134793999376448, No Iterations 3, Solve time = 211.471 ms
Schwarz(Jacobi)+Bicgstab:  Solving for Uz, Initial residual = 0.0011166233701403376, Final residual = 0.0001168780764822594, No Iterations 3, Solve time = 211.471 ms
[mem] after-UEqn: DEVICE_POOL current=19126 MB  actual(reserved)=38146 MB  highWater=24414 MB
[GinkgoSolver] p-cache: reuse(update_matrix_value) solve=9 rebuildInterval=0
config(Cg+Multigrid):  Solving for p, Initial residual = 0.0012932297490091922, Final residual = 1.0889853248533643e-05, No Iterations 8, Solve time = 1178.707 ms
time step continuity errors : sum local = 2.7430587256820806e-06, global = -3.974933009929085e-08, cumulative = -1.279290456471655e-07
[mem] after-pEqn: DEVICE_POOL current=19126 MB  actual(reserved)=38146 MB  highWater=24414 MB
[GinkgoSolver] p-cache: reuse(update_matrix_value) solve=9 rebuildInterval=0
Schwarz(Jacobi)+Bicgstab:  Solving for omega, Initial residual = 1.2745078217184156e-05, Final residual = 8.340763346166665e-07, No Iterations 2, Solve time = 79.76 ms
bounding omega, min: -37063.20266846558 max: 45355982.89157691 average: 6374.215434585434
[GinkgoSolver] p-cache: reuse(update_matrix_value) solve=9 rebuildInterval=0
Schwarz(Jacobi)+Bicgstab:  Solving for k, Initial residual = 0.00024221703704114877, Final residual = 1.3351472088646522e-05, No Iterations 2, Solve time = 74.391 ms
bounding k, min: -0.0014975754288322554 max: 891.9617077516716 average: 9.150629386420206
[mem] after-turb: DEVICE_POOL current=19126 MB  actual(reserved)=38146 MB  highWater=24414 MB
ExecutionTime = 69.92 s  ClockTime = 70 s

Time = 1010
[mem] step-start: DEVICE_POOL current=19126 MB  actual(reserved)=38146 MB  highWater=24414 MB
Schwarz(Jacobi)+Bicgstab:  Solving for Ux, Initial residual = 7.836850075362346e-05, Final residual = 2.8544562046146527e-06, No Iterations 3, Solve time = 236.722 ms
Schwarz(Jacobi)+Bicgstab:  Solving for Uy, Initial residual = 0.004060811434500425, Final residual = 0.0001357157196458262, No Iterations 3, Solve time = 236.722 ms
Schwarz(Jacobi)+Bicgstab:  Solving for Uz, Initial residual = 0.0011004680163921598, Final residual = 4.4686059647871303e-05, No Iterations 3, Solve time = 236.722 ms
[mem] after-UEqn: DEVICE_POOL current=19126 MB  actual(reserved)=38146 MB  highWater=24414 MB
[GinkgoSolver] p-cache: reuse(update_matrix_value) solve=10 rebuildInterval=0
config(Cg+Multigrid):  Solving for p, Initial residual = 0.001275411975330348, Final residual = 1.0703066108574416e-05, No Iterations 8, Solve time = 1178.179 ms
time step continuity errors : sum local = 2.69446737413716e-06, global = -3.938360972725219e-08, cumulative = -1.6731265537441768e-07
[mem] after-pEqn: DEVICE_POOL current=19126 MB  actual(reserved)=38146 MB  highWater=24414 MB
[GinkgoSolver] p-cache: reuse(update_matrix_value) solve=10 rebuildInterval=0
Schwarz(Jacobi)+Bicgstab:  Solving for omega, Initial residual = 1.2722850989756033e-05, Final residual = 8.333137105452152e-07, No Iterations 2, Solve time = 79.809 ms
bounding omega, min: -164850.58043772297 max: 45355982.67010239 average: 6374.186727453958
[GinkgoSolver] p-cache: reuse(update_matrix_value) solve=10 rebuildInterval=0
Schwarz(Jacobi)+Bicgstab:  Solving for k, Initial residual = 0.0002422462053900083, Final residual = 1.3167727009151993e-05, No Iterations 2, Solve time = 72.97 ms
bounding k, min: -0.001908165027752505 max: 892.1157642595707 average: 9.149999688272974
[mem] after-turb: DEVICE_POOL current=19126 MB  actual(reserved)=38146 MB  highWater=24414 MB
ExecutionTime = 72.67 s  ClockTime = 73 s

Time = 1011
[mem] step-start: DEVICE_POOL current=19126 MB  actual(reserved)=38146 MB  highWater=24414 MB
Schwarz(Jacobi)+Bicgstab:  Solving for Ux, Initial residual = 7.831927425273725e-05, Final residual = 3.2885687434429427e-06, No Iterations 3, Solve time = 254.797 ms
Schwarz(Jacobi)+Bicgstab:  Solving for Uy, Initial residual = 0.0040736026130128245, Final residual = 0.0001372106674045856, No Iterations 3, Solve time = 254.797 ms
Schwarz(Jacobi)+Bicgstab:  Solving for Uz, Initial residual = 0.0010940320634460932, Final residual = 4.121214500702826e-05, No Iterations 3, Solve time = 254.797 ms
[mem] after-UEqn: DEVICE_POOL current=19126 MB  actual(reserved)=38146 MB  highWater=24414 MB
[GinkgoSolver] p-cache: reuse(update_matrix_value) solve=11 rebuildInterval=0
config(Cg+Multigrid):  Solving for p, Initial residual = 0.0012707899659080012, Final residual = 1.0349997875761018e-05, No Iterations 8, Solve time = 1194.464 ms
time step continuity errors : sum local = 2.6040724129147122e-06, global = -3.6862885945967425e-08, cumulative = -2.0417554132038512e-07
[mem] after-pEqn: DEVICE_POOL current=19126 MB  actual(reserved)=38146 MB  highWater=24414 MB
[GinkgoSolver] p-cache: reuse(update_matrix_value) solve=11 rebuildInterval=0
Schwarz(Jacobi)+Bicgstab:  Solving for omega, Initial residual = 1.2709423709698117e-05, Final residual = 8.285686715962091e-07, No Iterations 2, Solve time = 78.748 ms
bounding omega, min: -37720.029714331955 max: 45355982.661337905 average: 6374.125863258627
[GinkgoSolver] p-cache: reuse(update_matrix_value) solve=11 rebuildInterval=0
Schwarz(Jacobi)+Bicgstab:  Solving for k, Initial residual = 0.0002422706950016306, Final residual = 1.2669442501833409e-05, No Iterations 2, Solve time = 72.339 ms
bounding k, min: -0.0005388340636102683 max: 892.835540740973 average: 9.149297901515853
[mem] after-turb: DEVICE_POOL current=19126 MB  actual(reserved)=38146 MB  highWater=24414 MB
ExecutionTime = 75.43000000000001 s  ClockTime = 76 s

Time = 1012
[mem] step-start: DEVICE_POOL current=19126 MB  actual(reserved)=38146 MB  highWater=24414 MB
Schwarz(Jacobi)+Bicgstab:  Solving for Ux, Initial residual = 7.832330139795662e-05, Final residual = 4.238214167183985e-06, No Iterations 2, Solve time = 168.194 ms
Schwarz(Jacobi)+Bicgstab:  Solving for Uy, Initial residual = 0.00407597611235683, Final residual = 0.0004980953636175766, No Iterations 2, Solve time = 168.194 ms
Schwarz(Jacobi)+Bicgstab:  Solving for Uz, Initial residual = 0.0010917433632946366, Final residual = 6.273952255239774e-05, No Iterations 2, Solve time = 168.194 ms
[mem] after-UEqn: DEVICE_POOL current=19126 MB  actual(reserved)=38146 MB  highWater=24414 MB
[GinkgoSolver] p-cache: reuse(update_matrix_value) solve=12 rebuildInterval=0
config(Cg+Multigrid):  Solving for p, Initial residual = 0.0012873055677076817, Final residual = 9.716786469877431e-06, No Iterations 8, Solve time = 1188.966 ms
time step continuity errors : sum local = 2.4432535315755187e-06, global = -3.302899191579593e-08, cumulative = -2.3720453323618104e-07
[mem] after-pEqn: DEVICE_POOL current=19126 MB  actual(reserved)=38146 MB  highWater=24414 MB
[GinkgoSolver] p-cache: reuse(update_matrix_value) solve=12 rebuildInterval=0
Schwarz(Jacobi)+Bicgstab:  Solving for omega, Initial residual = 1.2721852997891128e-05, Final residual = 8.319442556958692e-07, No Iterations 2, Solve time = 79.11 ms
bounding omega, min: -39592.42018707221 max: 45355982.70049193 average: 6373.95610818755
[GinkgoSolver] p-cache: reuse(update_matrix_value) solve=12 rebuildInterval=0
Schwarz(Jacobi)+Bicgstab:  Solving for k, Initial residual = 0.00024259851624209097, Final residual = 1.237758114370206e-05, No Iterations 2, Solve time = 73.788 ms
bounding k, min: -0.0001624878314142198 max: 893.014520718875 average: 9.148475763720105
[mem] after-turb: DEVICE_POOL current=19126 MB  actual(reserved)=38146 MB  highWater=24414 MB
ExecutionTime = 78.09999999999999 s  ClockTime = 78 s

Time = 1013
[mem] step-start: DEVICE_POOL current=19126 MB  actual(reserved)=38146 MB  highWater=24414 MB
Schwarz(Jacobi)+Bicgstab:  Solving for Ux, Initial residual = 7.856018364210953e-05, Final residual = 2.9257740885307966e-06, No Iterations 3, Solve time = 218.997 ms
Schwarz(Jacobi)+Bicgstab:  Solving for Uy, Initial residual = 0.004046190446227531, Final residual = 0.0001531473375666558, No Iterations 3, Solve time = 218.997 ms
Schwarz(Jacobi)+Bicgstab:  Solving for Uz, Initial residual = 0.0010951751077498601, Final residual = 6.532621602410537e-05, No Iterations 3, Solve time = 218.997 ms
[mem] after-UEqn: DEVICE_POOL current=19126 MB  actual(reserved)=38146 MB  highWater=24414 MB
[GinkgoSolver] p-cache: reuse(update_matrix_value) solve=13 rebuildInterval=0
config(Cg+Multigrid):  Solving for p, Initial residual = 0.001282931887914245, Final residual = 1.2511436242977524e-05, No Iterations 7, Solve time = 1057.51 ms
time step continuity errors : sum local = 3.1440996528256163e-06, global = -2.809452167965313e-08, cumulative = -2.652990549158342e-07
[mem] after-pEqn: DEVICE_POOL current=19126 MB  actual(reserved)=38146 MB  highWater=24414 MB
[GinkgoSolver] p-cache: reuse(update_matrix_value) solve=13 rebuildInterval=0
Schwarz(Jacobi)+Bicgstab:  Solving for omega, Initial residual = 1.2712083058393062e-05, Final residual = 8.351835799643558e-07, No Iterations 2, Solve time = 73.82 ms
bounding omega, min: -40107.74942813547 max: 45355982.75228564 average: 6373.772025699062
[GinkgoSolver] p-cache: reuse(update_matrix_value) solve=13 rebuildInterval=0
Schwarz(Jacobi)+Bicgstab:  Solving for k, Initial residual = 0.00024245613451837574, Final residual = 1.2200867803137269e-05, No Iterations 2, Solve time = 73.926 ms
bounding k, min: -0.0016898338680439579 max: 893.2123954068707 average: 9.147631475041257
[mem] after-turb: DEVICE_POOL current=19126 MB  actual(reserved)=38146 MB  highWater=24414 MB
ExecutionTime = 80.72 s  ClockTime = 81 s

Time = 1014
[mem] step-start: DEVICE_POOL current=19126 MB  actual(reserved)=38146 MB  highWater=24414 MB
Schwarz(Jacobi)+Bicgstab:  Solving for Ux, Initial residual = 7.854590726866788e-05, Final residual = 3.511410359041937e-06, No Iterations 3, Solve time = 223.221 ms
Schwarz(Jacobi)+Bicgstab:  Solving for Uy, Initial residual = 0.004033067684785654, Final residual = 0.00014707208170270639, No Iterations 3, Solve time = 223.221 ms
Schwarz(Jacobi)+Bicgstab:  Solving for Uz, Initial residual = 0.001099867909784583, Final residual = 6.417219322464125e-05, No Iterations 3, Solve time = 223.221 ms
[mem] after-UEqn: DEVICE_POOL current=19126 MB  actual(reserved)=38146 MB  highWater=24414 MB
[GinkgoSolver] p-cache: reuse(update_matrix_value) solve=14 rebuildInterval=0
config(Cg+Multigrid):  Solving for p, Initial residual = 0.0012804135767371665, Final residual = 1.1372261567996624e-05, No Iterations 8, Solve time = 1189.623 ms
time step continuity errors : sum local = 2.856143241830266e-06, global = -2.659563554282098e-08, cumulative = -2.918946904586552e-07
[mem] after-pEqn: DEVICE_POOL current=19126 MB  actual(reserved)=38146 MB  highWater=24414 MB
[GinkgoSolver] p-cache: reuse(update_matrix_value) solve=14 rebuildInterval=0
Schwarz(Jacobi)+Bicgstab:  Solving for omega, Initial residual = 1.2713182493275894e-05, Final residual = 8.371340434597811e-07, No Iterations 2, Solve time = 92.42 ms
bounding omega, min: -261445.4005335957 max: 45355982.78422598 average: 6373.534783526155
[GinkgoSolver] p-cache: reuse(update_matrix_value) solve=14 rebuildInterval=0
Schwarz(Jacobi)+Bicgstab:  Solving for k, Initial residual = 0.00024247356141314513, Final residual = 1.2108973904796932e-05, No Iterations 2, Solve time = 73.003 ms
bounding k, min: -0.0019958304670109894 max: 892.8589775145674 average: 9.146770726933516
[mem] after-turb: DEVICE_POOL current=19126 MB  actual(reserved)=38146 MB  highWater=24414 MB
ExecutionTime = 83.48 s  ClockTime = 84 s

Time = 1015
[mem] step-start: DEVICE_POOL current=19126 MB  actual(reserved)=38146 MB  highWater=24414 MB
Schwarz(Jacobi)+Bicgstab:  Solving for Ux, Initial residual = 7.856580163227941e-05, Final residual = 3.841492322760446e-06, No Iterations 3, Solve time = 235.316 ms
Schwarz(Jacobi)+Bicgstab:  Solving for Uy, Initial residual = 0.004032231028406785, Final residual = 0.00014092609960205532, No Iterations 3, Solve time = 235.316 ms
Schwarz(Jacobi)+Bicgstab:  Solving for Uz, Initial residual = 0.001102258202120419, Final residual = 4.803390153674152e-05, No Iterations 3, Solve time = 235.316 ms
[mem] after-UEqn: DEVICE_POOL current=19126 MB  actual(reserved)=38146 MB  highWater=24414 MB
[GinkgoSolver] p-cache: reuse(update_matrix_value) solve=15 rebuildInterval=0
config(Cg+Multigrid):  Solving for p, Initial residual = 0.0012817951933191889, Final residual = 1.2136328772766187e-05, No Iterations 7, Solve time = 1053.199 ms
time step continuity errors : sum local = 3.0457905177276144e-06, global = -2.558714788169104e-08, cumulative = -3.174818383403462e-07
[mem] after-pEqn: DEVICE_POOL current=19126 MB  actual(reserved)=38146 MB  highWater=24414 MB
[GinkgoSolver] p-cache: reuse(update_matrix_value) solve=15 rebuildInterval=0
Schwarz(Jacobi)+Bicgstab:  Solving for omega, Initial residual = 1.271695960514004e-05, Final residual = 8.349416682033778e-07, No Iterations 2, Solve time = 87.072 ms
bounding omega, min: -51398.22455081944 max: 45355982.77910278 average: 6373.3183312627025
[GinkgoSolver] p-cache: reuse(update_matrix_value) solve=15 rebuildInterval=0
Schwarz(Jacobi)+Bicgstab:  Solving for k, Initial residual = 0.00024248591190923857, Final residual = 1.2198440588250893e-05, No Iterations 2, Solve time = 73.911 ms
bounding k, min: -0.0021131897882154943 max: 892.3867255183609 average: 9.145896041051262
[mem] after-turb: DEVICE_POOL current=19126 MB  actual(reserved)=38146 MB  highWater=24414 MB
ExecutionTime = 86.13 s  ClockTime = 86 s

Time = 1016
[mem] step-start: DEVICE_POOL current=19126 MB  actual(reserved)=38146 MB  highWater=24414 MB
Schwarz(Jacobi)+Bicgstab:  Solving for Ux, Initial residual = 7.857041566949095e-05, Final residual = 3.5272885629987864e-06, No Iterations 3, Solve time = 223.674 ms
Schwarz(Jacobi)+Bicgstab:  Solving for Uy, Initial residual = 0.00404078955952529, Final residual = 0.00013557045684950048, No Iterations 3, Solve time = 223.674 ms
Schwarz(Jacobi)+Bicgstab:  Solving for Uz, Initial residual = 0.001101227168781759, Final residual = 3.9797490719911475e-05, No Iterations 3, Solve time = 223.674 ms
[mem] after-UEqn: DEVICE_POOL current=19126 MB  actual(reserved)=38146 MB  highWater=24414 MB
[GinkgoSolver] p-cache: reuse(update_matrix_value) solve=16 rebuildInterval=0
config(Cg+Multigrid):  Solving for p, Initial residual = 0.001282445699827818, Final residual = 1.247887720394228e-05, No Iterations 7, Solve time = 1060.083 ms
time step continuity errors : sum local = 3.1300176039807647e-06, global = -2.337998267216765e-08, cumulative = -3.4086182101251384e-07
[mem] after-pEqn: DEVICE_POOL current=19126 MB  actual(reserved)=38146 MB  highWater=24414 MB
[GinkgoSolver] p-cache: reuse(update_matrix_value) solve=16 rebuildInterval=0
Schwarz(Jacobi)+Bicgstab:  Solving for omega, Initial residual = 1.2712380862565855e-05, Final residual = 8.337818752765192e-07, No Iterations 2, Solve time = 77.711 ms
bounding omega, min: -48373.32424467635 max: 45355982.71692203 average: 6373.018923283868
[GinkgoSolver] p-cache: reuse(update_matrix_value) solve=16 rebuildInterval=0
Schwarz(Jacobi)+Bicgstab:  Solving for k, Initial residual = 0.0002424687256324278, Final residual = 1.2237073208885858e-05, No Iterations 2, Solve time = 73.258 ms
bounding k, min: -0.002507456743277875 max: 891.4815868048963 average: 9.144993256366732
[mem] after-turb: DEVICE_POOL current=19126 MB  actual(reserved)=38146 MB  highWater=24414 MB
ExecutionTime = 88.76000000000001 s  ClockTime = 89 s

Time = 1017
[mem] step-start: DEVICE_POOL current=19126 MB  actual(reserved)=38146 MB  highWater=24414 MB
Schwarz(Jacobi)+Bicgstab:  Solving for Ux, Initial residual = 7.854473760949792e-05, Final residual = 4.067171071777432e-06, No Iterations 2, Solve time = 164.689 ms
Schwarz(Jacobi)+Bicgstab:  Solving for Uy, Initial residual = 0.004054437756502182, Final residual = 0.0006656651676954172, No Iterations 2, Solve time = 164.689 ms
Schwarz(Jacobi)+Bicgstab:  Solving for Uz, Initial residual = 0.001098201024315188, Final residual = 7.61753389760094e-05, No Iterations 2, Solve time = 164.689 ms
[mem] after-UEqn: DEVICE_POOL current=19126 MB  actual(reserved)=38146 MB  highWater=24414 MB
[GinkgoSolver] p-cache: reuse(update_matrix_value) solve=17 rebuildInterval=0
config(Cg+Multigrid):  Solving for p, Initial residual = 0.0012927998357960958, Final residual = 1.196380749810616e-05, No Iterations 7, Solve time = 1061.917 ms
time step continuity errors : sum local = 2.999370957038732e-06, global = -2.0643032199577968e-08, cumulative = -3.615048532120918e-07
[mem] after-pEqn: DEVICE_POOL current=19126 MB  actual(reserved)=38146 MB  highWater=24414 MB
[GinkgoSolver] p-cache: reuse(update_matrix_value) solve=17 rebuildInterval=0
Schwarz(Jacobi)+Bicgstab:  Solving for omega, Initial residual = 1.2742210176521906e-05, Final residual = 8.420829514255056e-07, No Iterations 2, Solve time = 91.443 ms
bounding omega, min: -47802.89410998537 max: 45355982.6406401 average: 6372.6932405955495
[GinkgoSolver] p-cache: reuse(update_matrix_value) solve=17 rebuildInterval=0
Schwarz(Jacobi)+Bicgstab:  Solving for k, Initial residual = 0.00024282250931052977, Final residual = 1.2361394462526358e-05, No Iterations 2, Solve time = 73.755 ms
bounding k, min: -0.0055860805187054885 max: 890.4306122882001 average: 9.144034691423238
[mem] after-turb: DEVICE_POOL current=19126 MB  actual(reserved)=38146 MB  highWater=24414 MB
ExecutionTime = 91.31 s  ClockTime = 91 s

Time = 1018
[mem] step-start: DEVICE_POOL current=19126 MB  actual(reserved)=38146 MB  highWater=24414 MB
Schwarz(Jacobi)+Bicgstab:  Solving for Ux, Initial residual = 7.87456068844023e-05, Final residual = 3.49027085029564e-06, No Iterations 3, Solve time = 215.591 ms
Schwarz(Jacobi)+Bicgstab:  Solving for Uy, Initial residual = 0.004034336471929095, Final residual = 0.0001563723040038472, No Iterations 3, Solve time = 215.591 ms
Schwarz(Jacobi)+Bicgstab:  Solving for Uz, Initial residual = 0.0011016762673176016, Final residual = 8.530744789383563e-05, No Iterations 3, Solve time = 215.591 ms
[mem] after-UEqn: DEVICE_POOL current=19126 MB  actual(reserved)=38146 MB  highWater=24414 MB
[GinkgoSolver] p-cache: reuse(update_matrix_value) solve=18 rebuildInterval=0
config(Cg+Multigrid):  Solving for p, Initial residual = 0.0012859161661026878, Final residual = 1.2075329766789574e-05, No Iterations 7, Solve time = 1051.04 ms
time step continuity errors : sum local = 3.026275117601116e-06, global = -2.0245827174305675e-08, cumulative = -3.8175068038639744e-07
[mem] after-pEqn: DEVICE_POOL current=19126 MB  actual(reserved)=38146 MB  highWater=24414 MB
[GinkgoSolver] p-cache: reuse(update_matrix_value) solve=18 rebuildInterval=0
Schwarz(Jacobi)+Bicgstab:  Solving for omega, Initial residual = 1.276239092096952e-05, Final residual = 8.450102603054843e-07, No Iterations 2, Solve time = 91.272 ms
bounding omega, min: -330076.252155187 max: 45355982.58768197 average: 6372.374695928871
[GinkgoSolver] p-cache: reuse(update_matrix_value) solve=18 rebuildInterval=0
Schwarz(Jacobi)+Bicgstab:  Solving for k, Initial residual = 0.0002428505474773044, Final residual = 1.2393332269876201e-05, No Iterations 2, Solve time = 73.127 ms
bounding k, min: -0.004354971227352206 max: 889.0568447718063 average: 9.143239986811821
[mem] after-turb: DEVICE_POOL current=19126 MB  actual(reserved)=38146 MB  highWater=24414 MB
ExecutionTime = 93.92 s  ClockTime = 94 s

Time = 1019
[mem] step-start: DEVICE_POOL current=19126 MB  actual(reserved)=38146 MB  highWater=24414 MB
Schwarz(Jacobi)+Bicgstab:  Solving for Ux, Initial residual = 7.880818564671486e-05, Final residual = 4.3199665423667925e-06, No Iterations 2, Solve time = 165.107 ms
Schwarz(Jacobi)+Bicgstab:  Solving for Uy, Initial residual = 0.004041240356916367, Final residual = 0.0008050553137431395, No Iterations 2, Solve time = 165.107 ms
Schwarz(Jacobi)+Bicgstab:  Solving for Uz, Initial residual = 0.0011022451213079539, Final residual = 6.827420538141847e-05, No Iterations 2, Solve time = 165.107 ms
[mem] after-UEqn: DEVICE_POOL current=19126 MB  actual(reserved)=38146 MB  highWater=24414 MB
[GinkgoSolver] p-cache: reuse(update_matrix_value) solve=19 rebuildInterval=0
config(Cg+Multigrid):  Solving for p, Initial residual = 0.0012990446421697027, Final residual = 1.2947150700331744e-05, No Iterations 7, Solve time = 1046.776 ms
time step continuity errors : sum local = 3.243879924752669e-06, global = -2.07992824061996e-08, cumulative = -4.0254996279259703e-07
[mem] after-pEqn: DEVICE_POOL current=19126 MB  actual(reserved)=38146 MB  highWater=24414 MB
[GinkgoSolver] p-cache: reuse(update_matrix_value) solve=19 rebuildInterval=0
Schwarz(Jacobi)+Bicgstab:  Solving for omega, Initial residual = 1.2762943583899062e-05, Final residual = 8.429592355104945e-07, No Iterations 2, Solve time = 74.138 ms
bounding omega, min: -57724.47186473791 max: 45355982.57197316 average: 6372.180441333534
[GinkgoSolver] p-cache: reuse(update_matrix_value) solve=19 rebuildInterval=0
Schwarz(Jacobi)+Bicgstab:  Solving for k, Initial residual = 0.0002426772944180283, Final residual = 1.2463277861368267e-05, No Iterations 2, Solve time = 73.726 ms
bounding k, min: -0.0035459311603712462 max: 887.5862738445804 average: 9.142692261040217
[mem] after-turb: DEVICE_POOL current=19126 MB  actual(reserved)=38146 MB  highWater=24414 MB
ExecutionTime = 96.5 s  ClockTime = 97 s

Time = 1020
[mem] step-start: DEVICE_POOL current=19126 MB  actual(reserved)=38146 MB  highWater=24414 MB
Schwarz(Jacobi)+Bicgstab:  Solving for Ux, Initial residual = 7.868139264892713e-05, Final residual = 2.871859633457638e-06, No Iterations 3, Solve time = 214.579 ms
Schwarz(Jacobi)+Bicgstab:  Solving for Uy, Initial residual = 0.004115382064837722, Final residual = 0.0001342329701128297, No Iterations 3, Solve time = 214.579 ms
Schwarz(Jacobi)+Bicgstab:  Solving for Uz, Initial residual = 0.0010949349851166797, Final residual = 4.024208526558785e-05, No Iterations 3, Solve time = 214.579 ms
[mem] after-UEqn: DEVICE_POOL current=19126 MB  actual(reserved)=38146 MB  highWater=24414 MB
[GinkgoSolver] p-cache: reuse(update_matrix_value) solve=20 rebuildInterval=0
config(Cg+Multigrid):  Solving for p, Initial residual = 0.0012912458476153391, Final residual = 1.2793599605345077e-05, No Iterations 7, Solve time = 1052.802 ms
time step continuity errors : sum local = 3.2047200114122868e-06, global = -1.9875575642456338e-08, cumulative = -4.2242553843505335e-07
[mem] after-pEqn: DEVICE_POOL current=19126 MB  actual(reserved)=38146 MB  highWater=24414 MB
[GinkgoSolver] p-cache: reuse(update_matrix_value) solve=20 rebuildInterval=0
Schwarz(Jacobi)+Bicgstab:  Solving for omega, Initial residual = 1.274143595963249e-05, Final residual = 8.372177884256777e-07, No Iterations 2, Solve time = 90.441 ms
bounding omega, min: -60620.602259846186 max: 45355982.570548795 average: 6371.95811118678
[GinkgoSolver] p-cache: reuse(update_matrix_value) solve=20 rebuildInterval=0
Schwarz(Jacobi)+Bicgstab:  Solving for k, Initial residual = 0.00024264153770041036, Final residual = 1.253169691728033e-05, No Iterations 2, Solve time = 73.579 ms
bounding k, min: -0.0036363290913344615 max: 885.9622943919346 average: 9.142013298572925
[mem] after-turb: DEVICE_POOL current=19126 MB  actual(reserved)=38146 MB  highWater=24414 MB
ExecutionTime = 99.11 s  ClockTime = 99 s

Time = 1021
[mem] step-start: DEVICE_POOL current=19126 MB  actual(reserved)=38146 MB  highWater=24414 MB
Schwarz(Jacobi)+Bicgstab:  Solving for Ux, Initial residual = 7.862746088988397e-05, Final residual = 3.559559648740476e-06, No Iterations 3, Solve time = 213.49 ms
Schwarz(Jacobi)+Bicgstab:  Solving for Uy, Initial residual = 0.004139413053245876, Final residual = 0.00013493648789524541, No Iterations 3, Solve time = 213.49 ms
Schwarz(Jacobi)+Bicgstab:  Solving for Uz, Initial residual = 0.0010882170650855668, Final residual = 0.00013021939014485977, No Iterations 3, Solve time = 213.49 ms
[mem] after-UEqn: DEVICE_POOL current=19126 MB  actual(reserved)=38146 MB  highWater=24414 MB
[GinkgoSolver] p-cache: reuse(update_matrix_value) solve=21 rebuildInterval=0
config(Cg+Multigrid):  Solving for p, Initial residual = 0.0013086246179772481, Final residual = 1.2880608252731535e-05, No Iterations 7, Solve time = 1060.259 ms
time step continuity errors : sum local = 3.2262822774213416e-06, global = -1.72562715453772e-08, cumulative = -4.3968180998043055e-07
[mem] after-pEqn: DEVICE_POOL current=19126 MB  actual(reserved)=38146 MB  highWater=24414 MB
[GinkgoSolver] p-cache: reuse(update_matrix_value) solve=21 rebuildInterval=0
Schwarz(Jacobi)+Bicgstab:  Solving for omega, Initial residual = 1.2718538067214488e-05, Final residual = 8.374609468044068e-07, No Iterations 2, Solve time = 91.026 ms
bounding omega, min: -59207.688349546464 max: 45355982.5753592 average: 6371.6885880167565
[GinkgoSolver] p-cache: reuse(update_matrix_value) solve=21 rebuildInterval=0
Schwarz(Jacobi)+Bicgstab:  Solving for k, Initial residual = 0.00024267289239453976, Final residual = 1.253772754727544e-05, No Iterations 2, Solve time = 73.591 ms
bounding k, min: -0.003680105768666772 max: 884.3254789541123 average: 9.141135177541619
[mem] after-turb: DEVICE_POOL current=19126 MB  actual(reserved)=38146 MB  highWater=24414 MB
ExecutionTime = 101.71 s  ClockTime = 102 s

Time = 1022
[mem] step-start: DEVICE_POOL current=19126 MB  actual(reserved)=38146 MB  highWater=24414 MB
Schwarz(Jacobi)+Bicgstab:  Solving for Ux, Initial residual = 7.866051300856073e-05, Final residual = 3.2124651687528277e-06, No Iterations 3, Solve time = 228.334 ms
Schwarz(Jacobi)+Bicgstab:  Solving for Uy, Initial residual = 0.0041543631749792346, Final residual = 0.0001383187525165649, No Iterations 3, Solve time = 228.334 ms
Schwarz(Jacobi)+Bicgstab:  Solving for Uz, Initial residual = 0.0010773608285019984, Final residual = 4.065535317784711e-05, No Iterations 3, Solve time = 228.334 ms
[mem] after-UEqn: DEVICE_POOL current=19126 MB  actual(reserved)=38146 MB  highWater=24414 MB
[GinkgoSolver] p-cache: reuse(update_matrix_value) solve=22 rebuildInterval=0
config(Cg+Multigrid):  Solving for p, Initial residual = 0.0012850441412036735, Final residual = 1.2605173551572662e-05, No Iterations 7, Solve time = 1051.012 ms
time step continuity errors : sum local = 3.1574073640440454e-06, global = -1.4718211825162098e-08, cumulative = -4.5440002180559267e-07
[mem] after-pEqn: DEVICE_POOL current=19126 MB  actual(reserved)=38146 MB  highWater=24414 MB
[GinkgoSolver] p-cache: reuse(update_matrix_value) solve=22 rebuildInterval=0
Schwarz(Jacobi)+Bicgstab:  Solving for omega, Initial residual = 1.2721041521155326e-05, Final residual = 8.390213942986412e-07, No Iterations 2, Solve time = 77.457 ms
bounding omega, min: -285929.08661336655 max: 45355982.586252816 average: 6371.402188276959
[GinkgoSolver] p-cache: reuse(update_matrix_value) solve=22 rebuildInterval=0
Schwarz(Jacobi)+Bicgstab:  Solving for k, Initial residual = 0.00024269002963390183, Final residual = 1.2752755124896361e-05, No Iterations 2, Solve time = 73.69 ms
bounding k, min: -0.0025679315044530304 max: 882.6752827618551 average: 9.140328134273846
[mem] after-turb: DEVICE_POOL current=19126 MB  actual(reserved)=38146 MB  highWater=24414 MB
ExecutionTime = 104.32 s  ClockTime = 105 s

Time = 1023
[mem] step-start: DEVICE_POOL current=19126 MB  actual(reserved)=38146 MB  highWater=24414 MB
Schwarz(Jacobi)+Bicgstab:  Solving for Ux, Initial residual = 7.872220727671613e-05, Final residual = 4.310272448044422e-06, No Iterations 2, Solve time = 160.962 ms
Schwarz(Jacobi)+Bicgstab:  Solving for Uy, Initial residual = 0.004157404496417753, Final residual = 0.0002642733160265473, No Iterations 2, Solve time = 160.962 ms
Schwarz(Jacobi)+Bicgstab:  Solving for Uz, Initial residual = 0.0010765974958734101, Final residual = 7.444747475199568e-05, No Iterations 2, Solve time = 160.962 ms
[mem] after-UEqn: DEVICE_POOL current=19126 MB  actual(reserved)=38146 MB  highWater=24414 MB
[GinkgoSolver] p-cache: reuse(update_matrix_value) solve=23 rebuildInterval=0
config(Cg+Multigrid):  Solving for p, Initial residual = 0.0012862431261097655, Final residual = 1.2327363643623727e-05, No Iterations 7, Solve time = 1050.901 ms
time step continuity errors : sum local = 3.087963919697721e-06, global = -1.0962233302736425e-08, cumulative = -4.653622551083291e-07
[mem] after-pEqn: DEVICE_POOL current=19126 MB  actual(reserved)=38146 MB  highWater=24414 MB
[GinkgoSolver] p-cache: reuse(update_matrix_value) solve=23 rebuildInterval=0
Schwarz(Jacobi)+Bicgstab:  Solving for omega, Initial residual = 1.2765068046264003e-05, Final residual = 8.406589123516238e-07, No Iterations 2, Solve time = 74.502 ms
bounding omega, min: -60817.45712771276 max: 45355982.603036314 average: 6371.165972438743
[GinkgoSolver] p-cache: reuse(update_matrix_value) solve=23 rebuildInterval=0
Schwarz(Jacobi)+Bicgstab:  Solving for k, Initial residual = 0.00024303573666603983, Final residual = 1.3784441423943605e-05, No Iterations 2, Solve time = 73.873 ms
bounding k, min: -0.006082106366193704 max: 881.1143738809842 average: 9.139532517615224
[mem] after-turb: DEVICE_POOL current=19126 MB  actual(reserved)=38146 MB  highWater=24414 MB
ExecutionTime = 106.92 s  ClockTime = 107 s

Time = 1024
[mem] step-start: DEVICE_POOL current=19126 MB  actual(reserved)=38146 MB  highWater=24414 MB
Schwarz(Jacobi)+Bicgstab:  Solving for Ux, Initial residual = 7.899350329883908e-05, Final residual = 3.0769294722416707e-06, No Iterations 3, Solve time = 237.95 ms
Schwarz(Jacobi)+Bicgstab:  Solving for Uy, Initial residual = 0.004148377691708131, Final residual = 0.00015082659959609875, No Iterations 3, Solve time = 237.95 ms
Schwarz(Jacobi)+Bicgstab:  Solving for Uz, Initial residual = 0.0010779170258073685, Final residual = 7.016717530865321e-05, No Iterations 3, Solve time = 237.95 ms
[mem] after-UEqn: DEVICE_POOL current=19126 MB  actual(reserved)=38146 MB  highWater=24414 MB
[GinkgoSolver] p-cache: reuse(update_matrix_value) solve=24 rebuildInterval=0
config(Cg+Multigrid):  Solving for p, Initial residual = 0.0012852787123880335, Final residual = 1.2286047444960928e-05, No Iterations 7, Solve time = 1057.619 ms
time step continuity errors : sum local = 3.0776192399434376e-06, global = -9.614658933203732e-09, cumulative = -4.7497691404153284e-07
[mem] after-pEqn: DEVICE_POOL current=19126 MB  actual(reserved)=38146 MB  highWater=24414 MB
[GinkgoSolver] p-cache: reuse(update_matrix_value) solve=24 rebuildInterval=0
Schwarz(Jacobi)+Bicgstab:  Solving for omega, Initial residual = 1.2774985472598395e-05, Final residual = 8.37889870372586e-07, No Iterations 2, Solve time = 91.776 ms
bounding omega, min: -58823.824461982585 max: 45355982.62361334 average: 6370.96936146334
[GinkgoSolver] p-cache: reuse(update_matrix_value) solve=24 rebuildInterval=0
Schwarz(Jacobi)+Bicgstab:  Solving for k, Initial residual = 0.00024306695788336533, Final residual = 1.658426676901442e-05, No Iterations 2, Solve time = 73.628 ms
bounding k, min: -0.010139595530638701 max: 879.6628526601515 average: 9.138728682978225
[mem] after-turb: DEVICE_POOL current=19126 MB  actual(reserved)=38146 MB  highWater=24414 MB
ExecutionTime = 109.58 s  ClockTime = 110 s

Time = 1025
[mem] step-start: DEVICE_POOL current=19126 MB  actual(reserved)=38146 MB  highWater=24414 MB
Schwarz(Jacobi)+Bicgstab:  Solving for Ux, Initial residual = 7.905945905242723e-05, Final residual = 3.592009201516596e-06, No Iterations 3, Solve time = 210.548 ms
Schwarz(Jacobi)+Bicgstab:  Solving for Uy, Initial residual = 0.004137665610439551, Final residual = 0.00014261308541321763, No Iterations 3, Solve time = 210.548 ms
Schwarz(Jacobi)+Bicgstab:  Solving for Uz, Initial residual = 0.001083177649267291, Final residual = 4.7508380538962774e-05, No Iterations 3, Solve time = 210.548 ms
[mem] after-UEqn: DEVICE_POOL current=19126 MB  actual(reserved)=38146 MB  highWater=24414 MB
[GinkgoSolver] p-cache: reuse(update_matrix_value) solve=25 rebuildInterval=0
config(Cg+Multigrid):  Solving for p, Initial residual = 0.0012863114879017703, Final residual = 1.2362365096605027e-05, No Iterations 7, Solve time = 1056.43 ms
time step continuity errors : sum local = 3.0965222042480447e-06, global = -9.831151094310366e-09, cumulative = -4.848080651358433e-07
[mem] after-pEqn: DEVICE_POOL current=19126 MB  actual(reserved)=38146 MB  highWater=24414 MB
[GinkgoSolver] p-cache: reuse(update_matrix_value) solve=25 rebuildInterval=0
Schwarz(Jacobi)+Bicgstab:  Solving for omega, Initial residual = 1.2815594929566576e-05, Final residual = 8.397054881833204e-07, No Iterations 2, Solve time = 77.652 ms
bounding omega, min: -58526.45543514615 max: 45355982.644968614 average: 6370.829545028157
[GinkgoSolver] p-cache: reuse(update_matrix_value) solve=25 rebuildInterval=0
Schwarz(Jacobi)+Bicgstab:  Solving for k, Initial residual = 0.00024353957016299318, Final residual = 2.0004901372105404e-05, No Iterations 2, Solve time = 73.938 ms
bounding k, min: -0.01621475306828743 max: 878.35466611587 average: 9.137901118909495
[mem] after-turb: DEVICE_POOL current=19126 MB  actual(reserved)=38146 MB  highWater=24414 MB
ExecutionTime = 112.19 s  ClockTime = 112 s

Time = 1026
[mem] step-start: DEVICE_POOL current=19126 MB  actual(reserved)=38146 MB  highWater=24414 MB
Schwarz(Jacobi)+Bicgstab:  Solving for Ux, Initial residual = 7.912975178673998e-05, Final residual = 4.486598470651071e-06, No Iterations 2, Solve time = 180.139 ms
Schwarz(Jacobi)+Bicgstab:  Solving for Uy, Initial residual = 0.004134457200533486, Final residual = 0.00043827004745429683, No Iterations 2, Solve time = 180.139 ms
Schwarz(Jacobi)+Bicgstab:  Solving for Uz, Initial residual = 0.0010875112879642486, Final residual = 7.67322967789975e-05, No Iterations 2, Solve time = 180.139 ms
[mem] after-UEqn: DEVICE_POOL current=19126 MB  actual(reserved)=38146 MB  highWater=24414 MB
[GinkgoSolver] p-cache: reuse(update_matrix_value) solve=26 rebuildInterval=0
config(Cg+Multigrid):  Solving for p, Initial residual = 0.0012978793059943716, Final residual = 1.2705085439967285e-05, No Iterations 7, Solve time = 1059.124 ms
time step continuity errors : sum local = 3.1821149104263444e-06, global = -1.0610309665429149e-08, cumulative = -4.954183748012724e-07
[mem] after-pEqn: DEVICE_POOL current=19126 MB  actual(reserved)=38146 MB  highWater=24414 MB
[GinkgoSolver] p-cache: reuse(update_matrix_value) solve=26 rebuildInterval=0
Schwarz(Jacobi)+Bicgstab:  Solving for omega, Initial residual = 1.2874950358005244e-05, Final residual = 8.430041442762565e-07, No Iterations 2, Solve time = 91.948 ms
bounding omega, min: -384186.0973380414 max: 45355982.663107075 average: 6370.681663998346
[GinkgoSolver] p-cache: reuse(update_matrix_value) solve=26 rebuildInterval=0
Schwarz(Jacobi)+Bicgstab:  Solving for k, Initial residual = 0.0002445701038544957, Final residual = 5.3954147790333566e-06, No Iterations 3, Solve time = 96.894 ms
[mem] after-turb: DEVICE_POOL current=19126 MB  actual(reserved)=38146 MB  highWater=24414 MB
ExecutionTime = 114.79 s  ClockTime = 115 s

Time = 1027
[mem] step-start: DEVICE_POOL current=19126 MB  actual(reserved)=38146 MB  highWater=24414 MB
Schwarz(Jacobi)+Bicgstab:  Solving for Ux, Initial residual = 7.933755456803412e-05, Final residual = 4.531889180480263e-06, No Iterations 2, Solve time = 177.324 ms
Schwarz(Jacobi)+Bicgstab:  Solving for Uy, Initial residual = 0.004116287965126116, Final residual = 0.000767890258879762, No Iterations 2, Solve time = 177.324 ms
Schwarz(Jacobi)+Bicgstab:  Solving for Uz, Initial residual = 0.001096197456742257, Final residual = 7.711376106236639e-05, No Iterations 2, Solve time = 177.324 ms
[mem] after-UEqn: DEVICE_POOL current=19126 MB  actual(reserved)=38146 MB  highWater=24414 MB
[GinkgoSolver] p-cache: reuse(update_matrix_value) solve=27 rebuildInterval=0
config(Cg+Multigrid):  Solving for p, Initial residual = 0.0012914603862794348, Final residual = 1.217746298100324e-05, No Iterations 7, Solve time = 1049.552 ms
time step continuity errors : sum local = 3.049595386774391e-06, global = -1.2081965460851443e-08, cumulative = -5.075003402621238e-07
[mem] after-pEqn: DEVICE_POOL current=19126 MB  actual(reserved)=38146 MB  highWater=24414 MB
[GinkgoSolver] p-cache: reuse(update_matrix_value) solve=27 rebuildInterval=0
Schwarz(Jacobi)+Bicgstab:  Solving for omega, Initial residual = 1.2689100761726989e-05, Final residual = 8.409473724753783e-07, No Iterations 2, Solve time = 91.265 ms
bounding omega, min: -57152.085825628055 max: 45355982.675110385 average: 6370.710346559763
[GinkgoSolver] p-cache: reuse(update_matrix_value) solve=27 rebuildInterval=0
Schwarz(Jacobi)+Bicgstab:  Solving for k, Initial residual = 0.00024363899885884195, Final residual = 1.1986409144153165e-05, No Iterations 2, Solve time = 73.26 ms
bounding k, min: -3.766137261180845e-08 max: 876.1685001245844 average: 9.137036392582422
[mem] after-turb: DEVICE_POOL current=19126 MB  actual(reserved)=38146 MB  highWater=24414 MB
ExecutionTime = 117.38 s  ClockTime = 118 s

Time = 1028
[mem] step-start: DEVICE_POOL current=19126 MB  actual(reserved)=38146 MB  highWater=24414 MB
Schwarz(Jacobi)+Bicgstab:  Solving for Ux, Initial residual = 7.922197799841281e-05, Final residual = 4.339342327194676e-06, No Iterations 3, Solve time = 213.824 ms
Schwarz(Jacobi)+Bicgstab:  Solving for Uy, Initial residual = 0.004173965310324787, Final residual = 0.0001329604318922945, No Iterations 3, Solve time = 213.824 ms
Schwarz(Jacobi)+Bicgstab:  Solving for Uz, Initial residual = 0.0010968236820191309, Final residual = 4.85955711287941e-05, No Iterations 3, Solve time = 213.824 ms
[mem] after-UEqn: DEVICE_POOL current=19126 MB  actual(reserved)=38146 MB  highWater=24414 MB
[GinkgoSolver] p-cache: reuse(update_matrix_value) solve=28 rebuildInterval=0
config(Cg+Multigrid):  Solving for p, Initial residual = 0.0012926989990655283, Final residual = 1.2266639453201294e-05, No Iterations 7, Solve time = 1051.883 ms
time step continuity errors : sum local = 3.071602780717015e-06, global = -1.4583525583723916e-08, cumulative = -5.220838658458478e-07
[mem] after-pEqn: DEVICE_POOL current=19126 MB  actual(reserved)=38146 MB  highWater=24414 MB
[GinkgoSolver] p-cache: reuse(update_matrix_value) solve=28 rebuildInterval=0
Schwarz(Jacobi)+Bicgstab:  Solving for omega, Initial residual = 1.2811483707475481e-05, Final residual = 8.390097851265813e-07, No Iterations 2, Solve time = 79.229 ms
bounding omega, min: -55164.91584963942 max: 45355982.68125273 average: 6370.69569281905
[GinkgoSolver] p-cache: reuse(update_matrix_value) solve=28 rebuildInterval=0
Schwarz(Jacobi)+Bicgstab:  Solving for k, Initial residual = 0.0002437865204188823, Final residual = 1.2458118603492165e-05, No Iterations 2, Solve time = 73.949 ms
bounding k, min: -0.0005912477341340707 max: 875.2896186193507 average: 9.13652960445628
[mem] after-turb: DEVICE_POOL current=19126 MB  actual(reserved)=38146 MB  highWater=24414 MB
ExecutionTime = 119.99 s  ClockTime = 120 s

Time = 1029
[mem] step-start: DEVICE_POOL current=19126 MB  actual(reserved)=38146 MB  highWater=24414 MB
Schwarz(Jacobi)+Bicgstab:  Solving for Ux, Initial residual = 7.922873274644918e-05, Final residual = 4.005701339712879e-06, No Iterations 3, Solve time = 226.288 ms
Schwarz(Jacobi)+Bicgstab:  Solving for Uy, Initial residual = 0.004194636197987091, Final residual = 0.0001322355641106047, No Iterations 3, Solve time = 226.288 ms
Schwarz(Jacobi)+Bicgstab:  Solving for Uz, Initial residual = 0.001094796259534245, Final residual = 2.9222737820242903e-05, No Iterations 3, Solve time = 226.288 ms
[mem] after-UEqn: DEVICE_POOL current=19126 MB  actual(reserved)=38146 MB  highWater=24414 MB
[GinkgoSolver] p-cache: reuse(update_matrix_value) solve=29 rebuildInterval=0
config(Cg+Multigrid):  Solving for p, Initial residual = 0.0012928895582788615, Final residual = 1.2424895141708446e-05, No Iterations 7, Solve time = 1057.424 ms
time step continuity errors : sum local = 3.1108406196837775e-06, global = -1.7713551023327e-08, cumulative = -5.397974168691748e-07
[mem] after-pEqn: DEVICE_POOL current=19126 MB  actual(reserved)=38146 MB  highWater=24414 MB
[GinkgoSolver] p-cache: reuse(update_matrix_value) solve=29 rebuildInterval=0
Schwarz(Jacobi)+Bicgstab:  Solving for omega, Initial residual = 1.2818071170216484e-05, Final residual = 8.403801821958951e-07, No Iterations 2, Solve time = 81.054 ms
bounding omega, min: -54768.837824260045 max: 45355982.68493764 average: 6370.674572225512
[GinkgoSolver] p-cache: reuse(update_matrix_value) solve=29 rebuildInterval=0
Schwarz(Jacobi)+Bicgstab:  Solving for k, Initial residual = 0.00024399263127026767, Final residual = 1.2823919379260106e-05, No Iterations 2, Solve time = 73.905 ms
bounding k, min: -0.005219275275468987 max: 874.5739008231585 average: 9.13595016494144
[mem] after-turb: DEVICE_POOL current=19126 MB  actual(reserved)=38146 MB  highWater=24414 MB
ExecutionTime = 122.63 s  ClockTime = 123 s

Time = 1030
[mem] step-start: DEVICE_POOL current=19126 MB  actual(reserved)=38146 MB  highWater=24414 MB
Schwarz(Jacobi)+Bicgstab:  Solving for Ux, Initial residual = 7.92705858159391e-05, Final residual = 3.3413755286508542e-06, No Iterations 3, Solve time = 228.927 ms
Schwarz(Jacobi)+Bicgstab:  Solving for Uy, Initial residual = 0.004211828812305128, Final residual = 0.00013385046425051883, No Iterations 3, Solve time = 228.927 ms
Schwarz(Jacobi)+Bicgstab:  Solving for Uz, Initial residual = 0.0010915223894082545, Final residual = 3.814523203447856e-05, No Iterations 3, Solve time = 228.927 ms
[mem] after-UEqn: DEVICE_POOL current=19126 MB  actual(reserved)=38146 MB  highWater=24414 MB
[GinkgoSolver] p-cache: reuse(update_matrix_value) solve=30 rebuildInterval=0
config(Cg+Multigrid):  Solving for p, Initial residual = 0.0012877726354926318, Final residual = 1.24202772144319e-05, No Iterations 7, Solve time = 1048.595 ms
time step continuity errors : sum local = 3.1092619729270697e-06, global = -2.09219520539504e-08, cumulative = -5.607193689231251e-07
[mem] after-pEqn: DEVICE_POOL current=19126 MB  actual(reserved)=38146 MB  highWater=24414 MB
[GinkgoSolver] p-cache: reuse(update_matrix_value) solve=30 rebuildInterval=0
Schwarz(Jacobi)+Bicgstab:  Solving for omega, Initial residual = 1.2819354668828591e-05, Final residual = 8.417439261897771e-07, No Iterations 2, Solve time = 79.248 ms
bounding omega, min: -267129.6257688534 max: 45355982.68783026 average: 6370.622374908415
[GinkgoSolver] p-cache: reuse(update_matrix_value) solve=30 rebuildInterval=0
Schwarz(Jacobi)+Bicgstab:  Solving for k, Initial residual = 0.00024425703973230295, Final residual = 1.317745319861579e-05, No Iterations 2, Solve time = 74.056 ms
bounding k, min: -0.0029245212814141184 max: 873.9961124998496 average: 9.135316071823814
[mem] after-turb: DEVICE_POOL current=19126 MB  actual(reserved)=38146 MB  highWater=24414 MB
ExecutionTime = 125.27 s  ClockTime = 126 s

Time = 1031
[mem] step-start: DEVICE_POOL current=19126 MB  actual(reserved)=38146 MB  highWater=24414 MB
Schwarz(Jacobi)+Bicgstab:  Solving for Ux, Initial residual = 7.92906936646336e-05, Final residual = 3.7427132938481472e-06, No Iterations 3, Solve time = 222.2 ms
Schwarz(Jacobi)+Bicgstab:  Solving for Uy, Initial residual = 0.0042231730441362044, Final residual = 0.00013415959313150063, No Iterations 3, Solve time = 222.2 ms
Schwarz(Jacobi)+Bicgstab:  Solving for Uz, Initial residual = 0.0010903383013895847, Final residual = 2.6687617822185915e-05, No Iterations 3, Solve time = 222.2 ms
[mem] after-UEqn: DEVICE_POOL current=19126 MB  actual(reserved)=38146 MB  highWater=24414 MB
[GinkgoSolver] p-cache: reuse(update_matrix_value) solve=31 rebuildInterval=0
config(Cg+Multigrid):  Solving for p, Initial residual = 0.0012883979285116117, Final residual = 1.230143030995714e-05, No Iterations 7, Solve time = 1053.852 ms
time step continuity errors : sum local = 3.079052187045048e-06, global = -2.4151671516769095e-08, cumulative = -5.848710404398943e-07
[mem] after-pEqn: DEVICE_POOL current=19126 MB  actual(reserved)=38146 MB  highWater=24414 MB
[GinkgoSolver] p-cache: reuse(update_matrix_value) solve=31 rebuildInterval=0
Schwarz(Jacobi)+Bicgstab:  Solving for omega, Initial residual = 1.2824718782345062e-05, Final residual = 8.378567997413625e-07, No Iterations 2, Solve time = 79.711 ms
bounding omega, min: -53315.212297569495 max: 45355982.69118979 average: 6370.59803730272
[GinkgoSolver] p-cache: reuse(update_matrix_value) solve=31 rebuildInterval=0
Schwarz(Jacobi)+Bicgstab:  Solving for k, Initial residual = 0.0002446395367621905, Final residual = 1.3508323406634958e-05, No Iterations 2, Solve time = 73.084 ms
bounding k, min: -0.003137921839936832 max: 873.549147336232 average: 9.134652876550314
[mem] after-turb: DEVICE_POOL current=19126 MB  actual(reserved)=38146 MB  highWater=24414 MB
ExecutionTime = 127.92 s  ClockTime = 128 s

Time = 1032
[mem] step-start: DEVICE_POOL current=19126 MB  actual(reserved)=38146 MB  highWater=24414 MB
Schwarz(Jacobi)+Bicgstab:  Solving for Ux, Initial residual = 7.938608038054712e-05, Final residual = 4.537468718762768e-06, No Iterations 2, Solve time = 163.057 ms
Schwarz(Jacobi)+Bicgstab:  Solving for Uy, Initial residual = 0.004229660113908698, Final residual = 0.00032161232262754196, No Iterations 2, Solve time = 163.057 ms
Schwarz(Jacobi)+Bicgstab:  Solving for Uz, Initial residual = 0.0010893748155310669, Final residual = 7.343975997149655e-05, No Iterations 2, Solve time = 163.057 ms
[mem] after-UEqn: DEVICE_POOL current=19126 MB  actual(reserved)=38146 MB  highWater=24414 MB
[GinkgoSolver] p-cache: reuse(update_matrix_value) solve=32 rebuildInterval=0
config(Cg+Multigrid):  Solving for p, Initial residual = 0.0012939815586341255, Final residual = 1.2222104180777534e-05, No Iterations 7, Solve time = 1054.684 ms
time step continuity errors : sum local = 3.0587713659839004e-06, global = -2.6884617479603924e-08, cumulative = -6.117556579194982e-07
[mem] after-pEqn: DEVICE_POOL current=19126 MB  actual(reserved)=38146 MB  highWater=24414 MB
[GinkgoSolver] p-cache: reuse(update_matrix_value) solve=32 rebuildInterval=0
Schwarz(Jacobi)+Bicgstab:  Solving for omega, Initial residual = 1.285351032269258e-05, Final residual = 8.435834128825965e-07, No Iterations 2, Solve time = 91.959 ms
bounding omega, min: -51648.72804312068 max: 45355982.6955258 average: 6370.555800146658
[GinkgoSolver] p-cache: reuse(update_matrix_value) solve=32 rebuildInterval=0
Schwarz(Jacobi)+Bicgstab:  Solving for k, Initial residual = 0.0002453339036499201, Final residual = 1.3562784395712088e-05, No Iterations 2, Solve time = 73.076 ms
bounding k, min: -0.013459660306915703 max: 873.2027943718111 average: 9.134040466708502
[mem] after-turb: DEVICE_POOL current=19126 MB  actual(reserved)=38146 MB  highWater=24414 MB
ExecutionTime = 130.5 s  ClockTime = 131 s

Time = 1033
[mem] step-start: DEVICE_POOL current=19126 MB  actual(reserved)=38146 MB  highWater=24414 MB
Schwarz(Jacobi)+Bicgstab:  Solving for Ux, Initial residual = 7.964633441706572e-05, Final residual = 4.558600264447703e-06, No Iterations 2, Solve time = 176.371 ms
Schwarz(Jacobi)+Bicgstab:  Solving for Uy, Initial residual = 0.004219727066917779, Final residual = 0.000750948816171342, No Iterations 2, Solve time = 176.371 ms
Schwarz(Jacobi)+Bicgstab:  Solving for Uz, Initial residual = 0.0010947423966725333, Final residual = 7.172071729594055e-05, No Iterations 2, Solve time = 176.371 ms
[mem] after-UEqn: DEVICE_POOL current=19126 MB  actual(reserved)=38146 MB  highWater=24414 MB
[GinkgoSolver] p-cache: reuse(update_matrix_value) solve=33 rebuildInterval=0
config(Cg+Multigrid):  Solving for p, Initial residual = 0.0012939697275702513, Final residual = 1.2207916237477204e-05, No Iterations 7, Solve time = 1055.12 ms
time step continuity errors : sum local = 3.054882120566289e-06, global = -2.870769826726679e-08, cumulative = -6.404633561867649e-07
[mem] after-pEqn: DEVICE_POOL current=19126 MB  actual(reserved)=38146 MB  highWater=24414 MB
[GinkgoSolver] p-cache: reuse(update_matrix_value) solve=33 rebuildInterval=0
Schwarz(Jacobi)+Bicgstab:  Solving for omega, Initial residual = 1.2875490032843223e-05, Final residual = 8.529039404028128e-07, No Iterations 2, Solve time = 78.595 ms
bounding omega, min: -51067.00407212077 max: 45355982.700185895 average: 6370.624864501932
[GinkgoSolver] p-cache: reuse(update_matrix_value) solve=33 rebuildInterval=0
Schwarz(Jacobi)+Bicgstab:  Solving for k, Initial residual = 0.0002457085621838832, Final residual = 1.3356073173446732e-05, No Iterations 2, Solve time = 72.525 ms
bounding k, min: -0.0059293896070408865 max: 872.9476379483368 average: 9.133684318007266
[mem] after-turb: DEVICE_POOL current=19126 MB  actual(reserved)=38146 MB  highWater=24414 MB
ExecutionTime = 133.11 s  ClockTime = 133 s

Time = 1034
[mem] step-start: DEVICE_POOL current=19126 MB  actual(reserved)=38146 MB  highWater=24414 MB
Schwarz(Jacobi)+Bicgstab:  Solving for Ux, Initial residual = 7.967252847831445e-05, Final residual = 4.299594275149141e-06, No Iterations 3, Solve time = 230.448 ms
Schwarz(Jacobi)+Bicgstab:  Solving for Uy, Initial residual = 0.004275346290734916, Final residual = 0.00013488784719684294, No Iterations 3, Solve time = 230.448 ms
Schwarz(Jacobi)+Bicgstab:  Solving for Uz, Initial residual = 0.0010954276346389355, Final residual = 4.69607903649097e-05, No Iterations 3, Solve time = 230.448 ms
[mem] after-UEqn: DEVICE_POOL current=19126 MB  actual(reserved)=38146 MB  highWater=24414 MB
[GinkgoSolver] p-cache: reuse(update_matrix_value) solve=34 rebuildInterval=0
config(Cg+Multigrid):  Solving for p, Initial residual = 0.0012967240103479711, Final residual = 1.197930887927801e-05, No Iterations 7, Solve time = 1046.398 ms
time step continuity errors : sum local = 2.9974747868613375e-06, global = -2.902325828987402e-08, cumulative = -6.694866144766389e-07
[mem] after-pEqn: DEVICE_POOL current=19126 MB  actual(reserved)=38146 MB  highWater=24414 MB
[GinkgoSolver] p-cache: reuse(update_matrix_value) solve=34 rebuildInterval=0
Schwarz(Jacobi)+Bicgstab:  Solving for omega, Initial residual = 1.288930131651551e-05, Final residual = 8.586360112389988e-07, No Iterations 2, Solve time = 91.184 ms
bounding omega, min: -195451.70688790697 max: 45355982.704601906 average: 6370.720452099408
[GinkgoSolver] p-cache: reuse(update_matrix_value) solve=34 rebuildInterval=0
Schwarz(Jacobi)+Bicgstab:  Solving for k, Initial residual = 0.0002463090724444849, Final residual = 1.273981094013599e-05, No Iterations 2, Solve time = 74.088 ms
bounding k, min: -0.0022704299117624754 max: 872.7559685210597 average: 9.13324388121471
[mem] after-turb: DEVICE_POOL current=19126 MB  actual(reserved)=38146 MB  highWater=24414 MB
ExecutionTime = 135.77 s  ClockTime = 136 s

Time = 1035
[mem] step-start: DEVICE_POOL current=19126 MB  actual(reserved)=38146 MB  highWater=24414 MB
Schwarz(Jacobi)+Bicgstab:  Solving for Ux, Initial residual = 7.978119372060573e-05, Final residual = 4.651656472808167e-06, No Iterations 3, Solve time = 215.726 ms
Schwarz(Jacobi)+Bicgstab:  Solving for Uy, Initial residual = 0.004286113403458317, Final residual = 0.000134532426284851, No Iterations 3, Solve time = 215.726 ms
Schwarz(Jacobi)+Bicgstab:  Solving for Uz, Initial residual = 0.001095523897489244, Final residual = 3.8857360421062865e-05, No Iterations 3, Solve time = 215.726 ms
[mem] after-UEqn: DEVICE_POOL current=19126 MB  actual(reserved)=38146 MB  highWater=24414 MB
[GinkgoSolver] p-cache: reuse(update_matrix_value) solve=35 rebuildInterval=0
config(Cg+Multigrid):  Solving for p, Initial residual = 0.0012994688130168524, Final residual = 1.1537372492599208e-05, No Iterations 7, Solve time = 1063.345 ms
time step continuity errors : sum local = 2.887190040645787e-06, global = -2.7926886218814034e-08, cumulative = -6.97413500695453e-07
[mem] after-pEqn: DEVICE_POOL current=19126 MB  actual(reserved)=38146 MB  highWater=24414 MB
[GinkgoSolver] p-cache: reuse(update_matrix_value) solve=35 rebuildInterval=0
Schwarz(Jacobi)+Bicgstab:  Solving for omega, Initial residual = 1.2910709841838178e-05, Final residual = 8.620254834840771e-07, No Iterations 2, Solve time = 75.113 ms
bounding omega, min: -49156.27085081232 max: 45355982.70600428 average: 6370.838866476549
[GinkgoSolver] p-cache: reuse(update_matrix_value) solve=35 rebuildInterval=0
Schwarz(Jacobi)+Bicgstab:  Solving for k, Initial residual = 0.00024690124779160814, Final residual = 1.225263084348701e-05, No Iterations 2, Solve time = 73.534 ms
bounding k, min: -0.0037407312281811256 max: 872.6139252055253 average: 9.132809148823071
[mem] after-turb: DEVICE_POOL current=19126 MB  actual(reserved)=38146 MB  highWater=24414 MB
ExecutionTime = 138.42 s  ClockTime = 139 s

Time = 1036
[mem] step-start: DEVICE_POOL current=19126 MB  actual(reserved)=38146 MB  highWater=24414 MB
Schwarz(Jacobi)+Bicgstab:  Solving for Ux, Initial residual = 7.992314753590836e-05, Final residual = 4.209710829190456e-06, No Iterations 3, Solve time = 234.839 ms
Schwarz(Jacobi)+Bicgstab:  Solving for Uy, Initial residual = 0.004295028179059609, Final residual = 0.00013596375323308814, No Iterations 3, Solve time = 234.839 ms
Schwarz(Jacobi)+Bicgstab:  Solving for Uz, Initial residual = 0.0010968763541068542, Final residual = 3.840259026160004e-05, No Iterations 3, Solve time = 234.839 ms
[mem] after-UEqn: DEVICE_POOL current=19126 MB  actual(reserved)=38146 MB  highWater=24414 MB
[GinkgoSolver] p-cache: reuse(update_matrix_value) solve=36 rebuildInterval=0
config(Cg+Multigrid):  Solving for p, Initial residual = 0.001298525050197949, Final residual = 1.0946829712711978e-05, No Iterations 7, Solve time = 1046.213 ms
time step continuity errors : sum local = 2.740062618727002e-06, global = -2.68354346189901e-08, cumulative = -7.24248935314443e-07
[mem] after-pEqn: DEVICE_POOL current=19126 MB  actual(reserved)=38146 MB  highWater=24414 MB
[GinkgoSolver] p-cache: reuse(update_matrix_value) solve=36 rebuildInterval=0
Schwarz(Jacobi)+Bicgstab:  Solving for omega, Initial residual = 1.2930517582479507e-05, Final residual = 8.674860817956329e-07, No Iterations 2, Solve time = 91.251 ms
bounding omega, min: -47958.708865660294 max: 45355982.70323631 average: 6370.903231968224
[GinkgoSolver] p-cache: reuse(update_matrix_value) solve=36 rebuildInterval=0
Schwarz(Jacobi)+Bicgstab:  Solving for k, Initial residual = 0.000247415435595978, Final residual = 1.2482639284726901e-05, No Iterations 2, Solve time = 74.344 ms
bounding k, min: -0.006182325224818257 max: 872.5091419553413 average: 9.132358083016268
[mem] after-turb: DEVICE_POOL current=19126 MB  actual(reserved)=38146 MB  highWater=24414 MB
ExecutionTime = 141.04 s  ClockTime = 141 s

Time = 1037
[mem] step-start: DEVICE_POOL current=19126 MB  actual(reserved)=38146 MB  highWater=24414 MB
Schwarz(Jacobi)+Bicgstab:  Solving for Ux, Initial residual = 8.003421169830712e-05, Final residual = 4.575444588321755e-06, No Iterations 2, Solve time = 165.535 ms
Schwarz(Jacobi)+Bicgstab:  Solving for Uy, Initial residual = 0.004301799584173423, Final residual = 0.000289140813568253, No Iterations 2, Solve time = 165.535 ms
Schwarz(Jacobi)+Bicgstab:  Solving for Uz, Initial residual = 0.00109948837392986, Final residual = 7.571681860593452e-05, No Iterations 2, Solve time = 165.535 ms
[mem] after-UEqn: DEVICE_POOL current=19126 MB  actual(reserved)=38146 MB  highWater=24414 MB
[GinkgoSolver] p-cache: reuse(update_matrix_value) solve=37 rebuildInterval=0
config(Cg+Multigrid):  Solving for p, Initial residual = 0.0013012170652306682, Final residual = 1.0728740834540303e-05, No Iterations 7, Solve time = 1055.31 ms
time step continuity errors : sum local = 2.6863756940292226e-06, global = -2.136802862397989e-08, cumulative = -7.45616963938423e-07
[mem] after-pEqn: DEVICE_POOL current=19126 MB  actual(reserved)=38146 MB  highWater=24414 MB
[GinkgoSolver] p-cache: reuse(update_matrix_value) solve=37 rebuildInterval=0
Schwarz(Jacobi)+Bicgstab:  Solving for omega, Initial residual = 1.2983690621994208e-05, Final residual = 8.806438294595507e-07, No Iterations 2, Solve time = 81.905 ms
bounding omega, min: -45820.775485086066 max: 45355982.696103565 average: 6370.966106845148
[GinkgoSolver] p-cache: reuse(update_matrix_value) solve=37 rebuildInterval=0
Schwarz(Jacobi)+Bicgstab:  Solving for k, Initial residual = 0.0002480917223537367, Final residual = 1.237197525201719e-05, No Iterations 2, Solve time = 73.122 ms
bounding k, min: -0.009540688836513097 max: 872.4264052366436 average: 9.131979083886625
[mem] after-turb: DEVICE_POOL current=19126 MB  actual(reserved)=38146 MB  highWater=24414 MB
ExecutionTime = 143.65 s  ClockTime = 144 s

Time = 1038
[mem] step-start: DEVICE_POOL current=19126 MB  actual(reserved)=38146 MB  highWater=24414 MB
Schwarz(Jacobi)+Bicgstab:  Solving for Ux, Initial residual = 8.027066643550504e-05, Final residual = 4.379168266374378e-06, No Iterations 2, Solve time = 168.993 ms
Schwarz(Jacobi)+Bicgstab:  Solving for Uy, Initial residual = 0.004296254378630282, Final residual = 0.0007889040751681915, No Iterations 2, Solve time = 168.993 ms
Schwarz(Jacobi)+Bicgstab:  Solving for Uz, Initial residual = 0.0011068534115009048, Final residual = 7.475391032337573e-05, No Iterations 2, Solve time = 168.993 ms
[mem] after-UEqn: DEVICE_POOL current=19126 MB  actual(reserved)=38146 MB  highWater=24414 MB
[GinkgoSolver] p-cache: reuse(update_matrix_value) solve=38 rebuildInterval=0
config(Cg+Multigrid):  Solving for p, Initial residual = 0.0012991656902060164, Final residual = 1.082953315568651e-05, No Iterations 7, Solve time = 1049.791 ms
time step continuity errors : sum local = 2.712654886054676e-06, global = -1.7681737543095418e-08, cumulative = -7.632987014815183e-07
[mem] after-pEqn: DEVICE_POOL current=19126 MB  actual(reserved)=38146 MB  highWater=24414 MB
[GinkgoSolver] p-cache: reuse(update_matrix_value) solve=38 rebuildInterval=0
Schwarz(Jacobi)+Bicgstab:  Solving for omega, Initial residual = 1.3018903854488451e-05, Final residual = 8.908430506605396e-07, No Iterations 2, Solve time = 74.484 ms
bounding omega, min: -297196.07113634824 max: 45355982.68532972 average: 6371.082827857766
[GinkgoSolver] p-cache: reuse(update_matrix_value) solve=38 rebuildInterval=0
Schwarz(Jacobi)+Bicgstab:  Solving for k, Initial residual = 0.0002484061464928059, Final residual = 1.2024804419497185e-05, No Iterations 2, Solve time = 72.337 ms
bounding k, min: -0.02098471562659148 max: 872.369049291565 average: 9.131881354607
[mem] after-turb: DEVICE_POOL current=19126 MB  actual(reserved)=38146 MB  highWater=24414 MB
ExecutionTime = 146.26 s  ClockTime = 147 s

Time = 1039
[mem] step-start: DEVICE_POOL current=19126 MB  actual(reserved)=38146 MB  highWater=24414 MB
Schwarz(Jacobi)+Bicgstab:  Solving for Ux, Initial residual = 8.02872252929047e-05, Final residual = 4.342426468395462e-06, No Iterations 3, Solve time = 219.743 ms
Schwarz(Jacobi)+Bicgstab:  Solving for Uy, Initial residual = 0.004357211999572076, Final residual = 0.00013978244247300436, No Iterations 3, Solve time = 219.743 ms
Schwarz(Jacobi)+Bicgstab:  Solving for Uz, Initial residual = 0.0011089518896941996, Final residual = 4.783682686497084e-05, No Iterations 3, Solve time = 219.743 ms
[mem] after-UEqn: DEVICE_POOL current=19126 MB  actual(reserved)=38146 MB  highWater=24414 MB
[GinkgoSolver] p-cache: reuse(update_matrix_value) solve=39 rebuildInterval=0
config(Cg+Multigrid):  Solving for p, Initial residual = 0.0013014550954284056, Final residual = 1.203143310001266e-05, No Iterations 7, Solve time = 1057.837 ms
time step continuity errors : sum local = 3.0152066370033473e-06, global = -8.617142837539026e-09, cumulative = -7.719158443190574e-07
[mem] after-pEqn: DEVICE_POOL current=19126 MB  actual(reserved)=38146 MB  highWater=24414 MB
[GinkgoSolver] p-cache: reuse(update_matrix_value) solve=39 rebuildInterval=0
Schwarz(Jacobi)+Bicgstab:  Solving for omega, Initial residual = 1.3041515148933207e-05, Final residual = 8.939133625370002e-07, No Iterations 2, Solve time = 73.385 ms
bounding omega, min: -46140.42267227562 max: 45355982.67207444 average: 6371.2294879595565
[GinkgoSolver] p-cache: reuse(update_matrix_value) solve=39 rebuildInterval=0
Schwarz(Jacobi)+Bicgstab:  Solving for k, Initial residual = 0.00024884508430162697, Final residual = 1.1531318132589901e-05, No Iterations 2, Solve time = 72.897 ms
bounding k, min: -0.030040001276457236 max: 872.322813022055 average: 9.131731469106311
[mem] after-turb: DEVICE_POOL current=19126 MB  actual(reserved)=38146 MB  highWater=24414 MB
ExecutionTime = 148.91 s  ClockTime = 149 s

Time = 1040
[mem] step-start: DEVICE_POOL current=19126 MB  actual(reserved)=38146 MB  highWater=24414 MB
Schwarz(Jacobi)+Bicgstab:  Solving for Ux, Initial residual = 8.03943599579242e-05, Final residual = 7.886500549572821e-06, No Iterations 3, Solve time = 212.247 ms
Schwarz(Jacobi)+Bicgstab:  Solving for Uy, Initial residual = 0.004366862050638149, Final residual = 0.0001386235066963269, No Iterations 3, Solve time = 212.247 ms
Schwarz(Jacobi)+Bicgstab:  Solving for Uz, Initial residual = 0.0011093370023304745, Final residual = 0.00019863160178215718, No Iterations 3, Solve time = 212.247 ms
[mem] after-UEqn: DEVICE_POOL current=19126 MB  actual(reserved)=38146 MB  highWater=24414 MB
[GinkgoSolver] p-cache: reuse(update_matrix_value) solve=40 rebuildInterval=0
config(Cg+Multigrid):  Solving for p, Initial residual = 0.0013567981999111388, Final residual = 1.3503386189412026e-05, No Iterations 7, Solve time = 1047.351 ms
time step continuity errors : sum local = 3.3865367427312204e-06, global = 5.875194621896448e-10, cumulative = -7.713283248568677e-07
[mem] after-pEqn: DEVICE_POOL current=19126 MB  actual(reserved)=38146 MB  highWater=24414 MB
[GinkgoSolver] p-cache: reuse(update_matrix_value) solve=40 rebuildInterval=0
Schwarz(Jacobi)+Bicgstab:  Solving for omega, Initial residual = 1.3048820983650392e-05, Final residual = 9.007110295399673e-07, No Iterations 2, Solve time = 78.103 ms
bounding omega, min: -44316.38370575563 max: 45355982.65706196 average: 6371.256653153979
[GinkgoSolver] p-cache: reuse(update_matrix_value) solve=40 rebuildInterval=0
Schwarz(Jacobi)+Bicgstab:  Solving for k, Initial residual = 0.0002494446432894446, Final residual = 2.0887381423502895e-05, No Iterations 2, Solve time = 72.752 ms
bounding k, min: -0.23323023449634267 max: 872.2647039864906 average: 9.131831952512373
[mem] after-turb: DEVICE_POOL current=19126 MB  actual(reserved)=38146 MB  highWater=24414 MB
ExecutionTime = 151.55 s  ClockTime = 152 s

Time = 1041
[mem] step-start: DEVICE_POOL current=19126 MB  actual(reserved)=38146 MB  highWater=24414 MB
Schwarz(Jacobi)+Bicgstab:  Solving for Ux, Initial residual = 8.082639555894504e-05, Final residual = 2.6287542894954705e-06, No Iterations 3, Solve time = 218.721 ms
Schwarz(Jacobi)+Bicgstab:  Solving for Uy, Initial residual = 0.004379243895516971, Final residual = 0.00014052990484535318, No Iterations 3, Solve time = 218.721 ms
Schwarz(Jacobi)+Bicgstab:  Solving for Uz, Initial residual = 0.001100379374868552, Final residual = 4.0990274781268444e-05, No Iterations 3, Solve time = 218.721 ms
[mem] after-UEqn: DEVICE_POOL current=19126 MB  actual(reserved)=38146 MB  highWater=24414 MB
[GinkgoSolver] p-cache: reuse(update_matrix_value) solve=41 rebuildInterval=0
config(Cg+Multigrid):  Solving for p, Initial residual = 0.0013064121414279445, Final residual = 1.0042838726540712e-05, No Iterations 8, Solve time = 1176.715 ms
time step continuity errors : sum local = 2.5209989262115094e-06, global = 6.5321359668234695e-09, cumulative = -7.647961888900442e-07
[mem] after-pEqn: DEVICE_POOL current=19126 MB  actual(reserved)=38146 MB  highWater=24414 MB
[GinkgoSolver] p-cache: reuse(update_matrix_value) solve=41 rebuildInterval=0
Schwarz(Jacobi)+Bicgstab:  Solving for omega, Initial residual = 1.286566852829004e-05, Final residual = 9.031584637300916e-07, No Iterations 2, Solve time = 83.053 ms
bounding omega, min: -44825.84279020589 max: 45355982.63963688 average: 6371.287946691948
[GinkgoSolver] p-cache: reuse(update_matrix_value) solve=41 rebuildInterval=0
Schwarz(Jacobi)+Bicgstab:  Solving for k, Initial residual = 0.00024919273442875866, Final residual = 2.2693400848422537e-05, No Iterations 2, Solve time = 73.34 ms
bounding k, min: -0.2839383967743742 max: 872.2177944162627 average: 9.131634386090834
[mem] after-turb: DEVICE_POOL current=19126 MB  actual(reserved)=38146 MB  highWater=24414 MB
ExecutionTime = 154.33 s  ClockTime = 155 s

Time = 1042
[mem] step-start: DEVICE_POOL current=19126 MB  actual(reserved)=38146 MB  highWater=24414 MB
Schwarz(Jacobi)+Bicgstab:  Solving for Ux, Initial residual = 8.070628167524588e-05, Final residual = 4.609979904548798e-06, No Iterations 2, Solve time = 178.805 ms
Schwarz(Jacobi)+Bicgstab:  Solving for Uy, Initial residual = 0.004387599759213374, Final residual = 0.00032137375712064636, No Iterations 2, Solve time = 178.805 ms
Schwarz(Jacobi)+Bicgstab:  Solving for Uz, Initial residual = 0.0011001761602836867, Final residual = 0.00013737243797821744, No Iterations 2, Solve time = 178.805 ms
[mem] after-UEqn: DEVICE_POOL current=19126 MB  actual(reserved)=38146 MB  highWater=24414 MB
[GinkgoSolver] p-cache: reuse(update_matrix_value) solve=42 rebuildInterval=0
config(Cg+Multigrid):  Solving for p, Initial residual = 0.0013025143717590975, Final residual = 1.2805109403302009e-05, No Iterations 7, Solve time = 1045.779 ms
time step continuity errors : sum local = 3.2183923110246344e-06, global = -2.7915662320403866e-09, cumulative = -7.675877551220846e-07
[mem] after-pEqn: DEVICE_POOL current=19126 MB  actual(reserved)=38146 MB  highWater=24414 MB
[GinkgoSolver] p-cache: reuse(update_matrix_value) solve=42 rebuildInterval=0
Schwarz(Jacobi)+Bicgstab:  Solving for omega, Initial residual = 1.3099345806385356e-05, Final residual = 9.119876977227789e-07, No Iterations 2, Solve time = 80.067 ms
bounding omega, min: -232134.76786037767 max: 45355982.62872494 average: 6371.381913514347
[GinkgoSolver] p-cache: reuse(update_matrix_value) solve=42 rebuildInterval=0
Schwarz(Jacobi)+Bicgstab:  Solving for k, Initial residual = 0.0002495847434469839, Final residual = 8.135957247656712e-06, No Iterations 3, Solve time = 96.087 ms
bounding k, min: -3.961197824694807e-05 max: 872.1311664301214 average: 9.131412680726449
[mem] after-turb: DEVICE_POOL current=19126 MB  actual(reserved)=38146 MB  highWater=24414 MB
ExecutionTime = 156.95 s  ClockTime = 157 s

Time = 1043
[mem] step-start: DEVICE_POOL current=19126 MB  actual(reserved)=38146 MB  highWater=24414 MB
Schwarz(Jacobi)+Bicgstab:  Solving for Ux, Initial residual = 8.086219066863591e-05, Final residual = 5.80861064167161e-06, No Iterations 3, Solve time = 220.293 ms
Schwarz(Jacobi)+Bicgstab:  Solving for Uy, Initial residual = 0.004374649323837997, Final residual = 0.00015920705781823858, No Iterations 3, Solve time = 220.293 ms
Schwarz(Jacobi)+Bicgstab:  Solving for Uz, Initial residual = 0.0011132840374501998, Final residual = 3.996046541688799e-05, No Iterations 3, Solve time = 220.293 ms
[mem] after-UEqn: DEVICE_POOL current=19126 MB  actual(reserved)=38146 MB  highWater=24414 MB
[GinkgoSolver] p-cache: reuse(update_matrix_value) solve=43 rebuildInterval=0
config(Cg+Multigrid):  Solving for p, Initial residual = 0.0013035420548274583, Final residual = 9.35673796292352e-06, No Iterations 8, Solve time = 1193.87 ms
time step continuity errors : sum local = 2.353218029535895e-06, global = -5.400490156930847e-09, cumulative = -7.729882452790154e-07
[mem] after-pEqn: DEVICE_POOL current=19126 MB  actual(reserved)=38146 MB  highWater=24414 MB
[GinkgoSolver] p-cache: reuse(update_matrix_value) solve=43 rebuildInterval=0
Schwarz(Jacobi)+Bicgstab:  Solving for omega, Initial residual = 1.3239305357231154e-05, Final residual = 9.146041694681772e-07, No Iterations 2, Solve time = 90.811 ms
bounding omega, min: -45782.74528524225 max: 45355982.6154673 average: 6371.203646353849
[GinkgoSolver] p-cache: reuse(update_matrix_value) solve=43 rebuildInterval=0
Schwarz(Jacobi)+Bicgstab:  Solving for k, Initial residual = 0.00024737930977576514, Final residual = 2.171318637437735e-05, No Iterations 2, Solve time = 73.627 ms
bounding k, min: -0.00010830682326225577 max: 872.0146255473222 average: 9.131113007093198
[mem] after-turb: DEVICE_POOL current=19126 MB  actual(reserved)=38146 MB  highWater=24414 MB
ExecutionTime = 159.69 s  ClockTime = 160 s

Time = 1044
[mem] step-start: DEVICE_POOL current=19126 MB  actual(reserved)=38146 MB  highWater=24414 MB
Schwarz(Jacobi)+Bicgstab:  Solving for Ux, Initial residual = 8.109038293107527e-05, Final residual = 3.789242643325027e-06, No Iterations 3, Solve time = 218.584 ms
Schwarz(Jacobi)+Bicgstab:  Solving for Uy, Initial residual = 0.004373881244442773, Final residual = 0.000149549304131412, No Iterations 3, Solve time = 218.584 ms
Schwarz(Jacobi)+Bicgstab:  Solving for Uz, Initial residual = 0.0011170914677544376, Final residual = 6.627844351299527e-05, No Iterations 3, Solve time = 218.584 ms
[mem] after-UEqn: DEVICE_POOL current=19126 MB  actual(reserved)=38146 MB  highWater=24414 MB
[GinkgoSolver] p-cache: reuse(update_matrix_value) solve=44 rebuildInterval=0
config(Cg+Multigrid):  Solving for p, Initial residual = 0.0012987377551777761, Final residual = 9.89776488117187e-06, No Iterations 8, Solve time = 1179.483 ms
time step continuity errors : sum local = 2.4899562869572496e-06, global = -1.937786298494767e-08, cumulative = -7.92366108263963e-07
[mem] after-pEqn: DEVICE_POOL current=19126 MB  actual(reserved)=38146 MB  highWater=24414 MB
[GinkgoSolver] p-cache: reuse(update_matrix_value) solve=44 rebuildInterval=0
Schwarz(Jacobi)+Bicgstab:  Solving for omega, Initial residual = 1.333164555128947e-05, Final residual = 9.103451988017385e-07, No Iterations 2, Solve time = 81.271 ms
bounding omega, min: -46005.751186545946 max: 45355982.60562529 average: 6371.013676286363
[GinkgoSolver] p-cache: reuse(update_matrix_value) solve=44 rebuildInterval=0
Schwarz(Jacobi)+Bicgstab:  Solving for k, Initial residual = 0.00024874937750294583, Final residual = 1.639809174544933e-05, No Iterations 2, Solve time = 73.594 ms
bounding k, min: -0.00014847186270784983 max: 871.8651341437336 average: 9.131069843642893
[mem] after-turb: DEVICE_POOL current=19126 MB  actual(reserved)=38146 MB  highWater=24414 MB
ExecutionTime = 162.46 s  ClockTime = 163 s

Time = 1045
[mem] step-start: DEVICE_POOL current=19126 MB  actual(reserved)=38146 MB  highWater=24414 MB
Schwarz(Jacobi)+Bicgstab:  Solving for Ux, Initial residual = 8.106777469939311e-05, Final residual = 5.075503534861474e-06, No Iterations 3, Solve time = 220.843 ms
Schwarz(Jacobi)+Bicgstab:  Solving for Uy, Initial residual = 0.00438035880613967, Final residual = 0.00014770093558813535, No Iterations 3, Solve time = 220.843 ms
Schwarz(Jacobi)+Bicgstab:  Solving for Uz, Initial residual = 0.0011227190446224033, Final residual = 5.976614229777186e-05, No Iterations 3, Solve time = 220.843 ms
[mem] after-UEqn: DEVICE_POOL current=19126 MB  actual(reserved)=38146 MB  highWater=24414 MB
[GinkgoSolver] p-cache: reuse(update_matrix_value) solve=45 rebuildInterval=0
config(Cg+Multigrid):  Solving for p, Initial residual = 0.0013004874033385118, Final residual = 1.1269350269570886e-05, No Iterations 8, Solve time = 1183.807 ms
time step continuity errors : sum local = 2.834071286674958e-06, global = -3.453332070655296e-08, cumulative = -8.26899428970516e-07
[mem] after-pEqn: DEVICE_POOL current=19126 MB  actual(reserved)=38146 MB  highWater=24414 MB
[GinkgoSolver] p-cache: reuse(update_matrix_value) solve=45 rebuildInterval=0
Schwarz(Jacobi)+Bicgstab:  Solving for omega, Initial residual = 1.3197985555674048e-05, Final residual = 9.135991768237e-07, No Iterations 2, Solve time = 79.163 ms
bounding omega, min: -46440.926249973374 max: 45355982.599835545 average: 6370.954560859954
[GinkgoSolver] p-cache: reuse(update_matrix_value) solve=45 rebuildInterval=0
Schwarz(Jacobi)+Bicgstab:  Solving for k, Initial residual = 0.00024971705865978454, Final residual = 1.5220910801106983e-05, No Iterations 2, Solve time = 73.455 ms
bounding k, min: -5.175549553470669e-05 max: 871.6755719176246 average: 9.131198442836066
[mem] after-turb: DEVICE_POOL current=19126 MB  actual(reserved)=38146 MB  highWater=24414 MB
ExecutionTime = 165.24 s  ClockTime = 166 s

Time = 1046
[mem] step-start: DEVICE_POOL current=19126 MB  actual(reserved)=38146 MB  highWater=24414 MB
Schwarz(Jacobi)+Bicgstab:  Solving for Ux, Initial residual = 8.117442341451746e-05, Final residual = 3.8432479410096766e-06, No Iterations 3, Solve time = 238 ms
Schwarz(Jacobi)+Bicgstab:  Solving for Uy, Initial residual = 0.004393087861090922, Final residual = 0.0001481460369756114, No Iterations 3, Solve time = 238 ms
Schwarz(Jacobi)+Bicgstab:  Solving for Uz, Initial residual = 0.0011257867080150467, Final residual = 3.2082432432028224e-05, No Iterations 3, Solve time = 238 ms
[mem] after-UEqn: DEVICE_POOL current=19126 MB  actual(reserved)=38146 MB  highWater=24414 MB
[GinkgoSolver] p-cache: reuse(update_matrix_value) solve=46 rebuildInterval=0
config(Cg+Multigrid):  Solving for p, Initial residual = 0.0012996617157235468, Final residual = 1.2617755395757398e-05, No Iterations 11, Solve time = 1564.879 ms
time step continuity errors : sum local = 3.1704139199175204e-06, global = -3.784790220865022e-08, cumulative = -8.647473311791662e-07
[mem] after-pEqn: DEVICE_POOL current=19126 MB  actual(reserved)=38146 MB  highWater=24414 MB
[GinkgoSolver] p-cache: reuse(update_matrix_value) solve=46 rebuildInterval=0
Schwarz(Jacobi)+Bicgstab:  Solving for omega, Initial residual = 1.3172822269721242e-05, Final residual = 9.116275862472219e-07, No Iterations 2, Solve time = 81.569 ms
bounding omega, min: -186032.60706638359 max: 45355982.5978406 average: 6370.885338845619
[GinkgoSolver] p-cache: reuse(update_matrix_value) solve=46 rebuildInterval=0
Schwarz(Jacobi)+Bicgstab:  Solving for k, Initial residual = 0.00025035693753982125, Final residual = 1.4549734712448469e-05, No Iterations 2, Solve time = 74.337 ms
bounding k, min: -0.0009607429177566001 max: 871.4500483742238 average: 9.13133633211996
[mem] after-turb: DEVICE_POOL current=19126 MB  actual(reserved)=38146 MB  highWater=24414 MB
ExecutionTime = 168.41 s  ClockTime = 169 s

Time = 1047
[mem] step-start: DEVICE_POOL current=19126 MB  actual(reserved)=38146 MB  highWater=24414 MB
Schwarz(Jacobi)+Bicgstab:  Solving for Ux, Initial residual = 8.114694590512782e-05, Final residual = 4.52072324872691e-06, No Iterations 3, Solve time = 215.713 ms
Schwarz(Jacobi)+Bicgstab:  Solving for Uy, Initial residual = 0.004409006683601478, Final residual = 0.00014955873503738783, No Iterations 3, Solve time = 215.713 ms
Schwarz(Jacobi)+Bicgstab:  Solving for Uz, Initial residual = 0.0011249084698937704, Final residual = 4.364349289765193e-05, No Iterations 3, Solve time = 215.713 ms
[mem] after-UEqn: DEVICE_POOL current=19126 MB  actual(reserved)=38146 MB  highWater=24414 MB
[GinkgoSolver] p-cache: reuse(update_matrix_value) solve=47 rebuildInterval=0
config(Cg+Multigrid):  Solving for p, Initial residual = 0.0013024700410232965, Final residual = 1.2697248629087618e-05, No Iterations 8, Solve time = 1185.734 ms
time step continuity errors : sum local = 3.182278609418245e-06, global = -5.7560742010555075e-08, cumulative = -9.223080731897213e-07
[mem] after-pEqn: DEVICE_POOL current=19126 MB  actual(reserved)=38146 MB  highWater=24414 MB
[GinkgoSolver] p-cache: reuse(update_matrix_value) solve=47 rebuildInterval=0
Schwarz(Jacobi)+Bicgstab:  Solving for omega, Initial residual = 1.3177196760388132e-05, Final residual = 9.082727712813828e-07, No Iterations 2, Solve time = 79.123 ms
bounding omega, min: -47241.62342785537 max: 45355982.59873115 average: 6370.868665876624
[GinkgoSolver] p-cache: reuse(update_matrix_value) solve=47 rebuildInterval=0
Schwarz(Jacobi)+Bicgstab:  Solving for k, Initial residual = 0.0002509369673722378, Final residual = 1.4142638703052465e-05, No Iterations 2, Solve time = 73.16 ms
bounding k, min: -0.00020101616079766548 max: 871.1900263812443 average: 9.13157102914918
[mem] after-turb: DEVICE_POOL current=19126 MB  actual(reserved)=38146 MB  highWater=24414 MB
ExecutionTime = 171.17 s  ClockTime = 172 s

Time = 1048
[mem] step-start: DEVICE_POOL current=19126 MB  actual(reserved)=38146 MB  highWater=24414 MB
Schwarz(Jacobi)+Bicgstab:  Solving for Ux, Initial residual = 8.119407020917189e-05, Final residual = 4.864511254262838e-06, No Iterations 2, Solve time = 154.491 ms
Schwarz(Jacobi)+Bicgstab:  Solving for Uy, Initial residual = 0.004424797144211071, Final residual = 0.0006248377848634938, No Iterations 2, Solve time = 154.491 ms
Schwarz(Jacobi)+Bicgstab:  Solving for Uz, Initial residual = 0.0011246237322432174, Final residual = 7.790843072119263e-05, No Iterations 2, Solve time = 154.491 ms
[mem] after-UEqn: DEVICE_POOL current=19126 MB  actual(reserved)=38146 MB  highWater=24414 MB
[GinkgoSolver] p-cache: reuse(update_matrix_value) solve=48 rebuildInterval=0
config(Cg+Multigrid):  Solving for p, Initial residual = 0.0013146156611798714, Final residual = 9.974778304727446e-06, No Iterations 12, Solve time = 1692.197 ms
time step continuity errors : sum local = 2.4972362596879207e-06, global = -2.756652391979131e-08, cumulative = -9.498745971095126e-07
[mem] after-pEqn: DEVICE_POOL current=19126 MB  actual(reserved)=38146 MB  highWater=24414 MB
[GinkgoSolver] p-cache: reuse(update_matrix_value) solve=48 rebuildInterval=0
Schwarz(Jacobi)+Bicgstab:  Solving for omega, Initial residual = 1.3185519479388201e-05, Final residual = 8.998283932324687e-07, No Iterations 2, Solve time = 74.006 ms
bounding omega, min: -47482.6300988631 max: 45355982.601867415 average: 6370.794937564315
[GinkgoSolver] p-cache: reuse(update_matrix_value) solve=48 rebuildInterval=0
Schwarz(Jacobi)+Bicgstab:  Solving for k, Initial residual = 0.00025159471135779315, Final residual = 1.3994977993189901e-05, No Iterations 2, Solve time = 73.315 ms
bounding k, min: -0.0019064337062746175 max: 870.9230959965281 average: 9.131760968114765
[mem] after-turb: DEVICE_POOL current=19126 MB  actual(reserved)=38146 MB  highWater=24414 MB
ExecutionTime = 174.4 s  ClockTime = 175 s

Time = 1049
[mem] step-start: DEVICE_POOL current=19126 MB  actual(reserved)=38146 MB  highWater=24414 MB
Schwarz(Jacobi)+Bicgstab:  Solving for Ux, Initial residual = 8.139798187353965e-05, Final residual = 4.925053909771944e-06, No Iterations 2, Solve time = 153.857 ms
Schwarz(Jacobi)+Bicgstab:  Solving for Uy, Initial residual = 0.00441080933691597, Final residual = 0.000813752266765497, No Iterations 2, Solve time = 153.857 ms
Schwarz(Jacobi)+Bicgstab:  Solving for Uz, Initial residual = 0.0011296879997423036, Final residual = 7.820338983746813e-05, No Iterations 2, Solve time = 153.857 ms
[mem] after-UEqn: DEVICE_POOL current=19126 MB  actual(reserved)=38146 MB  highWater=24414 MB
[GinkgoSolver] p-cache: reuse(update_matrix_value) solve=49 rebuildInterval=0
config(Cg+Multigrid):  Solving for p, Initial residual = 0.0013088734238504314, Final residual = 1.105566539992519e-05, No Iterations 8, Solve time = 1182.393 ms
time step continuity errors : sum local = 2.759450685154707e-06, global = -5.3138724708284426e-08, cumulative = -1.003013321817797e-06
[mem] after-pEqn: DEVICE_POOL current=19126 MB  actual(reserved)=38146 MB  highWater=24414 MB
[GinkgoSolver] p-cache: reuse(update_matrix_value) solve=49 rebuildInterval=0
Schwarz(Jacobi)+Bicgstab:  Solving for omega, Initial residual = 1.3183825610528347e-05, Final residual = 8.992076063439255e-07, No Iterations 2, Solve time = 78.359 ms
bounding omega, min: -47420.90030557428 max: 45355982.607009456 average: 6370.80880471036
[GinkgoSolver] p-cache: reuse(update_matrix_value) solve=49 rebuildInterval=0
Schwarz(Jacobi)+Bicgstab:  Solving for k, Initial residual = 0.00025171201353229835, Final residual = 1.385227410077299e-05, No Iterations 2, Solve time = 73.667 ms
bounding k, min: -6.42471099329925e-05 max: 870.6607005640985 average: 9.132257004649645
[mem] after-turb: DEVICE_POOL current=19126 MB  actual(reserved)=38146 MB  highWater=24414 MB
ExecutionTime = 177.13 s  ClockTime = 178 s

Time = 1050
[mem] step-start: DEVICE_POOL current=19126 MB  actual(reserved)=38146 MB  highWater=24414 MB
Schwarz(Jacobi)+Bicgstab:  Solving for Ux, Initial residual = 8.129221812749451e-05, Final residual = 3.3500346643695614e-06, No Iterations 3, Solve time = 223.022 ms
Schwarz(Jacobi)+Bicgstab:  Solving for Uy, Initial residual = 0.004459372616251987, Final residual = 0.00014511223588763929, No Iterations 3, Solve time = 223.022 ms
Schwarz(Jacobi)+Bicgstab:  Solving for Uz, Initial residual = 0.0011286420351798198, Final residual = 5.387744963371337e-05, No Iterations 3, Solve time = 223.022 ms
[mem] after-UEqn: DEVICE_POOL current=19126 MB  actual(reserved)=38146 MB  highWater=24414 MB
[GinkgoSolver] p-cache: reuse(update_matrix_value) solve=50 rebuildInterval=0
config(Cg+Multigrid):  Solving for p, Initial residual = 0.0013027516160763765, Final residual = 1.0198729192660717e-05, No Iterations 8, Solve time = 1172.661 ms
time step continuity errors : sum local = 2.544508959248753e-06, global = -5.305084932535842e-08, cumulative = -1.0560641711431554e-06
[mem] after-pEqn: DEVICE_POOL current=19126 MB  actual(reserved)=38146 MB  highWater=24414 MB
[GinkgoSolver] p-cache: reuse(update_matrix_value) solve=50 rebuildInterval=0
Schwarz(Jacobi)+Bicgstab:  Solving for omega, Initial residual = 1.3176055388527456e-05, Final residual = 9.003636771454648e-07, No Iterations 2, Solve time = 91.191 ms
bounding omega, min: -134951.12465368112 max: 45355982.61373314 average: 6370.850008923726
[GinkgoSolver] p-cache: reuse(update_matrix_value) solve=50 rebuildInterval=0
Schwarz(Jacobi)+Bicgstab:  Solving for k, Initial residual = 0.00025195162792408446, Final residual = 1.3776869747090316e-05, No Iterations 2, Solve time = 73.641 ms
bounding k, min: -0.001049595919221367 max: 870.421837228461 average: 9.13265616270521
[mem] after-turb: DEVICE_POOL current=19126 MB  actual(reserved)=38146 MB  highWater=24414 MB
Writing p
Writing U
Writing turbulence variables
ExecutionTime = 181.13 s  ClockTime = 183 s

Finalizing NeoN
Finalising parallel run
