/*---------------------------------------------------------------------------*\
| =========                 |                                                 |
| \\      /  F ield         | OpenFOAM: The Open Source CFD Toolbox           |
|  \\    /   O peration     | Version:  2506                                  |
|   \\  /    A nd           | Website:  www.openfoam.com                      |
|    \\/     M anipulation  |                                                 |
\*---------------------------------------------------------------------------*/
Build  : b050cd9480-20250814 OPENFOAM=2506 version=v2506
Arch   : "LSB;label=32;scalar=64"
Exec   : /storage/home/greole/code/NeoFOAM/build/profilingnvidia_h200/bin/neoSimpleFoam -parallel
Date   : Jul 10 2026
Time   : 11:10:59
Host   : gpu-nvidia-h200-2.int.coma-cluster.de
PID    : 970568
I/O    : uncollated
Case   : /storage/home/greole/code/NeoFOAM/occDrivAerStaticMesh
nProcs : 4
Hosts  :
(
    (gpu-nvidia-h200-2.int.coma-cluster.de 4)
)
Pstream initialized with:
    node communication : off [type=host] (4 ranks, 1 nodes)
    topology controls  : none
    consensus exchange : 0 (tuning: 0)
    exchange algorithm : 0
    commsType          : nonBlocking
    polling iterations : 0
trapFpe: Floating point exception trapping enabled (FOAM_SIGFPE).
fileModificationChecking : Monitoring run-time modified files using timeStampMaster (fileModificationSkew 5, maxFileModificationPolls 20)
allowSystemOperations : Allowing user-supplied system call operations

// * * * * * * * * * * * * * * * * * * * * * * * * * * * * * * * * * * * * * //
Create time

Initializing NeoN
Creating Executor GPU
Creating NeoFOAM runTime
GPU-aware MPI: library-available=yes, NeoN-flag=on, executor=GPUExecutor, ranks=4 -> used=yes

SIMPLE: no convergence criteria found. Calculations will run for 50 steps.

Reading field p

Reading field U

Reading/calculating face flux field phi

Selecting incompressible transport model Newtonian
NeoFOAM solver config (from fvSolution configFile) for 'config(Cg+Schwarz(Multigrid))':
{
    cacheSolver: true
    configFile: <NeoN::TokenList>
    l1ScaledResidual: true
    preconditionerRebuildInterval: 0
    relTol: 0.010000
    reportName: config(Cg+Schwarz(Multigrid))
    solver: Ginkgo
    tolerance: 0.000000
}
    effective optimize: false
    effective checkFrequency: 1
Mapping OpenFOAM solver settings to NeoN settings.
Currently, it is advisable to specify a configFile
for fine grained Ginkgo solver control

Replacing solver PBiCGStab by solver::Bicgstab
Replacing preconditioner diagonal by preconditioner::Schwarz (Schwarz-wrapped for distributed run)
NeoFOAM solver config (mapped from fvSolution) for 'Schwarz(Jacobi)+Bicgstab':
{
    cacheSolver: true
    criteria: {
        absolute_residual_norm: 0.000000
        initial_residual_norm: 0.100000
        iteration: 1000
    }
    l1ScaledResidual: true
    optimize: true
    preconditioner: {
        local_solver: {
            max_block_size: 1
            type: preconditioner::Jacobi
        }
        type: preconditioner::Schwarz
    }
    reportName: Schwarz(Jacobi)+Bicgstab
    solver: Ginkgo
    type: solver::Bicgstab
}
    effective optimize: true
    effective checkFrequency: 1
Creating phi

[NF][/storage/home/greole/code/NeoFOAM/include/NeoFOAM/auxiliary/readers.hpp::434]: Internal: 49333487, Boundary: 1754396

[NF][/storage/home/greole/code/NeoFOAM/include/NeoFOAM/auxiliary/readers.hpp::434]: Internal: 49320882, Boundary: 1762558


[NF][/storage/home/greole/code/NeoFOAM/include/NeoFOAM/auxiliary/readers.hpp::434]: Internal: 49261542, Boundary: 1427829
[NF][/storage/home/greole/code/NeoFOAM/include/NeoFOAM/auxiliary/readers.hpp::434]: Internal: 49243125, Boundary: 1362247
Selecting patchDistMethod meshWave
Mapping OpenFOAM solver settings to NeoN settings.
Currently, it is advisable to specify a configFile
for fine grained Ginkgo solver control

Replacing solver PBiCGStab by solver::Bicgstab
Replacing preconditioner diagonal by preconditioner::Schwarz (Schwarz-wrapped for distributed run)
NeoFOAM solver config (mapped from fvSolution) for 'Schwarz(Jacobi)+Bicgstab':
{
    cacheSolver: true
    criteria: {
        absolute_residual_norm: 0.000000
        initial_residual_norm: 0.100000
        iteration: 1000
    }
    l1ScaledResidual: true
    optimize: true
    preconditioner: {
        local_solver: {
            max_block_size: 1
            type: preconditioner::Jacobi
        }
        type: preconditioner::Schwarz
    }
    reportName: Schwarz(Jacobi)+Bicgstab
    solver: Ginkgo
    type: solver::Bicgstab
}
    effective optimize: true
    effective checkFrequency: 1
Mapping OpenFOAM solver settings to NeoN settings.
Currently, it is advisable to specify a configFile
for fine grained Ginkgo solver control

Replacing solver PBiCGStab by solver::Bicgstab
Replacing preconditioner diagonal by preconditioner::Schwarz (Schwarz-wrapped for distributed run)
NeoFOAM solver config (mapped from fvSolution) for 'Schwarz(Jacobi)+Bicgstab':
{
    cacheSolver: true
    criteria: {
        absolute_residual_norm: 0.000000
        initial_residual_norm: 0.100000
        iteration: 1000
    }
    l1ScaledResidual: true
    optimize: true
    preconditioner: {
        local_solver: {
            max_block_size: 1
            type: preconditioner::Jacobi
        }
        type: preconditioner::Schwarz
    }
    reportName: Schwarz(Jacobi)+Bicgstab
    solver: Ginkgo
    type: solver::Bicgstab
}
    effective optimize: true
    effective checkFrequency: 1
[mem] setup.end: DEVICE_POOL current=12979 MB  actual(reserved)=38146 MB  highWater=19132 MB
Starting time loop
Time = 1001
[mem] step-start: DEVICE_POOL current=12979 MB  actual(reserved)=38146 MB  highWater=19132 MB
Schwarz(Jacobi)+Bicgstab:  Solving for Ux, Initial residual = 7.915662809814966e-05, Final residual = 3.1179304544013136e-06, No Iterations 3, Solve time = 244.814 ms
Schwarz(Jacobi)+Bicgstab:  Solving for Uy, Initial residual = 0.004031496934770698, Final residual = 0.00014160853975440566, No Iterations 3, Solve time = 244.814 ms
Schwarz(Jacobi)+Bicgstab:  Solving for Uz, Initial residual = 0.0011224955775289297, Final residual = 4.8975426614136674e-05, No Iterations 3, Solve time = 244.814 ms
[mem] after-UEqn: DEVICE_POOL current=15473 MB  actual(reserved)=38146 MB  highWater=20761 MB
[GinkgoSolver] p-cache: rebuild(generate) solve=1 rebuildInterval=0
config(Cg+Schwarz(Multigrid)):  Solving for p, Initial residual = 0.0013092181241291126, Final residual = 1.2224943427498186e-05, No Iterations 29, Solve time = 690.904 ms
time step continuity errors : sum local = 3.0872045614195754e-06, global = 2.6274800139930016e-08, cumulative = 2.6274800139930016e-08
[mem] after-pEqn: DEVICE_POOL current=16941 MB  actual(reserved)=38146 MB  highWater=20761 MB
[GinkgoSolver] p-cache: rebuild(generate) solve=1 rebuildInterval=0
Schwarz(Jacobi)+Bicgstab:  Solving for omega, Initial residual = 1.3008681404170718e-05, Final residual = 9.269558254866821e-07, No Iterations 2, Solve time = 80.312 ms
bounding omega, min: -36066.8135061798 max: 45355982.77769653 average: 6373.855513385922
[GinkgoSolver] p-cache: rebuild(generate) solve=1 rebuildInterval=0
Schwarz(Jacobi)+Bicgstab:  Solving for k, Initial residual = 0.0002422420492811428, Final residual = 9.450354705078414e-06, No Iterations 3, Solve time = 98.31 ms
bounding k, min: -2.4262813200913304e-05 max: 942.8715318955038 average: 9.152759327086288
[mem] after-turb: DEVICE_POOL current=19126 MB  actual(reserved)=38146 MB  highWater=21935 MB
ExecutionTime = 44.81 s  ClockTime = 45 s

Time = 1002
[mem] step-start: DEVICE_POOL current=19126 MB  actual(reserved)=38146 MB  highWater=21935 MB
Schwarz(Jacobi)+Bicgstab:  Solving for Ux, Initial residual = 7.875405966618608e-05, Final residual = 2.9919700274347906e-06, No Iterations 3, Solve time = 215.896 ms
Schwarz(Jacobi)+Bicgstab:  Solving for Uy, Initial residual = 0.004033556869814286, Final residual = 0.0001404718131298782, No Iterations 3, Solve time = 215.896 ms
Schwarz(Jacobi)+Bicgstab:  Solving for Uz, Initial residual = 0.0011190978768321664, Final residual = 4.1168962203859e-05, No Iterations 3, Solve time = 215.896 ms
[mem] after-UEqn: DEVICE_POOL current=19126 MB  actual(reserved)=38146 MB  highWater=24414 MB
[GinkgoSolver] p-cache: reuse(update_matrix_value) solve=2 rebuildInterval=0
config(Cg+Schwarz(Multigrid)):  Solving for p, Initial residual = 0.0012774970360760606, Final residual = 1.236147896629032e-05, No Iterations 30, Solve time = 681.766 ms
time step continuity errors : sum local = 3.124357158979273e-06, global = 1.6036273914171753e-08, cumulative = 4.231107405410177e-08
[mem] after-pEqn: DEVICE_POOL current=19126 MB  actual(reserved)=38146 MB  highWater=24414 MB
[GinkgoSolver] p-cache: reuse(update_matrix_value) solve=2 rebuildInterval=0
Schwarz(Jacobi)+Bicgstab:  Solving for omega, Initial residual = 1.3120145870650067e-05, Final residual = 8.75647025658262e-07, No Iterations 2, Solve time = 72.46 ms
bounding omega, min: -92835.36354311928 max: 45355982.85231095 average: 6373.578964414924
[GinkgoSolver] p-cache: reuse(update_matrix_value) solve=2 rebuildInterval=0
Schwarz(Jacobi)+Bicgstab:  Solving for k, Initial residual = 0.00024149211489941076, Final residual = 1.1414223394641056e-05, No Iterations 2, Solve time = 73.194 ms
bounding k, min: -0.00029128946188551223 max: 934.4574575514881 average: 9.152494867924611
[mem] after-turb: DEVICE_POOL current=19126 MB  actual(reserved)=38146 MB  highWater=24414 MB
ExecutionTime = 46.95 s  ClockTime = 47 s

Time = 1003
[mem] step-start: DEVICE_POOL current=19126 MB  actual(reserved)=38146 MB  highWater=24414 MB
Schwarz(Jacobi)+Bicgstab:  Solving for Ux, Initial residual = 7.858308087045492e-05, Final residual = 2.410882601137353e-06, No Iterations 3, Solve time = 223.211 ms
Schwarz(Jacobi)+Bicgstab:  Solving for Uy, Initial residual = 0.004030077686324208, Final residual = 0.00013660036246230235, No Iterations 3, Solve time = 223.211 ms
Schwarz(Jacobi)+Bicgstab:  Solving for Uz, Initial residual = 0.0011176776446412452, Final residual = 3.9088127384880926e-05, No Iterations 3, Solve time = 223.211 ms
[mem] after-UEqn: DEVICE_POOL current=19126 MB  actual(reserved)=38146 MB  highWater=24414 MB
[GinkgoSolver] p-cache: reuse(update_matrix_value) solve=3 rebuildInterval=0
config(Cg+Schwarz(Multigrid)):  Solving for p, Initial residual = 0.0012684172601619547, Final residual = 1.2222898079323318e-05, No Iterations 40, Solve time = 900.784 ms
time step continuity errors : sum local = 3.08994431351134e-06, global = 1.394023437592885e-09, cumulative = 4.370509749169466e-08
[mem] after-pEqn: DEVICE_POOL current=19126 MB  actual(reserved)=38146 MB  highWater=24414 MB
[GinkgoSolver] p-cache: reuse(update_matrix_value) solve=3 rebuildInterval=0
Schwarz(Jacobi)+Bicgstab:  Solving for omega, Initial residual = 1.2976356155044273e-05, Final residual = 8.495012135418575e-07, No Iterations 2, Solve time = 79.008 ms
bounding omega, min: -36319.73058432095 max: 45355982.9405334 average: 6373.460554325195
[GinkgoSolver] p-cache: reuse(update_matrix_value) solve=3 rebuildInterval=0
Schwarz(Jacobi)+Bicgstab:  Solving for k, Initial residual = 0.00024127557314910963, Final residual = 1.312009620563919e-05, No Iterations 2, Solve time = 72.36 ms
bounding k, min: -0.0006925392131914114 max: 922.3670730347992 average: 9.152321801791777
[mem] after-turb: DEVICE_POOL current=19126 MB  actual(reserved)=38146 MB  highWater=24414 MB
ExecutionTime = 49.31 s  ClockTime = 50 s

Time = 1004
[mem] step-start: DEVICE_POOL current=19126 MB  actual(reserved)=38146 MB  highWater=24414 MB
Schwarz(Jacobi)+Bicgstab:  Solving for Ux, Initial residual = 7.847895933235909e-05, Final residual = 2.051563255042176e-06, No Iterations 3, Solve time = 219.515 ms
Schwarz(Jacobi)+Bicgstab:  Solving for Uy, Initial residual = 0.004024787657280137, Final residual = 0.00013306703483231957, No Iterations 3, Solve time = 219.515 ms
Schwarz(Jacobi)+Bicgstab:  Solving for Uz, Initial residual = 0.0011172957296645858, Final residual = 4.12332574455115e-05, No Iterations 3, Solve time = 219.515 ms
[mem] after-UEqn: DEVICE_POOL current=19126 MB  actual(reserved)=38146 MB  highWater=24414 MB
[GinkgoSolver] p-cache: reuse(update_matrix_value) solve=4 rebuildInterval=0
config(Cg+Schwarz(Multigrid)):  Solving for p, Initial residual = 0.001267862069078224, Final residual = 1.1776299828090851e-05, No Iterations 31, Solve time = 706.239 ms
time step continuity errors : sum local = 2.975420461820588e-06, global = -4.285187801437457e-09, cumulative = 3.94199096902572e-08
[mem] after-pEqn: DEVICE_POOL current=19126 MB  actual(reserved)=38146 MB  highWater=24414 MB
[GinkgoSolver] p-cache: reuse(update_matrix_value) solve=4 rebuildInterval=0
Schwarz(Jacobi)+Bicgstab:  Solving for omega, Initial residual = 1.2865181019474717e-05, Final residual = 8.407572567959383e-07, No Iterations 2, Solve time = 85.797 ms
bounding omega, min: -34605.618774277704 max: 45355983.02650247 average: 6373.602742662129
[GinkgoSolver] p-cache: reuse(update_matrix_value) solve=4 rebuildInterval=0
Schwarz(Jacobi)+Bicgstab:  Solving for k, Initial residual = 0.00024123780605238632, Final residual = 1.3714653243957592e-05, No Iterations 2, Solve time = 72.807 ms
bounding k, min: -0.005386638369719685 max: 907.4973638028342 average: 9.152108102071711
[mem] after-turb: DEVICE_POOL current=19126 MB  actual(reserved)=38146 MB  highWater=24414 MB
ExecutionTime = 51.47 s  ClockTime = 52 s

Time = 1005
[mem] step-start: DEVICE_POOL current=19126 MB  actual(reserved)=38146 MB  highWater=24414 MB
Schwarz(Jacobi)+Bicgstab:  Solving for Ux, Initial residual = 7.836566207817542e-05, Final residual = 3.880326147547444e-06, No Iterations 2, Solve time = 180.344 ms
Schwarz(Jacobi)+Bicgstab:  Solving for Uy, Initial residual = 0.004019364089489335, Final residual = 0.0002502343771939723, No Iterations 2, Solve time = 180.344 ms
Schwarz(Jacobi)+Bicgstab:  Solving for Uz, Initial residual = 0.0011175287280767003, Final residual = 6.366382115877247e-05, No Iterations 2, Solve time = 180.344 ms
[mem] after-UEqn: DEVICE_POOL current=19126 MB  actual(reserved)=38146 MB  highWater=24414 MB
[GinkgoSolver] p-cache: reuse(update_matrix_value) solve=5 rebuildInterval=0
config(Cg+Schwarz(Multigrid)):  Solving for p, Initial residual = 0.0012745715171686744, Final residual = 1.2252781386447878e-05, No Iterations 36, Solve time = 813.596 ms
time step continuity errors : sum local = 8.8454389271924e-06, global = -5.764388679910202e-06, cumulative = -5.724968770219944e-06
[mem] after-pEqn: DEVICE_POOL current=19126 MB  actual(reserved)=38146 MB  highWater=24414 MB
[GinkgoSolver] p-cache: reuse(update_matrix_value) solve=5 rebuildInterval=0
Schwarz(Jacobi)+Bicgstab:  Solving for omega, Initial residual = 1.2852940375999705e-05, Final residual = 8.468886920947955e-07, No Iterations 2, Solve time = 72.537 ms
bounding omega, min: -35640.99321755415 max: 45355983.094795026 average: 6373.787113639017
[GinkgoSolver] p-cache: reuse(update_matrix_value) solve=5 rebuildInterval=0
Schwarz(Jacobi)+Bicgstab:  Solving for k, Initial residual = 0.0002416503501717925, Final residual = 1.3732112263362636e-05, No Iterations 2, Solve time = 83.143 ms
bounding k, min: -0.0023183461333728325 max: 900.2557529545891 average: 9.151937871229599
[mem] after-turb: DEVICE_POOL current=19126 MB  actual(reserved)=38146 MB  highWater=24414 MB
ExecutionTime = 53.74 s  ClockTime = 54 s

Time = 1006
[mem] step-start: DEVICE_POOL current=19126 MB  actual(reserved)=38146 MB  highWater=24414 MB
Schwarz(Jacobi)+Bicgstab:  Solving for Ux, Initial residual = 7.845861613314212e-05, Final residual = 2.4666096140753607e-06, No Iterations 3, Solve time = 231.236 ms
Schwarz(Jacobi)+Bicgstab:  Solving for Uy, Initial residual = 0.004011537455611886, Final residual = 0.00015334187467185513, No Iterations 3, Solve time = 231.236 ms
Schwarz(Jacobi)+Bicgstab:  Solving for Uz, Initial residual = 0.001119185626436314, Final residual = 6.16166428086066e-05, No Iterations 3, Solve time = 231.236 ms
[mem] after-UEqn: DEVICE_POOL current=19126 MB  actual(reserved)=38146 MB  highWater=24414 MB
[GinkgoSolver] p-cache: reuse(update_matrix_value) solve=6 rebuildInterval=0
config(Cg+Schwarz(Multigrid)):  Solving for p, Initial residual = 0.0012725218700661287, Final residual = 1.094477064104478e-05, No Iterations 30, Solve time = 683.366 ms
time step continuity errors : sum local = 2.7612983754069865e-06, global = -2.0745488980202493e-08, cumulative = -5.745714259200146e-06
[mem] after-pEqn: DEVICE_POOL current=19126 MB  actual(reserved)=38146 MB  highWater=24414 MB
[GinkgoSolver] p-cache: reuse(update_matrix_value) solve=6 rebuildInterval=0
Schwarz(Jacobi)+Bicgstab:  Solving for omega, Initial residual = 1.2814586542932852e-05, Final residual = 8.425545016950138e-07, No Iterations 2, Solve time = 86.616 ms
bounding omega, min: -126142.96570337215 max: 45355983.13216562 average: 6373.937271154648
[GinkgoSolver] p-cache: reuse(update_matrix_value) solve=6 rebuildInterval=0
Schwarz(Jacobi)+Bicgstab:  Solving for k, Initial residual = 0.0002417117690953504, Final residual = 1.3499135023278098e-05, No Iterations 2, Solve time = 73.059 ms
bounding k, min: -0.002379299057810133 max: 894.3867470292762 average: 9.151721929809776
[mem] after-turb: DEVICE_POOL current=19126 MB  actual(reserved)=38146 MB  highWater=24414 MB
ExecutionTime = 55.89 s  ClockTime = 56 s

Time = 1007
[mem] step-start: DEVICE_POOL current=19126 MB  actual(reserved)=38146 MB  highWater=24414 MB
Schwarz(Jacobi)+Bicgstab:  Solving for Ux, Initial residual = 7.839482728919372e-05, Final residual = 4.256024598351763e-06, No Iterations 2, Solve time = 168.716 ms
Schwarz(Jacobi)+Bicgstab:  Solving for Uy, Initial residual = 0.004008897450690104, Final residual = 0.0004998317795649488, No Iterations 2, Solve time = 168.716 ms
Schwarz(Jacobi)+Bicgstab:  Solving for Uz, Initial residual = 0.0011200646672428175, Final residual = 7.069606530418796e-05, No Iterations 2, Solve time = 168.716 ms
[mem] after-UEqn: DEVICE_POOL current=19126 MB  actual(reserved)=38146 MB  highWater=24414 MB
[GinkgoSolver] p-cache: reuse(update_matrix_value) solve=7 rebuildInterval=0
config(Cg+Schwarz(Multigrid)):  Solving for p, Initial residual = 0.0012867134651253164, Final residual = 1.228947854441723e-05, No Iterations 31, Solve time = 704.532 ms
time step continuity errors : sum local = 3.0984649041076827e-06, global = -2.2462024134957747e-08, cumulative = -5.768176283335104e-06
[mem] after-pEqn: DEVICE_POOL current=19126 MB  actual(reserved)=38146 MB  highWater=24414 MB
[GinkgoSolver] p-cache: reuse(update_matrix_value) solve=7 rebuildInterval=0
Schwarz(Jacobi)+Bicgstab:  Solving for omega, Initial residual = 1.2812432422860747e-05, Final residual = 8.376856237838779e-07, No Iterations 2, Solve time = 87.505 ms
bounding omega, min: -32744.832035551524 max: 45355983.12761095 average: 6374.083561731985
[GinkgoSolver] p-cache: reuse(update_matrix_value) solve=7 rebuildInterval=0
Schwarz(Jacobi)+Bicgstab:  Solving for k, Initial residual = 0.0002422026393603264, Final residual = 1.342036532767992e-05, No Iterations 2, Solve time = 73.694 ms
bounding k, min: -0.0009465482218993168 max: 892.7749478159603 average: 9.151417536194646
[mem] after-turb: DEVICE_POOL current=19126 MB  actual(reserved)=38146 MB  highWater=24414 MB
ExecutionTime = 58.02 s  ClockTime = 58 s

Time = 1008
[mem] step-start: DEVICE_POOL current=19126 MB  actual(reserved)=38146 MB  highWater=24414 MB
Schwarz(Jacobi)+Bicgstab:  Solving for Ux, Initial residual = 7.857899851583519e-05, Final residual = 4.283915512882492e-06, No Iterations 2, Solve time = 169.098 ms
Schwarz(Jacobi)+Bicgstab:  Solving for Uy, Initial residual = 0.003987539347319418, Final residual = 0.000734596097645819, No Iterations 2, Solve time = 169.098 ms
Schwarz(Jacobi)+Bicgstab:  Solving for Uz, Initial residual = 0.0011231195243870374, Final residual = 6.390804320634181e-05, No Iterations 2, Solve time = 169.098 ms
[mem] after-UEqn: DEVICE_POOL current=19126 MB  actual(reserved)=38146 MB  highWater=24414 MB
[GinkgoSolver] p-cache: reuse(update_matrix_value) solve=8 rebuildInterval=0
config(Cg+Schwarz(Multigrid)):  Solving for p, Initial residual = 0.001283007370412387, Final residual = 1.2606725170173272e-05, No Iterations 38, Solve time = 857.415 ms
time step continuity errors : sum local = 3.1764603931599395e-06, global = -2.1814468000137527e-08, cumulative = -5.789990751335241e-06
[mem] after-pEqn: DEVICE_POOL current=19126 MB  actual(reserved)=38146 MB  highWater=24414 MB
[GinkgoSolver] p-cache: reuse(update_matrix_value) solve=8 rebuildInterval=0
Schwarz(Jacobi)+Bicgstab:  Solving for omega, Initial residual = 1.2781907759507577e-05, Final residual = 8.354178387733792e-07, No Iterations 2, Solve time = 85.507 ms
bounding omega, min: -32936.86824745002 max: 45355983.06402112 average: 6374.196775113186
[GinkgoSolver] p-cache: reuse(update_matrix_value) solve=8 rebuildInterval=0
Schwarz(Jacobi)+Bicgstab:  Solving for k, Initial residual = 0.00024211286044740338, Final residual = 1.3455979155484573e-05, No Iterations 2, Solve time = 76.469 ms
bounding k, min: -0.000884158771329583 max: 891.3759776566278 average: 9.151219718326914
[mem] after-turb: DEVICE_POOL current=19126 MB  actual(reserved)=38146 MB  highWater=24414 MB
ExecutionTime = 60.28 s  ClockTime = 61 s

Time = 1009
[mem] step-start: DEVICE_POOL current=19126 MB  actual(reserved)=38146 MB  highWater=24414 MB
Schwarz(Jacobi)+Bicgstab:  Solving for Ux, Initial residual = 7.843417710275282e-05, Final residual = 2.606204865514283e-06, No Iterations 3, Solve time = 223.907 ms
Schwarz(Jacobi)+Bicgstab:  Solving for Uy, Initial residual = 0.004038069261842886, Final residual = 0.0001348309390994395, No Iterations 3, Solve time = 223.907 ms
Schwarz(Jacobi)+Bicgstab:  Solving for Uz, Initial residual = 0.0011166448152079393, Final residual = 0.0001256622862951531, No Iterations 3, Solve time = 223.907 ms
[mem] after-UEqn: DEVICE_POOL current=19126 MB  actual(reserved)=38146 MB  highWater=24414 MB
[GinkgoSolver] p-cache: reuse(update_matrix_value) solve=9 rebuildInterval=0
config(Cg+Schwarz(Multigrid)):  Solving for p, Initial residual = 0.0012969602444308987, Final residual = 1.228160434706127e-05, No Iterations 31, Solve time = 713.205 ms
time step continuity errors : sum local = 3.0917983366923182e-06, global = -2.5283231408902257e-08, cumulative = -5.815273982744143e-06
[mem] after-pEqn: DEVICE_POOL current=19126 MB  actual(reserved)=38146 MB  highWater=24414 MB
[GinkgoSolver] p-cache: reuse(update_matrix_value) solve=9 rebuildInterval=0
Schwarz(Jacobi)+Bicgstab:  Solving for omega, Initial residual = 1.2745760923643438e-05, Final residual = 8.339761176685228e-07, No Iterations 2, Solve time = 77.07 ms
bounding omega, min: -37574.75702743962 max: 45355982.902336076 average: 6374.236006538379
[GinkgoSolver] p-cache: reuse(update_matrix_value) solve=9 rebuildInterval=0
Schwarz(Jacobi)+Bicgstab:  Solving for k, Initial residual = 0.00024222367512892657, Final residual = 1.3348359498322946e-05, No Iterations 2, Solve time = 76.152 ms
bounding k, min: -0.0014954307729857785 max: 891.952963594686 average: 9.150614117229553
[mem] after-turb: DEVICE_POOL current=19126 MB  actual(reserved)=38146 MB  highWater=24414 MB
ExecutionTime = 62.45 s  ClockTime = 63 s

Time = 1010
[mem] step-start: DEVICE_POOL current=19126 MB  actual(reserved)=38146 MB  highWater=24414 MB
Schwarz(Jacobi)+Bicgstab:  Solving for Ux, Initial residual = 7.837740163826294e-05, Final residual = 2.854221702566288e-06, No Iterations 3, Solve time = 220.565 ms
Schwarz(Jacobi)+Bicgstab:  Solving for Uy, Initial residual = 0.004061859213156433, Final residual = 0.0001357508857345225, No Iterations 3, Solve time = 220.565 ms
Schwarz(Jacobi)+Bicgstab:  Solving for Uz, Initial residual = 0.001100025554779134, Final residual = 4.4381926205220397e-05, No Iterations 3, Solve time = 220.565 ms
[mem] after-UEqn: DEVICE_POOL current=19126 MB  actual(reserved)=38146 MB  highWater=24414 MB
[GinkgoSolver] p-cache: reuse(update_matrix_value) solve=10 rebuildInterval=0
config(Cg+Schwarz(Multigrid)):  Solving for p, Initial residual = 0.001277520718467028, Final residual = 1.2070629560228877e-05, No Iterations 33, Solve time = 746.067 ms
time step continuity errors : sum local = 3.0370968531151626e-06, global = -2.2981985986378763e-08, cumulative = -5.838255968730522e-06
[mem] after-pEqn: DEVICE_POOL current=19126 MB  actual(reserved)=38146 MB  highWater=24414 MB
[GinkgoSolver] p-cache: reuse(update_matrix_value) solve=10 rebuildInterval=0
Schwarz(Jacobi)+Bicgstab:  Solving for omega, Initial residual = 1.272334989129981e-05, Final residual = 8.333474792210852e-07, No Iterations 2, Solve time = 85.495 ms
bounding omega, min: -161934.1807546206 max: 45355982.6762414 average: 6374.208124460834
[GinkgoSolver] p-cache: reuse(update_matrix_value) solve=10 rebuildInterval=0
Schwarz(Jacobi)+Bicgstab:  Solving for k, Initial residual = 0.00024225192303344546, Final residual = 1.3164081292435382e-05, No Iterations 2, Solve time = 71.662 ms
bounding k, min: -0.0019086533987481766 max: 892.1039576456844 average: 9.149975163339285
[mem] after-turb: DEVICE_POOL current=19126 MB  actual(reserved)=38146 MB  highWater=24414 MB
ExecutionTime = 64.66 s  ClockTime = 65 s

Time = 1011
[mem] step-start: DEVICE_POOL current=19126 MB  actual(reserved)=38146 MB  highWater=24414 MB
Schwarz(Jacobi)+Bicgstab:  Solving for Ux, Initial residual = 7.833016309130538e-05, Final residual = 3.297308178707113e-06, No Iterations 3, Solve time = 233.962 ms
Schwarz(Jacobi)+Bicgstab:  Solving for Uy, Initial residual = 0.00407505722993751, Final residual = 0.00013726849769833788, No Iterations 3, Solve time = 233.962 ms
Schwarz(Jacobi)+Bicgstab:  Solving for Uz, Initial residual = 0.00109336346519992, Final residual = 4.112994033262815e-05, No Iterations 3, Solve time = 233.962 ms
[mem] after-UEqn: DEVICE_POOL current=19126 MB  actual(reserved)=38146 MB  highWater=24414 MB
[GinkgoSolver] p-cache: reuse(update_matrix_value) solve=11 rebuildInterval=0
config(Cg+Schwarz(Multigrid)):  Solving for p, Initial residual = 0.0012719792901466622, Final residual = 1.1548632197711392e-05, No Iterations 33, Solve time = 748.316 ms
time step continuity errors : sum local = 2.904254817722013e-06, global = -1.9595751396938415e-08, cumulative = -5.85785172012746e-06
[mem] after-pEqn: DEVICE_POOL current=19126 MB  actual(reserved)=38146 MB  highWater=24414 MB
[GinkgoSolver] p-cache: reuse(update_matrix_value) solve=11 rebuildInterval=0
Schwarz(Jacobi)+Bicgstab:  Solving for omega, Initial residual = 1.2709958107696245e-05, Final residual = 8.284017566172107e-07, No Iterations 2, Solve time = 86.13 ms
bounding omega, min: -38506.69747788243 max: 45355982.668234356 average: 6374.1436042145215
[GinkgoSolver] p-cache: reuse(update_matrix_value) solve=11 rebuildInterval=0
Schwarz(Jacobi)+Bicgstab:  Solving for k, Initial residual = 0.00024227536873795683, Final residual = 1.2667522919356495e-05, No Iterations 2, Solve time = 72.258 ms
bounding k, min: -0.0005400751377069302 max: 892.8509035717308 average: 9.14926606765737
[mem] after-turb: DEVICE_POOL current=19126 MB  actual(reserved)=38146 MB  highWater=24414 MB
ExecutionTime = 66.88 s  ClockTime = 67 s

Time = 1012
[mem] step-start: DEVICE_POOL current=19126 MB  actual(reserved)=38146 MB  highWater=24414 MB
Schwarz(Jacobi)+Bicgstab:  Solving for Ux, Initial residual = 7.833437819623682e-05, Final residual = 4.235493820371327e-06, No Iterations 2, Solve time = 167.541 ms
Schwarz(Jacobi)+Bicgstab:  Solving for Uy, Initial residual = 0.004077571240821317, Final residual = 0.0005057389039326521, No Iterations 2, Solve time = 167.541 ms
Schwarz(Jacobi)+Bicgstab:  Solving for Uz, Initial residual = 0.0010910532278986587, Final residual = 6.258447543742173e-05, No Iterations 2, Solve time = 167.541 ms
[mem] after-UEqn: DEVICE_POOL current=19126 MB  actual(reserved)=38146 MB  highWater=24414 MB
[GinkgoSolver] p-cache: reuse(update_matrix_value) solve=12 rebuildInterval=0
config(Cg+Schwarz(Multigrid)):  Solving for p, Initial residual = 0.0012886071692684027, Final residual = 1.2682803221702778e-05, No Iterations 33, Solve time = 747.023 ms
time step continuity errors : sum local = 3.1878427325033046e-06, global = -1.4728421673260189e-08, cumulative = -5.872580141800721e-06
[mem] after-pEqn: DEVICE_POOL current=19126 MB  actual(reserved)=38146 MB  highWater=24414 MB
[GinkgoSolver] p-cache: reuse(update_matrix_value) solve=12 rebuildInterval=0
Schwarz(Jacobi)+Bicgstab:  Solving for omega, Initial residual = 1.2721999259517746e-05, Final residual = 8.318681173178393e-07, No Iterations 2, Solve time = 77.06 ms
bounding omega, min: -36419.04679114946 max: 45355982.7108437 average: 6373.9700211844765
[GinkgoSolver] p-cache: reuse(update_matrix_value) solve=12 rebuildInterval=0
Schwarz(Jacobi)+Bicgstab:  Solving for k, Initial residual = 0.00024260952244854866, Final residual = 1.2376493759753273e-05, No Iterations 2, Solve time = 72.344 ms
bounding k, min: -0.0005261930292459385 max: 893.0361193765494 average: 9.148427441364683
[mem] after-turb: DEVICE_POOL current=19126 MB  actual(reserved)=38146 MB  highWater=24414 MB
ExecutionTime = 69.03 s  ClockTime = 69 s

Time = 1013
[mem] step-start: DEVICE_POOL current=19126 MB  actual(reserved)=38146 MB  highWater=24414 MB
Schwarz(Jacobi)+Bicgstab:  Solving for Ux, Initial residual = 7.857285830150575e-05, Final residual = 2.95288266787827e-06, No Iterations 3, Solve time = 229.172 ms
Schwarz(Jacobi)+Bicgstab:  Solving for Uy, Initial residual = 0.004047453339968148, Final residual = 0.00015329864690167143, No Iterations 3, Solve time = 229.172 ms
Schwarz(Jacobi)+Bicgstab:  Solving for Uz, Initial residual = 0.0010941321709249537, Final residual = 6.179006831060587e-05, No Iterations 3, Solve time = 229.172 ms
[mem] after-UEqn: DEVICE_POOL current=19126 MB  actual(reserved)=38146 MB  highWater=24414 MB
[GinkgoSolver] p-cache: reuse(update_matrix_value) solve=13 rebuildInterval=0
config(Cg+Schwarz(Multigrid)):  Solving for p, Initial residual = 0.0012843204683606316, Final residual = 1.2142256715217455e-05, No Iterations 36, Solve time = 812.239 ms
time step continuity errors : sum local = 3.0505669809569293e-06, global = -9.662627511647255e-09, cumulative = -5.882242769312368e-06
[mem] after-pEqn: DEVICE_POOL current=19126 MB  actual(reserved)=38146 MB  highWater=24414 MB
[GinkgoSolver] p-cache: reuse(update_matrix_value) solve=13 rebuildInterval=0
Schwarz(Jacobi)+Bicgstab:  Solving for omega, Initial residual = 1.2712424954776402e-05, Final residual = 8.35006422019285e-07, No Iterations 2, Solve time = 78.284 ms
bounding omega, min: -47619.492712618434 max: 45355982.76616605 average: 6373.7679764893
[GinkgoSolver] p-cache: reuse(update_matrix_value) solve=13 rebuildInterval=0
Schwarz(Jacobi)+Bicgstab:  Solving for k, Initial residual = 0.0002424702594053187, Final residual = 1.2201044299195824e-05, No Iterations 2, Solve time = 75.475 ms
bounding k, min: -0.0016678505827850826 max: 893.2323650127586 average: 9.147569319124655
[mem] after-turb: DEVICE_POOL current=19126 MB  actual(reserved)=38146 MB  highWater=24414 MB
ExecutionTime = 71.31999999999999 s  ClockTime = 72 s

Time = 1014
[mem] step-start: DEVICE_POOL current=19126 MB  actual(reserved)=38146 MB  highWater=24414 MB
Schwarz(Jacobi)+Bicgstab:  Solving for Ux, Initial residual = 7.85630462648377e-05, Final residual = 3.516412797948363e-06, No Iterations 3, Solve time = 226.26 ms
Schwarz(Jacobi)+Bicgstab:  Solving for Uy, Initial residual = 0.004033942589338416, Final residual = 0.00014725734254537068, No Iterations 3, Solve time = 226.26 ms
Schwarz(Jacobi)+Bicgstab:  Solving for Uz, Initial residual = 0.0010985451089724184, Final residual = 5.500575905220185e-05, No Iterations 3, Solve time = 226.26 ms
[mem] after-UEqn: DEVICE_POOL current=19126 MB  actual(reserved)=38146 MB  highWater=24414 MB
[GinkgoSolver] p-cache: reuse(update_matrix_value) solve=14 rebuildInterval=0
config(Cg+Schwarz(Multigrid)):  Solving for p, Initial residual = 0.0012819437609385906, Final residual = 1.0880430050102458e-05, No Iterations 33, Solve time = 745.84 ms
time step continuity errors : sum local = 2.732171622997145e-06, global = -6.372331104210215e-09, cumulative = -5.888615100416578e-06
[mem] after-pEqn: DEVICE_POOL current=19126 MB  actual(reserved)=38146 MB  highWater=24414 MB
[GinkgoSolver] p-cache: reuse(update_matrix_value) solve=14 rebuildInterval=0
Schwarz(Jacobi)+Bicgstab:  Solving for omega, Initial residual = 1.2710113940474098e-05, Final residual = 8.365286014726196e-07, No Iterations 2, Solve time = 78.516 ms
bounding omega, min: -277421.8009414425 max: 45355982.801895395 average: 6373.523553898788
[GinkgoSolver] p-cache: reuse(update_matrix_value) solve=14 rebuildInterval=0
Schwarz(Jacobi)+Bicgstab:  Solving for k, Initial residual = 0.0002424697338762736, Final residual = 1.2105451875144492e-05, No Iterations 2, Solve time = 72.331 ms
bounding k, min: -0.0020016500949101568 max: 892.8313623605112 average: 9.146686040383559
[mem] after-turb: DEVICE_POOL current=19126 MB  actual(reserved)=38146 MB  highWater=24414 MB
ExecutionTime = 73.53 s  ClockTime = 74 s

Time = 1015
[mem] step-start: DEVICE_POOL current=19126 MB  actual(reserved)=38146 MB  highWater=24414 MB
Schwarz(Jacobi)+Bicgstab:  Solving for Ux, Initial residual = 7.857109997919726e-05, Final residual = 3.8454694820395775e-06, No Iterations 3, Solve time = 222.888 ms
Schwarz(Jacobi)+Bicgstab:  Solving for Uy, Initial residual = 0.004032667481445419, Final residual = 0.00014106881891718328, No Iterations 3, Solve time = 222.888 ms
Schwarz(Jacobi)+Bicgstab:  Solving for Uz, Initial residual = 0.001100686635363582, Final residual = 6.950935396033988e-05, No Iterations 3, Solve time = 222.888 ms
[mem] after-UEqn: DEVICE_POOL current=19126 MB  actual(reserved)=38146 MB  highWater=24414 MB
[GinkgoSolver] p-cache: reuse(update_matrix_value) solve=15 rebuildInterval=0
config(Cg+Schwarz(Multigrid)):  Solving for p, Initial residual = 0.0012814018799033396, Final residual = 1.181341564925275e-05, No Iterations 37, Solve time = 834.274 ms
time step continuity errors : sum local = 2.964792122111984e-06, global = -8.041852696781994e-10, cumulative = -5.889419285686256e-06
[mem] after-pEqn: DEVICE_POOL current=19126 MB  actual(reserved)=38146 MB  highWater=24414 MB
[GinkgoSolver] p-cache: reuse(update_matrix_value) solve=15 rebuildInterval=0
Schwarz(Jacobi)+Bicgstab:  Solving for omega, Initial residual = 1.271839523014467e-05, Final residual = 8.35057630006634e-07, No Iterations 2, Solve time = 77.692 ms
bounding omega, min: -47822.30337965091 max: 45355982.793148525 average: 6373.305425233485
[GinkgoSolver] p-cache: reuse(update_matrix_value) solve=15 rebuildInterval=0
Schwarz(Jacobi)+Bicgstab:  Solving for k, Initial residual = 0.00024249022368745708, Final residual = 1.2196111011932558e-05, No Iterations 2, Solve time = 71.997 ms
bounding k, min: -0.002119744411099248 max: 892.3249336684918 average: 9.145831215190649
[mem] after-turb: DEVICE_POOL current=19126 MB  actual(reserved)=38146 MB  highWater=24414 MB
ExecutionTime = 75.83 s  ClockTime = 76 s

Time = 1016
[mem] step-start: DEVICE_POOL current=19126 MB  actual(reserved)=38146 MB  highWater=24414 MB
Schwarz(Jacobi)+Bicgstab:  Solving for Ux, Initial residual = 7.857434355744886e-05, Final residual = 3.5854736454582294e-06, No Iterations 3, Solve time = 228.835 ms
Schwarz(Jacobi)+Bicgstab:  Solving for Uy, Initial residual = 0.00404040657489538, Final residual = 0.00013569489292836962, No Iterations 3, Solve time = 228.835 ms
Schwarz(Jacobi)+Bicgstab:  Solving for Uz, Initial residual = 0.0011020429794946502, Final residual = 4.1798292302092844e-05, No Iterations 3, Solve time = 228.835 ms
[mem] after-UEqn: DEVICE_POOL current=19126 MB  actual(reserved)=38146 MB  highWater=24414 MB
[GinkgoSolver] p-cache: reuse(update_matrix_value) solve=16 rebuildInterval=0
config(Cg+Schwarz(Multigrid)):  Solving for p, Initial residual = 0.00128239436166519, Final residual = 1.1428054162483815e-05, No Iterations 33, Solve time = 747.034 ms
time step continuity errors : sum local = 2.8667058939418025e-06, global = -1.6399844832874198e-10, cumulative = -5.889583284134585e-06
[mem] after-pEqn: DEVICE_POOL current=19126 MB  actual(reserved)=38146 MB  highWater=24414 MB
[GinkgoSolver] p-cache: reuse(update_matrix_value) solve=16 rebuildInterval=0
Schwarz(Jacobi)+Bicgstab:  Solving for omega, Initial residual = 1.2715489093173105e-05, Final residual = 8.342820289200022e-07, No Iterations 2, Solve time = 85.219 ms
bounding omega, min: -51947.38814642952 max: 45355982.73448889 average: 6373.020793112479
[GinkgoSolver] p-cache: reuse(update_matrix_value) solve=16 rebuildInterval=0
Schwarz(Jacobi)+Bicgstab:  Solving for k, Initial residual = 0.0002424825250860191, Final residual = 1.2238606314639863e-05, No Iterations 2, Solve time = 73.092 ms
bounding k, min: -0.0025347172344327845 max: 891.3711102444499 average: 9.14494043206792
[mem] after-turb: DEVICE_POOL current=19126 MB  actual(reserved)=38146 MB  highWater=24414 MB
ExecutionTime = 78.04000000000001 s  ClockTime = 78 s

Time = 1017
[mem] step-start: DEVICE_POOL current=19126 MB  actual(reserved)=38146 MB  highWater=24414 MB
Schwarz(Jacobi)+Bicgstab:  Solving for Ux, Initial residual = 7.855014349613162e-05, Final residual = 4.236507294944227e-06, No Iterations 2, Solve time = 170.793 ms
Schwarz(Jacobi)+Bicgstab:  Solving for Uy, Initial residual = 0.004053592797368908, Final residual = 0.0007075755365425082, No Iterations 2, Solve time = 170.793 ms
Schwarz(Jacobi)+Bicgstab:  Solving for Uz, Initial residual = 0.0010992276477297643, Final residual = 7.648027210117998e-05, No Iterations 2, Solve time = 170.793 ms
[mem] after-UEqn: DEVICE_POOL current=19126 MB  actual(reserved)=38146 MB  highWater=24414 MB
[GinkgoSolver] p-cache: reuse(update_matrix_value) solve=17 rebuildInterval=0
config(Cg+Schwarz(Multigrid)):  Solving for p, Initial residual = 0.0012954498832622031, Final residual = 1.2554901891888822e-05, No Iterations 32, Solve time = 726.492 ms
time step continuity errors : sum local = 3.14790810634025e-06, global = 2.777067638785671e-09, cumulative = -5.8868062164957995e-06
[mem] after-pEqn: DEVICE_POOL current=19126 MB  actual(reserved)=38146 MB  highWater=24414 MB
[GinkgoSolver] p-cache: reuse(update_matrix_value) solve=17 rebuildInterval=0
Schwarz(Jacobi)+Bicgstab:  Solving for omega, Initial residual = 1.2748151324333083e-05, Final residual = 8.429120583303874e-07, No Iterations 2, Solve time = 76.939 ms
bounding omega, min: -57926.161212780265 max: 45355982.656230696 average: 6372.698184608211
[GinkgoSolver] p-cache: reuse(update_matrix_value) solve=17 rebuildInterval=0
Schwarz(Jacobi)+Bicgstab:  Solving for k, Initial residual = 0.00024286631628957732, Final residual = 1.2362654557424067e-05, No Iterations 2, Solve time = 76.225 ms
bounding k, min: -0.00571908170167168 max: 890.2699451631555 average: 9.143996125712256
[mem] after-turb: DEVICE_POOL current=19126 MB  actual(reserved)=38146 MB  highWater=24414 MB
ExecutionTime = 80.19 s  ClockTime = 81 s

Time = 1018
[mem] step-start: DEVICE_POOL current=19126 MB  actual(reserved)=38146 MB  highWater=24414 MB
Schwarz(Jacobi)+Bicgstab:  Solving for Ux, Initial residual = 7.877546025718396e-05, Final residual = 3.298471802037398e-06, No Iterations 3, Solve time = 225.683 ms
Schwarz(Jacobi)+Bicgstab:  Solving for Uy, Initial residual = 0.004031353316307617, Final residual = 0.00015653598277541543, No Iterations 3, Solve time = 225.683 ms
Schwarz(Jacobi)+Bicgstab:  Solving for Uz, Initial residual = 0.0011029843561100742, Final residual = 8.324463509571235e-05, No Iterations 3, Solve time = 225.683 ms
[mem] after-UEqn: DEVICE_POOL current=19126 MB  actual(reserved)=38146 MB  highWater=24414 MB
[GinkgoSolver] p-cache: reuse(update_matrix_value) solve=18 rebuildInterval=0
config(Cg+Schwarz(Multigrid)):  Solving for p, Initial residual = 0.0012870805229588974, Final residual = 1.2097607862034673e-05, No Iterations 32, Solve time = 724.634 ms
time step continuity errors : sum local = 3.032195653307833e-06, global = 4.984743528859924e-09, cumulative = -5.88182147296694e-06
[mem] after-pEqn: DEVICE_POOL current=19126 MB  actual(reserved)=38146 MB  highWater=24414 MB
[GinkgoSolver] p-cache: reuse(update_matrix_value) solve=18 rebuildInterval=0
Schwarz(Jacobi)+Bicgstab:  Solving for omega, Initial residual = 1.2763610657956408e-05, Final residual = 8.452513940228608e-07, No Iterations 2, Solve time = 77.846 ms
bounding omega, min: -368494.4814191358 max: 45355982.593660824 average: 6372.377064224716
[GinkgoSolver] p-cache: reuse(update_matrix_value) solve=18 rebuildInterval=0
Schwarz(Jacobi)+Bicgstab:  Solving for k, Initial residual = 0.00024286680166441568, Final residual = 1.2399922046364639e-05, No Iterations 2, Solve time = 72.199 ms
bounding k, min: -0.004488568986918726 max: 888.869548921897 average: 9.143192077626756
[mem] after-turb: DEVICE_POOL current=19126 MB  actual(reserved)=38146 MB  highWater=24414 MB
ExecutionTime = 82.38 s  ClockTime = 83 s

Time = 1019
[mem] step-start: DEVICE_POOL current=19126 MB  actual(reserved)=38146 MB  highWater=24414 MB
Schwarz(Jacobi)+Bicgstab:  Solving for Ux, Initial residual = 7.881892309346155e-05, Final residual = 4.312124009918232e-06, No Iterations 2, Solve time = 181.489 ms
Schwarz(Jacobi)+Bicgstab:  Solving for Uy, Initial residual = 0.004037423278834466, Final residual = 0.0008002988876758734, No Iterations 2, Solve time = 181.489 ms
Schwarz(Jacobi)+Bicgstab:  Solving for Uz, Initial residual = 0.001103524736777404, Final residual = 7.28865992354576e-05, No Iterations 2, Solve time = 181.489 ms
[mem] after-UEqn: DEVICE_POOL current=19126 MB  actual(reserved)=38146 MB  highWater=24414 MB
[GinkgoSolver] p-cache: reuse(update_matrix_value) solve=19 rebuildInterval=0
config(Cg+Schwarz(Multigrid)):  Solving for p, Initial residual = 0.0012995495741953565, Final residual = 1.2025872388166078e-05, No Iterations 39, Solve time = 876.34 ms
time step continuity errors : sum local = 3.01347834002662e-06, global = 9.051622290735133e-09, cumulative = -5.872769850676205e-06
[mem] after-pEqn: DEVICE_POOL current=19126 MB  actual(reserved)=38146 MB  highWater=24414 MB
[GinkgoSolver] p-cache: reuse(update_matrix_value) solve=19 rebuildInterval=0
Schwarz(Jacobi)+Bicgstab:  Solving for omega, Initial residual = 1.2763392260175435e-05, Final residual = 8.432524044607196e-07, No Iterations 2, Solve time = 141.419 ms
bounding omega, min: -44924.95620747324 max: 45355982.57443675 average: 6372.185269754408
[GinkgoSolver] p-cache: reuse(update_matrix_value) solve=19 rebuildInterval=0
Schwarz(Jacobi)+Bicgstab:  Solving for k, Initial residual = 0.00024268522211464268, Final residual = 1.2473605611547351e-05, No Iterations 2, Solve time = 76.356 ms
bounding k, min: -0.0036584294347906665 max: 887.3842619322461 average: 9.142647972048213
[mem] after-turb: DEVICE_POOL current=19126 MB  actual(reserved)=38146 MB  highWater=24414 MB
ExecutionTime = 84.73 s  ClockTime = 85 s

Time = 1020
[mem] step-start: DEVICE_POOL current=19126 MB  actual(reserved)=38146 MB  highWater=24414 MB
Schwarz(Jacobi)+Bicgstab:  Solving for Ux, Initial residual = 7.868650076806028e-05, Final residual = 2.854445723509542e-06, No Iterations 3, Solve time = 222.72 ms
Schwarz(Jacobi)+Bicgstab:  Solving for Uy, Initial residual = 0.004110735181088831, Final residual = 0.00013387046968560914, No Iterations 3, Solve time = 222.72 ms
Schwarz(Jacobi)+Bicgstab:  Solving for Uz, Initial residual = 0.0010967010349057036, Final residual = 4.227225135884318e-05, No Iterations 3, Solve time = 222.72 ms
[mem] after-UEqn: DEVICE_POOL current=19126 MB  actual(reserved)=38146 MB  highWater=24414 MB
[GinkgoSolver] p-cache: reuse(update_matrix_value) solve=20 rebuildInterval=0
config(Cg+Schwarz(Multigrid)):  Solving for p, Initial residual = 0.0012921525960067177, Final residual = 1.1578166349815324e-05, No Iterations 30, Solve time = 682.555 ms
time step continuity errors : sum local = 2.9015065851389885e-06, global = 6.628553335559731e-09, cumulative = -5.866141297340645e-06
[mem] after-pEqn: DEVICE_POOL current=19126 MB  actual(reserved)=38146 MB  highWater=24414 MB
[GinkgoSolver] p-cache: reuse(update_matrix_value) solve=20 rebuildInterval=0
Schwarz(Jacobi)+Bicgstab:  Solving for omega, Initial residual = 1.2741359312360485e-05, Final residual = 8.375099892650469e-07, No Iterations 2, Solve time = 85.627 ms
bounding omega, min: -55853.04239977316 max: 45355982.575609505 average: 6371.96431374106
[GinkgoSolver] p-cache: reuse(update_matrix_value) solve=20 rebuildInterval=0
Schwarz(Jacobi)+Bicgstab:  Solving for k, Initial residual = 0.0002426423298931267, Final residual = 1.2553080657403482e-05, No Iterations 2, Solve time = 71.75 ms
bounding k, min: -0.0034768251846495485 max: 885.7519717278132 average: 9.14197473355889
[mem] after-turb: DEVICE_POOL current=19126 MB  actual(reserved)=38146 MB  highWater=24414 MB
ExecutionTime = 86.88 s  ClockTime = 87 s

Time = 1021
[mem] step-start: DEVICE_POOL current=19126 MB  actual(reserved)=38146 MB  highWater=24414 MB
Schwarz(Jacobi)+Bicgstab:  Solving for Ux, Initial residual = 7.862547905162709e-05, Final residual = 3.5364171608495877e-06, No Iterations 3, Solve time = 218.99 ms
Schwarz(Jacobi)+Bicgstab:  Solving for Uy, Initial residual = 0.004135612769174611, Final residual = 0.0001346936227828651, No Iterations 3, Solve time = 218.99 ms
Schwarz(Jacobi)+Bicgstab:  Solving for Uz, Initial residual = 0.001090145433398402, Final residual = 3.7113699782345435e-05, No Iterations 3, Solve time = 218.99 ms
[mem] after-UEqn: DEVICE_POOL current=19126 MB  actual(reserved)=38146 MB  highWater=24414 MB
[GinkgoSolver] p-cache: reuse(update_matrix_value) solve=21 rebuildInterval=0
config(Cg+Schwarz(Multigrid)):  Solving for p, Initial residual = 0.0012866454358670264, Final residual = 1.2056400662378276e-05, No Iterations 30, Solve time = 682.467 ms
time step continuity errors : sum local = 3.0210155284921634e-06, global = 7.792919634570098e-09, cumulative = -5.858348377706075e-06
[mem] after-pEqn: DEVICE_POOL current=19126 MB  actual(reserved)=38146 MB  highWater=24414 MB
[GinkgoSolver] p-cache: reuse(update_matrix_value) solve=21 rebuildInterval=0
Schwarz(Jacobi)+Bicgstab:  Solving for omega, Initial residual = 1.2744403168732618e-05, Final residual = 8.413355434127674e-07, No Iterations 2, Solve time = 85.929 ms
bounding omega, min: -62653.103524938255 max: 45355982.583996795 average: 6371.748794115371
[GinkgoSolver] p-cache: reuse(update_matrix_value) solve=21 rebuildInterval=0
Schwarz(Jacobi)+Bicgstab:  Solving for k, Initial residual = 0.0002427310069502468, Final residual = 1.263230842219266e-05, No Iterations 2, Solve time = 71.986 ms
bounding k, min: -0.002618851977066433 max: 884.1247052746841 average: 9.141315116318918
[mem] after-turb: DEVICE_POOL current=19126 MB  actual(reserved)=38146 MB  highWater=24414 MB
ExecutionTime = 89.02 s  ClockTime = 89 s

Time = 1022
[mem] step-start: DEVICE_POOL current=19126 MB  actual(reserved)=38146 MB  highWater=24414 MB
Schwarz(Jacobi)+Bicgstab:  Solving for Ux, Initial residual = 7.865991270485453e-05, Final residual = 3.112597703532172e-06, No Iterations 3, Solve time = 226.736 ms
Schwarz(Jacobi)+Bicgstab:  Solving for Uy, Initial residual = 0.004149268036224895, Final residual = 0.00013793709575364745, No Iterations 3, Solve time = 226.736 ms
Schwarz(Jacobi)+Bicgstab:  Solving for Uz, Initial residual = 0.0010866565619278088, Final residual = 3.550472683248737e-05, No Iterations 3, Solve time = 226.736 ms
[mem] after-UEqn: DEVICE_POOL current=19126 MB  actual(reserved)=38146 MB  highWater=24414 MB
[GinkgoSolver] p-cache: reuse(update_matrix_value) solve=22 rebuildInterval=0
config(Cg+Schwarz(Multigrid)):  Solving for p, Initial residual = 0.001283532681619014, Final residual = 1.1225557366712444e-05, No Iterations 33, Solve time = 749.439 ms
time step continuity errors : sum local = 2.812705644453262e-06, global = 9.754652585814362e-09, cumulative = -5.84859372512026e-06
[mem] after-pEqn: DEVICE_POOL current=19126 MB  actual(reserved)=38146 MB  highWater=24414 MB
[GinkgoSolver] p-cache: reuse(update_matrix_value) solve=22 rebuildInterval=0
Schwarz(Jacobi)+Bicgstab:  Solving for omega, Initial residual = 1.2742439463151241e-05, Final residual = 8.418305080564724e-07, No Iterations 2, Solve time = 85.566 ms
bounding omega, min: -315543.6161320477 max: 45355982.59683963 average: 6371.516272462519
[GinkgoSolver] p-cache: reuse(update_matrix_value) solve=22 rebuildInterval=0
Schwarz(Jacobi)+Bicgstab:  Solving for k, Initial residual = 0.00024274786242464092, Final residual = 1.29104592553919e-05, No Iterations 2, Solve time = 72.776 ms
bounding k, min: -0.004188148664481875 max: 882.4872153289128 average: 9.140613182574237
[mem] after-turb: DEVICE_POOL current=19126 MB  actual(reserved)=38146 MB  highWater=24414 MB
ExecutionTime = 91.23 s  ClockTime = 92 s

Time = 1023
[mem] step-start: DEVICE_POOL current=19126 MB  actual(reserved)=38146 MB  highWater=24414 MB
Schwarz(Jacobi)+Bicgstab:  Solving for Ux, Initial residual = 7.871932312930795e-05, Final residual = 4.295991509975619e-06, No Iterations 2, Solve time = 173.45 ms
Schwarz(Jacobi)+Bicgstab:  Solving for Uy, Initial residual = 0.004152067446537647, Final residual = 0.00028952250861604805, No Iterations 2, Solve time = 173.45 ms
Schwarz(Jacobi)+Bicgstab:  Solving for Uz, Initial residual = 0.0010858644879793902, Final residual = 7.700565382509411e-05, No Iterations 2, Solve time = 173.45 ms
[mem] after-UEqn: DEVICE_POOL current=19126 MB  actual(reserved)=38146 MB  highWater=24414 MB
[GinkgoSolver] p-cache: reuse(update_matrix_value) solve=23 rebuildInterval=0
config(Cg+Schwarz(Multigrid)):  Solving for p, Initial residual = 0.001290279199667955, Final residual = 1.2360809631915852e-05, No Iterations 30, Solve time = 683.398 ms
time step continuity errors : sum local = 3.097447152254683e-06, global = 8.409440235773043e-09, cumulative = -5.840184284884487e-06
[mem] after-pEqn: DEVICE_POOL current=19126 MB  actual(reserved)=38146 MB  highWater=24414 MB
[GinkgoSolver] p-cache: reuse(update_matrix_value) solve=23 rebuildInterval=0
Schwarz(Jacobi)+Bicgstab:  Solving for omega, Initial residual = 1.278561898886508e-05, Final residual = 8.434174617303759e-07, No Iterations 2, Solve time = 76.442 ms
bounding omega, min: -56611.39951820397 max: 45355982.611706465 average: 6371.349369018308
[GinkgoSolver] p-cache: reuse(update_matrix_value) solve=23 rebuildInterval=0
Schwarz(Jacobi)+Bicgstab:  Solving for k, Initial residual = 0.00024307207274703953, Final residual = 1.392123538640907e-05, No Iterations 2, Solve time = 71.129 ms
bounding k, min: -0.0033961343520624854 max: 880.9421190920705 average: 9.139975306808106
[mem] after-turb: DEVICE_POOL current=19126 MB  actual(reserved)=38146 MB  highWater=24414 MB
ExecutionTime = 93.33 s  ClockTime = 94 s

Time = 1024
[mem] step-start: DEVICE_POOL current=19126 MB  actual(reserved)=38146 MB  highWater=24414 MB
Schwarz(Jacobi)+Bicgstab:  Solving for Ux, Initial residual = 7.895577083859711e-05, Final residual = 3.244445793329131e-06, No Iterations 3, Solve time = 232.592 ms
Schwarz(Jacobi)+Bicgstab:  Solving for Uy, Initial residual = 0.004137922955647908, Final residual = 0.00015067540376510026, No Iterations 3, Solve time = 232.592 ms
Schwarz(Jacobi)+Bicgstab:  Solving for Uz, Initial residual = 0.0010917945078502338, Final residual = 5.694837862438336e-05, No Iterations 3, Solve time = 232.592 ms
[mem] after-UEqn: DEVICE_POOL current=19126 MB  actual(reserved)=38146 MB  highWater=24414 MB
[GinkgoSolver] p-cache: reuse(update_matrix_value) solve=24 rebuildInterval=0
config(Cg+Schwarz(Multigrid)):  Solving for p, Initial residual = 0.0012891197509500034, Final residual = 1.1007546749702062e-05, No Iterations 33, Solve time = 747.618 ms
time step continuity errors : sum local = 2.75838763919918e-06, global = 8.296516034179013e-09, cumulative = -5.831887768850308e-06
[mem] after-pEqn: DEVICE_POOL current=19126 MB  actual(reserved)=38146 MB  highWater=24414 MB
[GinkgoSolver] p-cache: reuse(update_matrix_value) solve=24 rebuildInterval=0
Schwarz(Jacobi)+Bicgstab:  Solving for omega, Initial residual = 1.2800508507565423e-05, Final residual = 8.416475731743501e-07, No Iterations 2, Solve time = 78.022 ms
bounding omega, min: -60118.768261270416 max: 45355982.62634635 average: 6371.194331568232
[GinkgoSolver] p-cache: reuse(update_matrix_value) solve=24 rebuildInterval=0
Schwarz(Jacobi)+Bicgstab:  Solving for k, Initial residual = 0.00024322730871102972, Final residual = 1.662554623173778e-05, No Iterations 2, Solve time = 75.41 ms
bounding k, min: -0.012777966624017312 max: 879.4981250371577 average: 9.139276865854779
[mem] after-turb: DEVICE_POOL current=19126 MB  actual(reserved)=38146 MB  highWater=24414 MB
ExecutionTime = 95.56 s  ClockTime = 96 s

Time = 1025
[mem] step-start: DEVICE_POOL current=19126 MB  actual(reserved)=38146 MB  highWater=24414 MB
Schwarz(Jacobi)+Bicgstab:  Solving for Ux, Initial residual = 7.907725717530295e-05, Final residual = 3.583320252981992e-06, No Iterations 3, Solve time = 229.121 ms
Schwarz(Jacobi)+Bicgstab:  Solving for Uy, Initial residual = 0.004130234658017726, Final residual = 0.000143114117264992, No Iterations 3, Solve time = 229.121 ms
Schwarz(Jacobi)+Bicgstab:  Solving for Uz, Initial residual = 0.0010950221443333848, Final residual = 6.539354199981778e-05, No Iterations 3, Solve time = 229.121 ms
[mem] after-UEqn: DEVICE_POOL current=19126 MB  actual(reserved)=38146 MB  highWater=24414 MB
[GinkgoSolver] p-cache: reuse(update_matrix_value) solve=25 rebuildInterval=0
config(Cg+Schwarz(Multigrid)):  Solving for p, Initial residual = 0.0012894058163168223, Final residual = 1.2781901765320436e-05, No Iterations 35, Solve time = 790.571 ms
time step continuity errors : sum local = 3.2032522656975997e-06, global = 6.024022355190296e-09, cumulative = -5.825863746495118e-06
[mem] after-pEqn: DEVICE_POOL current=19126 MB  actual(reserved)=38146 MB  highWater=24414 MB
[GinkgoSolver] p-cache: reuse(update_matrix_value) solve=25 rebuildInterval=0
Schwarz(Jacobi)+Bicgstab:  Solving for omega, Initial residual = 1.2843997156666034e-05, Final residual = 8.43806597732207e-07, No Iterations 2, Solve time = 85.331 ms
bounding omega, min: -57016.5616626943 max: 45355982.638714194 average: 6371.086309815513
[GinkgoSolver] p-cache: reuse(update_matrix_value) solve=25 rebuildInterval=0
Schwarz(Jacobi)+Bicgstab:  Solving for k, Initial residual = 0.00024371151474780718, Final residual = 1.9747194377698886e-05, No Iterations 2, Solve time = 71.759 ms
bounding k, min: -0.013779666263253693 max: 878.1947827255028 average: 9.138566223052718
[mem] after-turb: DEVICE_POOL current=19126 MB  actual(reserved)=38146 MB  highWater=24414 MB
ExecutionTime = 97.81 s  ClockTime = 98 s

Time = 1026
[mem] step-start: DEVICE_POOL current=19126 MB  actual(reserved)=38146 MB  highWater=24414 MB
Schwarz(Jacobi)+Bicgstab:  Solving for Ux, Initial residual = 7.918120328667056e-05, Final residual = 4.4760102015316945e-06, No Iterations 2, Solve time = 169.245 ms
Schwarz(Jacobi)+Bicgstab:  Solving for Uy, Initial residual = 0.004130611810617471, Final residual = 0.0007163523657766899, No Iterations 2, Solve time = 169.245 ms
Schwarz(Jacobi)+Bicgstab:  Solving for Uz, Initial residual = 0.0010980954779331797, Final residual = 7.764558401416212e-05, No Iterations 2, Solve time = 169.245 ms
[mem] after-UEqn: DEVICE_POOL current=19126 MB  actual(reserved)=38146 MB  highWater=24414 MB
[GinkgoSolver] p-cache: reuse(update_matrix_value) solve=26 rebuildInterval=0
config(Cg+Schwarz(Multigrid)):  Solving for p, Initial residual = 0.0013102209393362372, Final residual = 1.100930042017886e-05, No Iterations 30, Solve time = 683.923 ms
time step continuity errors : sum local = 2.7591981566099805e-06, global = 1.609106105995415e-09, cumulative = -5.824254640389123e-06
[mem] after-pEqn: DEVICE_POOL current=19126 MB  actual(reserved)=38146 MB  highWater=24414 MB
[GinkgoSolver] p-cache: reuse(update_matrix_value) solve=26 rebuildInterval=0
Schwarz(Jacobi)+Bicgstab:  Solving for omega, Initial residual = 1.2903937121334662e-05, Final residual = 8.471018422246327e-07, No Iterations 2, Solve time = 85.558 ms
bounding omega, min: -381167.20027454605 max: 45355982.64821457 average: 6370.943150641031
[GinkgoSolver] p-cache: reuse(update_matrix_value) solve=26 rebuildInterval=0
Schwarz(Jacobi)+Bicgstab:  Solving for k, Initial residual = 0.00024483784216102476, Final residual = 5.530864163719308e-06, No Iterations 3, Solve time = 94.413 ms
[mem] after-turb: DEVICE_POOL current=19126 MB  actual(reserved)=38146 MB  highWater=24414 MB
ExecutionTime = 99.92 s  ClockTime = 100 s

Time = 1027
[mem] step-start: DEVICE_POOL current=19126 MB  actual(reserved)=38146 MB  highWater=24414 MB
Schwarz(Jacobi)+Bicgstab:  Solving for Ux, Initial residual = 7.948998857018988e-05, Final residual = 3.792919318957926e-06, No Iterations 3, Solve time = 227.925 ms
Schwarz(Jacobi)+Bicgstab:  Solving for Uy, Initial residual = 0.004100721459247827, Final residual = 0.00015829073788739252, No Iterations 3, Solve time = 227.925 ms
Schwarz(Jacobi)+Bicgstab:  Solving for Uz, Initial residual = 0.0011055629554011142, Final residual = 5.404714398262062e-05, No Iterations 3, Solve time = 227.925 ms
[mem] after-UEqn: DEVICE_POOL current=19126 MB  actual(reserved)=38146 MB  highWater=24414 MB
[GinkgoSolver] p-cache: reuse(update_matrix_value) solve=27 rebuildInterval=0
config(Cg+Schwarz(Multigrid)):  Solving for p, Initial residual = 0.0012989579390696102, Final residual = 1.205761275133978e-05, No Iterations 30, Solve time = 684.553 ms
time step continuity errors : sum local = 3.02155834147728e-06, global = -2.868405325332326e-09, cumulative = -5.8271230457144555e-06
[mem] after-pEqn: DEVICE_POOL current=19126 MB  actual(reserved)=38146 MB  highWater=24414 MB
[GinkgoSolver] p-cache: reuse(update_matrix_value) solve=27 rebuildInterval=0
Schwarz(Jacobi)+Bicgstab:  Solving for omega, Initial residual = 1.2728997104069022e-05, Final residual = 8.43295443767037e-07, No Iterations 2, Solve time = 78.779 ms
bounding omega, min: -57489.11041915722 max: 45355982.65592991 average: 6370.902346634845
[GinkgoSolver] p-cache: reuse(update_matrix_value) solve=27 rebuildInterval=0
Schwarz(Jacobi)+Bicgstab:  Solving for k, Initial residual = 0.0002441220768241359, Final residual = 1.2060636824077285e-05, No Iterations 2, Solve time = 73.144 ms
bounding k, min: -2.9171757020691824e-08 max: 876.0610666815559 average: 9.13754029167547
[mem] after-turb: DEVICE_POOL current=19126 MB  actual(reserved)=38146 MB  highWater=24414 MB
ExecutionTime = 102.08 s  ClockTime = 103 s

Time = 1028
[mem] step-start: DEVICE_POOL current=19126 MB  actual(reserved)=38146 MB  highWater=24414 MB
Schwarz(Jacobi)+Bicgstab:  Solving for Ux, Initial residual = 7.956038744236656e-05, Final residual = 4.148791686215308e-06, No Iterations 2, Solve time = 169.636 ms
Schwarz(Jacobi)+Bicgstab:  Solving for Uy, Initial residual = 0.004104720408601851, Final residual = 0.0007760259852289365, No Iterations 2, Solve time = 169.636 ms
Schwarz(Jacobi)+Bicgstab:  Solving for Uz, Initial residual = 0.0011068151741663622, Final residual = 7.844184385487982e-05, No Iterations 2, Solve time = 169.636 ms
[mem] after-UEqn: DEVICE_POOL current=19126 MB  actual(reserved)=38146 MB  highWater=24414 MB
[GinkgoSolver] p-cache: reuse(update_matrix_value) solve=28 rebuildInterval=0
config(Cg+Schwarz(Multigrid)):  Solving for p, Initial residual = 0.001307303684512061, Final residual = 1.29401965774975e-05, No Iterations 32, Solve time = 724.434 ms
time step continuity errors : sum local = 3.2421907487334763e-06, global = -9.96614927665565e-09, cumulative = -5.8370891949911115e-06
[mem] after-pEqn: DEVICE_POOL current=19126 MB  actual(reserved)=38146 MB  highWater=24414 MB
[GinkgoSolver] p-cache: reuse(update_matrix_value) solve=28 rebuildInterval=0
Schwarz(Jacobi)+Bicgstab:  Solving for omega, Initial residual = 1.2839816467870377e-05, Final residual = 8.405076595158061e-07, No Iterations 2, Solve time = 85.855 ms
bounding omega, min: -55494.87149405842 max: 45355982.662590005 average: 6370.867727789763
[GinkgoSolver] p-cache: reuse(update_matrix_value) solve=28 rebuildInterval=0
Schwarz(Jacobi)+Bicgstab:  Solving for k, Initial residual = 0.00024396834241848566, Final residual = 1.2528500095677903e-05, No Iterations 2, Solve time = 76.327 ms
bounding k, min: -0.00043905774898604785 max: 875.2095471285719 average: 9.137132454416804
[mem] after-turb: DEVICE_POOL current=19126 MB  actual(reserved)=38146 MB  highWater=24414 MB
ExecutionTime = 104.21 s  ClockTime = 105 s

Time = 1029
[mem] step-start: DEVICE_POOL current=19126 MB  actual(reserved)=38146 MB  highWater=24414 MB
Schwarz(Jacobi)+Bicgstab:  Solving for Ux, Initial residual = 7.937067418285175e-05, Final residual = 3.4052747719399587e-06, No Iterations 3, Solve time = 217.66 ms
Schwarz(Jacobi)+Bicgstab:  Solving for Uy, Initial residual = 0.004179968280689541, Final residual = 0.000133068158232339, No Iterations 3, Solve time = 217.66 ms
Schwarz(Jacobi)+Bicgstab:  Solving for Uz, Initial residual = 0.0011032299623495085, Final residual = 5.773417241375599e-05, No Iterations 3, Solve time = 217.66 ms
[mem] after-UEqn: DEVICE_POOL current=19126 MB  actual(reserved)=38146 MB  highWater=24414 MB
[GinkgoSolver] p-cache: reuse(update_matrix_value) solve=29 rebuildInterval=0
config(Cg+Schwarz(Multigrid)):  Solving for p, Initial residual = 0.0013012389808475919, Final residual = 1.2255734139565663e-05, No Iterations 29, Solve time = 660.556 ms
time step continuity errors : sum local = 3.070108145763498e-06, global = -1.7838621492723426e-08, cumulative = -5.854927816483835e-06
[mem] after-pEqn: DEVICE_POOL current=19126 MB  actual(reserved)=38146 MB  highWater=24414 MB
[GinkgoSolver] p-cache: reuse(update_matrix_value) solve=29 rebuildInterval=0
Schwarz(Jacobi)+Bicgstab:  Solving for omega, Initial residual = 1.2842140157013042e-05, Final residual = 8.400613013873675e-07, No Iterations 2, Solve time = 72.41 ms
bounding omega, min: -55400.96343352041 max: 45355982.668906555 average: 6370.861410717304
[GinkgoSolver] p-cache: reuse(update_matrix_value) solve=29 rebuildInterval=0
Schwarz(Jacobi)+Bicgstab:  Solving for k, Initial residual = 0.00024414922006813893, Final residual = 1.2864188744176097e-05, No Iterations 2, Solve time = 71.899 ms
bounding k, min: -0.0036007088384280815 max: 874.5071791031017 average: 9.136609431334007
[mem] after-turb: DEVICE_POOL current=19126 MB  actual(reserved)=38146 MB  highWater=24414 MB
ExecutionTime = 106.33 s  ClockTime = 107 s

Time = 1030
[mem] step-start: DEVICE_POOL current=19126 MB  actual(reserved)=38146 MB  highWater=24414 MB
Schwarz(Jacobi)+Bicgstab:  Solving for Ux, Initial residual = 7.926951465266832e-05, Final residual = 3.655348301685288e-06, No Iterations 3, Solve time = 236.459 ms
Schwarz(Jacobi)+Bicgstab:  Solving for Uy, Initial residual = 0.004211795320726939, Final residual = 0.0001338902267247383, No Iterations 3, Solve time = 236.459 ms
Schwarz(Jacobi)+Bicgstab:  Solving for Uz, Initial residual = 0.001099245090063023, Final residual = 2.6621368235841482e-05, No Iterations 3, Solve time = 236.459 ms
[mem] after-UEqn: DEVICE_POOL current=19126 MB  actual(reserved)=38146 MB  highWater=24414 MB
[GinkgoSolver] p-cache: reuse(update_matrix_value) solve=30 rebuildInterval=0
config(Cg+Schwarz(Multigrid)):  Solving for p, Initial residual = 0.0012962706519649093, Final residual = 1.2557327729298483e-05, No Iterations 31, Solve time = 705.048 ms
time step continuity errors : sum local = 3.1448894686146e-06, global = -2.0351083197664715e-08, cumulative = -5.8752788996815e-06
[mem] after-pEqn: DEVICE_POOL current=19126 MB  actual(reserved)=38146 MB  highWater=24414 MB
[GinkgoSolver] p-cache: reuse(update_matrix_value) solve=30 rebuildInterval=0
Schwarz(Jacobi)+Bicgstab:  Solving for omega, Initial residual = 1.2841090165088586e-05, Final residual = 8.409019698377283e-07, No Iterations 2, Solve time = 85.079 ms
bounding omega, min: -263543.04101437173 max: 45355982.67622411 average: 6370.827301274851
[GinkgoSolver] p-cache: reuse(update_matrix_value) solve=30 rebuildInterval=0
Schwarz(Jacobi)+Bicgstab:  Solving for k, Initial residual = 0.0002444425791637321, Final residual = 1.3284064593892386e-05, No Iterations 2, Solve time = 75.528 ms
bounding k, min: -0.0018134162826224176 max: 873.9323482399908 average: 9.136019339788293
[mem] after-turb: DEVICE_POOL current=19126 MB  actual(reserved)=38146 MB  highWater=24414 MB
ExecutionTime = 108.5 s  ClockTime = 109 s

Time = 1031
[mem] step-start: DEVICE_POOL current=19126 MB  actual(reserved)=38146 MB  highWater=24414 MB
Schwarz(Jacobi)+Bicgstab:  Solving for Ux, Initial residual = 7.926358789131402e-05, Final residual = 3.250504794137861e-06, No Iterations 3, Solve time = 229.784 ms
Schwarz(Jacobi)+Bicgstab:  Solving for Uy, Initial residual = 0.004234352298132329, Final residual = 0.000135198201003016, No Iterations 3, Solve time = 229.784 ms
Schwarz(Jacobi)+Bicgstab:  Solving for Uz, Initial residual = 0.0010944907454200304, Final residual = 3.91600214192898e-05, No Iterations 3, Solve time = 229.784 ms
[mem] after-UEqn: DEVICE_POOL current=19126 MB  actual(reserved)=38146 MB  highWater=24414 MB
[GinkgoSolver] p-cache: reuse(update_matrix_value) solve=31 rebuildInterval=0
config(Cg+Schwarz(Multigrid)):  Solving for p, Initial residual = 0.00128855056780103, Final residual = 1.2724918837371949e-05, No Iterations 36, Solve time = 813.025 ms
time step continuity errors : sum local = 3.1858197417190365e-06, global = -2.183838480793799e-08, cumulative = -5.897117284489438e-06
[mem] after-pEqn: DEVICE_POOL current=19126 MB  actual(reserved)=38146 MB  highWater=24414 MB
[GinkgoSolver] p-cache: reuse(update_matrix_value) solve=31 rebuildInterval=0
Schwarz(Jacobi)+Bicgstab:  Solving for omega, Initial residual = 1.2844597903336722e-05, Final residual = 8.371209513189472e-07, No Iterations 2, Solve time = 76.814 ms
bounding omega, min: -53206.72515337944 max: 45355982.68409457 average: 6370.819704052463
[GinkgoSolver] p-cache: reuse(update_matrix_value) solve=31 rebuildInterval=0
Schwarz(Jacobi)+Bicgstab:  Solving for k, Initial residual = 0.0002448083030472358, Final residual = 1.3602467366838003e-05, No Iterations 2, Solve time = 72.475 ms
bounding k, min: -0.0017604025183262269 max: 873.4816524927437 average: 9.135389789971875
[mem] after-turb: DEVICE_POOL current=19126 MB  actual(reserved)=38146 MB  highWater=24414 MB
ExecutionTime = 110.79 s  ClockTime = 111 s

Time = 1032
[mem] step-start: DEVICE_POOL current=19126 MB  actual(reserved)=38146 MB  highWater=24414 MB
Schwarz(Jacobi)+Bicgstab:  Solving for Ux, Initial residual = 7.929760301691321e-05, Final residual = 3.740900723228743e-06, No Iterations 3, Solve time = 236.759 ms
Schwarz(Jacobi)+Bicgstab:  Solving for Uy, Initial residual = 0.004245263051786025, Final residual = 0.0001350407766466413, No Iterations 3, Solve time = 236.759 ms
Schwarz(Jacobi)+Bicgstab:  Solving for Uz, Initial residual = 0.0010936622389061447, Final residual = 2.763043615953884e-05, No Iterations 3, Solve time = 236.759 ms
[mem] after-UEqn: DEVICE_POOL current=19126 MB  actual(reserved)=38146 MB  highWater=24414 MB
[GinkgoSolver] p-cache: reuse(update_matrix_value) solve=32 rebuildInterval=0
config(Cg+Schwarz(Multigrid)):  Solving for p, Initial residual = 0.0012908466252250681, Final residual = 1.138536568786669e-05, No Iterations 32, Solve time = 727.133 ms
time step continuity errors : sum local = 2.8492012953107187e-06, global = -2.9327980756502896e-08, cumulative = -5.926445265245941e-06
[mem] after-pEqn: DEVICE_POOL current=19126 MB  actual(reserved)=38146 MB  highWater=24414 MB
[GinkgoSolver] p-cache: reuse(update_matrix_value) solve=32 rebuildInterval=0
Schwarz(Jacobi)+Bicgstab:  Solving for omega, Initial residual = 1.2842440395675477e-05, Final residual = 8.387483141744621e-07, No Iterations 2, Solve time = 77.147 ms
bounding omega, min: -51839.966375334916 max: 45355982.692149125 average: 6370.778594740159
[GinkgoSolver] p-cache: reuse(update_matrix_value) solve=32 rebuildInterval=0
Schwarz(Jacobi)+Bicgstab:  Solving for k, Initial residual = 0.0002452772944858841, Final residual = 1.3630058723181523e-05, No Iterations 2, Solve time = 71.862 ms
bounding k, min: -0.002500317405558731 max: 873.1279636730297 average: 9.134740686006111
[mem] after-turb: DEVICE_POOL current=19126 MB  actual(reserved)=38146 MB  highWater=24414 MB
ExecutionTime = 112.99 s  ClockTime = 114 s

Time = 1033
[mem] step-start: DEVICE_POOL current=19126 MB  actual(reserved)=38146 MB  highWater=24414 MB
Schwarz(Jacobi)+Bicgstab:  Solving for Ux, Initial residual = 7.940153809912351e-05, Final residual = 4.525963618550603e-06, No Iterations 2, Solve time = 169.076 ms
Schwarz(Jacobi)+Bicgstab:  Solving for Uy, Initial residual = 0.004247688736210216, Final residual = 0.0003753285915915029, No Iterations 2, Solve time = 169.076 ms
Schwarz(Jacobi)+Bicgstab:  Solving for Uz, Initial residual = 0.0010939627987475524, Final residual = 7.346781970242561e-05, No Iterations 2, Solve time = 169.076 ms
[mem] after-UEqn: DEVICE_POOL current=19126 MB  actual(reserved)=38146 MB  highWater=24414 MB
[GinkgoSolver] p-cache: reuse(update_matrix_value) solve=33 rebuildInterval=0
config(Cg+Schwarz(Multigrid)):  Solving for p, Initial residual = 0.0013004598315454463, Final residual = 1.2659360288323571e-05, No Iterations 32, Solve time = 726.514 ms
time step continuity errors : sum local = 3.1671165488130703e-06, global = -3.0536319473388584e-08, cumulative = -5.956981584719329e-06
[mem] after-pEqn: DEVICE_POOL current=19126 MB  actual(reserved)=38146 MB  highWater=24414 MB
[GinkgoSolver] p-cache: reuse(update_matrix_value) solve=33 rebuildInterval=0
Schwarz(Jacobi)+Bicgstab:  Solving for omega, Initial residual = 1.2875654819809996e-05, Final residual = 8.493241159999844e-07, No Iterations 2, Solve time = 76.922 ms
bounding omega, min: -51186.242524411166 max: 45355982.69968142 average: 6370.760249636868
[GinkgoSolver] p-cache: reuse(update_matrix_value) solve=33 rebuildInterval=0
Schwarz(Jacobi)+Bicgstab:  Solving for k, Initial residual = 0.0002460521406425217, Final residual = 1.3542672061918493e-05, No Iterations 2, Solve time = 72.742 ms
bounding k, min: -0.003388191366146917 max: 872.8558171404577 average: 9.134127715113477
[mem] after-turb: DEVICE_POOL current=19126 MB  actual(reserved)=38146 MB  highWater=24414 MB
ExecutionTime = 115.13 s  ClockTime = 116 s

Time = 1034
[mem] step-start: DEVICE_POOL current=19126 MB  actual(reserved)=38146 MB  highWater=24414 MB
Schwarz(Jacobi)+Bicgstab:  Solving for Ux, Initial residual = 7.969127051657678e-05, Final residual = 4.557627062258495e-06, No Iterations 2, Solve time = 184.029 ms
Schwarz(Jacobi)+Bicgstab:  Solving for Uy, Initial residual = 0.004228973576252125, Final residual = 0.0007377325537412917, No Iterations 2, Solve time = 184.029 ms
Schwarz(Jacobi)+Bicgstab:  Solving for Uz, Initial residual = 0.0011008143705669947, Final residual = 7.145697169960042e-05, No Iterations 2, Solve time = 184.029 ms
[mem] after-UEqn: DEVICE_POOL current=19126 MB  actual(reserved)=38146 MB  highWater=24414 MB
[GinkgoSolver] p-cache: reuse(update_matrix_value) solve=34 rebuildInterval=0
config(Cg+Schwarz(Multigrid)):  Solving for p, Initial residual = 0.001295703604724671, Final residual = 1.2653421116876002e-05, No Iterations 31, Solve time = 702.807 ms
time step continuity errors : sum local = 3.164956033474228e-06, global = -2.9963465216780687e-08, cumulative = -5.98694504993611e-06
[mem] after-pEqn: DEVICE_POOL current=19126 MB  actual(reserved)=38146 MB  highWater=24414 MB
[GinkgoSolver] p-cache: reuse(update_matrix_value) solve=34 rebuildInterval=0
Schwarz(Jacobi)+Bicgstab:  Solving for omega, Initial residual = 1.2899195202935043e-05, Final residual = 8.575164116149844e-07, No Iterations 2, Solve time = 77.305 ms
bounding omega, min: -227826.98312015278 max: 45355982.70528093 average: 6370.825871963458
[GinkgoSolver] p-cache: reuse(update_matrix_value) solve=34 rebuildInterval=0
Schwarz(Jacobi)+Bicgstab:  Solving for k, Initial residual = 0.0002464329829317256, Final residual = 1.2927457658841595e-05, No Iterations 2, Solve time = 71.993 ms
bounding k, min: -0.0017360399832394068 max: 872.654888134707 average: 9.133772019826807
[mem] after-turb: DEVICE_POOL current=19126 MB  actual(reserved)=38146 MB  highWater=24414 MB
ExecutionTime = 117.25 s  ClockTime = 118 s

Time = 1035
[mem] step-start: DEVICE_POOL current=19126 MB  actual(reserved)=38146 MB  highWater=24414 MB
Schwarz(Jacobi)+Bicgstab:  Solving for Ux, Initial residual = 7.973267598370571e-05, Final residual = 4.433229453530242e-06, No Iterations 3, Solve time = 221.186 ms
Schwarz(Jacobi)+Bicgstab:  Solving for Uy, Initial residual = 0.004277055047008519, Final residual = 0.00013509158262511452, No Iterations 3, Solve time = 221.186 ms
Schwarz(Jacobi)+Bicgstab:  Solving for Uz, Initial residual = 0.0011022519821172467, Final residual = 4.5086464789478296e-05, No Iterations 3, Solve time = 221.186 ms
[mem] after-UEqn: DEVICE_POOL current=19126 MB  actual(reserved)=38146 MB  highWater=24414 MB
[GinkgoSolver] p-cache: reuse(update_matrix_value) solve=35 rebuildInterval=0
config(Cg+Schwarz(Multigrid)):  Solving for p, Initial residual = 0.0012994704576209974, Final residual = 1.2210572854528775e-05, No Iterations 33, Solve time = 746.965 ms
time step continuity errors : sum local = 3.0542068130437174e-06, global = -2.444714841421636e-08, cumulative = -6.0113921983503265e-06
[mem] after-pEqn: DEVICE_POOL current=19126 MB  actual(reserved)=38146 MB  highWater=24414 MB
[GinkgoSolver] p-cache: reuse(update_matrix_value) solve=35 rebuildInterval=0
Schwarz(Jacobi)+Bicgstab:  Solving for omega, Initial residual = 1.2917925948111482e-05, Final residual = 8.596130271960832e-07, No Iterations 2, Solve time = 81.923 ms
bounding omega, min: -49078.936907114636 max: 45355982.70832172 average: 6370.9473127049
[GinkgoSolver] p-cache: reuse(update_matrix_value) solve=35 rebuildInterval=0
Schwarz(Jacobi)+Bicgstab:  Solving for k, Initial residual = 0.00024702778512213395, Final residual = 1.23823192547021e-05, No Iterations 2, Solve time = 72.157 ms
bounding k, min: -0.0020644208726137265 max: 872.5153621027355 average: 9.133337599968167
[mem] after-turb: DEVICE_POOL current=19126 MB  actual(reserved)=38146 MB  highWater=24414 MB
ExecutionTime = 119.46 s  ClockTime = 120 s

Time = 1036
[mem] step-start: DEVICE_POOL current=19126 MB  actual(reserved)=38146 MB  highWater=24414 MB
Schwarz(Jacobi)+Bicgstab:  Solving for Ux, Initial residual = 7.987016082649301e-05, Final residual = 4.468969363068047e-06, No Iterations 3, Solve time = 226.558 ms
Schwarz(Jacobi)+Bicgstab:  Solving for Uy, Initial residual = 0.004287566990890271, Final residual = 0.00013437590383126406, No Iterations 3, Solve time = 226.558 ms
Schwarz(Jacobi)+Bicgstab:  Solving for Uz, Initial residual = 0.0011020706698843174, Final residual = 3.798110900649135e-05, No Iterations 3, Solve time = 226.558 ms
[mem] after-UEqn: DEVICE_POOL current=19126 MB  actual(reserved)=38146 MB  highWater=24414 MB
[GinkgoSolver] p-cache: reuse(update_matrix_value) solve=36 rebuildInterval=0
config(Cg+Schwarz(Multigrid)):  Solving for p, Initial residual = 0.0013019762163786045, Final residual = 1.2084867107696676e-05, No Iterations 30, Solve time = 684.433 ms
time step continuity errors : sum local = 3.0234372328730996e-06, global = -2.4152185817151203e-08, cumulative = -6.035544384167478e-06
[mem] after-pEqn: DEVICE_POOL current=19126 MB  actual(reserved)=38146 MB  highWater=24414 MB
[GinkgoSolver] p-cache: reuse(update_matrix_value) solve=36 rebuildInterval=0
Schwarz(Jacobi)+Bicgstab:  Solving for omega, Initial residual = 1.2939530012060839e-05, Final residual = 8.65684052872897e-07, No Iterations 2, Solve time = 85.364 ms
bounding omega, min: -47957.619967303894 max: 45355982.70671902 average: 6371.0293826154375
[GinkgoSolver] p-cache: reuse(update_matrix_value) solve=36 rebuildInterval=0
Schwarz(Jacobi)+Bicgstab:  Solving for k, Initial residual = 0.00024757675872429455, Final residual = 1.2520521608992322e-05, No Iterations 2, Solve time = 71.955 ms
bounding k, min: -0.0038400758799615256 max: 872.4156991133941 average: 9.132904991786342
[mem] after-turb: DEVICE_POOL current=19126 MB  actual(reserved)=38146 MB  highWater=24414 MB
ExecutionTime = 121.62 s  ClockTime = 122 s

Time = 1037
[mem] step-start: DEVICE_POOL current=19126 MB  actual(reserved)=38146 MB  highWater=24414 MB
Schwarz(Jacobi)+Bicgstab:  Solving for Ux, Initial residual = 8.000914691753287e-05, Final residual = 5.022042260515874e-06, No Iterations 3, Solve time = 221.859 ms
Schwarz(Jacobi)+Bicgstab:  Solving for Uy, Initial residual = 0.004297646343578925, Final residual = 0.00013628565411810063, No Iterations 3, Solve time = 221.859 ms
Schwarz(Jacobi)+Bicgstab:  Solving for Uz, Initial residual = 0.001102881525195795, Final residual = 3.771230544026326e-05, No Iterations 3, Solve time = 221.859 ms
[mem] after-UEqn: DEVICE_POOL current=19126 MB  actual(reserved)=38146 MB  highWater=24414 MB
[GinkgoSolver] p-cache: reuse(update_matrix_value) solve=37 rebuildInterval=0
config(Cg+Schwarz(Multigrid)):  Solving for p, Initial residual = 0.0013044835927404027, Final residual = 1.2538073910122266e-05, No Iterations 30, Solve time = 681.574 ms
time step continuity errors : sum local = 3.138098743963001e-06, global = -2.0043350201703015e-08, cumulative = -6.055587734369181e-06
[mem] after-pEqn: DEVICE_POOL current=19126 MB  actual(reserved)=38146 MB  highWater=24414 MB
[GinkgoSolver] p-cache: reuse(update_matrix_value) solve=37 rebuildInterval=0
Schwarz(Jacobi)+Bicgstab:  Solving for omega, Initial residual = 1.2978858890988591e-05, Final residual = 8.779449159676897e-07, No Iterations 2, Solve time = 85.891 ms
bounding omega, min: -46021.08855093825 max: 45355982.70017384 average: 6371.103572535141
[GinkgoSolver] p-cache: reuse(update_matrix_value) solve=37 rebuildInterval=0
Schwarz(Jacobi)+Bicgstab:  Solving for k, Initial residual = 0.000248150777014739, Final residual = 1.2370551409466022e-05, No Iterations 2, Solve time = 72.321 ms
bounding k, min: -0.005131900256979318 max: 872.344481491559 average: 9.1325355597494
[mem] after-turb: DEVICE_POOL current=19126 MB  actual(reserved)=38146 MB  highWater=24414 MB
ExecutionTime = 123.76 s  ClockTime = 124 s

Time = 1038
[mem] step-start: DEVICE_POOL current=19126 MB  actual(reserved)=38146 MB  highWater=24414 MB
Schwarz(Jacobi)+Bicgstab:  Solving for Ux, Initial residual = 8.019154758100965e-05, Final residual = 4.627291173499708e-06, No Iterations 2, Solve time = 174.159 ms
Schwarz(Jacobi)+Bicgstab:  Solving for Uy, Initial residual = 0.004306815606357118, Final residual = 0.0005563859681343482, No Iterations 2, Solve time = 174.159 ms
Schwarz(Jacobi)+Bicgstab:  Solving for Uz, Initial residual = 0.0011047983620018707, Final residual = 7.60737697838184e-05, No Iterations 2, Solve time = 174.159 ms
[mem] after-UEqn: DEVICE_POOL current=19126 MB  actual(reserved)=38146 MB  highWater=24414 MB
[GinkgoSolver] p-cache: reuse(update_matrix_value) solve=38 rebuildInterval=0
config(Cg+Schwarz(Multigrid)):  Solving for p, Initial residual = 0.001314392080783376, Final residual = 1.2322273707445235e-05, No Iterations 31, Solve time = 704.516 ms
time step continuity errors : sum local = 3.0858756028074458e-06, global = -1.4097729195523538e-08, cumulative = -6.069685463564704e-06
[mem] after-pEqn: DEVICE_POOL current=19126 MB  actual(reserved)=38146 MB  highWater=24414 MB
[GinkgoSolver] p-cache: reuse(update_matrix_value) solve=38 rebuildInterval=0
Schwarz(Jacobi)+Bicgstab:  Solving for omega, Initial residual = 1.3022751939784123e-05, Final residual = 8.885232468434575e-07, No Iterations 2, Solve time = 77.177 ms
bounding omega, min: -350926.3735195961 max: 45355982.68954863 average: 6371.132804793441
[GinkgoSolver] p-cache: reuse(update_matrix_value) solve=38 rebuildInterval=0
Schwarz(Jacobi)+Bicgstab:  Solving for k, Initial residual = 0.0002488667409590307, Final residual = 1.2178166516798679e-05, No Iterations 2, Solve time = 75.197 ms
bounding k, min: -0.010812675898380083 max: 872.2749715274305 average: 9.132142693480745
[mem] after-turb: DEVICE_POOL current=19126 MB  actual(reserved)=38146 MB  highWater=24414 MB
ExecutionTime = 125.88 s  ClockTime = 127 s

Time = 1039
[mem] step-start: DEVICE_POOL current=19126 MB  actual(reserved)=38146 MB  highWater=24414 MB
Schwarz(Jacobi)+Bicgstab:  Solving for Ux, Initial residual = 8.048035812593062e-05, Final residual = 4.648090896463695e-06, No Iterations 2, Solve time = 175.233 ms
Schwarz(Jacobi)+Bicgstab:  Solving for Uy, Initial residual = 0.004287500424792283, Final residual = 0.0007891396290057782, No Iterations 2, Solve time = 175.233 ms
Schwarz(Jacobi)+Bicgstab:  Solving for Uz, Initial residual = 0.0011130628867337333, Final residual = 7.470239464825565e-05, No Iterations 2, Solve time = 175.233 ms
[mem] after-UEqn: DEVICE_POOL current=19126 MB  actual(reserved)=38146 MB  highWater=24414 MB
[GinkgoSolver] p-cache: reuse(update_matrix_value) solve=39 rebuildInterval=0
config(Cg+Schwarz(Multigrid)):  Solving for p, Initial residual = 0.001302350635924824, Final residual = 1.295776227694816e-05, No Iterations 29, Solve time = 661.13 ms
time step continuity errors : sum local = 3.2472952601074326e-06, global = -9.712004429169304e-09, cumulative = -6.079397467993874e-06
[mem] after-pEqn: DEVICE_POOL current=19126 MB  actual(reserved)=38146 MB  highWater=24414 MB
[GinkgoSolver] p-cache: reuse(update_matrix_value) solve=39 rebuildInterval=0
Schwarz(Jacobi)+Bicgstab:  Solving for omega, Initial residual = 1.3050435454141245e-05, Final residual = 8.945513830729524e-07, No Iterations 2, Solve time = 77.78 ms
bounding omega, min: -45938.99611717664 max: 45355982.67562355 average: 6371.248192838315
[GinkgoSolver] p-cache: reuse(update_matrix_value) solve=39 rebuildInterval=0
Schwarz(Jacobi)+Bicgstab:  Solving for k, Initial residual = 0.0002490236100375693, Final residual = 1.1759457958121278e-05, No Iterations 2, Solve time = 72.5 ms
bounding k, min: -0.018337667293286564 max: 872.215104413911 average: 9.13205065780143
[mem] after-turb: DEVICE_POOL current=19126 MB  actual(reserved)=38146 MB  highWater=24414 MB
ExecutionTime = 127.96 s  ClockTime = 129 s

Time = 1040
[mem] step-start: DEVICE_POOL current=19126 MB  actual(reserved)=38146 MB  highWater=24414 MB
Schwarz(Jacobi)+Bicgstab:  Solving for Ux, Initial residual = 8.045186525500486e-05, Final residual = 5.724476313436233e-06, No Iterations 3, Solve time = 222.063 ms
Schwarz(Jacobi)+Bicgstab:  Solving for Uy, Initial residual = 0.004341574550457812, Final residual = 0.00013949287742545777, No Iterations 3, Solve time = 222.063 ms
Schwarz(Jacobi)+Bicgstab:  Solving for Uz, Initial residual = 0.0011143104351143552, Final residual = 4.897640673341898e-05, No Iterations 3, Solve time = 222.063 ms
[mem] after-UEqn: DEVICE_POOL current=19126 MB  actual(reserved)=38146 MB  highWater=24414 MB
[GinkgoSolver] p-cache: reuse(update_matrix_value) solve=40 rebuildInterval=0
config(Cg+Schwarz(Multigrid)):  Solving for p, Initial residual = 0.0013068899700100815, Final residual = 1.2273760259760454e-05, No Iterations 29, Solve time = 661.875 ms
time step continuity errors : sum local = 3.0781026930037157e-06, global = -5.243674162442623e-09, cumulative = -6.084641142156316e-06
[mem] after-pEqn: DEVICE_POOL current=19126 MB  actual(reserved)=38146 MB  highWater=24414 MB
[GinkgoSolver] p-cache: reuse(update_matrix_value) solve=40 rebuildInterval=0
Schwarz(Jacobi)+Bicgstab:  Solving for omega, Initial residual = 1.307538275578559e-05, Final residual = 8.997106615636728e-07, No Iterations 2, Solve time = 75.925 ms
bounding omega, min: -45328.89206875348 max: 45355982.661178395 average: 6371.3281124311425
[GinkgoSolver] p-cache: reuse(update_matrix_value) solve=40 rebuildInterval=0
Schwarz(Jacobi)+Bicgstab:  Solving for k, Initial residual = 0.0002495256981078042, Final residual = 9.880463951074897e-06, No Iterations 2, Solve time = 75.358 ms
bounding k, min: -0.11982025206069555 max: 872.1399335676913 average: 9.132186674255463
[mem] after-turb: DEVICE_POOL current=19126 MB  actual(reserved)=38146 MB  highWater=24414 MB
ExecutionTime = 130.09 s  ClockTime = 131 s

Time = 1041
[mem] step-start: DEVICE_POOL current=19126 MB  actual(reserved)=38146 MB  highWater=24414 MB
Schwarz(Jacobi)+Bicgstab:  Solving for Ux, Initial residual = 8.063662402621584e-05, Final residual = 3.85090736804669e-06, No Iterations 3, Solve time = 227.478 ms
Schwarz(Jacobi)+Bicgstab:  Solving for Uy, Initial residual = 0.004359940515768052, Final residual = 0.0001378011009361374, No Iterations 3, Solve time = 227.478 ms
Schwarz(Jacobi)+Bicgstab:  Solving for Uz, Initial residual = 0.0011141377981075608, Final residual = 6.092300469370748e-05, No Iterations 3, Solve time = 227.478 ms
[mem] after-UEqn: DEVICE_POOL current=19126 MB  actual(reserved)=38146 MB  highWater=24414 MB
[GinkgoSolver] p-cache: reuse(update_matrix_value) solve=41 rebuildInterval=0
config(Cg+Schwarz(Multigrid)):  Solving for p, Initial residual = 0.0013024601784776418, Final residual = 1.2628190205793553e-05, No Iterations 29, Solve time = 658.73 ms
time step continuity errors : sum local = 3.169296587964392e-06, global = -3.4971641706839672e-09, cumulative = -6.0881383063270005e-06
[mem] after-pEqn: DEVICE_POOL current=19126 MB  actual(reserved)=38146 MB  highWater=24414 MB
[GinkgoSolver] p-cache: reuse(update_matrix_value) solve=41 rebuildInterval=0
Schwarz(Jacobi)+Bicgstab:  Solving for omega, Initial residual = 1.29912185105808e-05, Final residual = 9.058448531338876e-07, No Iterations 2, Solve time = 77.562 ms
bounding omega, min: -44968.466943063046 max: 45355982.64457168 average: 6371.422045429275
[GinkgoSolver] p-cache: reuse(update_matrix_value) solve=41 rebuildInterval=0
Schwarz(Jacobi)+Bicgstab:  Solving for k, Initial residual = 0.000249484101468865, Final residual = 1.1381341481388071e-05, No Iterations 2, Solve time = 72.505 ms
bounding k, min: -0.13618456057775907 max: 872.0606895081424 average: 9.132179324131856
[mem] after-turb: DEVICE_POOL current=19126 MB  actual(reserved)=38146 MB  highWater=24414 MB
ExecutionTime = 132.21 s  ClockTime = 133 s

Time = 1042
[mem] step-start: DEVICE_POOL current=19126 MB  actual(reserved)=38146 MB  highWater=24414 MB
Schwarz(Jacobi)+Bicgstab:  Solving for Ux, Initial residual = 8.0654350814021e-05, Final residual = 7.718372476056796e-06, No Iterations 3, Solve time = 225.036 ms
Schwarz(Jacobi)+Bicgstab:  Solving for Uy, Initial residual = 0.004374151734319339, Final residual = 0.00013999201322793567, No Iterations 3, Solve time = 225.036 ms
Schwarz(Jacobi)+Bicgstab:  Solving for Uz, Initial residual = 0.0011160233680599114, Final residual = 3.7740096171813156e-05, No Iterations 3, Solve time = 225.036 ms
[mem] after-UEqn: DEVICE_POOL current=19126 MB  actual(reserved)=38146 MB  highWater=24414 MB
[GinkgoSolver] p-cache: reuse(update_matrix_value) solve=42 rebuildInterval=0
config(Cg+Schwarz(Multigrid)):  Solving for p, Initial residual = 0.0013178964681581607, Final residual = 1.281955865715548e-05, No Iterations 37, Solve time = 832.689 ms
time step continuity errors : sum local = 3.2195309092713466e-06, global = 2.1017314465589683e-09, cumulative = -6.086036574880441e-06
[mem] after-pEqn: DEVICE_POOL current=19126 MB  actual(reserved)=38146 MB  highWater=24414 MB
[GinkgoSolver] p-cache: reuse(update_matrix_value) solve=42 rebuildInterval=0
Schwarz(Jacobi)+Bicgstab:  Solving for omega, Initial residual = 1.3120904639564364e-05, Final residual = 9.186783105350434e-07, No Iterations 2, Solve time = 85.447 ms
bounding omega, min: -229261.83814357524 max: 45355982.631911114 average: 6371.543435810371
[GinkgoSolver] p-cache: reuse(update_matrix_value) solve=42 rebuildInterval=0
Schwarz(Jacobi)+Bicgstab:  Solving for k, Initial residual = 0.00024995984470767274, Final residual = 7.719015943565299e-06, No Iterations 3, Solve time = 94.906 ms
bounding k, min: -3.387884632670303e-05 max: 871.9446879070791 average: 9.132274980142261
[mem] after-turb: DEVICE_POOL current=19126 MB  actual(reserved)=38146 MB  highWater=24414 MB
ExecutionTime = 134.53 s  ClockTime = 135 s

Time = 1043
[mem] step-start: DEVICE_POOL current=19126 MB  actual(reserved)=38146 MB  highWater=24414 MB
Schwarz(Jacobi)+Bicgstab:  Solving for Ux, Initial residual = 8.106976936778575e-05, Final residual = 2.7457173618589922e-06, No Iterations 3, Solve time = 227.316 ms
Schwarz(Jacobi)+Bicgstab:  Solving for Uy, Initial residual = 0.0043853904238638315, Final residual = 0.00014216263860358945, No Iterations 3, Solve time = 227.316 ms
Schwarz(Jacobi)+Bicgstab:  Solving for Uz, Initial residual = 0.0011169224459271735, Final residual = 4.0595481177131045e-05, No Iterations 3, Solve time = 227.316 ms
[mem] after-UEqn: DEVICE_POOL current=19126 MB  actual(reserved)=38146 MB  highWater=24414 MB
[GinkgoSolver] p-cache: reuse(update_matrix_value) solve=43 rebuildInterval=0
config(Cg+Schwarz(Multigrid)):  Solving for p, Initial residual = 0.0013041737697007155, Final residual = 1.193522998680935e-05, No Iterations 33, Solve time = 746.543 ms
time step continuity errors : sum local = 2.9994164803085945e-06, global = -3.5590785621433026e-09, cumulative = -6.089595653442584e-06
[mem] after-pEqn: DEVICE_POOL current=19126 MB  actual(reserved)=38146 MB  highWater=24414 MB
[GinkgoSolver] p-cache: reuse(update_matrix_value) solve=43 rebuildInterval=0
Schwarz(Jacobi)+Bicgstab:  Solving for omega, Initial residual = 1.320568284682182e-05, Final residual = 9.137347007556252e-07, No Iterations 2, Solve time = 84.977 ms
bounding omega, min: -45834.163217350026 max: 45355982.61843241 average: 6371.483743559028
[GinkgoSolver] p-cache: reuse(update_matrix_value) solve=43 rebuildInterval=0
Schwarz(Jacobi)+Bicgstab:  Solving for k, Initial residual = 0.0002487724580708713, Final residual = 1.3255253325291993e-05, No Iterations 2, Solve time = 72.123 ms
bounding k, min: -0.00010418351606420941 max: 871.8189106902335 average: 9.132168691354918
[mem] after-turb: DEVICE_POOL current=19126 MB  actual(reserved)=38146 MB  highWater=24414 MB
ExecutionTime = 136.74 s  ClockTime = 137 s

Time = 1044
[mem] step-start: DEVICE_POOL current=19126 MB  actual(reserved)=38146 MB  highWater=24414 MB
Schwarz(Jacobi)+Bicgstab:  Solving for Ux, Initial residual = 8.094166121903749e-05, Final residual = 6.302107443791931e-06, No Iterations 3, Solve time = 229.329 ms
Schwarz(Jacobi)+Bicgstab:  Solving for Uy, Initial residual = 0.004393324229368825, Final residual = 0.00014520768344646441, No Iterations 3, Solve time = 229.329 ms
Schwarz(Jacobi)+Bicgstab:  Solving for Uz, Initial residual = 0.0011185945877536833, Final residual = 4.1567083984502306e-05, No Iterations 3, Solve time = 229.329 ms
[mem] after-UEqn: DEVICE_POOL current=19126 MB  actual(reserved)=38146 MB  highWater=24414 MB
[GinkgoSolver] p-cache: reuse(update_matrix_value) solve=44 rebuildInterval=0
config(Cg+Schwarz(Multigrid)):  Solving for p, Initial residual = 0.0013097003724082319, Final residual = 1.2323850279577248e-05, No Iterations 40, Solve time = 896.166 ms
time step continuity errors : sum local = 3.0979721591728775e-06, global = -8.582278811607298e-09, cumulative = -6.0981779322541915e-06
[mem] after-pEqn: DEVICE_POOL current=19126 MB  actual(reserved)=38146 MB  highWater=24414 MB
[GinkgoSolver] p-cache: reuse(update_matrix_value) solve=44 rebuildInterval=0
Schwarz(Jacobi)+Bicgstab:  Solving for omega, Initial residual = 1.3242809661226332e-05, Final residual = 9.151270761780353e-07, No Iterations 2, Solve time = 85.266 ms
bounding omega, min: -46002.08520508764 max: 45355982.607268795 average: 6371.390896456838
[GinkgoSolver] p-cache: reuse(update_matrix_value) solve=44 rebuildInterval=0
Schwarz(Jacobi)+Bicgstab:  Solving for k, Initial residual = 0.0002495919194012046, Final residual = 1.3525501467226781e-05, No Iterations 2, Solve time = 72.86 ms
bounding k, min: -0.00016229865597672645 max: 871.6602330293221 average: 9.13227854948941
[mem] after-turb: DEVICE_POOL current=19126 MB  actual(reserved)=38146 MB  highWater=24414 MB
ExecutionTime = 139.1 s  ClockTime = 140 s

Time = 1045
[mem] step-start: DEVICE_POOL current=19126 MB  actual(reserved)=38146 MB  highWater=24414 MB
Schwarz(Jacobi)+Bicgstab:  Solving for Ux, Initial residual = 8.122280781847027e-05, Final residual = 5.226393499273344e-06, No Iterations 2, Solve time = 173.777 ms
Schwarz(Jacobi)+Bicgstab:  Solving for Uy, Initial residual = 0.004400710365378088, Final residual = 0.0003745125140104038, No Iterations 2, Solve time = 173.777 ms
Schwarz(Jacobi)+Bicgstab:  Solving for Uz, Initial residual = 0.0011208673253855451, Final residual = 7.612396744665725e-05, No Iterations 2, Solve time = 173.777 ms
[mem] after-UEqn: DEVICE_POOL current=19126 MB  actual(reserved)=38146 MB  highWater=24414 MB
[GinkgoSolver] p-cache: reuse(update_matrix_value) solve=45 rebuildInterval=0
config(Cg+Schwarz(Multigrid)):  Solving for p, Initial residual = 0.0013141219360217134, Final residual = 1.24795885142673e-05, No Iterations 32, Solve time = 725.534 ms
time step continuity errors : sum local = 3.136431145412811e-06, global = -2.1197330519399254e-08, cumulative = -6.119375262773591e-06
[mem] after-pEqn: DEVICE_POOL current=19126 MB  actual(reserved)=38146 MB  highWater=24414 MB
[GinkgoSolver] p-cache: reuse(update_matrix_value) solve=45 rebuildInterval=0
Schwarz(Jacobi)+Bicgstab:  Solving for omega, Initial residual = 1.3246643373768552e-05, Final residual = 9.214471820571446e-07, No Iterations 2, Solve time = 81.96 ms
bounding omega, min: -46477.16711800277 max: 45355982.59993716 average: 6371.327474626735
[GinkgoSolver] p-cache: reuse(update_matrix_value) solve=45 rebuildInterval=0
Schwarz(Jacobi)+Bicgstab:  Solving for k, Initial residual = 0.00025037515710245767, Final residual = 1.3628818215870609e-05, No Iterations 2, Solve time = 71.086 ms
bounding k, min: -0.00010638338755763464 max: 871.4688630267988 average: 9.132436438502426
[mem] after-turb: DEVICE_POOL current=19126 MB  actual(reserved)=38146 MB  highWater=24414 MB
ExecutionTime = 141.25 s  ClockTime = 142 s

Time = 1046
[mem] step-start: DEVICE_POOL current=19126 MB  actual(reserved)=38146 MB  highWater=24414 MB
Schwarz(Jacobi)+Bicgstab:  Solving for Ux, Initial residual = 8.141965272917632e-05, Final residual = 5.064596437646767e-06, No Iterations 2, Solve time = 181.893 ms
Schwarz(Jacobi)+Bicgstab:  Solving for Uy, Initial residual = 0.004391100840303783, Final residual = 0.000708260445223039, No Iterations 2, Solve time = 181.893 ms
Schwarz(Jacobi)+Bicgstab:  Solving for Uz, Initial residual = 0.0011276277672276427, Final residual = 7.650268678063481e-05, No Iterations 2, Solve time = 181.893 ms
[mem] after-UEqn: DEVICE_POOL current=19126 MB  actual(reserved)=38146 MB  highWater=24414 MB
[GinkgoSolver] p-cache: reuse(update_matrix_value) solve=46 rebuildInterval=0
config(Cg+Schwarz(Multigrid)):  Solving for p, Initial residual = 0.0013093729964169592, Final residual = 1.2210499700950257e-05, No Iterations 35, Solve time = 789.715 ms
time step continuity errors : sum local = 3.067077183239007e-06, global = -3.17147449356844e-08, cumulative = -6.151090007709275e-06
[mem] after-pEqn: DEVICE_POOL current=19126 MB  actual(reserved)=38146 MB  highWater=24414 MB
[GinkgoSolver] p-cache: reuse(update_matrix_value) solve=46 rebuildInterval=0
Schwarz(Jacobi)+Bicgstab:  Solving for omega, Initial residual = 1.3254140758596834e-05, Final residual = 9.24106051203907e-07, No Iterations 2, Solve time = 85.315 ms
bounding omega, min: -190045.01438131026 max: 45355982.59621861 average: 6371.318521320821
[GinkgoSolver] p-cache: reuse(update_matrix_value) solve=46 rebuildInterval=0
Schwarz(Jacobi)+Bicgstab:  Solving for k, Initial residual = 0.00025079076909546893, Final residual = 1.374016258740908e-05, No Iterations 2, Solve time = 75.69 ms
bounding k, min: -0.0019756696573034575 max: 871.258734751392 average: 9.132893627551598
[mem] after-turb: DEVICE_POOL current=19126 MB  actual(reserved)=38146 MB  highWater=24414 MB
ExecutionTime = 143.44 s  ClockTime = 144 s

Time = 1047
[mem] step-start: DEVICE_POOL current=19126 MB  actual(reserved)=38146 MB  highWater=24414 MB
Schwarz(Jacobi)+Bicgstab:  Solving for Ux, Initial residual = 8.138626858277181e-05, Final residual = 3.4510296624099914e-06, No Iterations 3, Solve time = 224.088 ms
Schwarz(Jacobi)+Bicgstab:  Solving for Uy, Initial residual = 0.0044402475480832425, Final residual = 0.00014215875737089736, No Iterations 3, Solve time = 224.088 ms
Schwarz(Jacobi)+Bicgstab:  Solving for Uz, Initial residual = 0.0011293439612907897, Final residual = 4.8098579673132526e-05, No Iterations 3, Solve time = 224.088 ms
[mem] after-UEqn: DEVICE_POOL current=19126 MB  actual(reserved)=38146 MB  highWater=24414 MB
[GinkgoSolver] p-cache: reuse(update_matrix_value) solve=47 rebuildInterval=0
config(Cg+Schwarz(Multigrid)):  Solving for p, Initial residual = 0.0013067815849891085, Final residual = 1.2692667448489493e-05, No Iterations 41, Solve time = 921.286 ms
time step continuity errors : sum local = 3.1848324627835756e-06, global = -3.602715298989318e-08, cumulative = -6.187117160699168e-06
[mem] after-pEqn: DEVICE_POOL current=19126 MB  actual(reserved)=38146 MB  highWater=24414 MB
[GinkgoSolver] p-cache: reuse(update_matrix_value) solve=47 rebuildInterval=0
Schwarz(Jacobi)+Bicgstab:  Solving for omega, Initial residual = 1.3243411021765653e-05, Final residual = 9.168309918800608e-07, No Iterations 2, Solve time = 77.607 ms
bounding omega, min: -47141.079699437636 max: 45355982.595513195 average: 6371.343163231716
[GinkgoSolver] p-cache: reuse(update_matrix_value) solve=47 rebuildInterval=0
Schwarz(Jacobi)+Bicgstab:  Solving for k, Initial residual = 0.00025122105139603336, Final residual = 1.3840268153407903e-05, No Iterations 2, Solve time = 74.212 ms
bounding k, min: -0.0003906442921552298 max: 871.0223221404951 average: 9.133235870209788
[mem] after-turb: DEVICE_POOL current=19126 MB  actual(reserved)=38146 MB  highWater=24414 MB
ExecutionTime = 145.84 s  ClockTime = 147 s

Time = 1048
[mem] step-start: DEVICE_POOL current=19126 MB  actual(reserved)=38146 MB  highWater=24414 MB
Schwarz(Jacobi)+Bicgstab:  Solving for Ux, Initial residual = 8.129382100064886e-05, Final residual = 4.7825828098590815e-06, No Iterations 3, Solve time = 231.932 ms
Schwarz(Jacobi)+Bicgstab:  Solving for Uy, Initial residual = 0.00445282325588482, Final residual = 0.00014227255245819468, No Iterations 3, Solve time = 231.932 ms
Schwarz(Jacobi)+Bicgstab:  Solving for Uz, Initial residual = 0.0011291414303746478, Final residual = 3.8749594333801234e-05, No Iterations 3, Solve time = 231.932 ms
[mem] after-UEqn: DEVICE_POOL current=19126 MB  actual(reserved)=38146 MB  highWater=24414 MB
[GinkgoSolver] p-cache: reuse(update_matrix_value) solve=48 rebuildInterval=0
config(Cg+Schwarz(Multigrid)):  Solving for p, Initial residual = 0.001312271506570532, Final residual = 1.3048613943687043e-05, No Iterations 30, Solve time = 681.929 ms
time step continuity errors : sum local = 3.268285654630837e-06, global = -5.281358228930845e-08, cumulative = -6.2399307429884765e-06
[mem] after-pEqn: DEVICE_POOL current=19126 MB  actual(reserved)=38146 MB  highWater=24414 MB
[GinkgoSolver] p-cache: reuse(update_matrix_value) solve=48 rebuildInterval=0
Schwarz(Jacobi)+Bicgstab:  Solving for omega, Initial residual = 1.324197435741679e-05, Final residual = 9.115600242009855e-07, No Iterations 2, Solve time = 85.993 ms
bounding omega, min: -47261.13529417713 max: 45355982.5971372 average: 6371.348342885163
[GinkgoSolver] p-cache: reuse(update_matrix_value) solve=48 rebuildInterval=0
Schwarz(Jacobi)+Bicgstab:  Solving for k, Initial residual = 0.0002517411869892318, Final residual = 1.4039399265915542e-05, No Iterations 2, Solve time = 72.811 ms
bounding k, min: -0.0020935234018302864 max: 870.7952766978236 average: 9.133625272803775
[mem] after-turb: DEVICE_POOL current=19126 MB  actual(reserved)=38146 MB  highWater=24414 MB
ExecutionTime = 147.99 s  ClockTime = 149 s

Time = 1049
[mem] step-start: DEVICE_POOL current=19126 MB  actual(reserved)=38146 MB  highWater=24414 MB
Schwarz(Jacobi)+Bicgstab:  Solving for Ux, Initial residual = 8.136880744786776e-05, Final residual = 4.066205477329341e-06, No Iterations 3, Solve time = 226.637 ms
Schwarz(Jacobi)+Bicgstab:  Solving for Uy, Initial residual = 0.00446173393465156, Final residual = 0.0001451187045205364, No Iterations 3, Solve time = 226.637 ms
Schwarz(Jacobi)+Bicgstab:  Solving for Uz, Initial residual = 0.0011292217529498807, Final residual = 3.950195258296129e-05, No Iterations 3, Solve time = 226.637 ms
[mem] after-UEqn: DEVICE_POOL current=19126 MB  actual(reserved)=38146 MB  highWater=24414 MB
[GinkgoSolver] p-cache: reuse(update_matrix_value) solve=49 rebuildInterval=0
config(Cg+Schwarz(Multigrid)):  Solving for p, Initial residual = 0.0013109252986179172, Final residual = 1.2794001973396967e-05, No Iterations 34, Solve time = 768.708 ms
time step continuity errors : sum local = 3.2014123872243834e-06, global = -5.887810231162173e-08, cumulative = -6.298808845300098e-06
[mem] after-pEqn: DEVICE_POOL current=19126 MB  actual(reserved)=38146 MB  highWater=24414 MB
[GinkgoSolver] p-cache: reuse(update_matrix_value) solve=49 rebuildInterval=0
Schwarz(Jacobi)+Bicgstab:  Solving for omega, Initial residual = 1.3238830356581653e-05, Final residual = 9.124516524332937e-07, No Iterations 2, Solve time = 78.062 ms
bounding omega, min: -47499.82706400713 max: 45355982.600881614 average: 6371.355550272112
[GinkgoSolver] p-cache: reuse(update_matrix_value) solve=49 rebuildInterval=0
Schwarz(Jacobi)+Bicgstab:  Solving for k, Initial residual = 0.00025212153156941653, Final residual = 1.4245732982379311e-05, No Iterations 2, Solve time = 72 ms
bounding k, min: -0.000246937158434203 max: 870.5538229700543 average: 9.134002378909143
[mem] after-turb: DEVICE_POOL current=19126 MB  actual(reserved)=38146 MB  highWater=24414 MB
ExecutionTime = 150.22 s  ClockTime = 151 s

Time = 1050
[mem] step-start: DEVICE_POOL current=19126 MB  actual(reserved)=38146 MB  highWater=24414 MB
Schwarz(Jacobi)+Bicgstab:  Solving for Ux, Initial residual = 8.138675582055509e-05, Final residual = 4.246040119105199e-06, No Iterations 3, Solve time = 222.06 ms
Schwarz(Jacobi)+Bicgstab:  Solving for Uy, Initial residual = 0.004466022792073576, Final residual = 0.0001474754605729683, No Iterations 3, Solve time = 222.06 ms
Schwarz(Jacobi)+Bicgstab:  Solving for Uz, Initial residual = 0.001130222496746227, Final residual = 3.569957072291307e-05, No Iterations 3, Solve time = 222.06 ms
[mem] after-UEqn: DEVICE_POOL current=19126 MB  actual(reserved)=38146 MB  highWater=24414 MB
[GinkgoSolver] p-cache: reuse(update_matrix_value) solve=50 rebuildInterval=0
config(Cg+Schwarz(Multigrid)):  Solving for p, Initial residual = 0.0013114195048760028, Final residual = 1.2592993617967419e-05, No Iterations 36, Solve time = 811.605 ms
time step continuity errors : sum local = 3.147153175575975e-06, global = -5.706302470260985e-08, cumulative = -6.355871870002708e-06
[mem] after-pEqn: DEVICE_POOL current=19126 MB  actual(reserved)=38146 MB  highWater=24414 MB
[GinkgoSolver] p-cache: reuse(update_matrix_value) solve=50 rebuildInterval=0
Schwarz(Jacobi)+Bicgstab:  Solving for omega, Initial residual = 1.3238433862371545e-05, Final residual = 9.09275503351815e-07, No Iterations 2, Solve time = 86.216 ms
bounding omega, min: -137724.3427592255 max: 45355982.60728797 average: 6371.355662654591
[GinkgoSolver] p-cache: reuse(update_matrix_value) solve=50 rebuildInterval=0
Schwarz(Jacobi)+Bicgstab:  Solving for k, Initial residual = 0.0002524560922485171, Final residual = 1.4252950074829754e-05, No Iterations 2, Solve time = 71.999 ms
bounding k, min: -0.0011039151308259742 max: 870.3261775650029 average: 9.134388027340787
[mem] after-turb: DEVICE_POOL current=19126 MB  actual(reserved)=38146 MB  highWater=24414 MB
Writing p
Writing U
Writing turbulence variables
ExecutionTime = 153.37 s  ClockTime = 155 s

Finalizing NeoN
Finalising parallel run
